0.3573334813117981,1
0.46117737889289856,1
0.4293779134750366,1
0.43250036239624023,1
0.5222946405410767,1
0.3458018898963928,1
0.3900383412837982,1
0.4200553297996521,1
0.48912298679351807,1
0.40196120738983154,1
0.4040300250053406,1
0.329489141702652,1
0.3738098740577698,1
0.3642853796482086,1
0.4075262248516083,1
0.4476255178451538,1
0.4878734052181244,1
0.3581620454788208,1
0.45570486783981323,1
0.3740083575248718,1
0.31242892146110535,1
0.4438657760620117,1
0.42118602991104126,1
0.5085493326187134,1
0.42715492844581604,1
0.385159969329834,1
0.4469756782054901,1
0.3606419563293457,1
0.5368311405181885,1
0.4125346839427948,1
0.4900568127632141,1
0.35199329257011414,1
0.4130825102329254,1
0.5589343309402466,1
0.3292408287525177,1
0.38924723863601685,1
0.42673438787460327,1
0.3307808041572571,1
0.47080501914024353,1
0.34417369961738586,1
0.47394323348999023,1
0.34475138783454895,1
0.4843335449695587,1
0.3495998978614807,1
0.37173891067504883,1
0.37898874282836914,1
0.39262309670448303,1
0.3558245003223419,1
0.40600311756134033,1
0.35232603549957275,1
0.442366361618042,1
0.4105885624885559,1
0.39185625314712524,1
0.3241186738014221,1
0.40789899230003357,1
0.3579893708229065,1
0.4306381344795227,1
0.44772225618362427,1
0.3931027054786682,1
0.3971007466316223,1
0.3212679922580719,1
0.4267261326313019,1
0.45407408475875854,1
0.45609259605407715,1
0.39032861590385437,1
0.3762781322002411,1
0.48765116930007935,1
0.4057250916957855,1
0.4421977400779724,1
0.3720710277557373,1
0.4418019652366638,1
0.5467941164970398,1
0.40812021493911743,1
0.478689044713974,1
0.3779280185699463,1
0.30647987127304077,1
0.4137890338897705,1
0.3357948064804077,1
0.36819273233413696,1
0.5142080783843994,1
0.346616268157959,1
0.4724962115287781,1
0.3953459858894348,1
0.3740541338920593,1
0.43833523988723755,1
0.4091131091117859,1
0.4400407075881958,1
0.3709597587585449,1
0.3471367359161377,1
0.4981956481933594,1
0.408724308013916,1
0.44158676266670227,1
0.35563191771507263,1
0.4434991478919983,1
0.3573210537433624,1
0.40435105562210083,1
0.47552210092544556,1
0.43120241165161133,1
0.3189058005809784,1
0.41991281509399414,1
0.3509078621864319,1
0.3944277763366699,1
0.2893918752670288,1
0.47452569007873535,1
0.42099079489707947,1
0.5089669227600098,1
0.468593031167984,1
0.4135231077671051,1
0.3613228499889374,1
0.39352476596832275,1
0.39393770694732666,1
0.4443816542625427,1
0.39632099866867065,1
0.31407690048217773,1
0.3982107937335968,1
0.40653523802757263,1
0.501958429813385,1
0.4235728085041046,1
0.4144918620586395,1
0.40589776635169983,1
0.39797669649124146,1
0.4160177707672119,1
0.40230613946914673,1
0.2904115319252014,1
0.4455908536911011,1
0.3706783354282379,1
0.31416285037994385,1
0.28224629163742065,1
0.6855533123016357,1
0.34622249007225037,1
0.4776742458343506,1
0.49830031394958496,1
0.37937265634536743,1
0.32140979170799255,1
0.5159382820129395,1
0.44218605756759644,1
0.34384387731552124,1
0.323648601770401,1
0.4447336196899414,1
0.36870408058166504,1
0.48325756192207336,1
0.4215107560157776,1
0.3435876667499542,1
0.44703957438468933,1
0.3398984968662262,1
0.47052299976348877,1
0.4450874924659729,1
0.3404412567615509,1
0.38563692569732666,1
0.41360926628112793,1
0.37234175205230713,1
0.5028218030929565,1
0.42443060874938965,1
0.39725422859191895,1
0.3873584270477295,1
0.4452657699584961,1
0.3738867938518524,1
0.42692670226097107,1
0.3283660411834717,1
0.48754990100860596,1
0.3977816104888916,1
0.4062725305557251,1
0.4885047674179077,1
0.38069549202919006,1
0.43624868988990784,1
0.361644446849823,1
0.48934340476989746,1
0.3633600175380707,1
0.3900209069252014,1
0.2982889711856842,1
0.43333521485328674,1
0.37798526883125305,1
0.4003489017486572,1
0.35079801082611084,1
0.40291354060173035,1
0.41548943519592285,1
0.4513252377510071,1
0.442586749792099,1
0.5314437747001648,1
0.4448425769805908,1
0.3928510546684265,1
0.4627853333950043,1
0.36923500895500183,1
0.3271424174308777,1
0.43609267473220825,1
0.4149658977985382,1
0.5753767490386963,1
0.4912235140800476,1
0.4694061279296875,1
0.3940655589103699,1
0.33305835723876953,1
0.38899803161621094,1
0.4199344217777252,1
0.40736934542655945,1
0.4814887046813965,1
0.3256837725639343,1
0.5181291103363037,1
0.47319382429122925,1
0.2660130560398102,1
0.4004424214363098,1
0.46866390109062195,1
0.4771537780761719,1
0.451420396566391,1
0.35958290100097656,1
0.3949708938598633,1
0.31126561760902405,1
0.44182366132736206,1
0.3840789496898651,1
0.41394031047821045,1
0.4457972049713135,1
0.48112887144088745,1
0.3647787570953369,1
0.3310597836971283,1
0.26105907559394836,1
0.5166572332382202,1
0.3969796895980835,1
0.3689262866973877,1
0.43285077810287476,1
0.5067042708396912,1
0.3657616972923279,1
0.38008952140808105,1
0.31936752796173096,1
0.31080374121665955,1
0.3140484094619751,1
0.5202949047088623,1
0.39994150400161743,1
0.27579209208488464,1
0.43728604912757874,1
0.4098588824272156,1
0.403439462184906,1
0.5192347168922424,1
0.5035035610198975,1
0.484578937292099,1
0.3774348497390747,1
0.4413521885871887,1
0.40190568566322327,1
0.47296321392059326,1
0.4509717524051666,1
0.49130356311798096,1
0.4796251654624939,1
0.48686084151268005,1
0.36723700165748596,1
0.3459065556526184,1
0.460339218378067,1
0.4645247161388397,1
0.35637328028678894,1
0.35574501752853394,1
0.3693547248840332,1
0.3324117660522461,1
0.3795064091682434,1
0.42113691568374634,1
0.4484919309616089,1
0.4175170958042145,1
0.41354259848594666,1
0.5502635836601257,1
0.3440210223197937,1
0.4290834963321686,1
0.4007723331451416,1
0.36737534403800964,1
0.33854812383651733,1
0.44149085879325867,1
0.39189302921295166,1
0.31864577531814575,1
0.443310409784317,1
0.38057464361190796,1
0.3235616981983185,1
0.34872615337371826,1
0.5020579099655151,1
0.33925771713256836,1
0.379544734954834,1
0.4446713328361511,1
0.38069069385528564,1
0.37165766954421997,1
0.3982427716255188,1
0.3349228501319885,1
0.4548497796058655,1
0.4000161290168762,1
0.42742836475372314,1
0.409746915102005,1
0.39835596084594727,1
0.47006380558013916,1
0.42281490564346313,1
0.3459469676017761,1
0.42759448289871216,1
0.4251479208469391,1
0.3990216851234436,1
0.40878769755363464,1
0.24315433204174042,1
0.3892228603363037,1
0.3204787075519562,1
0.4035702049732208,1
0.4262475371360779,1
0.49537646770477295,1
0.4064508080482483,1
0.38158276677131653,1
0.37196972966194153,1
0.34366849064826965,1
0.5718808174133301,1
0.49351993203163147,1
0.34446361660957336,1
0.4549647569656372,1
0.34445661306381226,1
0.39722752571105957,1
0.36687538027763367,1
0.46053409576416016,1
0.4184849262237549,1
0.5100845098495483,1
0.4069070816040039,1
0.5181044340133667,1
0.321883887052536,1
0.36997902393341064,1
0.46736910939216614,1
0.48652759194374084,1
0.364714652299881,1
0.33885082602500916,1
0.43399685621261597,1
0.47493821382522583,1
0.48195165395736694,1
0.4299912750720978,1
0.44711166620254517,1
0.4739835560321808,1
0.4951136112213135,1
0.4082167446613312,1
0.36941617727279663,1
0.4880683422088623,1
0.4587724208831787,1
0.36509931087493896,1
0.35630202293395996,1
0.5077572464942932,1
0.467476487159729,1
0.31402063369750977,1
0.38745537400245667,1
0.3904440999031067,1
0.3797032833099365,1
0.4044346213340759,1
0.4571070373058319,1
0.44281747937202454,1
0.49143898487091064,1
0.44570672512054443,1
0.4536644518375397,1
0.31964433193206787,1
0.3799440860748291,1
0.449527382850647,1
0.34909874200820923,1
0.3709205090999603,1
0.2541191279888153,1
0.31163448095321655,1
0.34822359681129456,1
0.46079909801483154,1
0.44288450479507446,1
0.30757778882980347,1
0.37801116704940796,1
0.37566089630126953,1
0.5380986928939819,1
0.39125707745552063,1
0.4548083543777466,1
0.36395153403282166,1
0.407169371843338,1
0.40835678577423096,1
0.3458372950553894,1
0.35307490825653076,1
0.382976233959198,1
0.4111952781677246,1
0.5241920351982117,1
0.31898558139801025,1
0.3287898302078247,1
0.40756282210350037,1
0.3413594961166382,1
0.5175649523735046,1
0.3340381979942322,1
0.37046879529953003,1
0.33575841784477234,1
0.38480210304260254,1
0.46239030361175537,1
0.3416275084018707,1
0.43274688720703125,1
0.390757292509079,1
0.5353488326072693,1
0.5332209467887878,1
0.4789765179157257,1
0.6474025845527649,1
0.3801923096179962,1
0.3537951409816742,1
0.32373160123825073,1
0.34709686040878296,1
0.42326194047927856,1
0.4592960476875305,1
0.3499528765678406,1
0.3869384229183197,1
0.3744869530200958,1
0.29985225200653076,1
0.4832889437675476,1
0.4032631516456604,1
0.38051074743270874,1
0.2853512167930603,1
0.44122135639190674,1
0.4697042405605316,1
0.3594054877758026,1
0.5157665014266968,1
0.41441598534584045,1
0.4385484755039215,1
0.3381323218345642,1
0.3944665193557739,1
0.42993491888046265,1
0.4142775535583496,1
0.4446445107460022,1
0.3247610032558441,1
0.4316278398036957,1
0.28061482310295105,1
0.31563591957092285,1
0.424960732460022,1
0.3853300213813782,1
0.36001133918762207,1
0.3878668546676636,1
0.48771265149116516,1
0.36709901690483093,1
0.3416125476360321,1
0.4209010601043701,1
0.325320839881897,1
0.4277542531490326,1
0.4309547543525696,1
0.42250967025756836,1
0.39506226778030396,1
0.4585554003715515,1
0.36048203706741333,1
0.5220706462860107,1
0.45847582817077637,1
0.453243613243103,1
0.5006421804428101,1
0.30489420890808105,1
0.3512806296348572,1
0.3760814666748047,1
0.39041709899902344,1
0.3467755913734436,1
0.3399415910243988,1
0.36464041471481323,1
0.5651630163192749,1
0.4333547055721283,1
0.3584541976451874,1
0.3018040657043457,1
0.2818703055381775,1
0.5015706419944763,1
0.3324741721153259,1
0.3155634105205536,1
0.47442740201950073,1
0.42655694484710693,1
0.5080978870391846,1
0.45223039388656616,1
0.3951999545097351,1
0.31103500723838806,1
0.35723817348480225,1
0.4080028831958771,1
0.44515854120254517,1
0.35978949069976807,1
0.46660447120666504,1
0.5597355365753174,1
0.5370837450027466,1
0.40945667028427124,1
0.43766140937805176,1
0.5444148778915405,1
0.4173208475112915,1
0.35767701268196106,1
0.44152069091796875,1
0.41252559423446655,1
0.4478331208229065,1
0.3461325466632843,1
0.34342214465141296,1
0.4373636841773987,1
0.39888644218444824,1
0.3705815374851227,1
0.3718862533569336,1
0.44753149151802063,1
0.34090447425842285,1
0.46440184116363525,1
0.4440532326698303,1
0.49873387813568115,1
0.4246916174888611,1
0.33785098791122437,1
0.4251677989959717,1
0.33917319774627686,1
0.4406626522541046,1
0.4385393559932709,1
0.31803396344184875,1
0.3362047076225281,1
0.4082868695259094,1
0.4218621850013733,1
0.4514164626598358,1
0.4374951422214508,1
0.4013759195804596,1
0.4871509373188019,1
0.345830500125885,1
0.35896605253219604,1
0.5063278079032898,1
0.3534371852874756,1
0.38236331939697266,1
0.359066367149353,1
0.2922544479370117,1
0.3928343653678894,1
0.45348435640335083,1
0.34020674228668213,1
0.3913309574127197,1
0.38636869192123413,1
0.39844584465026855,1
0.4210062325000763,1
0.2968224585056305,1
0.3853222131729126,1
0.45759648084640503,1
0.5280095934867859,1
0.488503098487854,1
0.3299705982208252,1
0.389978289604187,1
0.4806501865386963,1
0.37684208154678345,1
0.4804705083370209,1
0.32000476121902466,1
0.5600978136062622,1
0.45368102192878723,1
0.4199320673942566,1
0.39893773198127747,1
0.3871799409389496,1
0.5537199974060059,1
0.43731582164764404,1
0.4115445911884308,1
0.3787931799888611,1
0.34551745653152466,1
0.2937741279602051,1
0.2925584018230438,1
0.4447290897369385,1
0.3345893621444702,1
0.4810968339443207,1
0.4957571029663086,1
0.4865782558917999,1
0.35225990414619446,1
0.3695860803127289,1
0.34444665908813477,1
0.331951379776001,1
0.44063800573349,1
0.2914818525314331,1
0.4381133019924164,1
0.38845294713974,1
0.3217660188674927,1
0.3821537494659424,1
0.5709478855133057,1
0.4562048316001892,1
0.39975506067276,1
0.3752036392688751,1
0.4428768754005432,1
0.3630625307559967,1
0.5554063320159912,1
0.30559539794921875,1
0.49255913496017456,1
0.3610003590583801,1
0.4509360194206238,1
0.4025779664516449,1
0.4312579333782196,1
0.49568015336990356,1
0.3715234398841858,1
0.3495599627494812,1
0.394285649061203,1
0.383165568113327,1
0.37711289525032043,1
0.3232153058052063,1
0.22253817319869995,1
0.3415636420249939,1
0.428484708070755,1
0.3827391266822815,1
0.40784895420074463,1
0.4851330518722534,1
0.5050235390663147,1
0.5096652507781982,1
0.40434885025024414,1
0.4248376488685608,1
0.4487960636615753,1
0.4391525089740753,1
0.38950228691101074,1
0.47645196318626404,1
0.31974732875823975,1
0.34087204933166504,1
0.39668378233909607,1
0.44123077392578125,1
0.38865506649017334,1
0.40210309624671936,1
0.4614930748939514,1
0.35882601141929626,1
0.3600345551967621,1
0.3355013132095337,1
0.4799278974533081,1
0.36879315972328186,1
0.34626731276512146,1
0.4448966085910797,1
0.33709895610809326,1
0.4607297480106354,1
0.5173726081848145,1
0.3878524899482727,1
0.39728662371635437,1
0.4313690662384033,1
0.5319658517837524,1
0.4452696442604065,1
0.39924266934394836,1
0.4150054454803467,1
0.3626749813556671,1
0.36346107721328735,1
0.5260274410247803,1
0.37433353066444397,1
0.44346141815185547,1
0.3412582278251648,1
0.47957131266593933,1
0.3817158341407776,1
0.3508560061454773,1
0.36163029074668884,1
0.46678051352500916,1
0.37177392840385437,1
0.42075300216674805,1
0.45792096853256226,1
0.4876580238342285,1
0.39381974935531616,1
0.392538845539093,1
0.4621659517288208,1
0.3942452669143677,1
0.4498238265514374,1
0.4086405336856842,1
0.48762086033821106,1
0.4250817894935608,1
0.44451379776000977,1
0.34003984928131104,1
0.4601524770259857,1
0.34990325570106506,1
0.47382721304893494,1
0.4095997214317322,1
0.39323216676712036,1
0.4758501946926117,1
0.3665258288383484,1
0.5259479880332947,1
0.3701329231262207,1
0.4089948832988739,1
0.42464739084243774,1
0.40194714069366455,1
0.4969569742679596,1
0.4294689893722534,1
0.4037705957889557,1
0.4163682460784912,1
0.3405334949493408,1
0.511445939540863,1
0.36549702286720276,1
0.5910174250602722,1
0.393485963344574,1
0.3716839551925659,1
0.424787700176239,1
0.430253267288208,1
0.4086848497390747,1
0.3777751326560974,1
0.4658527076244354,1
0.359719455242157,1
0.3544026017189026,1
0.3430059850215912,1
0.3773692846298218,1
0.41320163011550903,1
0.42481493949890137,1
0.4734748601913452,1
0.37572476267814636,1
0.4237902760505676,1
0.4027685523033142,1
0.3306522071361542,1
0.39450180530548096,1
0.35857918858528137,1
0.3486159145832062,1
0.45194190740585327,1
0.46370425820350647,1
0.4334062933921814,1
0.2805328369140625,1
0.32303470373153687,1
0.3397585451602936,1
0.4345516860485077,1
0.3146775960922241,1
0.4246370792388916,1
0.34719163179397583,1
0.3933509886264801,1
0.511249303817749,1
0.44518178701400757,1
0.42934009432792664,1
0.49580278992652893,1
0.32896116375923157,1
0.42952394485473633,1
0.5531105995178223,1
0.4558570981025696,1
0.40796124935150146,1
0.29407423734664917,1
0.3377196788787842,1
0.3552287817001343,1
0.3678497076034546,1
0.34370774030685425,1
0.33868154883384705,1
0.3920050263404846,1
0.4464579224586487,1
0.45128682255744934,1
0.5321983098983765,1
0.37430769205093384,1
0.42536821961402893,1
0.48434603214263916,1
0.3777053654193878,1
0.4457721412181854,1
0.3624204397201538,1
0.3238505721092224,1
0.44679588079452515,1
0.35052967071533203,1
0.32158204913139343,1
0.4213404059410095,1
0.43267425894737244,1
0.3984382152557373,1
0.2735787034034729,1
0.42205947637557983,1
0.38212907314300537,1
0.3840322196483612,1
0.4527314007282257,1
0.425662636756897,1
0.46219223737716675,1
0.3856535255908966,1
0.4632929861545563,1
0.3747492730617523,1
0.45376721024513245,1
0.3906981647014618,1
0.39927688241004944,1
0.3706405460834503,1
0.35446953773498535,1
0.39314624667167664,1
0.39465591311454773,1
0.46130484342575073,1
0.4919566512107849,1
0.4046001136302948,1
0.3006824851036072,1
0.3590930700302124,1
0.5036612153053284,1
0.38555145263671875,1
0.4186387062072754,1
0.44201862812042236,1
0.3821657598018646,1
0.38856834173202515,1
0.332082599401474,1
0.38345518708229065,1
0.3751479685306549,1
0.4591572880744934,1
0.3495142459869385,1
0.5393826365470886,1
0.366131454706192,1
0.45611435174942017,1
0.5268692970275879,1
0.4167441129684448,1
0.4199463427066803,1
0.354043185710907,1
0.450253427028656,1
0.3333801031112671,1
0.3267313838005066,1
0.46245670318603516,1
0.4001048803329468,1
0.40470802783966064,1
0.34517115354537964,1
0.39622610807418823,1
0.40839195251464844,1
0.48726269602775574,1
0.36645767092704773,1
0.3693845868110657,1
0.38046637177467346,1
0.3112092614173889,1
0.375600665807724,1
0.3686276376247406,1
0.36596566438674927,1
0.36291226744651794,1
0.38360244035720825,1
0.36076611280441284,1
0.4423788785934448,1
0.4273381233215332,1
0.3502786159515381,1
0.45813220739364624,1
0.28203484416007996,1
0.4321909546852112,1
0.5405014157295227,1
0.3282318115234375,1
0.3925047516822815,1
0.35248854756355286,1
0.5090131759643555,1
0.2938770055770874,1
0.5177862048149109,1
0.44529199600219727,1
0.4556882679462433,1
0.5261592268943787,1
0.4456866383552551,1
0.3750465214252472,1
0.3197425305843353,1
0.510150671005249,1
0.4679754078388214,1
0.33046820759773254,1
0.41012367606163025,1
0.4378671646118164,1
0.3741704225540161,1
0.3948095440864563,1
0.45182347297668457,1
0.4198012948036194,1
0.4191696047782898,1
0.3870433568954468,1
0.3748875856399536,1
0.40367236733436584,1
0.4339399039745331,1
0.41857779026031494,1
0.43119123578071594,1
0.5115211009979248,1
0.47034794092178345,1
0.34053468704223633,1
0.40452438592910767,1
0.45622581243515015,1
0.4583587646484375,1
0.363953560590744,1
0.3789450526237488,1
0.3653837740421295,1
0.38172292709350586,1
0.3628377318382263,1
0.3656257390975952,1
0.41452860832214355,1
0.4303252696990967,1
0.44654762744903564,1
0.3851087987422943,1
0.453398734331131,1
0.28571373224258423,1
0.538256049156189,1
0.4637259244918823,1
0.3793286085128784,1
0.38826784491539,1
0.4563921093940735,1
0.3351861834526062,1
0.4131196141242981,1
0.3838125467300415,1
0.24748896062374115,1
0.3550296127796173,1
0.40502703189849854,1
0.42122697830200195,1
0.4272863268852234,1
0.3951508402824402,1
0.3810310363769531,1
0.32508623600006104,1
0.31702643632888794,1
0.4467967748641968,1
0.34152477979660034,1
0.4472430348396301,1
0.30536410212516785,1
0.352167546749115,1
0.42811205983161926,1
0.44200265407562256,1
0.2566852271556854,1
0.336383581161499,1
0.4692228436470032,1
0.3645278811454773,1
0.4377497434616089,1
0.36387884616851807,1
0.3197031319141388,1
0.4367041289806366,1
0.45303231477737427,1
0.3608431816101074,1
0.5510465502738953,1
0.3884124159812927,1
0.37595438957214355,1
0.4878622889518738,1
0.45227760076522827,1
0.408223956823349,1
0.4220180809497833,1
0.31081047654151917,1
0.4046553373336792,1
0.4462215304374695,1
0.3457493185997009,1
0.3911920189857483,1
0.5190274119377136,1
0.48063141107559204,1
0.4484988749027252,1
0.40054452419281006,1
0.4212198257446289,1
0.4218232035636902,1
0.3382957875728607,1
0.2623569965362549,1
0.4111059308052063,1
0.32998690009117126,1
0.38530784845352173,1
0.4535945653915405,1
0.3017888069152832,1
0.39983832836151123,1
0.5500680804252625,1
0.4670690596103668,1
0.4507468640804291,1
0.3951070308685303,1
0.33484479784965515,1
0.45705461502075195,1
0.42141395807266235,1
0.34142550826072693,1
0.4170868992805481,1
0.3420180082321167,1
0.47146445512771606,1
0.44719672203063965,1
0.36262160539627075,1
0.4215279221534729,1
0.3461187481880188,1
0.40018612146377563,1
0.3707154095172882,1
0.42671552300453186,1
0.3603501319885254,1
0.45461806654930115,1
0.3166406750679016,1
0.3948303461074829,1
0.47691938281059265,1
0.3570840656757355,1
0.34465596079826355,1
0.46482664346694946,1
0.48784881830215454,1
0.4623110294342041,1
0.36133211851119995,1
0.426181435585022,1
0.379824697971344,1
0.4708435535430908,1
0.32197022438049316,1
0.37456801533699036,1
0.37250056862831116,1
0.33211755752563477,1
0.33119717240333557,1
0.5296688079833984,1
0.36642277240753174,1
0.49332672357559204,1
0.4832180142402649,1
0.4859706461429596,1
0.4676174521446228,1
0.3274911046028137,1
0.43748706579208374,1
0.3643593192100525,1
0.41894835233688354,1
0.44266289472579956,1
0.4347786009311676,1
0.42133039236068726,1
0.4080519676208496,1
0.4187804162502289,1
0.4135715663433075,1
0.24993282556533813,1
0.43908995389938354,1
0.32312673330307007,1
0.4249956011772156,1
0.38533705472946167,1
0.43353283405303955,1
0.3712664544582367,1
0.41088026762008667,1
0.3952203691005707,1
0.33437228202819824,1
0.35461193323135376,1
0.48875898122787476,1
0.4120604991912842,1
0.5002198219299316,1
0.4579631984233856,1
0.4920264184474945,1
0.4537716507911682,1
0.38012078404426575,1
0.3943865895271301,1
0.41848427057266235,1
0.48309487104415894,1
0.41412585973739624,1
0.47143566608428955,1
0.4161047637462616,1
0.37003839015960693,1
0.3393954038619995,1
0.27921515703201294,1
0.3839305341243744,1
0.4818286895751953,1
0.41186779737472534,1
0.43499940633773804,1
0.44826769828796387,1
0.3947187662124634,1
0.4283795654773712,1
0.3185119032859802,1
0.339887797832489,1
0.45021751523017883,1
0.47339731454849243,1
0.4309922754764557,1
0.6522294282913208,1
0.3401086628437042,1
0.4387122392654419,1
0.42790254950523376,1
0.3340066969394684,1
0.4187007248401642,1
0.43351906538009644,1
0.39535948634147644,1
0.41778987646102905,1
0.41229599714279175,1
0.4319407343864441,1
0.39937275648117065,1
0.3274505138397217,1
0.3979414701461792,1
0.4021618664264679,1
0.46642005443573,1
0.44264107942581177,1
0.3095748722553253,1
0.35992538928985596,1
0.46959397196769714,1
0.34651392698287964,1
0.36134588718414307,1
0.3763105571269989,1
0.49999675154685974,1
0.4306928515434265,1
0.4904951751232147,1
0.364670991897583,1
0.3724316358566284,1
0.42340314388275146,1
0.427851140499115,1
0.3045297861099243,1
0.39073866605758667,1
0.33468472957611084,1
0.2808970510959625,1
0.41373950242996216,1
0.30612635612487793,1
0.3540785312652588,1
0.4845134913921356,1
0.319527804851532,1
0.37680554389953613,1
0.3476802706718445,1
0.32074862718582153,1
0.40654218196868896,1
0.45453396439552307,1
0.35557281970977783,1
0.42814546823501587,1
0.45229485630989075,1
0.4419141709804535,1
0.49034422636032104,1
0.3647562563419342,1
0.28300753235816956,1
0.39360326528549194,1
0.45969879627227783,1
0.32284262776374817,1
0.4238050878047943,1
0.3886461853981018,1
0.4495389759540558,1
0.2733694314956665,1
0.45389217138290405,1
0.5416183471679688,1
0.4166649878025055,1
0.3236085772514343,1
0.30974939465522766,1
0.5549526810646057,1
0.5476221442222595,1
0.4645864963531494,1
0.33831655979156494,1
0.4022565186023712,1
0.413895845413208,1
0.3711169362068176,1
0.41130203008651733,1
0.3563980460166931,1
0.5183765888214111,1
0.43938758969306946,1
0.4677067995071411,1
0.4042178988456726,1
0.38053393363952637,1
0.417148232460022,1
0.3533611297607422,1
0.37626782059669495,1
0.3641420602798462,1
0.2848164737224579,1
0.3970901072025299,1
0.3355163037776947,1
0.5114434361457825,1
0.3002389073371887,1
0.4635373651981354,1
0.4421585202217102,1
0.3342055380344391,1
0.5680878162384033,1
0.3046989142894745,1
0.461246132850647,1
0.3657229542732239,1
0.37656867504119873,1
0.3776673674583435,1
0.2921924591064453,1
0.33743056654930115,1
0.40877261757850647,1
0.42380592226982117,1
0.3747604191303253,1
0.4690615236759186,1
0.5446226596832275,1
0.3781135082244873,1
0.3552086055278778,1
0.4895738661289215,1
0.41011884808540344,1
0.36199602484703064,1
0.44525861740112305,1
0.4680664539337158,1
0.4908396601676941,1
0.32461220026016235,1
0.3102588653564453,1
0.3800623416900635,1
0.404997855424881,1
0.40407902002334595,1
0.4090564250946045,1
0.2943868935108185,1
0.42038846015930176,1
0.45809459686279297,1
0.2742360532283783,1
0.3840211033821106,1
0.3413182199001312,1
0.5071790218353271,1
0.3572760224342346,1
0.4219421446323395,1
0.5015186667442322,1
0.32376977801322937,1
0.3366842269897461,1
0.3063286244869232,1
0.49073687195777893,1
0.5089796781539917,1
0.4061231017112732,1
0.46077296137809753,1
0.3537212610244751,1
0.4116612672805786,1
0.3985274136066437,1
0.4169881045818329,1
0.46800488233566284,1
0.345564603805542,1
0.4798545241355896,1
0.4057127833366394,1
0.4267135560512543,1
0.5548875331878662,1
0.33638715744018555,1
0.3863123059272766,1
0.44492289423942566,1
0.3848169445991516,1
0.4018484055995941,1
0.5124831795692444,1
0.27796244621276855,1
0.3476615250110626,1
0.3934701383113861,1
0.46386897563934326,1
0.39446890354156494,1
0.41456717252731323,1
0.4266397953033447,1
0.5072499513626099,1
0.3490489423274994,1
0.4151958227157593,1
0.34192174673080444,1
0.4777625799179077,1
0.36975520849227905,1
0.43585485219955444,1
0.37569934129714966,1
0.42676621675491333,1
0.39012911915779114,1
0.41340190172195435,1
0.4866328239440918,1
0.4023062586784363,1
0.35585492849349976,1
0.4342440366744995,1
0.40047720074653625,1
0.36322975158691406,1
0.37940898537635803,1
0.4231940805912018,1
0.42488110065460205,1
0.41477954387664795,1
0.40145519375801086,1
0.4636949896812439,1
0.3426177501678467,1
0.2965955436229706,1
0.4302292466163635,1
0.33034491539001465,1
0.4390842914581299,1
0.38708940148353577,1
0.371904581785202,1
0.3254713714122772,1
0.3577686548233032,1
0.4359055161476135,1
0.6456500291824341,1
0.5228703022003174,1
0.44048014283180237,1
0.4385365843772888,1
0.4222468137741089,1
0.3766557574272156,1
0.48870062828063965,1
0.3532169759273529,1
0.4665622413158417,1
0.4707612991333008,1
0.510185718536377,1
0.42996746301651,1
0.4120703935623169,1
0.3698626160621643,1
0.3195667266845703,1
0.41855940222740173,1
0.3605416715145111,1
0.42319461703300476,1
0.4306294023990631,1
0.4066688120365143,1
0.4400637745857239,1
0.34958308935165405,1
0.44969409704208374,1
0.451755553483963,1
0.33688074350357056,1
0.40889036655426025,1
0.4378059208393097,1
0.42394766211509705,1
0.46252840757369995,1
0.4539732336997986,1
0.36827659606933594,1
0.3630492091178894,1
0.3230658173561096,1
0.4429594874382019,1
0.32089078426361084,1
0.5342995524406433,1
0.576546311378479,1
0.4250568151473999,1
0.5636191368103027,1
0.3653218746185303,1
0.42871785163879395,1
0.397460401058197,1
0.4283026158809662,1
0.3779900074005127,1
0.4417591989040375,1
0.5286731123924255,1
0.4451557397842407,1
0.39829933643341064,1
0.33481746912002563,1
0.3750641942024231,1
0.3541106581687927,1
0.4504586458206177,1
0.42054179310798645,1
0.4664941132068634,1
0.35680752992630005,1
0.32043948769569397,1
0.4075949192047119,1
0.418673574924469,1
0.4143318235874176,1
0.3947674036026001,1
0.38199567794799805,1
0.4040677845478058,1
0.4827588200569153,1
0.5099183917045593,1
0.37451818585395813,1
0.40461552143096924,1
0.36034274101257324,1
0.40856602787971497,1
0.4427691102027893,1
0.5035085678100586,1
0.41012150049209595,1
0.4212971329689026,1
0.40521907806396484,1
0.38442614674568176,1
0.48304638266563416,1
0.4043416380882263,1
0.36317500472068787,1
0.287686288356781,1
0.4255741238594055,1
0.48640763759613037,1
0.43049055337905884,1
0.3838811218738556,1
0.2667889893054962,1
0.4856396019458771,1
0.2872334122657776,1
0.4172348380088806,1
0.4807279109954834,1
0.3715720474720001,1
0.41125810146331787,1
0.3458046615123749,1
0.45177164673805237,1
0.4737291634082794,1
0.3962072730064392,1
0.4214169681072235,1
0.3570556342601776,1
0.4203789234161377,1
0.3180508017539978,1
0.32282519340515137,1
0.33764737844467163,1
0.3827240467071533,1
0.2897126078605652,1
0.40006449818611145,1
0.4037677049636841,1
0.3349466323852539,1
0.4007386565208435,1
0.6379725933074951,1
0.39612075686454773,1
0.41347628831863403,1
0.4375343322753906,1
0.4213283360004425,1
0.5191797018051147,1
0.33972179889678955,1
0.3596568703651428,1
0.35782796144485474,1
0.511702835559845,1
0.3371410667896271,1
0.4105446934700012,1
0.3543713688850403,1
0.3225770592689514,1
0.3051474094390869,1
0.30567416548728943,1
0.4557368755340576,1
0.4202916622161865,1
0.48519545793533325,1
0.3260396420955658,1
0.34560656547546387,1
0.4552646279335022,1
0.51985764503479,1
0.42904654145240784,1
0.3930048644542694,1
0.31853052973747253,1
0.3373422920703888,1
0.35616329312324524,1
0.4590640962123871,1
0.33044251799583435,1
0.5660907030105591,1
0.3352198302745819,1
0.3618720471858978,1
0.445701003074646,1
0.33971768617630005,1
0.37510979175567627,1
0.334855854511261,1
0.30129361152648926,1
0.36637234687805176,1
0.3972572684288025,1
0.4556260108947754,1
0.3928717076778412,1
0.4185284376144409,1
0.3575480878353119,1
0.47039473056793213,1
0.4244818389415741,1
0.36807000637054443,1
0.3729804754257202,1
0.4202955365180969,1
0.5127971172332764,1
0.4746289849281311,1
0.3296552896499634,1
0.32694879174232483,1
0.3093785047531128,1
0.4442761540412903,1
0.39163821935653687,1
0.3728504180908203,1
0.4142446517944336,1
0.39158517122268677,1
0.4214095175266266,1
0.36299067735671997,1
0.38827580213546753,1
0.4105202853679657,1
0.3640942871570587,1
0.41339823603630066,1
0.34546858072280884,1
0.47929102182388306,1
0.3798496127128601,1
0.3733675479888916,1
0.4784547686576843,1
0.421499639749527,1
0.4597697854042053,1
0.5366027355194092,1
0.4131263494491577,1
0.483091801404953,1
0.36404478549957275,1
0.40634289383888245,1
0.36372268199920654,1
0.400319367647171,1
0.3791506588459015,1
0.4237120747566223,1
0.45699697732925415,1
0.4776046574115753,1
0.4475522041320801,1
0.3172265291213989,1
0.5369386672973633,1
0.4091760814189911,1
0.45530372858047485,1
0.3190786838531494,1
0.30886033177375793,1
0.4534289836883545,1
0.2985686659812927,1
0.3899579346179962,1
0.3548830449581146,1
0.5166239142417908,1
0.48005858063697815,1
0.32450297474861145,1
0.4610387086868286,1
0.39451056718826294,1
0.376789927482605,1
0.33830946683883667,1
0.428326278924942,1
0.27869632840156555,1
0.34007254242897034,1
0.47758373618125916,1
0.35904037952423096,1
0.417328417301178,1
0.43223828077316284,1
0.4096655249595642,1
0.28707224130630493,1
0.2750483751296997,1
0.4328939914703369,1
0.4081023633480072,1
0.3632062077522278,1
0.40120190382003784,1
0.3620244264602661,1
0.3799566626548767,1
0.4489367604255676,1
0.30238133668899536,1
0.3830522894859314,1
0.4172435700893402,1
0.3887595534324646,1
0.3626958429813385,1
0.46683210134506226,1
0.3535733222961426,1
0.352459579706192,1
0.37057748436927795,1
0.463448166847229,1
0.42673712968826294,1
0.39182233810424805,1
0.3216538429260254,1
0.4143068194389343,1
0.3336043357849121,1
0.31662988662719727,1
0.35436126589775085,1
0.3034481704235077,1
0.4620651602745056,1
0.46745795011520386,1
0.4004230797290802,1
0.40457653999328613,1
0.4252411127090454,1
0.47281911969184875,1
0.34949415922164917,1
0.29649221897125244,1
0.5186500549316406,1
0.5037915706634521,1
0.39717763662338257,1
0.45041319727897644,1
0.31902119517326355,1
0.468178391456604,1
0.5025867223739624,1
0.33654046058654785,1
0.39547038078308105,1
0.3498922884464264,1
0.4784036874771118,1
0.4597929120063782,1
0.37254220247268677,1
0.5623091459274292,1
0.4240143597126007,1
0.465181440114975,1
0.47835567593574524,1
0.4754570722579956,1
0.42598217725753784,1
0.40028321743011475,1
0.4405871331691742,1
0.39631015062332153,1
0.36273500323295593,1
0.30801674723625183,1
0.3909001648426056,1
0.5622304081916809,1
0.4774854779243469,1
0.42024531960487366,1
0.3751908838748932,1
0.43359172344207764,1
0.4419091045856476,1
0.4919883906841278,1
0.3723635971546173,1
0.34193259477615356,1
0.49752041697502136,1
0.33622705936431885,1
0.4948066473007202,1
0.3673020005226135,1
0.3279123604297638,1
0.3532573878765106,1
0.37050512433052063,1
0.3399466872215271,1
0.4059891700744629,1
0.4103615880012512,1
0.4496254622936249,1
0.4309612512588501,1
0.32518458366394043,1
0.4276766777038574,1
0.3623417913913727,1
0.38091254234313965,1
0.335222989320755,1
0.38620924949645996,1
0.42183494567871094,1
0.582500696182251,1
0.5317295789718628,1
0.462266206741333,1
0.3681413531303406,1
0.4338870048522949,1
0.42677468061447144,1
0.44386640191078186,1
0.4339268207550049,1
0.407963365316391,1
0.39814746379852295,1
0.40268054604530334,1
0.43345293402671814,1
0.3256896734237671,1
0.33293813467025757,1
0.4127102792263031,1
0.42567652463912964,1
0.34862130880355835,1
0.3012115955352783,1
0.3437049388885498,1
0.45798301696777344,1
0.4014614522457123,1
0.34669554233551025,1
0.4085492491722107,1
0.4073699116706848,1
0.42909514904022217,1
0.3964381515979767,1
0.4202081561088562,1
0.40538573265075684,1
0.35941094160079956,1
0.44116896390914917,1
0.31804946064949036,1
0.3378312587738037,1
0.5387448072433472,1
0.5420948266983032,1
0.45053035020828247,1
0.403115451335907,1
0.4248560667037964,1
0.41134414076805115,1
0.39373502135276794,1
0.3646026849746704,1
0.4443172812461853,1
0.3336111009120941,1
0.41393613815307617,1
0.4979932904243469,1
0.35506218671798706,1
0.36740902066230774,1
0.4329226315021515,1
0.5564064383506775,1
0.5143712162971497,1
0.47961151599884033,1
0.3320781886577606,1
0.3850354850292206,1
0.36223262548446655,1
0.3605087995529175,1
0.4985095262527466,1
0.47589027881622314,1
0.5051100254058838,1
0.3776196241378784,1
0.47497138381004333,1
0.3743882477283478,1
0.5505150556564331,1
0.37947678565979004,1
0.34137827157974243,1
0.42378273606300354,1
0.39050307869911194,1
0.4325045347213745,1
0.38103848695755005,1
0.41576138138771057,1
0.3698490262031555,1
0.3870011270046234,1
0.37233245372772217,1
0.39634841680526733,1
0.47928836941719055,1
0.38350945711135864,1
0.42216789722442627,1
0.32081088423728943,1
0.3282385766506195,1
0.4227440357208252,1
0.383579283952713,1
0.4185681641101837,1
0.44456619024276733,1
0.36396005749702454,1
0.3896147608757019,1
0.5470215082168579,1
0.4577236771583557,1
0.3879024386405945,1
0.45515358448028564,1
0.48418840765953064,1
0.26986461877822876,1
0.4556814730167389,1
0.38060635328292847,1
0.3394326865673065,1
0.4055982232093811,1
0.38661715388298035,1
0.31330904364585876,1
0.36817124485969543,1
0.4489171504974365,1
0.35611486434936523,1
0.39536041021347046,1
0.41338449716567993,1
0.40477800369262695,1
0.45426690578460693,1
0.4240698218345642,1
0.4023998975753784,1
0.3878323435783386,1
0.5215480327606201,1
0.45538878440856934,1
0.36321455240249634,1
0.2783275246620178,1
0.3881230056285858,1
0.30002760887145996,1
0.30350691080093384,1
0.49999165534973145,1
0.4992464482784271,1
0.45814889669418335,1
0.43393903970718384,1
0.5185874700546265,1
0.390173077583313,1
0.49104559421539307,1
0.5536654591560364,1
0.5088914632797241,1
0.42669326066970825,1
0.4093201756477356,1
0.4492526948451996,1
0.4034082889556885,1
0.35891926288604736,1
0.4264935255050659,1
0.3648512661457062,1
0.553145170211792,1
0.34879928827285767,1
0.46187254786491394,1
0.5115983486175537,1
0.3889428377151489,1
0.42056870460510254,1
0.46092677116394043,1
0.37021398544311523,1
0.3819045126438141,1
0.44650208950042725,1
0.38686758279800415,1
0.44073688983917236,1
0.4306015968322754,1
0.5070173144340515,1
0.37981918454170227,1
0.4701125919818878,1
0.41255050897598267,1
0.308148592710495,1
0.4116431474685669,1
0.4333620071411133,1
0.38047701120376587,1
0.43487054109573364,1
0.3527041971683502,1
0.35308873653411865,1
0.3706887662410736,1
0.4477386474609375,1
0.4262092411518097,1
0.3657858669757843,1
0.4114568829536438,1
0.37409746646881104,1
0.3889583945274353,1
0.39280879497528076,1
0.43337661027908325,1
0.4494677186012268,1
0.3524515628814697,1
0.40447527170181274,1
0.3118988871574402,1
0.34903082251548767,1
0.44178465008735657,1
0.35510188341140747,1
0.3316795229911804,1
0.443902850151062,1
0.4634969234466553,1
0.3626140356063843,1
0.3152867555618286,1
0.3409690260887146,1
0.43328696489334106,1
0.3505578935146332,1
0.4316600561141968,1
0.4915715157985687,1
0.5339545607566833,1
0.46246206760406494,1
0.3854154944419861,1
0.41204893589019775,1
0.5101954936981201,1
0.39494338631629944,1
0.38073423504829407,1
0.38603731989860535,1
0.4110485315322876,1
0.3681353032588959,1
0.39974310994148254,1
0.39102232456207275,1
0.2713431417942047,1
0.3672001361846924,1
0.39791974425315857,1
0.4173472225666046,1
0.3819751441478729,1
0.4113772511482239,1
0.41994842886924744,1
0.36210760474205017,1
0.412971168756485,1
0.40599799156188965,1
0.4670316278934479,1
0.4535253047943115,1
0.42373088002204895,1
0.4072205424308777,1
0.3804716467857361,1
0.3033829927444458,1
0.36358875036239624,1
0.2936881184577942,1
0.41765928268432617,1
0.44522005319595337,1
0.5004990100860596,1
0.337632417678833,1
0.41149356961250305,1
0.4104234576225281,1
0.41019773483276367,1
0.2667195796966553,1
0.526186466217041,1
0.3927342891693115,1
0.3365166485309601,1
0.3919849991798401,1
0.2941831946372986,1
0.2894160747528076,1
0.3499775528907776,1
0.4265727400779724,1
0.3442024290561676,1
0.3847857117652893,1
0.40807682275772095,1
0.4274906516075134,1
0.49959731101989746,1
0.31762704253196716,1
0.4191720485687256,1
0.5271630883216858,1
0.3631695508956909,1
0.39788731932640076,1
0.4940060079097748,1
0.4388546943664551,1
0.4860472083091736,1
0.44391101598739624,1
0.4811686873435974,1
0.5081721544265747,1
0.5324015021324158,1
0.4872906506061554,1
0.4389142692089081,1
0.33561718463897705,1
0.49476808309555054,1
0.4478495419025421,1
0.3416880965232849,1
0.43980705738067627,1
0.2727660536766052,1
0.4861038327217102,1
0.46265292167663574,1
0.5191872119903564,1
0.48187416791915894,1
0.3747299313545227,1
0.4402726888656616,1
0.48185864090919495,1
0.3768882155418396,1
0.3817388117313385,1
0.5329422354698181,1
0.43685203790664673,1
0.3929665982723236,1
0.39521145820617676,1
0.38846439123153687,1
0.4326317310333252,1
0.35240820050239563,1
0.4121054410934448,1
0.3348848819732666,1
0.37628573179244995,1
0.4930328130722046,1
0.3087093234062195,1
0.4317376911640167,1
0.42473381757736206,1
0.3884623944759369,1
0.31992286443710327,1
0.3157522976398468,1
0.4110339879989624,1
0.37944817543029785,1
0.3960679769515991,1
0.43516427278518677,1
0.4047863185405731,1
0.3918365240097046,1
0.4589805603027344,1
0.40116721391677856,1
0.44866105914115906,1
0.3253716230392456,1
0.37875956296920776,1
0.3225911855697632,1
0.38584083318710327,1
0.3948189914226532,1
0.36587008833885193,1
0.3990427851676941,1
0.47182905673980713,1
0.4884732961654663,1
0.42092299461364746,1
0.35497182607650757,1
0.44759175181388855,1
0.4675441384315491,1
0.39936456084251404,1
0.42017990350723267,1
0.4234786331653595,1
0.40162214636802673,1
0.46316877007484436,1
0.3316642642021179,1
0.4346159100532532,1
0.3612169325351715,1
0.32157132029533386,1
0.4001653790473938,1
0.3820111155509949,1
0.37131381034851074,1
0.45397472381591797,1
0.3276594877243042,1
0.3253747820854187,1
0.36751726269721985,1
0.428261935710907,1
0.32989585399627686,1
0.4542621672153473,1
0.5002751350402832,1
0.3659864068031311,1
0.48085904121398926,1
0.423595130443573,1
0.4133239984512329,1
0.509600818157196,1
0.3798169493675232,1
0.46747928857803345,1
0.3831392824649811,1
0.40700003504753113,1
0.4088069796562195,1
0.3461427092552185,1
0.3967834413051605,1
0.3910336494445801,1
0.44341427087783813,1
0.43124791979789734,1
0.38451674580574036,1
0.4352632761001587,1
0.4441450834274292,1
0.42403244972229004,1
0.4175027906894684,1
0.4575057029724121,1
0.44495490193367004,1
0.4363679885864258,1
0.372286856174469,1
0.4484267830848694,1
0.4030877649784088,1
0.4589560329914093,1
0.3143571615219116,1
0.5161799788475037,1
0.33513307571411133,1
0.2889532744884491,1
0.386245459318161,1
0.4578360915184021,1
0.5569759607315063,1
0.4960283935070038,1
0.41713401675224304,1
0.42607852816581726,1
0.38180074095726013,1
0.3612842559814453,1
0.4172101318836212,1
0.35882964730262756,1
0.3961296081542969,1
0.36406242847442627,1
0.23336638510227203,1
0.39126870036125183,1
0.33404576778411865,1
0.4057997465133667,1
0.3453010320663452,1
0.5674912333488464,1
0.45407918095588684,1
0.3782375454902649,1
0.42788809537887573,1
0.47363513708114624,1
0.49769818782806396,1
0.46085062623023987,1
0.5722275972366333,1
0.41536182165145874,1
0.35677647590637207,1
0.4485972821712494,1
0.3755494952201843,1
0.45142796635627747,1
0.41962388157844543,1
0.3384072780609131,1
0.45724835991859436,1
0.41908636689186096,1
0.5240106582641602,1
0.39269107580184937,1
0.3394283652305603,1
0.3137967884540558,1
0.3000850975513458,1
0.4678742587566376,1
0.29293131828308105,1
0.4241357147693634,1
0.45291653275489807,1
0.30066925287246704,1
0.34244993329048157,1
0.4527624249458313,1
0.362128883600235,1
0.44022852182388306,1
0.36746785044670105,1
0.413832426071167,1
0.3731379210948944,1
0.29909059405326843,1
0.46342217922210693,1
0.4019603133201599,1
0.44309788942337036,1
0.45357730984687805,1
0.4929821193218231,1
0.3958766460418701,1
0.41195449233055115,1
0.473865270614624,1
0.520502507686615,1
0.5167025923728943,1
0.4296122193336487,1
0.4063144326210022,1
0.3287300169467926,1
0.41732752323150635,1
0.32320165634155273,1
0.30999624729156494,1
0.38833385705947876,1
0.3475108742713928,1
0.27313780784606934,1
0.3360203802585602,1
0.3512268364429474,1
0.42505109310150146,1
0.35075634717941284,1
0.431793212890625,1
0.4203248620033264,1
0.3790583610534668,1
0.47461241483688354,1
0.35141560435295105,1
0.2848336696624756,1
0.42268943786621094,1
0.37916165590286255,1
0.4334125220775604,1
0.2917572259902954,1
0.38796788454055786,1
0.3358394205570221,1
0.31666192412376404,1
0.3764480948448181,1
0.3420845866203308,1
0.48062387108802795,1
0.3592336177825928,1
0.5083441734313965,1
0.35069578886032104,1
0.3506060242652893,1
0.38989728689193726,1
0.425491064786911,1
0.4159427881240845,1
0.3765105605125427,1
0.42970138788223267,1
0.4594976603984833,1
0.4730502963066101,1
0.3792545795440674,1
0.5401718616485596,1
0.480380654335022,1
0.3690105080604553,1
0.41251233220100403,1
0.42325520515441895,1
0.5652688145637512,1
0.42453476786613464,1
0.4217849373817444,1
0.43774840235710144,1
0.45637089014053345,1
0.5556809306144714,1
0.3258005380630493,1
0.38874661922454834,1
0.4054057002067566,1
0.303676575422287,1
0.41723352670669556,1
0.4464987814426422,1
0.4425464868545532,1
0.43792372941970825,1
0.5356274247169495,1
0.45231595635414124,1
0.28702759742736816,1
0.4496873617172241,1
0.35346853733062744,1
0.41341227293014526,1
0.4534996747970581,1
0.4437737464904785,1
0.43924498558044434,1
0.34442657232284546,1
0.424286425113678,1
0.5452793836593628,1
0.3497288227081299,1
0.3816468417644501,1
0.4484568238258362,1
0.3110355734825134,1
0.3242693543434143,1
0.4402698874473572,1
0.43184584379196167,1
0.36423927545547485,1
0.3840786814689636,1
0.49972110986709595,1
0.5108662247657776,1
0.492826372385025,1
0.2952103614807129,1
0.5005740523338318,1
0.4342478811740875,1
0.45015135407447815,1
0.46116766333580017,1
0.39326781034469604,1
0.4274789094924927,1
0.3864034414291382,1
0.45336222648620605,1
0.46449583768844604,1
0.3644157350063324,1
0.34157639741897583,1
0.46264511346817017,1
0.353355348110199,1
0.39051932096481323,1
0.6262550354003906,1
0.3721814453601837,1
0.36275026202201843,1
0.5276641845703125,1
0.31636178493499756,1
0.26391589641571045,1
0.4094233810901642,1
0.39065787196159363,1
0.41254720091819763,1
0.3857548236846924,1
0.39300084114074707,1
0.4172137975692749,1
0.4322511553764343,1
0.37964439392089844,1
0.3378002643585205,1
0.511580228805542,1
0.40251827239990234,1
0.3069269061088562,1
0.36077791452407837,1
0.3830318748950958,1
0.46851998567581177,1
0.4654560089111328,1
0.3443886637687683,1
0.4217550754547119,1
0.2917972207069397,1
0.46359360218048096,1
0.34792080521583557,1
0.38479554653167725,1
0.5558639168739319,1
0.43068167567253113,1
0.3352188169956207,1
0.48681139945983887,1
0.41169843077659607,1
0.38050246238708496,1
0.5065914392471313,1
0.39206594228744507,1
0.2867792248725891,1
0.3926704525947571,1
0.36555734276771545,1
0.44803446531295776,1
0.42783549427986145,1
0.36927342414855957,1
0.4091796576976776,1
0.5029739737510681,1
0.42572787404060364,1
0.35375159978866577,1
0.37812405824661255,1
0.41107434034347534,1
0.451715886592865,1
0.44924554228782654,1
0.4881933033466339,1
0.4885559678077698,1
0.4791048765182495,1
0.46930575370788574,1
0.518288254737854,1
0.5012176632881165,1
0.36311790347099304,1
0.45263737440109253,1
0.4283519387245178,1
0.3161431550979614,1
0.35380154848098755,1
0.45072871446609497,1
0.33900922536849976,1
0.47449755668640137,1
0.42294174432754517,1
0.28869906067848206,1
0.48677700757980347,1
0.4775294065475464,1
0.36725640296936035,1
0.4465898871421814,1
0.4370194673538208,1
0.30148759484291077,1
0.3269471228122711,1
0.3607613742351532,1
0.4093681871891022,1
0.35059359669685364,1
0.3942940831184387,1
0.38712191581726074,1
0.4404810667037964,1
0.3673959970474243,1
0.35534238815307617,1
0.41851311922073364,1
0.31785956025123596,1
0.41727691888809204,1
0.4542043209075928,1
0.4131118953227997,1
0.4664757549762726,1
0.4514857530593872,1
0.35106855630874634,1
0.5585986375808716,1
0.4299417734146118,1
0.3184925615787506,1
0.2830715477466583,1
0.42575603723526,1
0.32897114753723145,1
0.36619555950164795,1
0.3454015851020813,1
0.45345360040664673,1
0.43072205781936646,1
0.45057278871536255,1
0.49726057052612305,1
0.37783899903297424,1
0.3184763193130493,1
0.5494745969772339,1
0.36353933811187744,1
0.36637791991233826,1
0.3851694166660309,1
0.37965571880340576,1
0.5299961566925049,1
0.2960003912448883,1
0.40338563919067383,1
0.2957998514175415,1
0.3976843059062958,1
0.37752899527549744,1
0.40627521276474,1
0.47196975350379944,1
0.2656182050704956,1
0.2851342558860779,1
0.3685958981513977,1
0.40266939997673035,1
0.44137898087501526,1
0.3737212121486664,1
0.4012201726436615,1
0.4353010654449463,1
0.31395357847213745,1
0.5003039836883545,1
0.5129613876342773,1
0.3726755380630493,1
0.3466412127017975,1
0.41859251260757446,1
0.38011062145233154,1
0.3546310067176819,1
0.5261435508728027,1
0.5898268818855286,1
0.36515718698501587,1
0.39498674869537354,1
0.4649767279624939,1
0.46064406633377075,1
0.36716315150260925,1
0.41246193647384644,1
0.42209485173225403,1
0.3924756646156311,1
0.5464057922363281,1
0.4478462338447571,1
0.3007465600967407,1
0.3679610788822174,1
0.4439297914505005,1
0.36348214745521545,1
0.42461493611335754,1
0.41752588748931885,1
0.4717482030391693,1
0.40154168009757996,1
0.46383607387542725,1
0.3765789866447449,1
0.42295020818710327,1
0.39910951256752014,1
0.41843748092651367,1
0.3656597435474396,1
0.4488263726234436,1
0.39897528290748596,1
0.5098525881767273,1
0.5215215086936951,1
0.39556872844696045,1
0.47685128450393677,1
0.34935617446899414,1
0.3967433571815491,1
0.3247944712638855,1
0.2516448497772217,1
0.3668054938316345,1
0.3273187577724457,1
0.45302248001098633,1
0.4246446192264557,1
0.4609900116920471,1
0.3435449004173279,1
0.3838793635368347,1
0.37155085802078247,1
0.5555861592292786,1
0.2839442193508148,1
0.34506091475486755,1
0.3536526560783386,1
0.4807140827178955,1
0.40667974948883057,1
0.420001745223999,1
0.3967423737049103,1
0.3566097617149353,1
0.3779228627681732,1
0.3713185787200928,1
0.35252314805984497,1
0.4501494765281677,1
0.27255427837371826,1
0.5028196573257446,1
0.38909071683883667,1
0.4132354259490967,1
0.41171032190322876,1
0.49952471256256104,1
0.4379681348800659,1
0.3753415048122406,1
0.3691297471523285,1
0.42053133249282837,1
0.45344460010528564,1
0.3652042746543884,1
0.41924193501472473,1
0.375763475894928,1
0.3071143329143524,1
0.3213272988796234,1
0.42414960265159607,1
0.34946417808532715,1
0.4861135184764862,1
0.4258578419685364,1
0.4401341378688812,1
0.4707905948162079,1
0.3732474744319916,1
0.4920288920402527,1
0.45438897609710693,1
0.47439584136009216,1
0.40289920568466187,1
0.4043539762496948,1
0.39353618025779724,1
0.40140408277511597,1
0.3693702816963196,1
0.28309208154678345,1
0.3238147497177124,1
0.4912108778953552,1
0.34838947653770447,1
0.46359097957611084,1
0.5234416127204895,1
0.3522526025772095,1
0.5818042755126953,1
0.4078795909881592,1
0.3892376720905304,1
0.3299555778503418,1
0.31969600915908813,1
0.42100897431373596,1
0.48149996995925903,1
0.4230520725250244,1
0.40419626235961914,1
0.3840378522872925,1
0.3005974292755127,1
0.46184760332107544,1
0.34597665071487427,1
0.47326138615608215,1
0.40708687901496887,1
0.6086257100105286,1
0.5434011816978455,1
0.4089736342430115,1
0.42519527673721313,1
0.35358554124832153,1
0.38354817032814026,1
0.3906939625740051,1
0.319332093000412,1
0.4972400367259979,1
0.44534623622894287,1
0.3278180956840515,1
0.34779122471809387,1
0.3208843171596527,1
0.3227977752685547,1
0.3425360321998596,1
0.40747642517089844,1
0.4167014956474304,1
0.3678660988807678,1
0.39585408568382263,1
0.34650611877441406,1
0.34528231620788574,1
0.3854061961174011,1
0.3347912132740021,1
0.38684287667274475,1
0.47264236211776733,1
0.3510679602622986,1
0.29409730434417725,1
0.4741314649581909,1
0.47495511174201965,1
0.48415324091911316,1
0.3621304929256439,1
0.40649664402008057,1
0.4516019821166992,1
0.3875580132007599,1
0.3671469986438751,1
0.4210541248321533,1
0.44931769371032715,1
0.2619348168373108,1
0.29601484537124634,1
0.4025411009788513,1
0.4007778763771057,1
0.5261918902397156,1
0.3711090087890625,1
0.4261206090450287,1
0.4121010899543762,1
0.33791786432266235,1
0.41385334730148315,1
0.4126725196838379,1
0.34990161657333374,1
0.4283047020435333,1
0.4683864116668701,1
0.31205806136131287,1
0.4713311791419983,1
0.3730683922767639,1
0.4087379574775696,1
0.46823012828826904,1
0.38039857149124146,1
0.5193882584571838,1
0.45915359258651733,1
0.44190162420272827,1
0.39677006006240845,1
0.46271032094955444,1
0.49296945333480835,1
0.4066894054412842,1
0.4601520299911499,1
0.4071669578552246,1
0.3659101128578186,1
0.36084190011024475,1
0.3849806487560272,1
0.39495423436164856,1
0.3816133737564087,1
0.3827987015247345,1
0.4444342851638794,1
0.4296616315841675,1
0.3899526000022888,1
0.3125160336494446,1
0.4409332275390625,1
0.4653490483760834,1
0.39131128787994385,1
0.42536482214927673,1
0.3953671157360077,1
0.4550977349281311,1
0.38230177760124207,1
0.4089515805244446,1
0.359449565410614,1
0.3656061291694641,1
0.4685959815979004,1
0.4688892960548401,1
0.3576812446117401,1
0.25032615661621094,1
0.3840804100036621,1
0.3153300881385803,1
0.5394266247749329,1
0.4512297809123993,1
0.4392954707145691,1
0.36677730083465576,1
0.36764758825302124,1
0.3462910056114197,1
0.43504083156585693,1
0.3989984393119812,1
0.4334518313407898,1
0.36653321981430054,1
0.447787880897522,1
0.31691402196884155,1
0.32597169280052185,1
0.40622034668922424,1
0.46137183904647827,1
0.3664529323577881,1
0.392261266708374,1
0.3602656126022339,1
0.40849384665489197,1
0.37523776292800903,1
0.428869366645813,1
0.42004692554473877,1
0.31643161177635193,1
0.36883825063705444,1
0.41104215383529663,1
0.4939004182815552,1
0.48918870091438293,1
0.2975929379463196,1
0.3633028566837311,1
0.4110063910484314,1
0.5777779221534729,1
0.3834684491157532,1
0.3737480938434601,1
0.4256207048892975,1
0.37358176708221436,1
0.4079459309577942,1
0.43915677070617676,1
0.48873797059059143,1
0.37777405977249146,1
0.42455923557281494,1
0.34964314103126526,1
0.3852405250072479,1
0.509888231754303,1
0.40117254853248596,1
0.3203135132789612,1
0.40210944414138794,1
0.43138739466667175,1
0.46499699354171753,1
0.44741714000701904,1
0.37002629041671753,1
0.4890875220298767,1
0.3594283163547516,1
0.3653673827648163,1
0.4048522114753723,1
0.3726562559604645,1
0.6673130393028259,1
0.33063775300979614,1
0.5222514867782593,1
0.314588725566864,1
0.4372072219848633,1
0.3708546459674835,1
0.4597635865211487,1
0.41297847032546997,1
0.44644373655319214,1
0.4182143807411194,1
0.48031848669052124,1
0.4839187264442444,1
0.4043784737586975,1
0.3569851219654083,1
0.42954617738723755,1
0.38174256682395935,1
0.46139398217201233,1
0.44012558460235596,1
0.37132728099823,1
0.4686737656593323,1
0.25900542736053467,1
0.5683197975158691,1
0.38458627462387085,1
0.4868134558200836,1
0.31235817074775696,1
0.2854929268360138,1
0.35056746006011963,1
0.382424533367157,1
0.30322304368019104,1
0.4167938828468323,1
0.41084763407707214,1
0.38114669919013977,1
0.4824022948741913,1
0.34400713443756104,1
0.4670771062374115,1
0.5041230916976929,1
0.40450549125671387,1
0.341482013463974,1
0.37098005414009094,1
0.41840073466300964,1
0.3742296099662781,1
0.3768783509731293,1
0.36697858572006226,1
0.38443994522094727,1
0.41940128803253174,1
0.39821818470954895,1
0.43298667669296265,1
0.3760082423686981,1
0.3613816499710083,1
0.33779123425483704,1
0.3574068248271942,1
0.4273087978363037,1
0.33303776383399963,1
0.3886474668979645,1
0.35649386048316956,1
0.3638923168182373,1
0.3672991096973419,1
0.463617742061615,1
0.37342938780784607,1
0.331553190946579,1
0.37720924615859985,1
0.39856162667274475,1
0.41366928815841675,1
0.36378276348114014,1
0.3986368775367737,1
0.43411722779273987,1
0.520675778388977,1
0.46907317638397217,1
0.44285860657691956,1
0.35335680842399597,1
0.4405447542667389,1
0.2843620181083679,1
0.44973719120025635,1
0.3735007643699646,1
0.4606175422668457,1
0.4415106475353241,1
0.29583171010017395,1
0.4149922728538513,1
0.4997260272502899,1
0.5321537852287292,1
0.3734898269176483,1
0.4069136381149292,1
0.39943936467170715,1
0.4280567169189453,1
0.3731774389743805,1
0.34629496932029724,1
0.314494788646698,1
0.5559037327766418,1
0.4748873710632324,1
0.38619399070739746,1
0.33503299951553345,1
0.36690425872802734,1
0.43027764558792114,1
0.2894183397293091,1
0.32815974950790405,1
0.3949093222618103,1
0.3435441255569458,1
0.29653626680374146,1
0.5080232620239258,1
0.4377519488334656,1
0.3386971652507782,1
0.37572744488716125,1
0.36496397852897644,1
0.4265799820423126,1
0.45804303884506226,1
0.43959569931030273,1
0.4448826313018799,1
0.39936038851737976,1
0.3519373834133148,1
0.42576169967651367,1
0.44072777032852173,1
0.4638892710208893,1
0.41430404782295227,1
0.391770601272583,1
0.49525290727615356,1
0.4191023111343384,1
0.30110466480255127,1
0.3550291359424591,1
0.3848247528076172,1
0.29620078206062317,1
0.5194355249404907,1
0.40638500452041626,1
0.3822095990180969,1
0.27194780111312866,1
0.49636730551719666,1
0.4404272437095642,1
0.35964348912239075,1
0.4752466678619385,1
0.3988814651966095,1
0.2924996614456177,1
0.3808687925338745,1
0.4797528088092804,1
0.45900267362594604,1
0.43788963556289673,1
0.3518906831741333,1
0.3973267674446106,1
0.37039971351623535,1
0.5415346026420593,1
0.38202953338623047,1
0.39447343349456787,1
0.43671685457229614,1
0.4061492085456848,1
0.40590137243270874,1
0.4785083532333374,1
0.38410964608192444,1
0.38867759704589844,1
0.3173748254776001,1
0.49684420228004456,1
0.43600794672966003,1
0.3204210102558136,1
0.34271153807640076,1
0.3826700747013092,1
0.3873850405216217,1
0.33764925599098206,1
0.3812723159790039,1
0.3793293535709381,1
0.36054131388664246,1
0.3367340564727783,1
0.34845390915870667,1
0.4043431878089905,1
0.38381829857826233,1
0.3229321241378784,1
0.32975301146507263,1
0.4973562955856323,1
0.37650060653686523,1
0.2892315983772278,1
0.42274948954582214,1
0.3110669255256653,1
0.3503359258174896,1
0.5624584555625916,1
0.3780093789100647,1
0.37378302216529846,1
0.3068532943725586,1
0.38282865285873413,1
0.28642570972442627,1
0.35198718309402466,1
0.42363032698631287,1
0.47005826234817505,1
0.3000412881374359,1
0.40295472741127014,1
0.33087849617004395,1
0.4554741382598877,1
0.44144028425216675,1
0.40851491689682007,1
0.3039308786392212,1
0.3207181692123413,1
0.3372713029384613,1
0.4513898491859436,1
0.408427357673645,1
0.35455721616744995,1
0.3915170431137085,1
0.3505214750766754,1
0.3288919925689697,1
0.46160826086997986,1
0.5723642110824585,1
0.4267542362213135,1
0.5052466988563538,1
0.3761422634124756,1
0.3587307929992676,1
0.4208495616912842,1
0.368899941444397,1
0.4044662117958069,1
0.35971617698669434,1
0.34463435411453247,1
0.4168460965156555,1
0.4025878608226776,1
0.31074923276901245,1
0.3559601306915283,1
0.3148365616798401,1
0.5790647268295288,1
0.3777584731578827,1
0.4862578511238098,1
0.45445483922958374,1
0.22416236996650696,1
0.4585837125778198,1
0.41646188497543335,1
0.30774715542793274,1
0.4175834357738495,1
0.4490039348602295,1
0.32932960987091064,1
0.2939489483833313,1
0.473309725522995,1
0.3753053545951843,1
0.5855697393417358,1
0.49649015069007874,1
0.38650020956993103,1
0.3338351547718048,1
0.3715970814228058,1
0.39111971855163574,1
0.3453289270401001,1
0.405771404504776,1
0.43910765647888184,1
0.346538782119751,1
0.37372061610221863,1
0.45828837156295776,1
0.42093536257743835,1
0.41055119037628174,1
0.35761702060699463,1
0.39004576206207275,1
0.42099815607070923,1
0.3505919873714447,1
0.4294584393501282,1
0.49091631174087524,1
0.4394887089729309,1
0.48821312189102173,1
0.438457190990448,1
0.4292997717857361,1
0.36419248580932617,1
0.4491931200027466,1
0.382638543844223,1
0.38018205761909485,1
0.43262606859207153,1
0.418612003326416,1
0.4822241961956024,1
0.44925838708877563,1
0.3418287932872772,1
0.48121339082717896,1
0.3718159794807434,1
0.4001973867416382,1
0.44755202531814575,1
0.4526381194591522,1
0.32759732007980347,1
0.39595454931259155,1
0.33931100368499756,1
0.39575815200805664,1
0.2972082197666168,1
0.3565364181995392,1
0.3844306468963623,1
0.47855445742607117,1
0.4979700744152069,1
0.4300287961959839,1
0.42703139781951904,1
0.3493681252002716,1
0.43099233508110046,1
0.43261802196502686,1
0.43475914001464844,1
0.4036816954612732,1
0.3808981478214264,1
0.37330907583236694,1
0.4694681167602539,1
0.3773837089538574,1
0.4995086193084717,1
0.36352217197418213,1
0.5767620801925659,1
0.4321109652519226,1
0.38431045413017273,1
0.24403995275497437,1
0.38103023171424866,1
0.5042446851730347,1
0.5004369020462036,1
0.439639151096344,1
0.34336286783218384,1
0.362352192401886,1
0.28964364528656006,1
0.35940176248550415,1
0.4096428155899048,1
0.40488380193710327,1
0.331729531288147,1
0.47237253189086914,1
0.37097224593162537,1
0.35828953981399536,1
0.3810834288597107,1
0.3835611045360565,1
0.40448272228240967,1
0.3715986907482147,1
0.39688840508461,1
0.36146456003189087,1
0.4193044900894165,1
0.42001959681510925,1
0.45342063903808594,1
0.3155629634857178,1
0.2939890921115875,1
0.39436042308807373,1
0.3994605839252472,1
0.21551433205604553,1
0.3854406774044037,1
0.4586453139781952,1
0.37657225131988525,1
0.36691907048225403,1
0.38008981943130493,1
0.4120281934738159,1
0.3022521734237671,1
0.4082277715206146,1
0.34300774335861206,1
0.5580132007598877,1
0.3844597041606903,1
0.34310364723205566,1
0.2835463881492615,1
0.39393967390060425,1
0.40191662311553955,1
0.5710802674293518,1
0.39273256063461304,1
0.4189249277114868,1
0.5544325709342957,1
0.40087294578552246,1
0.3353782594203949,1
0.35498833656311035,1
0.3749616742134094,1
0.40198299288749695,1
0.42371654510498047,1
0.38820409774780273,1
0.3710295259952545,1
0.4879858195781708,1
0.38629552721977234,1
0.3260214626789093,1
0.3509662449359894,1
0.5192345976829529,1
0.47346216440200806,1
0.43933796882629395,1
0.4721447825431824,1
0.47833436727523804,1
0.389056921005249,1
0.33489418029785156,1
0.47066840529441833,1
0.3938368260860443,1
0.3559684753417969,1
0.49398958683013916,1
0.3998350501060486,1
0.39706337451934814,1
0.392795592546463,1
0.4330087900161743,1
0.3312656283378601,1
0.5205318927764893,1
0.47917819023132324,1
0.3956126570701599,1
0.349398672580719,1
0.385695219039917,1
0.3923315405845642,1
0.32194191217422485,1
0.3413121700286865,1
0.4566093981266022,1
0.33141499757766724,1
0.4484345316886902,1
0.3909985423088074,1
0.4096885621547699,1
0.5205968022346497,1
0.34976285696029663,1
0.38583946228027344,1
0.3037654757499695,1
0.3973090946674347,1
0.5064140558242798,1
0.3971520960330963,1
0.3294523358345032,1
0.45082083344459534,1
0.37075015902519226,1
0.3787095546722412,1
0.30745619535446167,1
0.40683093667030334,1
0.377155601978302,1
0.454680472612381,1
0.34451156854629517,1
0.3400002121925354,1
0.4911271333694458,1
0.4108155071735382,1
0.5320835709571838,1
0.3651854991912842,1
0.46194228529930115,1
0.4691093862056732,1
0.4007017910480499,1
0.48846954107284546,1
0.3923216164112091,1
0.2843053638935089,1
0.457842081785202,1
0.3567185401916504,1
0.38351696729660034,1
0.4502524733543396,1
0.4145340919494629,1
0.37839365005493164,1
0.34674733877182007,1
0.6155064105987549,1
0.4907279312610626,1
0.32952436804771423,1
0.30695879459381104,1
0.42371276021003723,1
0.34674277901649475,1
0.41832584142684937,1
0.4955984354019165,1
0.2885171175003052,1
0.38228940963745117,1
0.4734724760055542,1
0.4142092764377594,1
0.36514654755592346,1
0.43261292576789856,1
0.42156103253364563,1
0.4554566740989685,1
0.7421469688415527,1
0.5100619196891785,1
0.3295701742172241,1
0.38556474447250366,1
0.509810745716095,1
0.2127169966697693,1
0.442756325006485,1
0.3499426245689392,1
0.4729045629501343,1
0.33945006132125854,1
0.41555771231651306,1
0.3188980221748352,1
0.3809604048728943,1
0.3826714754104614,1
0.40040916204452515,1
0.3937804698944092,1
0.306085467338562,1
0.5007137656211853,1
0.3519532382488251,1
0.3285159170627594,1
0.4920045733451843,1
0.4390348792076111,1
0.4128333032131195,1
0.39396917819976807,1
0.498867928981781,1
0.40308746695518494,1
0.38732481002807617,1
0.4734371304512024,1
0.4430987238883972,1
0.47505688667297363,1
0.4767066240310669,1
0.4215783476829529,1
0.4666126072406769,1
0.30816230177879333,1
0.4291036128997803,1
0.4709565043449402,1
0.37671393156051636,1
0.5338085293769836,1
0.4055677056312561,1
0.4573180675506592,1
0.5493610501289368,1
0.43111664056777954,1
0.309329092502594,1
0.43860265612602234,1
0.5078412890434265,1
0.43239420652389526,1
0.4669651985168457,1
0.4052943289279938,1
0.44209936261177063,1
0.47523853182792664,1
0.37913036346435547,1
0.48620206117630005,1
0.4204711318016052,1
0.4426983892917633,1
0.4043867886066437,1
0.36708950996398926,1
0.29215967655181885,1
0.3921454846858978,1
0.32886138558387756,1
0.34217923879623413,1
0.4037315249443054,1
0.5026716589927673,1
0.4707314372062683,1
0.3476889729499817,1
0.3927331566810608,1
0.3074120879173279,1
0.31388089060783386,1
0.343881219625473,1
0.3385358154773712,1
0.40662258863449097,1
0.5601687431335449,1
0.40284544229507446,1
0.4896147549152374,1
0.39221182465553284,1
0.31776344776153564,1
0.4161564111709595,1
0.4021065831184387,1
0.32980877161026,1
0.48139700293540955,1
0.3504100441932678,1
0.41542208194732666,1
0.42036953568458557,1
0.31615084409713745,1
0.37492823600769043,1
0.41356563568115234,1
0.3379579186439514,1
0.385215163230896,1
0.3218114972114563,1
0.4377514719963074,1
0.5768853425979614,1
0.3090974986553192,1
0.5539497137069702,1
0.34893524646759033,1
0.4036327600479126,1
0.3807772696018219,1
0.45426350831985474,1
0.4563411474227905,1
0.42782163619995117,1
0.5355616807937622,1
0.49173539876937866,1
0.39082038402557373,1
0.37786582112312317,1
0.41915470361709595,1
0.3863511383533478,1
0.2590142786502838,1
0.38724541664123535,1
0.4398975968360901,1
0.34724554419517517,1
0.454293429851532,1
0.3805803060531616,1
0.4664028286933899,1
0.3244227170944214,1
0.4580112099647522,1
0.3655928373336792,1
0.4127993583679199,1
0.3805762529373169,1
0.37534964084625244,1
0.3986901342868805,1
0.37908458709716797,1
0.443785160779953,1
0.4632730185985565,1
0.4739733934402466,1
0.41116586327552795,1
0.49644821882247925,1
0.3837786912918091,1
0.4625720679759979,1
0.42133331298828125,1
0.4878442883491516,1
0.5414348840713501,1
0.44309496879577637,1
0.33894938230514526,1
0.3718149662017822,1
0.38276875019073486,1
0.5305732488632202,1
0.3530420660972595,1
0.3811067044734955,1
0.3689999580383301,1
0.4736202359199524,1
0.49261343479156494,1
0.39458268880844116,1
0.40161359310150146,1
0.312808096408844,1
0.46929502487182617,1
0.3838868737220764,1
0.38557103276252747,1
0.3985432982444763,1
0.36047595739364624,1
0.40039414167404175,1
0.5344260931015015,1
0.34475377202033997,1
0.3711951673030853,1
0.35474663972854614,1
0.590949535369873,1
0.4560290575027466,1
0.3524680733680725,1
0.38431352376937866,1
0.39773043990135193,1
0.47414305806159973,1
0.40207645297050476,1
0.4624645709991455,1
0.46444326639175415,1
0.4112210273742676,1
0.3445861041545868,1
0.41424280405044556,1
0.4067448079586029,1
0.4027576446533203,1
0.5043798685073853,1
0.45348435640335083,1
0.4553421437740326,1
0.4019531309604645,1
0.37441903352737427,1
0.4548390209674835,1
0.3431392014026642,1
0.431633859872818,1
0.3876938819885254,1
0.40308877825737,1
0.40483808517456055,1
0.4303109645843506,1
0.33351635932922363,1
0.272361159324646,1
0.45653635263442993,1
0.43168506026268005,1
0.422346293926239,1
0.4597644805908203,1
0.4072316884994507,1
0.3618515431880951,1
0.29521608352661133,1
0.45667049288749695,1
0.47865384817123413,1
0.4311318099498749,1
0.3950657546520233,1
0.47478312253952026,1
0.4280683994293213,1
0.3138399124145508,1
0.4271532893180847,1
0.28573620319366455,1
0.33427467942237854,1
0.5679165720939636,1
0.22795534133911133,1
0.345662385225296,1
0.335401326417923,1
0.43269267678260803,1
0.3582690954208374,1
0.3114171624183655,1
0.35609930753707886,1
0.34047457575798035,1
0.3877188265323639,1
0.47956305742263794,1
0.38739269971847534,1
0.4058825969696045,1
0.35743817687034607,1
0.3961949944496155,1
0.4832332134246826,1
0.3652780055999756,1
0.3743491768836975,1
0.3966728150844574,1
0.3900660574436188,1
0.38843536376953125,1
0.3959140181541443,1
0.4942654073238373,1
0.5007549524307251,1
0.39825040102005005,1
0.5232181549072266,1
0.4870104491710663,1
0.37437212467193604,1
0.3492206633090973,1
0.39592576026916504,1
0.35035470128059387,1
0.5095499157905579,1
0.4408419728279114,1
0.44328874349594116,1
0.3983703553676605,1
0.3453487753868103,1
0.4442136287689209,1
0.45788705348968506,1
0.49451306462287903,1
0.37560901045799255,1
0.3926902115345001,1
0.42886045575141907,1
0.47000980377197266,1
0.39209455251693726,1
0.45255932211875916,1
0.376625657081604,1
0.4019152820110321,1
0.40567415952682495,1
0.37136971950531006,1
0.3694079518318176,1
0.33110111951828003,1
0.3303295373916626,1
0.36845964193344116,1
0.4200761318206787,1
0.4210137724876404,1
0.2797015607357025,1
0.3644496202468872,1
0.47530028223991394,1
0.34434348344802856,1
0.5517550110816956,1
0.3617105782032013,1
0.32289406657218933,1
0.37185290455818176,1
0.4285619258880615,1
0.49194958806037903,1
0.34327852725982666,1
0.5212737917900085,1
0.5004974603652954,1
0.3572758436203003,1
0.38369259238243103,1
0.4024527072906494,1
0.41721999645233154,1
0.3667529821395874,1
0.35855770111083984,1
0.33936452865600586,1
0.41346925497055054,1
0.4411136209964752,1
0.479763001203537,1
0.38179516792297363,1
0.4626753330230713,1
0.34352701902389526,1
0.43848004937171936,1
0.4212287664413452,1
0.4347062408924103,1
0.4226232171058655,1
0.35782548785209656,1
0.3901039958000183,1
0.4548746943473816,1
0.4280691146850586,1
0.4363527297973633,1
0.4165235161781311,1
0.49438464641571045,1
0.424993097782135,1
0.3820935785770416,1
0.3455706834793091,1
0.29956382513046265,1
0.43391185998916626,1
0.4332312047481537,1
0.35245469212532043,1
0.39857548475265503,1
0.4626502990722656,1
0.46282291412353516,1
0.3158603012561798,1
0.3964768350124359,1
0.5793096423149109,1
0.4269617199897766,1
0.41651076078414917,1
0.36127611994743347,1
0.3856147825717926,1
0.41810429096221924,1
0.3434627652168274,1
0.33885329961776733,1
0.47674840688705444,1
0.3977090120315552,1
0.32655757665634155,1
0.38890761137008667,1
0.3853413462638855,1
0.40320974588394165,1
0.5474135875701904,1
0.34800413250923157,1
0.39979997277259827,1
0.49946486949920654,1
0.39469802379608154,1
0.37841254472732544,1
0.35885167121887207,1
0.38884198665618896,1
0.285970002412796,1
0.3299320340156555,1
0.28806835412979126,1
0.4468950629234314,1
0.42358899116516113,1
0.44798967242240906,1
0.3728126883506775,1
0.4105752110481262,1
0.40594059228897095,1
0.4041588306427002,1
0.4079674482345581,1
0.30513450503349304,1
0.3679264783859253,1
0.4479844868183136,1
0.3572435975074768,1
0.46384790539741516,1
0.5009493231773376,1
0.38121357560157776,1
0.472160279750824,1
0.4948536157608032,1
0.4253631830215454,1
0.40050631761550903,1
0.46493440866470337,1
0.4886706471443176,1
0.39027732610702515,1
0.39235079288482666,1
0.47333383560180664,1
0.39143285155296326,1
0.42291462421417236,1
0.4869711101055145,1
0.3245903253555298,1
0.4456895589828491,1
0.3773689270019531,1
0.4413873255252838,1
0.43725234270095825,1
0.3961560130119324,1
0.3410928249359131,1
0.3728771209716797,1
0.40488874912261963,1
0.33754509687423706,1
0.3504498600959778,1
0.4301508665084839,1
0.4945755898952484,1
0.3919714689254761,1
0.39308613538742065,1
0.2901131510734558,1
0.3035293221473694,1
0.384726345539093,1
0.3940701484680176,1
0.31672167778015137,1
0.3223751485347748,1
0.29874852299690247,1
0.47515660524368286,1
0.596561074256897,1
0.3330814242362976,1
0.36387696862220764,1
0.4273566007614136,1
0.4434744417667389,1
0.4212041199207306,1
0.5571321249008179,1
0.5078108310699463,1
0.356911301612854,1
0.361381858587265,1
0.2878304719924927,1
0.3542778491973877,1
0.3535342216491699,1
0.3468334972858429,1
0.44699859619140625,1
0.30521419644355774,1
0.3726470470428467,1
0.49061155319213867,1
0.42980319261550903,1
0.4327351748943329,1
0.362146258354187,1
0.3508768379688263,1
0.34387826919555664,1
0.40551501512527466,1
0.39355820417404175,1
0.49945324659347534,1
0.4126024842262268,1
0.3581450283527374,1
0.4533170163631439,1
0.4068247675895691,1
0.4701496958732605,1
0.3155345916748047,1
0.37916314601898193,1
0.38375747203826904,1
0.38461989164352417,1
0.47197479009628296,1
0.34700655937194824,1
0.40327948331832886,1
0.4083694815635681,1
0.3399295210838318,1
0.4553806781768799,1
0.36004289984703064,1
0.41768214106559753,1
0.33778059482574463,1
0.36542007327079773,1
0.5319515466690063,1
0.36987781524658203,1
0.37437933683395386,1
0.36306512355804443,1
0.41519850492477417,1
0.4067871868610382,1
0.4865526258945465,1
0.3244701325893402,1
0.3270359933376312,1
0.3128475546836853,1
0.5080740451812744,1
0.33625733852386475,1
0.3716470003128052,1
0.23979610204696655,1
0.5128684043884277,1
0.40095412731170654,1
0.4308936595916748,1
0.4125113785266876,1
0.4141709506511688,1
0.431845486164093,1
0.4326552748680115,1
0.4506063461303711,1
0.4465242624282837,1
0.42036277055740356,1
0.44117486476898193,1
0.4089667499065399,1
0.3683972954750061,1
0.4239165782928467,1
0.4761941432952881,1
0.3574526906013489,1
0.6394622921943665,1
0.36343586444854736,1
0.38472241163253784,1
0.3012427091598511,1
0.36301684379577637,1
0.5134439468383789,1
0.5426908731460571,1
0.2960885167121887,1
0.4948241412639618,1
0.37715423107147217,1
0.4613982141017914,1
0.406912624835968,1
0.4675297141075134,1
0.3488237261772156,1
0.3081597685813904,1
0.35035252571105957,1
0.3370157480239868,1
0.2827693819999695,1
0.4269731640815735,1
0.3625490069389343,1
0.3427053391933441,1
0.5448682904243469,1
0.364396870136261,1
0.5394570231437683,1
0.4851906895637512,1
0.3686755895614624,1
0.45045167207717896,1
0.3749134838581085,1
0.2942405045032501,1
0.3662757873535156,1
0.47956031560897827,1
0.30726125836372375,1
0.3798959255218506,1
0.41476011276245117,1
0.40221160650253296,1
0.46391355991363525,1
0.5457556843757629,1
0.3139089345932007,1
0.4936726987361908,1
0.4336359202861786,1
0.3397682309150696,1
0.4641309678554535,1
0.3298228979110718,1
0.478340208530426,1
0.3282480239868164,1
0.3641403913497925,1
0.3413870930671692,1
0.386044442653656,1
0.3483641743659973,1
0.2882145643234253,1
0.424031525850296,1
0.45862478017807007,1
0.4060376286506653,1
0.3797266483306885,1
0.34458962082862854,1
0.48563268780708313,1
0.4232928454875946,1
0.3570135533809662,1
0.3676247000694275,1
0.3991166055202484,1
0.49176135659217834,1
0.5159593820571899,1
0.4782044291496277,1
0.4180399179458618,1
0.3711901307106018,1
0.4145777225494385,1
0.4716460704803467,1
0.34609517455101013,1
0.45767706632614136,1
0.47254112362861633,1
0.5157169699668884,1
0.3784525394439697,1
0.3164290189743042,1
0.34236350655555725,1
0.4386571943759918,1
0.34449970722198486,1
0.39514702558517456,1
0.48294997215270996,1
0.4692964255809784,1
0.47422412037849426,1
0.36982694268226624,1
0.39541539549827576,1
0.3809196352958679,1
0.3791320323944092,1
0.42902976274490356,1
0.4694507122039795,1
0.4596541225910187,1
0.489901065826416,1
0.4515649676322937,1
0.39877116680145264,1
0.3793492913246155,1
0.4783332347869873,1
0.3685958981513977,1
0.47750985622406006,1
0.32875344157218933,1
0.4079664349555969,1
0.3350576162338257,1
0.4171496629714966,1
0.5174871683120728,1
0.46981263160705566,1
0.2702025771141052,1
0.45883241295814514,1
0.4633455276489258,1
0.37273913621902466,1
0.39258038997650146,1
0.3256968557834625,1
0.4554295837879181,1
0.39380061626434326,1
0.47869014739990234,1
0.3913101851940155,1
0.4810696840286255,1
0.37859100103378296,1
0.4433601498603821,1
0.38616248965263367,1
0.43060195446014404,1
0.43363556265830994,1
0.46008944511413574,1
0.335393488407135,1
0.43511679768562317,1
0.3008340895175934,1
0.4827044606208801,1
0.5794567465782166,1
0.45000356435775757,1
0.2869049608707428,1
0.4232848584651947,1
0.33195555210113525,1
0.4331046938896179,1
0.40885692834854126,1
0.36900240182876587,1
0.43833574652671814,1
0.45281291007995605,1
0.5585517883300781,1
0.5634442567825317,1
0.36312586069107056,1
0.4755888879299164,1
0.6027592420578003,1
0.4002307653427124,1
0.40415501594543457,1
0.38363778591156006,1
0.33572322130203247,1
0.3630865216255188,1
0.4155506193637848,1
0.3602864146232605,1
0.3549979329109192,1
0.4652678370475769,1
0.46035873889923096,1
0.3836180865764618,1
0.2923562526702881,1
0.4042290449142456,1
0.3214656710624695,1
0.43494290113449097,1
0.3800865411758423,1
0.43363744020462036,1
0.3718003034591675,1
0.516801118850708,1
0.414930522441864,1
0.3833807408809662,1
0.4993570148944855,1
0.39146751165390015,1
0.4297387897968292,1
0.38306185603141785,1
0.3337322473526001,1
0.46161535382270813,1
0.526665210723877,1
0.4583284258842468,1
0.44596922397613525,1
0.3477584719657898,1
0.4001551866531372,1
0.32359838485717773,1
0.4219045042991638,1
0.36952459812164307,1
0.4994189143180847,1
0.3276757001876831,1
0.33203408122062683,1
0.43548306822776794,1
0.4275476336479187,1
0.36333009600639343,1
0.49165457487106323,1
0.3608832061290741,1
0.4434156119823456,1
0.3467893600463867,1
0.37554195523262024,1
0.3740497827529907,1
0.42773720622062683,1
0.3661807179450989,1
0.39908093214035034,1
0.48731014132499695,1
0.364787220954895,1
0.3221692442893982,1
0.3088894784450531,1
0.39534828066825867,1
0.5004624724388123,1
0.3902716338634491,1
0.39554673433303833,1
0.37710025906562805,1
0.376232773065567,1
0.48800650238990784,1
0.42427247762680054,1
0.37341248989105225,1
0.46180009841918945,1
0.2476813793182373,1
0.33976995944976807,1
0.544259786605835,1
0.32532036304473877,1
0.4715297818183899,1
0.422770619392395,1
0.4554316997528076,1
0.39630141854286194,1
0.5165970325469971,1
0.3814522325992584,1
0.3853405714035034,1
0.32585835456848145,1
0.5725996494293213,1
0.40992897748947144,1
0.40581023693084717,1
0.34363889694213867,1
0.45836180448532104,1
0.391555517911911,1
0.47933584451675415,1
0.4136621952056885,1
0.35462966561317444,1
0.42953428626060486,1
0.4587039053440094,1
0.3815234303474426,1
0.37518155574798584,1
0.48184311389923096,1
0.6195156574249268,1
0.36073607206344604,1
0.31641095876693726,1
0.5087348818778992,1
0.38753047585487366,1
0.42201530933380127,1
0.3520664572715759,1
0.347724050283432,1
0.43172577023506165,1
0.38204723596572876,1
0.5442733764648438,1
0.3042394816875458,1
0.45223671197891235,1
0.3778720796108246,1
0.4232555031776428,1
0.5479949116706848,1
0.435647189617157,1
0.46435052156448364,1
0.3573154807090759,1
0.3843116760253906,1
0.4452924430370331,1
0.4517937898635864,1
0.38095176219940186,1
0.3111265003681183,1
0.3927517235279083,1
0.4098990559577942,1
0.2826732397079468,1
0.3708946704864502,1
0.35614562034606934,1
0.42753177881240845,1
0.3026551604270935,1
0.38249582052230835,1
0.4021698534488678,1
0.35058730840682983,1
0.4602843225002289,1
0.3142140805721283,1
0.4387229084968567,1
0.3237060308456421,1
0.4362832307815552,1
0.3442147672176361,1
0.3965063691139221,1
0.3523978292942047,1
0.45781582593917847,1
0.4470165967941284,1
0.3090585172176361,1
0.3901008367538452,1
0.4074995219707489,1
0.520581841468811,1
0.45955830812454224,1
0.4179985225200653,1
0.4133823812007904,1
0.45516887307167053,1
0.34650543332099915,1
0.35937026143074036,1
0.3543597459793091,1
0.47953909635543823,1
0.35856300592422485,1
0.3300676941871643,1
0.4697812795639038,1
0.39071035385131836,1
0.4293583035469055,1
0.3934074938297272,1
0.37379807233810425,1
0.4062713086605072,1
0.4061603844165802,1
0.5437289476394653,1
0.3834562301635742,1
0.2836643159389496,1
0.4326457381248474,1
0.23264145851135254,1
0.35625141859054565,1
0.49466124176979065,1
0.475756973028183,1
0.46709713339805603,1
0.3153187036514282,1
0.3601006269454956,1
0.4310687780380249,1
0.3934238851070404,1
0.5130681395530701,1
0.3860487937927246,1
0.37562695145606995,1
0.4117397665977478,1
0.4554925560951233,1
0.39475810527801514,1
0.4060244858264923,1
0.2892726957798004,1
0.31159210205078125,1
0.3109121024608612,1
0.5885928869247437,1
0.3422514498233795,1
0.3010960519313812,1
0.4436691999435425,1
0.5443335771560669,1
0.36714112758636475,1
0.4449229836463928,1
0.43462634086608887,1
0.48031288385391235,1
0.41943472623825073,1
0.43141528964042664,1
0.35221290588378906,1
0.4425787627696991,1
0.5804030299186707,1
0.3283098042011261,1
0.44546952843666077,1
0.4491789937019348,1
0.33390551805496216,1
0.35923510789871216,1
0.40899160504341125,1
0.36102887988090515,1
0.36103761196136475,1
0.4371625483036041,1
0.3278428912162781,1
0.362787663936615,1
0.3885807991027832,1
0.3869001865386963,1
0.38211381435394287,1
0.4054335951805115,1
0.36009684205055237,1
0.3157849907875061,1
0.5128814578056335,1
0.4621545076370239,1
0.5039426684379578,1
0.40400582551956177,1
0.38829612731933594,1
0.3176575005054474,1
0.3608270287513733,1
0.4209333062171936,1
0.4069897532463074,1
0.42122089862823486,1
0.302349328994751,1
0.34650352597236633,1
0.4418829679489136,1
0.4280323088169098,1
0.402168869972229,1
0.38203316926956177,1
0.3214627504348755,1
0.32129842042922974,1
0.4619322121143341,1
0.3471439778804779,1
0.37457263469696045,1
0.5339421033859253,1
0.4485916197299957,1
0.38986608386039734,1
0.46351975202560425,1
0.39693254232406616,1
0.4399757981300354,1
0.4464108645915985,1
0.3994724452495575,1
0.36421239376068115,1
0.43038904666900635,1
0.38114726543426514,1
0.3795474171638489,1
0.4099232852458954,1
0.32607302069664,1
0.4050171673297882,1
0.45987385511398315,1
0.38851672410964966,1
0.3953701853752136,1
0.35554149746894836,1
0.40173453092575073,1
0.4822206199169159,1
0.4340782165527344,1
0.44146937131881714,1
0.46722903847694397,1
0.46502381563186646,1
0.3886168599128723,1
0.3808523416519165,1
0.45559072494506836,1
0.5292567014694214,1
0.5543539524078369,1
0.47764116525650024,1
0.3146638870239258,1
0.4710941016674042,1
0.4244237244129181,1
0.31034034490585327,1
0.35334300994873047,1
0.4300132393836975,1
0.3929213583469391,1
0.3885931968688965,1
0.3508802056312561,1
0.316358357667923,1
0.4153914749622345,1
0.35011547803878784,1
0.4189075827598572,1
0.403706431388855,1
0.4713515341281891,1
0.45354223251342773,1
0.5306943655014038,1
0.3349398374557495,1
0.3160333037376404,1
0.36376214027404785,1
0.6048590540885925,1
0.36717599630355835,1
0.5012523531913757,1
0.31704801321029663,1
0.364400714635849,1
0.4481578469276428,1
0.3515106737613678,1
0.4563923478126526,1
0.3474505841732025,1
0.39223700761795044,1
0.4618746042251587,1
0.4575459659099579,1
0.6020428538322449,1
0.6103240251541138,1
0.4617120027542114,1
0.4100378155708313,1
0.42830032110214233,1
0.4479137063026428,1
0.434337317943573,1
0.39104777574539185,1
0.3927066922187805,1
0.4986588656902313,1
0.38537803292274475,1
0.3868725597858429,1
0.30339640378952026,1
0.379314661026001,1
0.333054780960083,1
0.416183739900589,1
0.38586992025375366,1
0.35478466749191284,1
0.4120904505252838,1
0.4509791135787964,1
0.36526769399642944,1
0.42738258838653564,1
0.44820302724838257,1
0.4100334644317627,1
0.3290756940841675,1
0.2964138388633728,1
0.380702406167984,1
0.3645576238632202,1
0.42325618863105774,1
0.275086909532547,1
0.3626309931278229,1
0.3258410096168518,1
0.4266553223133087,1
0.4320276379585266,1
0.35620734095573425,1
0.43184423446655273,1
0.34330499172210693,1
0.36592304706573486,1
0.4137214720249176,1
0.43479281663894653,1
0.4198317229747772,1
0.41457340121269226,1
0.4656772315502167,1
0.40345731377601624,1
0.34815990924835205,1
0.2994745373725891,1
0.36265671253204346,1
0.3760368227958679,1
0.3562661409378052,1
0.3536987900733948,1
0.4342711865901947,1
0.42859190702438354,1
0.3718889355659485,1
0.44146841764450073,1
0.35055267810821533,1
0.4139368236064911,1
0.3470599949359894,1
0.3423801362514496,1
0.47408026456832886,1
0.3903433680534363,1
0.3446316719055176,1
0.42757347226142883,1
0.3300473690032959,1
0.44753366708755493,1
0.4617771506309509,1
0.4079933166503906,1
0.40837740898132324,1
0.35091888904571533,1
0.5004993677139282,1
0.447684109210968,1
0.3379244804382324,1
0.39462652802467346,1
0.40418541431427,1
0.3158174753189087,1
0.3435841500759125,1
0.41579142212867737,1
0.37139198184013367,1
0.425407737493515,1
0.4076099991798401,1
0.4449012875556946,1
0.3734903037548065,1
0.3950849175453186,1
0.38945436477661133,1
0.4055016338825226,1
0.40461936593055725,1
0.35268908739089966,1
0.35779044032096863,1
0.3542839288711548,1
0.38997334241867065,1
0.4437327980995178,1
0.42769989371299744,1
0.4446982741355896,1
0.44189000129699707,1
0.4303295612335205,1
0.4486287236213684,1
0.33785170316696167,1
0.5097190141677856,1
0.36505112051963806,1
0.3834039866924286,1
0.43857812881469727,1
0.36916792392730713,1
0.32190969586372375,1
0.45841097831726074,1
0.3169795870780945,1
0.5484471917152405,1
0.34824562072753906,1
0.39252933859825134,1
0.3942134976387024,1
0.47939929366111755,1
0.366475909948349,1
0.42434701323509216,1
0.3829485774040222,1
0.34659191966056824,1
0.3544212579727173,1
0.49108266830444336,1
0.5236702561378479,1
0.39238059520721436,1
0.3484714925289154,1
0.3321349024772644,1
0.4367411136627197,1
0.370890736579895,1
0.5072047710418701,1
0.3846539258956909,1
0.36290761828422546,1
0.348222553730011,1
0.48856645822525024,1
0.3876805901527405,1
0.42321351170539856,1
0.3369503915309906,1
0.5000370740890503,1
0.3782106637954712,1
0.33811450004577637,1
0.2985193133354187,1
0.336506187915802,1
0.32884639501571655,1
0.41115450859069824,1
0.37754175066947937,1
0.3743228316307068,1
0.49043163657188416,1
0.3068479299545288,1
0.4674662947654724,1
0.4059121310710907,1
0.4118887186050415,1
0.45500439405441284,1
0.3835951089859009,1
0.4186153709888458,1
0.41803205013275146,1
0.47019270062446594,1
0.37124010920524597,1
0.4364614486694336,1
0.3282628655433655,1
0.36729294061660767,1
0.41954371333122253,1
0.3936093747615814,1
0.2884295880794525,1
0.38700851798057556,1
0.4644002914428711,1
0.4744461178779602,1
0.4080851972103119,1
0.48347118496894836,1
0.4085808992385864,1
0.38209062814712524,1
0.6010869145393372,1
0.42520421743392944,1
0.343275785446167,1
0.28210335969924927,1
0.5207242965698242,1
0.5349166393280029,1
0.35940393805503845,1
0.3780179023742676,1
0.3853919208049774,1
0.36802059412002563,1
0.5306116342544556,1
0.42624935507774353,1
0.4330999255180359,1
0.4454003870487213,1
0.34109777212142944,1
0.46229565143585205,1
0.33394739031791687,1
0.3651396632194519,1
0.5181636214256287,1
0.44201889634132385,1
0.3638467490673065,1
0.3688015937805176,1
0.4432315528392792,1
0.4558025598526001,1
0.3993335962295532,1
0.3441274166107178,1
0.3664442002773285,1
0.40172329545021057,1
0.48713573813438416,1
0.38242852687835693,1
0.3898121416568756,1
0.4870666265487671,1
0.34430474042892456,1
0.4770478308200836,1
0.2770054340362549,1
0.46201980113983154,1
0.36366358399391174,1
0.32568293809890747,1
0.3358030915260315,1
0.34700292348861694,1
0.43819981813430786,1
0.4271910786628723,1
0.4948423206806183,1
0.39045804738998413,1
0.47557517886161804,1
0.41342470049858093,1
0.35058343410491943,1
0.51050865650177,1
0.40122807025909424,1
0.46459412574768066,1
0.33140289783477783,1
0.3630174994468689,1
0.3515060544013977,1
0.3920688033103943,1
0.49071621894836426,1
0.4701698422431946,1
0.2836288511753082,1
0.34960174560546875,1
0.42681288719177246,1
0.35774919390678406,1
0.43039384484291077,1
0.3840790092945099,1
0.6053129434585571,1
0.49566563963890076,1
0.3456622362136841,1
0.3832104802131653,1
0.39279308915138245,1
0.39473751187324524,1
0.32790929079055786,1
0.3902452886104584,1
0.34491053223609924,1
0.38817527890205383,1
0.4074198603630066,1
0.4492596387863159,1
0.3678998351097107,1
0.3733123540878296,1
0.34869012236595154,1
0.40976688265800476,1
0.4860316514968872,1
0.44607412815093994,1
0.42863085865974426,1
0.4179965555667877,1
0.37490832805633545,1
0.3415010869503021,1
0.39572131633758545,1
0.501654863357544,1
0.42767417430877686,1
0.3096316158771515,1
0.44221556186676025,1
0.45837655663490295,1
0.3904535174369812,1
0.38495099544525146,1
0.3241380453109741,1
0.39401063323020935,1
0.34112459421157837,1
0.4126409590244293,1
0.3925934433937073,1
0.5713456869125366,1
0.4230279326438904,1
0.3004032075405121,1
0.34064343571662903,1
0.3469977378845215,1
0.33353090286254883,1
0.43753278255462646,1
0.3614652454853058,1
0.359382688999176,1
0.3894312381744385,1
0.36493831872940063,1
0.4165104627609253,1
0.32770127058029175,1
0.39183980226516724,1
0.3308788537979126,1
0.37752965092658997,1
0.3759463429450989,1
0.5030040144920349,1
0.37688934803009033,1
0.44021767377853394,1
0.38994407653808594,1
0.42525845766067505,1
0.3735906183719635,1
0.3839700222015381,1
0.4289441704750061,1
0.5082305669784546,1
0.5204328894615173,1
0.41223108768463135,1
0.4340367317199707,1
0.340017169713974,1
0.3897177577018738,1
0.40167656540870667,1
0.3836336135864258,1
0.5096046924591064,1
0.5981879830360413,1
0.5381981730461121,1
0.4570770561695099,1
0.34920060634613037,1
0.40556785464286804,1
0.32863563299179077,1
0.4136895537376404,1
0.3866313099861145,1
0.4335748255252838,1
0.2978284955024719,1
0.43181413412094116,1
0.43828457593917847,1
0.37442463636398315,1
0.4424278736114502,1
0.38273054361343384,1
0.4897366166114807,1
0.4171530306339264,1
0.4634018540382385,1
0.29345619678497314,1
0.45631465315818787,1
0.4400343894958496,1
0.36647558212280273,1
0.37694427371025085,1
0.3103386163711548,1
0.3819582462310791,1
0.3211767077445984,1
0.3210679888725281,1
0.40829333662986755,1
0.3701765537261963,1
0.3388074040412903,1
0.3648677468299866,1
0.3748813569545746,1
0.4294999837875366,1
0.3621023893356323,1
0.2942829132080078,1
0.4319174587726593,1
0.4210905432701111,1
0.44757482409477234,1
0.5246504545211792,1
0.49601081013679504,1
0.38805651664733887,1
0.40786871314048767,1
0.27500468492507935,1
0.4119619131088257,1
0.5530632734298706,1
0.43798208236694336,1
0.46772927045822144,1
0.29900503158569336,1
0.3346754312515259,1
0.4283088445663452,1
0.33513277769088745,1
0.4325488209724426,1
0.332566499710083,1
0.35824012756347656,1
0.5117015838623047,1
0.48924222588539124,1
0.37382495403289795,1
0.4094138741493225,1
0.46038705110549927,1
0.5485471487045288,1
0.3443197011947632,1
0.3522952198982239,1
0.3591863214969635,1
0.33969685435295105,1
0.3852604925632477,1
0.3647502660751343,1
0.3766663074493408,1
0.3766081929206848,1
0.3074954152107239,1
0.2778892517089844,1
0.3911553621292114,1
0.3064136207103729,1
0.4014742374420166,1
0.40064993500709534,1
0.44753795862197876,1
0.40014004707336426,1
0.5208290815353394,1
0.3795570135116577,1
0.3513345420360565,1
0.4193941354751587,1
0.4109637439250946,1
0.46334272623062134,1
0.46962597966194153,1
0.47950857877731323,1
0.4577467441558838,1
0.41870179772377014,1
0.4101525545120239,1
0.39580661058425903,1
0.32011687755584717,1
0.5317544937133789,1
0.36259037256240845,1
0.3509652018547058,1
0.29986023902893066,1
0.3561081886291504,1
0.35413259267807007,1
0.4671107530593872,1
0.31312769651412964,1
0.37416061758995056,1
0.3623705506324768,1
0.40558910369873047,1
0.525065004825592,1
0.401703417301178,1
0.3562782406806946,1
0.38955822587013245,1
0.44199806451797485,1
0.3331577181816101,1
0.3585687279701233,1
0.3988848924636841,1
0.36373406648635864,1
0.4896513819694519,1
0.4100501239299774,1
0.4137798249721527,1
0.3717564344406128,1
0.3936499059200287,1
0.3807982802391052,1
0.5045074820518494,1
0.3144426643848419,1
0.46671608090400696,1
0.4382038712501526,1
0.5409420728683472,1
0.34475475549697876,1
0.4275773763656616,1
0.35959184169769287,1
0.4932420551776886,1
0.36500686407089233,1
0.35129284858703613,1
0.37301701307296753,1
0.5273552536964417,1
0.40038225054740906,1
0.4518812596797943,1
0.42544829845428467,1
0.4158834218978882,1
0.3857506215572357,1
0.4761381149291992,1
0.39502251148223877,1
0.47103962302207947,1
0.3282421827316284,1
0.3227687478065491,1
0.47901424765586853,1
0.4416349232196808,1
0.31841906905174255,1
0.3212742209434509,1
0.32269829511642456,1
0.354950875043869,1
0.35717740654945374,1
0.4049534797668457,1
0.3384087085723877,1
0.370157927274704,1
0.33637163043022156,1
0.3873894512653351,1
0.4240753650665283,1
0.35842302441596985,1
0.44110268354415894,1
0.41197091341018677,1
0.425721675157547,1
0.4040359556674957,1
0.388128399848938,1
0.4271456003189087,1
0.4002160429954529,1
0.4063129723072052,1
0.32106781005859375,1
0.4424515962600708,1
0.2994779944419861,1
0.47857314348220825,1
0.3300889730453491,1
0.468104749917984,1
0.41100284457206726,1
0.5194629430770874,1
0.3934040069580078,1
0.4077723026275635,1
0.42173460125923157,1
0.34789520502090454,1
0.5093134641647339,1
0.48513132333755493,1
0.30551332235336304,1
0.324161171913147,1
0.5247370600700378,1
0.4353211224079132,1
0.47316938638687134,1
0.461093932390213,1
0.3354809284210205,1
0.3737391233444214,1
0.6015743613243103,1
0.3494347929954529,1
0.36357536911964417,1
0.3626571595668793,1
0.3555558919906616,1
0.37177127599716187,1
0.46662092208862305,1
0.37997156381607056,1
0.3413313925266266,1
0.4244474768638611,1
0.4975324869155884,1
0.3703731298446655,1
0.3425658643245697,1
0.4172130823135376,1
0.36074280738830566,1
0.5396126508712769,1
0.36922067403793335,1
0.46236279606819153,1
0.3927724361419678,1
0.38635504245758057,1
0.4052935242652893,1
0.40163761377334595,1
0.37884262204170227,1
0.4143647253513336,1
0.38945144414901733,1
0.369045615196228,1
0.30100172758102417,1
0.2944756746292114,1
0.459530770778656,1
0.2865428030490875,1
0.45218542218208313,1
0.2728542685508728,1
0.4057084619998932,1
0.3173043131828308,1
0.32159554958343506,1
0.37181586027145386,1
0.3607286810874939,1
0.4622020721435547,1
0.34685441851615906,1
0.327650249004364,1
0.4503195881843567,1
0.31074467301368713,1
0.5262666940689087,1
0.4150393009185791,1
0.44667574763298035,1
0.3273225426673889,1
0.3975880742073059,1
0.4392549991607666,1
0.39517712593078613,1
0.4940347373485565,1
0.4752703309059143,1
0.3166981339454651,1
0.3182657063007355,1
0.345838725566864,1
0.3218572735786438,1
0.3936289846897125,1
0.4847505986690521,1
0.43439358472824097,1
0.3481583595275879,1
0.44796568155288696,1
0.36584562063217163,1
0.28123030066490173,1
0.4713844358921051,1
0.46879881620407104,1
0.39612966775894165,1
0.46226492524147034,1
0.4201350808143616,1
0.34419965744018555,1
0.401875764131546,1
0.4076586961746216,1
0.32575881481170654,1
0.3234219253063202,1
0.4841114282608032,1
0.35936638712882996,1
0.28980135917663574,1
0.4143732488155365,1
0.3187335729598999,1
0.47135913372039795,1
0.33061903715133667,1
0.43439698219299316,1
0.3630519509315491,1
0.36705392599105835,1
0.42679721117019653,1
0.4556352496147156,1
0.28868961334228516,1
0.42531275749206543,1
0.40808168053627014,1
0.30437231063842773,1
0.32159388065338135,1
0.4611174464225769,1
0.3426459729671478,1
0.4321468770503998,1
0.40110212564468384,1
0.515382707118988,1
0.44569501280784607,1
0.34969112277030945,1
0.4909442663192749,1
0.45875120162963867,1
0.38289952278137207,1
0.2967774569988251,1
0.3849220275878906,1
0.38115230202674866,1
0.4653559625148773,1
0.33341774344444275,1
0.5170120000839233,1
0.47353729605674744,1
0.4200986921787262,1
0.5149335861206055,1
0.3378051817417145,1
0.4496327042579651,1
0.4778696298599243,1
0.45828741788864136,1
0.3721376359462738,1
0.3774394989013672,1
0.3026675581932068,1
0.35240331292152405,1
0.35706019401550293,1
0.4209524393081665,1
0.31075865030288696,1
0.3940320312976837,1
0.40384340286254883,1
0.4089508056640625,1
0.4183286428451538,1
0.473345547914505,1
0.40073803067207336,1
0.4331972002983093,1
0.552892804145813,1
0.44162869453430176,1
0.43606799840927124,1
0.3825049102306366,1
0.5647962093353271,1
0.40649139881134033,1
0.32777631282806396,1
0.3100211024284363,1
0.38043567538261414,1
0.4562547206878662,1
0.30806392431259155,1
0.4000645875930786,1
0.34223875403404236,1
0.42283767461776733,1
0.3688444495201111,1
0.3453626036643982,1
0.363345742225647,1
0.35610049962997437,1
0.48891347646713257,1
0.3801005482673645,1
0.41916900873184204,1
0.32549071311950684,1
0.463021457195282,1
0.4435054659843445,1
0.328732967376709,1
0.4214252233505249,1
0.4104718565940857,1
0.39549052715301514,1
0.3575543761253357,1
0.48960670828819275,1
0.2847491502761841,1
0.4116068482398987,1
0.40063974261283875,1
0.4039527177810669,1
0.36746007204055786,1
0.338415265083313,1
0.46665340662002563,1
0.3634275197982788,1
0.4022517502307892,1
0.39030712842941284,1
0.38904523849487305,1
0.3218189477920532,1
0.31177473068237305,1
0.3669237494468689,1
0.37505942583084106,1
0.3896089196205139,1
0.41674456000328064,1
0.43024659156799316,1
0.35531914234161377,1
0.41734957695007324,1
0.5636312961578369,1
0.3679356575012207,1
0.4261721968650818,1
0.39241257309913635,1
0.32943156361579895,1
0.3555636703968048,1
0.34875422716140747,1
0.480775386095047,1
0.41778701543807983,1
0.38768187165260315,1
0.41833657026290894,1
0.4154139757156372,1
0.3321113586425781,1
0.32788321375846863,1
0.3873206079006195,1
0.5256412625312805,1
0.42449674010276794,1
0.5119646191596985,1
0.36115437746047974,1
0.3206251859664917,1
0.4287508726119995,1
0.43264517188072205,1
0.6217567920684814,1
0.33812183141708374,1
0.3348798155784607,1
0.3551448881626129,1
0.45853471755981445,1
0.37193596363067627,1
0.4353416860103607,1
0.43091335892677307,1
0.41318368911743164,1
0.436951607465744,1
0.47713038325309753,1
0.37755802273750305,1
0.3887968063354492,1
0.451535701751709,1
0.4139595031738281,1
0.43706345558166504,1
0.4076426029205322,1
0.31364724040031433,1
0.3977295160293579,1
0.47985634207725525,1
0.40373164415359497,1
0.36494967341423035,1
0.41302311420440674,1
0.35926371812820435,1
0.3004811406135559,1
0.39140117168426514,1
0.3367411196231842,1
0.3336455821990967,1
0.3372570276260376,1
0.40176254510879517,1
0.4488752782344818,1
0.3811345398426056,1
0.34254318475723267,1
0.4434005320072174,1
0.37066650390625,1
0.40964579582214355,1
0.41611698269844055,1
0.44758620858192444,1
0.3690331280231476,1
0.3584775924682617,1
0.4223591685295105,1
0.35235917568206787,1
0.42232346534729004,1
0.4182542562484741,1
0.3268883526325226,1
0.3841170370578766,1
0.34625163674354553,1
0.35827094316482544,1
0.4280065894126892,1
0.4166698157787323,1
0.37440335750579834,1
0.4141972064971924,1
0.31971630454063416,1
0.4313974976539612,1
0.3777675926685333,1
0.32701575756073,1
0.42802339792251587,1
0.47074341773986816,1
0.44105809926986694,1
0.36282578110694885,1
0.35734322667121887,1
0.4519423842430115,1
0.3782896399497986,1
0.4954361915588379,1
0.3612004220485687,1
0.45953720808029175,1
0.4262774586677551,1
0.5473789572715759,1
0.342147558927536,1
0.2871020436286926,1
0.42138147354125977,1
0.30540961027145386,1
0.36044183373451233,1
0.4260548949241638,1
0.3938610851764679,1
0.3348362147808075,1
0.4583588242530823,1
0.3547719419002533,1
0.38061314821243286,1
0.5105730295181274,1
0.3702548146247864,1
0.34178870916366577,1
0.35316556692123413,1
0.4374672472476959,1
0.40939146280288696,1
0.5496230721473694,1
0.38578763604164124,1
0.4918888509273529,1
0.4048881530761719,1
0.3987746238708496,1
0.36998170614242554,1
0.4220525026321411,1
0.42746108770370483,1
0.4563884735107422,1
0.36329105496406555,1
0.4111612141132355,1
0.35374435782432556,1
0.399688184261322,1
0.3691933751106262,1
0.33030933141708374,1
0.6008917093276978,1
0.5386422276496887,1
0.28863975405693054,1
0.3969188928604126,1
0.3727753758430481,1
0.40276899933815,1
0.36729586124420166,1
0.3728315234184265,1
0.3940221667289734,1
0.44746488332748413,1
0.36618858575820923,1
0.3007085621356964,1
0.5115029811859131,1
0.44817039370536804,1
0.5647614002227783,1
0.36556896567344666,1
0.35595375299453735,1
0.3521982431411743,1
0.3654922842979431,1
0.4735337495803833,1
0.5366148352622986,1
0.44267576932907104,1
0.5143572688102722,1
0.3862661123275757,1
0.35791313648223877,1
0.40664535760879517,1
0.3644716739654541,1
0.3515836298465729,1
0.3335278630256653,1
0.38926586508750916,1
0.4083055853843689,1
0.4631813168525696,1
0.4559032618999481,1
0.4312291145324707,1
0.39635932445526123,1
0.30297720432281494,1
0.45738500356674194,1
0.3104206323623657,1
0.47300148010253906,1
0.3783342242240906,1
0.5699529647827148,1
0.4084741771221161,1
0.3210439682006836,1
0.29420924186706543,1
0.3706315755844116,1
0.39723020792007446,1
0.26947060227394104,1
0.41189146041870117,1
0.46964582800865173,1
0.37456658482551575,1
0.3785600960254669,1
0.5357670187950134,1
0.5173751711845398,1
0.3765774369239807,1
0.3470665216445923,1
0.4294707477092743,1
0.38738101720809937,1
0.3469012379646301,1
0.47738996148109436,1
0.3494201600551605,1
0.36451101303100586,1
0.4852742552757263,1
0.5173340439796448,1
0.3486240804195404,1
0.44159018993377686,1
0.30267876386642456,1
0.40191271901130676,1
0.317884624004364,1
0.3524404764175415,1
0.42100220918655396,1
0.3920762538909912,1
0.42345836758613586,1
0.4930325746536255,1
0.39014551043510437,1
0.4185214042663574,1
0.4205150306224823,1
0.4306313395500183,1
0.3802199363708496,1
0.39249271154403687,1
0.3865327835083008,1
0.3430664539337158,1
0.4491298794746399,1
0.4848547577857971,1
0.4682416617870331,1
0.3974863290786743,1
0.39425230026245117,1
0.3693620562553406,1
0.416789174079895,1
0.34296631813049316,1
0.4513731896877289,1
0.4050086438655853,1
0.4387308955192566,1
0.49804583191871643,1
0.41783633828163147,1
0.3350888788700104,1
0.37827038764953613,1
0.3701198697090149,1
0.4610713720321655,1
0.45836251974105835,1
0.45652928948402405,1
0.3753175735473633,1
0.35710227489471436,1
0.4442880153656006,1
0.3409549593925476,1
0.406454861164093,1
0.37355759739875793,1
0.4404101073741913,1
0.40049320459365845,1
0.42315956950187683,1
0.43340975046157837,1
0.5413686037063599,1
0.4644834101200104,1
0.3935113549232483,1
0.4400685131549835,1
0.3710499107837677,1
0.39186662435531616,1
0.4293256998062134,1
0.47349274158477783,1
0.38212138414382935,1
0.5050033330917358,1
0.43740686774253845,1
0.44546690583229065,1
0.415048748254776,1
0.38470619916915894,1
0.4896889328956604,1
0.5007565021514893,1
0.33546680212020874,1
0.5011269450187683,1
0.32196637988090515,1
0.3295189440250397,1
0.373468816280365,1
0.35296401381492615,1
0.39810407161712646,1
0.35913515090942383,1
0.4680235981941223,1
0.3959498107433319,1
0.380276620388031,1
0.36203962564468384,1
0.36798548698425293,1
0.3609832525253296,1
0.474784255027771,1
0.38401561975479126,1
0.4593183696269989,1
0.4208281636238098,1
0.40954023599624634,1
0.361224889755249,1
0.4912036061286926,1
0.36291438341140747,1
0.34721189737319946,1
0.480501651763916,1
0.4528849422931671,1
0.5678486824035645,1
0.40473824739456177,1
0.38420599699020386,1
0.4144436717033386,1
0.4483672082424164,1
0.3366057872772217,1
0.4277922511100769,1
0.37691831588745117,1
0.3912280201911926,1
0.3801461458206177,1
0.4007529020309448,1
0.35352715849876404,1
0.42922770977020264,1
0.4150487184524536,1
0.38226965069770813,1
0.28978466987609863,1
0.3742177188396454,1
0.41630738973617554,1
0.38639456033706665,1
0.3850325047969818,1
0.3710688650608063,1
0.41073596477508545,1
0.4482802748680115,1
0.3742768168449402,1
0.42758768796920776,1
0.46536436676979065,1
0.52055424451828,1
0.32382655143737793,1
0.42595815658569336,1
0.32734155654907227,1
0.3741075396537781,1
0.5773036479949951,1
0.389728307723999,1
0.3154205083847046,1
0.4099377393722534,1
0.3729383945465088,1
0.5165137648582458,1
0.3955498933792114,1
0.4348194897174835,1
0.46490082144737244,1
0.4042966365814209,1
0.31124526262283325,1
0.4319736361503601,1
0.2809685170650482,1
0.4058762192726135,1
0.431978315114975,1
0.4035079777240753,1
0.3768587112426758,1
0.3908078670501709,1
0.4241008162498474,1
0.6320623159408569,1
0.421339213848114,1
0.3525511920452118,1
0.4559725224971771,1
0.3412739038467407,1
0.40288710594177246,1
0.3829970955848694,1
0.45584607124328613,1
0.3969709873199463,1
0.38854923844337463,1
0.43475642800331116,1
0.4193315804004669,1
0.4920414388179779,1
0.48169103264808655,1
0.45142242312431335,1
0.44771015644073486,1
0.34870198369026184,1
0.47629064321517944,1
0.46965932846069336,1
0.39981478452682495,1
0.3304026126861572,1
0.43842366337776184,1
0.3711361885070801,1
0.3166934847831726,1
0.4794582724571228,1
0.3018361032009125,1
0.37695568799972534,1
0.5047311782836914,1
0.4661080539226532,1
0.3085537552833557,1
0.3712931275367737,1
0.4009323716163635,1
0.4014590382575989,1
0.3466508686542511,1
0.47228413820266724,1
0.4422057867050171,1
0.34540021419525146,1
0.40004223585128784,1
0.36858320236206055,1
0.42992764711380005,1
0.2939237356185913,1
0.3784850537776947,1
0.42682528495788574,1
0.5392362475395203,1
0.4848242700099945,1
0.43591606616973877,1
0.37710314989089966,1
0.4021579623222351,1
0.3109498620033264,1
0.361551433801651,1
0.43639659881591797,1
0.2789209187030792,1
0.42645418643951416,1
0.4121643900871277,1
0.4560432732105255,1
0.370351642370224,1
0.3777247369289398,1
0.4021029472351074,1
0.5534242391586304,1
0.4237571954727173,1
0.3651562035083771,1
0.31772011518478394,1
0.3850988745689392,1
0.45724716782569885,1
0.28165459632873535,1
0.33305788040161133,1
0.41292887926101685,1
0.3905707001686096,1
0.48671144247055054,1
0.5596507787704468,1
0.4004969596862793,1
0.33545589447021484,1
0.4621591567993164,1
0.3947575092315674,1
0.3807983994483948,1
0.39922237396240234,1
0.41448909044265747,1
0.3821384310722351,1
0.3985697627067566,1
0.40646928548812866,1
0.36027348041534424,1
0.3609023094177246,1
0.3430693745613098,1
0.568732500076294,1
0.3917071521282196,1
0.38585150241851807,1
0.5233147144317627,1
0.33536022901535034,1
0.42363008856773376,1
0.29055535793304443,1
0.4338444471359253,1
0.4028840959072113,1
0.4238588511943817,1
0.41482776403427124,1
0.39090514183044434,1
0.3254980444908142,1
0.41999945044517517,1
0.43670183420181274,1
0.4869527816772461,1
0.3960258662700653,1
0.35518231987953186,1
0.4092739224433899,1
0.35380011796951294,1
0.4069625735282898,1
0.4269522428512573,1
0.305046409368515,1
0.6374361515045166,1
0.4296160340309143,1
0.3363649249076843,1
0.46041369438171387,1
0.5299835801124573,1
0.4237588047981262,1
0.391745924949646,1
0.4532853662967682,1
0.4373129606246948,1
0.30527347326278687,1
0.3931954503059387,1
0.48212143778800964,1
0.44670864939689636,1
0.3624252676963806,1
0.3287813663482666,1
0.4197799563407898,1
0.4859080910682678,1
0.5214517712593079,1
0.4439418315887451,1
0.2966691255569458,1
0.3735278248786926,1
0.4223872423171997,1
0.4920866787433624,1
0.460232138633728,1
0.3403360843658447,1
0.5263009071350098,1
0.33785563707351685,1
0.44214022159576416,1
0.4460581839084625,1
0.4472522735595703,1
0.41505563259124756,1
0.4924052953720093,1
0.46566611528396606,1
0.44479870796203613,1
0.5044452548027039,1
0.4166012406349182,1
0.4139564037322998,1
0.4430423378944397,1
0.41847968101501465,1
0.5077139139175415,1
0.31496888399124146,1
0.4395863711833954,1
0.39178115129470825,1
0.3438014090061188,1
0.33388280868530273,1
0.45773547887802124,1
0.3549154996871948,1
0.4327518939971924,1
0.35035645961761475,1
0.358450323343277,1
0.4605911374092102,1
0.47586607933044434,1
0.4298275411128998,1
0.3848363757133484,1
0.4523290991783142,1
0.5376965403556824,1
0.4927692413330078,1
0.3749842941761017,1
0.39351242780685425,1
0.36101245880126953,1
0.5222296118736267,1
0.37400439381599426,1
0.47031235694885254,1
0.45826825499534607,1
0.4177076816558838,1
0.38519883155822754,1
0.44473403692245483,1
0.38923540711402893,1
0.3487039804458618,1
0.4783081114292145,1
0.49216288328170776,1
0.3391190767288208,1
0.5324831008911133,1
0.4687143564224243,1
0.432708740234375,1
0.4506393373012543,1
0.4246222972869873,1
0.4397881329059601,1
0.41122978925704956,1
0.4540039300918579,1
0.3859204053878784,1
0.42150092124938965,1
0.34697437286376953,1
0.33690711855888367,1
0.3243449628353119,1
0.3762969374656677,1
0.4578854441642761,1
0.3519686460494995,1
0.4073752760887146,1
0.4543232321739197,1
0.4161216914653778,1
0.39448681473731995,1
0.527697741985321,1
0.4313933849334717,1
0.4863673150539398,1
0.3405667841434479,1
0.4277324080467224,1
0.4186761975288391,1
0.42058873176574707,1
0.4254750609397888,1
0.48518842458724976,1
0.4361988306045532,1
0.4764500856399536,1
0.359024316072464,1
0.43502089381217957,1
0.3499966263771057,1
0.34606146812438965,1
0.4386516809463501,1
0.49551352858543396,1
0.3404868245124817,1
0.36200597882270813,1
0.35617387294769287,1
0.47349637746810913,1
0.3577234148979187,1
0.4510876536369324,1
0.3769870400428772,1
0.45352959632873535,1
0.395025372505188,1
0.472930908203125,1
0.37146127223968506,1
0.45179930329322815,1
0.44077083468437195,1
0.42726778984069824,1
0.37294721603393555,1
0.3278489112854004,1
0.3892070949077606,1
0.3212966322898865,1
0.4161422848701477,1
0.4265561103820801,1
0.36987876892089844,1
0.3998812437057495,1
0.40291187167167664,1
0.38002142310142517,1
0.3279981315135956,1
0.3562934994697571,1
0.28995832800865173,1
0.4147677421569824,1
0.44672489166259766,1
0.3831283152103424,1
0.4534733295440674,1
0.38704606890678406,1
0.4555344879627228,1
0.42763927578926086,1
0.45764175057411194,1
0.44255775213241577,1
0.4120137393474579,1
0.4977372884750366,1
0.35736003518104553,1
0.3968845009803772,1
0.44583970308303833,1
0.45345860719680786,1
0.34607836604118347,1
0.4255870580673218,1
0.395345538854599,1
0.469084769487381,1
0.43234044313430786,1
0.40495553612709045,1
0.2805309295654297,1
0.32895776629447937,1
0.4089050889015198,1
0.4010716676712036,1
0.46388325095176697,1
0.4755697250366211,1
0.36550357937812805,1
0.397823691368103,1
0.3370971083641052,1
0.3209695816040039,1
0.382455050945282,1
0.42028823494911194,1
0.32132720947265625,1
0.3224283456802368,1
0.4136292040348053,1
0.27161988615989685,1
0.37936168909072876,1
0.432734876871109,1
0.329413503408432,1
0.3655526638031006,1
0.3254690170288086,1
0.3508453071117401,1
0.3265506327152252,1
0.4027363955974579,1
0.36558637022972107,1
0.5085484981536865,1
0.24250857532024384,1
0.41077810525894165,1
0.4089311361312866,1
0.3712471127510071,1
0.35520875453948975,1
0.4059513807296753,1
0.34006375074386597,1
0.2997535169124603,1
0.41889041662216187,1
0.3132641017436981,1
0.3054080009460449,1
0.254528284072876,1
0.44506293535232544,1
0.4778107702732086,1
0.34716522693634033,1
0.37025368213653564,1
0.3540763258934021,1
0.4814663529396057,1
0.40675702691078186,1
0.4237777888774872,1
0.4701392650604248,1
0.3694186210632324,1
0.3839157819747925,1
0.3348475694656372,1
0.6151833534240723,1
0.3201601803302765,1
0.4628413915634155,1
0.39590272307395935,1
0.3637527525424957,1
0.44757896661758423,1
0.4917445480823517,1
0.3782162070274353,1
0.49107933044433594,1
0.4010317921638489,1
0.4700126051902771,1
0.42313435673713684,1
0.4070621132850647,1
0.3943524956703186,1
0.4072785973548889,1
0.35016754269599915,1
0.36655479669570923,1
0.36471039056777954,1
0.41520094871520996,1
0.4423433542251587,1
0.42159217596054077,1
0.33553627133369446,1
0.3826548457145691,1
0.3281157910823822,1
0.45658227801322937,1
0.4400394558906555,1
0.5295599699020386,1
0.3476974368095398,1
0.27926158905029297,1
0.40605250000953674,1
0.37944239377975464,1
0.48220497369766235,1
0.39398130774497986,1
0.4400145411491394,1
0.4038013815879822,1
0.3807145953178406,1
0.40139615535736084,1
0.44728168845176697,1
0.4366653561592102,1
0.40251272916793823,1
0.4607980251312256,1
0.48482653498649597,1
0.3965383768081665,1
0.336594820022583,1
0.4925509989261627,1
0.3489956855773926,1
0.3619982600212097,1
0.4557110667228699,1
0.4617440104484558,1
0.3734111189842224,1
0.347196102142334,1
0.47292768955230713,1
0.3253783881664276,1
0.498257040977478,1
0.371977299451828,1
0.5044656991958618,1
0.4476703703403473,1
0.35930708050727844,1
0.34485360980033875,1
0.3937282860279083,1
0.3565112352371216,1
0.38897085189819336,1
0.2911524772644043,1
0.4172224700450897,1
0.362451434135437,1
0.43284478783607483,1
0.349912166595459,1
0.3293619155883789,1
0.48343873023986816,1
0.41094061732292175,1
0.3943381607532501,1
0.3559662699699402,1
0.40765443444252014,1
0.38861513137817383,1
0.4934384822845459,1
0.4157973825931549,1
0.4345964193344116,1
0.2911033034324646,1
0.463321328163147,1
0.43036943674087524,1
0.24235421419143677,1
0.38745591044425964,1
0.37464603781700134,1
0.2886355519294739,1
0.46766412258148193,1
0.3386753797531128,1
0.34708714485168457,1
0.4180404841899872,1
0.3265394866466522,1
0.3519788384437561,1
0.4217555522918701,1
0.40253573656082153,1
0.40351635217666626,1
0.46279263496398926,1
0.34841132164001465,1
0.4880756139755249,1
0.43201744556427,1
0.4666099548339844,1
0.3353251814842224,1
0.4003976583480835,1
0.48584115505218506,1
0.41836223006248474,1
0.41387808322906494,1
0.45931336283683777,1
0.42364701628685,1
0.5385481119155884,1
0.4487227201461792,1
0.43207186460494995,1
0.4008657932281494,1
0.3698267936706543,1
0.3795848488807678,1
0.3380017876625061,1
0.27768540382385254,1
0.3702462911605835,1
0.5142724514007568,1
0.45050233602523804,1
0.3679647147655487,1
0.330537885427475,1
0.4460640847682953,1
0.4323217272758484,1
0.35230880975723267,1
0.3580741882324219,1
0.4492341876029968,1
0.3870910406112671,1
0.38067784905433655,1
0.4655941128730774,1
0.39062392711639404,1
0.4179726243019104,1
0.5352476835250854,1
0.42825862765312195,1
0.47258225083351135,1
0.4474591612815857,1
0.4334147274494171,1
0.46017885208129883,1
0.49570178985595703,1
0.500558614730835,1
0.3508051335811615,1
0.4594658613204956,1
0.4981958866119385,1
0.344783753156662,1
0.2815929055213928,1
0.48844653367996216,1
0.39112961292266846,1
0.4610399603843689,1
0.43999171257019043,1
0.41627854108810425,1
0.4504719376564026,1
0.44394469261169434,1
0.41744616627693176,1
0.4802020788192749,1
0.32509100437164307,1
0.47555243968963623,1
0.4702206254005432,1
0.44478389620780945,1
0.36664554476737976,1
0.4731415808200836,1
0.46746382117271423,1
0.4339117705821991,1
0.41634517908096313,1
0.5814498066902161,1
0.40060314536094666,1
0.27813291549682617,1
0.5458397269248962,1
0.38817906379699707,1
0.39031463861465454,1
0.41609570384025574,1
0.5876307487487793,1
0.4448557198047638,1
0.444326788187027,1
0.3241718113422394,1
0.4714738726615906,1
0.3588048219680786,1
0.4066431522369385,1
0.49771302938461304,1
0.5110814571380615,1
0.4033524990081787,1
0.3241199553012848,1
0.34177297353744507,1
0.3574497103691101,1
0.4072265625,1
0.3815377950668335,1
0.4142184853553772,1
0.4579748213291168,1
0.4861461818218231,1
0.4414418637752533,1
0.45809507369995117,1
0.4223882257938385,1
0.377225399017334,1
0.36537766456604004,1
0.3731921315193176,1
0.4512585997581482,1
0.4375247359275818,1
0.4701351523399353,1
0.3238917589187622,1
0.35524600744247437,1
0.47667527198791504,1
0.4509791135787964,1
0.3809196352958679,1
0.40909335017204285,1
0.37300240993499756,1
0.4225076735019684,1
0.33933162689208984,1
0.43243980407714844,1
0.4024958908557892,1
0.3604334890842438,1
0.4395914077758789,1
0.5509926080703735,1
0.43601250648498535,1
0.4238336980342865,1
0.31759870052337646,1
0.4438433051109314,1
0.4622132182121277,1
0.38244572281837463,1
0.45049697160720825,1
0.5255640149116516,1
0.46211308240890503,1
0.414756715297699,1
0.4418010711669922,1
0.36048316955566406,1
0.3212810158729553,1
0.4053340554237366,1
0.46914663910865784,1
0.4161035418510437,1
0.37054020166397095,1
0.37138161063194275,1
0.3851604461669922,1
0.314913272857666,1
0.28566986322402954,1
0.3664407730102539,1
0.36117982864379883,1
0.3826710283756256,1
0.32061922550201416,1
0.3825422525405884,1
0.3718307614326477,1
0.4389546513557434,1
0.43460530042648315,1
0.4417945444583893,1
0.39518463611602783,1
0.4089018702507019,1
0.43604931235313416,1
0.41343119740486145,1
0.37490415573120117,1
0.3856755495071411,1
0.38775020837783813,1
0.362432599067688,1
0.41696473956108093,1
0.41478267312049866,1
0.38529056310653687,1
0.487836092710495,1
0.4142186939716339,1
0.2949202060699463,1
0.43072596192359924,1
0.4483520984649658,1
0.49593496322631836,1
0.43583428859710693,1
0.39011329412460327,1
0.4220227599143982,1
0.38540706038475037,1
0.4021037220954895,1
0.42765581607818604,1
0.3020211458206177,1
0.38050568103790283,1
0.35192134976387024,1
0.39523160457611084,1
0.3928382098674774,1
0.40029704570770264,1
0.3909159302711487,1
0.4052982032299042,1
0.4627887010574341,1
0.4624614715576172,1
0.49978241324424744,1
0.41781315207481384,1
0.4148811399936676,1
0.4279516041278839,1
0.3761045038700104,1
0.29016831517219543,1
0.39942389726638794,1
0.4384898841381073,1
0.517629861831665,1
0.42083048820495605,1
0.35659265518188477,1
0.41443678736686707,1
0.35811367630958557,1
0.4111766815185547,1
0.3639678955078125,1
0.3656247854232788,1
0.31693246960639954,1
0.4499620199203491,1
0.39233076572418213,1
0.5373576283454895,1
0.45604217052459717,1
0.3983255624771118,1
0.4343949258327484,1
0.412115216255188,1
0.4442574083805084,1
0.4124346375465393,1
0.324887216091156,1
0.36478620767593384,1
0.38651829957962036,1
0.32270246744155884,1
0.3845630884170532,1
0.44840139150619507,1
0.4314112961292267,1
0.459072470664978,1
0.5741103887557983,1
0.35633376240730286,1
0.4357084035873413,1
0.42306801676750183,1
0.47789573669433594,1
0.35785216093063354,1
0.507732629776001,1
0.40172630548477173,1
0.3140883445739746,1
0.3913511335849762,1
0.430544376373291,1
0.5071890354156494,1
0.4995158910751343,1
0.3488694727420807,1
0.3501017391681671,1
0.500312864780426,1
0.4804331362247467,1
0.47111600637435913,1
0.37398561835289,1
0.4700194299221039,1
0.36087173223495483,1
0.3916621208190918,1
0.4047670066356659,1
0.42031145095825195,1
0.31692320108413696,1
0.4402422606945038,1
0.4866292476654053,1
0.413339227437973,1
0.38339290022850037,1
0.34792208671569824,1
0.4081534147262573,1
0.3942590355873108,1
0.4258368909358978,1
0.41103553771972656,1
0.319913387298584,1
0.5620461702346802,1
0.4317936897277832,1
0.3322216272354126,1
0.36749178171157837,1
0.47587984800338745,1
0.4532932639122009,1
0.4699636697769165,1
0.378670334815979,1
0.4761742651462555,1
0.3351149260997772,1
0.5018588304519653,1
0.39544886350631714,1
0.2919257581233978,1
0.40814751386642456,1
0.3688477873802185,1
0.432253897190094,1
0.40076446533203125,1
0.4254569411277771,1
0.309937447309494,1
0.34036633372306824,1
0.3853069543838501,1
0.39259135723114014,1
0.435513436794281,1
0.3001099228858948,1
0.42913711071014404,1
0.37896332144737244,1
0.311305433511734,1
0.36833468079566956,1
0.3598719835281372,1
0.30489251017570496,1
0.3624618947505951,1
0.4634574055671692,1
0.44815951585769653,1
0.3850604295730591,1
0.36907875537872314,1
0.573693037033081,1
0.5217006802558899,1
0.408031702041626,1
0.43143826723098755,1
0.38758814334869385,1
0.34071120619773865,1
0.3438723683357239,1
0.26367801427841187,1
0.371175080537796,1
0.6191011071205139,1
0.35948067903518677,1
0.33896830677986145,1
0.4325195848941803,1
0.3011878728866577,1
0.33322733640670776,1
0.4756685793399811,1
0.3945724368095398,1
0.4109664559364319,1
0.36307698488235474,1
0.4263492822647095,1
0.3727443218231201,1
0.5692779421806335,1
0.41049647331237793,1
0.5192810297012329,1
0.3768353760242462,1
0.3987358510494232,1
0.5092143416404724,1
0.4570467174053192,1
0.3265966773033142,1
0.5239644050598145,1
0.4890710115432739,1
0.5932971835136414,1
0.34420958161354065,1
0.43297430872917175,1
0.3845725953578949,1
0.3836100697517395,1
0.3336770832538605,1
0.38905954360961914,1
0.3191775679588318,1
0.32877177000045776,1
0.4041178226470947,1
0.3464929461479187,1
0.3141736686229706,1
0.2603033781051636,1
0.43406209349632263,1
0.33992379903793335,1
0.34036585688591003,1
0.3691568970680237,1
0.3976881504058838,1
0.40606528520584106,1
0.4183676838874817,1
0.46835899353027344,1
0.439633846282959,1
0.4434242844581604,1
0.45409247279167175,1
0.34818264842033386,1
0.5119283199310303,1
0.47777071595191956,1
0.3253588378429413,1
0.49760448932647705,1
0.48634588718414307,1
0.3223741948604584,1
0.4307386875152588,1
0.35890400409698486,1
0.3415825664997101,1
0.35197994112968445,1
0.3893643021583557,1
0.5193946957588196,1
0.3444880545139313,1
0.32084769010543823,1
0.2525011897087097,1
0.4970920979976654,1
0.34830790758132935,1
0.30726882815361023,1
0.35372763872146606,1
0.35467955470085144,1
0.3655265271663666,1
0.5131748914718628,1
0.4494202136993408,1
0.32314667105674744,1
0.5974040031433105,1
0.3788849115371704,1
0.3059931993484497,1
0.28591668605804443,1
0.5474873185157776,1
0.4389573633670807,1
0.28870075941085815,1
0.3786676526069641,1
0.4740651249885559,1
0.4726167321205139,1
0.4378916621208191,1
0.4309331774711609,1
0.5182770490646362,1
0.3144237697124481,1
0.4258973002433777,1
0.41646629571914673,1
0.3960186839103699,1
0.3653591275215149,1
0.30949413776397705,1
0.41979461908340454,1
0.4320816397666931,1
0.4472353458404541,1
0.4891345202922821,1
0.4050953984260559,1
0.4015493392944336,1
0.46105414628982544,1
0.2822331488132477,1
0.4557240903377533,1
0.393932968378067,1
0.3552688956260681,1
0.5280503034591675,1
0.35821348428726196,1
0.4256722927093506,1
0.4631475806236267,1
0.3286331593990326,1
0.3174358010292053,1
0.35400503873825073,1
0.3620414137840271,1
0.35717594623565674,1
0.39181846380233765,1
0.3752955198287964,1
0.40015706419944763,1
0.42180028557777405,1
0.4023403227329254,1
0.3582131564617157,1
0.3593326210975647,1
0.37197500467300415,1
0.3503677248954773,1
0.5422059893608093,1
0.37684664130210876,1
0.3067381978034973,1
0.38702696561813354,1
0.4271092116832733,1
0.4218020439147949,1
0.28090640902519226,1
0.4488105773925781,1
0.3338649570941925,1
0.48979759216308594,1
0.32845538854599,1
0.47060033679008484,1
0.42608392238616943,1
0.41624540090560913,1
0.431682288646698,1
0.41093307733535767,1
0.3587714433670044,1
0.38687360286712646,1
0.4031878709793091,1
0.30395498871803284,1
0.4047859013080597,1
0.4074162542819977,1
0.37830889225006104,1
0.4425505995750427,1
0.36705178022384644,1
0.38208794593811035,1
0.414888858795166,1
0.32809075713157654,1
0.396079957485199,1
0.37727177143096924,1
0.41745200753211975,1
0.4077101945877075,1
0.280678391456604,1
0.4136766791343689,1
0.43603819608688354,1
0.4854726195335388,1
0.4014890789985657,1
0.37133973836898804,1
0.33178505301475525,1
0.3546145558357239,1
0.44991904497146606,1
0.39560040831565857,1
0.4769739508628845,1
0.3682975172996521,1
0.3398527503013611,1
0.4963633418083191,1
0.421190470457077,1
0.35130324959754944,1
0.3538401424884796,1
0.4172418713569641,1
0.3139626383781433,1
0.4415104389190674,1
0.43608906865119934,1
0.33019986748695374,1
0.4082317650318146,1
0.3845670521259308,1
0.30639106035232544,1
0.3584109842777252,1
0.5143999457359314,1
0.38878703117370605,1
0.4385509788990021,1
0.5064695477485657,1
0.4949060380458832,1
0.34027159214019775,1
0.4534081518650055,1
0.44455569982528687,1
0.3602811396121979,1
0.3558925986289978,1
0.4088838994503021,1
0.40447747707366943,1
0.3991393446922302,1
0.36743032932281494,1
0.3642720878124237,1
0.42425307631492615,1
0.501227080821991,1
0.4869242012500763,1
0.4549660086631775,1
0.33060333132743835,1
0.4446132183074951,1
0.38523513078689575,1
0.2990250587463379,1
0.3688982129096985,1
0.47226157784461975,1
0.38345545530319214,1
0.49063360691070557,1
0.38521987199783325,1
0.49998533725738525,1
0.3507098853588104,1
0.4321417212486267,1
0.3903965651988983,1
0.4098450541496277,1
0.2770976424217224,1
0.38961169123649597,1
0.320522665977478,1
0.4227837920188904,1
0.5195446014404297,1
0.3762838542461395,1
0.48592355847358704,1
0.33412694931030273,1
0.4822691082954407,1
0.4069157838821411,1
0.39329323172569275,1
0.3743073642253876,1
0.4479145407676697,1
0.371035099029541,1
0.4296441078186035,1
0.47826534509658813,1
0.4447445571422577,1
0.3718823492527008,1
0.4157484173774719,1
0.44940003752708435,1
0.43296119570732117,1
0.30299028754234314,1
0.3917046785354614,1
0.4443046748638153,1
0.35533052682876587,1
0.42185887694358826,1
0.519924521446228,1
0.25883325934410095,1
0.5057795643806458,1
0.3774130940437317,1
0.36264413595199585,1
0.42268824577331543,1
0.5002654790878296,1
0.3839426338672638,1
0.4426877796649933,1
0.43110549449920654,1
0.3697500228881836,1
0.3256710171699524,1
0.3171157240867615,1
0.44265544414520264,1
0.43623077869415283,1
0.42841556668281555,1
0.41756314039230347,1
0.45505228638648987,1
0.39975911378860474,1
0.42750510573387146,1
0.46527326107025146,1
0.46722763776779175,1
0.4173024296760559,1
0.42707446217536926,1
0.42033249139785767,1
0.42743828892707825,1
0.3424151539802551,1
0.36765918135643005,1
0.38109883666038513,1
0.4496135711669922,1
0.44456252455711365,1
0.47383707761764526,1
0.4008374810218811,1
0.45087361335754395,1
0.3213482201099396,1
0.3599652051925659,1
0.43815872073173523,1
0.41693830490112305,1
0.26617467403411865,1
0.4388960301876068,1
0.4961695075035095,1
0.47740238904953003,1
0.3032558560371399,1
0.5107601284980774,1
0.5365472435951233,1
0.336852490901947,1
0.3794301152229309,1
0.28705933690071106,1
0.3968603312969208,1
0.5626617670059204,1
0.45765841007232666,1
0.31850379705429077,1
0.4310453236103058,1
0.4236132502555847,1
0.34429070353507996,1
0.493208646774292,1
0.3445921540260315,1
0.41292351484298706,1
0.4569239914417267,1
0.4401501417160034,1
0.3273131251335144,1
0.6420737504959106,1
0.3200737237930298,1
0.3952071964740753,1
0.4296633005142212,1
0.4529879689216614,1
0.3580704927444458,1
0.3694096803665161,1
0.4832996428012848,1
0.35722434520721436,1
0.4367498755455017,1
0.3619925379753113,1
0.38705429434776306,1
0.44266459345817566,1
0.4072614014148712,1
0.35493701696395874,1
0.4750242233276367,1
0.4730569124221802,1
0.36284273862838745,1
0.41837596893310547,1
0.5433814525604248,1
0.4458906054496765,1
0.4157908856868744,1
0.4752053916454315,1
0.47492823004722595,1
0.3733856678009033,1
0.3958743214607239,1
0.35573726892471313,1
0.3759447932243347,1
0.42640015482902527,1
0.37987804412841797,1
0.3488156795501709,1
0.4169119894504547,1
0.40292486548423767,1
0.430245041847229,1
0.4811843931674957,1
0.36805853247642517,1
0.3257908225059509,1
0.41233325004577637,1
0.38503342866897583,1
0.3574528098106384,1
0.3526737093925476,1
0.4314614236354828,1
0.48208582401275635,1
0.39847248792648315,1
0.33908942341804504,1
0.40391120314598083,1
0.2548004984855652,1
0.3478982448577881,1
0.40837207436561584,1
0.32130658626556396,1
0.377880334854126,1
0.3803204596042633,1
0.5038865804672241,1
0.4023596942424774,1
0.34941208362579346,1
0.45249950885772705,1
0.3857998549938202,1
0.415798157453537,1
0.43894004821777344,1
0.45463842153549194,1
0.4628055691719055,1
0.47530341148376465,1
0.4485652446746826,1
0.399183988571167,1
0.35540616512298584,1
0.3066926598548889,1
0.30460113286972046,1
0.40679895877838135,1
0.3554591238498688,1
0.410419762134552,1
0.541510283946991,1
0.33345484733581543,1
0.37096062302589417,1
0.4178495407104492,1
0.408552348613739,1
0.3313763439655304,1
0.4052463173866272,1
0.4350525736808777,1
0.4047320485115051,1
0.3599763512611389,1
0.4340476989746094,1
0.3339642584323883,1
0.4054659903049469,1
0.29479581117630005,1
0.3343851566314697,1
0.3975006937980652,1
0.4591359794139862,1
0.44311293959617615,1
0.3964967429637909,1
0.3638368248939514,1
0.3996700346469879,1
0.40816840529441833,1
0.522179126739502,1
0.3773682713508606,1
0.46097806096076965,1
0.392089307308197,1
0.3736664652824402,1
0.551385760307312,1
0.483569860458374,1
0.4143522083759308,1
0.42004966735839844,1
0.36625510454177856,1
0.39725643396377563,1
0.42468035221099854,1
0.43521589040756226,1
0.4292418360710144,1
0.3537852168083191,1
0.44280722737312317,1
0.36470827460289,1
0.4148251712322235,1
0.4252051115036011,1
0.2604939341545105,1
0.4485168159008026,1
0.3486414849758148,1
0.31384730339050293,1
0.3936488628387451,1
0.3705630302429199,1
0.3485490679740906,1
0.3911382555961609,1
0.4343804717063904,1
0.37463605403900146,1
0.40906578302383423,1
0.4441705346107483,1
0.38695263862609863,1
0.2430170178413391,1
0.3667340874671936,1
0.41343945264816284,1
0.2907269597053528,1
0.40444380044937134,1
0.542047381401062,1
0.4743465781211853,1
0.3502509891986847,1
0.3629521131515503,1
0.46431082487106323,1
0.43203121423721313,1
0.3482428789138794,1
0.44399842619895935,1
0.43620580434799194,1
0.4170742928981781,1
0.3215363621711731,1
0.3796567916870117,1
0.3900781571865082,1
0.39933276176452637,1
0.47309672832489014,1
0.3640841841697693,1
0.5168086886405945,1
0.5901597738265991,1
0.41160714626312256,1
0.3315346837043762,1
0.39162924885749817,1
0.3726336658000946,1
0.3825604319572449,1
0.40257492661476135,1
0.4005576968193054,1
0.38879215717315674,1
0.46709805727005005,1
0.38361823558807373,1
0.41597670316696167,1
0.3949598968029022,1
0.42462992668151855,1
0.6085119247436523,1
0.504470705986023,1
0.3416635990142822,1
0.4955178499221802,1
0.47859907150268555,1
0.29822513461112976,1
0.3469642996788025,1
0.44997864961624146,1
0.4169228672981262,1
0.3972654342651367,1
0.43686071038246155,1
0.3475925326347351,1
0.4025333523750305,1
0.4709278345108032,1
0.44324779510498047,1
0.41676196455955505,1
0.3890536427497864,1
0.35211819410324097,1
0.2924567759037018,1
0.43232423067092896,1
0.4337051808834076,1
0.5253432393074036,1
0.4691395163536072,1
0.3690274655818939,1
0.5448240637779236,1
0.3912056088447571,1
0.47041022777557373,1
0.4424974024295807,1
0.39619168639183044,1
0.3714869022369385,1
0.36171913146972656,1
0.4237656891345978,1
0.3136928975582123,1
0.6021034121513367,1
0.45079854130744934,1
0.27607500553131104,1
0.40180671215057373,1
0.3680883049964905,1
0.39013588428497314,1
0.3531928062438965,1
0.41929590702056885,1
0.40316805243492126,1
0.4748406410217285,1
0.42503437399864197,1
0.4056951701641083,1
0.4619784355163574,1
0.3434351682662964,1
0.39857128262519836,1
0.3229431211948395,1
0.5130292177200317,1
0.33988630771636963,1
0.2733887732028961,1
0.3544389307498932,1
0.43962574005126953,1
0.30656132102012634,1
0.39068952202796936,1
0.4798612892627716,1
0.43679651618003845,1
0.4830857515335083,1
0.3874207139015198,1
0.3996308445930481,1
0.30906257033348083,1
0.39223888516426086,1
0.4285072982311249,1
0.42975181341171265,1
0.40840601921081543,1
0.464716374874115,1
0.36526644229888916,1
0.3774472773075104,1
0.4183521866798401,1
0.45919397473335266,1
0.2946818470954895,1
0.43897122144699097,1
0.3886830806732178,1
0.43063053488731384,1
0.41119280457496643,1
0.38228100538253784,1
0.5061596035957336,1
0.3774581551551819,1
0.5284361243247986,1
0.3478783369064331,1
0.3719303607940674,1
0.3431534469127655,1
0.4071842133998871,1
0.4182995855808258,1
0.44358086585998535,1
0.39175522327423096,1
0.4367395341396332,1
0.3490790128707886,1
0.33298516273498535,1
0.2515454888343811,1
0.44448399543762207,1
0.4893518090248108,1
0.4796808958053589,1
0.38116002082824707,1
0.4636276066303253,1
0.32436108589172363,1
0.4680943489074707,1
0.38290926814079285,1
0.4361979365348816,1
0.3610530197620392,1
0.39690470695495605,1
0.42925578355789185,1
0.4503685235977173,1
0.323705792427063,1
0.4029351472854614,1
0.38068050146102905,1
0.38399505615234375,1
0.3855338990688324,1
0.31492650508880615,1
0.3737976551055908,1
0.487623929977417,1
0.41530323028564453,1
0.3944278955459595,1
0.44274747371673584,1
0.4591697156429291,1
0.4437441825866699,1
0.5892564058303833,1
0.3804987668991089,1
0.3056645393371582,1
0.42995452880859375,1
0.34714850783348083,1
0.35220837593078613,1
0.2690466046333313,1
0.37084275484085083,1
0.4500479996204376,1
0.3646707236766815,1
0.40092092752456665,1
0.43104684352874756,1
0.4130660891532898,1
0.33517685532569885,1
0.26709458231925964,1
0.3612455129623413,1
0.40322011709213257,1
0.41332298517227173,1
0.33578428626060486,1
0.37024861574172974,1
0.6287878751754761,1
0.3684782385826111,1
0.39813002943992615,1
0.49202632904052734,1
0.36956799030303955,1
0.4655565619468689,1
0.3749651312828064,1
0.40425342321395874,1
0.38193079829216003,1
0.4018990993499756,1
0.43033477663993835,1
0.6022430062294006,1
0.4098774194717407,1
0.37609151005744934,1
0.4869217276573181,1
0.4728969633579254,1
0.39660510420799255,1
0.4447347819805145,1
0.40794581174850464,1
0.5068036913871765,1
0.32323986291885376,1
0.48720782995224,1
0.40223604440689087,1
0.3421747088432312,1
0.3712380826473236,1
0.41948452591896057,1
0.4413697123527527,1
0.41128164529800415,1
0.3353225290775299,1
0.4473727345466614,1
0.3868882358074188,1
0.353598952293396,1
0.37248265743255615,1
0.4144717752933502,1
0.47207850217819214,1
0.4649556279182434,1
0.4584457278251648,1
0.3934515118598938,1
0.3680148124694824,1
0.37893998622894287,1
0.37229472398757935,1
0.3892399072647095,1
0.3319447636604309,1
0.38407957553863525,1
0.5192888975143433,1
0.43281859159469604,1
0.3456033766269684,1
0.4447591304779053,1
0.48131489753723145,1
0.38529789447784424,1
0.4012759327888489,1
0.3403456211090088,1
0.3753286302089691,1
0.5344587564468384,1
0.44874751567840576,1
0.38058149814605713,1
0.4300321936607361,1
0.3843920826911926,1
0.39650124311447144,1
0.4013749063014984,1
0.32926270365715027,1
0.33244919776916504,1
0.4307885766029358,1
0.3793697953224182,1
0.41813141107559204,1
0.3287665843963623,1
0.439527690410614,1
0.4976857304573059,1
0.4065665006637573,1
0.36730581521987915,1
0.3436351418495178,1
0.4669439196586609,1
0.3862338066101074,1
0.37103015184402466,1
0.4026937186717987,1
0.42088109254837036,1
0.2681896686553955,1
0.394292950630188,1
0.43107691407203674,1
0.31817030906677246,1
0.3813740015029907,1
0.3713815212249756,1
0.4805155396461487,1
0.3334710896015167,1
0.40608862042427063,1
0.46376070380210876,1
0.3344540297985077,1
0.34095272421836853,1
0.3035227060317993,1
0.4485722482204437,1
0.4970133602619171,1
0.4586828351020813,1
0.42142200469970703,1
0.35068410634994507,1
0.40982308983802795,1
0.4037260413169861,1
0.42240476608276367,1
0.4991954565048218,1
0.4675745368003845,1
0.46715226769447327,1
0.4358789920806885,1
0.41357678174972534,1
0.41409510374069214,1
0.5929890275001526,1
0.5356193780899048,1
0.5477986335754395,1
0.3922569453716278,1
0.4105333089828491,1
0.35434213280677795,1
0.41536861658096313,1
0.3722338080406189,1
0.40643543004989624,1
0.327960342168808,1
0.5014522075653076,1
0.37072452902793884,1
0.38803187012672424,1
0.5042576789855957,1
0.3967915177345276,1
0.41142237186431885,1
0.4360373914241791,1
0.44004499912261963,1
0.4082661271095276,1
0.42136114835739136,1
0.396493524312973,1
0.40133994817733765,1
0.44339853525161743,1
0.4687121510505676,1
0.42060282826423645,1
0.3773151934146881,1
0.3963107168674469,1
0.42477136850357056,1
0.330386221408844,1
0.45680975914001465,1
0.394079327583313,1
0.3355304002761841,1
0.4306648373603821,1
0.42065346240997314,1
0.4855397343635559,1
0.3009248673915863,1
0.4649534523487091,1
0.502447247505188,1
0.2647029757499695,1
0.3635130524635315,1
0.36943498253822327,1
0.37804296612739563,1
0.37079817056655884,1
0.35194915533065796,1
0.4923761487007141,1
0.4532436728477478,1
0.3999926745891571,1
0.34166237711906433,1
0.5449396967887878,1
0.3995458483695984,1
0.37947624921798706,1
0.3907477557659149,1
0.48496896028518677,1
0.30267101526260376,1
0.4545750617980957,1
0.45829278230667114,1
0.3806137442588806,1
0.3942580819129944,1
0.4185367226600647,1
0.49132364988327026,1
0.42382365465164185,1
0.39972245693206787,1
0.32273995876312256,1
0.34090304374694824,1
0.4559363126754761,1
0.5361879467964172,1
0.4943857789039612,1
0.36768409609794617,1
0.5517413020133972,1
0.40957292914390564,1
0.337178111076355,1
0.3907095789909363,1
0.4087435305118561,1
0.5252195596694946,1
0.3909424841403961,1
0.5409538149833679,1
0.39601027965545654,1
0.40133553743362427,1
0.3798428177833557,1
0.42539772391319275,1
0.4333871304988861,1
0.3697164058685303,1
0.33861100673675537,1
0.3733269274234772,1
0.47111886739730835,1
0.5214298963546753,1
0.4769637882709503,1
0.3570842146873474,1
0.2997647523880005,1
0.5346155166625977,1
0.41186612844467163,1
0.4271354079246521,1
0.35739558935165405,1
0.45818859338760376,1
0.4745029807090759,1
0.315076619386673,1
0.36277738213539124,1
0.45573103427886963,1
0.35147184133529663,1
0.600091278553009,1
0.37100332975387573,1
0.4068412780761719,1
0.2518911063671112,1
0.4530099928379059,1
0.44683557748794556,1
0.37998533248901367,1
0.3289240598678589,1
0.4263257384300232,1
0.3666996955871582,1
0.4981237053871155,1
0.43467357754707336,1
0.44512298703193665,1
0.43043985962867737,1
0.43765732645988464,1
0.3515234887599945,1
0.4138980805873871,1
0.515097975730896,1
0.3125627040863037,1
0.43439003825187683,1
0.38889366388320923,1
0.3843497633934021,1
0.40539294481277466,1
0.3582160770893097,1
0.3974249064922333,1
0.4151669144630432,1
0.38179588317871094,1
0.46962594985961914,1
0.4244444966316223,1
0.42233800888061523,1
0.3707248270511627,1
0.3791339695453644,1
0.37538155913352966,1
0.39237937331199646,1
0.531467854976654,1
0.38399890065193176,1
0.46584850549697876,1
0.41905006766319275,1
0.4428131580352783,1
0.33373284339904785,1
0.42210736870765686,1
0.38514137268066406,1
0.4902867376804352,1
0.4964836537837982,1
0.38069748878479004,1
0.3270777761936188,1
0.4382747709751129,1
0.3204978406429291,1
0.39493632316589355,1
0.4666000306606293,1
0.44383102655410767,1
0.41295403242111206,1
0.3527064919471741,1
0.4133757948875427,1
0.39199697971343994,1
0.47343429923057556,1
0.4462164640426636,1
0.3675011992454529,1
0.36352211236953735,1
0.397466242313385,1
0.42514854669570923,1
0.35853099822998047,1
0.3209354877471924,1
0.4154936671257019,1
0.39129728078842163,1
0.4579111635684967,1
0.4434993863105774,1
0.35047072172164917,1
0.4179961681365967,1
0.42054104804992676,1
0.33798331022262573,1
0.40201595425605774,1
0.32685017585754395,1
0.6209745407104492,1
0.49885571002960205,1
0.4671020209789276,1
0.4731278419494629,1
0.4615955650806427,1
0.46101242303848267,1
0.3023092746734619,1
0.3050260543823242,1
0.44423824548721313,1
0.4514203667640686,1
0.38900476694107056,1
0.36913225054740906,1
0.4090563654899597,1
0.3411586284637451,1
0.4133760929107666,1
0.45611464977264404,1
0.2957264482975006,1
0.4098058342933655,1
0.3173028826713562,1
0.38160955905914307,1
0.4281303882598877,1
0.35860908031463623,1
0.3963198661804199,1
0.39465808868408203,1
0.5186411142349243,1
0.34746038913726807,1
0.44173353910446167,1
0.3626386523246765,1
0.3185003697872162,1
0.42193543910980225,1
0.39166492223739624,1
0.4749089479446411,1
0.3943604826927185,1
0.39333972334861755,1
0.49051210284233093,1
0.5424712300300598,1
0.49183839559555054,1
0.4246125817298889,1
0.24206465482711792,1
0.3814140856266022,1
0.4971451163291931,1
0.39491406083106995,1
0.533937394618988,1
0.3936012089252472,1
0.31482189893722534,1
0.42274266481399536,1
0.41899770498275757,1
0.34830960631370544,1
0.40996915102005005,1
0.38385656476020813,1
0.42551663517951965,1
0.4573628604412079,1
0.3312353789806366,1
0.386138916015625,1
0.4084452688694,1
0.4462251365184784,1
0.4638141393661499,1
0.38665398955345154,1
0.5005843043327332,1
0.38423433899879456,1
0.42478084564208984,1
0.34507372975349426,1
0.3836478590965271,1
0.4327821135520935,1
0.3855445981025696,1
0.29715943336486816,1
0.3032049536705017,1
0.43029695749282837,1
0.41045743227005005,1
0.42522305250167847,1
0.3623010516166687,1
0.3480927646160126,1
0.3531975746154785,1
0.2935197353363037,1
0.42477595806121826,1
0.4345962703227997,1
0.4269515872001648,1
0.37383079528808594,1
0.42827051877975464,1
0.40022510290145874,1
0.4200679063796997,1
0.43737345933914185,1
0.4808637797832489,1
0.4182772934436798,1
0.42722514271736145,1
0.47876542806625366,1
0.41386812925338745,1
0.29568251967430115,1
0.36507028341293335,1
0.38254183530807495,1
0.4989203214645386,1
0.501972496509552,1
0.4231386184692383,1
0.4205610156059265,1
0.37912270426750183,1
0.3864189386367798,1
0.4107436537742615,1
0.43120986223220825,1
0.3517189025878906,1
0.48699551820755005,1
0.49033230543136597,1
0.30277448892593384,1
0.45513996481895447,1
0.49017927050590515,1
0.5016354918479919,1
0.3110695481300354,1
0.35661885142326355,1
0.40225327014923096,1
0.5050569772720337,1
0.3481288552284241,1
0.3165310025215149,1
0.37900039553642273,1
0.41491079330444336,1
0.37596264481544495,1
0.28009212017059326,1
0.31762972474098206,1
0.30055031180381775,1
0.4051249921321869,1
0.39662468433380127,1
0.43946340680122375,1
0.47873175144195557,1
0.3900281488895416,1
0.5573090314865112,1
0.3466469645500183,1
0.4559862017631531,1
0.4522814154624939,1
0.3123840093612671,1
0.43562227487564087,1
0.4286210536956787,1
0.3659629225730896,1
0.40152060985565186,1
0.45762741565704346,1
0.40599530935287476,1
0.42249196767807007,1
0.28475767374038696,1
0.38082629442214966,1
0.37353289127349854,1
0.3107450306415558,1
0.299735426902771,1
0.4088154137134552,1
0.3595028519630432,1
0.4583282470703125,1
0.2984222173690796,1
0.3603019118309021,1
0.3760269284248352,1
0.3767778277397156,1
0.3891904354095459,1
0.4197753369808197,1
0.3145500719547272,1
0.3173314929008484,1
0.3775189518928528,1
0.3783043622970581,1
0.5200017690658569,1
0.40240493416786194,1
0.4141290783882141,1
0.4269934892654419,1
0.5719798803329468,1
0.3706582188606262,1
0.4083295464515686,1
0.39909112453460693,1
0.4313431680202484,1
0.40481269359588623,1
0.3644390106201172,1
0.35124900937080383,1
0.39675185084342957,1
0.40455758571624756,1
0.41511452198028564,1
0.5010191202163696,1
0.3982104957103729,1
0.400628924369812,1
0.42271727323532104,1
0.5487557649612427,1
0.4457894265651703,1
0.35016757249832153,1
0.3966541886329651,1
0.29559850692749023,1
0.3644183278083801,1
0.33406150341033936,1
0.3000163435935974,1
0.46470773220062256,1
0.44250401854515076,1
0.5260471105575562,1
0.5535210371017456,1
0.37688547372817993,1
0.3583070933818817,1
0.4570878744125366,1
0.3593862056732178,1
0.4703098237514496,1
0.4979374408721924,1
0.3699602484703064,1
0.3658906817436218,1
0.6037970185279846,1
0.3093777000904083,1
0.3061503767967224,1
0.48164311051368713,1
0.30597418546676636,1
0.4321709871292114,1
0.40733492374420166,1
0.4452439248561859,1
0.44944995641708374,1
0.44221794605255127,1
0.31134048104286194,1
0.38423585891723633,1
0.33979740738868713,1
0.387321412563324,1
0.35217028856277466,1
0.4053334593772888,1
0.3580819368362427,1
0.43306857347488403,1
0.3158872127532959,1
0.3631094694137573,1
0.4713042676448822,1
0.36697638034820557,1
0.42854347825050354,1
0.45921123027801514,1
0.4991995096206665,1
0.41545236110687256,1
0.3461412787437439,1
0.4536176025867462,1
0.2960398197174072,1
0.34096330404281616,1
0.4344860911369324,1
0.4045611619949341,1
0.3628697693347931,1
0.46284019947052,1
0.4393391013145447,1
0.3681137263774872,1
0.36090898513793945,1
0.4593384265899658,1
0.410051554441452,1
0.4483379125595093,1
0.4225847125053406,1
0.37609678506851196,1
0.4845489263534546,1
0.3415808379650116,1
0.35625988245010376,1
0.45912566781044006,1
0.39660292863845825,1
0.4229736924171448,1
0.42692694067955017,1
0.482540100812912,1
0.40296950936317444,1
0.35092008113861084,1
0.4340057373046875,1
0.4994733929634094,1
0.36857956647872925,1
0.4196164906024933,1
0.35015010833740234,1
0.3456363081932068,1
0.3232114911079407,1
0.41545939445495605,1
0.4536955654621124,1
0.36162716150283813,1
0.2987513542175293,1
0.4163396954536438,1
0.37139326333999634,1
0.4619642496109009,1
0.4055091440677643,1
0.3657315969467163,1
0.3900724947452545,1
0.29141515493392944,1
0.3928305506706238,1
0.3791998624801636,1
0.382716566324234,1
0.4766075015068054,1
0.33659136295318604,1
0.36199766397476196,1
0.4359727203845978,1
0.45796090364456177,1
0.5164294838905334,1
0.4276125431060791,1
0.40984150767326355,1
0.44882500171661377,1
0.3956810534000397,1
0.4216992259025574,1
0.45556679368019104,1
0.4726935029029846,1
0.4123215675354004,1
0.4959157109260559,1
0.401883065700531,1
0.3784089684486389,1
0.3233620524406433,1
0.48717665672302246,1
0.39280274510383606,1
0.3287983536720276,1
0.4445870518684387,1
0.3336518704891205,1
0.4852656126022339,1
0.3359519839286804,1
0.4501182734966278,1
0.46830806136131287,1
0.39879173040390015,1
0.39676040410995483,1
0.333636075258255,1
0.5412015318870544,1
0.39220690727233887,1
0.39861300587654114,1
0.404982328414917,1
0.45503997802734375,1
0.4196735620498657,1
0.3699480891227722,1
0.37715595960617065,1
0.3399556875228882,1
0.3772120475769043,1
0.3288293480873108,1
0.3233315944671631,1
0.39635545015335083,1
0.32844480872154236,1
0.41377460956573486,1
0.41768649220466614,1
0.3929482698440552,1
0.45786187052726746,1
0.46835362911224365,1
0.4593115448951721,1
0.34883803129196167,1
0.4321984648704529,1
0.5092765092849731,1
0.45546960830688477,1
0.34931349754333496,1
0.4730279743671417,1
0.45394182205200195,1
0.4091930091381073,1
0.33321186900138855,1
0.36129432916641235,1
0.3432430624961853,1
0.3574608564376831,1
0.32156091928482056,1
0.4857359230518341,1
0.35618507862091064,1
0.3621622622013092,1
0.34912145137786865,1
0.3202572166919708,1
0.4502474069595337,1
0.4487162232398987,1
0.45548301935195923,1
0.36877262592315674,1
0.4145156741142273,1
0.4794751703739166,1
0.4227678179740906,1
0.5663624405860901,1
0.30942773818969727,1
0.3922317624092102,1
0.44500038027763367,1
0.477061927318573,1
0.38845667243003845,1
0.31307995319366455,1
0.3544579744338989,1
0.4272686243057251,1
0.3420926630496979,1
0.4173171818256378,1
0.4704206585884094,1
0.3564901351928711,1
0.3295546770095825,1
0.406257301568985,1
0.3323209881782532,1
0.4002402722835541,1
0.41387444734573364,1
0.38028815388679504,1
0.33715832233428955,1
0.48881280422210693,1
0.4291285276412964,1
0.38533374667167664,1
0.35598859190940857,1
0.3817732334136963,1
0.3731079697608948,1
0.4075951874256134,1
0.3179875612258911,1
0.2946506142616272,1
0.34793415665626526,1
0.47260215878486633,1
0.3727196753025055,1
0.46089500188827515,1
0.3860279321670532,1
0.34223392605781555,1
0.42474365234375,1
0.469280481338501,1
0.6045931577682495,1
0.37144261598587036,1
0.37064236402511597,1
0.28671228885650635,1
0.28759732842445374,1
0.38978731632232666,1
0.3334008455276489,1
0.4123991131782532,1
0.4266858696937561,1
0.361877977848053,1
0.3805081248283386,1
0.34714260697364807,1
0.4420064091682434,1
0.3305090367794037,1
0.33332908153533936,1
0.34252095222473145,1
0.355342835187912,1
0.34837567806243896,1
0.45233798027038574,1
0.3377269208431244,1
0.33442556858062744,1
0.42593878507614136,1
0.44321590662002563,1
0.41728246212005615,1
0.4511094391345978,1
0.31019893288612366,1
0.40175661444664,1
0.45937612652778625,1
0.3440595865249634,1
0.4039127230644226,1
0.4582483470439911,1
0.3974221646785736,1
0.3409346342086792,1
0.37654316425323486,1
0.4401934742927551,1
0.5345499515533447,1
0.42863619327545166,1
0.4776812195777893,1
0.39868080615997314,1
0.35707950592041016,1
0.5078423619270325,1
0.4220178723335266,1
0.5012754201889038,1
0.38421064615249634,1
0.35314932465553284,1
0.4677881896495819,1
0.3647698760032654,1
0.463529109954834,1
0.3822720944881439,1
0.4496110677719116,1
0.38947054743766785,1
0.5418945550918579,1
0.2794485092163086,1
0.5046606659889221,1
0.42522701621055603,1
0.4605988562107086,1
0.3139084577560425,1
0.41491711139678955,1
0.41687360405921936,1
0.38386932015419006,1
0.4376443922519684,1
0.3821241855621338,1
0.4515805244445801,1
0.37618330121040344,1
0.39410749077796936,1
0.35361582040786743,1
0.49664920568466187,1
0.40009087324142456,1
0.39106011390686035,1
0.3672613501548767,1
0.29170340299606323,1
0.4092140793800354,1
0.42841383814811707,1
0.44172853231430054,1
0.322443425655365,1
0.31223127245903015,1
0.371563196182251,1
0.4913257360458374,1
0.41403061151504517,1
0.30584797263145447,1
0.40630388259887695,1
0.5260293483734131,1
0.43584686517715454,1
0.3439735174179077,1
0.39547306299209595,1
0.46100348234176636,1
0.5311227440834045,1
0.4263673424720764,1
0.35200512409210205,1
0.5265102386474609,1
0.42819392681121826,1
0.39136576652526855,1
0.4256615936756134,1
0.5190833210945129,1
0.3603250980377197,1
0.38172680139541626,1
0.3638559579849243,1
0.4362397789955139,1
0.36159059405326843,1
0.38699209690093994,1
0.4694483280181885,1
0.43213626742362976,1
0.3717811405658722,1
0.35773909091949463,1
0.4263925552368164,1
0.4845532178878784,1
0.4706754684448242,1
0.3332456350326538,1
0.38806384801864624,1
0.3697059452533722,1
0.4222346544265747,1
0.3729918897151947,1
0.4700237214565277,1
0.4719799757003784,1
0.3867708742618561,1
0.402294784784317,1
0.3833966851234436,1
0.3817139267921448,1
0.36696481704711914,1
0.3736274242401123,1
0.4168480336666107,1
0.40509822964668274,1
0.439711332321167,1
0.31167519092559814,1
0.36188703775405884,1
0.29935401678085327,1
0.4409531354904175,1
0.40443116426467896,1
0.473929226398468,1
0.4278070032596588,1
0.4086642265319824,1
0.4521077275276184,1
0.2837876081466675,1
0.37947553396224976,1
0.4255320131778717,1
0.4840252101421356,1
0.5359951257705688,1
0.44978535175323486,1
0.4081752300262451,1
0.3773173987865448,1
0.40139952301979065,1
0.37677061557769775,1
0.398021936416626,1
0.41593316197395325,1
0.3146555423736572,1
0.531726598739624,1
0.35306137800216675,1
0.5785602331161499,1
0.3579196035861969,1
0.4202410578727722,1
0.3990602195262909,1
0.3932015895843506,1
0.3637591004371643,1
0.4615986943244934,1
0.47136831283569336,1
0.4371836185455322,1
0.5011537671089172,1
0.3465692698955536,1
0.4692801237106323,1
0.4855942726135254,1
0.4224112629890442,1
0.3626152276992798,1
0.544322669506073,1
0.41160404682159424,1
0.4137510061264038,1
0.3937743008136749,1
0.47359275817871094,1
0.44780123233795166,1
0.40264225006103516,1
0.3617788851261139,1
0.40639176964759827,1
0.3932633399963379,1
0.41784632205963135,1
0.41812366247177124,1
0.3808179497718811,1
0.44427332282066345,1
0.45117461681365967,1
0.47796452045440674,1
0.4519014358520508,1
0.39456862211227417,1
0.4104900360107422,1
0.3509382903575897,1
0.5894307494163513,1
0.35093948245048523,1
0.411003977060318,1
0.4155280590057373,1
0.309958279132843,1
0.38041192293167114,1
0.3983718454837799,1
0.27208638191223145,1
0.407753586769104,1
0.369806706905365,1
0.35010790824890137,1
0.40813666582107544,1
0.41010555624961853,1
0.3649560809135437,1
0.4334607720375061,1
0.4294542968273163,1
0.42762553691864014,1
0.5244207382202148,1
0.40994763374328613,1
0.34816476702690125,1
0.3893173933029175,1
0.3473109006881714,1
0.4201751947402954,1
0.36835306882858276,1
0.40038418769836426,1
0.48941558599472046,1
0.4471514821052551,1
0.594306468963623,1
0.4295870363712311,1
0.42023131251335144,1
0.46849051117897034,1
0.4498457610607147,1
0.3168413043022156,1
0.41404038667678833,1
0.4310323894023895,1
0.4567853808403015,1
0.4792928397655487,1
0.3353567123413086,1
0.38758426904678345,1
0.4889183044433594,1
0.3830220103263855,1
0.49016478657722473,1
0.4392511248588562,1
0.3796377182006836,1
0.44429224729537964,1
0.3789300322532654,1
0.38667839765548706,1
0.5406969785690308,1
0.30850350856781006,1
0.3935728967189789,1
0.4154103994369507,1
0.4591841697692871,1
0.3598725199699402,1
0.4108254313468933,1
0.42576533555984497,1
0.4224180281162262,1
0.404718279838562,1
0.40323084592819214,1
0.4093809723854065,1
0.3933313488960266,1
0.47205615043640137,1
0.38892263174057007,1
0.34288108348846436,1
0.36296069622039795,1
0.4003375172615051,1
0.49296075105667114,1
0.3376083970069885,1
0.4391295909881592,1
0.3777497410774231,1
0.36840271949768066,1
0.3418467938899994,1
0.4104737937450409,1
0.37764328718185425,1
0.44266143441200256,1
0.5582007765769958,1
0.34504246711730957,1
0.42974528670310974,1
0.4554336667060852,1
0.47612857818603516,1
0.526403546333313,1
0.39458873867988586,1
0.5017393827438354,1
0.32589685916900635,1
0.3276374936103821,1
0.34189361333847046,1
0.364629328250885,1
0.3947044312953949,1
0.34010714292526245,1
0.5335410833358765,1
0.3624052405357361,1
0.4744664132595062,1
0.40615642070770264,1
0.41735175251960754,1
0.3339740037918091,1
0.43329334259033203,1
0.26380160450935364,1
0.3814656734466553,1
0.40383511781692505,1
0.37499332427978516,1
0.3743138909339905,1
0.38630247116088867,1
0.35123908519744873,1
0.38484126329421997,1
0.3490291237831116,1
0.4181085526943207,1
0.4942706227302551,1
0.48434025049209595,1
0.371052086353302,1
0.3522557318210602,1
0.42609333992004395,1
0.49318474531173706,1
0.3659234941005707,1
0.3454510569572449,1
0.5547077655792236,1
0.4190874993801117,1
0.28311580419540405,1
0.45205163955688477,1
0.3223534822463989,1
0.45991063117980957,1
0.3886488974094391,1
0.5121577978134155,1
0.38421952724456787,1
0.4226469099521637,1
0.36976760625839233,1
0.3962661623954773,1
0.3921162486076355,1
0.39560723304748535,1
0.4168866276741028,1
0.43528884649276733,1
0.3689746856689453,1
0.393008828163147,1
0.4414619505405426,1
0.4245717525482178,1
0.4151715636253357,1
0.37715572118759155,1
0.4570125341415405,1
0.37152570486068726,1
0.4082236886024475,1
0.5227330923080444,1
0.38158732652664185,1
0.37392738461494446,1
0.3310125768184662,1
0.4020715057849884,1
0.2699030637741089,1
0.4331393241882324,1
0.6240367889404297,1
0.2863668203353882,1
0.4036714434623718,1
0.3980094790458679,1
0.39449504017829895,1
0.38640332221984863,1
0.4110991358757019,1
0.42797714471817017,1
0.4684087038040161,1
0.43695661425590515,1
0.3657897412776947,1
0.5002425909042358,1
0.44844016432762146,1
0.42142292857170105,1
0.44786131381988525,1
0.303316205739975,1
0.3453817367553711,1
0.3437034487724304,1
0.33452746272087097,1
0.3480150103569031,1
0.4381014108657837,1
0.3728046417236328,1
0.4423946142196655,1
0.5379751324653625,1
0.3954452574253082,1
0.6268794536590576,1
0.5792248845100403,1
0.4428218901157379,1
0.3353227376937866,1
0.3711238503456116,1
0.3703121542930603,1
0.48597452044487,1
0.3890365958213806,1
0.3387071490287781,1
0.4330444633960724,1
0.35939735174179077,1
0.4012974798679352,1
0.3389027416706085,1
0.37791964411735535,1
0.44776320457458496,1
0.4236214756965637,1
0.35711753368377686,1
0.37963157892227173,1
0.40755778551101685,1
0.37710604071617126,1
0.41251930594444275,1
0.31728479266166687,1
0.4715888202190399,1
0.4145171642303467,1
0.3440415859222412,1
0.40910398960113525,1
0.2763892114162445,1
0.5286738276481628,1
0.5326883792877197,1
0.4388492703437805,1
0.4075952172279358,1
0.2749139666557312,1
0.42223885655403137,1
0.37603527307510376,1
0.4497358202934265,1
0.3310927450656891,1
0.33095598220825195,1
0.3009340167045593,1
0.4052400290966034,1
0.4788353145122528,1
0.4363113045692444,1
0.36202889680862427,1
0.5022627115249634,1
0.238087996840477,1
0.35307323932647705,1
0.4686412811279297,1
0.38575729727745056,1
0.35503679513931274,1
0.5212140083312988,1
0.420418918132782,1
0.36319538950920105,1
0.4367859363555908,1
0.4224396347999573,1
0.31251558661460876,1
0.4284816086292267,1
0.3736080527305603,1
0.32862383127212524,1
0.4462270736694336,1
0.34116798639297485,1
0.31045690178871155,1
0.46774500608444214,1
0.39981719851493835,1
0.41634514927864075,1
0.44581788778305054,1
0.49389103055000305,1
0.4127904176712036,1
0.39279764890670776,1
0.354996919631958,1
0.44096630811691284,1
0.385495662689209,1
0.42225784063339233,1
0.44533246755599976,1
0.43765801191329956,1
0.36009466648101807,1
0.4681507349014282,1
0.4494805932044983,1
0.49037599563598633,1
0.39256301522254944,1
0.35717493295669556,1
0.381142795085907,1
0.4073887765407562,1
0.5284225344657898,1
0.49421751499176025,1
0.38939833641052246,1
0.3911576271057129,1
0.4982815384864807,1
0.40130195021629333,1
0.3580280542373657,1
0.4732050895690918,1
0.39631780982017517,1
0.3772048056125641,1
0.46107128262519836,1
0.31859591603279114,1
0.44754207134246826,1
0.39993107318878174,1
0.34525978565216064,1
0.3558582067489624,1
0.3921051621437073,1
0.42617297172546387,1
0.3871201276779175,1
0.39895716309547424,1
0.3565294146537781,1
0.35458216071128845,1
0.46315282583236694,1
0.3794940114021301,1
0.4032297730445862,1
0.37455201148986816,1
0.3604113757610321,1
0.374208927154541,1
0.4240484833717346,1
0.359912246465683,1
0.3910578787326813,1
0.42923790216445923,1
0.34817466139793396,1
0.403789222240448,1
0.439767986536026,1
0.36817020177841187,1
0.3607243597507477,1
0.3231166899204254,1
0.324573278427124,1
0.36681145429611206,1
0.4537157714366913,1
0.3016675114631653,1
0.3908196687698364,1
0.3254242539405823,1
0.3117554187774658,1
0.41236603260040283,1
0.4135667681694031,1
0.32224249839782715,1
0.5165053606033325,1
0.3406471014022827,1
0.4880730211734772,1
0.3168003261089325,1
0.469637930393219,1
0.4161539077758789,1
0.43674948811531067,1
0.43091440200805664,1
0.43015462160110474,1
0.3536061644554138,1
0.5341168642044067,1
0.4382447600364685,1
0.40799808502197266,1
0.3296908140182495,1
0.3592318892478943,1
0.36268746852874756,1
0.35172736644744873,1
0.4310187101364136,1
0.3707579970359802,1
0.3929702639579773,1
0.3849259614944458,1
0.4110063910484314,1
0.45945480465888977,1
0.3433924615383148,1
0.3846125602722168,1
0.3767125904560089,1
0.39634791016578674,1
0.3400612473487854,1
0.36875712871551514,1
0.3884096145629883,1
0.48658865690231323,1
0.4442116916179657,1
0.5145466923713684,1
0.3089333176612854,1
0.444846510887146,1
0.43824559450149536,1
0.5375145077705383,1
0.4412979781627655,1
0.46751245856285095,1
0.33748990297317505,1
0.3948245644569397,1
0.2822616696357727,1
0.38907864689826965,1
0.42633724212646484,1
0.4316302537918091,1
0.3602356016635895,1
0.48804971575737,1
0.4768217206001282,1
0.5061211585998535,1
0.32929715514183044,1
0.3292284607887268,1
0.46164625883102417,1
0.35244888067245483,1
0.3820488452911377,1
0.35749486088752747,1
0.4712163209915161,1
0.36558985710144043,1
0.34547287225723267,1
0.3865258991718292,1
0.4340907633304596,1
0.4243985116481781,1
0.36936241388320923,1
0.3515968918800354,1
0.34998777508735657,1
0.40703219175338745,1
0.4398822486400604,1
0.38026660680770874,1
0.36152637004852295,1
0.346244752407074,1
0.31972604990005493,1
0.4474795460700989,1
0.405551940202713,1
0.34296882152557373,1
0.33256515860557556,1
0.2751203179359436,1
0.4179956614971161,1
0.3986855149269104,1
0.4063623547554016,1
0.32087910175323486,1
0.4188857078552246,1
0.3244728147983551,1
0.3756178617477417,1
0.3790905773639679,1
0.4143418073654175,1
0.4715026319026947,1
0.34820595383644104,1
0.4259865880012512,1
0.3384341895580292,1
0.4348094165325165,1
0.3770690858364105,1
0.34745073318481445,1
0.3339065611362457,1
0.29370951652526855,1
0.4754103422164917,1
0.4091336727142334,1
0.38644200563430786,1
0.4201415181159973,1
0.3836878538131714,1
0.3710100054740906,1
0.34965869784355164,1
0.35674530267715454,1
0.43890872597694397,1
0.522797167301178,1
0.45097869634628296,1
0.41825079917907715,1
0.3962216377258301,1
0.4426966607570648,1
0.373191773891449,1
0.33496394753456116,1
0.4641050696372986,1
0.5036347508430481,1
0.4063824713230133,1
0.4545866847038269,1
0.38965219259262085,1
0.45066946744918823,1
0.44430771470069885,1
0.4244431257247925,1
0.5102863311767578,1
0.40499991178512573,1
0.39742928743362427,1
0.3454974889755249,1
0.45969051122665405,1
0.3860110640525818,1
0.41090142726898193,1
0.5911000370979309,1
0.3898144066333771,1
0.3602660000324249,1
0.302920401096344,1
0.32433146238327026,1
0.36707839369773865,1
0.38257133960723877,1
0.4725836515426636,1
0.38444021344184875,1
0.40705108642578125,1
0.3095538318157196,1
0.426450252532959,1
0.3547045588493347,1
0.42250606417655945,1
0.3590327501296997,1
0.4601857662200928,1
0.3488069176673889,1
0.28537261486053467,1
0.33209216594696045,1
0.46274933218955994,1
0.4980510175228119,1
0.4191248118877411,1
0.3804900646209717,1
0.5080735683441162,1
0.34299784898757935,1
0.35613641142845154,1
0.40663599967956543,1
0.27792060375213623,1
0.44933128356933594,1
0.38610395789146423,1
0.4528379738330841,1
0.35478565096855164,1
0.43121740221977234,1
0.4416804909706116,1
0.38811182975769043,1
0.40882012248039246,1
0.2678873538970947,1
0.4614239037036896,1
0.31086447834968567,1
0.44642987847328186,1
0.48276621103286743,1
0.2960025370121002,1
0.3787297308444977,1
0.5002006888389587,1
0.4642822742462158,1
0.38051021099090576,1
0.38514959812164307,1
0.4008064866065979,1
0.35564345121383667,1
0.5277894735336304,1
0.42657873034477234,1
0.4828002154827118,1
0.40851128101348877,1
0.6843616366386414,1
0.4658512473106384,1
0.4156479835510254,1
0.3267407715320587,1
0.3258908689022064,1
0.24653136730194092,1
0.6012985706329346,1
0.3813965320587158,1
0.4370551109313965,1
0.4404149055480957,1
0.4356672167778015,1
0.38177114725112915,1
0.4715734124183655,1
0.3062184453010559,1
0.38284438848495483,1
0.38149237632751465,1
0.40904515981674194,1
0.4422566592693329,1
0.43522483110427856,1
0.35901692509651184,1
0.3346453309059143,1
0.619181752204895,1
0.36849167943000793,1
0.3722940683364868,1
0.4761378765106201,1
0.439540296792984,1
0.38023626804351807,1
0.37855064868927,1
0.295928955078125,1
0.30701249837875366,1
0.4677121043205261,1
0.48177024722099304,1
0.37665846943855286,1
0.33507534861564636,1
0.33838415145874023,1
0.44811519980430603,1
0.5268411636352539,1
0.4862152636051178,1
0.4546084403991699,1
0.35498714447021484,1
0.34216949343681335,1
0.5575700402259827,1
0.29038006067276,1
0.33862465620040894,1
0.2542020082473755,1
0.4264945983886719,1
0.3608516454696655,1
0.4876633882522583,1
0.4461005628108978,1
0.45160260796546936,1
0.29309794306755066,1
0.3897801339626312,1
0.44679635763168335,1
0.3938710391521454,1
0.40985435247421265,1
0.4353705048561096,1
0.40200814604759216,1
0.30655157566070557,1
0.3126579523086548,1
0.3753792345523834,1
0.39543190598487854,1
0.3585249185562134,1
0.3312395215034485,1
0.35703495144844055,1
0.4694635570049286,1
0.4655580520629883,1
0.3784226179122925,1
0.5924268960952759,1
0.3493039608001709,1
0.33757394552230835,1
0.41122815012931824,1
0.47197696566581726,1
0.3376455008983612,1
0.4274681806564331,1
0.4547275900840759,1
0.5661624670028687,1
0.3358481526374817,1
0.4273102581501007,1
0.4255160093307495,1
0.3921578824520111,1
0.38445061445236206,1
0.5464345216751099,1
0.32092157006263733,1
0.5311850309371948,1
0.4467660188674927,1
0.3430687189102173,1
0.4905213415622711,1
0.4337709844112396,1
0.43602150678634644,1
0.4855598509311676,1
0.4406226873397827,1
0.40220385789871216,1
0.4641524851322174,1
0.3018192648887634,1
0.42709881067276,1
0.39354729652404785,1
0.4423728883266449,1
0.3897045850753784,1
0.3383556008338928,1
0.40303921699523926,1
0.3240644931793213,1
0.4099684953689575,1
0.36475908756256104,1
0.4332619309425354,1
0.3876820206642151,1
0.45810675621032715,1
0.41533908247947693,1
0.32667237520217896,1
0.4741711914539337,1
0.4359891414642334,1
0.2871493399143219,1
0.4167488217353821,1
0.45383983850479126,1
0.33765149116516113,1
0.3371128439903259,1
0.38431641459465027,1
0.3290903568267822,1
0.47015392780303955,1
0.3805038630962372,1
0.5316978096961975,1
0.6191084384918213,1
0.44420409202575684,1
0.4214208126068115,1
0.5557018518447876,1
0.515271782875061,1
0.4531780481338501,1
0.41164255142211914,1
0.4443407654762268,1
0.5502407550811768,1
0.3913072943687439,1
0.5190471410751343,1
0.4245575964450836,1
0.3940219283103943,1
0.6076613068580627,1
0.38010573387145996,1
0.4378541111946106,1
0.35240843892097473,1
0.3979111313819885,1
0.38696250319480896,1
0.4646049737930298,1
0.45138007402420044,1
0.4275900721549988,1
0.40981048345565796,1
0.6054823398590088,1
0.3614010810852051,1
0.5293629169464111,1
0.5897828340530396,1
0.3868562877178192,1
0.44363442063331604,1
0.36904603242874146,1
0.45299240946769714,1
0.33924436569213867,1
0.557263970375061,1
0.3889558017253876,1
0.4364369213581085,1
0.3887518048286438,1
0.4384285807609558,1
0.388725221157074,1
0.3789002001285553,1
0.2603589594364166,1
0.44079357385635376,1
0.5528013706207275,1
0.46329718828201294,1
0.41821056604385376,1
0.48034194111824036,1
0.49494174122810364,1
0.39518624544143677,1
0.44077742099761963,1
0.3283941149711609,1
0.46816906332969666,1
0.42865827679634094,1
0.34121912717819214,1
0.29767492413520813,1
0.4189319610595703,1
0.33607280254364014,1
0.4361957609653473,1
0.27451732754707336,1
0.5283078551292419,1
0.47699135541915894,1
0.41360098123550415,1
0.36472052335739136,1
0.3744276463985443,1
0.46543559432029724,1
0.5887290835380554,1
0.5295114517211914,1
0.5301216840744019,1
0.533862829208374,1
0.5068615674972534,1
0.4395996332168579,1
0.4764404594898224,1
0.377871572971344,1
0.39496636390686035,1
0.37120452523231506,1
0.399426132440567,1
0.301277756690979,1
0.40158742666244507,1
0.3928530812263489,1
0.38518786430358887,1
0.3486160337924957,1
0.4344765841960907,1
0.48735880851745605,1
0.39621615409851074,1
0.493223637342453,1
0.3589645028114319,1
0.4693456292152405,1
0.2943118214607239,1
0.43713048100471497,1
0.5063349008560181,1
0.31831520795822144,1
0.39825528860092163,1
0.3520491123199463,1
0.315180242061615,1
0.3815253674983978,1
0.4058932363986969,1
0.40785712003707886,1
0.43893879652023315,1
0.40452513098716736,1
0.2902592420578003,1
0.39987626671791077,1
0.4851492643356323,1
0.2835157811641693,1
0.3677363395690918,1
0.36646977066993713,1
0.2765938639640808,1
0.3795551657676697,1
0.3460081219673157,1
0.37655508518218994,1
0.36417627334594727,1
0.4094797670841217,1
0.47093892097473145,1
0.45687374472618103,1
0.4694124758243561,1
0.4797840118408203,1
0.4137127101421356,1
0.4058753252029419,1
0.4129715859889984,1
0.3689350485801697,1
0.36262762546539307,1
0.28541743755340576,1
0.41907432675361633,1
0.4791278839111328,1
0.5120805501937866,1
0.4511888921260834,1
0.37495002150535583,1
0.3959808945655823,1
0.3416541516780853,1
0.47006791830062866,1
0.4132670760154724,1
0.4520511031150818,1
0.38709962368011475,1
0.3079302906990051,1
0.3699825704097748,1
0.42963677644729614,1
0.4664419889450073,1
0.5027788877487183,1
0.3700641393661499,1
0.530465841293335,1
0.40085074305534363,1
0.3576473593711853,1
0.5215109586715698,1
0.3763396739959717,1
0.470589280128479,1
0.3147125840187073,1
0.38918986916542053,1
0.4111885726451874,1
0.43089473247528076,1
0.45547619462013245,1
0.40787196159362793,1
0.4677692651748657,1
0.359312504529953,1
0.3148033022880554,1
0.46580222249031067,1
0.42615315318107605,1
0.442837119102478,1
0.411469042301178,1
0.45376455783843994,1
0.3199240565299988,1
0.4367804527282715,1
0.40915533900260925,1
0.35949400067329407,1
0.33105072379112244,1
0.34515881538391113,1
0.3475201725959778,1
0.4299603998661041,1
0.42805200815200806,1
0.43571966886520386,1
0.3827096223831177,1
0.37988537549972534,1
0.6035820245742798,1
0.4457137882709503,1
0.3242447078227997,1
0.4154461622238159,1
0.3969062268733978,1
0.4242303967475891,1
0.41989919543266296,1
0.3227917551994324,1
0.5033313035964966,1
0.3981996178627014,1
0.33660197257995605,1
0.4324101507663727,1
0.5523532629013062,1
0.4664027690887451,1
0.4061667025089264,1
0.33828893303871155,1
0.3971354365348816,1
0.38776129484176636,1
0.4227796494960785,1
0.24847814440727234,1
0.44035643339157104,1
0.5481990575790405,1
0.3407856523990631,1
0.3829781413078308,1
0.4247766137123108,1
0.38669872283935547,1
0.4361796975135803,1
0.42766866087913513,1
0.3729972839355469,1
0.48327571153640747,1
0.422738254070282,1
0.42992618680000305,1
0.3112776577472687,1
0.3754342198371887,1
0.3476048409938812,1
0.4119023084640503,1
0.36499786376953125,1
0.4565296769142151,1
0.3825421631336212,1
0.563000500202179,1
0.3888223171234131,1
0.3448569178581238,1
0.32167041301727295,1
0.3647778332233429,1
0.43297868967056274,1
0.4773985743522644,1
0.37817811965942383,1
0.4063263535499573,1
0.5847152471542358,1
0.5334106087684631,1
0.4083975553512573,1
0.38794171810150146,1
0.35589006543159485,1
0.5307070016860962,1
0.47670620679855347,1
0.4087161421775818,1
0.35749924182891846,1
0.3674822747707367,1
0.3550468385219574,1
0.39790579676628113,1
0.37707436084747314,1
0.45258861780166626,1
0.38843977451324463,1
0.2975395917892456,1
0.4216225743293762,1
0.43417418003082275,1
0.5012995004653931,1
0.38653892278671265,1
0.32110583782196045,1
0.4428502917289734,1
0.32921475172042847,1
0.4289604425430298,1
0.4289393424987793,1
0.3954727053642273,1
0.44972318410873413,1
0.38702377676963806,1
0.4056054949760437,1
0.4471653699874878,1
0.4487452507019043,1
0.42133110761642456,1
0.46059489250183105,1
0.3987099528312683,1
0.41117674112319946,1
0.3885676860809326,1
0.45657646656036377,1
0.3345458209514618,1
0.3785613775253296,1
0.29511770606040955,1
0.3984350562095642,1
0.3125181496143341,1
0.5243335366249084,1
0.3644733130931854,1
0.3521745204925537,1
0.3723657727241516,1
0.450225830078125,1
0.5905101299285889,1
0.3553418815135956,1
0.5355249047279358,1
0.37383365631103516,1
0.4052131474018097,1
0.5230121612548828,1
0.4663660526275635,1
0.38577982783317566,1
0.41867390275001526,1
0.38362738490104675,1
0.3296821117401123,1
0.355673611164093,1
0.24320073425769806,1
0.34881624579429626,1
0.4285956919193268,1
0.3260911703109741,1
0.5876719951629639,1
0.2744441628456116,1
0.44128018617630005,1
0.39976269006729126,1
0.4575483202934265,1
0.37501972913742065,1
0.4146394729614258,1
0.3546740412712097,1
0.34470129013061523,1
0.41442471742630005,1
0.41230785846710205,1
0.5605409741401672,1
0.3603881001472473,1
0.47539830207824707,1
0.3952884376049042,1
0.3317795693874359,1
0.4942897856235504,1
0.34717029333114624,1
0.4236734211444855,1
0.468442440032959,1
0.37244153022766113,1
0.4345490336418152,1
0.3225780427455902,1
0.3707616925239563,1
0.3810702860355377,1
0.38738733530044556,1
0.3717819154262543,1
0.4072701334953308,1
0.4939166307449341,1
0.4529278874397278,1
0.3861345648765564,1
0.37317007780075073,1
0.3684430718421936,1
0.33561599254608154,1
0.35112181305885315,1
0.4636380076408386,1
0.44413986802101135,1
0.4591330587863922,1
0.32716497778892517,1
0.48164451122283936,1
0.31572195887565613,1
0.40865981578826904,1
0.44048964977264404,1
0.3806077241897583,1
0.37392497062683105,1
0.4379199743270874,1
0.3414744734764099,1
0.4047991633415222,1
0.37998199462890625,1
0.40723222494125366,1
0.46007096767425537,1
0.4798453748226166,1
0.41218262910842896,1
0.4100683629512787,1
0.32809802889823914,1
0.4840708076953888,1
0.33830583095550537,1
0.35867840051651,1
0.41070789098739624,1
0.43083620071411133,1
0.4022606611251831,1
0.345394104719162,1
0.33600014448165894,1
0.33736276626586914,1
0.4323194622993469,1
0.47481489181518555,1
0.39670994877815247,1
0.5152037739753723,1
0.3982626795768738,1
0.4525696039199829,1
0.44040021300315857,1
0.4377373456954956,1
0.4563009738922119,1
0.39808323979377747,1
0.3142417073249817,1
0.3316248059272766,1
0.4308070242404938,1
0.3723553419113159,1
0.35579243302345276,1
0.4234672486782074,1
0.4227904975414276,1
0.3020108640193939,1
0.4398197531700134,1
0.3335619568824768,1
0.460149884223938,1
0.38738784193992615,1
0.3733390271663666,1
0.43474745750427246,1
0.3673665523529053,1
0.42286452651023865,1
0.40604838728904724,1
0.3014521300792694,1
0.3854700028896332,1
0.3032532036304474,1
0.3951597213745117,1
0.31801480054855347,1
0.3826967477798462,1
0.509469747543335,1
0.29713761806488037,1
0.46497291326522827,1
0.5276864767074585,1
0.2900390923023224,1
0.5697107911109924,1
0.5323312282562256,1
0.28136759996414185,1
0.45946162939071655,1
0.41861262917518616,1
0.4110097289085388,1
0.41096654534339905,1
0.3848620653152466,1
0.4129372537136078,1
0.4429892301559448,1
0.3255960941314697,1
0.3850426971912384,1
0.3689187467098236,1
0.4485466480255127,1
0.2862778902053833,1
0.35469672083854675,1
0.45745164155960083,1
0.3340712785720825,1
0.5899204015731812,1
0.31272241473197937,1
0.38079553842544556,1
0.4342266321182251,1
0.40740299224853516,1
0.38962748646736145,1
0.48174163699150085,1
0.4892032742500305,1
0.4107612371444702,1
0.43570852279663086,1
0.3353594243526459,1
0.39377185702323914,1
0.4504263401031494,1
0.4101482927799225,1
0.37031084299087524,1
0.49542123079299927,1
0.3882831633090973,1
0.5607770681381226,1
0.31776130199432373,1
0.4214959144592285,1
0.41785433888435364,1
0.34018346667289734,1
0.37994107604026794,1
0.4970737397670746,1
0.4352880120277405,1
0.41051509976387024,1
0.36361685395240784,1
0.3604944944381714,1
0.4678192734718323,1
0.5031067132949829,1
0.42214059829711914,1
0.5873030424118042,1
0.4154095947742462,1
0.384216845035553,1
0.37109577655792236,1
0.4300151765346527,1
0.38044989109039307,1
0.41160789132118225,1
0.39480212330818176,1
0.406158447265625,1
0.34215861558914185,1
0.4304147958755493,1
0.42084214091300964,1
0.384204626083374,1
0.33433616161346436,1
0.38363802433013916,1
0.3542575240135193,1
0.4472307562828064,1
0.6235785484313965,1
0.4297560751438141,1
0.4627542495727539,1
0.42797183990478516,1
0.4000895619392395,1
0.4174172580242157,1
0.41556787490844727,1
0.451729953289032,1
0.48947715759277344,1
0.43448925018310547,1
0.3543795645236969,1
0.40835562348365784,1
0.3636351227760315,1
0.33277225494384766,1
0.3706098198890686,1
0.43684104084968567,1
0.3636332154273987,1
0.5552124381065369,1
0.3417489528656006,1
0.4325551986694336,1
0.35718515515327454,1
0.49375271797180176,1
0.3517025113105774,1
0.3926333487033844,1
0.38522404432296753,1
0.2765691876411438,1
0.348021924495697,1
0.3692774176597595,1
0.48067232966423035,1
0.3808898329734802,1
0.37617987394332886,1
0.4855652451515198,1
0.4498962163925171,1
0.4282664656639099,1
0.33713555335998535,1
0.2754606008529663,1
0.4756811261177063,1
0.3595796227455139,1
0.31656619906425476,1
0.4469940662384033,1
0.35865139961242676,1
0.33822932839393616,1
0.38096457719802856,1
0.4292159974575043,1
0.4497421979904175,1
0.4459409713745117,1
0.383105605840683,1
0.4846726059913635,1
0.3640575408935547,1
0.49127936363220215,1
0.4198864698410034,1
0.4235411286354065,1
0.2975796163082123,1
0.29597634077072144,1
0.5143565535545349,1
0.4100852608680725,1
0.3942815661430359,1
0.4817509353160858,1
0.4960060119628906,1
0.32785964012145996,1
0.35959726572036743,1
0.378885418176651,1
0.43551355600357056,1
0.29226940870285034,1
0.34225720167160034,1
0.35584259033203125,1
0.4559350311756134,1
0.4360097646713257,1
0.46097660064697266,1
0.43668171763420105,1
0.3323467969894409,1
0.3308587670326233,1
0.3957712650299072,1
0.40595507621765137,1
0.40172040462493896,1
0.32733261585235596,1
0.4117048382759094,1
0.4059087038040161,1
0.3613766133785248,1
0.3155498504638672,1
0.4062691628932953,1
0.4195367097854614,1
0.5592230558395386,1
0.36822089552879333,1
0.35324349999427795,1
0.3624896705150604,1
0.3637901246547699,1
0.31478026509284973,1
0.40230509638786316,1
0.33720389008522034,1
0.3558711111545563,1
0.37273961305618286,1
0.3483728766441345,1
0.36428749561309814,1
0.3440619707107544,1
0.5184599757194519,1
0.5642709732055664,1
0.4095838665962219,1
0.31740695238113403,1
0.3795176148414612,1
0.4007833003997803,1
0.3803538680076599,1
0.42305850982666016,1
0.3826121985912323,1
0.34913170337677,1
0.4386924207210541,1
0.48339059948921204,1
0.38764679431915283,1
0.4167887568473816,1
0.4248781204223633,1
0.397793710231781,1
0.34657642245292664,1
0.4782135486602783,1
0.31109485030174255,1
0.3275372087955475,1
0.4461705684661865,1
0.48606395721435547,1
0.3718569874763489,1
0.3980353772640228,1
0.43284645676612854,1
0.3929120600223541,1
0.3776147663593292,1
0.35164374113082886,1
0.4303153157234192,1
0.4141238033771515,1
0.4158632755279541,1
0.29874855279922485,1
0.4192659556865692,1
0.47085264325141907,1
0.314447283744812,1
0.3577877879142761,1
0.33104372024536133,1
0.5033199787139893,1
0.5321673154830933,1
0.4638819098472595,1
0.39658647775650024,1
0.40453946590423584,1
0.3248153030872345,1
0.41233116388320923,1
0.39918985962867737,1
0.3742659091949463,1
0.384398877620697,1
0.43663865327835083,1
0.5167244076728821,1
0.3258703947067261,1
0.42075034976005554,1
0.334115207195282,1
0.33962565660476685,1
0.4666592478752136,1
0.3725184202194214,1
0.4046975076198578,1
0.38683968782424927,1
0.3984788656234741,1
0.5134454965591431,1
0.3036482334136963,1
0.3969501256942749,1
0.404630571603775,1
0.43277400732040405,1
0.4464912414550781,1
0.43364429473876953,1
0.5135945677757263,1
0.43479958176612854,1
0.2528114914894104,1
0.523074746131897,1
0.3231019377708435,1
0.4717788100242615,1
0.4157216548919678,1
0.3789128363132477,1
0.43080079555511475,1
0.44081345200538635,1
0.363220751285553,1
0.4813542068004608,1
0.35684019327163696,1
0.4312936067581177,1
0.35256096720695496,1
0.4922022819519043,1
0.360186904668808,1
0.4452192783355713,1
0.45951902866363525,1
0.4088580012321472,1
0.38226234912872314,1
0.4424644112586975,1
0.42254388332366943,1
0.385209321975708,1
0.3237837553024292,1
0.39533618092536926,1
0.4017069935798645,1
0.47137099504470825,1
0.385823130607605,1
0.563211977481842,1
0.6381325721740723,1
0.4384150505065918,1
0.3628964424133301,1
0.4103410243988037,1
0.4369405210018158,1
0.38824206590652466,1
0.34906768798828125,1
0.3814712166786194,1
0.4943351745605469,1
0.43794310092926025,1
0.3737013041973114,1
0.41699764132499695,1
0.34241336584091187,1
0.33858245611190796,1
0.44545552134513855,1
0.5219975709915161,1
0.45464348793029785,1
0.40635886788368225,1
0.4153416156768799,1
0.4551504850387573,1
0.4283955991268158,1
0.5173340439796448,1
0.41475409269332886,1
0.43318063020706177,1
0.4000494182109833,1
0.3634865880012512,1
0.43260055780410767,1
0.3502151370048523,1
0.42837855219841003,1
0.38787320256233215,1
0.6060683727264404,1
0.448352575302124,1
0.377679705619812,1
0.4599216878414154,1
0.3637268841266632,1
0.44768232107162476,1
0.35825419425964355,1
0.5084070563316345,1
0.3215380907058716,1
0.3087006211280823,1
0.43732547760009766,1
0.38362544775009155,1
0.40357306599617004,1
0.35416507720947266,1
0.4008990228176117,1
0.33520805835723877,1
0.4419606029987335,1
0.45463550090789795,1
0.41257622838020325,1
0.49790337681770325,1
0.3195757269859314,1
0.33059367537498474,1
0.2794215977191925,1
0.4019054174423218,1
0.4529648423194885,1
0.4528154134750366,1
0.4392246603965759,1
0.403018593788147,1
0.40692412853240967,1
0.32439538836479187,1
0.40921685099601746,1
0.40745723247528076,1
0.4127558767795563,1
0.27502185106277466,1
0.40984421968460083,1
0.302150696516037,1
0.3906468152999878,1
0.4905698895454407,1
0.38614311814308167,1
0.48532038927078247,1
0.42018502950668335,1
0.38814789056777954,1
0.36026397347450256,1
0.33826369047164917,1
0.379160076379776,1
0.5346540212631226,1
0.33110395073890686,1
0.4848925769329071,1
0.36311566829681396,1
0.44002604484558105,1
0.49906080961227417,1
0.46624499559402466,1
0.33784812688827515,1
0.40838366746902466,1
0.4137212038040161,1
0.6108319163322449,1
0.34606465697288513,1
0.44397008419036865,1
0.32080894708633423,1
0.3592236638069153,1
0.5343989133834839,1
0.4534686207771301,1
0.5220348834991455,1
0.4088399410247803,1
0.4371642768383026,1
0.4050653576850891,1
0.45478495955467224,1
0.39847102761268616,1
0.42317652702331543,1
0.3346967101097107,1
0.4657552242279053,1
0.4640291929244995,1
0.563941240310669,1
0.4457654356956482,1
0.33665505051612854,1
0.3875187635421753,1
0.4215741753578186,1
0.4367275834083557,1
0.36950433254241943,1
0.4506016969680786,1
0.3947497606277466,1
0.4207996428012848,1
0.3472457826137543,1
0.46715354919433594,1
0.32303833961486816,1
0.4703584313392639,1
0.4086018204689026,1
0.32757988572120667,1
0.3465332090854645,1
0.4566273093223572,1
0.35502272844314575,1
0.46492254734039307,1
0.347284197807312,1
0.36985355615615845,1
0.44963350892066956,1
0.4090282618999481,1
0.3902100920677185,1
0.3710208535194397,1
0.4989370107650757,1
0.5344695448875427,1
0.4260263442993164,1
0.43330371379852295,1
0.40721142292022705,1
0.4501075744628906,1
0.35266345739364624,1
0.3972759246826172,1
0.4733300507068634,1
0.37379446625709534,1
0.3439936935901642,1
0.27918073534965515,1
0.4040467143058777,1
0.5062758922576904,1
0.457242488861084,1
0.5128396153450012,1
0.335985004901886,1
0.40615999698638916,1
0.3714991807937622,1
0.3655141592025757,1
0.422024667263031,1
0.4152640700340271,1
0.28572726249694824,1
0.3849817216396332,1
0.4458082914352417,1
0.40162789821624756,1
0.4973025321960449,1
0.3776465356349945,1
0.3560098707675934,1
0.36847054958343506,1
0.29491037130355835,1
0.28404349088668823,1
0.49881982803344727,1
0.4129657745361328,1
0.4556673467159271,1
0.39416125416755676,1
0.5303050875663757,1
0.5050042867660522,1
0.43972688913345337,1
0.26715999841690063,1
0.2981138825416565,1
0.42700010538101196,1
0.3150123655796051,1
0.3348507583141327,1
0.3953033983707428,1
0.2667752504348755,1
0.42238906025886536,1
0.33597368001937866,1
0.3332808315753937,1
0.36842015385627747,1
0.37087830901145935,1
0.3443475067615509,1
0.3615390360355377,1
0.39324143528938293,1
0.3453529179096222,1
0.36882179975509644,1
0.4206082224845886,1
0.36945003271102905,1
0.31846189498901367,1
0.3576449453830719,1
0.47774896025657654,1
0.47844934463500977,1
0.4752384424209595,1
0.40051448345184326,1
0.459450900554657,1
0.3814075291156769,1
0.4843443036079407,1
0.332912415266037,1
0.4358842968940735,1
0.34168851375579834,1
0.3989375829696655,1
0.39530444145202637,1
0.41133612394332886,1
0.4190743565559387,1
0.36992141604423523,1
0.37400752305984497,1
0.4892444312572479,1
0.32767438888549805,1
0.498632550239563,1
0.2944190800189972,1
0.42955735325813293,1
0.38076251745224,1
0.37666940689086914,1
0.35060662031173706,1
0.38175785541534424,1
0.38522157073020935,1
0.42999884486198425,1
0.5244753360748291,1
0.28217649459838867,1
0.3675163984298706,1
0.501928448677063,1
0.4114232063293457,1
0.34531962871551514,1
0.36438095569610596,1
0.3871414065361023,1
0.46098995208740234,1
0.41615816950798035,1
0.3869340121746063,1
0.36468780040740967,1
0.37049514055252075,1
0.4494819939136505,1
0.5726674795150757,1
0.37868836522102356,1
0.30091848969459534,1
0.3821107745170593,1
0.31525692343711853,1
0.5310482382774353,1
0.4932621121406555,1
0.3860706686973572,1
0.4804331362247467,1
0.4278045892715454,1
0.40839800238609314,1
0.40978869795799255,1
0.5270346403121948,1
0.3896806538105011,1
0.44314050674438477,1
0.469626247882843,1
0.36163705587387085,1
0.3293463885784149,1
0.42415308952331543,1
0.3636589050292969,1
0.3647107779979706,1
0.5711296200752258,1
0.3219733238220215,1
0.40598225593566895,1
0.33703261613845825,1
0.32832545042037964,1
0.4686371684074402,1
0.4035165011882782,1
0.3607858419418335,1
0.39199766516685486,1
0.3337697982788086,1
0.35808485746383667,1
0.627164363861084,1
0.45116591453552246,1
0.4125944972038269,1
0.50531405210495,1
0.4001249670982361,1
0.34287869930267334,1
0.4081488847732544,1
0.4850574731826782,1
0.426352858543396,1
0.3796771466732025,1
0.3843696713447571,1
0.4788590967655182,1
0.3393348157405853,1
0.36656713485717773,1
0.43400514125823975,1
0.41502153873443604,1
0.42986422777175903,1
0.5054745674133301,1
0.4791247844696045,1
0.3955188989639282,1
0.4078516662120819,1
0.49502307176589966,1
0.4067230224609375,1
0.4913988709449768,1
0.3527691960334778,1
0.33343952894210815,1
0.3047668933868408,1
0.3747979998588562,1
0.38114142417907715,1
0.3347471356391907,1
0.390929639339447,1
0.4055958092212677,1
0.3546270430088043,1
0.41647225618362427,1
0.42912477254867554,1
0.4193180203437805,1
0.42601320147514343,1
0.6172099113464355,1
0.39092472195625305,1
0.2989130914211273,1
0.48935553431510925,1
0.45865482091903687,1
0.297133207321167,1
0.4137203097343445,1
0.5160977244377136,1
0.351610392332077,1
0.42395296692848206,1
0.34235984086990356,1
0.37892866134643555,1
0.402240127325058,1
0.4511302411556244,1
0.4666465222835541,1
0.43216192722320557,1
0.3843368887901306,1
0.41087448596954346,1
0.38063591718673706,1
0.41252022981643677,1
0.3699941337108612,1
0.3566662073135376,1
0.31971776485443115,1
0.3792814612388611,1
0.4629473090171814,1
0.47911036014556885,1
0.4344301223754883,1
0.3602357506752014,1
0.4874456524848938,1
0.2641073763370514,1
0.3240850269794464,1
0.5014871954917908,1
0.40208959579467773,1
0.5249983072280884,1
0.3239215910434723,1
0.45445576310157776,1
0.45617324113845825,1
0.3652988076210022,1
0.3069723844528198,1
0.5145710706710815,1
0.402057945728302,1
0.3975045084953308,1
0.3738916516304016,1
0.45901936292648315,1
0.1860605627298355,1
0.32847312092781067,1
0.5523983836174011,1
0.5042359232902527,1
0.43233197927474976,1
0.387859046459198,1
0.38724565505981445,1
0.37853679060935974,1
0.4237752854824066,1
0.39966118335723877,1
0.29575806856155396,1
0.46135401725769043,1
0.5471593141555786,1
0.3844888210296631,1
0.3988656997680664,1
0.3922995924949646,1
0.40957939624786377,1
0.37508630752563477,1
0.3768472969532013,1
0.37434279918670654,1
0.3335149586200714,1
0.4237655997276306,1
0.5106779336929321,1
0.38452601432800293,1
0.4832748770713806,1
0.2966347634792328,1
0.467191219329834,1
0.42244425415992737,1
0.36233091354370117,1
0.34022051095962524,1
0.5636171102523804,1
0.4127348065376282,1
0.34534329175949097,1
0.4126708209514618,1
0.5403071641921997,1
0.28119170665740967,1
0.49350422620773315,1
0.4267562925815582,1
0.49051710963249207,1
0.35548561811447144,1
0.3541824221611023,1
0.3894677758216858,1
0.33589494228363037,1
0.3842966556549072,1
0.36167314648628235,1
0.4341040253639221,1
0.47011905908584595,1
0.47095856070518494,1
0.3878820240497589,1
0.34877610206604004,1
0.4599629044532776,1
0.4189971685409546,1
0.258931040763855,1
0.3090983033180237,1
0.4118346869945526,1
0.3967990279197693,1
0.43581318855285645,1
0.48732516169548035,1
0.332702100276947,1
0.3346496820449829,1
0.33532875776290894,1
0.4807559847831726,1
0.3781387209892273,1
0.42050719261169434,1
0.44360727071762085,1
0.3772154450416565,1
0.37294694781303406,1
0.4625885784626007,1
0.37187668681144714,1
0.3435295820236206,1
0.3982178568840027,1
0.32478487491607666,1
0.4969603717327118,1
0.4324725270271301,1
0.493017315864563,1
0.358339786529541,1
0.35414233803749084,1
0.5262131094932556,1
0.3568165898323059,1
0.49016422033309937,1
0.4460000991821289,1
0.5079643726348877,1
0.4157329797744751,1
0.40009647607803345,1
0.3234558701515198,1
0.436509370803833,1
0.5619293451309204,1
0.3638680875301361,1
0.4061264395713806,1
0.39164412021636963,1
0.3927898406982422,1
0.35030364990234375,1
0.3889782428741455,1
0.4057996869087219,1
0.31756025552749634,1
0.4433124363422394,1
0.45985352993011475,1
0.47907572984695435,1
0.5065692663192749,1
0.30030548572540283,1
0.44031721353530884,1
0.4640871584415436,1
0.405210942029953,1
0.36712712049484253,1
0.45910218358039856,1
0.29896342754364014,1
0.38164249062538147,1
0.39044755697250366,1
0.4712400436401367,1
0.5924583077430725,1
0.28348737955093384,1
0.41855013370513916,1
0.49523860216140747,1
0.3303288519382477,1
0.3327769935131073,1
0.3720672130584717,1
0.37787926197052,1
0.42934614419937134,1
0.48940375447273254,1
0.431458979845047,1
0.4285418391227722,1
0.43226510286331177,1
0.41295313835144043,1
0.5113749504089355,1
0.3897415101528168,1
0.4194208085536957,1
0.2932945489883423,1
0.4126836061477661,1
0.3123818635940552,1
0.43717846274375916,1
0.3044753670692444,1
0.33053019642829895,1
0.3339613080024719,1
0.3941439986228943,1
0.3543128967285156,1
0.32419252395629883,1
0.3296913802623749,1
0.35323524475097656,1
0.4354655146598816,1
0.3580263555049896,1
0.477081298828125,1
0.4060814380645752,1
0.3426661491394043,1
0.4340447783470154,1
0.4023931920528412,1
0.3118740916252136,1
0.3214211165904999,1
0.4661858379840851,1
0.4594593346118927,1
0.49500587582588196,1
0.42591238021850586,1
0.37769395112991333,1
0.35600021481513977,1
0.43269211053848267,1
0.5156654119491577,1
0.3229915499687195,1
0.36009061336517334,1
0.4124235510826111,1
0.5001634359359741,1
0.42541223764419556,1
0.5045485496520996,1
0.48151296377182007,1
0.3793885111808777,1
0.3150539696216583,1
0.5430747270584106,1
0.3746597170829773,1
0.41599294543266296,1
0.4431142508983612,1
0.419808030128479,1
0.4387795329093933,1
0.40137046575546265,1
0.4654347896575928,1
0.39173540472984314,1
0.5339238047599792,1
0.4503173828125,1
0.3957098126411438,1
0.35425353050231934,1
0.5427624583244324,1
0.4781697690486908,1
0.3144935071468353,1
0.43197429180145264,1
0.376539409160614,1
0.41748863458633423,1
0.36765235662460327,1
0.3885602653026581,1
0.36244064569473267,1
0.4086085557937622,1
0.2711239755153656,1
0.43019282817840576,1
0.41486889123916626,1
0.3007679879665375,1
0.38988813757896423,1
0.44417113065719604,1
0.320173978805542,1
0.4505276679992676,1
0.38005197048187256,1
0.3180333077907562,1
0.45011475682258606,1
0.41573429107666016,1
0.39629921317100525,1
0.34176909923553467,1
0.5763841867446899,1
0.45533502101898193,1
0.39136892557144165,1
0.3258863687515259,1
0.34157702326774597,1
0.46446889638900757,1
0.3336643874645233,1
0.4323529899120331,1
0.41570156812667847,1
0.49358195066452026,1
0.47395119071006775,1
0.46554166078567505,1
0.4668567180633545,1
0.4991311728954315,1
0.4410499930381775,1
0.4150030314922333,1
0.359752357006073,1
0.34775683283805847,1
0.4001206159591675,1
0.4693281352519989,1
0.39696455001831055,1
0.39685899019241333,1
0.4869191348552704,1
0.4856988191604614,1
0.46966975927352905,1
0.38640695810317993,1
0.34170255064964294,1
0.42947450280189514,1
0.4428143799304962,1
0.3805932402610779,1
0.4436773955821991,1
0.3725719451904297,1
0.3821319341659546,1
0.39021188020706177,1
0.28740525245666504,1
0.363283634185791,1
0.5149669647216797,1
0.3796044886112213,1
0.4232010841369629,1
0.37214192748069763,1
0.3928436040878296,1
0.4182147979736328,1
0.49319130182266235,1
0.31093257665634155,1
0.4197530150413513,1
0.3173101246356964,1
0.40951770544052124,1
0.4379637539386749,1
0.35594308376312256,1
0.4937115013599396,1
0.3851037323474884,1
0.3162420392036438,1
0.33148953318595886,1
0.5102465748786926,1
0.39327794313430786,1
0.4711538553237915,1
0.37342602014541626,1
0.34762412309646606,1
0.35227999091148376,1
0.44698864221572876,1
0.37979036569595337,1
0.4065856337547302,1
0.3504650890827179,1
0.4323144257068634,1
0.28637388348579407,1
0.4126640260219574,1
0.47411438822746277,1
0.43986982107162476,1
0.4161411225795746,1
0.4049752354621887,1
0.40965163707733154,1
0.4218963384628296,1
0.3744179606437683,1
0.45336994528770447,1
0.4466024339199066,1
0.40828078985214233,1
0.4259849786758423,1
0.43579328060150146,1
0.3833213150501251,1
0.39707016944885254,1
0.4217977821826935,1
0.5315126180648804,1
0.3932249844074249,1
0.3958585858345032,1
0.4312227666378021,1
0.4891672730445862,1
0.471623957157135,1
0.44780611991882324,1
0.3835054636001587,1
0.3880632519721985,1
0.4620943069458008,1
0.4111282229423523,1
0.3229009509086609,1
0.40389230847358704,1
0.5595855712890625,1
0.606605052947998,1
0.43068915605545044,1
0.33951497077941895,1
0.3690246641635895,1
0.5209364891052246,1
0.44963955879211426,1
0.4577381908893585,1
0.46386367082595825,1
0.4359239339828491,1
0.2863067090511322,1
0.36175650358200073,1
0.46631911396980286,1
0.3637324869632721,1
0.37439852952957153,1
0.3813400864601135,1
0.40348219871520996,1
0.385903000831604,1
0.4475668668746948,1
0.3992760479450226,1
0.39623770117759705,1
0.31458669900894165,1
0.44327110052108765,1
0.38359880447387695,1
0.3485901355743408,1
0.3433089256286621,1
0.37804746627807617,1
0.4351390600204468,1
0.42189425230026245,1
0.5268872976303101,1
0.3499969244003296,1
0.4223750829696655,1
0.34273698925971985,1
0.36695459485054016,1
0.32487037777900696,1
0.37478554248809814,1
0.3258402645587921,1
0.45327121019363403,1
0.38206157088279724,1
0.4913834035396576,1
0.5493561029434204,1
0.5087635517120361,1
0.3967256546020508,1
0.304015576839447,1
0.32985639572143555,1
0.2887050211429596,1
0.40840327739715576,1
0.4493701457977295,1
0.39263856410980225,1
0.49585241079330444,1
0.4261239767074585,1
0.39816814661026,1
0.4061497449874878,1
0.4005417227745056,1
0.39892104268074036,1
0.5049768090248108,1
0.4828640818595886,1
0.3803088068962097,1
0.4524834454059601,1
0.3067854046821594,1
0.40398848056793213,1
0.4288618564605713,1
0.4043428897857666,1
0.4067506790161133,1
0.475815087556839,1
0.4938194453716278,1
0.4897071421146393,1
0.4377099871635437,1
0.5769745707511902,1
0.47400522232055664,1
0.39895713329315186,1
0.423819899559021,1
0.40922611951828003,1
0.5142371654510498,1
0.33930420875549316,1
0.42206621170043945,1
0.303292840719223,1
0.3087043762207031,1
0.32769644260406494,1
0.4116794168949127,1
0.36503300070762634,1
0.333525151014328,1
0.33477872610092163,1
0.38505274057388306,1
0.336101770401001,1
0.36846283078193665,1
0.4666154384613037,1
0.275764137506485,1
0.3614075183868408,1
0.35501042008399963,1
0.30384764075279236,1
0.32929643988609314,1
0.39502274990081787,1
0.31212735176086426,1
0.4562390446662903,1
0.3858315348625183,1
0.46008747816085815,1
0.43536433577537537,1
0.5311735272407532,1
0.29265353083610535,1
0.4418066143989563,1
0.3528333306312561,1
0.36289510130882263,1
0.3110111951828003,1
0.39868128299713135,1
0.39188098907470703,1
0.31946903467178345,1
0.309670090675354,1
0.47959405183792114,1
0.38260316848754883,1
0.33787310123443604,1
0.35220012068748474,1
0.3812571167945862,1
0.4310496747493744,1
0.3555319905281067,1
0.37818214297294617,1
0.409478098154068,1
0.3477691411972046,1
0.4079855680465698,1
0.32168442010879517,1
0.4575665593147278,1
0.5053035020828247,1
0.410042405128479,1
0.5372313261032104,1
0.3098738491535187,1
0.4937547445297241,1
0.3731904923915863,1
0.45609980821609497,1
0.4429159462451935,1
0.3315487802028656,1
0.2896099388599396,1
0.3362272381782532,1
0.34782159328460693,1
0.33341652154922485,1
0.36256057024002075,1
0.43166330456733704,1
0.34415581822395325,1
0.43366822600364685,1
0.5543195009231567,1
0.351299911737442,1
0.3374210000038147,1
0.3599250316619873,1
0.39599794149398804,1
0.4675214886665344,1
0.47569382190704346,1
0.4750416874885559,1
0.41888105869293213,1
0.26184946298599243,1
0.3776231110095978,1
0.40105217695236206,1
0.43118882179260254,1
0.342379629611969,1
0.3836934566497803,1
0.4208911955356598,1
0.409445196390152,1
0.45024463534355164,1
0.4885481595993042,1
0.4843926429748535,1
0.41959452629089355,1
0.3209134340286255,1
0.37641477584838867,1
0.38288575410842896,1
0.3278394937515259,1
0.36262980103492737,1
0.3623826801776886,1
0.4711223542690277,1
0.367745041847229,1
0.3855022192001343,1
0.4163268804550171,1
0.26098352670669556,1
0.35969749093055725,1
0.3697064518928528,1
0.35983526706695557,1
0.3173063397407532,1
0.41740620136260986,1
0.33499789237976074,1
0.3643985986709595,1
0.4199470579624176,1
0.455187052488327,1
0.31462591886520386,1
0.43300628662109375,1
0.3882809281349182,1
0.37300512194633484,1
0.34544968605041504,1
0.44848647713661194,1
0.34746596217155457,1
0.40397414565086365,1
0.29325589537620544,1
0.3748404383659363,1
0.37670978903770447,1
0.3357510268688202,1
0.3875904381275177,1
0.4205794036388397,1
0.440667986869812,1
0.4733829200267792,1
0.3995593190193176,1
0.4093807339668274,1
0.44483304023742676,1
0.32208889722824097,1
0.4052678942680359,1
0.38531360030174255,1
0.3244766592979431,1
0.47685569524765015,1
0.5266708731651306,1
0.361794114112854,1
0.43785640597343445,1
0.4569704234600067,1
0.4472508132457733,1
0.35433429479599,1
0.40186089277267456,1
0.36625638604164124,1
0.3079221844673157,1
0.310098260641098,1
0.36578261852264404,1
0.42159315943717957,1
0.3140425384044647,1
0.4303244948387146,1
0.46996092796325684,1
0.4858596622943878,1
0.42584094405174255,1
0.35873496532440186,1
0.32946497201919556,1
0.43068110942840576,1
0.40294456481933594,1
0.30720430612564087,1
0.35126686096191406,1
0.32285380363464355,1
0.3644096553325653,1
0.39604684710502625,1
0.33735188841819763,1
0.3911440074443817,1
0.2566945254802704,1
0.44644102454185486,1
0.5294042229652405,1
0.3674445152282715,1
0.44992464780807495,1
0.38481926918029785,1
0.30384424328804016,1
0.3665119409561157,1
0.311366468667984,1
0.5177714824676514,1
0.36704832315444946,1
0.2720140516757965,1
0.38747096061706543,1
0.41565948724746704,1
0.4919808506965637,1
0.38692688941955566,1
0.3677009344100952,1
0.4399479627609253,1
0.32219523191452026,1
0.6244643926620483,1
0.30813026428222656,1
0.37310072779655457,1
0.4112563133239746,1
0.37789127230644226,1
0.2933439612388611,1
0.4490166902542114,1
0.5767083168029785,1
0.44753721356391907,1
0.41636499762535095,1
0.3615877628326416,1
0.4669342637062073,1
0.3776087462902069,1
0.43512392044067383,1
0.31989285349845886,1
0.4023887813091278,1
0.44234713912010193,1
0.38449814915657043,1
0.3442800045013428,1
0.39976978302001953,1
0.46479520201683044,1
0.47421690821647644,1
0.5026899576187134,1
0.37245744466781616,1
0.4149162173271179,1
0.46131187677383423,1
0.45121848583221436,1
0.353588342666626,1
0.3460209369659424,1
0.4188421964645386,1
0.32570406794548035,1
0.40555742383003235,1
0.38621240854263306,1
0.37029582262039185,1
0.3171635568141937,1
0.39812159538269043,1
0.43402087688446045,1
0.4031934142112732,1
0.41932106018066406,1
0.4127245545387268,1
0.41813111305236816,1
0.3771715760231018,1
0.38309141993522644,1
0.3414827585220337,1
0.29923349618911743,1
0.4391344487667084,1
0.36069294810295105,1
0.36868172883987427,1
0.5802369713783264,1
0.35172900557518005,1
0.34168389439582825,1
0.4452352821826935,1
0.3430551290512085,1
0.36412549018859863,1
0.4530639052391052,1
0.44816499948501587,1
0.4995577931404114,1
0.5403614044189453,1
0.4384005069732666,1
0.5059436559677124,1
0.4981001615524292,1
0.39626142382621765,1
0.4896526634693146,1
0.36404573917388916,1
0.5157923698425293,1
0.3854311406612396,1
0.5358002781867981,1
0.3731997609138489,1
0.3890906274318695,1
0.42353853583335876,1
0.48053503036499023,1
0.3077475130558014,1
0.47794103622436523,1
0.35477834939956665,1
0.4726716876029968,1
0.30308932065963745,1
0.39344626665115356,1
0.3611840605735779,1
0.4336678385734558,1
0.4671209454536438,1
0.3856063187122345,1
0.35726630687713623,1
0.40262216329574585,1
0.4788428246974945,1
0.4109277129173279,1
0.3534836173057556,1
0.3753806948661804,1
0.28130877017974854,1
0.4868326783180237,1
0.34322935342788696,1
0.3990875482559204,1
0.4541057348251343,1
0.3562803864479065,1
0.35948026180267334,1
0.28322044014930725,1
0.4079807698726654,1
0.40891820192337036,1
0.3872230648994446,1
0.4487610459327698,1
0.3737255930900574,1
0.35368236899375916,1
0.33128616213798523,1
0.5290746688842773,1
0.3224751055240631,1
0.4094539284706116,1
0.39597758650779724,1
0.5938701629638672,1
0.41857096552848816,1
0.33775094151496887,1
0.4199657440185547,1
0.3302974998950958,1
0.37995925545692444,1
0.3408734202384949,1
0.3448111414909363,1
0.3626437187194824,1
0.35610610246658325,1
0.38211601972579956,1
0.2781803011894226,1
0.46434372663497925,1
0.4847410321235657,1
0.33035850524902344,1
0.43443921208381653,1
0.32692158222198486,1
0.4239211976528168,1
0.41306185722351074,1
0.4444481134414673,1
0.40682345628738403,1
0.34951820969581604,1
0.3342142105102539,1
0.4106675982475281,1
0.34345826506614685,1
0.40004628896713257,1
0.467606782913208,1
0.33685606718063354,1
0.4115390181541443,1
0.37818360328674316,1
0.44510310888290405,1
0.4127177894115448,1
0.48175477981567383,1
0.4645749032497406,1
0.345829576253891,1
0.38958752155303955,1
0.4498947262763977,1
0.4020150899887085,1
0.42206689715385437,1
0.39677518606185913,1
0.4305906891822815,1
0.2959381937980652,1
0.3748549222946167,1
0.31650781631469727,1
0.46906352043151855,1
0.33845922350883484,1
0.38442230224609375,1
0.37513768672943115,1
0.3693059980869293,1
0.498108446598053,1
0.38225314021110535,1
0.41645726561546326,1
0.4317246675491333,1
0.2932864725589752,1
0.4037548303604126,1
0.36553505063056946,1
0.3009445071220398,1
0.37539035081863403,1
0.4032319188117981,1
0.42538467049598694,1
0.4551388621330261,1
0.39609453082084656,1
0.4323543608188629,1
0.3203686475753784,1
0.3645329475402832,1
0.3239792287349701,1
0.5295361876487732,1
0.357330858707428,1
0.3842714726924896,1
0.467174232006073,1
0.36478668451309204,1
0.3659769296646118,1
0.34271305799484253,1
0.41507279872894287,1
0.4246322512626648,1
0.5244923830032349,1
0.37674927711486816,1
0.38374418020248413,1
0.39756715297698975,1
0.45660465955734253,1
0.44389811158180237,1
0.39891430735588074,1
0.38225656747817993,1
0.39574897289276123,1
0.47581321001052856,1
0.2953033149242401,1
0.5060871839523315,1
0.42129281163215637,1
0.5146340727806091,1
0.46239328384399414,1
0.4479891061782837,1
0.4541109800338745,1
0.4701862037181854,1
0.34795188903808594,1
0.3990831971168518,1
0.41581833362579346,1
0.3830984830856323,1
0.3476288914680481,1
0.3543439507484436,1
0.3710220456123352,1
0.414669930934906,1
0.4291248321533203,1
0.5447741746902466,1
0.35593658685684204,1
0.3566776216030121,1
0.4569905400276184,1
0.41963711380958557,1
0.3337564468383789,1
0.31394001841545105,1
0.36946332454681396,1
0.44677793979644775,1
0.3716556429862976,1
0.3850932717323303,1
0.27369752526283264,1
0.49895474314689636,1
0.423278272151947,1
0.4401180148124695,1
0.3046923875808716,1
0.3937385082244873,1
0.33777374029159546,1
0.3965212404727936,1
0.5418199300765991,1
0.3688383400440216,1
0.33069512248039246,1
0.3833562731742859,1
0.3699048161506653,1
0.3979966938495636,1
0.2889607548713684,1
0.2943609058856964,1
0.3891671299934387,1
0.49657192826271057,1
0.32820042967796326,1
0.4470813274383545,1
0.3308332562446594,1
0.49613484740257263,1
0.5565690994262695,1
0.37330031394958496,1
0.3814704418182373,1
0.3519078195095062,1
0.462759792804718,1
0.4129367768764496,1
0.36256057024002075,1
0.4315805733203888,1
0.4741562008857727,1
0.5092458724975586,1
0.22197601199150085,1
0.4020661413669586,1
0.4070243239402771,1
0.45075559616088867,1
0.41786473989486694,1
0.40260353684425354,1
0.4984586834907532,1
0.4212135970592499,1
0.4301643967628479,1
0.32453155517578125,1
0.36391618847846985,1
0.4524761438369751,1
0.616836667060852,1
0.5453662872314453,1
0.42608651518821716,1
0.5483050346374512,1
0.3784031271934509,1
0.4090573191642761,1
0.382027268409729,1
0.5373910069465637,1
0.4003147482872009,1
0.5178847312927246,1
0.34290432929992676,1
0.3703843653202057,1
0.38095158338546753,1
0.35281091928482056,1
0.3796464204788208,1
0.3945983946323395,1
0.41914910078048706,1
0.31840139627456665,1
0.4387494921684265,1
0.43642550706863403,1
0.5072025656700134,1
0.3860427141189575,1
0.4690101146697998,1
0.38029909133911133,1
0.4144322872161865,1
0.404755175113678,1
0.33050864934921265,1
0.38681691884994507,1
0.4764164686203003,1
0.557059645652771,1
0.37354278564453125,1
0.41942882537841797,1
0.44115227460861206,1
0.4031067192554474,1
0.39277589321136475,1
0.46501588821411133,1
0.3664979040622711,1
0.4227219820022583,1
0.3822811245918274,1
0.44087210297584534,1
0.4114013910293579,1
0.3159485459327698,1
0.2943798303604126,1
0.4158283472061157,1
0.4802249073982239,1
0.35080015659332275,1
0.4017708897590637,1
0.3854246139526367,1
0.40351903438568115,1
0.5088210105895996,1
0.4192087650299072,1
0.42872828245162964,1
0.4204298257827759,1
0.43920522928237915,1
0.3846723437309265,1
0.33311012387275696,1
0.3759284019470215,1
0.4104289710521698,1
0.3673209547996521,1
0.4124661982059479,1
0.4173348546028137,1
0.4226442575454712,1
0.48510533571243286,1
0.3979299068450928,1
0.5556939840316772,1
0.38387978076934814,1
0.2759630084037781,1
0.4028955101966858,1
0.4187777638435364,1
0.3397113084793091,1
0.30650272965431213,1
0.41925108432769775,1
0.41303831338882446,1
0.3836398720741272,1
0.41013091802597046,1
0.3904540538787842,1
0.360049307346344,1
0.270262748003006,1
0.43647027015686035,1
0.40566951036453247,1
0.365414559841156,1
0.41733598709106445,1
0.3052663207054138,1
0.43845170736312866,1
0.3791612684726715,1
0.3958044946193695,1
0.3298945128917694,1
0.44529396295547485,1
0.4141957759857178,1
0.3369179964065552,1
0.4278094470500946,1
0.3643338084220886,1
0.3757670223712921,1
0.326965868473053,1
0.4279385805130005,1
0.37389320135116577,1
0.37897491455078125,1
0.5041450262069702,1
0.33429718017578125,1
0.32940933108329773,1
0.3919469118118286,1
0.5239869356155396,1
0.4202570617198944,1
0.48134666681289673,1
0.30568259954452515,1
0.4223850965499878,1
0.36531317234039307,1
0.3471567630767822,1
0.5191696286201477,1
0.29701822996139526,1
0.5391122102737427,1
0.4508998990058899,1
0.43116047978401184,1
0.5131098031997681,1
0.4444274306297302,1
0.34910374879837036,1
0.42570218443870544,1
0.36138707399368286,1
0.5065580010414124,1
0.39558255672454834,1
0.47071149945259094,1
0.5817217826843262,1
0.38204696774482727,1
0.3323708772659302,1
0.3434877395629883,1
0.4771343469619751,1
0.3386673927307129,1
0.4794425070285797,1
0.28956764936447144,1
0.3609052896499634,1
0.40328502655029297,1
0.4600566029548645,1
0.43459466099739075,1
0.42779040336608887,1
0.38350844383239746,1
0.302014023065567,1
0.42025309801101685,1
0.31524476408958435,1
0.41995924711227417,1
0.39297789335250854,1
0.45452165603637695,1
0.3962879776954651,1
0.4266780614852905,1
0.38237830996513367,1
0.4557529091835022,1
0.4135410785675049,1
0.3662143349647522,1
0.45078805088996887,1
0.4552481770515442,1
0.26837629079818726,1
0.40879228711128235,1
0.42138099670410156,1
0.35834699869155884,1
0.40029051899909973,1
0.3713940680027008,1
0.44919970631599426,1
0.3432900607585907,1
0.34501129388809204,1
0.5099505186080933,1
0.37185001373291016,1
0.45183777809143066,1
0.4339093565940857,1
0.427051842212677,1
0.42042624950408936,1
0.387018084526062,1
0.3680448532104492,1
0.38311928510665894,1
0.4546997547149658,1
0.4581381380558014,1
0.5154363512992859,1
0.39968061447143555,1
0.2946441173553467,1
0.4520585834980011,1
0.47370895743370056,1
0.407793790102005,1
0.40212249755859375,1
0.4260691702365875,1
0.37276238203048706,1
0.49828463792800903,1
0.3558277487754822,1
0.42042940855026245,1
0.3621354401111603,1
0.34473681449890137,1
0.4521466791629791,1
0.37516170740127563,1
0.3569033145904541,1
0.3950510025024414,1
0.41084158420562744,1
0.32535308599472046,1
0.34691938757896423,1
0.46376943588256836,1
0.3677786588668823,1
0.3342441916465759,1
0.48157069087028503,1
0.38617345690727234,1
0.4329211711883545,1
0.3939540982246399,1
0.3480032682418823,1
0.377505362033844,1
0.4540109634399414,1
0.38591575622558594,1
0.4042283594608307,1
0.38117361068725586,1
0.36483699083328247,1
0.42250895500183105,1
0.41462841629981995,1
0.3870977759361267,1
0.44033974409103394,1
0.3563674986362457,1
0.36759257316589355,1
0.4414644241333008,1
0.3534281849861145,1
0.4817489683628082,1
0.4105242192745209,1
0.40548184514045715,1
0.42422109842300415,1
0.4547513723373413,1
0.43189579248428345,1
0.3502850830554962,1
0.5834604501724243,1
0.5027706027030945,1
0.33860310912132263,1
0.31903424859046936,1
0.4325515031814575,1
0.37853360176086426,1
0.4417582154273987,1
0.329378217458725,1
0.35247698426246643,1
0.3955077826976776,1
0.3247426748275757,1
0.3505125343799591,1
0.512955904006958,1
0.3722301721572876,1
0.269362211227417,1
0.3909139037132263,1
0.4285285174846649,1
0.3594030737876892,1
0.2987983822822571,1
0.4149588644504547,1
0.4628402888774872,1
0.42930614948272705,1
0.5263952016830444,1
0.3888174593448639,1
0.35054123401641846,1
0.5483805537223816,1
0.4008648693561554,1
0.3521440327167511,1
0.37388283014297485,1
0.38610631227493286,1
0.4080992341041565,1
0.45264512300491333,1
0.414664089679718,1
0.3596934676170349,1
0.5119991898536682,1
0.3439962863922119,1
0.46870848536491394,1
0.45158249139785767,1
0.3793928325176239,1
0.35367339849472046,1
0.46342113614082336,1
0.4095473885536194,1
0.3621593713760376,1
0.3168359398841858,1
0.38486558198928833,1
0.37288933992385864,1
0.4283920228481293,1
0.44943687319755554,1
0.404371440410614,1
0.5557352304458618,1
0.4124540388584137,1
0.35637158155441284,1
0.487671434879303,1
0.422885000705719,1
0.3537696301937103,1
0.46546483039855957,1
0.34427666664123535,1
0.3194195032119751,1
0.39139771461486816,1
0.3939863443374634,1
0.3374459147453308,1
0.33177730441093445,1
0.3317009210586548,1
0.29737454652786255,1
0.5333690047264099,1
0.4624364674091339,1
0.35155031085014343,1
0.40895459055900574,1
0.4185376763343811,1
0.3707237243652344,1
0.3933711051940918,1
0.37002596259117126,1
0.4382137656211853,1
0.5228394865989685,1
0.40220314264297485,1
0.38341569900512695,1
0.3569987118244171,1
0.35514286160469055,1
0.38302019238471985,1
0.5791765451431274,1
0.3141895532608032,1
0.31293541193008423,1
0.4825165569782257,1
0.40879279375076294,1
0.3285878896713257,1
0.16983506083488464,1
0.4534100592136383,1
0.3965526521205902,1
0.3402572274208069,1
0.37486305832862854,1
0.47800904512405396,1
0.3126092851161957,1
0.43958938121795654,1
0.5124403238296509,1
0.38025471568107605,1
0.4059857130050659,1
0.37571680545806885,1
0.42373886704444885,1
0.45738327503204346,1
0.49894988536834717,1
0.4803959131240845,1
0.4763447642326355,1
0.4262329041957855,1
0.474264919757843,1
0.369225412607193,1
0.36802026629447937,1
0.34587913751602173,1
0.389566570520401,1
0.4344906508922577,1
0.39166006445884705,1
0.3890320658683777,1
0.34624943137168884,1
0.5220831632614136,1
0.4125139117240906,1
0.43019628524780273,1
0.3923606276512146,1
0.41807544231414795,1
0.3524788022041321,1
0.43978047370910645,1
0.45234012603759766,1
0.40636613965034485,1
0.361176073551178,1
0.4696739614009857,1
0.4078436493873596,1
0.3563075363636017,1
0.37934499979019165,1
0.35884350538253784,1
0.39974838495254517,1
0.46960151195526123,1
0.4655456244945526,1
0.4540741443634033,1
0.4011876881122589,1
0.4339105784893036,1
0.45353811979293823,1
0.4908864200115204,1
0.45565277338027954,1
0.4925033450126648,1
0.40579187870025635,1
0.380807101726532,1
0.3347829580307007,1
0.3854494094848633,1
0.4636702537536621,1
0.4139098525047302,1
0.3235921263694763,1
0.4337986707687378,1
0.36029869318008423,1
0.4211561977863312,1
0.3388589918613434,1
0.36003199219703674,1
0.3973538279533386,1
0.41849619150161743,1
0.4360755681991577,1
0.37056607007980347,1
0.4108617305755615,1
0.49756282567977905,1
0.40996459126472473,1
0.38107508420944214,1
0.41000017523765564,1
0.4341046214103699,1
0.46077024936676025,1
0.4679274559020996,1
0.28764769434928894,1
0.4429135024547577,1
0.3365730047225952,1
0.526509702205658,1
0.4612727463245392,1
0.39231714606285095,1
0.43914878368377686,1
0.31841421127319336,1
0.36538055539131165,1
0.43367886543273926,1
0.3411174416542053,1
0.4371768832206726,1
0.3914564847946167,1
0.536284327507019,1
0.3519059717655182,1
0.4444490075111389,1
0.4096524715423584,1
0.38015517592430115,1
0.446042537689209,1
0.33193475008010864,1
0.4127076268196106,1
0.3678959012031555,1
0.2577706277370453,1
0.3156399726867676,1
0.3916497826576233,1
0.46295157074928284,1
0.46547555923461914,1
0.45834028720855713,1
0.33040764927864075,1
0.3800210654735565,1
0.38553813099861145,1
0.34999799728393555,1
0.38767707347869873,1
0.37495550513267517,1
0.39364367723464966,1
0.4008959233760834,1
0.4571150243282318,1
0.28450411558151245,1
0.47894030809402466,1
0.45938345789909363,1
0.424640417098999,1
0.48100897669792175,1
0.397685706615448,1
0.3532995581626892,1
0.38291651010513306,1
0.3804580569267273,1
0.4269869923591614,1
0.3956458270549774,1
0.3846375048160553,1
0.3975619673728943,1
0.47274449467658997,1
0.4103294014930725,1
0.3291894793510437,1
0.4736942946910858,1
0.48846733570098877,1
0.3911954164505005,1
0.4036242365837097,1
0.43776631355285645,1
0.48689767718315125,1
0.4078105390071869,1
0.3230134844779968,1
0.4534115195274353,1
0.48373904824256897,1
0.46061891317367554,1
0.40733227133750916,1
0.36682751774787903,1
0.44568121433258057,1
0.339058518409729,1
0.3535310626029968,1
0.3490504324436188,1
0.3901559114456177,1
0.3154586851596832,1
0.4310367703437805,1
0.40514159202575684,1
0.39030343294143677,1
0.34751778841018677,1
0.4202222526073456,1
0.4587497115135193,1
0.3515142798423767,1
0.40259283781051636,1
0.42222267389297485,1
0.3918759226799011,1
0.47898396849632263,1
0.3763788342475891,1
0.40527045726776123,1
0.4501449465751648,1
0.516878604888916,1
0.4888187050819397,1
0.45700255036354065,1
0.37228620052337646,1
0.505181074142456,1
0.48535043001174927,1
0.34417447447776794,1
0.43917176127433777,1
0.45277032256126404,1
0.46744585037231445,1
0.4595980644226074,1
0.45477545261383057,1
0.3744136095046997,1
0.42025837302207947,1
0.562925398349762,1
0.5041658282279968,1
0.5377099514007568,1
0.47343724966049194,1
0.3761897385120392,1
0.4491463601589203,1
0.4124740958213806,1
0.39744460582733154,1
0.4246608316898346,1
0.3546770215034485,1
0.38034576177597046,1
0.4590699374675751,1
0.44533830881118774,1
0.3761942386627197,1
0.47567081451416016,1
0.34479421377182007,1
0.44106289744377136,1
0.42604875564575195,1
0.4862295389175415,1
0.38398563861846924,1
0.3240562081336975,1
0.5575685501098633,1
0.4045236110687256,1
0.3572383522987366,1
0.3873409926891327,1
0.30890142917633057,1
0.4185849726200104,1
0.39940157532691956,1
0.36282119154930115,1
0.3928312659263611,1
0.31450748443603516,1
0.5511738657951355,1
0.32972946763038635,1
0.47257861495018005,1
0.40901869535446167,1
0.396531879901886,1
0.40333256125450134,1
0.4478500485420227,1
0.3527824580669403,1
0.4488566815853119,1
0.3647889792919159,1
0.4362161457538605,1
0.37576061487197876,1
0.34382277727127075,1
0.3984881043434143,1
0.33065950870513916,1
0.4302699863910675,1
0.4469436705112457,1
0.410677969455719,1
0.4722040891647339,1
0.3495335280895233,1
0.5009775161743164,1
0.2999492585659027,1
0.42792773246765137,1
0.344923734664917,1
0.29111674427986145,1
0.32043108344078064,1
0.32819420099258423,1
0.503425121307373,1
0.3223998546600342,1
0.3020896315574646,1
0.245608389377594,1
0.4827234447002411,1
0.3965650796890259,1
0.321985125541687,1
0.5369484424591064,1
0.3887156546115875,1
0.3432021141052246,1
0.3855695426464081,1
0.2981865406036377,1
0.3491762578487396,1
0.42268913984298706,1
0.35890448093414307,1
0.33977606892585754,1
0.4756144881248474,1
0.27710962295532227,1
0.4375680685043335,1
0.3702528476715088,1
0.3493482768535614,1
0.36303478479385376,1
0.3760228753089905,1
0.44489526748657227,1
0.5014889240264893,1
0.4294469952583313,1
0.5594674944877625,1
0.298845112323761,1
0.3619999587535858,1
0.3226184844970703,1
0.2957042455673218,1
0.48361292481422424,1
0.38949111104011536,1
0.5002989768981934,1
0.36353087425231934,1
0.4363371431827545,1
0.4958726763725281,1
0.4467867910861969,1
0.36827224493026733,1
0.3437150716781616,1
0.31612277030944824,1
0.40325963497161865,1
0.3410074710845947,1
0.4107545018196106,1
0.3773491382598877,1
0.42445239424705505,1
0.34067243337631226,1
0.41996410489082336,1
0.4479671120643616,1
0.43181872367858887,1
0.4541303515434265,1
0.38136976957321167,1
0.30335915088653564,1
0.5115994215011597,1
0.34672585129737854,1
0.33215129375457764,1
0.461611807346344,1
0.40249037742614746,1
0.4791485667228699,1
0.34431222081184387,1
0.3802938461303711,1
0.4068180322647095,1
0.40328139066696167,1
0.46170544624328613,1
0.4631637632846832,1
0.320351779460907,1
0.4460778534412384,1
0.42699337005615234,1
0.41361913084983826,1
0.3920959234237671,1
0.34281831979751587,1
0.546363890171051,1
0.37820664048194885,1
0.4395706057548523,1
0.4345155656337738,1
0.3804371654987335,1
0.41710591316223145,1
0.37702399492263794,1
0.34333962202072144,1
0.4386789798736572,1
0.31048357486724854,1
0.2939544916152954,1
0.49200522899627686,1
0.4009001851081848,1
0.29569798707962036,1
0.4274691939353943,1
0.3331804871559143,1
0.4118106961250305,1
0.6291953325271606,1
0.30718594789505005,1
0.369469553232193,1
0.500221848487854,1
0.3841560482978821,1
0.4572966694831848,1
0.4501582682132721,1
0.3897567689418793,1
0.413871169090271,1
0.4171002209186554,1
0.37334978580474854,1
0.4019797742366791,1
0.41926461458206177,1
0.4681370258331299,1
0.3176054358482361,1
0.4729515314102173,1
0.47357892990112305,1
0.4551551938056946,1
0.46707797050476074,1
0.46698224544525146,1
0.3632376492023468,1
0.4210909605026245,1
0.43594473600387573,1
0.2608717679977417,1
0.415420264005661,1
0.438465416431427,1
0.3667442500591278,1
0.4094763398170471,1
0.40038996934890747,1
0.456058531999588,1
0.4098983407020569,1
0.4159673750400543,1
0.5473979711532593,1
0.4487585127353668,1
0.5021272897720337,1
0.3519046902656555,1
0.3033236861228943,1
0.38694459199905396,1
0.46182045340538025,1
0.3517138957977295,1
0.3817984163761139,1
0.35445860028266907,1
0.3417849540710449,1
0.39372682571411133,1
0.399408757686615,1
0.33859187364578247,1
0.39875420928001404,1
0.3829383850097656,1
0.3940490186214447,1
0.40656420588493347,1
0.34141623973846436,1
0.5062834024429321,1
0.4430497884750366,1
0.28952544927597046,1
0.33805933594703674,1
0.397548109292984,1
0.31336888670921326,1
0.48519718647003174,1
0.4557797908782959,1
0.3872625231742859,1
0.4434187114238739,1
0.29785966873168945,1
0.33667677640914917,1
0.44350215792655945,1
0.37898823618888855,1
0.37394392490386963,1
0.4450189173221588,1
0.399325430393219,1
0.4854237735271454,1
0.5890792012214661,1
0.4836617112159729,1
0.32912760972976685,1
0.4049247205257416,1
0.3996978998184204,1
0.43006691336631775,1
0.4514656066894531,1
0.2705482840538025,1
0.51228266954422,1
0.3317869007587433,1
0.3387216031551361,1
0.4481188654899597,1
0.3251001834869385,1
0.4031098484992981,1
0.4195939004421234,1
0.3632379174232483,1
0.40745383501052856,1
0.3623630702495575,1
0.6033437252044678,1
0.45171451568603516,1
0.41637223958969116,1
0.44977128505706787,1
0.47698974609375,1
0.31627556681632996,1
0.4362991452217102,1
0.4215431213378906,1
0.3331393897533417,1
0.5041211843490601,1
0.42819008231163025,1
0.4073718190193176,1
0.4156839847564697,1
0.3512418568134308,1
0.4885063171386719,1
0.4607594311237335,1
0.3079354763031006,1
0.35520341992378235,1
0.36145487427711487,1
0.25315916538238525,1
0.3413134813308716,1
0.3860645890235901,1
0.4198905825614929,1
0.32923761010169983,1
0.5158792734146118,1
0.319659560918808,1
0.37340500950813293,1
0.38914862275123596,1
0.36348605155944824,1
0.3255305290222168,1
0.4905567765235901,1
0.3339470624923706,1
0.4018253684043884,1
0.40840858221054077,1
0.3687090575695038,1
0.5460389852523804,1
0.4839123487472534,1
0.4206927418708801,1
0.44966045022010803,1
0.40108323097229004,1
0.5049102902412415,1
0.3346911072731018,1
0.4211713373661041,1
0.4856148958206177,1
0.360384076833725,1
0.3651524484157562,1
0.29796066880226135,1
0.44093310832977295,1
0.4014555513858795,1
0.429252564907074,1
0.3463664948940277,1
0.42854636907577515,1
0.3711240291595459,1
0.4750080108642578,1
0.3498402237892151,1
0.5006306767463684,1
0.3523325026035309,1
0.4078434705734253,1
0.3657914400100708,1
0.475691556930542,1
0.5576573610305786,1
0.47107023000717163,1
0.3306152820587158,1
0.4298784136772156,1
0.3559424877166748,1
0.31853097677230835,1
0.42359060049057007,1
0.3039706349372864,1
0.34628385305404663,1
0.44870346784591675,1
0.3463600277900696,1
0.3593609631061554,1
0.34810274839401245,1
0.43076828122138977,1
0.4542020261287689,1
0.4589651823043823,1
0.486488938331604,1
0.4006510078907013,1
0.39745432138442993,1
0.5083869695663452,1
0.436463326215744,1
0.46845901012420654,1
0.3253105580806732,1
0.4290430545806885,1
0.4092627763748169,1
0.24413593113422394,1
0.3453447222709656,1
0.26369404792785645,1
0.43330419063568115,1
0.502846360206604,1
0.4602806568145752,1
0.42974019050598145,1
0.3825770616531372,1
0.3679984509944916,1
0.42298200726509094,1
0.3804764747619629,1
0.5795711278915405,1
0.4471145272254944,1
0.43070629239082336,1
0.47323307394981384,1
0.3365655839443207,1
0.43874990940093994,1
0.45888304710388184,1
0.34843653440475464,1
0.4128110110759735,1
0.28756195306777954,1
0.39712515473365784,1
0.44637060165405273,1
0.5338291525840759,1
0.48041585087776184,1
0.44020193815231323,1
0.43357574939727783,1
0.3579467535018921,1
0.30269110202789307,1
0.44319450855255127,1
0.4067220091819763,1
0.451219767332077,1
0.4223586320877075,1
0.41519320011138916,1
0.4809045195579529,1
0.5432853698730469,1
0.39272046089172363,1
0.36147335171699524,1
0.4642602205276489,1
0.44094163179397583,1
0.42782101035118103,1
0.367135226726532,1
0.558924674987793,1
0.3286689519882202,1
0.42591652274131775,1
0.3747633695602417,1
0.4466603696346283,1
0.49090176820755005,1
0.3695303797721863,1
0.48160386085510254,1
0.4552067518234253,1
0.43256038427352905,1
0.372760534286499,1
0.4550224840641022,1
0.3892882168292999,1
0.3494068384170532,1
0.44280868768692017,1
0.3968581557273865,1
0.4481806457042694,1
0.3277422785758972,1
0.3187887668609619,1
0.35535240173339844,1
0.35595640540122986,1
0.38404732942581177,1
0.44125574827194214,1
0.32081133127212524,1
0.3106609880924225,1
0.3364295959472656,1
0.31022441387176514,1
0.313398540019989,1
0.36762571334838867,1
0.42724695801734924,1
0.4252234697341919,1
0.43334656953811646,1
0.4673013687133789,1
0.42152464389801025,1
0.40633252263069153,1
0.3773052990436554,1
0.426299124956131,1
0.37045228481292725,1
0.45850440859794617,1
0.35434573888778687,1
0.4035491347312927,1
0.44768837094306946,1
0.42745763063430786,1
0.33481916785240173,1
0.3281139135360718,1
0.4194778800010681,1
0.39100462198257446,1
0.4123081564903259,1
0.42392295598983765,1
0.3258833885192871,1
0.37624049186706543,1
0.3971697688102722,1
0.29379191994667053,1
0.44506922364234924,1
0.5130791664123535,1
0.4163188934326172,1
0.38050520420074463,1
0.45713913440704346,1
0.516878068447113,1
0.3696542978286743,1
0.3381738066673279,1
0.48719698190689087,1
0.43658173084259033,1
0.3828214406967163,1
0.3692496418952942,1
0.38346847891807556,1
0.41387826204299927,1
0.3249424397945404,1
0.31748613715171814,1
0.4232582449913025,1
0.4178965091705322,1
0.395386278629303,1
0.4809497892856598,1
0.3610656261444092,1
0.2639479637145996,1
0.42929595708847046,1
0.4101518392562866,1
0.4072169065475464,1
0.35880252718925476,1
0.46775004267692566,1
0.48995745182037354,1
0.48928332328796387,1
0.39507248997688293,1
0.4936921298503876,1
0.3090348541736603,1
0.31971821188926697,1
0.3974193334579468,1
0.4495440721511841,1
0.35716119408607483,1
0.34993475675582886,1
0.36495381593704224,1
0.4068743884563446,1
0.4489741027355194,1
0.3936757445335388,1
0.3759235143661499,1
0.4187214970588684,1
0.39611440896987915,1
0.3319375514984131,1
0.32649239897727966,1
0.5942025184631348,1
0.39556950330734253,1
0.40244966745376587,1
0.3274690508842468,1
0.36877644062042236,1
0.4696948528289795,1
0.5337640643119812,1
0.4162665009498596,1
0.3861162066459656,1
0.423950731754303,1
0.3349860906600952,1
0.47466757893562317,1
0.3961990475654602,1
0.35535934567451477,1
0.4138754904270172,1
0.5351613759994507,1
0.3191169500350952,1
0.3289163410663605,1
0.42127725481987,1
0.4852440655231476,1
0.431992769241333,1
0.36111658811569214,1
0.43162378668785095,1
0.39976832270622253,1
0.41859084367752075,1
0.42145612835884094,1
0.43705424666404724,1
0.40617427229881287,1
0.3977954089641571,1
0.35786136984825134,1
0.2922191619873047,1
0.3253169059753418,1
0.3203352689743042,1
0.30730441212654114,1
0.3435121476650238,1
0.3503594696521759,1
0.38744786381721497,1
0.3810042142868042,1
0.3973011374473572,1
0.33851146697998047,1
0.4577639400959015,1
0.43267130851745605,1
0.44606468081474304,1
0.42383962869644165,1
0.6010286808013916,1
0.3519440293312073,1
0.40343278646469116,1
0.3444374203681946,1
0.3668724298477173,1
0.4186931848526001,1
0.34845590591430664,1
0.3971710205078125,1
0.4805554449558258,1
0.4029950499534607,1
0.3155480921268463,1
0.2834664285182953,1
0.318684458732605,1
0.4702966809272766,1
0.3968198299407959,1
0.4873235821723938,1
0.48616939783096313,1
0.4992412328720093,1
0.37270647287368774,1
0.5022329688072205,1
0.3966805934906006,1
0.31182950735092163,1
0.2685311436653137,1
0.40097886323928833,1
0.44984573125839233,1
0.3570574223995209,1
0.3360863924026489,1
0.43128594756126404,1
0.3783714771270752,1
0.3789808750152588,1
0.4069598317146301,1
0.39157024025917053,1
0.4410349726676941,1
0.3542732894420624,1
0.4121377766132355,1
0.31427204608917236,1
0.3869507312774658,1
0.4919320344924927,1
0.44993874430656433,1
0.34711289405822754,1
0.40423664450645447,1
0.5638166666030884,1
0.43880006670951843,1
0.40805989503860474,1
0.41011500358581543,1
0.337575763463974,1
0.30316635966300964,1
0.5622169971466064,1
0.5377703309059143,1
0.35324007272720337,1
0.40294456481933594,1
0.33581459522247314,1
0.4340228736400604,1
0.47837960720062256,1
0.4075920581817627,1
0.40585070848464966,1
0.31090715527534485,1
0.31019988656044006,1
0.2588781416416168,1
0.4620932340621948,1
0.2869407534599304,1
0.35029876232147217,1
0.41688331961631775,1
0.5177146792411804,1
0.34635940194129944,1
0.4166750907897949,1
0.5294824838638306,1
0.3936363756656647,1
0.37292447686195374,1
0.4388439357280731,1
0.3868134915828705,1
0.318132221698761,1
0.360906183719635,1
0.4381917715072632,1
0.3590409755706787,1
0.3089320957660675,1
0.6248496770858765,1
0.5173301696777344,1
0.32109513878822327,1
0.442562997341156,1
0.5021250247955322,1
0.3678436875343323,1
0.41218072175979614,1
0.5941833853721619,1
0.42190977931022644,1
0.49246662855148315,1
0.38023582100868225,1
0.45223861932754517,1
0.2885895371437073,1
0.5359099507331848,1
0.4892016053199768,1
0.4216592311859131,1
0.36137184500694275,1
0.45782408118247986,1
0.38517966866493225,1
0.44868773221969604,1
0.4365575313568115,1
0.418748676776886,1
0.44083988666534424,1
0.4533469080924988,1
0.41478049755096436,1
0.4099076986312866,1
0.4904586672782898,1
0.3651786148548126,1
0.4459194242954254,1
0.39899635314941406,1
0.34681177139282227,1
0.39945852756500244,1
0.5361188054084778,1
0.4380756914615631,1
0.36364319920539856,1
0.397638201713562,1
0.4210911989212036,1
0.3529382646083832,1
0.36157891154289246,1
0.3542107045650482,1
0.490762323141098,1
0.36925339698791504,1
0.41580402851104736,1
0.4174487292766571,1
0.4219367802143097,1
0.3599832057952881,1
0.43370693922042847,1
0.557499349117279,1
0.36030566692352295,1
0.47966933250427246,1
0.40893349051475525,1
0.35826271772384644,1
0.3509352207183838,1
0.4716082215309143,1
0.3026808500289917,1
0.42531582713127136,1
0.4143257141113281,1
0.3957092761993408,1
0.4626413881778717,1
0.4178696870803833,1
0.3940141201019287,1
0.42187967896461487,1
0.47666433453559875,1
0.4289247393608093,1
0.35868602991104126,1
0.3961791694164276,1
0.29532817006111145,1
0.34200817346572876,1
0.3281361162662506,1
0.3440432548522949,1
0.3354906737804413,1
0.42624884843826294,1
0.4755275845527649,1
0.40575894713401794,1
0.4612818658351898,1
0.4333069920539856,1
0.5283920764923096,1
0.43076032400131226,1
0.5756300687789917,1
0.3518906831741333,1
0.5139959454536438,1
0.3617122769355774,1
0.35096192359924316,1
0.4827694296836853,1
0.32158592343330383,1
0.4084206819534302,1
0.40872108936309814,1
0.6035612225532532,1
0.5054590702056885,1
0.5083460807800293,1
0.32270482182502747,1
0.38871750235557556,1
0.4448120594024658,1
0.3744613528251648,1
0.4113263487815857,1
0.35850781202316284,1
0.35987424850463867,1
0.3955433666706085,1
0.36208587884902954,1
0.3849516808986664,1
0.3680298328399658,1
0.4368838369846344,1
0.34808552265167236,1
0.3034263551235199,1
0.49268025159835815,1
0.4738397002220154,1
0.45159462094306946,1
0.3543526828289032,1
0.361189603805542,1
0.36164289712905884,1
0.3482303321361542,1
0.4269934594631195,1
0.37784403562545776,1
0.3492010831832886,1
0.3526398241519928,1
0.4348575472831726,1
0.49024420976638794,1
0.2938007116317749,1
0.36989742517471313,1
0.36029380559921265,1
0.4501185417175293,1
0.3636951446533203,1
0.3952351212501526,1
0.4338269531726837,1
0.3783128261566162,1
0.38272765278816223,1
0.37575244903564453,1
0.38078802824020386,1
0.3971148133277893,1
0.38602185249328613,1
0.4777635335922241,1
0.3815268874168396,1
0.40146127343177795,1
0.3475363254547119,1
0.3696306645870209,1
0.4091617465019226,1
0.33699625730514526,1
0.2757294476032257,1
0.4201744794845581,1
0.3941003084182739,1
0.4186663031578064,1
0.4150960445404053,1
0.3440067768096924,1
0.44327646493911743,1
0.36664876341819763,1
0.4420364499092102,1
0.4013965129852295,1
0.27738526463508606,1
0.3674185276031494,1
0.42967966198921204,1
0.3913114070892334,1
0.39129579067230225,1
0.4406875967979431,1
0.33191603422164917,1
0.3976583480834961,1
0.5676969885826111,1
0.42729082703590393,1
0.41510090231895447,1
0.471954882144928,1
0.4244730472564697,1
0.35595768690109253,1
0.38252687454223633,1
0.35603058338165283,1
0.3173021078109741,1
0.2627117931842804,1
0.5070325136184692,1
0.3611249327659607,1
0.41252070665359497,1
0.3186653256416321,1
0.4449593722820282,1
0.6213387846946716,1
0.47419390082359314,1
0.4059925973415375,1
0.5029332637786865,1
0.4495607614517212,1
0.29986220598220825,1
0.40993204712867737,1
0.3035651445388794,1
0.33910635113716125,1
0.45358458161354065,1
0.5034926533699036,1
0.518379271030426,1
0.4239250421524048,1
0.5206894874572754,1
0.35558444261550903,1
0.4635847508907318,1
0.32969725131988525,1
0.4113902747631073,1
0.4741417467594147,1
0.4652678370475769,1
0.38256245851516724,1
0.39921653270721436,1
0.511504590511322,1
0.4615379273891449,1
0.3691006302833557,1
0.5144832730293274,1
0.5085273385047913,1
0.4285814166069031,1
0.4158211350440979,1
0.3811369836330414,1
0.4682726562023163,1
0.363572359085083,1
0.49652010202407837,1
0.3574996292591095,1
0.552864670753479,1
0.28032684326171875,1
0.3195870816707611,1
0.3862675130367279,1
0.47277867794036865,1
0.3613697290420532,1
0.3878306746482849,1
0.39771145582199097,1
0.4399573802947998,1
0.3401241600513458,1
0.4251052737236023,1
0.6130449771881104,1
0.3762136995792389,1
0.3380519151687622,1
0.3762054443359375,1
0.3152688145637512,1
0.47079235315322876,1
0.4036034941673279,1
0.3876127600669861,1
0.4176493287086487,1
0.4964006841182709,1
0.38195523619651794,1
0.47215884923934937,1
0.43661338090896606,1
0.34155556559562683,1
0.41544461250305176,1
0.40794143080711365,1
0.31717878580093384,1
0.41956329345703125,1
0.41080886125564575,1
0.468412309885025,1
0.3940868675708771,1
0.33469024300575256,1
0.4019284248352051,1
0.4123706817626953,1
0.4090855121612549,1
0.5411502718925476,1
0.4222162961959839,1
0.3518606424331665,1
0.342720091342926,1
0.38173535466194153,1
0.547092854976654,1
0.37844228744506836,1
0.3111937940120697,1
0.4211995005607605,1
0.4425799548625946,1
0.43797746300697327,1
0.4319588243961334,1
0.4156181812286377,1
0.3050142228603363,1
0.28425562381744385,1
0.37771210074424744,1
0.36202317476272583,1
0.3764839470386505,1
0.3417607545852661,1
0.42713603377342224,1
0.44113028049468994,1
0.5200634002685547,1
0.3345738351345062,1
0.44372668862342834,1
0.3515903949737549,1
0.323042094707489,1
0.37414512038230896,1
0.41800975799560547,1
0.3941485285758972,1
0.5064238905906677,1
0.4679536819458008,1
0.3350253999233246,1
0.3517386019229889,1
0.35446739196777344,1
0.3877256512641907,1
0.3353029787540436,1
0.38612493872642517,1
0.3976244330406189,1
0.3509288728237152,1
0.5494791269302368,1
0.4634965658187866,1
0.4306753873825073,1
0.3997083306312561,1
0.3747114837169647,1
0.3781762719154358,1
0.4872123599052429,1
0.3873090147972107,1
0.4265017509460449,1
0.39885157346725464,1
0.5004764199256897,1
0.44167596101760864,1
0.35162559151649475,1
0.3278217315673828,1
0.3147461414337158,1
0.45489150285720825,1
0.44795769453048706,1
0.48117557168006897,1
0.4418410062789917,1
0.39954519271850586,1
0.3937895894050598,1
0.49735236167907715,1
0.4078190326690674,1
0.38518425822257996,1
0.4314172565937042,1
0.28470978140830994,1
0.2836557626724243,1
0.3896556496620178,1
0.43193405866622925,1
0.41950368881225586,1
0.4140067994594574,1
0.4061136841773987,1
0.5281496047973633,1
0.3333251178264618,1
0.3319188356399536,1
0.354063481092453,1
0.39080214500427246,1
0.4609648585319519,1
0.3495844304561615,1
0.3173934817314148,1
0.3965194821357727,1
0.3050966262817383,1
0.34716540575027466,1
0.386293888092041,1
0.3456583023071289,1
0.3795914053916931,1
0.28297102451324463,1
0.43587246537208557,1
0.33700358867645264,1
0.34012165665626526,1
0.7065685987472534,1
0.4254375994205475,1
0.3689904808998108,1
0.5023032426834106,1
0.3490059971809387,1
0.47569870948791504,1
0.3895125389099121,1
0.45556649565696716,1
0.40770792961120605,1
0.4089951813220978,1
0.31422993540763855,1
0.4061810076236725,1
0.336556613445282,1
0.41258367896080017,1
0.4569053053855896,1
0.40105366706848145,1
0.3829842805862427,1
0.3888397812843323,1
0.4125930070877075,1
0.3559127449989319,1
0.4531901776790619,1
0.5122675895690918,1
0.41396331787109375,1
0.48983681201934814,1
0.3329073190689087,1
0.3680988550186157,1
0.47508662939071655,1
0.3657509982585907,1
0.424101322889328,1
0.5439200401306152,1
0.4222239553928375,1
0.48989516496658325,1
0.34271833300590515,1
0.3828359544277191,1
0.40166616439819336,1
0.396961510181427,1
0.38940462470054626,1
0.43913277983665466,1
0.35786372423171997,1
0.4815228283405304,1
0.557856023311615,1
0.3768070936203003,1
0.3674354553222656,1
0.34741729497909546,1
0.384240984916687,1
0.3504894971847534,1
0.4983440637588501,1
0.4053438603878021,1
0.4336732029914856,1
0.4189490079879761,1
0.38942950963974,1
0.654136061668396,1
0.3458554148674011,1
0.3478078246116638,1
0.36395198106765747,1
0.40091437101364136,1
0.3573618531227112,1
0.34955549240112305,1
0.43039923906326294,1
0.3770712912082672,1
0.42853760719299316,1
0.44117534160614014,1
0.3493250012397766,1
0.433390736579895,1
0.3613033592700958,1
0.4543127119541168,1
0.34629523754119873,1
0.45943376421928406,1
0.4468313455581665,1
0.37095749378204346,1
0.34176400303840637,1
0.4209785759449005,1
0.413079172372818,1
0.49670833349227905,1
0.3850887417793274,1
0.41139084100723267,1
0.3955378532409668,1
0.37042272090911865,1
0.3905934691429138,1
0.3648030459880829,1
0.3261590898036957,1
0.4056996703147888,1
0.46079838275909424,1
0.35027965903282166,1
0.39293012022972107,1
0.35699784755706787,1
0.4007342457771301,1
0.32628822326660156,1
0.3539811372756958,1
0.44488173723220825,1
0.3679417371749878,1
0.39747583866119385,1
0.3990710377693176,1
0.48744386434555054,1
0.43582725524902344,1
0.3346683382987976,1
0.4993054270744324,1
0.3361090421676636,1
0.41642507910728455,1
0.38973698019981384,1
0.4648614525794983,1
0.3463822603225708,1
0.33685991168022156,1
0.2904396057128906,1
0.4072340130805969,1
0.4158934950828552,1
0.4291808307170868,1
0.4848727583885193,1
0.4605441987514496,1
0.525173008441925,1
0.42153850197792053,1
0.43105560541152954,1
0.27756184339523315,1
0.37291812896728516,1
0.5361295342445374,1
0.40802624821662903,1
0.47283461689949036,1
0.4299062490463257,1
0.4039624035358429,1
0.4138872027397156,1
0.48776552081108093,1
0.39628851413726807,1
0.4261126220226288,1
0.3401376008987427,1
0.3996400833129883,1
0.45213520526885986,1
0.5251913666725159,1
0.33478134870529175,1
0.30710285902023315,1
0.5128083825111389,1
0.4032643139362335,1
0.3422485589981079,1
0.41708019375801086,1
0.40930938720703125,1
0.38070470094680786,1
0.41960206627845764,1
0.3355710506439209,1
0.4366450607776642,1
0.31886452436447144,1
0.3796800673007965,1
0.3050100803375244,1
0.4217459559440613,1
0.3418339490890503,1
0.39912980794906616,1
0.35661906003952026,1
0.3765360116958618,1
0.4668172597885132,1
0.4187396466732025,1
0.4187695384025574,1
0.32264429330825806,1
0.41253671050071716,1
0.3897894322872162,1
0.5716732740402222,1
0.43410569429397583,1
0.5080333948135376,1
0.3676050007343292,1
0.3585006594657898,1
0.39159655570983887,1
0.3548734784126282,1
0.410110205411911,1
0.4924779534339905,1
0.4034416675567627,1
0.45942869782447815,1
0.2761574983596802,1
0.25722262263298035,1
0.3661903142929077,1
0.44744330644607544,1
0.5310110449790955,1
0.3351244032382965,1
0.4302894175052643,1
0.3718968629837036,1
0.30625367164611816,1
0.2831888198852539,1
0.47719407081604004,1
0.4918757677078247,1
0.3215392231941223,1
0.38670092821121216,1
0.5004339218139648,1
0.34744298458099365,1
0.35360395908355713,1
0.3849177956581116,1
0.42315611243247986,1
0.3689897060394287,1
0.48842838406562805,1
0.42173415422439575,1
0.4854702353477478,1
0.3339035212993622,1
0.5044840574264526,1
0.44205090403556824,1
0.39846351742744446,1
0.4549662470817566,1
0.319487988948822,1
0.3679530620574951,1
0.41874587535858154,1
0.3683404326438904,1
0.33936169743537903,1
0.43637987971305847,1
0.40886402130126953,1
0.3811914622783661,1
0.468783438205719,1
0.4537655711174011,1
0.4508008360862732,1
0.4023454189300537,1
0.4183487296104431,1
0.4275796413421631,1
0.3261215090751648,1
0.36630362272262573,1
0.34536466002464294,1
0.4320833086967468,1
0.40603500604629517,1
0.41357216238975525,1
0.3297642767429352,1
0.23931768536567688,1
0.4783724248409271,1
0.4943349361419678,1
0.6254931688308716,1
0.2873487174510956,1
0.4245682954788208,1
0.4848403036594391,1
0.4087897837162018,1
0.34074169397354126,1
0.49348020553588867,1
0.29562392830848694,1
0.38671109080314636,1
0.3417794108390808,1
0.44853538274765015,1
0.5064513683319092,1
0.4405752420425415,1
0.4283095896244049,1
0.4439479112625122,1
0.3555527627468109,1
0.4891210198402405,1
0.4031630754470825,1
0.5017642974853516,1
0.4133792519569397,1
0.3915014863014221,1
0.4126371145248413,1
0.4498048424720764,1
0.3780896067619324,1
0.3380560278892517,1
0.3437182903289795,1
0.38967275619506836,1
0.48793601989746094,1
0.35590341687202454,1
0.5225845575332642,1
0.3987513780593872,1
0.3969299793243408,1
0.42049193382263184,1
0.44405263662338257,1
0.4755149185657501,1
0.4053249657154083,1
0.39226195216178894,1
0.3357783555984497,1
0.4872465133666992,1
0.5435960292816162,1
0.3403509259223938,1
0.47888728976249695,1
0.36379218101501465,1
0.39016517996788025,1
0.4248526692390442,1
0.28633224964141846,1
0.46346279978752136,1
0.40150371193885803,1
0.4082651138305664,1
0.3497428596019745,1
0.34150758385658264,1
0.3899315595626831,1
0.5537397861480713,1
0.4700230360031128,1
0.49625304341316223,1
0.3852575123310089,1
0.4184357523918152,1
0.40483760833740234,1
0.4427540898323059,1
0.41036051511764526,1
0.2996886372566223,1
0.4128309190273285,1
0.3217429220676422,1
0.43055081367492676,1
0.44630247354507446,1
0.5308318138122559,1
0.351793497800827,1
0.4376559555530548,1
0.3574889302253723,1
0.3735450506210327,1
0.4049004316329956,1
0.4454672932624817,1
0.392219215631485,1
0.43662822246551514,1
0.4138311743736267,1
0.4095964729785919,1
0.47993049025535583,1
0.3059267997741699,1
0.42475318908691406,1
0.3248343765735626,1
0.4178493022918701,1
0.48340916633605957,1
0.2904913127422333,1
0.4263063073158264,1
0.430619478225708,1
0.4439952075481415,1
0.3657652735710144,1
0.43046894669532776,1
0.34736794233322144,1
0.4828878939151764,1
0.38559824228286743,1
0.4050590395927429,1
0.4551638960838318,1
0.4829288125038147,1
0.4575059115886688,1
0.3806414008140564,1
0.37444573640823364,1
0.4050713777542114,1
0.3742827773094177,1
0.3264327645301819,1
0.47330576181411743,1
0.46232759952545166,1
0.40468302369117737,1
0.4259015917778015,1
0.37256842851638794,1
0.37043073773384094,1
0.3946162462234497,1
0.37344592809677124,1
0.3499391973018646,1
0.3809591829776764,1
0.3971072733402252,1
0.34103086590766907,1
0.35730600357055664,1
0.4073816239833832,1
0.42961403727531433,1
0.33534717559814453,1
0.39232659339904785,1
0.39844560623168945,1
0.4894173741340637,1
0.43316763639450073,1
0.4256609082221985,1
0.3530867099761963,1
0.3509889245033264,1
0.5898517370223999,1
0.5413101315498352,1
0.46219393610954285,1
0.3704778552055359,1
0.5179373025894165,1
0.44704365730285645,1
0.3891453742980957,1
0.4566413164138794,1
0.48222801089286804,1
0.41221773624420166,1
0.3749672472476959,1
0.3768836259841919,1
0.4201428294181824,1
0.5219336152076721,1
0.37208449840545654,1
0.44631773233413696,1
0.4663417339324951,1
0.390392005443573,1
0.4757642149925232,1
0.3704531192779541,1
0.5126404166221619,1
0.4380910098552704,1
0.34280920028686523,1
0.43840160965919495,1
0.4356074929237366,1
0.44167453050613403,1
0.40586552023887634,1
0.37823498249053955,1
0.32869860529899597,1
0.48377013206481934,1
0.3344919681549072,1
0.3857393264770508,1
0.38433125615119934,1
0.4499514698982239,1
0.44501498341560364,1
0.4263794422149658,1
0.4277805685997009,1
0.3500327467918396,1
0.36281800270080566,1
0.4263436794281006,1
0.36730360984802246,1
0.33316290378570557,1
0.5072554349899292,1
0.48749637603759766,1
0.306710809469223,1
0.3941304683685303,1
0.4589219391345978,1
0.4332692623138428,1
0.368501216173172,1
0.3575749695301056,1
0.3844450116157532,1
0.5963608026504517,1
0.36152034997940063,1
0.34106719493865967,1
0.425428181886673,1
0.3977578282356262,1
0.338919460773468,1
0.34546035528182983,1
0.4125366806983948,1
0.34991392493247986,1
0.4215095043182373,1
0.3567073941230774,1
0.3826668858528137,1
0.34790074825286865,1
0.3781697452068329,1
0.31518885493278503,1
0.4517771601676941,1
0.3636477589607239,1
0.5081435441970825,1
0.3926057517528534,1
0.3873903155326843,1
0.4347853660583496,1
0.4679737985134125,1
0.38018184900283813,1
0.40098387002944946,1
0.4592682123184204,1
0.3628775179386139,1
0.5178787708282471,1
0.4206676781177521,1
0.40484684705734253,1
0.4098699390888214,1
0.5583802461624146,1
0.4460738003253937,1
0.33224254846572876,1
0.3191039264202118,1
0.45231717824935913,1
0.3686886727809906,1
0.31680816411972046,1
0.36017662286758423,1
0.37408602237701416,1
0.31802549958229065,1
0.5531714558601379,1
0.3526618778705597,1
0.4210768938064575,1
0.4489745795726776,1
0.3927666246891022,1
0.4996640682220459,1
0.2875317633152008,1
0.427430123090744,1
0.42641445994377136,1
0.4685490131378174,1
0.4486914873123169,1
0.3605688512325287,1
0.4162589907646179,1
0.34823256731033325,1
0.33996137976646423,1
0.42378419637680054,1
0.414608895778656,1
0.44621196389198303,1
0.4619046449661255,1
0.3084946870803833,1
0.3576650619506836,1
0.3377855718135834,1
0.3217557966709137,1
0.5227862000465393,1
0.385684609413147,1
0.33554011583328247,1
0.4068987965583801,1
0.35041525959968567,1
0.36486750841140747,1
0.4230610728263855,1
0.3649156093597412,1
0.41756418347358704,1
0.4656810164451599,1
0.4533500075340271,1
0.3558818995952606,1
0.31861329078674316,1
0.44727838039398193,1
0.34650591015815735,1
0.4597017467021942,1
0.3875979483127594,1
0.5073803663253784,1
0.4527401328086853,1
0.4306987524032593,1
0.3752773404121399,1
0.48764094710350037,1
0.5170678496360779,1
0.5153754949569702,1
0.38829484581947327,1
0.4051789939403534,1
0.3624449372291565,1
0.4210189878940582,1
0.35834449529647827,1
0.4201909005641937,1
0.429831862449646,1
0.38370823860168457,1
0.38124918937683105,1
0.3506627678871155,1
0.36160629987716675,1
0.37308648228645325,1
0.4269096851348877,1
0.6011112928390503,1
0.570956826210022,1
0.44701942801475525,1
0.33916693925857544,1
0.3683854043483734,1
0.35232013463974,1
0.35468438267707825,1
0.34459659457206726,1
0.5125467777252197,1
0.36881589889526367,1
0.42760199308395386,1
0.4344901144504547,1
0.30771055817604065,1
0.3903459310531616,1
0.46813470125198364,1
0.4035356640815735,1
0.3195914030075073,1
0.40182676911354065,1
0.35360872745513916,1
0.40220457315444946,1
0.28446081280708313,1
0.4128758907318115,1
0.3546769320964813,1
0.4775224030017853,1
0.4655316472053528,1
0.473747581243515,1
0.43812793493270874,1
0.38377875089645386,1
0.4208333492279053,1
0.3995697498321533,1
0.4716761112213135,1
0.5872891545295715,1
0.37629586458206177,1
0.39304041862487793,1
0.41391003131866455,1
0.4101969599723816,1
0.39469048380851746,1
0.43854546546936035,1
0.35143736004829407,1
0.3264181613922119,1
0.4139983355998993,1
0.33096936345100403,1
0.4264860451221466,1
0.3449214696884155,1
0.4279836118221283,1
0.46002477407455444,1
0.35245609283447266,1
0.4347810745239258,1
0.3961009979248047,1
0.3551875054836273,1
0.44612041115760803,1
0.291873037815094,1
0.4047967195510864,1
0.30908411741256714,1
0.34132471680641174,1
0.3148288130760193,1
0.3524673879146576,1
0.32797569036483765,1
0.36826592683792114,1
0.33870166540145874,1
0.38232311606407166,1
0.49181610345840454,1
0.39537733793258667,1
0.45001107454299927,1
0.4573882818222046,1
0.4328382909297943,1
0.4069768488407135,1
0.3459775745868683,1
0.4374140799045563,1
0.5087030529975891,1
0.3800886571407318,1
0.44583410024642944,1
0.37116485834121704,1
0.3368861675262451,1
0.5336649417877197,1
0.3096565306186676,1
0.35053831338882446,1
0.4613873362541199,1
0.36022818088531494,1
0.4712413549423218,1
0.4364780783653259,1
0.35836219787597656,1
0.4294765889644623,1
0.42542126774787903,1
0.3802131712436676,1
0.46371522545814514,1
0.5190128684043884,1
0.3706490695476532,1
0.42031270265579224,1
0.3142130374908447,1
0.37391194701194763,1
0.4430493712425232,1
0.31521618366241455,1
0.3821185529232025,1
0.38244590163230896,1
0.35060712695121765,1
0.37804731726646423,1
0.41237664222717285,1
0.4274972677230835,1
0.4075879156589508,1
0.38956326246261597,1
0.3996089994907379,1
0.4514065980911255,1
0.45177528262138367,1
0.28252214193344116,1
0.4089583456516266,1
0.3309042453765869,1
0.42484572529792786,1
0.373600035905838,1
0.48926472663879395,1
0.48805615305900574,1
0.3819715082645416,1
0.38703352212905884,1
0.3843238353729248,1
0.468084454536438,1
0.34816160798072815,1
0.3391793370246887,1
0.3751879334449768,1
0.41456618905067444,1
0.404596209526062,1
0.3612610101699829,1
0.45918625593185425,1
0.5028790831565857,1
0.4419333338737488,1
0.3648877739906311,1
0.408809632062912,1
0.4452340006828308,1
0.4235288202762604,1
0.5032733082771301,1
0.2980300188064575,1
0.29305192828178406,1
0.40337109565734863,1
0.4932452440261841,1
0.46421509981155396,1
0.31301143765449524,1
0.3980486989021301,1
0.3337187170982361,1
0.4114149212837219,1
0.38682717084884644,1
0.40089118480682373,1
0.3749275505542755,1
0.5260628461837769,1
0.40030914545059204,1
0.3519200086593628,1
0.301054447889328,1
0.3563385009765625,1
0.3648777902126312,1
0.534355878829956,1
0.29664310812950134,1
0.32418519258499146,1
0.4037560224533081,1
0.47629913687705994,1
0.36100679636001587,1
0.4562866985797882,1
0.430620938539505,1
0.45138120651245117,1
0.4173024892807007,1
0.48687607049942017,1
0.35383936762809753,1
0.269311785697937,1
0.49552494287490845,1
0.3609743118286133,1
0.3868406414985657,1
0.4135434329509735,1
0.4073801338672638,1
0.40225106477737427,1
0.35324525833129883,1
0.35567373037338257,1
0.35253387689590454,1
0.4415382742881775,1
0.5496237874031067,1
0.4427027702331543,1
0.4170803725719452,1
0.3584973216056824,1
0.4593355059623718,1
0.40103599429130554,1
0.40976911783218384,1
0.3489398658275604,1
0.3948420286178589,1
0.43346738815307617,1
0.2971210181713104,1
0.33468759059906006,1
0.4049781858921051,1
0.37820225954055786,1
0.38557159900665283,1
0.47882622480392456,1
0.4842943847179413,1
0.406558632850647,1
0.378160297870636,1
0.3551850914955139,1
0.4095151424407959,1
0.45456257462501526,1
0.4391985535621643,1
0.43507739901542664,1
0.4074786901473999,1
0.4686284065246582,1
0.4509703516960144,1
0.3335872292518616,1
0.4099512994289398,1
0.44398796558380127,1
0.41928255558013916,1
0.5161479711532593,1
0.5369561314582825,1
0.3397427797317505,1
0.47260576486587524,1
0.314943790435791,1
0.374222993850708,1
0.39294716715812683,1
0.41463685035705566,1
0.5303402543067932,1
0.4965001940727234,1
0.35174334049224854,1
0.3556802272796631,1
0.47752803564071655,1
0.5564261674880981,1
0.4322270154953003,1
0.37444227933883667,1
0.3981413245201111,1
0.3760356307029724,1
0.40212830901145935,1
0.31510409712791443,1
0.4046979546546936,1
0.3451104760169983,1
0.32581186294555664,1
0.420923113822937,1
0.4378397464752197,1
0.4671652615070343,1
0.36487847566604614,1
0.39136743545532227,1
0.38467860221862793,1
0.37077635526657104,1
0.4778560400009155,1
0.3551689386367798,1
0.3238416314125061,1
0.39175719022750854,1
0.39947396516799927,1
0.3823460340499878,1
0.4537513256072998,1
0.3098497986793518,1
0.4330798387527466,1
0.4245073199272156,1
0.4995962083339691,1
0.3839660882949829,1
0.3532620668411255,1
0.496460884809494,1
0.41431158781051636,1
0.44200989603996277,1
0.3793221116065979,1
0.4685831665992737,1
0.5390536785125732,1
0.34129178524017334,1
0.44267186522483826,1
0.3728494644165039,1
0.40461915731430054,1
0.38372454047203064,1
0.3739650249481201,1
0.3171687126159668,1
0.4735148549079895,1
0.3220706582069397,1
0.29001665115356445,1
0.35689544677734375,1
0.4336952865123749,1
0.4282624125480652,1
0.4687653183937073,1
0.428550124168396,1
0.3773325979709625,1
0.34183329343795776,1
0.5052165985107422,1
0.4725459814071655,1
0.39282912015914917,1
0.44621700048446655,1
0.3645746409893036,1
0.3568938076496124,1
0.38195890188217163,1
0.4219949245452881,1
0.508802056312561,1
0.5341925024986267,1
0.5048683881759644,1
0.36479324102401733,1
0.33774611353874207,1
0.4096641540527344,1
0.3348521292209625,1
0.44276943802833557,1
0.4763794541358948,1
0.4234040379524231,1
0.39630991220474243,1
0.3514396846294403,1
0.31884610652923584,1
0.31089624762535095,1
0.35804569721221924,1
0.5221318006515503,1
0.3705204427242279,1
0.4123111963272095,1
0.36797764897346497,1
0.43236836791038513,1
0.31242185831069946,1
0.39702481031417847,1
0.37204352021217346,1
0.31917139887809753,1
0.36391082406044006,1
0.40161409974098206,1
0.32035791873931885,1
0.47648125886917114,1
0.3934491276741028,1
0.34681761264801025,1
0.3905169367790222,1
0.40321338176727295,1
0.41429680585861206,1
0.46146178245544434,1
0.3711633086204529,1
0.5145829916000366,1
0.29391223192214966,1
0.314352810382843,1
0.3632349371910095,1
0.6308990120887756,1
0.4296282231807709,1
0.30835363268852234,1
0.4725151062011719,1
0.37396228313446045,1
0.3598812520503998,1
0.40779241919517517,1
0.3503430485725403,1
0.3682905435562134,1
0.5775858163833618,1
0.4653193950653076,1
0.3496696949005127,1
0.3916435241699219,1
0.4599144458770752,1
0.38505488634109497,1
0.44584017992019653,1
0.3884156048297882,1
0.453951358795166,1
0.35652217268943787,1
0.34485143423080444,1
0.38779082894325256,1
0.2991563081741333,1
0.3630600571632385,1
0.3395913243293762,1
0.4458516240119934,1
0.3580496907234192,1
0.3327076733112335,1
0.4382995367050171,1
0.37664228677749634,1
0.3687322735786438,1
0.3868894577026367,1
0.4971995949745178,1
0.4448586702346802,1
0.3758302927017212,1
0.3580765426158905,1
0.38199344277381897,1
0.3512008786201477,1
0.4148600697517395,1
0.43489453196525574,1
0.43758997321128845,1
0.38308191299438477,1
0.5082358717918396,1
0.3843696117401123,1
0.43598413467407227,1
0.43899840116500854,1
0.39652955532073975,1
0.3943827152252197,1
0.419625461101532,1
0.4298916459083557,1
0.42511773109436035,1
0.3985561728477478,1
0.44213947653770447,1
0.3352198004722595,1
0.45442745089530945,1
0.5100457668304443,1
0.5075358152389526,1
0.3538101315498352,1
0.36150550842285156,1
0.3303491175174713,1
0.4026048183441162,1
0.4412924647331238,1
0.3482092618942261,1
0.3394981324672699,1
0.29129624366760254,1
0.5137206315994263,1
0.2885197699069977,1
0.5736327171325684,1
0.567939281463623,1
0.43043962121009827,1
0.43390604853630066,1
0.4257485270500183,1
0.4372047781944275,1
0.3687369227409363,1
0.40036413073539734,1
0.4738878607749939,1
0.39535683393478394,1
0.3237713575363159,1
0.4987838566303253,1
0.39337486028671265,1
0.4128904640674591,1
0.368923544883728,1
0.31789448857307434,1
0.47411835193634033,1
0.3263244926929474,1
0.4448286294937134,1
0.40430012345314026,1
0.3332323431968689,1
0.5406453609466553,1
0.35700154304504395,1
0.2895083427429199,1
0.4482402503490448,1
0.3315829634666443,1
0.4002828001976013,1
0.48978549242019653,1
0.4593293070793152,1
0.2936098277568817,1
0.527249276638031,1
0.3806878328323364,1
0.34163808822631836,1
0.44912466406822205,1
0.3503485321998596,1
0.3892480134963989,1
0.33114781975746155,1
0.42991483211517334,1
0.39985600113868713,1
0.34141838550567627,1
0.40336471796035767,1
0.4215048849582672,1
0.3920022249221802,1
0.4409511685371399,1
0.294861763715744,1
0.4100666642189026,1
0.47802263498306274,1
0.4834984838962555,1
0.3690701723098755,1
0.37464582920074463,1
0.3650144934654236,1
0.4349745512008667,1
0.4138629138469696,1
0.363150417804718,1
0.3995196223258972,1
0.4269995093345642,1
0.36370086669921875,1
0.3307724595069885,1
0.5590027570724487,1
0.3915478587150574,1
0.30215170979499817,1
0.4552870988845825,1
0.2680666446685791,1
0.32464665174484253,1
0.3955276608467102,1
0.37302646040916443,1
0.3966783881187439,1
0.44019997119903564,1
0.4823814630508423,1
0.45555198192596436,1
0.32730263471603394,1
0.42720827460289,1
0.4868096113204956,1
0.5211582779884338,1
0.32066553831100464,1
0.4165498614311218,1
0.3796862065792084,1
0.444927453994751,1
0.3156554102897644,1
0.34297239780426025,1
0.4058281183242798,1
0.4249856770038605,1
0.4303244650363922,1
0.4049217104911804,1
0.4748954772949219,1
0.4304141402244568,1
0.47715291380882263,1
0.35871654748916626,1
0.41365188360214233,1
0.43590977787971497,1
0.42023801803588867,1
0.29605138301849365,1
0.3701874017715454,1
0.3882238566875458,1
0.41572755575180054,1
0.4099693298339844,1
0.396477073431015,1
0.3932059705257416,1
0.4395141303539276,1
0.4550953805446625,1
0.2532755434513092,1
0.3323966860771179,1
0.4306333065032959,1
0.4107245206832886,1
0.423030287027359,1
0.3615075349807739,1
0.4122011661529541,1
0.3764268755912781,1
0.39165687561035156,1
0.38586002588272095,1
0.4082105755805969,1
0.387015163898468,1
0.4487173557281494,1
0.3348746597766876,1
0.5730969905853271,1
0.31958433985710144,1
0.30576395988464355,1
0.31021708250045776,1
0.41083917021751404,1
0.3440070152282715,1
0.4344496726989746,1
0.3999139070510864,1
0.41695842146873474,1
0.39844900369644165,1
0.3590257465839386,1
0.36339226365089417,1
0.3808186650276184,1
0.43085768818855286,1
0.4340308904647827,1
0.4174373149871826,1
0.37065058946609497,1
0.35873422026634216,1
0.46578407287597656,1
0.3534669280052185,1
0.37059861421585083,1
0.351778507232666,1
0.2708856463432312,1
0.3565823435783386,1
0.36779123544692993,1
0.3676345944404602,1
0.5498218536376953,1
0.34098124504089355,1
0.41859138011932373,1
0.4564318358898163,1
0.47230544686317444,1
0.4092358648777008,1
0.4427211582660675,1
0.5164000988006592,1
0.44954901933670044,1
0.36327481269836426,1
0.501552939414978,1
0.39788126945495605,1
0.30766230821609497,1
0.39477837085723877,1
0.6440680623054504,1
0.25068172812461853,1
0.26040154695510864,1
0.38610151410102844,1
0.45820897817611694,1
0.3132249116897583,1
0.34366679191589355,1
0.46973079442977905,1
0.4225289225578308,1
0.504578173160553,1
0.45236894488334656,1
0.4373602867126465,1
0.46817493438720703,1
0.4060536026954651,1
0.34652167558670044,1
0.4235175549983978,1
0.49331676959991455,1
0.5055527687072754,1
0.4675496220588684,1
0.39951103925704956,1
0.3949825167655945,1
0.36585533618927,1
0.38890495896339417,1
0.38302984833717346,1
0.5159791707992554,1
0.3697606325149536,1
0.5296294093132019,1
0.39717215299606323,1
0.3878275752067566,1
0.421278178691864,1
0.39768919348716736,1
0.395071417093277,1
0.349726140499115,1
0.4870973229408264,1
0.37930580973625183,1
0.4346298277378082,1
0.26886239647865295,1
0.3199671804904938,1
0.37431833148002625,1
0.4626835882663727,1
0.42735856771469116,1
0.3993375599384308,1
0.46549829840660095,1
0.31475794315338135,1
0.3842082917690277,1
0.4586434066295624,1
0.3461204767227173,1
0.4030155837535858,1
0.4384205937385559,1
0.4347170293331146,1
0.4273347854614258,1
0.3784995675086975,1
0.39418673515319824,1
0.4799047112464905,1
0.46453359723091125,1
0.3843390941619873,1
0.36599022150039673,1
0.3716549277305603,1
0.4354013204574585,1
0.47016748785972595,1
0.41105395555496216,1
0.33621299266815186,1
0.4167287051677704,1
0.40648484230041504,1
0.38562506437301636,1
0.36822664737701416,1
0.5034456849098206,1
0.3935997188091278,1
0.4490009546279907,1
0.39987266063690186,1
0.3141430616378784,1
0.36935266852378845,1
0.3991721570491791,1
0.3797345757484436,1
0.38617220520973206,1
0.3607966899871826,1
0.4312955439090729,1
0.334930419921875,1
0.41388842463493347,1
0.43664324283599854,1
0.36840230226516724,1
0.26345276832580566,1
0.3907831609249115,1
0.37551337480545044,1
0.44003212451934814,1
0.3201090395450592,1
0.3721068501472473,1
0.4441356062889099,1
0.45150110125541687,1
0.37417834997177124,1
0.5161004066467285,1
0.3411570191383362,1
0.33481717109680176,1
0.45241212844848633,1
0.35479313135147095,1
0.37395772337913513,1
0.37714606523513794,1
0.38389742374420166,1
0.4060530364513397,1
0.32818594574928284,1
0.48884397745132446,1
0.38914230465888977,1
0.3776352107524872,1
0.39439451694488525,1
0.39515355229377747,1
0.4504013657569885,1
0.3942338824272156,1
0.3867814540863037,1
0.3835608959197998,1
0.4191846251487732,1
0.4439660608768463,1
0.5520280599594116,1
0.5715887546539307,1
0.4128243029117584,1
0.38527533411979675,1
0.3491145670413971,1
0.42380574345588684,1
0.5006474256515503,1
0.49488431215286255,1
0.4488193988800049,1
0.4737979769706726,1
0.32833051681518555,1
0.3964208662509918,1
0.34933000802993774,1
0.38753634691238403,1
0.442059725522995,1
0.4404275417327881,1
0.36582350730895996,1
0.3912135362625122,1
0.4372013211250305,1
0.3786441385746002,1
0.4011431932449341,1
0.43272921442985535,1
0.47712939977645874,1
0.43996462225914,1
0.36056649684906006,1
0.37037208676338196,1
0.38484564423561096,1
0.383251816034317,1
0.43187054991722107,1
0.5081313252449036,1
0.3661433756351471,1
0.5038573741912842,1
0.42113491892814636,1
0.34349995851516724,1
0.36509355902671814,1
0.3324904441833496,1
0.28418195247650146,1
0.37828850746154785,1
0.4072827398777008,1
0.4130362272262573,1
0.3130868375301361,1
0.3685961365699768,1
0.45782142877578735,1
0.36951613426208496,1
0.4210582971572876,1
0.31090253591537476,1
0.46068280935287476,1
0.4543344974517822,1
0.46185365319252014,1
0.38637927174568176,1
0.2869669198989868,1
0.41857096552848816,1
0.44682830572128296,1
0.42820101976394653,1
0.47892963886260986,1
0.39269477128982544,1
0.38781213760375977,1
0.341781884431839,1
0.4337655007839203,1
0.39115938544273376,1
0.36641573905944824,1
0.3182077407836914,1
0.42931437492370605,1
0.36772260069847107,1
0.3697167634963989,1
0.48183727264404297,1
0.415059357881546,1
0.3505900800228119,1
0.41733214259147644,1
0.33656075596809387,1
0.4201800525188446,1
0.33373579382896423,1
0.34571853280067444,1
0.44640570878982544,1
0.451008141040802,1
0.3637564778327942,1
0.4207056164741516,1
0.3133043646812439,1
0.3957175612449646,1
0.29118502140045166,1
0.4107210636138916,1
0.30886149406433105,1
0.2961169481277466,1
0.5037742853164673,1
0.2984621822834015,1
0.38804036378860474,1
0.35204648971557617,1
0.2769753634929657,1
0.5348195433616638,1
0.5773061513900757,1
0.4133926033973694,1
0.46832597255706787,1
0.3852458894252777,1
0.37721914052963257,1
0.4001304507255554,1
0.45630955696105957,1
0.3958417475223541,1
0.3978051245212555,1
0.35576629638671875,1
0.4550260305404663,1
0.4671834111213684,1
0.3958599269390106,1
0.4209005534648895,1
0.39454907178878784,1
0.4779723286628723,1
0.4351235628128052,1
0.42284122109413147,1
0.34275496006011963,1
0.44220584630966187,1
0.4095962643623352,1
0.39398428797721863,1
0.33313125371932983,1
0.4467596411705017,1
0.4136255383491516,1
0.4174651503562927,1
0.45280587673187256,1
0.3694675862789154,1
0.3540699779987335,1
0.38379502296447754,1
0.36280184984207153,1
0.4189910888671875,1
0.41632139682769775,1
0.4744871258735657,1
0.3162887692451477,1
0.373270183801651,1
0.407451868057251,1
0.31461694836616516,1
0.511887788772583,1
0.3657156229019165,1
0.3489319086074829,1
0.3740074038505554,1
0.5033552646636963,1
0.40452444553375244,1
0.3443509340286255,1
0.41672635078430176,1
0.35126808285713196,1
0.39386868476867676,1
0.31255608797073364,1
0.442562460899353,1
0.37995728850364685,1
0.3943036198616028,1
0.364691823720932,1
0.4573666453361511,1
0.36980462074279785,1
0.5007219314575195,1
0.4407968819141388,1
0.42168426513671875,1
0.4728665351867676,1
0.4581311345100403,1
0.4863804280757904,1
0.3596368134021759,1
0.424953818321228,1
0.30939894914627075,1
0.3905240297317505,1
0.4079224467277527,1
0.46882614493370056,1
0.42743608355522156,1
0.34102633595466614,1
0.37431392073631287,1
0.44861847162246704,1
0.2841073274612427,1
0.38137006759643555,1
0.4201834797859192,1
0.3819200396537781,1
0.34258079528808594,1
0.4607512354850769,1
0.49849578738212585,1
0.4577051103115082,1
0.49421292543411255,1
0.3524223268032074,1
0.4107074439525604,1
0.43220093846321106,1
0.4390394687652588,1
0.3728454113006592,1
0.3120018541812897,1
0.48826101422309875,1
0.43980473279953003,1
0.44193023443222046,1
0.35959702730178833,1
0.479898601770401,1
0.35295575857162476,1
0.4823001027107239,1
0.3563583493232727,1
0.3339296281337738,1
0.418522447347641,1
0.41860252618789673,1
0.5184369683265686,1
0.3080978989601135,1
0.3078998327255249,1
0.3574105501174927,1
0.4591689705848694,1
0.46030867099761963,1
0.4709324836730957,1
0.4084213972091675,1
0.2773057818412781,1
0.5374535322189331,1
0.35910269618034363,1
0.537190318107605,1
0.42493176460266113,1
0.3805719017982483,1
0.4142318665981293,1
0.39372578263282776,1
0.33298376202583313,1
0.37366172671318054,1
0.36811715364456177,1
0.49119114875793457,1
0.40711283683776855,1
0.4197523891925812,1
0.3620767593383789,1
0.36602744460105896,1
0.38514024019241333,1
0.5189235210418701,1
0.5273301601409912,1
0.3460874557495117,1
0.37161222100257874,1
0.4422723352909088,1
0.32613635063171387,1
0.3317708969116211,1
0.4749927520751953,1
0.33066561818122864,1
0.3849097788333893,1
0.3447554111480713,1
0.38602837920188904,1
0.5500521063804626,1
0.47502851486206055,1
0.34010809659957886,1
0.33453765511512756,1
0.33703795075416565,1
0.33144354820251465,1
0.39653709530830383,1
0.412586510181427,1
0.45818009972572327,1
0.35379552841186523,1
0.3856704831123352,1
0.3830086588859558,1
0.31222859025001526,1
0.4140515923500061,1
0.4591371417045593,1
0.47527503967285156,1
0.42828047275543213,1
0.4242252707481384,1
0.32049188017845154,1
0.3918180763721466,1
0.33550572395324707,1
0.44861146807670593,1
0.3627815246582031,1
0.4481285810470581,1
0.3300607204437256,1
0.3278464376926422,1
0.3598161041736603,1
0.40656185150146484,1
0.4029458463191986,1
0.48382389545440674,1
0.37265366315841675,1
0.4186256527900696,1
0.37701016664505005,1
0.5340251326560974,1
0.44634878635406494,1
0.3474646806716919,1
0.43577462434768677,1
0.30758607387542725,1
0.33423733711242676,1
0.49417048692703247,1
0.3932746350765228,1
0.3713509142398834,1
0.42035603523254395,1
0.47401145100593567,1
0.3833828866481781,1
0.46445432305336,1
0.3636196553707123,1
0.5403280258178711,1
0.4085547626018524,1
0.5887554883956909,1
0.331001877784729,1
0.4358007311820984,1
0.39516153931617737,1
0.33578112721443176,1
0.35516154766082764,1
0.33428245782852173,1
0.47267258167266846,1
0.3675318956375122,1
0.3447484076023102,1
0.48100343346595764,1
0.46877068281173706,1
0.4765567183494568,1
0.3546624183654785,1
0.3816969692707062,1
0.3050541281700134,1
0.35457301139831543,1
0.3176101744174957,1
0.34119144082069397,1
0.3479670286178589,1
0.42435866594314575,1
0.4360405206680298,1
0.5147249102592468,1
0.35089313983917236,1
0.34568342566490173,1
0.36213788390159607,1
0.4630025625228882,1
0.4422624111175537,1
0.40680375695228577,1
0.33278974890708923,1
0.4326331317424774,1
0.47630468010902405,1
0.45814812183380127,1
0.29394516348838806,1
0.3814402222633362,1
0.4791935086250305,1
0.40377241373062134,1
0.5259374380111694,1
0.45977315306663513,1
0.44013360142707825,1
0.4112049341201782,1
0.29159408807754517,1
0.3323759436607361,1
0.3804739713668823,1
0.31118637323379517,1
0.3677031993865967,1
0.3991074860095978,1
0.43464553356170654,1
0.4999947249889374,1
0.2826957106590271,1
0.4044906198978424,1
0.3266228437423706,1
0.3962978720664978,1
0.46840357780456543,1
0.31349384784698486,1
0.5435019731521606,1
0.3659694790840149,1
0.31029826402664185,1
0.4656969904899597,1
0.4660432040691376,1
0.449870765209198,1
0.3163199722766876,1
0.40854012966156006,1
0.419979989528656,1
0.3420831561088562,1
0.344956636428833,1
0.382668673992157,1
0.2551552653312683,1
0.3345501720905304,1
0.2993297576904297,1
0.3467778265476227,1
0.4589262306690216,1
0.39719513058662415,1
0.4180039167404175,1
0.4103640019893646,1
0.445767343044281,1
0.49814799427986145,1
0.33391880989074707,1
0.5115243196487427,1
0.4867643117904663,1
0.5280376672744751,1
0.3461427092552185,1
0.36078009009361267,1
0.3405732810497284,1
0.5660401582717896,1
0.33707287907600403,1
0.45803675055503845,1
0.3904992938041687,1
0.4176087975502014,1
0.4010164439678192,1
0.5442337989807129,1
0.43560802936553955,1
0.3068864643573761,1
0.5095899701118469,1
0.266461044549942,1
0.37770509719848633,1
0.3367096185684204,1
0.37979868054389954,1
0.3606325089931488,1
0.4571923613548279,1
0.3948636054992676,1
0.34446924924850464,1
0.4506837725639343,1
0.4406539499759674,1
0.3230935335159302,1
0.4795152246952057,1
0.3115047812461853,1
0.3554030954837799,1
0.43885722756385803,1
0.36103665828704834,1
0.3319031298160553,1
0.32580962777137756,1
0.38827306032180786,1
0.43527549505233765,1
0.39529934525489807,1
0.3088572919368744,1
0.37468618154525757,1
0.3823282718658447,1
0.41924118995666504,1
0.4309430718421936,1
0.31879252195358276,1
0.42035341262817383,1
0.31256386637687683,1
0.3934597074985504,1
0.3688257038593292,1
0.49191099405288696,1
0.38404569029808044,1
0.35089874267578125,1
0.3161098062992096,1
0.4766079783439636,1
0.468886137008667,1
0.32728081941604614,1
0.30300194025039673,1
0.4507392644882202,1
0.47054412961006165,1
0.3851695656776428,1
0.4528248906135559,1
0.38600754737854004,1
0.28521883487701416,1
0.4468841254711151,1
0.4161461591720581,1
0.43996256589889526,1
0.338218629360199,1
0.44269776344299316,1
0.36677461862564087,1
0.4090299606323242,1
0.3699864447116852,1
0.35303735733032227,1
0.30879297852516174,1
0.42219072580337524,1
0.327698677778244,1
0.41703543066978455,1
0.446139395236969,1
0.41575556993484497,1
0.31452903151512146,1
0.45099809765815735,1
0.4389139413833618,1
0.3601521849632263,1
0.3920489549636841,1
0.4189286530017853,1
0.5933763980865479,1
0.3668149709701538,1
0.38059818744659424,1
0.47630059719085693,1
0.47989773750305176,1
0.2774762213230133,1
0.5089921951293945,1
0.43508246541023254,1
0.4297293722629547,1
0.4100069999694824,1
0.4433978796005249,1
0.470468670129776,1
0.3971414566040039,1
0.33399417996406555,1
0.4211767911911011,1
0.4344436824321747,1
0.5198918581008911,1
0.5072280764579773,1
0.5317403078079224,1
0.35455232858657837,1
0.4659280776977539,1
0.23863694071769714,1
0.34679868817329407,1
0.4147132933139801,1
0.33199337124824524,1
0.4642428159713745,1
0.49155497550964355,1
0.49994543194770813,1
0.439911812543869,1
0.4531910717487335,1
0.3061894178390503,1
0.38372084498405457,1
0.40601015090942383,1
0.33925342559814453,1
0.3916698396205902,1
0.3760306239128113,1
0.389462947845459,1
0.544189989566803,1
0.36130082607269287,1
0.5101574659347534,1
0.4467700123786926,1
0.3055773079395294,1
0.3522738814353943,1
0.3683791160583496,1
0.4059433937072754,1
0.3642580807209015,1
0.41160666942596436,1
0.5129908323287964,1
0.4808875322341919,1
0.4525843858718872,1
0.3150002360343933,1
0.3686760663986206,1
0.4191623628139496,1
0.4240298867225647,1
0.4941393733024597,1
0.36095401644706726,1
0.5226512551307678,1
0.3708522319793701,1
0.3765442371368408,1
0.44369742274284363,1
0.35693374276161194,1
0.3603528141975403,1
0.417636901140213,1
0.29359978437423706,1
0.5751961469650269,1
0.5309448838233948,1
0.388308584690094,1
0.3665180504322052,1
0.36175304651260376,1
0.5093854069709778,1
0.37839797139167786,1
0.34856659173965454,1
0.3615056872367859,1
0.3699271082878113,1
0.4648705720901489,1
0.3594384789466858,1
0.3832937180995941,1
0.4607352614402771,1
0.5395662188529968,1
0.45432621240615845,1
0.4174281358718872,1
0.46664008498191833,1
0.3897620439529419,1
0.4466199278831482,1
0.4351508915424347,1
0.4329706132411957,1
0.5095292925834656,1
0.4452964663505554,1
0.38863247632980347,1
0.3537759780883789,1
0.422514408826828,1
0.4370828866958618,1
0.3891998529434204,1
0.49565181136131287,1
0.3349868655204773,1
0.3573013246059418,1
0.3832213878631592,1
0.44057077169418335,1
0.4757135510444641,1
0.46031901240348816,1
0.5551202297210693,1
0.3591546416282654,1
0.3498761057853699,1
0.36215609312057495,1
0.3800485134124756,1
0.45162415504455566,1
0.34906989336013794,1
0.4204450249671936,1
0.3521762490272522,1
0.3529316484928131,1
0.33708226680755615,1
0.38985028862953186,1
0.43419602513313293,1
0.4580681324005127,1
0.388333797454834,1
0.4156862497329712,1
0.29347503185272217,1
0.40822187066078186,1
0.47170841693878174,1
0.49601832032203674,1
0.4206717312335968,1
0.498090922832489,1
0.4069516062736511,1
0.388181209564209,1
0.4453686773777008,1
0.37540310621261597,1
0.3735979199409485,1
0.36931735277175903,1
0.34197548031806946,1
0.3453328013420105,1
0.37281185388565063,1
0.338789165019989,1
0.4235885739326477,1
0.39278221130371094,1
0.3644663095474243,1
0.36710041761398315,1
0.34068015217781067,1
0.4551053047180176,1
0.4711741805076599,1
0.3252089023590088,1
0.4046265780925751,1
0.37574151158332825,1
0.3063810467720032,1
0.37553632259368896,1
0.5849246978759766,1
0.4030153155326843,1
0.4788658618927002,1
0.48161059617996216,1
0.3195723295211792,1
0.5340167880058289,1
0.47603359818458557,1
0.3839458227157593,1
0.3476676642894745,1
0.3240877389907837,1
0.41338807344436646,1
0.41614747047424316,1
0.3653067350387573,1
0.4423167109489441,1
0.3544641435146332,1
0.45519423484802246,1
0.4178086221218109,1
0.4705095887184143,1
0.4324756860733032,1
0.32254666090011597,1
0.484089732170105,1
0.49213647842407227,1
0.46604764461517334,1
0.42093533277511597,1
0.4463123083114624,1
0.5802690982818604,1
0.4235820174217224,1
0.44888463616371155,1
0.4052930772304535,1
0.34192830324172974,1
0.42594802379608154,1
0.4684428572654724,1
0.4105186462402344,1
0.32583463191986084,1
0.3935103714466095,1
0.4084606170654297,1
0.31550583243370056,1
0.40025243163108826,1
0.497056245803833,1
0.482926607131958,1
0.29501569271087646,1
0.43132635951042175,1
0.31685999035835266,1
0.47505083680152893,1
0.36666786670684814,1
0.45381486415863037,1
0.37170299887657166,1
0.5342021584510803,1
0.4449338912963867,1
0.2985435426235199,1
0.42404329776763916,1
0.4374421536922455,1
0.3786460757255554,1
0.44651031494140625,1
0.2268523871898651,1
0.517914354801178,1
0.5098341703414917,1
0.43581491708755493,1
0.4764191806316376,1
0.3901636600494385,1
0.4968233108520508,1
0.2975030541419983,1
0.3799465000629425,1
0.34460029006004333,1
0.42855972051620483,1
0.28647953271865845,1
0.35292595624923706,1
0.3889802098274231,1
0.3738976716995239,1
0.4095544219017029,1
0.44240304827690125,1
0.40067383646965027,1
0.37260088324546814,1
0.40168657898902893,1
0.33201995491981506,1
0.420731782913208,1
0.411126971244812,1
0.4907193183898926,1
0.5367043018341064,1
0.5289289355278015,1
0.4315084218978882,1
0.46244850754737854,1
0.38272932171821594,1
0.32603639364242554,1
0.4643981456756592,1
0.32693931460380554,1
0.3793284296989441,1
0.3665625751018524,1
0.45076724886894226,1
0.346993625164032,1
0.34870702028274536,1
0.32006311416625977,1
0.4043644070625305,1
0.3072478473186493,1
0.4490945339202881,1
0.3826078176498413,1
0.4012094736099243,1
0.42452967166900635,1
0.3351593613624573,1
0.35778704285621643,1
0.44116586446762085,1
0.47159937024116516,1
0.4877675175666809,1
0.3495102524757385,1
0.49547165632247925,1
0.33922457695007324,1
0.3249616026878357,1
0.40993160009384155,1
0.4024733304977417,1
0.4191063344478607,1
0.379695862531662,1
0.4598958492279053,1
0.345710813999176,1
0.4332989454269409,1
0.3612276315689087,1
0.4776276648044586,1
0.38903895020484924,1
0.39474210143089294,1
0.44487297534942627,1
0.4233338236808777,1
0.29983294010162354,1
0.4528513252735138,1
0.4509807825088501,1
0.46266356110572815,1
0.43166330456733704,1
0.46416568756103516,1
0.3257365822792053,1
0.5269515514373779,1
0.40371257066726685,1
0.44095802307128906,1
0.43307745456695557,1
0.4209151864051819,1
0.36415326595306396,1
0.4877397418022156,1
0.4505123496055603,1
0.4910099506378174,1
0.5257543921470642,1
0.41164159774780273,1
0.529879629611969,1
0.40724608302116394,1
0.4866138696670532,1
0.4562154710292816,1
0.43174001574516296,1
0.5059448480606079,1
0.36038854718208313,1
0.35574156045913696,1
0.47294285893440247,1
0.3587632179260254,1
0.43301206827163696,1
0.4328618347644806,1
0.37338492274284363,1
0.4655406177043915,1
0.4425589442253113,1
0.3899323344230652,1
0.33616334199905396,1
0.4564318358898163,1
0.450594425201416,1
0.3887960910797119,1
0.4433794617652893,1
0.3799963593482971,1
0.3768365681171417,1
0.3860771358013153,1
0.39160966873168945,1
0.28502774238586426,1
0.35352206230163574,1
0.47667819261550903,1
0.42882147431373596,1
0.4495806097984314,1
0.42752063274383545,1
0.3397825062274933,1
0.32465967535972595,1
0.45130282640457153,1
0.39784443378448486,1
0.401211678981781,1
0.3601509630680084,1
0.3950803279876709,1
0.3171083927154541,1
0.34284287691116333,1
0.4015972316265106,1
0.4853767156600952,1
0.39615339040756226,1
0.43448007106781006,1
0.4601473808288574,1
0.5070474743843079,1
0.49655836820602417,1
0.4184172749519348,1
0.2973767817020416,1
0.37551844120025635,1
0.4403133690357208,1
0.32050326466560364,1
0.43043631315231323,1
0.4163636267185211,1
0.5023859143257141,1
0.4629323482513428,1
0.33821606636047363,1
0.48963773250579834,1
0.4599193036556244,1
0.35628992319107056,1
0.3187037706375122,1
0.3832710385322571,1
0.4257194995880127,1
0.5094805359840393,1
0.33192747831344604,1
0.36676546931266785,1
0.36918097734451294,1
0.399577260017395,1
0.3596457242965698,1
0.43935561180114746,1
0.3960784673690796,1
0.36710324883461,1
0.30170831084251404,1
0.3288261294364929,1
0.3356526792049408,1
0.5779491066932678,1
0.48385804891586304,1
0.34655818343162537,1
0.3872067332267761,1
0.433296263217926,1
0.44422683119773865,1
0.4688299000263214,1
0.4206524193286896,1
0.4734256863594055,1
0.5046178102493286,1
0.2951105833053589,1
0.4917125403881073,1
0.5230366587638855,1
0.4346320629119873,1
0.4559716582298279,1
0.5561040639877319,1
0.45445406436920166,1
0.4364234209060669,1
0.32504594326019287,1
0.44336214661598206,1
0.30023789405822754,1
0.45441025495529175,1
0.4775414764881134,1
0.4000175893306732,1
0.5196914672851563,1
0.4574670195579529,1
0.4317707121372223,1
0.4306833744049072,1
0.4199879765510559,1
0.47255271673202515,1
0.3668309450149536,1
0.4458553194999695,1
0.3820033669471741,1
0.3685833215713501,1
0.36480143666267395,1
0.4652789831161499,1
0.341187059879303,1
0.40655723214149475,1
0.3869509696960449,1
0.4277665615081787,1
0.38467714190483093,1
0.41323310136795044,1
0.3921486735343933,1
0.4410790801048279,1
0.380206823348999,1
0.4558764100074768,1
0.39128679037094116,1
0.5031116008758545,1
0.32891350984573364,1
0.46901735663414,1
0.30677276849746704,1
0.3144342601299286,1
0.4033926725387573,1
0.5191644430160522,1
0.46957969665527344,1
0.42770031094551086,1
0.3222104609012604,1
0.5469412803649902,1
0.4673054814338684,1
0.3140748143196106,1
0.34542450308799744,1
0.32100340723991394,1
0.4470185935497284,1
0.34617486596107483,1
0.37954264879226685,1
0.42938271164894104,1
0.3938494920730591,1
0.3224468529224396,1
0.5062450766563416,1
0.33577513694763184,1
0.3779812455177307,1
0.41470515727996826,1
0.36201298236846924,1
0.4389708936214447,1
0.42240387201309204,1
0.3962444067001343,1
0.45774221420288086,1
0.3313738703727722,1
0.33351582288742065,1
0.41113710403442383,1
0.4405229091644287,1
0.387877881526947,1
0.3567272126674652,1
0.5693269371986389,1
0.4915008842945099,1
0.35296380519866943,1
0.46151813864707947,1
0.4785514771938324,1
0.39985623955726624,1
0.4231910705566406,1
0.39001479744911194,1
0.4166084825992584,1
0.35648101568222046,1
0.34517884254455566,1
0.29274266958236694,1
0.44826027750968933,1
0.48327192664146423,1
0.4000895023345947,1
0.42930108308792114,1
0.34061288833618164,1
0.4177103340625763,1
0.40657201409339905,1
0.4186195135116577,1
0.4796362519264221,1
0.44797927141189575,1
0.3821870982646942,1
0.4083814024925232,1
0.4674745500087738,1
0.5329993963241577,1
0.468838632106781,1
0.3567751348018646,1
0.3545159101486206,1
0.44831499457359314,1
0.3629970848560333,1
0.43976029753685,1
0.36814719438552856,1
0.3334144353866577,1
0.29831576347351074,1
0.43493208289146423,1
0.4222544729709625,1
0.45508286356925964,1
0.4277626872062683,1
0.4255855977535248,1
0.34885984659194946,1
0.3903644382953644,1
0.3149526119232178,1
0.4063255786895752,1
0.4167631268501282,1
0.3716035783290863,1
0.37879908084869385,1
0.4575539827346802,1
0.43398600816726685,1
0.3856971263885498,1
0.4285455048084259,1
0.28995925188064575,1
0.387400358915329,1
0.4296911358833313,1
0.4218187630176544,1
0.4183696508407593,1
0.39801499247550964,1
0.3769420087337494,1
0.338969349861145,1
0.3446686863899231,1
0.34277886152267456,1
0.3500467836856842,1
0.3289701044559479,1
0.46354228258132935,1
0.32473260164260864,1
0.32652366161346436,1
0.387986958026886,1
0.3916396498680115,1
0.3421107232570648,1
0.3530873656272888,1
0.37316831946372986,1
0.36449822783470154,1
0.3299306631088257,1
0.4342716336250305,1
0.3769320547580719,1
0.4327643811702728,1
0.3199184536933899,1
0.55420982837677,1
0.5440657734870911,1
0.3516945242881775,1
0.4100673496723175,1
0.3492140769958496,1
0.3654215931892395,1
0.43958932161331177,1
0.3744221031665802,1
0.3366319537162781,1
0.351713627576828,1
0.4141007661819458,1
0.3359643518924713,1
0.36408278346061707,1
0.42621904611587524,1
0.43161502480506897,1
0.39253100752830505,1
0.4149162471294403,1
0.5404714345932007,1
0.3819081783294678,1
0.42245176434516907,1
0.3947043716907501,1
0.42931005358695984,1
0.37365394830703735,1
0.34285134077072144,1
0.4516180753707886,1
0.30937105417251587,1
0.47791868448257446,1
0.4438683092594147,1
0.37448444962501526,1
0.2612709403038025,1
0.5111367106437683,1
0.44867590069770813,1
0.46539363265037537,1
0.4838801920413971,1
0.482313334941864,1
0.3505992889404297,1
0.3535957932472229,1
0.4468715488910675,1
0.44143688678741455,1
0.4279552102088928,1
0.3925406038761139,1
0.46427494287490845,1
0.44591695070266724,1
0.34417110681533813,1
0.3555828332901001,1
0.4586184322834015,1
0.5229743719100952,1
0.44593778252601624,1
0.4337122440338135,1
0.4339326024055481,1
0.4798664152622223,1
0.38976800441741943,1
0.4339592158794403,1
0.5117319822311401,1
0.42022404074668884,1
0.4612356424331665,1
0.39642173051834106,1
0.4954465329647064,1
0.4033866226673126,1
0.5331102609634399,1
0.4605819284915924,1
0.4420936703681946,1
0.376228392124176,1
0.4077413082122803,1
0.3072831928730011,1
0.3355894386768341,1
0.5079163312911987,1
0.4422057569026947,1
0.4210100769996643,1
0.4160492420196533,1
0.40966349840164185,1
0.533837616443634,1
0.3785264492034912,1
0.5171787738800049,1
0.4201854467391968,1
0.38089388608932495,1
0.4198998212814331,1
0.3722829520702362,1
0.4378792643547058,1
0.3828042149543762,1
0.34907764196395874,1
0.3632994294166565,1
0.4425126314163208,1
0.386386901140213,1
0.36025968194007874,1
0.49994581937789917,1
0.3828914165496826,1
0.4008689522743225,1
0.365085244178772,1
0.4270322322845459,1
0.40384525060653687,1
0.3199951648712158,1
0.43332797288894653,1
0.32495957612991333,1
0.4395400583744049,1
0.3771967887878418,1
0.3562191426753998,1
0.39652979373931885,1
0.33120131492614746,1
0.5378780364990234,1
0.35643476247787476,1
0.3197076916694641,1
0.4717230796813965,1
0.4123498201370239,1
0.437935471534729,1
0.420876681804657,1
0.49562445282936096,1
0.4433530867099762,1
0.27901795506477356,1
0.37269431352615356,1
0.3414674997329712,1
0.37879353761672974,1
0.3110703229904175,1
0.4865148365497589,1
0.47001785039901733,1
0.4128049910068512,1
0.383980929851532,1
0.47051799297332764,1
0.42730140686035156,1
0.4974204897880554,1
0.3760528564453125,1
0.3847447335720062,1
0.37415239214897156,1
0.3850412964820862,1
0.39720654487609863,1
0.3627481162548065,1
0.4888409972190857,1
0.5179558992385864,1
0.4887623190879822,1
0.3937232494354248,1
0.34391576051712036,1
0.34848859906196594,1
0.39046281576156616,1
0.36359405517578125,1
0.4199288785457611,1
0.42028099298477173,1
0.36450180411338806,1
0.45118623971939087,1
0.42064929008483887,1
0.44017690420150757,1
0.4000655710697174,1
0.3701947033405304,1
0.2847347855567932,1
0.5350112318992615,1
0.3575190305709839,1
0.31826311349868774,1
0.4240952134132385,1
0.4449620842933655,1
0.4393896460533142,1
0.41702163219451904,1
0.35178664326667786,1
0.22398774325847626,1
0.37227892875671387,1
0.3712318241596222,1
0.44149458408355713,1
0.3931523263454437,1
0.44572311639785767,1
0.4193640947341919,1
0.45217573642730713,1
0.2766980528831482,1
0.40652328729629517,1
0.31580784916877747,1
0.3740937113761902,1
0.4342637360095978,1
0.44300541281700134,1
0.42625850439071655,1
0.3253323435783386,1
0.4191778302192688,1
0.3462386429309845,1
0.4934782385826111,1
0.3513530492782593,1
0.40639162063598633,1
0.2964937090873718,1
0.4493608772754669,1
0.42931920289993286,1
0.38519662618637085,1
0.35524219274520874,1
0.5095036029815674,1
0.2883094549179077,1
0.4453044533729553,1
0.4321925640106201,1
0.3656060993671417,1
0.49075329303741455,1
0.3759210407733917,1
0.3927730917930603,1
0.5146047472953796,1
0.38246333599090576,1
0.418994277715683,1
0.3464880585670471,1
0.3288493752479553,1
0.3746326267719269,1
0.3486047089099884,1
0.31627166271209717,1
0.4495253562927246,1
0.34289926290512085,1
0.41314977407455444,1
0.5314724445343018,1
0.38563984632492065,1
0.3166460692882538,1
0.38930007815361023,1
0.3597385287284851,1
0.3912460505962372,1
0.4382110834121704,1
0.4228499233722687,1
0.4618034064769745,1
0.3814326524734497,1
0.34423479437828064,1
0.4400786757469177,1
0.3317074477672577,1
0.2835530638694763,1
0.3926490545272827,1
0.4041703939437866,1
0.40336012840270996,1
0.34802258014678955,1
0.45061013102531433,1
0.38591253757476807,1
0.361163854598999,1
0.4913672208786011,1
0.3862777054309845,1
0.4114706218242645,1
0.3304835557937622,1
0.4982413649559021,1
0.3906761705875397,1
0.49667516350746155,1
0.4427299201488495,1
0.4496552348136902,1
0.38176655769348145,1
0.34351807832717896,1
0.43323206901550293,1
0.4483702480792999,1
0.405245840549469,1
0.470929890871048,1
0.40278011560440063,1
0.4858610928058624,1
0.4044310748577118,1
0.4064406752586365,1
0.30552908778190613,1
0.354545533657074,1
0.39155805110931396,1
0.36232951283454895,1
0.44020527601242065,1
0.35732150077819824,1
0.3145984709262848,1
0.37849894165992737,1
0.5164620280265808,1
0.3545951843261719,1
0.3886309564113617,1
0.4451574981212616,1
0.49765917658805847,1
0.4495391845703125,1
0.5184868574142456,1
0.4302425980567932,1
0.5108307003974915,1
0.3358781337738037,1
0.4751918613910675,1
0.5268126726150513,1
0.38123905658721924,1
0.4390607476234436,1
0.4908508062362671,1
0.4337254464626312,1
0.37271153926849365,1
0.360628604888916,1
0.40092453360557556,1
0.3800744414329529,1
0.3832572400569916,1
0.5057684183120728,1
0.4231748878955841,1
0.4842485785484314,1
0.2935042679309845,1
0.3095482587814331,1
0.2651311755180359,1
0.47956857085227966,1
0.38686397671699524,1
0.3610075116157532,1
0.35265666246414185,1
0.3824232220649719,1
0.35907086730003357,1
0.41182342171669006,1
0.3277375102043152,1
0.4857240319252014,1
0.43758532404899597,1
0.2939101457595825,1
0.39281609654426575,1
0.36573800444602966,1
0.34194979071617126,1
0.4955750107765198,1
0.4618845582008362,1
0.3375200033187866,1
0.39974698424339294,1
0.5386351346969604,1
0.35537275671958923,1
0.4627137780189514,1
0.3987029790878296,1
0.3663526177406311,1
0.4560895562171936,1
0.44959351420402527,1
0.33230656385421753,1
0.366007924079895,1
0.3260314464569092,1
0.5429761409759521,1
0.6115717887878418,1
0.27639541029930115,1
0.36543476581573486,1
0.4252772331237793,1
0.3649677634239197,1
0.3242665231227875,1
0.3327192962169647,1
0.42063042521476746,1
0.4842758774757385,1
0.3806304931640625,1
0.49219077825546265,1
0.2970179319381714,1
0.4300021231174469,1
0.35579776763916016,1
0.3298757076263428,1
0.3743760585784912,1
0.40464043617248535,1
0.40236374735832214,1
0.4545297622680664,1
0.4736417829990387,1
0.4106646776199341,1
0.3626025915145874,1
0.4156876504421234,1
0.5077095031738281,1
0.4576965272426605,1
0.37028127908706665,1
0.38853567838668823,1
0.36423811316490173,1
0.41153690218925476,1
0.46443259716033936,1
0.4071558713912964,1
0.4370906949043274,1
0.3953472375869751,1
0.39877262711524963,1
0.41993850469589233,1
0.4212404489517212,1
0.459157258272171,1
0.405093789100647,1
0.41153818368911743,1
0.41337788105010986,1
0.4123649597167969,1
0.4967825412750244,1
0.437887966632843,1
0.3859921097755432,1
0.35900914669036865,1
0.3739694356918335,1
0.4365328550338745,1
0.38720443844795227,1
0.41949722170829773,1
0.30060726404190063,1
0.5201922655105591,1
0.3824351131916046,1
0.35722750425338745,1
0.38839176297187805,1
0.4068097472190857,1
0.3252217471599579,1
0.41418930888175964,1
0.48489218950271606,1
0.5625445246696472,1
0.4136005640029907,1
0.4636344313621521,1
0.4200829565525055,1
0.4030851125717163,1
0.4240342378616333,1
0.3890669345855713,1
0.40139850974082947,1
0.41920703649520874,1
0.36160117387771606,1
0.40715381503105164,1
0.36641594767570496,1
0.4216313064098358,1
0.460308313369751,1
0.3801521360874176,1
0.38279464840888977,1
0.49920380115509033,1
0.527475118637085,1
0.4959893822669983,1
0.36381280422210693,1
0.4018799960613251,1
0.4082225561141968,1
0.4737301170825958,1
0.35729485750198364,1
0.41773563623428345,1
0.3908740282058716,1
0.5334463119506836,1
0.4045634865760803,1
0.3993414342403412,1
0.3232569694519043,1
0.4220810830593109,1
0.42003580927848816,1
0.2542743384838104,1
0.42903849482536316,1
0.456525593996048,1
0.5078728795051575,1
0.3338325619697571,1
0.4312477707862854,1
0.3584051728248596,1
0.3768719434738159,1
0.5194932818412781,1
0.48468711972236633,1
0.5022110939025879,1
0.366912841796875,1
0.5795319676399231,1
0.40052372217178345,1
0.35040193796157837,1
0.3439539074897766,1
0.3476403057575226,1
0.4301629960536957,1
0.32955002784729004,1
0.45530495047569275,1
0.31009894609451294,1
0.458861768245697,1
0.40048086643218994,1
0.3569830358028412,1
0.448798269033432,1
0.382163405418396,1
0.3614169955253601,1
0.36863160133361816,1
0.4065926969051361,1
0.41727399826049805,1
0.4819300174713135,1
0.484687864780426,1
0.4318598210811615,1
0.5145485401153564,1
0.31660258769989014,1
0.3552767038345337,1
0.4526541233062744,1
0.34403571486473083,1
0.3676212430000305,1
0.3073877990245819,1
0.4449308216571808,1
0.47511783242225647,1
0.43715184926986694,1
0.37350448966026306,1
0.4332786500453949,1
0.46674710512161255,1
0.3693130910396576,1
0.4627343416213989,1
0.41551119089126587,1
0.30338406562805176,1
0.4322340488433838,1
0.35968250036239624,1
0.4553075432777405,1
0.3799830973148346,1
0.27326807379722595,1
0.2967495918273926,1
0.4148779511451721,1
0.4741824269294739,1
0.4435611665248871,1
0.48640942573547363,1
0.3966633677482605,1
0.42528480291366577,1
0.3333060145378113,1
0.33830884099006653,1
0.4575612545013428,1
0.45248928666114807,1
0.3697398900985718,1
0.3175933063030243,1
0.35259994864463806,1
0.4285353422164917,1
0.3638821840286255,1
0.42246371507644653,1
0.4375927448272705,1
0.4004107415676117,1
0.2743368148803711,1
0.5288152098655701,1
0.34584447741508484,1
0.4924151301383972,1
0.44476354122161865,1
0.4347110092639923,1
0.4841565489768982,1
0.365639328956604,1
0.3772313594818115,1
0.2937053442001343,1
0.4750545918941498,1
0.3540327250957489,1
0.4768337905406952,1
0.31070831418037415,1
0.4911276698112488,1
0.46760737895965576,1
0.40703293681144714,1
0.3547109365463257,1
0.44895488023757935,1
0.31148195266723633,1
0.42808252573013306,1
0.40071552991867065,1
0.39176875352859497,1
0.4389224052429199,1
0.38383346796035767,1
0.41504767537117004,1
0.3340693712234497,1
0.44166678190231323,1
0.5505872964859009,1
0.42347073554992676,1
0.42989760637283325,1
0.4487907290458679,1
0.39322978258132935,1
0.3361084461212158,1
0.3783470392227173,1
0.43311694264411926,1
0.32495611906051636,1
0.44314879179000854,1
0.41075199842453003,1
0.33121705055236816,1
0.3514183759689331,1
0.40446099638938904,1
0.3752560019493103,1
0.38986918330192566,1
0.37321537733078003,1
0.33071765303611755,1
0.4031272530555725,1
0.3708149194717407,1
0.3933212459087372,1
0.4867435693740845,1
0.5467953085899353,1
0.43975621461868286,1
0.43178051710128784,1
0.3958381712436676,1
0.3893190026283264,1
0.4271182715892792,1
0.3376518189907074,1
0.5569829940795898,1
0.4533054828643799,1
0.3845874071121216,1
0.35145673155784607,1
0.4728509783744812,1
0.4122101664543152,1
0.5485474467277527,1
0.45929402112960815,1
0.4835176467895508,1
0.4046809673309326,1
0.4891622066497803,1
0.3877551853656769,1
0.3694470226764679,1
0.31431230902671814,1
0.35809051990509033,1
0.4003375172615051,1
0.39628690481185913,1
0.448833703994751,1
0.50177401304245,1
0.5566925406455994,1
0.4783324599266052,1
0.4411606192588806,1
0.5345619916915894,1
0.4125075042247772,1
0.47395089268684387,1
0.4491409659385681,1
0.3760216534137726,1
0.36739790439605713,1
0.47431910037994385,1
0.35546761751174927,1
0.48684656620025635,1
0.4712636470794678,1
0.4429357349872589,1
0.3366357982158661,1
0.3912684917449951,1
0.45531249046325684,1
0.37394529581069946,1
0.4360184073448181,1
0.3380430042743683,1
0.4259836673736572,1
0.3928866982460022,1
0.3829073905944824,1
0.38253647089004517,1
0.34665167331695557,1
0.36734089255332947,1
0.36666250228881836,1
0.2713088393211365,1
0.31938987970352173,1
0.4461837410926819,1
0.43978428840637207,1
0.396986722946167,1
0.3509693741798401,1
0.4640137255191803,1
0.34146809577941895,1
0.44252344965934753,1
0.32621902227401733,1
0.35977455973625183,1
0.3203977346420288,1
0.38477635383605957,1
0.3303326368331909,1
0.3016572892665863,1
0.37435418367385864,1
0.3424287438392639,1
0.46424517035484314,1
0.32601937651634216,1
0.40613675117492676,1
0.4560922384262085,1
0.47239330410957336,1
0.41354432702064514,1
0.4942277669906616,1
0.32236891984939575,1
0.4389224350452423,1
0.3518929183483124,1
0.3727414608001709,1
0.49018073081970215,1
0.4114730954170227,1
0.45338910818099976,1
0.38636940717697144,1
0.4938766658306122,1
0.3875802755355835,1
0.35721611976623535,1
0.3489248752593994,1
0.44031038880348206,1
0.3188229203224182,1
0.46383658051490784,1
0.3671822249889374,1
0.33443543314933777,1
0.4014469385147095,1
0.4504655599594116,1
0.3973413407802582,1
0.3367462754249573,1
0.3640745282173157,1
0.4080333411693573,1
0.3215376138687134,1
0.2685226798057556,1
0.5221399664878845,1
0.3456765413284302,1
0.41620486974716187,1
0.42851948738098145,1
0.45557379722595215,1
0.32969504594802856,1
0.38098978996276855,1
0.40317535400390625,1
0.5293129682540894,1
0.4289049506187439,1
0.4585842490196228,1
0.46172821521759033,1
0.31575825810432434,1
0.3072327971458435,1
0.3951941132545471,1
0.2711191177368164,1
0.36068373918533325,1
0.36706897616386414,1
0.3691154420375824,1
0.4916580319404602,1
0.3557129502296448,1
0.4178088307380676,1
0.3417811989784241,1
0.3902397155761719,1
0.4556441903114319,1
0.34145087003707886,1
0.30466440320014954,1
0.34717416763305664,1
0.5233810544013977,1
0.4179193675518036,1
0.3279871940612793,1
0.5312763452529907,1
0.40005216002464294,1
0.44037818908691406,1
0.2983834147453308,1
0.46661582589149475,1
0.441336065530777,1
0.3610572814941406,1
0.32210230827331543,1
0.3751257061958313,1
0.3809581995010376,1
0.433987557888031,1
0.35919705033302307,1
0.4581584334373474,1
0.5011308789253235,1
0.5062946081161499,1
0.42323052883148193,1
0.3297302722930908,1
0.3654720187187195,1
0.3438587188720703,1
0.41192036867141724,1
0.3442104458808899,1
0.46653634309768677,1
0.41782665252685547,1
0.38250550627708435,1
0.3990291953086853,1
0.3425857722759247,1
0.45640265941619873,1
0.386643648147583,1
0.34173259139060974,1
0.42615818977355957,1
0.3615729808807373,1
0.4507750868797302,1
0.3434288501739502,1
0.33095669746398926,1
0.406367689371109,1
0.44482338428497314,1
0.4627283215522766,1
0.5129215717315674,1
0.2835081219673157,1
0.4685284495353699,1
0.39861172437667847,1
0.3654225468635559,1
0.3289206027984619,1
0.386615514755249,1
0.40474972128868103,1
0.29421791434288025,1
0.3501531183719635,1
0.43895667791366577,1
0.41688108444213867,1
0.3982107639312744,1
0.4065324068069458,1
0.4032564163208008,1
0.4654999375343323,1
0.42192819714546204,1
0.6287989020347595,1
0.5700691938400269,1
0.3624158203601837,1
0.37429046630859375,1
0.4341098964214325,1
0.47494882345199585,1
0.3852047026157379,1
0.32175877690315247,1
0.48373597860336304,1
0.3754613995552063,1
0.4973321259021759,1
0.355692982673645,1
0.32447126507759094,1
0.37369054555892944,1
0.43787187337875366,1
0.3625093996524811,1
0.4314224123954773,1
0.3287321627140045,1
0.44681352376937866,1
0.34423208236694336,1
0.48692643642425537,1
0.3720393478870392,1
0.4592173099517822,1
0.33447951078414917,1
0.3302222490310669,1
0.4014512002468109,1
0.40851029753685,1
0.3343737721443176,1
0.2663876712322235,1
0.37939101457595825,1
0.38192665576934814,1
0.4509730637073517,1
0.37789779901504517,1
0.4223240315914154,1
0.31870412826538086,1
0.4598042964935303,1
0.37490972876548767,1
0.3258078992366791,1
0.3884050250053406,1
0.4184170067310333,1
0.35508450865745544,1
0.4155084788799286,1
0.4793792963027954,1
0.3354635536670685,1
0.41661107540130615,1
0.3933582603931427,1
0.47385329008102417,1
0.4614972174167633,1
0.3669162094593048,1
0.31498634815216064,1
0.4366326332092285,1
0.3857542872428894,1
0.4243538975715637,1
0.36213159561157227,1
0.40217307209968567,1
0.3531055152416229,1
0.37484681606292725,1
0.3159119188785553,1
0.40305107831954956,1
0.3080146908760071,1
0.3614346385002136,1
0.417832612991333,1
0.38056284189224243,1
0.3204430937767029,1
0.38626745343208313,1
0.42415061593055725,1
0.4365357756614685,1
0.26704028248786926,1
0.5032866597175598,1
0.4450455904006958,1
0.4318558871746063,1
0.35833680629730225,1
0.3610065281391144,1
0.38117027282714844,1
0.40099823474884033,1
0.3478875160217285,1
0.4145084023475647,1
0.34519505500793457,1
0.3764057457447052,1
0.4877943992614746,1
0.4065616726875305,1
0.468910276889801,1
0.475024938583374,1
0.3747592866420746,1
0.35774877667427063,1
0.4531688094139099,1
0.32643401622772217,1
0.5073017477989197,1
0.34537383913993835,1
0.34825459122657776,1
0.30381694436073303,1
0.5135989189147949,1
0.5651334524154663,1
0.45384693145751953,1
0.34254562854766846,1
0.33590346574783325,1
0.4636022746562958,1
0.33593714237213135,1
0.48622772097587585,1
0.3541492223739624,1
0.4543333649635315,1
0.39625680446624756,1
0.44056621193885803,1
0.2903619706630707,1
0.34425246715545654,1
0.3726511001586914,1
0.4492398798465729,1
0.31994199752807617,1
0.5195943117141724,1
0.321597158908844,1
0.40334707498550415,1
0.3097042739391327,1
0.42443567514419556,1
0.5259283781051636,1
0.4037691354751587,1
0.3550359606742859,1
0.35762619972229004,1
0.46238821744918823,1
0.3320040702819824,1
0.36003953218460083,1
0.24356681108474731,1
0.36974045634269714,1
0.3509049415588379,1
0.34632307291030884,1
0.3691958487033844,1
0.4178442060947418,1
0.36637887358665466,1
0.3925077021121979,1
0.42069917917251587,1
0.36562079191207886,1
0.45626574754714966,1
0.37590092420578003,1
0.3945881426334381,1
0.33751440048217773,1
0.26761457324028015,1
0.25307154655456543,1
0.4740546941757202,1
0.2651171386241913,1
0.4774482250213623,1
0.37890273332595825,1
0.44144147634506226,1
0.33021050691604614,1
0.45728668570518494,1
0.28384071588516235,1
0.3932185769081116,1
0.31904974579811096,1
0.4887250065803528,1
0.3240179419517517,1
0.5217260122299194,1
0.6316556930541992,1
0.37067490816116333,1
0.35352420806884766,1
0.38617366552352905,1
0.4149229824542999,1
0.3931104242801666,1
0.47298663854599,1
0.42910805344581604,1
0.3238314688205719,1
0.3534010648727417,1
0.3796396851539612,1
0.5103345513343811,1
0.32819294929504395,1
0.3961802124977112,1
0.3775895833969116,1
0.40983155369758606,1
0.4530872106552124,1
0.39380943775177,1
0.3728471100330353,1
0.34586238861083984,1
0.5057507157325745,1
0.3987340033054352,1
0.3856452703475952,1
0.4864622950553894,1
0.45692065358161926,1
0.38008755445480347,1
0.3438822627067566,1
0.4934183657169342,1
0.4239288866519928,1
0.38987481594085693,1
0.3331992030143738,1
0.44371092319488525,1
0.36303409934043884,1
0.41785895824432373,1
0.3508877158164978,1
0.45319443941116333,1
0.535331666469574,1
0.4297102689743042,1
0.3439413607120514,1
0.4307103753089905,1
0.31972458958625793,1
0.44004037976264954,1
0.28173184394836426,1
0.41213321685791016,1
0.35863393545150757,1
0.3971697986125946,1
0.4144630432128906,1
0.47936350107192993,1
0.3057735562324524,1
0.4056485891342163,1
0.38209283351898193,1
0.5446100234985352,1
0.37958765029907227,1
0.41393911838531494,1
0.5070034265518188,1
0.40574756264686584,1
0.4055272936820984,1
0.4000746011734009,1
0.4794800281524658,1
0.3589211702346802,1
0.4130666255950928,1
0.41182875633239746,1
0.3228418529033661,1
0.3352118730545044,1
0.3428548574447632,1
0.4794330596923828,1
0.4536251425743103,1
0.338981956243515,1
0.4275153875350952,1
0.2704331874847412,1
0.39736491441726685,1
0.4306153655052185,1
0.43065354228019714,1
0.5763865113258362,1
0.44464072585105896,1
0.39548414945602417,1
0.4178925156593323,1
0.39672207832336426,1
0.4173111915588379,1
0.4231054186820984,1
0.29752328991889954,1
0.4075795114040375,1
0.325655996799469,1
0.40255841612815857,1
0.3049160838127136,1
0.40024781227111816,1
0.43533265590667725,1
0.43382027745246887,1
0.34725046157836914,1
0.35723188519477844,1
0.35997825860977173,1
0.50135338306427,1
0.5236421823501587,1
0.4857446253299713,1
0.39847463369369507,1
0.49531835317611694,1
0.37386763095855713,1
0.4801538586616516,1
0.40606558322906494,1
0.31246304512023926,1
0.46538859605789185,1
0.4047950804233551,1
0.406184583902359,1
0.37409159541130066,1
0.33641764521598816,1
0.30815207958221436,1
0.3736875355243683,1
0.36898401379585266,1
0.34235072135925293,1
0.37027934193611145,1
0.3283229172229767,1
0.3814191520214081,1
0.31980735063552856,1
0.36893385648727417,1
0.43000030517578125,1
0.519596517086029,1
0.3596222698688507,1
0.4477287530899048,1
0.39546316862106323,1
0.46873870491981506,1
0.3664105236530304,1
0.37429100275039673,1
0.2780945599079132,1
0.4142972230911255,1
0.3875455856323242,1
0.47932395339012146,1
0.4186592698097229,1
0.41063573956489563,1
0.41336995363235474,1
0.43022042512893677,1
0.4475051164627075,1
0.4872265160083771,1
0.38137704133987427,1
0.3676886260509491,1
0.47568783164024353,1
0.4379431903362274,1
0.4081864356994629,1
0.36231398582458496,1
0.4561140537261963,1
0.4334591031074524,1
0.31705403327941895,1
0.41639062762260437,1
0.44122785329818726,1
0.44426465034484863,1
0.3836967945098877,1
0.40904682874679565,1
0.4272248446941376,1
0.37868547439575195,1
0.3887207508087158,1
0.3794322907924652,1
0.3758607506752014,1
0.3999594449996948,1
0.4288089871406555,1
0.5112500190734863,1
0.3786376714706421,1
0.3231930136680603,1
0.4001312255859375,1
0.36817413568496704,1
0.42075857520103455,1
0.3543083369731903,1
0.44209229946136475,1
0.2601308822631836,1
0.39796802401542664,1
0.3230116069316864,1
0.3744305968284607,1
0.3543529510498047,1
0.41930675506591797,1
0.31100890040397644,1
0.43104976415634155,1
0.5368344783782959,1
0.3206777572631836,1
0.30602312088012695,1
0.33952951431274414,1
0.47005051374435425,1
0.3169170320034027,1
0.5554349422454834,1
0.44190025329589844,1
0.43775463104248047,1
0.37252044677734375,1
0.4753945469856262,1
0.4589001536369324,1
0.43028849363327026,1
0.557138204574585,1
0.37383389472961426,1
0.4010292887687683,1
0.4036131501197815,1
0.309654176235199,1
0.28119248151779175,1
0.4358593821525574,1
0.338515043258667,1
0.281283974647522,1
0.5661476254463196,1
0.3451320230960846,1
0.48629283905029297,1
0.38170579075813293,1
0.37462174892425537,1
0.38957661390304565,1
0.4232509434223175,1
0.35355344414711,1
0.3941269516944885,1
0.504020094871521,1
0.4858380854129791,1
0.40073519945144653,1
0.4166901707649231,1
0.4783371090888977,1
0.4448457956314087,1
0.48029688000679016,1
0.40006527304649353,1
0.3824109137058258,1
0.34539544582366943,1
0.4028155207633972,1
0.40335434675216675,1
0.34479543566703796,1
0.6066917181015015,1
0.43951910734176636,1
0.3801657557487488,1
0.4135381281375885,1
0.36855384707450867,1
0.36905428767204285,1
0.3437024652957916,1
0.4203529357910156,1
0.3996061086654663,1
0.3913378417491913,1
0.49070847034454346,1
0.41146254539489746,1
0.3426250219345093,1
0.3971346616744995,1
0.38259586691856384,1
0.4687711000442505,1
0.404361367225647,1
0.3438914120197296,1
0.35285791754722595,1
0.42209023237228394,1
0.32701003551483154,1
0.46933993697166443,1
0.3975263833999634,1
0.4348539113998413,1
0.46851322054862976,1
0.4293081760406494,1
0.5164884328842163,1
0.40444478392601013,1
0.39472150802612305,1
0.5443128347396851,1
0.49611037969589233,1
0.34886714816093445,1
0.40530475974082947,1
0.3311724066734314,1
0.520636796951294,1
0.37188658118247986,1
0.36168625950813293,1
0.42090216279029846,1
0.40536534786224365,1
0.5271880626678467,1
0.5870905518531799,1
0.3379225432872772,1
0.362895667552948,1
0.5558164119720459,1
0.4989982843399048,1
0.3982153534889221,1
0.3085915446281433,1
0.418437123298645,1
0.45406875014305115,1
0.4079190492630005,1
0.3841288089752197,1
0.3777640163898468,1
0.46171432733535767,1
0.5165600776672363,1
0.38930538296699524,1
0.3291339576244354,1
0.35212767124176025,1
0.4777175486087799,1
0.37117934226989746,1
0.4104136824607849,1
0.4677714705467224,1
0.3324800431728363,1
0.3730396032333374,1
0.4370841979980469,1
0.4095423221588135,1
0.38435956835746765,1
0.4193211495876312,1
0.4142835736274719,1
0.42808231711387634,1
0.3256109654903412,1
0.4045535922050476,1
0.4038879871368408,1
0.31994619965553284,1
0.3665020763874054,1
0.49356573820114136,1
0.4509430527687073,1
0.39846187829971313,1
0.47138237953186035,1
0.3767605423927307,1
0.39104607701301575,1
0.44069090485572815,1
0.46091002225875854,1
0.33726000785827637,1
0.4209847152233124,1
0.4338653087615967,1
0.4047714173793793,1
0.5109082460403442,1
0.41073864698410034,1
0.36128681898117065,1
0.3903331458568573,1
0.4812605381011963,1
0.3703540563583374,1
0.3865715563297272,1
0.430785208940506,1
0.3753671646118164,1
0.3841783106327057,1
0.4026821255683899,1
0.40466582775115967,1
0.3831077516078949,1
0.45201367139816284,1
0.4426131546497345,1
0.401285856962204,1
0.45168429613113403,1
0.40047189593315125,1
0.3919719457626343,1
0.4250730276107788,1
0.4588368535041809,1
0.4452322721481323,1
0.3505847454071045,1
0.5471593141555786,1
0.3246316909790039,1
0.4086100161075592,1
0.38148191571235657,1
0.42002809047698975,1
0.37532147765159607,1
0.3626895248889923,1
0.35538795590400696,1
0.35253944993019104,1
0.3445168733596802,1
0.33017629384994507,1
0.378402441740036,1
0.35931700468063354,1
0.5455322861671448,1
0.44649553298950195,1
0.4459230899810791,1
0.39107203483581543,1
0.3586882948875427,1
0.4125499129295349,1
0.3156206011772156,1
0.26233798265457153,1
0.4082856774330139,1
0.43366044759750366,1
0.40287384390830994,1
0.4438873827457428,1
0.437478631734848,1
0.36429131031036377,1
0.37623101472854614,1
0.34438177943229675,1
0.42285916209220886,1
0.4975747764110565,1
0.39137935638427734,1
0.5239696502685547,1
0.4601186513900757,1
0.41131800413131714,1
0.43787071108818054,1
0.45908123254776,1
0.32095450162887573,1
0.3035551607608795,1
0.3857837915420532,1
0.36800479888916016,1
0.3302386403083801,1
0.3907713294029236,1
0.4342208504676819,1
0.3774943947792053,1
0.38853031396865845,1
0.4212184250354767,1
0.36025214195251465,1
0.4272804260253906,1
0.44035354256629944,1
0.3378939926624298,1
0.3235018849372864,1
0.3027987778186798,1
0.39134126901626587,1
0.5925820469856262,1
0.3623889684677124,1
0.3597443103790283,1
0.3440319001674652,1
0.4183417558670044,1
0.44240647554397583,1
0.4011179804801941,1
0.41341105103492737,1
0.4333665370941162,1
0.4628274440765381,1
0.32587695121765137,1
0.5597599744796753,1
0.3728044629096985,1
0.44200217723846436,1
0.4053995609283447,1
0.32512813806533813,1
0.37593960762023926,1
0.33372220396995544,1
0.47100067138671875,1
0.43871986865997314,1
0.3540477156639099,1
0.4768454134464264,1
0.4058431386947632,1
0.27935099601745605,1
0.47797590494155884,1
0.43244990706443787,1
0.3638318181037903,1
0.34344691038131714,1
0.3762715458869934,1
0.3257169723510742,1
0.4160863161087036,1
0.42635980248451233,1
0.41861623525619507,1
0.3340906500816345,1
0.2404118776321411,1
0.5264726877212524,1
0.3429326117038727,1
0.4601132869720459,1
0.3641963601112366,1
0.37392356991767883,1
0.5884513854980469,1
0.2596738636493683,1
0.3710177540779114,1
0.38537997007369995,1
0.4343630075454712,1
0.2716716527938843,1
0.4893018305301666,1
0.4116131365299225,1
0.4522855579853058,1
0.5029398798942566,1
0.3830544948577881,1
0.38714978098869324,1
0.5064234733581543,1
0.5066777467727661,1
0.3048216998577118,1
0.44322097301483154,1
0.4818258583545685,1
0.3815479278564453,1
0.3709026575088501,1
0.40778979659080505,1
0.405381441116333,1
0.3851269483566284,1
0.411825954914093,1
0.41265732049942017,1
0.3340965211391449,1
0.44941240549087524,1
0.3350079655647278,1
0.495742529630661,1
0.3057529330253601,1
0.4229992628097534,1
0.3522217273712158,1
0.4447473883628845,1
0.3682137131690979,1
0.5185039043426514,1
0.39795243740081787,1
0.3918876647949219,1
0.38792335987091064,1
0.33363786339759827,1
0.41183894872665405,1
0.42387670278549194,1
0.36607158184051514,1
0.27024683356285095,1
0.35739684104919434,1
0.41476213932037354,1
0.43156445026397705,1
0.4646534025669098,1
0.40422162413597107,1
0.342848002910614,1
0.28571099042892456,1
0.35495850443840027,1
0.47942566871643066,1
0.37180840969085693,1
0.46683764457702637,1
0.32964932918548584,1
0.31430914998054504,1
0.375265896320343,1
0.38293302059173584,1
0.3137219250202179,1
0.40941321849823,1
0.35769277811050415,1
0.3942875564098358,1
0.4780741035938263,1
0.47285646200180054,1
0.34474053978919983,1
0.38212746381759644,1
0.44875186681747437,1
0.3363058567047119,1
0.45988208055496216,1
0.3809005618095398,1
0.41333168745040894,1
0.39382123947143555,1
0.4874027371406555,1
0.3361927568912506,1
0.4330010712146759,1
0.33128470182418823,1
0.46053346991539,1
0.3811008930206299,1
0.4010586142539978,1
0.34663936495780945,1
0.4194481670856476,1
0.39575135707855225,1
0.41206610202789307,1
0.48994535207748413,1
0.38431715965270996,1
0.507053554058075,1
0.4191787838935852,1
0.43077102303504944,1
0.39099669456481934,1
0.42951610684394836,1
0.4343114495277405,1
0.5690127611160278,1
0.40749591588974,1
0.37337779998779297,1
0.3379027247428894,1
0.3300932049751282,1
0.47954994440078735,1
0.2914861738681793,1
0.5294312238693237,1
0.33378148078918457,1
0.5866345167160034,1
0.397014856338501,1
0.5020895004272461,1
0.414348304271698,1
0.39574331045150757,1
0.33181941509246826,1
0.26289182901382446,1
0.399259477853775,1
0.3552258312702179,1
0.405864953994751,1
0.4149072766304016,1
0.3694736659526825,1
0.4689871668815613,1
0.43958306312561035,1
0.46238449215888977,1
0.4298241138458252,1
0.359533429145813,1
0.40561604499816895,1
0.4358786344528198,1
0.33056873083114624,1
0.25275719165802,1
0.40491318702697754,1
0.34548619389533997,1
0.4441145360469818,1
0.33129259943962097,1
0.41612508893013,1
0.3491264879703522,1
0.43982037901878357,1
0.2772764563560486,1
0.3833555579185486,1
0.5186401009559631,1
0.5211330056190491,1
0.3960971236228943,1
0.46397480368614197,1
0.3532007932662964,1
0.4362161457538605,1
0.4101458787918091,1
0.36431658267974854,1
0.4761210083961487,1
0.4968530833721161,1
0.5218418836593628,1
0.2643410861492157,1
0.40665289759635925,1
0.32853591442108154,1
0.4336755573749542,1
0.4726777672767639,1
0.40746402740478516,1
0.5201139450073242,1
0.3046419322490692,1
0.3844812512397766,1
0.4322434663772583,1
0.4280102252960205,1
0.3547963500022888,1
0.39584189653396606,1
0.43512162566185,1
0.3249533176422119,1
0.39824724197387695,1
0.31687018275260925,1
0.36606860160827637,1
0.3975825309753418,1
0.3514598608016968,1
0.41259142756462097,1
0.44774129986763,1
0.39467811584472656,1
0.3036511242389679,1
0.4799949526786804,1
0.5056420564651489,1
0.3281911015510559,1
0.4700635075569153,1
0.46656107902526855,1
0.4465649724006653,1
0.3806994557380676,1
0.4516465365886688,1
0.3992244005203247,1
0.42806971073150635,1
0.4164876341819763,1
0.4688549041748047,1
0.24187733232975006,1
0.357553094625473,1
0.3629458546638489,1
0.4369211792945862,1
0.4688858389854431,1
0.4699573516845703,1
0.4556301236152649,1
0.3128596544265747,1
0.5478934049606323,1
0.3655417263507843,1
0.3722296953201294,1
0.4080434739589691,1
0.41953015327453613,1
0.42026764154434204,1
0.3647848963737488,1
0.47087743878364563,1
0.23974111676216125,1
0.3447398543357849,1
0.4069057106971741,1
0.420308381319046,1
0.38202035427093506,1
0.3944440484046936,1
0.34119218587875366,1
0.37050771713256836,1
0.44487297534942627,1
0.33020612597465515,1
0.3296000063419342,1
0.38920271396636963,1
0.27715757489204407,1
0.5077963471412659,1
0.41000574827194214,1
0.4174179434776306,1
0.44062700867652893,1
0.42709416151046753,1
0.29076603055000305,1
0.3651452660560608,1
0.3808338940143585,1
0.47982680797576904,1
0.4330027401447296,1
0.4797547459602356,1
0.3968288004398346,1
0.4482661187648773,1
0.4542791545391083,1
0.37328577041625977,1
0.39980408549308777,1
0.4257522225379944,1
0.42211684584617615,1
0.31238824129104614,1
0.46278759837150574,1
0.5018912553787231,1
0.4088955521583557,1
0.35474228858947754,1
0.4629485011100769,1
0.4021315574645996,1
0.3450557589530945,1
0.3466174006462097,1
0.4102560579776764,1
0.5342369079589844,1
0.39725321531295776,1
0.385834664106369,1
0.4729200601577759,1
0.527009129524231,1
0.46669802069664,1
0.49226313829421997,1
0.45489099621772766,1
0.43243327736854553,1
0.3943122625350952,1
0.43378105759620667,1
0.4163418114185333,1
0.42505669593811035,1
0.4675899147987366,1
0.5493648648262024,1
0.43969646096229553,1
0.2699856758117676,1
0.3926859498023987,1
0.4036182761192322,1
0.45837247371673584,1
0.41668638586997986,1
0.26224079728126526,1
0.3018626272678375,1
0.314111590385437,1
0.3936236798763275,1
0.37283360958099365,1
0.3917123079299927,1
0.32031986117362976,1
0.42631009221076965,1
0.4628855586051941,1
0.4596703350543976,1
0.36884641647338867,1
0.40891632437705994,1
0.38050466775894165,1
0.41417786478996277,1
0.4293464720249176,1
0.4072098731994629,1
0.39665883779525757,1
0.39346179366111755,1
0.33507415652275085,1
0.5573040246963501,1
0.2992100417613983,1
0.4213663339614868,1
0.32045701146125793,1
0.4042320251464844,1
0.33831268548965454,1
0.32808372378349304,1
0.35979118943214417,1
0.3357786536216736,1
0.3500552475452423,1
0.4668447971343994,1
0.48770415782928467,1
0.32525792717933655,1
0.4185018539428711,1
0.3667455315589905,1
0.3526816964149475,1
0.45739951729774475,1
0.34247511625289917,1
0.4873603880405426,1
0.45924824476242065,1
0.36398324370384216,1
0.3101317882537842,1
0.34770384430885315,1
0.45739680528640747,1
0.40921732783317566,1
0.41328251361846924,1
0.5085506439208984,1
0.321958988904953,1
0.39041557908058167,1
0.36222198605537415,1
0.3943895101547241,1
0.44115474820137024,1
0.3325580656528473,1
0.42271682620048523,1
0.5080618858337402,1
0.45392587780952454,1
0.3767849802970886,1
0.37495023012161255,1
0.4132198989391327,1
0.39999011158943176,1
0.4323078691959381,1
0.4236721694469452,1
0.3943920433521271,1
0.45649653673171997,1
0.3246217668056488,1
0.3671972453594208,1
0.5157374143600464,1
0.37757980823516846,1
0.45712602138519287,1
0.41617438197135925,1
0.38558492064476013,1
0.49707087874412537,1
0.45288705825805664,1
0.34531354904174805,1
0.407397985458374,1
0.4228571653366089,1
0.3600274324417114,1
0.3476063907146454,1
0.43428105115890503,1
0.3580579161643982,1
0.3684542179107666,1
0.36186158657073975,1
0.37590885162353516,1
0.5123701691627502,1
0.3912762403488159,1
0.37902316451072693,1
0.446624219417572,1
0.33172696828842163,1
0.3195679187774658,1
0.42830902338027954,1
0.3612726330757141,1
0.3924448490142822,1
0.4213479161262512,1
0.5041348338127136,1
0.5950871109962463,1
0.4385823905467987,1
0.41020601987838745,1
0.46994632482528687,1
0.48057180643081665,1
0.47298622131347656,1
0.5488038063049316,1
0.4609326720237732,1
0.37835708260536194,1
0.411321222782135,1
0.3869815468788147,1
0.4408113956451416,1
0.36500024795532227,1
0.4501193165779114,1
0.37920325994491577,1
0.4409574866294861,1
0.4895951449871063,1
0.42153045535087585,1
0.42697831988334656,1
0.5214049816131592,1
0.4014304280281067,1
0.4372161030769348,1
0.4090147018432617,1
0.5489144921302795,1
0.38722169399261475,1
0.314635694026947,1
0.4342235028743744,1
0.5091411471366882,1
0.44659852981567383,1
0.3932814300060272,1
0.43774256110191345,1
0.458793044090271,1
0.4349985122680664,1
0.33408811688423157,1
0.3595888614654541,1
0.4239720106124878,1
0.4720187187194824,1
0.3830490708351135,1
0.32184529304504395,1
0.5657119750976563,1
0.36188334226608276,1
0.43874484300613403,1
0.46701720356941223,1
0.45081013441085815,1
0.46472448110580444,1
0.4456443786621094,1
0.5176602602005005,1
0.35695433616638184,1
0.410283625125885,1
0.5071945786476135,1
0.41887137293815613,1
0.3901011645793915,1
0.36449676752090454,1
0.4037717580795288,1
0.3889429569244385,1
0.40082475543022156,1
0.45932382345199585,1
0.4602656960487366,1
0.4109986126422882,1
0.42674577236175537,1
0.3844335675239563,1
0.32597726583480835,1
0.3185107707977295,1
0.41486814618110657,1
0.4083211123943329,1
0.38108569383621216,1
0.43478795886039734,1
0.5132743120193481,1
0.36424317955970764,1
0.4276503622531891,1
0.32896724343299866,1
0.39144808053970337,1
0.36513394117355347,1
0.4380888342857361,1
0.4561752378940582,1
0.35477083921432495,1
0.3705056309700012,1
0.507330596446991,1
0.4101772606372833,1
0.3609967827796936,1
0.25258326530456543,1
0.5459349751472473,1
0.5019137263298035,1
0.3968358635902405,1
0.5038940906524658,1
0.4100338816642761,1
0.4076523780822754,1
0.4282885491847992,1
0.46358028054237366,1
0.5043896436691284,1
0.3760358393192291,1
0.35578158497810364,1
0.408950537443161,1
0.3691375255584717,1
0.5547118186950684,1
0.4276856482028961,1
0.46642303466796875,1
0.43127062916755676,1
0.3980748951435089,1
0.3800462484359741,1
0.42327165603637695,1
0.4869140088558197,1
0.43647465109825134,1
0.44128647446632385,1
0.4382353127002716,1
0.35277876257896423,1
0.3815106153488159,1
0.4295335114002228,1
0.3510917127132416,1
0.5287460088729858,1
0.4393596649169922,1
0.49316656589508057,1
0.4363369643688202,1
0.4239561855792999,1
0.4848482608795166,1
0.3216855227947235,1
0.3845023512840271,1
0.4659438133239746,1
0.46446627378463745,1
0.394192636013031,1
0.37235110998153687,1
0.36253905296325684,1
0.41601428389549255,1
0.42430147528648376,1
0.461924284696579,1
0.37678062915802,1
0.37794914841651917,1
0.4700677990913391,1
0.35761886835098267,1
0.3979673385620117,1
0.4273647665977478,1
0.32439541816711426,1
0.3938460648059845,1
0.38787755370140076,1
0.28798478841781616,1
0.33171287178993225,1
0.42050740122795105,1
0.37720102071762085,1
0.34322911500930786,1
0.4070543646812439,1
0.3135116696357727,1
0.37328779697418213,1
0.5315361022949219,1
0.32032907009124756,1
0.4105285406112671,1
0.3828275203704834,1
0.45169106125831604,1
0.45707830786705017,1
0.4094420075416565,1
0.3170062005519867,1
0.311996728181839,1
0.36225348711013794,1
0.3863201439380646,1
0.35849061608314514,1
0.4129484295845032,1
0.48191165924072266,1
0.4605916142463684,1
0.38628679513931274,1
0.5913538336753845,1
0.44074374437332153,1
0.30667686462402344,1
0.45116013288497925,1
0.31920570135116577,1
0.44690245389938354,1
0.601203978061676,1
0.4087789058685303,1
0.44146114587783813,1
0.3889922499656677,1
0.42419466376304626,1
0.35702669620513916,1
0.401498943567276,1
0.43110156059265137,1
0.44231271743774414,1
0.3927158713340759,1
0.3786458969116211,1
0.46367132663726807,1
0.3536945581436157,1
0.4246094822883606,1
0.29973283410072327,1
0.3292556405067444,1
0.3238840103149414,1
0.41623735427856445,1
0.40542006492614746,1
0.29697513580322266,1
0.4458199739456177,1
0.422687292098999,1
0.39156225323677063,1
0.5246248841285706,1
0.36570999026298523,1
0.45157918334007263,1
0.40544888377189636,1
0.3196568489074707,1
0.3907206356525421,1
0.41517868638038635,1
0.4031217396259308,1
0.39490237832069397,1
0.3985966444015503,1
0.39963167905807495,1
0.3232663571834564,1
0.396730899810791,1
0.39054614305496216,1
0.5074890851974487,1
0.4242360591888428,1
0.28322404623031616,1
0.38359907269477844,1
0.3600587546825409,1
0.45041853189468384,1
0.45170852541923523,1
0.34093576669692993,1
0.3701503276824951,1
0.4281534254550934,1
0.383788138628006,1
0.36960315704345703,1
0.4039003252983093,1
0.4015880823135376,1
0.4305659532546997,1
0.4243342876434326,1
0.4726201295852661,1
0.45410317182540894,1
0.32279372215270996,1
0.41887596249580383,1
0.3303203284740448,1
0.3343874216079712,1
0.4827488660812378,1
0.37380969524383545,1
0.3637891709804535,1
0.41309574246406555,1
0.3654823899269104,1
0.4301936626434326,1
0.3832693099975586,1
0.4215346574783325,1
0.6052596569061279,1
0.34924042224884033,1
0.2938188910484314,1
0.37983202934265137,1
0.49985194206237793,1
0.42971330881118774,1
0.31743764877319336,1
0.39583635330200195,1
0.37722527980804443,1
0.45660728216171265,1
0.46057426929473877,1
0.3296470642089844,1
0.3448065519332886,1
0.45852160453796387,1
0.3967683017253876,1
0.4860379099845886,1
0.3596002459526062,1
0.3395409882068634,1
0.44866907596588135,1
0.36693018674850464,1
0.39632707834243774,1
0.40541473031044006,1
0.39696821570396423,1
0.41902410984039307,1
0.4423545300960541,1
0.3563414216041565,1
0.3672159016132355,1
0.40474334359169006,1
0.3637952506542206,1
0.370553195476532,1
0.32503610849380493,1
0.2841288447380066,1
0.35114651918411255,1
0.48195064067840576,1
0.5145696401596069,1
0.43579959869384766,1
0.3326494097709656,1
0.4779271185398102,1
0.31250065565109253,1
0.3622741401195526,1
0.37547391653060913,1
0.37962913513183594,1
0.4470142126083374,1
0.4185195565223694,1
0.3785688281059265,1
0.48309755325317383,1
0.420135498046875,1
0.3251842260360718,1
0.49152496457099915,1
0.38781923055648804,1
0.3982723653316498,1
0.5113856792449951,1
0.3427799344062805,1
0.5448489189147949,1
0.38976889848709106,1
0.32787346839904785,1
0.4395636022090912,1
0.4742794930934906,1
0.4387761354446411,1
0.43033653497695923,1
0.30988961458206177,1
0.4391956925392151,1
0.3867369294166565,1
0.36251288652420044,1
0.580994725227356,1
0.5275803804397583,1
0.428538978099823,1
0.44315940141677856,1
0.2890506684780121,1
0.3795047998428345,1
0.37448811531066895,1
0.41241058707237244,1
0.46256449818611145,1
0.3668428063392639,1
0.34842535853385925,1
0.34057676792144775,1
0.4365425109863281,1
0.2891978621482849,1
0.4246383309364319,1
0.332095742225647,1
0.3738987445831299,1
0.3904270827770233,1
0.35996535420417786,1
0.42456120252609253,1
0.4773173928260803,1
0.47096115350723267,1
0.5246323943138123,1
0.4299040734767914,1
0.3561354875564575,1
0.37409406900405884,1
0.39166033267974854,1
0.3719741702079773,1
0.48171210289001465,1
0.4185941815376282,1
0.3647197186946869,1
0.4711023271083832,1
0.34765738248825073,1
0.3818667531013489,1
0.37498438358306885,1
0.3431479036808014,1
0.47309285402297974,1
0.4414491057395935,1
0.3926035761833191,1
0.42369335889816284,1
0.3911001682281494,1
0.2841969132423401,1
0.36943620443344116,1
0.3918929696083069,1
0.3952501714229584,1
0.4541378617286682,1
0.43406951427459717,1
0.3936404287815094,1
0.43134140968322754,1
0.38642823696136475,1
0.3879939317703247,1
0.31235265731811523,1
0.38864827156066895,1
0.4322901964187622,1
0.3378548324108124,1
0.3314218521118164,1
0.4445377290248871,1
0.41767698526382446,1
0.41440725326538086,1
0.35170218348503113,1
0.3997556269168854,1
0.37895506620407104,1
0.3450775742530823,1
0.37091124057769775,1
0.4019497334957123,1
0.4818931221961975,1
0.40358930826187134,1
0.47102728486061096,1
0.45812559127807617,1
0.41972416639328003,1
0.38186609745025635,1
0.45164406299591064,1
0.321960985660553,1
0.36933380365371704,1
0.6137157082557678,1
0.39798521995544434,1
0.40187710523605347,1
0.40865153074264526,1
0.3869158923625946,1
0.3987226188182831,1
0.39517897367477417,1
0.4377601742744446,1
0.4441952705383301,1
0.40442267060279846,1
0.4450327157974243,1
0.44254469871520996,1
0.4115239679813385,1
0.5219216346740723,1
0.35584330558776855,1
0.3946452736854553,1
0.38052600622177124,1
0.3641771078109741,1
0.3984081447124481,1
0.3708743155002594,1
0.40251868963241577,1
0.3469606637954712,1
0.46233463287353516,1
0.38367897272109985,1
0.3136652410030365,1
0.365140438079834,1
0.2749750316143036,1
0.3587581217288971,1
0.3344286382198334,1
0.4036034345626831,1
0.4976004660129547,1
0.39763790369033813,1
0.37122678756713867,1
0.38369065523147583,1
0.3827253580093384,1
0.5346156358718872,1
0.3319944143295288,1
0.36190563440322876,1
0.35673630237579346,1
0.3833683729171753,1
0.5320017337799072,1
0.38732093572616577,1
0.4655529856681824,1
0.37332138419151306,1
0.3253622055053711,1
0.38006070256233215,1
0.418815553188324,1
0.4028385877609253,1
0.2935841977596283,1
0.3021765351295471,1
0.4648437798023224,1
0.3471963107585907,1
0.36351799964904785,1
0.3644859492778778,1
0.3623057007789612,1
0.3666400611400604,1
0.33641067147254944,1
0.3876957893371582,1
0.3030599057674408,1
0.25233152508735657,1
0.4131772816181183,1
0.4241313338279724,1
0.38642972707748413,1
0.45417314767837524,1
0.41821831464767456,1
0.2912314832210541,1
0.4122270941734314,1
0.36758697032928467,1
0.3062871992588043,1
0.40266793966293335,1
0.36993345618247986,1
0.3677080273628235,1
0.40481114387512207,1
0.32477450370788574,1
0.37124961614608765,1
0.4791388511657715,1
0.413222074508667,1
0.4463934898376465,1
0.3320741653442383,1
0.3993756175041199,1
0.3513878285884857,1
0.3362346589565277,1
0.32508596777915955,1
0.45183709263801575,1
0.4339224100112915,1
0.45207878947257996,1
0.3811165690422058,1
0.4004817008972168,1
0.455761194229126,1
0.4172474443912506,1
0.4101441204547882,1
0.3271065950393677,1
0.33918505907058716,1
0.38012421131134033,1
0.540389895439148,1
0.33306682109832764,1
0.40863004326820374,1
0.34378188848495483,1
0.46981483697891235,1
0.3658088445663452,1
0.3506724536418915,1
0.46264106035232544,1
0.45948106050491333,1
0.4514864683151245,1
0.5656591653823853,1
0.4098103642463684,1
0.4897955656051636,1
0.38249844312667847,1
0.41683611273765564,1
0.42564722895622253,1
0.36251360177993774,1
0.3748258352279663,1
0.3640175461769104,1
0.33598941564559937,1
0.4566618800163269,1
0.368842214345932,1
0.4833879768848419,1
0.559694230556488,1
0.4018915295600891,1
0.3357054591178894,1
0.2520734369754791,1
0.37413179874420166,1
0.4974398910999298,1
0.3292807340621948,1
0.45497146248817444,1
0.32169249653816223,1
0.34627240896224976,1
0.3498907685279846,1
0.3405943512916565,1
0.48233598470687866,1
0.4402708411216736,1
0.38192665576934814,1
0.41156041622161865,1
0.3251246213912964,1
0.3977079391479492,1
0.40854549407958984,1
0.4360099136829376,1
0.3621766269207001,1
0.4785785973072052,1
0.5047093629837036,1
0.4639575481414795,1
0.3610529601573944,1
0.45007699728012085,1
0.3710485100746155,1
0.47678008675575256,1
0.5111838579177856,1
0.361164391040802,1
0.3525712490081787,1
0.5904344916343689,1
0.4574517011642456,1
0.3920770585536957,1
0.4206986427307129,1
0.27478456497192383,1
0.4893239736557007,1
0.3638080060482025,1
0.4047835171222687,1
0.4393901526927948,1
0.3138825297355652,1
0.307045042514801,1
0.5063721537590027,1
0.363545298576355,1
0.3668891191482544,1
0.3968602418899536,1
0.3954624831676483,1
0.36651474237442017,1
0.3468676507472992,1
0.4206574857234955,1
0.2998254895210266,1
0.337239533662796,1
0.3588692843914032,1
0.3006943464279175,1
0.39756864309310913,1
0.4638696610927582,1
0.35102373361587524,1
0.46101653575897217,1
0.369895875453949,1
0.4276639223098755,1
0.39245766401290894,1
0.44651538133621216,1
0.2855958938598633,1
0.4072263836860657,1
0.47806528210639954,1
0.33714187145233154,1
0.30827367305755615,1
0.4120810031890869,1
0.30245402455329895,1
0.416037380695343,1
0.3813900351524353,1
0.4239603877067566,1
0.33095884323120117,1
0.42078402638435364,1
0.37757956981658936,1
0.46276724338531494,1
0.5840036869049072,1
0.2744966745376587,1
0.3935689330101013,1
0.33783382177352905,1
0.3813474774360657,1
0.5463699102401733,1
0.29686903953552246,1
0.439164400100708,1
0.2903554141521454,1
0.3461955189704895,1
0.3958975672721863,1
0.38132089376449585,1
0.45195257663726807,1
0.5024491548538208,1
0.3477874994277954,1
0.5202649235725403,1
0.3073521554470062,1
0.43117520213127136,1
0.4254305362701416,1
0.41249939799308777,1
0.3328450918197632,1
0.3296971619129181,1
0.4362022578716278,1
0.48712992668151855,1
0.417105495929718,1
0.33576059341430664,1
0.5195882320404053,1
0.34890446066856384,1
0.40485820174217224,1
0.6526833176612854,1
0.32894858717918396,1
0.39662978053092957,1
0.3990499973297119,1
0.3926183581352234,1
0.43668466806411743,1
0.34186726808547974,1
0.3339487612247467,1
0.43391305208206177,1
0.4417470693588257,1
0.33619755506515503,1
0.49707499146461487,1
0.3822493553161621,1
0.5429573059082031,1
0.4600798487663269,1
0.4481058120727539,1
0.41444921493530273,1
0.46634718775749207,1
0.366146981716156,1
0.42499181628227234,1
0.448700487613678,1
0.37666136026382446,1
0.27078089118003845,1
0.4943515956401825,1
0.3998987376689911,1
0.4220274090766907,1
0.3845899701118469,1
0.2827075123786926,1
0.4246872365474701,1
0.48461276292800903,1
0.4003508687019348,1
0.37597814202308655,1
0.3797987103462219,1
0.41550976037979126,1
0.4060554504394531,1
0.41545507311820984,1
0.40077298879623413,1
0.3917994201183319,1
0.5097244381904602,1
0.5482478737831116,1
0.3790346086025238,1
0.3197564482688904,1
0.3495693802833557,1
0.5393254160881042,1
0.34958896040916443,1
0.4829432964324951,1
0.48829102516174316,1
0.5104692578315735,1
0.4223906993865967,1
0.5327406525611877,1
0.3786274790763855,1
0.4452873468399048,1
0.5353059768676758,1
0.34908008575439453,1
0.3931899070739746,1
0.4014662802219391,1
0.42707812786102295,1
0.4214572310447693,1
0.3667880892753601,1
0.45281657576560974,1
0.39244475960731506,1
0.35131239891052246,1
0.3526042103767395,1
0.4079591631889343,1
0.44631683826446533,1
0.40882065892219543,1
0.34846222400665283,1
0.420134961605072,1
0.3273739814758301,1
0.3428525924682617,1
0.49818623065948486,1
0.44109293818473816,1
0.41786885261535645,1
0.4514263868331909,1
0.36453860998153687,1
0.4584812819957733,1
0.28671279549598694,1
0.35206925868988037,1
0.45223069190979004,1
0.5302572250366211,1
0.4484216868877411,1
0.40552541613578796,1
0.38107287883758545,1
0.3197038769721985,1
0.3731938898563385,1
0.4105401933193207,1
0.3970233201980591,1
0.3527180552482605,1
0.4715569317340851,1
0.3593101501464844,1
0.5651487112045288,1
0.4301912784576416,1
0.33144479990005493,1
0.43180882930755615,1
0.353732705116272,1
0.4846397638320923,1
0.48113420605659485,1
0.38139674067497253,1
0.4597759246826172,1
0.397897332906723,1
0.4031437039375305,1
0.3230479955673218,1
0.41215425729751587,1
0.4082130789756775,1
0.4719420075416565,1
0.37423646450042725,1
0.4379611611366272,1
0.42022019624710083,1
0.3838627338409424,1
0.4712732434272766,1
0.4463188648223877,1
0.36903899908065796,1
0.533683180809021,1
0.357113242149353,1
0.46186208724975586,1
0.4684261679649353,1
0.38682129979133606,1
0.3464958667755127,1
0.41767412424087524,1
0.366036057472229,1
0.4312036335468292,1
0.42361950874328613,1
0.3280279040336609,1
0.4547291696071625,1
0.44821909070014954,1
0.36356958746910095,1
0.5048691034317017,1
0.3200165629386902,1
0.3748122453689575,1
0.40819793939590454,1
0.4357588291168213,1
0.41019606590270996,1
0.4091983139514923,1
0.4274303913116455,1
0.32277819514274597,1
0.5247175097465515,1
0.2792589068412781,1
0.385013222694397,1
0.3176497220993042,1
0.3765517771244049,1
0.44122081995010376,1
0.4696267545223236,1
0.38470232486724854,1
0.34735262393951416,1
0.38591721653938293,1
0.3545566201210022,1
0.33199167251586914,1
0.5243818759918213,1
0.40783101320266724,1
0.3436357080936432,1
0.3048110008239746,1
0.42365503311157227,1
0.47814199328422546,1
0.3589044511318207,1
0.3376435935497284,1
0.3275133967399597,1
0.2983568608760834,1
0.4107946753501892,1
0.3333476781845093,1
0.45925408601760864,1
0.36478668451309204,1
0.3532353639602661,1
0.37657788395881653,1
0.362295925617218,1
0.4483526945114136,1
0.4352864921092987,1
0.4267492890357971,1
0.45114803314208984,1
0.532284140586853,1
0.4568668007850647,1
0.3294764757156372,1
0.40399169921875,1
0.36398035287857056,1
0.3189338147640228,1
0.5089623332023621,1
0.4113134741783142,1
0.33263975381851196,1
0.43065935373306274,1
0.28013572096824646,1
0.47527366876602173,1
0.3096221685409546,1
0.31813281774520874,1
0.3032476007938385,1
0.5244615077972412,1
0.2980547547340393,1
0.32593533396720886,1
0.37366625666618347,1
0.39248692989349365,1
0.481295645236969,1
0.3566046953201294,1
0.38775837421417236,1
0.3916338086128235,1
0.366473913192749,1
0.46661654114723206,1
0.3536134362220764,1
0.3270460367202759,1
0.4090707302093506,1
0.434276282787323,1
0.37756404280662537,1
0.3727343678474426,1
0.32928556203842163,1
0.3184322118759155,1
0.41452696919441223,1
0.3078107237815857,1
0.33248409628868103,1
0.37660154700279236,1
0.4020753502845764,1
0.3400948941707611,1
0.5184073448181152,1
0.4784296751022339,1
0.4694969058036804,1
0.3976467549800873,1
0.40425369143486023,1
0.45219409465789795,1
0.4430287182331085,1
0.5215651392936707,1
0.34993457794189453,1
0.4280748963356018,1
0.44834691286087036,1
0.39497143030166626,1
0.4435584843158722,1
0.40804657340049744,1
0.4810037612915039,1
0.4736129939556122,1
0.32900357246398926,1
0.3684433102607727,1
0.40878424048423767,1
0.5599114894866943,1
0.3870505392551422,1
0.39524906873703003,1
0.4455414414405823,1
0.3704026937484741,1
0.36963385343551636,1
0.4517815113067627,1
0.3619336485862732,1
0.3107401132583618,1
0.4567839503288269,1
0.37809357047080994,1
0.2859781086444855,1
0.40438228845596313,1
0.33650708198547363,1
0.4093533158302307,1
0.4884116053581238,1
0.46152645349502563,1
0.37893450260162354,1
0.4439283013343811,1
0.4320604205131531,1
0.2886756956577301,1
0.48800182342529297,1
0.30868232250213623,1
0.3831344246864319,1
0.4397953450679779,1
0.3472590744495392,1
0.5148167610168457,1
0.4716039299964905,1
0.41689181327819824,1
0.36108720302581787,1
0.41808098554611206,1
0.5273402333259583,1
0.39335671067237854,1
0.38758623600006104,1
0.45265984535217285,1
0.39497286081314087,1
0.549920916557312,1
0.2935159504413605,1
0.3672396242618561,1
0.5124987959861755,1
0.3888999819755554,1
0.4470669627189636,1
0.34030818939208984,1
0.4589604437351227,1
0.36783933639526367,1
0.343319296836853,1
0.4034871459007263,1
0.48665207624435425,1
0.4300732910633087,1
0.407127320766449,1
0.5002439618110657,1
0.5389007329940796,1
0.38335224986076355,1
0.33556392788887024,1
0.4011749029159546,1
0.5470775961875916,1
0.3322969675064087,1
0.3743049204349518,1
0.5455591678619385,1
0.4486689567565918,1
0.3799225687980652,1
0.37534475326538086,1
0.3137968182563782,1
0.2923150062561035,1
0.44191139936447144,1
0.35760822892189026,1
0.44095394015312195,1
0.42558181285858154,1
0.352120965719223,1
0.3547658324241638,1
0.4085961580276489,1
0.384049654006958,1
0.3491925597190857,1
0.39619454741477966,1
0.5536448359489441,1
0.3240415155887604,1
0.4029093086719513,1
0.4011915326118469,1
0.4861234128475189,1
0.38569414615631104,1
0.40446028113365173,1
0.3770214021205902,1
0.38525527715682983,1
0.45456209778785706,1
0.41256019473075867,1
0.41137945652008057,1
0.5250886082649231,1
0.4044937491416931,1
0.4151133894920349,1
0.30236589908599854,1
0.3786429762840271,1
0.45951980352401733,1
0.36508890986442566,1
0.4311162829399109,1
0.395290732383728,1
0.446474552154541,1
0.5197961330413818,1
0.43569713830947876,1
0.3358715772628784,1
0.36933791637420654,1
0.3783106803894043,1
0.48504650592803955,1
0.4091901183128357,1
0.49254661798477173,1
0.34277790784835815,1
0.47229140996932983,1
0.4544607102870941,1
0.38697436451911926,1
0.5064506530761719,1
0.4224909543991089,1
0.4043114185333252,1
0.4303460419178009,1
0.3511010408401489,1
0.32394692301750183,1
0.4140048027038574,1
0.3747026026248932,1
0.37796035408973694,1
0.3398422598838806,1
0.36563634872436523,1
0.3639518916606903,1
0.43848252296447754,1
0.4039967954158783,1
0.36832553148269653,1
0.31466245651245117,1
0.43678051233291626,1
0.37975528836250305,1
0.37278681993484497,1
0.30943918228149414,1
0.4001550078392029,1
0.35570457577705383,1
0.3402562141418457,1
0.40246325731277466,1
0.34104734659194946,1
0.337068647146225,1
0.30870670080184937,1
0.40084677934646606,1
0.3436317443847656,1
0.3288608491420746,1
0.3945006728172302,1
0.3859268128871918,1
0.3604300916194916,1
0.40202611684799194,1
0.40265631675720215,1
0.31746160984039307,1
0.31378236413002014,1
0.3954756259918213,1
0.3270677328109741,1
0.3696218729019165,1
0.30997809767723083,1
0.4331904649734497,1
0.4338124096393585,1
0.2810634970664978,1
0.5307583212852478,1
0.4396907389163971,1
0.4733765721321106,1
0.4881880283355713,1
0.3168323338031769,1
0.3966303765773773,1
0.4290236830711365,1
0.5413053035736084,1
0.3796772360801697,1
0.37833350896835327,1
0.45896947383880615,1
0.3031443953514099,1
0.25411325693130493,1
0.3193213939666748,1
0.4063313603401184,1
0.5187116861343384,1
0.400854229927063,1
0.41582179069519043,1
0.412467896938324,1
0.4255058169364929,1
0.4261415898799896,1
0.43506407737731934,1
0.4017305374145508,1
0.44252198934555054,1
0.35854142904281616,1
0.41291630268096924,1
0.5008231401443481,1
0.4542880654335022,1
0.41547858715057373,1
0.4164136052131653,1
0.2837809920310974,1
0.3158164918422699,1
0.3646931052207947,1
0.35480576753616333,1
0.35670366883277893,1
0.40154072642326355,1
0.404565691947937,1
0.3575372099876404,1
0.29553359746932983,1
0.36544865369796753,1
0.42055779695510864,1
0.38506370782852173,1
0.45297157764434814,1
0.3183068335056305,1
0.3316293954849243,1
0.4874418079853058,1
0.37309449911117554,1
0.35557830333709717,1
0.5441430807113647,1
0.36509621143341064,1
0.42142194509506226,1
0.3459867238998413,1
0.446402370929718,1
0.45245611667633057,1
0.4508669376373291,1
0.5327802896499634,1
0.39666709303855896,1
0.314919114112854,1
0.4159824550151825,1
0.45111554861068726,1
0.4144631028175354,1
0.338386595249176,1
0.4612524211406708,1
0.37266141176223755,1
0.43720489740371704,1
0.43640419840812683,1
0.4682179093360901,1
0.3185003697872162,1
0.5596150755882263,1
0.5536027550697327,1
0.35964468121528625,1
0.33357226848602295,1
0.43668925762176514,1
0.3644903600215912,1
0.42638158798217773,1
0.31422463059425354,1
0.4273856282234192,1
0.3755461573600769,1
0.32214900851249695,1
0.4514719247817993,1
0.5956137776374817,1
0.3352411091327667,1
0.4632432758808136,1
0.43048155307769775,1
0.39071622490882874,1
0.3504524230957031,1
0.42304328083992004,1
0.40654146671295166,1
0.313265323638916,1
0.48710426688194275,1
0.38497763872146606,1
0.4321693181991577,1
0.26724886894226074,1
0.4363226890563965,1
0.46847450733184814,1
0.33983302116394043,1
0.36113518476486206,1
0.32711437344551086,1
0.4699414372444153,1
0.4374120831489563,1
0.3372592031955719,1
0.3235732316970825,1
0.3404470682144165,1
0.2954469323158264,1
0.3855282962322235,1
0.4047453999519348,1
0.48412612080574036,1
0.47228604555130005,1
0.44854849576950073,1
0.4370937943458557,1
0.27252715826034546,1
0.42975515127182007,1
0.4067499041557312,1
0.5573121309280396,1
0.45963966846466064,1
0.42857223749160767,1
0.3351772427558899,1
0.47909635305404663,1
0.4619027376174927,1
0.35573890805244446,1
0.4489780068397522,1
0.41774073243141174,1
0.37157872319221497,1
0.35152938961982727,1
0.4278636872768402,1
0.3730674684047699,1
0.29585355520248413,1
0.42298105359077454,1
0.3521454930305481,1
0.40661314129829407,1
0.45902150869369507,1
0.4111214876174927,1
0.44911131262779236,1
0.4240373969078064,1
0.5140640735626221,1
0.5132875442504883,1
0.2985234558582306,1
0.3788926601409912,1
0.4093281924724579,1
0.4323766231536865,1
0.42114463448524475,1
0.4334256052970886,1
0.4883275330066681,1
0.4464466869831085,1
0.28956112265586853,1
0.27431267499923706,1
0.36108535528182983,1
0.40316468477249146,1
0.37591448426246643,1
0.4043738543987274,1
0.4151865243911743,1
0.450114369392395,1
0.41761404275894165,1
0.3607674539089203,1
0.47037309408187866,1
0.3776170015335083,1
0.3007500171661377,1
0.41140612959861755,1
0.37086156010627747,1
0.4582062363624573,1
0.4015677869319916,1
0.380928099155426,1
0.4316127896308899,1
0.37523001432418823,1
0.4335758090019226,1
0.36755502223968506,1
0.3777845799922943,1
0.3564676344394684,1
0.40572696924209595,1
0.4199764132499695,1
0.38224297761917114,1
0.4066118597984314,1
0.3573465645313263,1
0.3239346444606781,1
0.4109862446784973,1
0.4139113128185272,1
0.4212923049926758,1
0.4234834909439087,1
0.2777995467185974,1
0.3944684863090515,1
0.4039320647716522,1
0.35517948865890503,1
0.4527674913406372,1
0.31812983751296997,1
0.3654177784919739,1
0.5220879316329956,1
0.4485630989074707,1
0.3528520464897156,1
0.35101252794265747,1
0.2983255386352539,1
0.4138156473636627,1
0.6257197260856628,1
0.47716784477233887,1
0.39261579513549805,1
0.4068157374858856,1
0.351340115070343,1
0.3321532607078552,1
0.3510894477367401,1
0.47232162952423096,1
0.571374773979187,1
0.4920581579208374,1
0.3858514428138733,1
0.43832269310951233,1
0.37214791774749756,1
0.3622979521751404,1
0.4692297875881195,1
0.44646772742271423,1
0.44022101163864136,1
0.4697186350822449,1
0.43830549716949463,1
0.393167644739151,1
0.3951067626476288,1
0.4147132337093353,1
0.37198537588119507,1
0.433895081281662,1
0.4253728985786438,1
0.48221731185913086,1
0.4825412631034851,1
0.461570680141449,1
0.43357521295547485,1
0.35867422819137573,1
0.4140450656414032,1
0.5112581253051758,1
0.36370012164115906,1
0.5168901085853577,1
0.323961079120636,1
0.4578237533569336,1
0.4970147907733917,1
0.41717207431793213,1
0.4564548134803772,1
0.3740684390068054,1
0.46325552463531494,1
0.4894687235355377,1
0.3305744230747223,1
0.4256739914417267,1
0.44244182109832764,1
0.44908004999160767,1
0.40171563625335693,1
0.41145724058151245,1
0.4131642282009125,1
0.3225689232349396,1
0.32138434052467346,1
0.3799227476119995,1
0.34225910902023315,1
0.40464434027671814,1
0.377749502658844,1
0.38502249121665955,1
0.37542447447776794,1
0.3995029628276825,1
0.4169006645679474,1
0.3262671232223511,1
0.3227146863937378,1
0.4118712246417999,1
0.39129114151000977,1
0.5145478844642639,1
0.4362236261367798,1
0.3878266215324402,1
0.4257218837738037,1
0.4567640423774719,1
0.42477601766586304,1
0.5017446279525757,1
0.3926596939563751,1
0.5078014135360718,1
0.4016498327255249,1
0.47207221388816833,1
0.35896098613739014,1
0.497699499130249,1
0.34039953351020813,1
0.3764311671257019,1
0.3675879240036011,1
0.4088374376296997,1
0.3408777117729187,1
0.494886577129364,1
0.5288863778114319,1
0.4083831310272217,1
0.38395771384239197,1
0.43192052841186523,1
0.3813640773296356,1
0.3797893822193146,1
0.3902895152568817,1
0.3903951048851013,1
0.3195198178291321,1
0.3328357934951782,1
0.4365883767604828,1
0.4200979471206665,1
0.388468861579895,1
0.39530888199806213,1
0.4055325388908386,1
0.4062211811542511,1
0.4450303316116333,1
0.4238663613796234,1
0.38348400592803955,1
0.419959157705307,1
0.41361573338508606,1
0.3834484815597534,1
0.3596664071083069,1
0.5046664476394653,1
0.509071409702301,1
0.31014132499694824,1
0.38724297285079956,1
0.36866530776023865,1
0.3889252245426178,1
0.37404751777648926,1
0.47755008935928345,1
0.4831581711769104,1
0.41239702701568604,1
0.4448062777519226,1
0.44937437772750854,1
0.40743768215179443,1
0.5834816694259644,1
0.4019419848918915,1
0.40581440925598145,1
0.3795621395111084,1
0.40970808267593384,1
0.3365471363067627,1
0.47980600595474243,1
0.33492037653923035,1
0.3764505982398987,1
0.35684120655059814,1
0.4524562358856201,1
0.4274453818798065,1
0.2673192620277405,1
0.3751971125602722,1
0.3315528631210327,1
0.2873271107673645,1
0.39530375599861145,1
0.4440528154373169,1
0.4738074541091919,1
0.4045863151550293,1
0.5387927293777466,1
0.5327475070953369,1
0.3932304382324219,1
0.3528386354446411,1
0.29066258668899536,1
0.3537730574607849,1
0.4166114032268524,1
0.34133023023605347,1
0.3611004650592804,1
0.4708864092826843,1
0.43585190176963806,1
0.36653202772140503,1
0.3200860023498535,1
0.4063083529472351,1
0.4230548143386841,1
0.41205263137817383,1
0.38647088408470154,1
0.3555244207382202,1
0.40155845880508423,1
0.44577956199645996,1
0.3359495997428894,1
0.3493668735027313,1
0.3005455732345581,1
0.3409830331802368,1
0.28499817848205566,1
0.49660080671310425,1
0.31643354892730713,1
0.41093701124191284,1
0.41480451822280884,1
0.4427277743816376,1
0.4297044277191162,1
0.47138023376464844,1
0.36219674348831177,1
0.4782560467720032,1
0.3112459182739258,1
0.3337467312812805,1
0.31964659690856934,1
0.4327508211135864,1
0.31148573756217957,1
0.42617180943489075,1
0.3121625781059265,1
0.39718306064605713,1
0.37458160519599915,1
0.37080320715904236,1
0.42806529998779297,1
0.398132860660553,1
0.36963412165641785,1
0.4502093195915222,1
0.34049898386001587,1
0.42585980892181396,1
0.43259650468826294,1
0.34361520409584045,1
0.3033333122730255,1
0.46963250637054443,1
0.3410511910915375,1
0.4689348340034485,1
0.5471421480178833,1
0.3827500343322754,1
0.3363209366798401,1
0.32245996594429016,1
0.4588354229927063,1
0.5305807590484619,1
0.41973137855529785,1
0.3901664614677429,1
0.44878241419792175,1
0.4325706362724304,1
0.3779698610305786,1
0.4106152057647705,1
0.4700325131416321,1
0.5737256407737732,1
0.29674580693244934,1
0.3112325668334961,1
0.5202719569206238,1
0.3887603282928467,1
0.40484485030174255,1
0.517008364200592,1
0.4690638482570648,1
0.4929150640964508,1
0.27291300892829895,1
0.33183640241622925,1
0.4310910403728485,1
0.3639049828052521,1
0.37797605991363525,1
0.3837103843688965,1
0.2936556935310364,1
0.4664459824562073,1
0.30520355701446533,1
0.4175908863544464,1
0.4759632349014282,1
0.4182620048522949,1
0.2960480749607086,1
0.3302234411239624,1
0.4302794337272644,1
0.373757928609848,1
0.3525269627571106,1
0.40282773971557617,1
0.5106403827667236,1
0.3897521197795868,1
0.36859288811683655,1
0.4516052007675171,1
0.5661799907684326,1
0.3401900827884674,1
0.5815548300743103,1
0.35747668147087097,1
0.4821537137031555,1
0.4012160301208496,1
0.37070003151893616,1
0.3775911331176758,1
0.3432316482067108,1
0.36247944831848145,1
0.5345844626426697,1
0.5248016715049744,1
0.36228930950164795,1
0.3904094099998474,1
0.3851397633552551,1
0.3447926640510559,1
0.4295712411403656,1
0.39343273639678955,1
0.37971746921539307,1
0.341315895318985,1
0.3932374119758606,1
0.3768397569656372,1
0.501099705696106,1
0.31772616505622864,1
0.4363424777984619,1
0.5712646245956421,1
0.3714646100997925,1
0.34212711453437805,1
0.396817684173584,1
0.30179914832115173,1
0.4461899995803833,1
0.4572104513645172,1
0.33787551522254944,1
0.34005701541900635,1
0.36985093355178833,1
0.44274765253067017,1
0.5179175138473511,1
0.37677159905433655,1
0.378354549407959,1
0.39962220191955566,1
0.3839337229728699,1
0.46058541536331177,1
0.4335879981517792,1
0.4908899664878845,1
0.44955384731292725,1
0.36279740929603577,1
0.3953965902328491,1
0.4994790852069855,1
0.26287490129470825,1
0.4302714467048645,1
0.5023623108863831,1
0.35551175475120544,1
0.41403716802597046,1
0.4253076910972595,1
0.32338374853134155,1
0.614021897315979,1
0.3705126643180847,1
0.35040757060050964,1
0.4226699471473694,1
0.42204034328460693,1
0.40261757373809814,1
0.3622089624404907,1
0.4081566333770752,1
0.46508264541625977,1
0.3592074513435364,1
0.43963366746902466,1
0.4483862519264221,1
0.4387272894382477,1
0.30096113681793213,1
0.43404942750930786,1
0.3946206271648407,1
0.48661351203918457,1
0.3297509253025055,1
0.35109737515449524,1
0.39816105365753174,1
0.2808115482330322,1
0.41309431195259094,1
0.28964078426361084,1
0.37833261489868164,1
0.3386516571044922,1
0.49397826194763184,1
0.43104952573776245,1
0.4052286744117737,1
0.48605406284332275,1
0.4246830344200134,1
0.3626444339752197,1
0.28925544023513794,1
0.3960030674934387,1
0.47740572690963745,1
0.3614410161972046,1
0.45544424653053284,1
0.315144807100296,1
0.2857940196990967,1
0.42823463678359985,1
0.44371169805526733,1
0.48772338032722473,1
0.4915199279785156,1
0.49279919266700745,1
0.38096877932548523,1
0.4129556715488434,1
0.3584209382534027,1
0.4492737650871277,1
0.3566742539405823,1
0.4839405417442322,1
0.30643466114997864,1
0.46257418394088745,1
0.4045560657978058,1
0.32020020484924316,1
0.37448468804359436,1
0.4107559025287628,1
0.3225107789039612,1
0.4746803641319275,1
0.3330918252468109,1
0.4620470404624939,1
0.31437885761260986,1
0.30615854263305664,1
0.3136376738548279,1
0.5179274678230286,1
0.4495183527469635,1
0.3916759490966797,1
0.37959805130958557,1
0.46476858854293823,1
0.3959563672542572,1
0.3916069269180298,1
0.48286914825439453,1
0.45874011516571045,1
0.4858250916004181,1
0.4154819846153259,1
0.2346423864364624,1
0.428114652633667,1
0.4515224099159241,1
0.39521536231040955,1
0.46974676847457886,1
0.4085162878036499,1
0.40423765778541565,1
0.3573289215564728,1
0.37546825408935547,1
0.3712815046310425,1
0.44007617235183716,1
0.40311431884765625,1
0.44656968116760254,1
0.32973355054855347,1
0.3025188148021698,1
0.3791518211364746,1
0.43843507766723633,1
0.36990830302238464,1
0.5192978382110596,1
0.34345561265945435,1
0.3829042315483093,1
0.3057994246482849,1
0.3982177674770355,1
0.4543381929397583,1
0.3856990337371826,1
0.3501776158809662,1
0.3747939467430115,1
0.31038105487823486,1
0.35390663146972656,1
0.3403041958808899,1
0.446233332157135,1
0.4429858922958374,1
0.396434485912323,1
0.35264158248901367,1
0.2692057192325592,1
0.2946299910545349,1
0.285065233707428,1
0.329276978969574,1
0.438328355550766,1
0.5159684419631958,1
0.40089964866638184,1
0.428668737411499,1
0.3906480669975281,1
0.35894423723220825,1
0.4247097373008728,1
0.32573193311691284,1
0.303832471370697,1
0.33866721391677856,1
0.46302303671836853,1
0.42185676097869873,1
0.3228877782821655,1
0.49965226650238037,1
0.4891932010650635,1
0.5300164818763733,1
0.47767356038093567,1
0.4309461712837219,1
0.4202914535999298,1
0.4003995656967163,1
0.37153762578964233,1
0.3311142325401306,1
0.36993885040283203,1
0.30392926931381226,1
0.34398844838142395,1
0.41069310903549194,1
0.3380584716796875,1
0.37953150272369385,1
0.347231388092041,1
0.3910297751426697,1
0.47532543540000916,1
0.47389131784439087,1
0.4203340411186218,1
0.41922277212142944,1
0.43393948674201965,1
0.49373140931129456,1
0.43753141164779663,1
0.33865559101104736,1
0.38038602471351624,1
0.43417853116989136,1
0.3164004683494568,1
0.3849307596683502,1
0.35324370861053467,1
0.43698349595069885,1
0.3866027295589447,1
0.44682443141937256,1
0.39771926403045654,1
0.35496431589126587,1
0.3507576882839203,1
0.39003264904022217,1
0.3091908395290375,1
0.5096580982208252,1
0.4032171368598938,1
0.5116201043128967,1
0.30430901050567627,1
0.4058470129966736,1
0.4347362518310547,1
0.39718765020370483,1
0.38086289167404175,1
0.4613180160522461,1
0.3961775600910187,1
0.30438870191574097,1
0.44869646430015564,1
0.48545771837234497,1
0.4384062886238098,1
0.40035751461982727,1
0.3305491805076599,1
0.3497646152973175,1
0.38157689571380615,1
0.45789283514022827,1
0.35372239351272583,1
0.44390761852264404,1
0.3659398853778839,1
0.4322361946105957,1
0.35832899808883667,1
0.3102028965950012,1
0.3761614263057709,1
0.3058067560195923,1
0.48378345370292664,1
0.5542929172515869,1
0.4523392617702484,1
0.366612046957016,1
0.3129390478134155,1
0.4172091484069824,1
0.36716514825820923,1
0.34799569845199585,1
0.3545544445514679,1
0.42421025037765503,1
0.34088820219039917,1
0.3850705325603485,1
0.3560424745082855,1
0.3510112166404724,1
0.5206204056739807,1
0.334776371717453,1
0.3493616580963135,1
0.4614826440811157,1
0.32494884729385376,1
0.36052948236465454,1
0.5179646015167236,1
0.40251925587654114,1
0.35402238368988037,1
0.44076448678970337,1
0.39536017179489136,1
0.34746459126472473,1
0.4587659239768982,1
0.5083321332931519,1
0.4397348165512085,1
0.3428835868835449,1
0.501076340675354,1
0.33197134733200073,1
0.4727226197719574,1
0.40121859312057495,1
0.48963913321495056,1
0.33934083580970764,1
0.41564008593559265,1
0.34693196415901184,1
0.3383379578590393,1
0.38473403453826904,1
0.4160424470901489,1
0.470084547996521,1
0.34917977452278137,1
0.45008331537246704,1
0.3578040599822998,1
0.3627755045890808,1
0.5066545009613037,1
0.3832360804080963,1
0.3428584039211273,1
0.4460071921348572,1
0.3493623733520508,1
0.3989528715610504,1
0.3753538727760315,1
0.4108193516731262,1
0.36871814727783203,1
0.35515671968460083,1
0.5729153156280518,1
0.5196846723556519,1
0.31949514150619507,1
0.5362924933433533,1
0.4606424570083618,1
0.5115827918052673,1
0.4664986729621887,1
0.3910655975341797,1
0.42714133858680725,1
0.38692402839660645,1
0.39418378472328186,1
0.32127222418785095,1
0.43188396096229553,1
0.38957324624061584,1
0.47130286693573,1
0.3681797385215759,1
0.39666318893432617,1
0.3987220525741577,1
0.37615683674812317,1
0.4273826479911804,1
0.3357558250427246,1
0.4771195948123932,1
0.34528568387031555,1
0.4411534070968628,1
0.5187754034996033,1
0.4187394380569458,1
0.5049318075180054,1
0.4383032023906708,1
0.37472018599510193,1
0.5300015807151794,1
0.5110035538673401,1
0.4209965765476227,1
0.44873255491256714,1
0.3632350564002991,1
0.45488977432250977,1
0.4329807758331299,1
0.3171251714229584,1
0.489174485206604,1
0.2956419587135315,1
0.47845935821533203,1
0.3695656955242157,1
0.4592753052711487,1
0.4937557578086853,1
0.34059423208236694,1
0.3673352599143982,1
0.4036409258842468,1
0.4284211993217468,1
0.3178277611732483,1
0.3277019262313843,1
0.37380561232566833,1
0.3894239068031311,1
0.4048311710357666,1
0.6018857359886169,1
0.3462270498275757,1
0.37418606877326965,1
0.34925657510757446,1
0.39311838150024414,1
0.3305906355381012,1
0.36299532651901245,1
0.4850502014160156,1
0.38493818044662476,1
0.3739941716194153,1
0.35775265097618103,1
0.3955337405204773,1
0.5066568851470947,1
0.3525879681110382,1
0.5279034376144409,1
0.45824241638183594,1
0.44156259298324585,1
0.37978097796440125,1
0.5276930332183838,1
0.38218992948532104,1
0.503661036491394,1
0.4559420347213745,1
0.3862514793872833,1
0.4844735562801361,1
0.41569817066192627,1
0.36190739274024963,1
0.3761344850063324,1
0.4232017993927002,1
0.3809935450553894,1
0.4233965277671814,1
0.37422600388526917,1
0.3609803318977356,1
0.43582579493522644,1
0.36515724658966064,1
0.42026299238204956,1
0.3564688563346863,1
0.38167306780815125,1
0.49445122480392456,1
0.4405274987220764,1
0.426500141620636,1
0.4078986644744873,1
0.30665022134780884,1
0.45687776803970337,1
0.41504132747650146,1
0.3393806517124176,1
0.29161638021469116,1
0.42573636770248413,1
0.5339421629905701,1
0.4233839511871338,1
0.4891393184661865,1
0.4267573952674866,1
0.34716466069221497,1
0.38876044750213623,1
0.3069571852684021,1
0.27510130405426025,1
0.4032735228538513,1
0.31259390711784363,1
0.4310064911842346,1
0.3153401017189026,1
0.470168799161911,1
0.40406709909439087,1
0.49923238158226013,1
0.4309923052787781,1
0.4370383620262146,1
0.42055609822273254,1
0.3507396876811981,1
0.3857576549053192,1
0.357641339302063,1
0.36389726400375366,1
0.42003053426742554,1
0.5346287488937378,1
0.30721622705459595,1
0.2620728611946106,1
0.38949817419052124,1
0.3468722701072693,1
0.3840930461883545,1
0.426471471786499,1
0.4751642048358917,1
0.3781868815422058,1
0.36512359976768494,1
0.4397825002670288,1
0.39974576234817505,1
0.348919153213501,1
0.41116178035736084,1
0.3341216742992401,1
0.36375874280929565,1
0.3777119517326355,1
0.3357895016670227,1
0.37957850098609924,1
0.4284229278564453,1
0.38463887572288513,1
0.4373021125793457,1
0.39747944474220276,1
0.41798776388168335,1
0.43169814348220825,1
0.4660560190677643,1
0.4278483986854553,1
0.329417884349823,1
0.4410800337791443,1
0.4694553017616272,1
0.36806952953338623,1
0.44363081455230713,1
0.3548950254917145,1
0.5087182521820068,1
0.38589566946029663,1
0.3389582633972168,1
0.4845806956291199,1
0.3473965525627136,1
0.4255130887031555,1
0.5105480551719666,1
0.42408961057662964,1
0.4589492976665497,1
0.428583025932312,1
0.38288724422454834,1
0.3823150098323822,1
0.38018998503685,1
0.44798558950424194,1
0.2500845789909363,1
0.39896446466445923,1
0.44989556074142456,1
0.29784342646598816,1
0.45083966851234436,1
0.41983333230018616,1
0.38534843921661377,1
0.44292908906936646,1
0.5685156583786011,1
0.3978716731071472,1
0.40608593821525574,1
0.3991963267326355,1
0.32217517495155334,1
0.5212085247039795,1
0.38647758960723877,1
0.4055587947368622,1
0.3188079297542572,1
0.3787553310394287,1
0.42658793926239014,1
0.3939489722251892,1
0.4531475901603699,1
0.5295454263687134,1
0.518286406993866,1
0.25107184052467346,1
0.3638608455657959,1
0.36399418115615845,1
0.3192463517189026,1
0.41407614946365356,1
0.37238121032714844,1
0.25436490774154663,1
0.46657902002334595,1
0.35858118534088135,1
0.383432537317276,1
0.4498709440231323,1
0.2802034020423889,1
0.4113152325153351,1
0.35479792952537537,1
0.37748271226882935,1
0.36874842643737793,1
0.39925718307495117,1
0.4547564387321472,1
0.4036100208759308,1
0.33870649337768555,1
0.5849117040634155,1
0.3396342694759369,1
0.4436432123184204,1
0.4550883173942566,1
0.5247763991355896,1
0.440673291683197,1
0.3762896656990051,1
0.4756576120853424,1
0.33449670672416687,1
0.48276934027671814,1
0.4415013790130615,1
0.47973549365997314,1
0.3931877017021179,1
0.4227980971336365,1
0.3335375189781189,1
0.4391242265701294,1
0.24431243538856506,1
0.25367066264152527,1
0.34146666526794434,1
0.4206511378288269,1
0.3862869441509247,1
0.3660866618156433,1
0.5204364657402039,1
0.3598485291004181,1
0.3393601179122925,1
0.38485145568847656,1
0.33638492226600647,1
0.3252994418144226,1
0.3423374891281128,1
0.5156078338623047,1
0.38066357374191284,1
0.40441498160362244,1
0.3701247572898865,1
0.5625045299530029,1
0.4351716637611389,1
0.5512839555740356,1
0.4738054871559143,1
0.336161732673645,1
0.31572312116622925,1
0.38531458377838135,1
0.40767019987106323,1
0.4251721501350403,1
0.37412935495376587,1
0.4308096766471863,1
0.46080219745635986,1
0.31061315536499023,1
0.3458084166049957,1
0.4719957411289215,1
0.3271512985229492,1
0.355310320854187,1
0.3120756149291992,1
0.3678184747695923,1
0.4287746548652649,1
0.352659672498703,1
0.3763986825942993,1
0.45549553632736206,1
0.31477004289627075,1
0.40911543369293213,1
0.3169862627983093,1
0.48413535952568054,1
0.4200410842895508,1
0.4530506134033203,1
0.5638954639434814,1
0.49447137117385864,1
0.634621798992157,1
0.4292011559009552,1
0.49373456835746765,1
0.3997021019458771,1
0.3843059837818146,1
0.45115625858306885,1
0.39471152424812317,1
0.3189741373062134,1
0.3086298108100891,1
0.3996865451335907,1
0.40191349387168884,1
0.34423571825027466,1
0.36177176237106323,1
0.36774855852127075,1
0.40333348512649536,1
0.4207526445388794,1
0.4634513556957245,1
0.3578069806098938,1
0.362791508436203,1
0.4292207360267639,1
0.3202977180480957,1
0.44431644678115845,1
0.36409682035446167,1
0.3832610249519348,1
0.4159793555736542,1
0.5048834085464478,1
0.36583322286605835,1
0.35079479217529297,1
0.4307366609573364,1
0.39135095477104187,1
0.3573005199432373,1
0.358863890171051,1
0.4899263381958008,1
0.36986249685287476,1
0.41040802001953125,1
0.3812417984008789,1
0.4495816230773926,1
0.5131783485412598,1
0.3478949964046478,1
0.4816487431526184,1
0.5252910852432251,1
0.4511050283908844,1
0.4492266774177551,1
0.43350985646247864,1
0.32444673776626587,1
0.34093230962753296,1
0.3887534737586975,1
0.42485523223876953,1
0.41840606927871704,1
0.4918796420097351,1
0.47782108187675476,1
0.41765841841697693,1
0.4960412085056305,1
0.3832433223724365,1
0.448774516582489,1
0.43594586849212646,1
0.4543148875236511,1
0.439880907535553,1
0.36630168557167053,1
0.38956546783447266,1
0.3376716375350952,1
0.47440505027770996,1
0.3247581124305725,1
0.37719500064849854,1
0.35976043343544006,1
0.3589879870414734,1
0.376332551240921,1
0.42698895931243896,1
0.39022547006607056,1
0.5220057964324951,1
0.4885440468788147,1
0.4452548027038574,1
0.38141241669654846,1
0.4211638569831848,1
0.40982699394226074,1
0.36210474371910095,1
0.4189969301223755,1
0.49240654706954956,1
0.3901800215244293,1
0.43935930728912354,1
0.40949365496635437,1
0.3890298008918762,1
0.4123958349227905,1
0.40675798058509827,1
0.4552065134048462,1
0.30425378680229187,1
0.41487839818000793,1
0.38194963335990906,1
0.3956959843635559,1
0.4745884835720062,1
0.3916107416152954,1
0.42554494738578796,1
0.5004467368125916,1
0.26250287890434265,1
0.403859943151474,1
0.41018885374069214,1
0.3598759174346924,1
0.2993580102920532,1
0.4515669345855713,1
0.4585757851600647,1
0.5223159193992615,1
0.45008623600006104,1
0.45177412033081055,1
0.3890306353569031,1
0.3449074327945709,1
0.378584623336792,1
0.33040499687194824,1
0.47214168310165405,1
0.26982930302619934,1
0.4488522410392761,1
0.32447677850723267,1
0.36334797739982605,1
0.3815951943397522,1
0.2970472276210785,1
0.34670141339302063,1
0.29360371828079224,1
0.3922494649887085,1
0.33691489696502686,1
0.44586309790611267,1
0.3134091794490814,1
0.38458114862442017,1
0.3625214695930481,1
0.40704232454299927,1
0.40657514333724976,1
0.3470562696456909,1
0.26902902126312256,1
0.43783748149871826,1
0.4380185604095459,1
0.40926867723464966,1
0.4901195168495178,1
0.4481579661369324,1
0.42688310146331787,1
0.3693295419216156,1
0.3427833318710327,1
0.4472300410270691,1
0.4839310944080353,1
0.31692713499069214,1
0.3955608010292053,1
0.375733345746994,1
0.39624276757240295,1
0.41767266392707825,1
0.5198891162872314,1
0.4254557490348816,1
0.41644954681396484,1
0.6065492630004883,1
0.2997000813484192,1
0.32577723264694214,1
0.4425664246082306,1
0.41620588302612305,1
0.426289439201355,1
0.4199897050857544,1
0.38998788595199585,1
0.47430184483528137,1
0.35270965099334717,1
0.3504919409751892,1
0.38201284408569336,1
0.35360610485076904,1
0.4028604328632355,1
0.4500901699066162,1
0.4406130313873291,1
0.32408756017684937,1
0.3961610794067383,1
0.43853485584259033,1
0.2973867654800415,1
0.38205283880233765,1
0.4162392020225525,1
0.3736079931259155,1
0.4305883049964905,1
0.40144288539886475,1
0.496651828289032,1
0.2942410111427307,1
0.3167167901992798,1
0.49807363748550415,1
0.5344740152359009,1
0.4863489270210266,1
0.4053962230682373,1
0.3252076804637909,1
0.3701406419277191,1
0.3979727625846863,1
0.34438830614089966,1
0.38342946767807007,1
0.3481624126434326,1
0.4612758457660675,1
0.4118022322654724,1
0.49591755867004395,1
0.4631787836551666,1
0.3957131505012512,1
0.39425769448280334,1
0.43777355551719666,1
0.3760705292224884,1
0.3688221573829651,1
0.4719375967979431,1
0.34239667654037476,1
0.45084822177886963,1
0.4076428711414337,1
0.3735697865486145,1
0.4008258283138275,1
0.4083302617073059,1
0.43258264660835266,1
0.37674590945243835,1
0.4459387958049774,1
0.38586530089378357,1
0.4078176021575928,1
0.3733914792537689,1
0.38425326347351074,1
0.42551401257514954,1
0.3653739094734192,1
0.3536456227302551,1
0.34486016631126404,1
0.3849762976169586,1
0.3233192563056946,1
0.3970435559749603,1
0.40632545948028564,1
0.5672418475151062,1
0.4537909924983978,1
0.43873128294944763,1
0.3449386954307556,1
0.3834759593009949,1
0.41431599855422974,1
0.4283737540245056,1
0.3635179400444031,1
0.3494699001312256,1
0.32237255573272705,1
0.2807234227657318,1
0.4276936650276184,1
0.40744924545288086,1
0.37814804911613464,1
0.35856151580810547,1
0.33635857701301575,1
0.4527905583381653,1
0.40358370542526245,1
0.42279767990112305,1
0.35554882884025574,1
0.3443570137023926,1
0.4507709741592407,1
0.38523757457733154,1
0.4902424216270447,1
0.39131462574005127,1
0.40212756395339966,1
0.36069566011428833,1
0.41836392879486084,1
0.4609447121620178,1
0.3139220178127289,1
0.3878251016139984,1
0.42447081208229065,1
0.5142355561256409,1
0.33086931705474854,1
0.3222668170928955,1
0.4709366261959076,1
0.3847624361515045,1
0.30274778604507446,1
0.396414577960968,1
0.41754376888275146,1
0.3393511176109314,1
0.47855105996131897,1
0.4691977798938751,1
0.5167447924613953,1
0.3865863084793091,1
0.3347014784812927,1
0.421712726354599,1
0.35407382249832153,1
0.31390613317489624,1
0.45498982071876526,1
0.44203460216522217,1
0.3440084755420685,1
0.42871060967445374,1
0.36554110050201416,1
0.41856157779693604,1
0.34103459119796753,1
0.3638424873352051,1
0.41066479682922363,1
0.3635749816894531,1
0.3576265871524811,1
0.44765883684158325,1
0.4135788679122925,1
0.4312494993209839,1
0.37375736236572266,1
0.35886436700820923,1
0.5017534494400024,1
0.5140131711959839,1
0.25241324305534363,1
0.4330935478210449,1
0.3975149393081665,1
0.34784331917762756,1
0.40352803468704224,1
0.33497515320777893,1
0.36283648014068604,1
0.41124439239501953,1
0.37752097845077515,1
0.5542296171188354,1
0.4535168409347534,1
0.4732779860496521,1
0.4147530496120453,1
0.43583202362060547,1
0.38998591899871826,1
0.43279194831848145,1
0.38546696305274963,1
0.3775474727153778,1
0.3667123317718506,1
0.3852032423019409,1
0.3060959279537201,1
0.37889260053634644,1
0.39056396484375,1
0.49743640422821045,1
0.3682960569858551,1
0.4296707808971405,1
0.3271794319152832,1
0.37801769375801086,1
0.409932941198349,1
0.28954964876174927,1
0.4346328675746918,1
0.34852901101112366,1
0.4486682116985321,1
0.522029459476471,1
0.4357062578201294,1
0.43197742104530334,1
0.38726627826690674,1
0.33563584089279175,1
0.37701094150543213,1
0.3391034007072449,1
0.37030842900276184,1
0.4314073324203491,1
0.46860989928245544,1
0.5066530704498291,1
0.3387005031108856,1
0.5062722563743591,1
0.34043145179748535,1
0.36774349212646484,1
0.3601280450820923,1
0.39139825105667114,1
0.35992902517318726,1
0.564163088798523,1
0.38132402300834656,1
0.4135969877243042,1
0.34684228897094727,1
0.45280084013938904,1
0.4213888943195343,1
0.3845563530921936,1
0.311323344707489,1
0.3843497633934021,1
0.46356672048568726,1
0.505617082118988,1
0.39502623677253723,1
0.4344694912433624,1
0.37174567580223083,1
0.3871169686317444,1
0.47885817289352417,1
0.4257085919380188,1
0.44358935952186584,1
0.42079535126686096,1
0.42946112155914307,1
0.378815233707428,1
0.34986138343811035,1
0.38577497005462646,1
0.38086211681365967,1
0.3823906183242798,1
0.44939714670181274,1
0.3082728087902069,1
0.46623700857162476,1
0.3126121759414673,1
0.4395422637462616,1
0.3862643539905548,1
0.37784552574157715,1
0.3917081654071808,1
0.4006216526031494,1
0.4369767904281616,1
0.4439924657344818,1
0.4172247648239136,1
0.4483518600463867,1
0.36630409955978394,1
0.38657987117767334,1
0.43849462270736694,1
0.4076980650424957,1
0.35345202684402466,1
0.45819151401519775,1
0.4768446683883667,1
0.4154305160045624,1
0.46037209033966064,1
0.31366828083992004,1
0.422884076833725,1
0.4409351348876953,1
0.37031394243240356,1
0.4413584768772125,1
0.26086530089378357,1
0.4252678155899048,1
0.5328288078308105,1
0.34833791851997375,1
0.4134974777698517,1
0.24408233165740967,1
0.4500305652618408,1
0.47912195324897766,1
0.45729485154151917,1
0.45868000388145447,1
0.34772205352783203,1
0.4048105478286743,1
0.39315298199653625,1
0.40836644172668457,1
0.409618079662323,1
0.4166649281978607,1
0.41995543241500854,1
0.467023104429245,1
0.36318734288215637,1
0.29712051153182983,1
0.4784219563007355,1
0.3360210657119751,1
0.3431859314441681,1
0.3669723868370056,1
0.2947778105735779,1
0.42453646659851074,1
0.36877644062042236,1
0.46433281898498535,1
0.3690895438194275,1
0.34526070952415466,1
0.3530513644218445,1
0.47681859135627747,1
0.4374655485153198,1
0.4088515043258667,1
0.4007371664047241,1
0.3657792806625366,1
0.5085543394088745,1
0.4397614896297455,1
0.26896893978118896,1
0.3568030893802643,1
0.42923590540885925,1
0.27383309602737427,1
0.4197770953178406,1
0.36491337418556213,1
0.5130739808082581,1
0.3730807602405548,1
0.38415849208831787,1
0.40142250061035156,1
0.47223013639450073,1
0.461281955242157,1
0.42885035276412964,1
0.34683096408843994,1
0.346139520406723,1
0.4005620777606964,1
0.469501256942749,1
0.42465049028396606,1
0.4576007127761841,1
0.38489341735839844,1
0.38056322932243347,1
0.3211396336555481,1
0.4013325273990631,1
0.40221869945526123,1
0.51027512550354,1
0.4876604378223419,1
0.3586345613002777,1
0.3291364014148712,1
0.49183744192123413,1
0.37731724977493286,1
0.4557104706764221,1
0.4190089702606201,1
0.43486493825912476,1
0.38360607624053955,1
0.46284258365631104,1
0.39041465520858765,1
0.3079400062561035,1
0.35302236676216125,1
0.35961097478866577,1
0.33517247438430786,1
0.3242914378643036,1
0.44112634658813477,1
0.43794721364974976,1
0.416887491941452,1
0.44075021147727966,1
0.40262237191200256,1
0.2728537917137146,1
0.5245437622070313,1
0.3771038353443146,1
0.44361984729766846,1
0.42813554406166077,1
0.3747659921646118,1
0.3596370220184326,1
0.36571061611175537,1
0.4067743718624115,1
0.3697010576725006,1
0.5373414754867554,1
0.3094467222690582,1
0.4870494306087494,1
0.4255649447441101,1
0.33465468883514404,1
0.3336523771286011,1
0.4111303687095642,1
0.3470432162284851,1
0.3630180060863495,1
0.43549007177352905,1
0.5395709872245789,1
0.40585997700691223,1
0.36511439085006714,1
0.4361298978328705,1
0.32693958282470703,1
0.41259098052978516,1
0.519707977771759,1
0.5223687291145325,1
0.3731391429901123,1
0.4142709970474243,1
0.4021359980106354,1
0.38924458622932434,1
0.37600743770599365,1
0.3098348081111908,1
0.47639942169189453,1
0.42327916622161865,1
0.4441617727279663,1
0.4764004349708557,1
0.41052234172821045,1
0.42009636759757996,1
0.3871176242828369,1
0.34399300813674927,1
0.4063253402709961,1
0.4368152618408203,1
0.5057031512260437,1
0.38890451192855835,1
0.36414510011672974,1
0.3371957838535309,1
0.3024921417236328,1
0.47970572113990784,1
0.3873915374279022,1
0.296369343996048,1
0.43323495984077454,1
0.3249017000198364,1
0.45588478446006775,1
0.4238691031932831,1
0.370543897151947,1
0.40666621923446655,1
0.39560285210609436,1
0.46289458870887756,1
0.37262392044067383,1
0.39819610118865967,1
0.32763150334358215,1
0.38984453678131104,1
0.45215970277786255,1
0.33318668603897095,1
0.42458444833755493,1
0.36009496450424194,1
0.48068761825561523,1
0.3136265277862549,1
0.4385501742362976,1
0.42506545782089233,1
0.3910146951675415,1
0.3650420308113098,1
0.2991845905780792,1
0.44158151745796204,1
0.3955713212490082,1
0.4582276940345764,1
0.3523566424846649,1
0.38572585582733154,1
0.44947680830955505,1
0.4026319682598114,1
0.4493443965911865,1
0.5586317777633667,1
0.5137075781822205,1
0.37974995374679565,1
0.409391850233078,1
0.4898107647895813,1
0.37229645252227783,1
0.4354124665260315,1
0.3822023272514343,1
0.4055953919887543,1
0.4260239005088806,1
0.42004525661468506,1
0.4243372678756714,1
0.5098867416381836,1
0.45314568281173706,1
0.41823437809944153,1
0.3237939476966858,1
0.36813950538635254,1
0.3595147132873535,1
0.44319140911102295,1
0.348419725894928,1
0.42734426259994507,1
0.41205745935440063,1
0.5490903854370117,1
0.4253286123275757,1
0.43183475732803345,1
0.5893082618713379,1
0.4373350739479065,1
0.3854479193687439,1
0.3396933078765869,1
0.3495331108570099,1
0.4248926043510437,1
0.3604459762573242,1
0.37790846824645996,1
0.31703028082847595,1
0.5022175312042236,1
0.4345387816429138,1
0.3680529296398163,1
0.290880411863327,1
0.40399837493896484,1
0.39383453130722046,1
0.37496453523635864,1
0.5258595943450928,1
0.4059475362300873,1
0.4658161997795105,1
0.4973657727241516,1
0.4189358949661255,1
0.5028029680252075,1
0.4343266487121582,1
0.3318573534488678,1
0.3266712725162506,1
0.3844451904296875,1
0.4178136885166168,1
0.4177832007408142,1
0.38166195154190063,1
0.3953670859336853,1
0.40605878829956055,1
0.3845471143722534,1
0.3640211522579193,1
0.5075329542160034,1
0.42086145281791687,1
0.40546420216560364,1
0.4133822023868561,1
0.36450642347335815,1
0.4858030378818512,1
0.4670022130012512,1
0.36302173137664795,1
0.3958568572998047,1
0.452304482460022,1
0.427347332239151,1
0.32250887155532837,1
0.41726168990135193,1
0.3837578296661377,1
0.4408852458000183,1
0.40663522481918335,1
0.4893966317176819,1
0.31220120191574097,1
0.5087493658065796,1
0.5265849828720093,1
0.5023833513259888,1
0.4256786108016968,1
0.3402206301689148,1
0.42541223764419556,1
0.44176048040390015,1
0.4335344731807709,1
0.3971922695636749,1
0.5794137120246887,1
0.37193048000335693,1
0.396406352519989,1
0.500244140625,1
0.34031978249549866,1
0.36037957668304443,1
0.30625951290130615,1
0.3852558135986328,1
0.48270463943481445,1
0.3744387626647949,1
0.34981197118759155,1
0.480251282453537,1
0.38948485255241394,1
0.4295003414154053,1
0.5717944502830505,1
0.4567757248878479,1
0.44977596402168274,1
0.4260343909263611,1
0.45230191946029663,1
0.358559787273407,1
0.4256795048713684,1
0.29029566049575806,1
0.4155389070510864,1
0.46587926149368286,1
0.38385510444641113,1
0.3831189274787903,1
0.502873420715332,1
0.36171481013298035,1
0.4126312732696533,1
0.3485843539237976,1
0.4470442235469818,1
0.36259931325912476,1
0.45122218132019043,1
0.3813542127609253,1
0.42840197682380676,1
0.37130096554756165,1
0.48055499792099,1
0.5216631293296814,1
0.5390432476997375,1
0.6355531811714172,1
0.34691256284713745,1
0.5155020952224731,1
0.3998708128929138,1
0.39258289337158203,1
0.5074334740638733,1
0.42599937319755554,1
0.35163986682891846,1
0.39046984910964966,1
0.34640970826148987,1
0.4828208386898041,1
0.4260229468345642,1
0.39294201135635376,1
0.40606939792633057,1
0.38646867871284485,1
0.4508190155029297,1
0.43689388036727905,1
0.36343130469322205,1
0.3929237723350525,1
0.4160732626914978,1
0.34885281324386597,1
0.4026387929916382,1
0.4045981764793396,1
0.3791174590587616,1
0.3492983281612396,1
0.4288029372692108,1
0.3569135069847107,1
0.3746088147163391,1
0.4877207279205322,1
0.44697070121765137,1
0.5060275793075562,1
0.46992218494415283,1
0.41393423080444336,1
0.41539710760116577,1
0.4550245404243469,1
0.295612633228302,1
0.5436123609542847,1
0.4106750786304474,1
0.4398525357246399,1
0.3314121961593628,1
0.474396288394928,1
0.3809084892272949,1
0.3996564745903015,1
0.45349085330963135,1
0.3608054518699646,1
0.3497926592826843,1
0.45819294452667236,1
0.3116213083267212,1
0.3896145224571228,1
0.3746342658996582,1
0.3523307740688324,1
0.5050326585769653,1
0.3896257281303406,1
0.4115588366985321,1
0.39868560433387756,1
0.5212799906730652,1
0.3534221351146698,1
0.33742159605026245,1
0.4158964157104492,1
0.5320999622344971,1
0.4810086488723755,1
0.408070832490921,1
0.3421458601951599,1
0.3043823540210724,1
0.43169885873794556,1
0.3328445851802826,1
0.34354034066200256,1
0.39687567949295044,1
0.4010380208492279,1
0.31524983048439026,1
0.49065691232681274,1
0.5428590178489685,1
0.39063817262649536,1
0.2510910928249359,1
0.3428458869457245,1
0.32858338952064514,1
0.4314923882484436,1
0.3844923973083496,1
0.3373250365257263,1
0.347423791885376,1
0.3627186417579651,1
0.2658625543117523,1
0.38451895117759705,1
0.42503514885902405,1
0.5127073526382446,1
0.35331761837005615,1
0.4137876033782959,1
0.4052521884441376,1
0.40040457248687744,1
0.5178957581520081,1
0.4195750057697296,1
0.39856040477752686,1
0.4401811361312866,1
0.3688400387763977,1
0.35084718465805054,1
0.5221871137619019,1
0.23107141256332397,1
0.4608105719089508,1
0.37303781509399414,1
0.38020914793014526,1
0.33933937549591064,1
0.44966891407966614,1
0.3856406807899475,1
0.40877068042755127,1
0.45269858837127686,1
0.3175003230571747,1
0.42889901995658875,1
0.3316236734390259,1
0.4400179088115692,1
0.48093461990356445,1
0.4183230698108673,1
0.39514636993408203,1
0.41770508885383606,1
0.5029499530792236,1
0.4189763367176056,1
0.4078308641910553,1
0.4073232412338257,1
0.4455517828464508,1
0.4839622378349304,1
0.4039458632469177,1
0.38581860065460205,1
0.3172796368598938,1
0.33792048692703247,1
0.5357816219329834,1
0.37756064534187317,1
0.45017802715301514,1
0.30882275104522705,1
0.4700489044189453,1
0.45488789677619934,1
0.37791991233825684,1
0.3977092504501343,1
0.42158380150794983,1
0.3429284989833832,1
0.4336369037628174,1
0.47088709473609924,1
0.40988487005233765,1
0.45331013202667236,1
0.25052815675735474,1
0.42344698309898376,1
0.32681816816329956,1
0.427771657705307,1
0.33131659030914307,1
0.40687867999076843,1
0.46664419770240784,1
0.4513362646102905,1
0.4210483431816101,1
0.4689377248287201,1
0.37839725613594055,1
0.4357280433177948,1
0.4524351954460144,1
0.42859935760498047,1
0.40688633918762207,1
0.4128490388393402,1
0.39530980587005615,1
0.34845536947250366,1
0.5034457445144653,1
0.480513334274292,1
0.41674813628196716,1
0.3750454783439636,1
0.43739163875579834,1
0.4359356760978699,1
0.5180285573005676,1
0.47137415409088135,1
0.4570581316947937,1
0.42952144145965576,1
0.42117559909820557,1
0.3001192808151245,1
0.39702507853507996,1
0.3397051692008972,1
0.42157140374183655,1
0.3503342866897583,1
0.44405797123908997,1
0.5147031545639038,1
0.31851842999458313,1
0.30012810230255127,1
0.37125492095947266,1
0.343201220035553,1
0.3718665838241577,1
0.6355443000793457,1
0.4362218677997589,1
0.37215784192085266,1
0.3417845070362091,1
0.36498546600341797,1
0.41462987661361694,1
0.49021703004837036,1
0.5030503869056702,1
0.380832701921463,1
0.43135568499565125,1
0.4066726565361023,1
0.4593620300292969,1
0.5048133134841919,1
0.28583621978759766,1
0.360050767660141,1
0.4201412796974182,1
0.5755143165588379,1
0.41264626383781433,1
0.4355977475643158,1
0.4064081311225891,1
0.3711000382900238,1
0.44985073804855347,1
0.4615326523780823,1
0.4354515075683594,1
0.5174216032028198,1
0.4236278235912323,1
0.3571566343307495,1
0.4741509258747101,1
0.3376566469669342,1
0.4091852307319641,1
0.29592469334602356,1
0.553261399269104,1
0.31420236825942993,1
0.4308178424835205,1
0.32742035388946533,1
0.4190707206726074,1
0.3857201933860779,1
0.41043078899383545,1
0.4895707070827484,1
0.37639740109443665,1
0.35740482807159424,1
0.4579114317893982,1
0.4097714126110077,1
0.40159526467323303,1
0.360183447599411,1
0.3857914209365845,1
0.43426698446273804,1
0.43898436427116394,1
0.31747525930404663,1
0.32811471819877625,1
0.39023298025131226,1
0.3479756712913513,1
0.4014701545238495,1
0.4492729902267456,1
0.32371795177459717,1
0.36403587460517883,1
0.40958473086357117,1
0.4007853865623474,1
0.38300052285194397,1
0.41804784536361694,1
0.3627128005027771,1
0.5194982290267944,1
0.3736508786678314,1
0.31593382358551025,1
0.3896605372428894,1
0.4769049882888794,1
0.26028573513031006,1
0.3521789312362671,1
0.34992218017578125,1
0.384757399559021,1
0.39190858602523804,1
0.44291597604751587,1
0.4698950946331024,1
0.2719970643520355,1
0.34358566999435425,1
0.4082682132720947,1
0.5350209474563599,1
0.4236445426940918,1
0.4059608578681946,1
0.26417261362075806,1
0.30014434456825256,1
0.4324958920478821,1
0.4363465905189514,1
0.3774259090423584,1
0.4082251191139221,1
0.4301552474498749,1
0.41724711656570435,1
0.44555380940437317,1
0.48365628719329834,1
0.43425506353378296,1
0.42665213346481323,1
0.2562088370323181,1
0.3777468204498291,1
0.35224395990371704,1
0.36257249116897583,1
0.41593223810195923,1
0.3619488477706909,1
0.41599130630493164,1
0.3379807472229004,1
0.38365107774734497,1
0.3935825824737549,1
0.2928439974784851,1
0.32458430528640747,1
0.3951801359653473,1
0.5336039066314697,1
0.41825467348098755,1
0.34745797514915466,1
0.3474540114402771,1
0.32370078563690186,1
0.4208841919898987,1
0.3747955560684204,1
0.3327273428440094,1
0.3475111722946167,1
0.35721561312675476,1
0.3319440186023712,1
0.4679672420024872,1
0.30411532521247864,1
0.49079006910324097,1
0.32182425260543823,1
0.531740665435791,1
0.44161364436149597,1
0.4750233292579651,1
0.2765697240829468,1
0.39774367213249207,1
0.35106024146080017,1
0.39207693934440613,1
0.40740007162094116,1
0.3736182749271393,1
0.30583053827285767,1
0.3899550139904022,1
0.33737629652023315,1
0.3249126374721527,1
0.46514007449150085,1
0.38062649965286255,1
0.38940155506134033,1
0.4193308651447296,1
0.5441118478775024,1
0.42820024490356445,1
0.3655467629432678,1
0.4398570656776428,1
0.352922648191452,1
0.29312601685523987,1
0.35813218355178833,1
0.40321260690689087,1
0.3705388605594635,1
0.4092939496040344,1
0.3256821632385254,1
0.3633687496185303,1
0.4597510099411011,1
0.462973952293396,1
0.4456384479999542,1
0.27577102184295654,1
0.480040043592453,1
0.44520801305770874,1
0.3373914659023285,1
0.4258577227592468,1
0.3716931939125061,1
0.39384061098098755,1
0.3526911735534668,1
0.45386552810668945,1
0.5125859975814819,1
0.5794168710708618,1
0.41400763392448425,1
0.4232112169265747,1
0.5208311080932617,1
0.40546196699142456,1
0.477943480014801,1
0.39746755361557007,1
0.3331555128097534,1
0.28937098383903503,1
0.3602815866470337,1
0.3862191438674927,1
0.3997136950492859,1
0.41925355792045593,1
0.29644477367401123,1
0.36123085021972656,1
0.39055967330932617,1
0.43491819500923157,1
0.5207524299621582,1
0.3405003249645233,1
0.37196260690689087,1
0.3479570746421814,1
0.39983662962913513,1
0.37602388858795166,1
0.5137127637863159,1
0.3860640823841095,1
0.43832993507385254,1
0.34628984332084656,1
0.2927492558956146,1
0.29979780316352844,1
0.4104309380054474,1
0.4805987775325775,1
0.5349264144897461,1
0.3554880619049072,1
0.4153151512145996,1
0.5036964416503906,1
0.37474122643470764,1
0.3800349533557892,1
0.37452012300491333,1
0.3619663715362549,1
0.45870304107666016,1
0.37090080976486206,1
0.4645015597343445,1
0.3340851962566376,1
0.45150917768478394,1
0.48169004917144775,1
0.4903249144554138,1
0.28613001108169556,1
0.4190678000450134,1
0.3963545262813568,1
0.4827784299850464,1
0.451189249753952,1
0.35338878631591797,1
0.49057328701019287,1
0.4148755371570587,1
0.3950868844985962,1
0.38020363450050354,1
0.36144205927848816,1
0.4407433271408081,1
0.42418479919433594,1
0.3657187223434448,1
0.45395174622535706,1
0.3785768151283264,1
0.3647700548171997,1
0.4350404739379883,1
0.3584836423397064,1
0.5172502994537354,1
0.3703147768974304,1
0.5045890808105469,1
0.33370164036750793,1
0.3770391345024109,1
0.406812459230423,1
0.5287755727767944,1
0.43479856848716736,1
0.36554616689682007,1
0.43152713775634766,1
0.43617820739746094,1
0.3703271448612213,1
0.4934593439102173,1
0.6177285313606262,1
0.41648679971694946,1
0.3720976710319519,1
0.3555293083190918,1
0.509062647819519,1
0.4042925536632538,1
0.2903221845626831,1
0.4284150004386902,1
0.3617657721042633,1
0.36573541164398193,1
0.5221028923988342,1
0.5044082403182983,1
0.3211929500102997,1
0.46885156631469727,1
0.44739189743995667,1
0.3547590970993042,1
0.4423457980155945,1
0.3527621328830719,1
0.5052536129951477,1
0.44844651222229004,1
0.3536731004714966,1
0.43752193450927734,1
0.41520172357559204,1
0.35471779108047485,1
0.4659193158149719,1
0.4454116225242615,1
0.4059654772281647,1
0.3281823694705963,1
0.494336873292923,1
0.3759838342666626,1
0.4503023624420166,1
0.4316593408584595,1
0.29987335205078125,1
0.31877219676971436,1
0.39446693658828735,1
0.5217475891113281,1
0.47200119495391846,1
0.29810208082199097,1
0.33596381545066833,1
0.4891926944255829,1
0.318062961101532,1
0.3778876066207886,1
0.47009482979774475,1
0.426203191280365,1
0.5464655160903931,1
0.5040638446807861,1
0.39958280324935913,1
0.3308620750904083,1
0.3975922465324402,1
0.3488582372665405,1
0.5261180400848389,1
0.483389675617218,1
0.3282265067100525,1
0.32263264060020447,1
0.3756773769855499,1
0.5091332197189331,1
0.4134129285812378,1
0.3651953935623169,1
0.3659359812736511,1
0.37670189142227173,1
0.36728888750076294,1
0.4589785039424896,1
0.41603943705558777,1
0.32835519313812256,1
0.3758928179740906,1
0.35910090804100037,1
0.43076008558273315,1
0.5182040929794312,1
0.28087517619132996,1
0.4178258180618286,1
0.3636676073074341,1
0.409027636051178,1
0.2925083637237549,1
0.46607598662376404,1
0.6224521398544312,1
0.2960047125816345,1
0.47954344749450684,1
0.4585924744606018,1
0.2895142436027527,1
0.3441762924194336,1
0.3697713613510132,1
0.5123124718666077,1
0.4674873650074005,1
0.41202330589294434,1
0.3501230478286743,1
0.40303486585617065,1
0.2808580994606018,1
0.4414157271385193,1
0.3666141629219055,1
0.3736706078052521,1
0.4184238314628601,1
0.4485687017440796,1
0.3797599673271179,1
0.3628670573234558,1
0.39020925760269165,1
0.29380327463150024,1
0.5466201305389404,1
0.4546237587928772,1
0.3893408179283142,1
0.39495134353637695,1
0.3653154671192169,1
0.3917081952095032,1
0.37037014961242676,1
0.38543224334716797,1
0.3660230040550232,1
0.42155033349990845,1
0.37976622581481934,1
0.4071323573589325,1
0.49214351177215576,1
0.32079556584358215,1
0.3652060627937317,1
0.41448894143104553,1
0.4081520140171051,1
0.3584829568862915,1
0.3000350296497345,1
0.3975886106491089,1
0.31076711416244507,1
0.4008997082710266,1
0.3983362019062042,1
0.36067917943000793,1
0.39310309290885925,1
0.38238921761512756,1
0.44772058725357056,1
0.40163975954055786,1
0.31696754693984985,1
0.3935328722000122,1
0.3934641480445862,1
0.3206445276737213,1
0.4156395196914673,1
0.47032880783081055,1
0.4515872597694397,1
0.428830623626709,1
0.41138723492622375,1
0.3999207615852356,1
0.35887742042541504,1
0.31333228945732117,1
0.4024251103401184,1
0.4357747733592987,1
0.3338571786880493,1
0.5009006261825562,1
0.4381455183029175,1
0.3317655622959137,1
0.3143414258956909,1
0.30739110708236694,1
0.31076130270957947,1
0.5098833441734314,1
0.37179404497146606,1
0.3742697536945343,1
0.32364222407341003,1
0.3856666088104248,1
0.35483911633491516,1
0.337391197681427,1
0.37516146898269653,1
0.4422953128814697,1
0.4156907796859741,1
0.3579621911048889,1
0.44871553778648376,1
0.41886067390441895,1
0.3707622289657593,1
0.44077008962631226,1
0.40821903944015503,1
0.4290653169155121,1
0.40784525871276855,1
0.390850692987442,1
0.3260843753814697,1
0.3658462166786194,1
0.4632434844970703,1
0.45179033279418945,1
0.39036819338798523,1
0.35596510767936707,1
0.4505293369293213,1
0.38859763741493225,1
0.3592711091041565,1
0.36292141675949097,1
0.43659573793411255,1
0.4671642780303955,1
0.3047237992286682,1
0.4118497669696808,1
0.377508282661438,1
0.39118921756744385,1
0.35802319645881653,1
0.3774789869785309,1
0.33351582288742065,1
0.4392172396183014,1
0.37314313650131226,1
0.36082157492637634,1
0.32543429732322693,1
0.31826576590538025,1
0.48933738470077515,1
0.4887015223503113,1
0.42745959758758545,1
0.4234144985675812,1
0.5137956738471985,1
0.37601011991500854,1
0.5003422498703003,1
0.47008222341537476,1
0.40224337577819824,1
0.44060155749320984,1
0.4544852375984192,1
0.43693965673446655,1
0.3039102256298065,1
0.4039539098739624,1
0.43428874015808105,1
0.3130503296852112,1
0.39301925897598267,1
0.3937186300754547,1
0.3511791229248047,1
0.47280630469322205,1
0.38218259811401367,1
0.39048323035240173,1
0.43620121479034424,1
0.3531188368797302,1
0.40039682388305664,1
0.4156835675239563,1
0.3530861735343933,1
0.3986998498439789,1
0.40531718730926514,1
0.4341874122619629,1
0.4678194224834442,1
0.4161461293697357,1
0.4194626212120056,1
0.6164475083351135,1
0.42173275351524353,1
0.3695262372493744,1
0.3384208679199219,1
0.3613073229789734,1
0.4221433699131012,1
0.36538776755332947,1
0.3911598324775696,1
0.3642381727695465,1
0.2624439299106598,1
0.4264029264450073,1
0.39034971594810486,1
0.3608284592628479,1
0.42474082112312317,1
0.3873150944709778,1
0.4810059070587158,1
0.42895016074180603,1
0.38612040877342224,1
0.30524736642837524,1
0.40079084038734436,1
0.46957963705062866,1
0.29137611389160156,1
0.31301772594451904,1
0.32912471890449524,1
0.35018807649612427,1
0.2821862995624542,1
0.4631763696670532,1
0.47301849722862244,1
0.42897674441337585,1
0.449889600276947,1
0.4207659065723419,1
0.4382374584674835,1
0.5057461261749268,1
0.49063390493392944,1
0.3114294111728668,1
0.3839586079120636,1
0.48033732175827026,1
0.4417773485183716,1
0.454727441072464,1
0.4060584306716919,1
0.34163007140159607,1
0.42022275924682617,1
0.48275336623191833,1
0.41558343172073364,1
0.4414672255516052,1
0.39175739884376526,1
0.41900694370269775,1
0.44068092107772827,1
0.4557923674583435,1
0.42735737562179565,1
0.45519059896469116,1
0.3401012718677521,1
0.41751623153686523,1
0.42662709951400757,1
0.42926836013793945,1
0.38488268852233887,1
0.430864155292511,1
0.5086421966552734,1
0.3346278667449951,1
0.33848997950553894,1
0.5019828081130981,1
0.4307062327861786,1
0.4228750467300415,1
0.4078497588634491,1
0.4809103310108185,1
0.42250803112983704,1
0.439201295375824,1
0.32305580377578735,1
0.3969420790672302,1
0.43392980098724365,1
0.4168110191822052,1
0.39938047528266907,1
0.4935727119445801,1
0.4801887571811676,1
0.46086129546165466,1
0.3532555103302002,1
0.30452316999435425,1
0.4873024523258209,1
0.48267659544944763,1
0.41404348611831665,1
0.4728931784629822,1
0.3560914099216461,1
0.4504152536392212,1
0.357637882232666,1
0.3855428099632263,1
0.3775692880153656,1
0.496786504983902,1
0.5173900127410889,1
0.4776404798030853,1
0.32051411271095276,1
0.39967989921569824,1
0.46942761540412903,1
0.40216293931007385,1
0.37294068932533264,1
0.4980728030204773,1
0.5261697769165039,1
0.43429070711135864,1
0.4553467333316803,1
0.40435996651649475,1
0.5023002624511719,1
0.37498176097869873,1
0.3210428059101105,1
0.34968799352645874,1
0.5025609135627747,1
0.3990611433982849,1
0.38587117195129395,1
0.49502232670783997,1
0.4199290871620178,1
0.39916691184043884,1
0.3746999204158783,1
0.5225557684898376,1
0.4160388112068176,1
0.42957803606987,1
0.5403181314468384,1
0.45229780673980713,1
0.4132823944091797,1
0.46731215715408325,1
0.4382207989692688,1
0.4702604115009308,1
0.385677695274353,1
0.38993120193481445,1
0.7854694128036499,1
0.47209587693214417,1
0.4288913905620575,1
0.4091970920562744,1
0.33595260977745056,1
0.3953840732574463,1
0.30170637369155884,1
0.41441601514816284,1
0.4282141923904419,1
0.4262426495552063,1
0.3620036244392395,1
0.3048730492591858,1
0.32219552993774414,1
0.3991013765335083,1
0.42261457443237305,1
0.3888537287712097,1
0.4624638855457306,1
0.3570879101753235,1
0.32179760932922363,1
0.3678438365459442,1
0.3545363247394562,1
0.3592204451560974,1
0.41180649399757385,1
0.5624511241912842,1
0.3534923791885376,1
0.4320645332336426,1
0.41065317392349243,1
0.34731465578079224,1
0.4189229905605316,1
0.4171414077281952,1
0.4040287733078003,1
0.3783884644508362,1
0.37615227699279785,1
0.3591616451740265,1
0.4408097267150879,1
0.4120594263076782,1
0.3829743266105652,1
0.41520342230796814,1
0.390001505613327,1
0.31713026762008667,1
0.39484721422195435,1
0.3827313184738159,1
0.46203160285949707,1
0.404264897108078,1
0.38490691781044006,1
0.504930853843689,1
0.357008159160614,1
0.40668952465057373,1
0.5374239087104797,1
0.5022939443588257,1
0.3962210416793823,1
0.476962685585022,1
0.35509538650512695,1
0.43963950872421265,1
0.39149707555770874,1
0.3227911591529846,1
0.4016817808151245,1
0.4432094097137451,1
0.3751620948314667,1
0.33270174264907837,1
0.3297174870967865,1
0.4343836307525635,1
0.3253136873245239,1
0.5164527893066406,1
0.38875049352645874,1
0.3616456687450409,1
0.4068162441253662,1
0.35769879817962646,1
0.340597003698349,1
0.36932995915412903,1
0.4852105975151062,1
0.2824760377407074,1
0.437669038772583,1
0.3631878197193146,1
0.4524436593055725,1
0.46814459562301636,1
0.4127695560455322,1
0.3236630856990814,1
0.45188695192337036,1
0.37041598558425903,1
0.5015569925308228,1
0.42903125286102295,1
0.30378323793411255,1
0.38231146335601807,1
0.37277013063430786,1
0.4052788019180298,1
0.37075942754745483,1
0.41338109970092773,1
0.3747650384902954,1
0.43211308121681213,1
0.33760154247283936,1
0.4137089252471924,1
0.4687814712524414,1
0.49438703060150146,1
0.31213676929473877,1
0.42782214283943176,1
0.5080540776252747,1
0.33048784732818604,1
0.3139331340789795,1
0.4831303358078003,1
0.3871884346008301,1
0.4025024175643921,1
0.3182748854160309,1
0.3801422715187073,1
0.4116019308567047,1
0.30351200699806213,1
0.45797809958457947,1
0.3457416594028473,1
0.504036009311676,1
0.5197004079818726,1
0.35124456882476807,1
0.4703383445739746,1
0.32247668504714966,1
0.4746819734573364,1
0.4040660858154297,1
0.2785567045211792,1
0.3804079294204712,1
0.3869360089302063,1
0.3695923388004303,1
0.3339744210243225,1
0.30795401334762573,1
0.4169071912765503,1
0.4195452332496643,1
0.3742518723011017,1
0.3847353458404541,1
0.40409836173057556,1
0.5047386884689331,1
0.4192153811454773,1
0.31152310967445374,1
0.4692028760910034,1
0.3906933069229126,1
0.3995419144630432,1
0.4470473527908325,1
0.3494803309440613,1
0.38191965222358704,1
0.20180994272232056,1
0.33071649074554443,1
0.4451181888580322,1
0.40086278319358826,1
0.3951270878314972,1
0.4066562354564667,1
0.41669005155563354,1
0.49751776456832886,1
0.3375422954559326,1
0.40637025237083435,1
0.4495622515678406,1
0.4499351978302002,1
0.5255558490753174,1
0.3708171546459198,1
0.45312923192977905,1
0.4069140553474426,1
0.2521127164363861,1
0.32930344343185425,1
0.43705451488494873,1
0.40533822774887085,1
0.29312971234321594,1
0.3533124327659607,1
0.4272942543029785,1
0.5431625843048096,1
0.5461786389350891,1
0.4038461446762085,1
0.36223602294921875,1
0.30474331974983215,1
0.4360291659832001,1
0.3793994188308716,1
0.42239922285079956,1
0.3215619921684265,1
0.35554012656211853,1
0.42016565799713135,1
0.418692022562027,1
0.35599851608276367,1
0.4540058374404907,1
0.41443711519241333,1
0.49361497163772583,1
0.3907490372657776,1
0.4047696590423584,1
0.3585704565048218,1
0.338950514793396,1
0.39075368642807007,1
0.42801836133003235,1
0.43120718002319336,1
0.48938441276550293,1
0.29062238335609436,1
0.4052245020866394,1
0.2870258688926697,1
0.3093796670436859,1
0.341778039932251,1
0.4312655031681061,1
0.4365970492362976,1
0.4151599705219269,1
0.45107513666152954,1
0.40696531534194946,1
0.4619613289833069,1
0.37370938062667847,1
0.4277270436286926,1
0.41787412762641907,1
0.49616214632987976,1
0.4721432328224182,1
0.3500101566314697,1
0.2802140712738037,1
0.39603391289711,1
0.32001906633377075,1
0.4271038770675659,1
0.3904941976070404,1
0.396724134683609,1
0.4444865584373474,1
0.33682507276535034,1
0.4990454316139221,1
0.4040595293045044,1
0.44911283254623413,1
0.3386653661727905,1
0.32197219133377075,1
0.3551592230796814,1
0.4167637526988983,1
0.4710473418235779,1
0.36380743980407715,1
0.35168153047561646,1
0.3787441849708557,1
0.46430349349975586,1
0.43690139055252075,1
0.3366502523422241,1
0.4601180851459503,1
0.4062439501285553,1
0.3678319454193115,1
0.5169011354446411,1
0.4546498656272888,1
0.35651302337646484,1
0.5211218595504761,1
0.48812294006347656,1
0.3799785375595093,1
0.3735678195953369,1
0.4536837637424469,1
0.39898696541786194,1
0.3756277561187744,1
0.48391640186309814,1
0.36862146854400635,1
0.36319684982299805,1
0.3321043848991394,1
0.45786726474761963,1
0.51699298620224,1
0.3737856149673462,1
0.3060833811759949,1
0.49732640385627747,1
0.44440069794654846,1
0.32365304231643677,1
0.4184854328632355,1
0.36567065119743347,1
0.4568064212799072,1
0.3686686158180237,1
0.3934137523174286,1
0.35071584582328796,1
0.3762015104293823,1
0.31998321413993835,1
0.3247251510620117,1
0.4001734256744385,1
0.4543904662132263,1
0.4542465806007385,1
0.3622886538505554,1
0.5223343372344971,1
0.3983538746833801,1
0.3705265522003174,1
0.4009953737258911,1
0.36931633949279785,1
0.4637899100780487,1
0.37660008668899536,1
0.39250150322914124,1
0.48383209109306335,1
0.44817328453063965,1
0.4127238988876343,1
0.4542708992958069,1
0.37617185711860657,1
0.4151867926120758,1
0.29047614336013794,1
0.3755605220794678,1
0.4198538064956665,1
0.48920246958732605,1
0.402386873960495,1
0.4622619152069092,1
0.42386722564697266,1
0.5229182243347168,1
0.48198193311691284,1
0.38041871786117554,1
0.3641718924045563,1
0.44708073139190674,1
0.39993441104888916,1
0.4352402091026306,1
0.3885464072227478,1
0.34387388825416565,1
0.38291898369789124,1
0.41400089859962463,1
0.45726534724235535,1
0.46073442697525024,1
0.48382288217544556,1
0.3214576840400696,1
0.5200424194335938,1
0.4959966242313385,1
0.35686585307121277,1
0.5086158514022827,1
0.46880847215652466,1
0.5150696635246277,1
0.4617658853530884,1
0.4581126570701599,1
0.39201536774635315,1
0.5352420806884766,1
0.3461540937423706,1
0.35423940420150757,1
0.4937087893486023,1
0.3353918790817261,1
0.36154425144195557,1
0.39318037033081055,1
0.44869834184646606,1
0.39934271574020386,1
0.30877310037612915,1
0.47923803329467773,1
0.437654584646225,1
0.4169774651527405,1
0.3323753774166107,1
0.3066011965274811,1
0.3281245231628418,1
0.49460554122924805,1
0.45344921946525574,1
0.424596905708313,1
0.3536848723888397,1
0.40029338002204895,1
0.3754386901855469,1
0.4847848415374756,1
0.57851243019104,1
0.324103981256485,1
0.3001784086227417,1
0.3620666265487671,1
0.38049495220184326,1
0.39287668466567993,1
0.45471304655075073,1
0.36978471279144287,1
0.4218105971813202,1
0.3018864691257477,1
0.33440661430358887,1
0.3654797673225403,1
0.313113272190094,1
0.4649198055267334,1
0.44799524545669556,1
0.41230255365371704,1
0.4154258370399475,1
0.3295931816101074,1
0.3024562895298004,1
0.4509809613227844,1
0.4786356985569,1
0.35636192560195923,1
0.4946104884147644,1
0.3535810708999634,1
0.3922613561153412,1
0.38014817237854004,1
0.42153793573379517,1
0.48207131028175354,1
0.5650619864463806,1
0.3263058662414551,1
0.5575435757637024,1
0.329252690076828,1
0.39904022216796875,1
0.4945092499256134,1
0.4371030926704407,1
0.4657368063926697,1
0.44738465547561646,1
0.40763694047927856,1
0.40405604243278503,1
0.36765947937965393,1
0.4355292022228241,1
0.4774879813194275,1
0.43662285804748535,1
0.37766414880752563,1
0.41844427585601807,1
0.31656932830810547,1
0.44450169801712036,1
0.32301458716392517,1
0.5000504851341248,1
0.422946035861969,1
0.4310333728790283,1
0.36522376537323,1
0.40540429949760437,1
0.2787107527256012,1
0.41374504566192627,1
0.38825249671936035,1
0.472780704498291,1
0.5321725010871887,1
0.3481725752353668,1
0.34722909331321716,1
0.4461148977279663,1
0.36690667271614075,1
0.48412445187568665,1
0.3533639907836914,1
0.39738965034484863,1
0.4047880172729492,1
0.4027266502380371,1
0.4407782256603241,1
0.46709147095680237,1
0.484517365694046,1
0.3669712543487549,1
0.41960784792900085,1
0.4629654884338379,1
0.5587894916534424,1
0.42496901750564575,1
0.451982319355011,1
0.47636938095092773,1
0.355560302734375,1
0.36318498849868774,1
0.358561247587204,1
0.3160760700702667,1
0.41663652658462524,1
0.5020909309387207,1
0.47297608852386475,1
0.36926335096359253,1
0.3395111858844757,1
0.4755330979824066,1
0.4712032079696655,1
0.4227493405342102,1
0.5078760385513306,1
0.38026532530784607,1
0.38458943367004395,1
0.324236124753952,1
0.31362679600715637,1
0.33261311054229736,1
0.43840742111206055,1
0.43783488869667053,1
0.42460736632347107,1
0.35344523191452026,1
0.4279915988445282,1
0.3940064311027527,1
0.37383782863616943,1
0.4123179018497467,1
0.4112092852592468,1
0.3557351231575012,1
0.4000316262245178,1
0.4344501793384552,1
0.3327333629131317,1
0.3887180685997009,1
0.38808366656303406,1
0.43790656328201294,1
0.3818250894546509,1
0.37590813636779785,1
0.3271794021129608,1
0.3435070514678955,1
0.43394431471824646,1
0.3650273084640503,1
0.6058160066604614,1
0.3218580186367035,1
0.49157705903053284,1
0.34068524837493896,1
0.4164353013038635,1
0.40607380867004395,1
0.45999470353126526,1
0.4452535808086395,1
0.4018683433532715,1
0.36068886518478394,1
0.4593977630138397,1
0.2972889244556427,1
0.40560048818588257,1
0.4940379559993744,1
0.40827062726020813,1
0.4100190997123718,1
0.34335702657699585,1
0.38846325874328613,1
0.30883243680000305,1
0.34681159257888794,1
0.40082764625549316,1
0.2857975959777832,1
0.40167558193206787,1
0.4195927679538727,1
0.3841186761856079,1
0.46869832277297974,1
0.4155188202857971,1
0.4218202233314514,1
0.39978909492492676,1
0.3950219750404358,1
0.41487565636634827,1
0.481535941362381,1
0.3283444046974182,1
0.3696031868457794,1
0.47568878531455994,1
0.35824960470199585,1
0.36662137508392334,1
0.49420589208602905,1
0.45924562215805054,1
0.35794681310653687,1
0.49417856335639954,1
0.453335702419281,1
0.4275122880935669,1
0.44421452283859253,1
0.4023852050304413,1
0.4070422053337097,1
0.459999144077301,1
0.3877805471420288,1
0.4353030323982239,1
0.33884167671203613,1
0.41587167978286743,1
0.47441303730010986,1
0.3739125728607178,1
0.38535672426223755,1
0.36938464641571045,1
0.47458332777023315,1
0.33590012788772583,1
0.45661497116088867,1
0.3563830256462097,1
0.36956560611724854,1
0.38321352005004883,1
0.5348543524742126,1
0.42021164298057556,1
0.4159442186355591,1
0.3898645341396332,1
0.3625756502151489,1
0.3382381796836853,1
0.3640246093273163,1
0.6000233888626099,1
0.4874608516693115,1
0.36345192790031433,1
0.39835989475250244,1
0.515001654624939,1
0.4386919438838959,1
0.3885958194732666,1
0.4421662390232086,1
0.3389101028442383,1
0.3684929609298706,1
0.46246635913848877,1
0.4263990521430969,1
0.36500707268714905,1
0.35676535964012146,1
0.3485196530818939,1
0.38010501861572266,1
0.3898243308067322,1
0.37929368019104004,1
0.3778373897075653,1
0.3318028450012207,1
0.3374602794647217,1
0.459928035736084,1
0.5301896929740906,1
0.45051848888397217,1
0.4919407367706299,1
0.4766322374343872,1
0.4741964340209961,1
0.4979657828807831,1
0.5369243621826172,1
0.4037225842475891,1
0.38677817583084106,1
0.30804243683815,1
0.3529626727104187,1
0.4794866442680359,1
0.35033226013183594,1
0.2468191385269165,1
0.544266939163208,1
0.38045215606689453,1
0.5038252472877502,1
0.3819507956504822,1
0.38324084877967834,1
0.49768581986427307,1
0.3717346787452698,1
0.486984521150589,1
0.424433171749115,1
0.3688048720359802,1
0.35252630710601807,1
0.38851115107536316,1
0.40106523036956787,1
0.37951016426086426,1
0.4338551163673401,1
0.37140539288520813,1
0.3939146399497986,1
0.32159656286239624,1
0.48711898922920227,1
0.48373568058013916,1
0.4828420579433441,1
0.4651215076446533,1
0.38749057054519653,1
0.38752806186676025,1
0.42364978790283203,1
0.45846134424209595,1
0.38986122608184814,1
0.41497015953063965,1
0.29687291383743286,1
0.3999684453010559,1
0.38943344354629517,1
0.38149625062942505,1
0.37030431628227234,1
0.4162849187850952,1
0.44315800070762634,1
0.3661212921142578,1
0.40875425934791565,1
0.4284384846687317,1
0.4010222852230072,1
0.4455375075340271,1
0.403560996055603,1
0.41125673055648804,1
0.3881753385066986,1
0.5125844478607178,1
0.4033188819885254,1
0.34905144572257996,1
0.37814652919769287,1
0.4151642918586731,1
0.39485815167427063,1
0.3786643147468567,1
0.3827909529209137,1
0.4454048275947571,1
0.32877829670906067,1
0.3538375794887543,1
0.3815575838088989,1
0.3310908377170563,1
0.3548888862133026,1
0.32985562086105347,1
0.35264068841934204,1
0.32440340518951416,1
0.342962384223938,1
0.4510951340198517,1
0.4148469865322113,1
0.35377734899520874,1
0.3668529987335205,1
0.5251002311706543,1
0.4588834047317505,1
0.4130210876464844,1
0.3972320854663849,1
0.48956629633903503,1
0.44555166363716125,1
0.38154157996177673,1
0.3117368519306183,1
0.3523407280445099,1
0.4600236117839813,1
0.40018051862716675,1
0.3321366310119629,1
0.37857043743133545,1
0.34967947006225586,1
0.3510601222515106,1
0.4038724899291992,1
0.4040513038635254,1
0.42221304774284363,1
0.363006055355072,1
0.29629001021385193,1
0.3224537968635559,1
0.39002928137779236,1
0.4595370590686798,1
0.41469916701316833,1
0.3757944405078888,1
0.3871614634990692,1
0.4882460832595825,1
0.42212721705436707,1
0.38892361521720886,1
0.31741777062416077,1
0.4163316488265991,1
0.38183391094207764,1
0.40470045804977417,1
0.5648910999298096,1
0.4699181914329529,1
0.40755537152290344,1
0.3909624218940735,1
0.4810573160648346,1
0.3875827193260193,1
0.38233816623687744,1
0.341994047164917,1
0.31923389434814453,1
0.41171061992645264,1
0.5220021605491638,1
0.39107033610343933,1
0.42483359575271606,1
0.4643733501434326,1
0.454007089138031,1
0.4762040972709656,1
0.319641649723053,1
0.44277259707450867,1
0.4639368951320648,1
0.44898223876953125,1
0.45757564902305603,1
0.314953088760376,1
0.41643786430358887,1
0.3818897008895874,1
0.35976773500442505,1
0.44690418243408203,1
0.42937734723091125,1
0.3483763337135315,1
0.4269176721572876,1
0.37034308910369873,1
0.19526278972625732,1
0.4294176995754242,1
0.41089963912963867,1
0.44719111919403076,1
0.3379383385181427,1
0.32819321751594543,1
0.3738747239112854,1
0.44412919878959656,1
0.39481550455093384,1
0.4342837631702423,1
0.3560642600059509,1
0.4352906346321106,1
0.4225890040397644,1
0.35353589057922363,1
0.34022367000579834,1
0.4634628891944885,1
0.41957399249076843,1
0.31800732016563416,1
0.4469500184059143,1
0.2996405363082886,1
0.5232446789741516,1
0.41513776779174805,1
0.30404528975486755,1
0.42049726843833923,1
0.38174721598625183,1
0.5228340029716492,1
0.5239853858947754,1
0.3592689037322998,1
0.4087996780872345,1
0.4529917240142822,1
0.4000396728515625,1
0.388750821352005,1
0.5089433789253235,1
0.4178377091884613,1
0.4018112123012543,1
0.34020474553108215,1
0.38225388526916504,1
0.355890691280365,1
0.4023149907588959,1
0.3228093683719635,1
0.34290939569473267,1
0.32976073026657104,1
0.4590687155723572,1
0.3880369961261749,1
0.4012261927127838,1
0.413657546043396,1
0.41627761721611023,1
0.4199419617652893,1
0.4534531235694885,1
0.48865363001823425,1
0.3656037449836731,1
0.3335307538509369,1
0.3499905467033386,1
0.45308148860931396,1
0.4521518349647522,1
0.4566538333892822,1
0.3547179102897644,1
0.354570209980011,1
0.32910865545272827,1
0.4229063391685486,1
0.47636857628822327,1
0.33580970764160156,1
0.4396943151950836,1
0.42987045645713806,1
0.3908171057701111,1
0.40222036838531494,1
0.3323100507259369,1
0.4890802800655365,1
0.3134170472621918,1
0.45050960779190063,1
0.4032108783721924,1
0.35699623823165894,1
0.44252902269363403,1
0.3834493160247803,1
0.3118961453437805,1
0.3927207589149475,1
0.4568023383617401,1
0.4131988286972046,1
0.3701866567134857,1
0.4016967713832855,1
0.32472944259643555,1
0.6124508380889893,1
0.3757544457912445,1
0.3799675703048706,1
0.44201233983039856,1
0.3819441497325897,1
0.5072787404060364,1
0.3692886233329773,1
0.40416139364242554,1
0.47410765290260315,1
0.46997106075286865,1
0.4754198491573334,1
0.37802010774612427,1
0.4890201687812805,1
0.33494552969932556,1
0.3128247559070587,1
0.3884681463241577,1
0.4566621482372284,1
0.3557073473930359,1
0.42490050196647644,1
0.41368067264556885,1
0.35993656516075134,1
0.42407599091529846,1
0.3281893730163574,1
0.33356791734695435,1
0.35211747884750366,1
0.3516395092010498,1
0.43786972761154175,1
0.3525802493095398,1
0.5412483811378479,1
0.42887577414512634,1
0.3291676342487335,1
0.3730800151824951,1
0.3345031142234802,1
0.4701234698295593,1
0.4955121874809265,1
0.3216688930988312,1
0.2741502821445465,1
0.29150864481925964,1
0.31400471925735474,1
0.39820125699043274,1
0.48168256878852844,1
0.4962535500526428,1
0.39588937163352966,1
0.4192112684249878,1
0.46715766191482544,1
0.38419967889785767,1
0.37785184383392334,1
0.31955280900001526,1
0.4528477191925049,1
0.3749822974205017,1
0.4050256013870239,1
0.36691635847091675,1
0.4467020630836487,1
0.4758736491203308,1
0.29538747668266296,1
0.31811410188674927,1
0.3814632296562195,1
0.49277544021606445,1
0.39699792861938477,1
0.4025633633136749,1
0.3646937906742096,1
0.39116156101226807,1
0.43131333589553833,1
0.3145575225353241,1
0.4032890498638153,1
0.40883684158325195,1
0.3877330422401428,1
0.4226727783679962,1
0.37986987829208374,1
0.3847614526748657,1
0.4926314949989319,1
0.38696756958961487,1
0.39428001642227173,1
0.38906770944595337,1
0.4608328938484192,1
0.4571808874607086,1
0.3085953891277313,1
0.3766823410987854,1
0.4085594713687897,1
0.4296940565109253,1
0.42649975419044495,1
0.39195716381073,1
0.4807829260826111,1
0.4892607033252716,1
0.5293448567390442,1
0.3771044611930847,1
0.4128282964229584,1
0.4542495608329773,1
0.39065825939178467,1
0.42480117082595825,1
0.3515421450138092,1
0.46413683891296387,1
0.31155839562416077,1
0.42812690138816833,1
0.41584426164627075,1
0.4436226487159729,1
0.46186089515686035,1
0.431423157453537,1
0.3337218761444092,1
0.36285364627838135,1
0.3242473006248474,1
0.34748199582099915,1
0.4158436059951782,1
0.4737170338630676,1
0.40422239899635315,1
0.4328061640262604,1
0.5152182579040527,1
0.40693068504333496,1
0.41730812191963196,1
0.29325464367866516,1
0.3188583254814148,1
0.33485090732574463,1
0.3776146471500397,1
0.353599488735199,1
0.4801146388053894,1
0.45771053433418274,1
0.38899320363998413,1
0.5071996450424194,1
0.4038344621658325,1
0.37544113397598267,1
0.37230485677719116,1
0.40505897998809814,1
0.33415356278419495,1
0.3864503502845764,1
0.3961299955844879,1
0.42286717891693115,1
0.41102659702301025,1
0.31896069645881653,1
0.3895196318626404,1
0.46671971678733826,1
0.35220304131507874,1
0.4600880742073059,1
0.3511561453342438,1
0.3440045714378357,1
0.31036385893821716,1
0.5200567841529846,1
0.46208512783050537,1
0.38055604696273804,1
0.4669005274772644,1
0.33040928840637207,1
0.4172953963279724,1
0.4429300129413605,1
0.3466554880142212,1
0.41843903064727783,1
0.31993430852890015,1
0.3288506865501404,1
0.4498313069343567,1
0.3019867241382599,1
0.4044942557811737,1
0.49650174379348755,1
0.4774789810180664,1
0.31080323457717896,1
0.4490824043750763,1
0.41834306716918945,1
0.37101757526397705,1
0.4822232127189636,1
0.41875672340393066,1
0.3337532877922058,1
0.5419596433639526,1
0.2639634609222412,1
0.3519437313079834,1
0.48435309529304504,1
0.43212446570396423,1
0.46832194924354553,1
0.34509703516960144,1
0.5417390465736389,1
0.3612126410007477,1
0.5490833520889282,1
0.46699392795562744,1
0.4403565526008606,1
0.42046058177948,1
0.4483141601085663,1
0.44519728422164917,1
0.27763038873672485,1
0.389248788356781,1
0.47164687514305115,1
0.3641778528690338,1
0.4072723984718323,1
0.4294082820415497,1
0.46258336305618286,1
0.3248908519744873,1
0.4557178020477295,1
0.378777414560318,1
0.3019779324531555,1
0.3681865334510803,1
0.4685824513435364,1
0.4608571529388428,1
0.4506389796733856,1
0.40816548466682434,1
0.4749775528907776,1
0.39057105779647827,1
0.4442616105079651,1
0.3957747220993042,1
0.4042767286300659,1
0.2700784206390381,1
0.4255172908306122,1
0.46470263600349426,1
0.3715386986732483,1
0.32894203066825867,1
0.36606109142303467,1
0.41979753971099854,1
0.37095338106155396,1
0.36663490533828735,1
0.5602611303329468,1
0.3436310291290283,1
0.36450207233428955,1
0.35600945353507996,1
0.35723865032196045,1
0.42481306195259094,1
0.3944471478462219,1
0.4799354672431946,1
0.38352251052856445,1
0.4617488980293274,1
0.41965994238853455,1
0.4812522828578949,1
0.46828702092170715,1
0.35987740755081177,1
0.3648826777935028,1
0.419662743806839,1
0.4027177393436432,1
0.3843013644218445,1
0.4405486583709717,1
0.37145543098449707,1
0.4446597099304199,1
0.34210529923439026,1
0.46675020456314087,1
0.3597952723503113,1
0.39590349793434143,1
0.41300201416015625,1
0.4068487286567688,1
0.4155375063419342,1
0.3770023286342621,1
0.40950697660446167,1
0.4089052081108093,1
0.3393675684928894,1
0.3660898804664612,1
0.30845335125923157,1
0.4252300262451172,1
0.45198220014572144,1
0.4591025114059448,1
0.4280065894126892,1
0.3031814694404602,1
0.4905613362789154,1
0.3378124535083771,1
0.33815574645996094,1
0.3165229558944702,1
0.27777212858200073,1
0.3565368354320526,1
0.4458461105823517,1
0.41724830865859985,1
0.47621434926986694,1
0.44733375310897827,1
0.37464162707328796,1
0.6459069848060608,1
0.5919253826141357,1
0.33014631271362305,1
0.4262803792953491,1
0.2229243516921997,1
0.39489758014678955,1
0.3487747609615326,1
0.4679810404777527,1
0.3637506067752838,1
0.43199649453163147,1
0.35324668884277344,1
0.341034859418869,1
0.5674008727073669,1
0.41027724742889404,1
0.42096585035324097,1
0.40985551476478577,1
0.4679235517978668,1
0.39729052782058716,1
0.3639455735683441,1
0.4449538588523865,1
0.34602129459381104,1
0.4019850790500641,1
0.37643614411354065,1
0.3985191285610199,1
0.41714566946029663,1
0.3559841215610504,1
0.5099963545799255,1
0.39031583070755005,1
0.29207801818847656,1
0.5309134721755981,1
0.3530278503894806,1
0.3330099880695343,1
0.5631747841835022,1
0.3823090195655823,1
0.3391869068145752,1
0.37486016750335693,1
0.5456403493881226,1
0.34998440742492676,1
0.36475813388824463,1
0.3902932405471802,1
0.42000240087509155,1
0.3891673684120178,1
0.3532297611236572,1
0.2803739607334137,1
0.36180567741394043,1
0.42038238048553467,1
0.45502880215644836,1
0.2842715382575989,1
0.5083490014076233,1
0.30673372745513916,1
0.3367707133293152,1
0.319519579410553,1
0.3547514081001282,1
0.32079946994781494,1
0.3448069095611572,1
0.4017575979232788,1
0.5146352052688599,1
0.3845151662826538,1
0.36485782265663147,1
0.41009414196014404,1
0.3725734353065491,1
0.43527790904045105,1
0.49668169021606445,1
0.30875155329704285,1
0.34304845333099365,1
0.4007638394832611,1
0.31257927417755127,1
0.3164770007133484,1
0.40854060649871826,1
0.38166069984436035,1
0.4708581566810608,1
0.3285212218761444,1
0.3162974715232849,1
0.34161847829818726,1
0.4656952917575836,1
0.3973660171031952,1
0.3738078474998474,1
0.4763214588165283,1
0.3751845359802246,1
0.3869256377220154,1
0.34950369596481323,1
0.40215909481048584,1
0.46494439244270325,1
0.3953779935836792,1
0.4951017498970032,1
0.4887036979198456,1
0.5138349533081055,1
0.4881296455860138,1
0.43511253595352173,1
0.37202513217926025,1
0.4432913661003113,1
0.5245562791824341,1
0.41977185010910034,1
0.2510935366153717,1
0.4978716969490051,1
0.6162269115447998,1
0.44683951139450073,1
0.4288172721862793,1
0.31733810901641846,1
0.3980630040168762,1
0.3304491341114044,1
0.45042115449905396,1
0.4332354962825775,1
0.507409930229187,1
0.491727352142334,1
0.3908817172050476,1
0.3775571584701538,1
0.3868483304977417,1
0.399330735206604,1
0.46295732259750366,1
0.4893794059753418,1
0.32400694489479065,1
0.5868765115737915,1
0.343372106552124,1
0.37011539936065674,1
0.4685518145561218,1
0.470200777053833,1
0.42542919516563416,1
0.37980136275291443,1
0.42208942770957947,1
0.47200527787208557,1
0.39714664220809937,1
0.3556556701660156,1
0.39410796761512756,1
0.45118147134780884,1
0.30401670932769775,1
0.35355791449546814,1
0.42620420455932617,1
0.4013506770133972,1
0.4113399088382721,1
0.48608195781707764,1
0.48741528391838074,1
0.43253999948501587,1
0.39404386281967163,1
0.532831072807312,1
0.4029005169868469,1
0.33055758476257324,1
0.40653759241104126,1
0.45009076595306396,1
0.37609073519706726,1
0.4171828031539917,1
0.3402387201786041,1
0.40820348262786865,1
0.3495681583881378,1
0.5145875215530396,1
0.4398029148578644,1
0.37938693165779114,1
0.2873046398162842,1
0.4051162600517273,1
0.3653011620044708,1
0.40849569439888,1
0.4393784999847412,1
0.41109800338745117,1
0.4582374095916748,1
0.4173339009284973,1
0.41760489344596863,1
0.37732475996017456,1
0.32236820459365845,1
0.36131751537323,1
0.35100531578063965,1
0.3428479731082916,1
0.5558969378471375,1
0.39577654004096985,1
0.4005545377731323,1
0.3848626911640167,1
0.42142605781555176,1
0.28622835874557495,1
0.3051832914352417,1
0.36675065755844116,1
0.44948577880859375,1
0.3975266218185425,1
0.3208443820476532,1
0.22997234761714935,1
0.3605944514274597,1
0.3591148853302002,1
0.403965562582016,1
0.38747015595436096,1
0.3648906350135803,1
0.3212663233280182,1
0.4194476008415222,1
0.39276236295700073,1
0.46785321831703186,1
0.37241390347480774,1
0.23046746850013733,1
0.356579065322876,1
0.5460663437843323,1
0.4075082540512085,1
0.4091144800186157,1
0.36691814661026,1
0.3354494571685791,1
0.24428626894950867,1
0.45010051131248474,1
0.48120903968811035,1
0.44891923666000366,1
0.3763774335384369,1
0.31774604320526123,1
0.5135359168052673,1
0.38726451992988586,1
0.3651766777038574,1
0.40048789978027344,1
0.36814403533935547,1
0.4180033802986145,1
0.5791530013084412,1
0.5347212553024292,1
0.35808828473091125,1
0.43308839201927185,1
0.33519598841667175,1
0.36373865604400635,1
0.33685576915740967,1
0.51674485206604,1
0.403260201215744,1
0.3782446086406708,1
0.47605693340301514,1
0.4030025601387024,1
0.36721283197402954,1
0.3917953372001648,1
0.5284388065338135,1
0.5353882312774658,1
0.412936270236969,1
0.3901938498020172,1
0.3967369496822357,1
0.4647930860519409,1
0.35759466886520386,1
0.4247119128704071,1
0.41279855370521545,1
0.3474135994911194,1
0.4042389690876007,1
0.37732815742492676,1
0.34426218271255493,1
0.41280481219291687,1
0.3320610225200653,1
0.45402780175209045,1
0.4658909738063812,1
0.34892773628234863,1
0.39539003372192383,1
0.5104972124099731,1
0.41087836027145386,1
0.406729131937027,1
0.32215291261672974,1
0.3437938988208771,1
0.3731970191001892,1
0.39741283655166626,1
0.4232378304004669,1
0.34761476516723633,1
0.2805790305137634,1
0.3388698697090149,1
0.33838170766830444,1
0.5100433826446533,1
0.35558605194091797,1
0.30686748027801514,1
0.3141034245491028,1
0.4536096453666687,1
0.3130675256252289,1
0.5394903421401978,1
0.4274718761444092,1
0.49171534180641174,1
0.3229256272315979,1
0.36455038189888,1
0.2773880362510681,1
0.43397822976112366,1
0.4099220335483551,1
0.3845058083534241,1
0.35801616311073303,1
0.41954150795936584,1
0.39981546998023987,1
0.3805641531944275,1
0.3907366096973419,1
0.4504796266555786,1
0.38657575845718384,1
0.47491419315338135,1
0.38905462622642517,1
0.42050445079803467,1
0.4042710065841675,1
0.35357823967933655,1
0.38632047176361084,1
0.5776122808456421,1
0.45367181301116943,1
0.41442587971687317,1
0.5290364027023315,1
0.5719611644744873,1
0.4051872789859772,1
0.37651148438453674,1
0.33188119530677795,1
0.4760299324989319,1
0.5350613594055176,1
0.4396800994873047,1
0.43966037034988403,1
0.46947288513183594,1
0.44493216276168823,1
0.48393842577934265,1
0.38121360540390015,1
0.36470919847488403,1
0.39911288022994995,1
0.3968486785888672,1
0.5280730724334717,1
0.38717639446258545,1
0.375113844871521,1
0.3529330790042877,1
0.3613778352737427,1
0.33763736486434937,1
0.3866097629070282,1
0.3347420394420624,1
0.3632495403289795,1
0.4454059600830078,1
0.5076882243156433,1
0.30412471294403076,1
0.39341604709625244,1
0.34879422187805176,1
0.31281033158302307,1
0.43835562467575073,1
0.4256534278392792,1
0.3499724268913269,1
0.3421977758407593,1
0.43046140670776367,1
0.37687668204307556,1
0.4001537263393402,1
0.3536001443862915,1
0.534521758556366,1
0.3824349641799927,1
0.40620216727256775,1
0.3975745439529419,1
0.43708667159080505,1
0.5634530782699585,1
0.4301065504550934,1
0.3981066942214966,1
0.42401736974716187,1
0.4676816761493683,1
0.39125579595565796,1
0.4375811815261841,1
0.5024992227554321,1
0.45131176710128784,1
0.287885844707489,1
0.35171252489089966,1
0.38995423913002014,1
0.3566330671310425,1
0.3466811776161194,1
0.34734201431274414,1
0.3176495432853699,1
0.38667258620262146,1
0.4488382339477539,1
0.4666774570941925,1
0.3895856738090515,1
0.3574117422103882,1
0.3894367516040802,1
0.4753916561603546,1
0.39748942852020264,1
0.4434283375740051,1
0.4137016534805298,1
0.41422417759895325,1
0.36083337664604187,1
0.32442060112953186,1
0.3596283197402954,1
0.361228346824646,1
0.4356152415275574,1
0.38205936551094055,1
0.34834808111190796,1
0.3284253776073456,1
0.4208236038684845,1
0.4209747016429901,1
0.39068377017974854,1
0.4750105142593384,1
0.5146875977516174,1
0.5115513205528259,1
0.40550756454467773,1
0.32580041885375977,1
0.48246514797210693,1
0.4085451662540436,1
0.34239086508750916,1
0.41079044342041016,1
0.42790353298187256,1
0.531967282295227,1
0.3551168143749237,1
0.3437232971191406,1
0.3737967014312744,1
0.34786438941955566,1
0.3798651099205017,1
0.42620623111724854,1
0.463614821434021,1
0.44700300693511963,1
0.23614615201950073,1
0.3968784213066101,1
0.31165188550949097,1
0.336879163980484,1
0.45731890201568604,1
0.33709704875946045,1
0.41606831550598145,1
0.41348081827163696,1
0.4371127784252167,1
0.42281514406204224,1
0.4150504767894745,1
0.4740091562271118,1
0.4392986595630646,1
0.37123721837997437,1
0.38955157995224,1
0.37839943170547485,1
0.4833887815475464,1
0.38431844115257263,1
0.4217359721660614,1
0.46615904569625854,1
0.32971298694610596,1
0.537071943283081,1
0.4013989567756653,1
0.3491653501987457,1
0.33375370502471924,1
0.44867032766342163,1
0.37556397914886475,1
0.4201045036315918,1
0.5060407519340515,1
0.339597225189209,1
0.33144208788871765,1
0.4147602319717407,1
0.4469907879829407,1
0.47191935777664185,1
0.41591376066207886,1
0.4247768223285675,1
0.4106716513633728,1
0.3695613145828247,1
0.46477988362312317,1
0.41295522451400757,1
0.48203420639038086,1
0.35862237215042114,1
0.4453149437904358,1
0.3244852125644684,1
0.3593486547470093,1
0.45720383524894714,1
0.3833845555782318,1
0.2921640872955322,1
0.3492032289505005,1
0.5980958342552185,1
0.38284221291542053,1
0.3551616370677948,1
0.4906582236289978,1
0.42607569694519043,1
0.4134417176246643,1
0.4104453921318054,1
0.3942157030105591,1
0.5217872858047485,1
0.3644395172595978,1
0.33450180292129517,1
0.4312039017677307,1
0.412433922290802,1
0.3019723892211914,1
0.3072583079338074,1
0.4154932498931885,1
0.3847868740558624,1
0.2659608721733093,1
0.376167893409729,1
0.35114535689353943,1
0.3057235777378082,1
0.33591020107269287,1
0.3799511790275574,1
0.49881255626678467,1
0.3702635169029236,1
0.4206666946411133,1
0.42110300064086914,1
0.433174192905426,1
0.3847733736038208,1
0.3966211676597595,1
0.395081490278244,1
0.4040619432926178,1
0.5277173519134521,1
0.35997068881988525,1
0.41235625743865967,1
0.4982783794403076,1
0.5422698259353638,1
0.35796424746513367,1
0.4418257474899292,1
0.4533848166465759,1
0.4437931478023529,1
0.41663721203804016,1
0.32348692417144775,1
0.34616056084632874,1
0.3858983814716339,1
0.4166851043701172,1
0.5171741247177124,1
0.3636157512664795,1
0.3486815392971039,1
0.31495100259780884,1
0.3529236912727356,1
0.4149707555770874,1
0.3879627287387848,1
0.3470255732536316,1
0.313845694065094,1
0.5466405153274536,1
0.36517900228500366,1
0.43915218114852905,1
0.5276143550872803,1
0.4116869568824768,1
0.2800157070159912,1
0.43551212549209595,1
0.42958760261535645,1
0.5679330825805664,1
0.335554301738739,1
0.3782929480075836,1
0.440377801656723,1
0.37941500544548035,1
0.44234371185302734,1
0.44793224334716797,1
0.47409307956695557,1
0.3745124340057373,1
0.3754916191101074,1
0.3745526373386383,1
0.35030052065849304,1
0.38236188888549805,1
0.40867435932159424,1
0.4077966809272766,1
0.4498148560523987,1
0.4586983323097229,1
0.40093016624450684,1
0.36639511585235596,1
0.43758854269981384,1
0.3448140025138855,1
0.43811655044555664,1
0.4846876561641693,1
0.4001009464263916,1
0.4404733180999756,1
0.3797779977321625,1
0.333889365196228,1
0.34097275137901306,1
0.3743634819984436,1
0.34624767303466797,1
0.27397620677948,1
0.4028138220310211,1
0.39276638627052307,1
0.4458431601524353,1
0.34534353017807007,1
0.4664638042449951,1
0.3985258936882019,1
0.42240336537361145,1
0.3430609703063965,1
0.351651132106781,1
0.4199230670928955,1
0.33199116587638855,1
0.2681998908519745,1
0.38958388566970825,1
0.34393149614334106,1
0.4127731919288635,1
0.4101516008377075,1
0.5652354955673218,1
0.4305635094642639,1
0.3521869480609894,1
0.36598047614097595,1
0.4297637343406677,1
0.3484918177127838,1
0.42039597034454346,1
0.34649714827537537,1
0.3893779516220093,1
0.38440337777137756,1
0.34226757287979126,1
0.398770272731781,1
0.37949424982070923,1
0.43059977889060974,1
0.33825403451919556,1
0.362843781709671,1
0.5319707989692688,1
0.39997348189353943,1
0.4332822263240814,1
0.3941273093223572,1
0.4959777891635895,1
0.4756237864494324,1
0.44529736042022705,1
0.3392111361026764,1
0.47128716111183167,1
0.3919083774089813,1
0.2904382348060608,1
0.41890496015548706,1
0.5064243674278259,1
0.36948803067207336,1
0.3116525709629059,1
0.4130989611148834,1
0.3931790888309479,1
0.5471535921096802,1
0.4645151197910309,1
0.42093998193740845,1
0.5254223346710205,1
0.4304920434951782,1
0.41188547015190125,1
0.37130245566368103,1
0.3125572204589844,1
0.3103042244911194,1
0.36869731545448303,1
0.385831743478775,1
0.4947165250778198,1
0.47576725482940674,1
0.3902401030063629,1
0.36321544647216797,1
0.42436927556991577,1
0.4812944233417511,1
0.3745276629924774,1
0.36618471145629883,1
0.41659653186798096,1
0.40620917081832886,1
0.4472269117832184,1
0.3804578185081482,1
0.4543106257915497,1
0.3354383111000061,1
0.4234963655471802,1
0.39718133211135864,1
0.4524385631084442,1
0.424541711807251,1
0.4153267741203308,1
0.4218602478504181,1
0.3628174066543579,1
0.3441605567932129,1
0.4153138995170593,1
0.35802173614501953,1
0.3790704011917114,1
0.32215604186058044,1
0.4032496213912964,1
0.4655502438545227,1
0.5268917083740234,1
0.5071960091590881,1
0.5201336741447449,1
0.5304230451583862,1
0.4108680486679077,1
0.3354821503162384,1
0.3730146586894989,1
0.33404573798179626,1
0.521891713142395,1
0.35324954986572266,1
0.3775901794433594,1
0.38607513904571533,1
0.316814124584198,1
0.34445542097091675,1
0.4162784218788147,1
0.32235053181648254,1
0.4090823531150818,1
0.4050028324127197,1
0.33601924777030945,1
0.48907971382141113,1
0.2857383191585541,1
0.36462393403053284,1
0.3922605514526367,1
0.2935662865638733,1
0.3828679919242859,1
0.3193405866622925,1
0.48980677127838135,1
0.47810202836990356,1
0.35324934124946594,1
0.46665266156196594,1
0.4840902090072632,1
0.3879154324531555,1
0.2928188443183899,1
0.4173344671726227,1
0.3150700032711029,1
0.4230561852455139,1
0.2957834303379059,1
0.31819868087768555,1
0.3405526876449585,1
0.4056924283504486,1
0.4575524926185608,1
0.3305538296699524,1
0.3415563404560089,1
0.4798484146595001,1
0.4977630376815796,1
0.36586129665374756,1
0.4762105941772461,1
0.37660878896713257,1
0.4174141585826874,1
0.5005762577056885,1
0.3508450388908386,1
0.43248045444488525,1
0.3494134843349457,1
0.43173909187316895,1
0.46616485714912415,1
0.36836743354797363,1
0.40118882060050964,1
0.29373830556869507,1
0.4077765941619873,1
0.45676910877227783,1
0.33971378207206726,1
0.5284262895584106,1
0.475453644990921,1
0.35442864894866943,1
0.3578868508338928,1
0.3970240354537964,1
0.5004381537437439,1
0.32150134444236755,1
0.3285672664642334,1
0.39739125967025757,1
0.3285827040672302,1
0.317990779876709,1
0.4613706171512604,1
0.4874650239944458,1
0.3767659664154053,1
0.3581012785434723,1
0.4158802032470703,1
0.43782126903533936,1
0.38472068309783936,1
0.4863378405570984,1
0.41129302978515625,1
0.3726130425930023,1
0.47471198439598083,1
0.3236831724643707,1
0.4206325113773346,1
0.4351782500743866,1
0.4172321557998657,1
0.3305264711380005,1
0.3562190532684326,1
0.46341264247894287,1
0.28004133701324463,1
0.4107731282711029,1
0.3221844732761383,1
0.3783302903175354,1
0.3257332146167755,1
0.4105737805366516,1
0.3799976706504822,1
0.35815003514289856,1
0.3869742155075073,1
0.3288898169994354,1
0.4125204086303711,1
0.42221319675445557,1
0.5138301253318787,1
0.3968554139137268,1
0.34027522802352905,1
0.38815346360206604,1
0.4529479146003723,1
0.513890266418457,1
0.46393898129463196,1
0.37438076734542847,1
0.41487568616867065,1
0.3561594486236572,1
0.44685056805610657,1
0.41493910551071167,1
0.4406370520591736,1
0.38959836959838867,1
0.42413783073425293,1
0.4043094515800476,1
0.33947548270225525,1
0.3496365249156952,1
0.4199540615081787,1
0.20310531556606293,1
0.33703839778900146,1
0.36492201685905457,1
0.35474893450737,1
0.4147701859474182,1
0.35120630264282227,1
0.3833853006362915,1
0.417395681142807,1
0.3565030097961426,1
0.4542910158634186,1
0.40048304200172424,1
0.49651914834976196,1
0.478012353181839,1
0.3220972716808319,1
0.3774673342704773,1
0.2870156764984131,1
0.40035712718963623,1
0.447618305683136,1
0.4012225866317749,1
0.4528881907463074,1
0.36786866188049316,1
0.4451885223388672,1
0.4221188426017761,1
0.522864580154419,1
0.5235685110092163,1
0.41902193427085876,1
0.5737791061401367,1
0.396522581577301,1
0.3167951703071594,1
0.27921536564826965,1
0.4582452178001404,1
0.33224713802337646,1
0.37933799624443054,1
0.37541407346725464,1
0.373126357793808,1
0.5556135773658752,1
0.39337798953056335,1
0.4221033453941345,1
0.3025069236755371,1
0.3845045864582062,1
0.3899603486061096,1
0.4449130892753601,1
0.535656213760376,1
0.4028472304344177,1
0.3782796263694763,1
0.4510624408721924,1
0.37047621607780457,1
0.4064811170101166,1
0.4139626622200012,1
0.3521871268749237,1
0.4611927270889282,1
0.4685259461402893,1
0.39566195011138916,1
0.3830125033855438,1
0.36751842498779297,1
0.4882601499557495,1
0.40820327401161194,1
0.3372148871421814,1
0.37482571601867676,1
0.4017949104309082,1
0.3237084150314331,1
0.3586124777793884,1
0.4481412470340729,1
0.46963655948638916,1
0.38997092843055725,1
0.46668049693107605,1
0.42032113671302795,1
0.4804958701133728,1
0.6048787832260132,1
0.41092416644096375,1
0.37781229615211487,1
0.42310264706611633,1
0.3601164221763611,1
0.388427197933197,1
0.38861170411109924,1
0.39379560947418213,1
0.536413311958313,1
0.4066859483718872,1
0.3465558886528015,1
0.3648395240306854,1
0.32687780261039734,1
0.5184831023216248,1
0.37044328451156616,1
0.3013607859611511,1
0.5132408738136292,1
0.30310359597206116,1
0.47050195932388306,1
0.44474661350250244,1
0.36259782314300537,1
0.49820685386657715,1
0.4484005868434906,1
0.526648998260498,1
0.36107689142227173,1
0.39954566955566406,1
0.5168442130088806,1
0.29831233620643616,1
0.309066504240036,1
0.40863698720932007,1
0.37803059816360474,1
0.5011674761772156,1
0.370389848947525,1
0.3919174373149872,1
0.4689033329486847,1
0.4581869840621948,1
0.5083773732185364,1
0.42251497507095337,1
0.2927325963973999,1
0.4786572754383087,1
0.422039270401001,1
0.4679620563983917,1
0.36021888256073,1
0.4029194116592407,1
0.48959052562713623,1
0.38768231868743896,1
0.4381996691226959,1
0.3858444094657898,1
0.4102049469947815,1
0.42279988527297974,1
0.4609885811805725,1
0.4410189986228943,1
0.45882412791252136,1
0.4750385284423828,1
0.38106435537338257,1
0.37888768315315247,1
0.4274299740791321,1
0.46688112616539,1
0.38108712434768677,1
0.3518802523612976,1
0.37374424934387207,1
0.4203028082847595,1
0.3203616142272949,1
0.33010542392730713,1
0.3157517611980438,1
0.31857332587242126,1
0.3258492350578308,1
0.5279549360275269,1
0.36719846725463867,1
0.44520407915115356,1
0.40988707542419434,1
0.4099729061126709,1
0.4131712317466736,1
0.5278002023696899,1
0.37564581632614136,1
0.48329296708106995,1
0.5184631943702698,1
0.46680259704589844,1
0.38979893922805786,1
0.4542340636253357,1
0.3264807462692261,1
0.4532066583633423,1
0.4564511775970459,1
0.41079893708229065,1
0.5171126127243042,1
0.3951484262943268,1
0.36335310339927673,1
0.4775336980819702,1
0.4378480613231659,1
0.3664860427379608,1
0.4718317985534668,1
0.49415701627731323,1
0.40466636419296265,1
0.39530545473098755,1
0.40746158361434937,1
0.4411858320236206,1
0.3462768793106079,1
0.38484302163124084,1
0.39802753925323486,1
0.4336036741733551,1
0.38639897108078003,1
0.4205959439277649,1
0.4714679718017578,1
0.31960585713386536,1
0.48922860622406006,1
0.3331911265850067,1
0.32258090376853943,1
0.37592118978500366,1
0.33114516735076904,1
0.32524168491363525,1
0.41513869166374207,1
0.4502313733100891,1
0.3515916168689728,1
0.2846722900867462,1
0.40812069177627563,1
0.32006245851516724,1
0.36451926827430725,1
0.33084598183631897,1
0.44613516330718994,1
0.4139080345630646,1
0.4881127178668976,1
0.41420358419418335,1
0.40469735860824585,1
0.48352235555648804,1
0.3736080527305603,1
0.3892720937728882,1
0.49692726135253906,1
0.46216192841529846,1
0.3603219985961914,1
0.4311707019805908,1
0.4233121871948242,1
0.3627929091453552,1
0.39763182401657104,1
0.400368869304657,1
0.361184298992157,1
0.36395764350891113,1
0.48787474632263184,1
0.36208346486091614,1
0.38393908739089966,1
0.37080880999565125,1
0.4012254476547241,1
0.5158959031105042,1
0.37906837463378906,1
0.40108686685562134,1
0.41961830854415894,1
0.41200369596481323,1
0.44272756576538086,1
0.4551873803138733,1
0.44877326488494873,1
0.37071460485458374,1
0.41389912366867065,1
0.3343786895275116,1
0.3711238205432892,1
0.372639536857605,1
0.4014323949813843,1
0.4828456938266754,1
0.4034000039100647,1
0.3844764232635498,1
0.4505271911621094,1
0.3657004237174988,1
0.36749446392059326,1
0.38303717970848083,1
0.39525261521339417,1
0.2822612524032593,1
0.42972978949546814,1
0.39706939458847046,1
0.46065637469291687,1
0.46843668818473816,1
0.4705292880535126,1
0.3402594327926636,1
0.4249821603298187,1
0.5012054443359375,1
0.430838942527771,1
0.5123176574707031,1
0.43053001165390015,1
0.36005687713623047,1
0.3819141387939453,1
0.3419308066368103,1
0.38597989082336426,1
0.31640225648880005,1
0.3954530954360962,1
0.45423978567123413,1
0.36805206537246704,1
0.3534751832485199,1
0.4074704051017761,1
0.470303475856781,1
0.36674460768699646,1
0.3826773166656494,1
0.46657463908195496,1
0.27500438690185547,1
0.41458630561828613,1
0.32897961139678955,1
0.3687039017677307,1
0.3921647369861603,1
0.36490005254745483,1
0.532045841217041,1
0.4329698085784912,1
0.3004828095436096,1
0.37748026847839355,1
0.42301779985427856,1
0.35064202547073364,1
0.3506064713001251,1
0.4123658835887909,1
0.5201396942138672,1
0.3706463575363159,1
0.39783012866973877,1
0.421245813369751,1
0.3440384864807129,1
0.3329954147338867,1
0.49521422386169434,1
0.2848668098449707,1
0.4016568660736084,1
0.29641273617744446,1
0.42187508940696716,1
0.48270851373672485,1
0.39683347940444946,1
0.374600350856781,1
0.4273282587528229,1
0.44937068223953247,1
0.476431280374527,1
0.47521093487739563,1
0.43776869773864746,1
0.3789481222629547,1
0.4191387891769409,1
0.4288644790649414,1
0.4244862198829651,1
0.42933303117752075,1
0.40456724166870117,1
0.3405763506889343,1
0.40541207790374756,1
0.35023489594459534,1
0.4599084258079529,1
0.35092782974243164,1
0.43780532479286194,1
0.44444596767425537,1
0.4541705846786499,1
0.4181663393974304,1
0.3014709949493408,1
0.42781347036361694,1
0.3184579610824585,1
0.4342799782752991,1
0.36077144742012024,1
0.3466150462627411,1
0.3397432565689087,1
0.40159472823143005,1
0.3537898659706116,1
0.39604392647743225,1
0.4889404773712158,1
0.4283885359764099,1
0.3665100932121277,1
0.3279348611831665,1
0.3010740280151367,1
0.373051255941391,1
0.5322913527488708,1
0.41377633810043335,1
0.332108736038208,1
0.4022105932235718,1
0.4443508982658386,1
0.38551414012908936,1
0.42300811409950256,1
0.4194179177284241,1
0.3731558918952942,1
0.40270256996154785,1
0.4911685585975647,1
0.4100795388221741,1
0.37674394249916077,1
0.4525333344936371,1
0.2845102846622467,1
0.3477100133895874,1
0.4370276927947998,1
0.37424659729003906,1
0.3647491931915283,1
0.4316405653953552,1
0.3823704421520233,1
0.3197905719280243,1
0.43985068798065186,1
0.48815837502479553,1
0.3239865303039551,1
0.43231266736984253,1
0.36492037773132324,1
0.3681902289390564,1
0.3695058822631836,1
0.46648573875427246,1
0.3175661861896515,1
0.43665561079978943,1
0.34339869022369385,1
0.5646538734436035,1
0.5169728398323059,1
0.4242894947528839,1
0.4378753900527954,1
0.3940715491771698,1
0.42914509773254395,1
0.38601547479629517,1
0.32308149337768555,1
0.4163167476654053,1
0.329292356967926,1
0.4600471556186676,1
0.46441319584846497,1
0.29762765765190125,1
0.3346908986568451,1
0.47093790769577026,1
0.35529083013534546,1
0.3991422951221466,1
0.34411555528640747,1
0.3610667586326599,1
0.3564409017562866,1
0.3135963976383209,1
0.44032806158065796,1
0.3836691081523895,1
0.3770163357257843,1
0.3508392870426178,1
0.41741472482681274,1
0.43949654698371887,1
0.5321064591407776,1
0.4227881133556366,1
0.3555958867073059,1
0.41414526104927063,1
0.46588048338890076,1
0.413174569606781,1
0.4154621958732605,1
0.38244640827178955,1
0.25282198190689087,1
0.29262715578079224,1
0.47469446063041687,1
0.484151691198349,1
0.3531379997730255,1
0.43551307916641235,1
0.5269481539726257,1
0.4673619866371155,1
0.3140871524810791,1
0.4497663378715515,1
0.3316395580768585,1
0.37118926644325256,1
0.43445849418640137,1
0.41969865560531616,1
0.35283058881759644,1
0.4143737554550171,1
0.412639319896698,1
0.3659577965736389,1
0.3788512349128723,1
0.45950669050216675,1
0.3672049045562744,1
0.33106353878974915,1
0.47041767835617065,1
0.37549054622650146,1
0.3310568630695343,1
0.375615656375885,1
0.29501670598983765,1
0.425361692905426,1
0.29474571347236633,1
0.3455515205860138,1
0.34690752625465393,1
0.48279109597206116,1
0.4903060793876648,1
0.294089674949646,1
0.5073114633560181,1
0.5181184411048889,1
0.4562191963195801,1
0.35585564374923706,1
0.3574274182319641,1
0.3375225365161896,1
0.391579270362854,1
0.4415900707244873,1
0.3656775951385498,1
0.367149293422699,1
0.36166709661483765,1
0.360906183719635,1
0.4236251711845398,1
0.4039182960987091,1
0.44163310527801514,1
0.38725173473358154,1
0.4345502257347107,1
0.40547800064086914,1
0.46274083852767944,1
0.349331259727478,1
0.3477932810783386,1
0.31104934215545654,1
0.45485544204711914,1
0.3657881021499634,1
0.35038644075393677,1
0.5027458667755127,1
0.3266338109970093,1
0.483975350856781,1
0.4122140407562256,1
0.4623885154724121,1
0.505089282989502,1
0.46125465631484985,1
0.3908354938030243,1
0.38376882672309875,1
0.4016972780227661,1
0.3386540114879608,1
0.3958550989627838,1
0.420554518699646,1
0.36591941118240356,1
0.3996848165988922,1
0.3819410502910614,1
0.3584285080432892,1
0.3706599473953247,1
0.23608466982841492,1
0.3467608392238617,1
0.36722952127456665,1
0.3736042380332947,1
0.4340457618236542,1
0.3776074945926666,1
0.3897933065891266,1
0.3836526572704315,1
0.3951919972896576,1
0.32610970735549927,1
0.42691275477409363,1
0.357331782579422,1
0.40786823630332947,1
0.401741623878479,1
0.44777727127075195,1
0.4400806427001953,1
0.32586669921875,1
0.44868695735931396,1
0.3299196660518646,1
0.46243417263031006,1
0.36757418513298035,1
0.29462942481040955,1
0.36188632249832153,1
0.29726365208625793,1
0.36600685119628906,1
0.43955349922180176,1
0.44375085830688477,1
0.4416935443878174,1
0.2884393036365509,1
0.4054432213306427,1
0.46102190017700195,1
0.27615201473236084,1
0.3850281238555908,1
0.35633617639541626,1
0.4309888184070587,1
0.5609074831008911,1
0.4359322190284729,1
0.5070689916610718,1
0.43317753076553345,1
0.3791249692440033,1
0.35267531871795654,1
0.3517916202545166,1
0.26441362500190735,1
0.35545992851257324,1
0.43629348278045654,1
0.45309919118881226,1
0.4048699736595154,1
0.4157789647579193,1
0.4666914939880371,1
0.4664623737335205,1
0.4751933813095093,1
0.44733184576034546,1
0.4444563388824463,1
0.39096933603286743,1
0.38546308875083923,1
0.38676968216896057,1
0.4342947006225586,1
0.43902912735939026,1
0.3820369839668274,1
0.45879292488098145,1
0.3710792660713196,1
0.44311830401420593,1
0.4196126163005829,1
0.4280608892440796,1
0.4888607859611511,1
0.36616334319114685,1
0.43694567680358887,1
0.3787333369255066,1
0.44309180974960327,1
0.3772864043712616,1
0.3444167375564575,1
0.4668452739715576,1
0.3266535997390747,1
0.3599468171596527,1
0.42959848046302795,1
0.3513283133506775,1
0.32366716861724854,1
0.44734326004981995,1
0.3284446597099304,1
0.4227175712585449,1
0.4934094250202179,1
0.5103482604026794,1
0.4492308795452118,1
0.4473992586135864,1
0.34892454743385315,1
0.3951895236968994,1
0.28132057189941406,1
0.4294772148132324,1
0.3608582019805908,1
0.3595670461654663,1
0.4574897885322571,1
0.37902694940567017,1
0.41842877864837646,1
0.3623998761177063,1
0.4396185874938965,1
0.5045754909515381,1
0.3313159942626953,1
0.2865029275417328,1
0.5051713585853577,1
0.3894529640674591,1
0.28216034173965454,1
0.3861442506313324,1
0.42974260449409485,1
0.4123532772064209,1
0.34559816122055054,1
0.3883231282234192,1
0.36864417791366577,1
0.45824411511421204,1
0.433180570602417,1
0.4754943251609802,1
0.44184234738349915,1
0.3708539605140686,1
0.3368734121322632,1
0.414428174495697,1
0.4224492311477661,1
0.39207595586776733,1
0.3978647291660309,1
0.38631418347358704,1
0.3867950439453125,1
0.40464240312576294,1
0.4463667869567871,1
0.34467101097106934,1
0.4477747976779938,1
0.47172772884368896,1
0.4035453796386719,1
0.39199554920196533,1
0.38389816880226135,1
0.4939223825931549,1
0.35942110419273376,1
0.4895040690898895,1
0.33475303649902344,1
0.36947640776634216,1
0.3912568688392639,1
0.37943676114082336,1
0.3747924268245697,1
0.4261750876903534,1
0.46455368399620056,1
0.36808380484580994,1
0.29915034770965576,1
0.3757610321044922,1
0.4038728177547455,1
0.3714255094528198,1
0.43572288751602173,1
0.36967307329177856,1
0.485322505235672,1
0.2901683747768402,1
0.4131820797920227,1
0.44115740060806274,1
0.4983728229999542,1
0.43811947107315063,1
0.35444048047065735,1
0.3002339005470276,1
0.5117477774620056,1
0.33031904697418213,1
0.3425859212875366,1
0.42294228076934814,1
0.417571485042572,1
0.333601713180542,1
0.43097013235092163,1
0.3506810665130615,1
0.48271965980529785,1
0.32165056467056274,1
0.4340258836746216,1
0.5494004487991333,1
0.34098947048187256,1
0.30320295691490173,1
0.4250905513763428,1
0.4150376319885254,1
0.3954903483390808,1
0.4728925824165344,1
0.3770318031311035,1
0.41951116919517517,1
0.38580322265625,1
0.36671847105026245,1
0.4016594886779785,1
0.4639740586280823,1
0.37003135681152344,1
0.3844029903411865,1
0.37218254804611206,1
0.4511687159538269,1
0.4081130921840668,1
0.398721307516098,1
0.4003118872642517,1
0.3724917769432068,1
0.38001078367233276,1
0.32042333483695984,1
0.3657459616661072,1
0.47801169753074646,1
0.4697599411010742,1
0.4895629584789276,1
0.4116286039352417,1
0.3937980830669403,1
0.4435245394706726,1
0.29141664505004883,1
0.33534759283065796,1
0.45276200771331787,1
0.3530598282814026,1
0.5561563968658447,1
0.5629779100418091,1
0.5156216621398926,1
0.3750323951244354,1
0.4106289744377136,1
0.5192195773124695,1
0.3079089820384979,1
0.3918079733848572,1
0.4489840269088745,1
0.5521385669708252,1
0.35978978872299194,1
0.3504534363746643,1
0.4515010118484497,1
0.44429880380630493,1
0.3910999298095703,1
0.4607236981391907,1
0.38219720125198364,1
0.3544647693634033,1
0.38129544258117676,1
0.3957071304321289,1
0.3829495310783386,1
0.44915881752967834,1
0.45156651735305786,1
0.45250648260116577,1
0.4922569990158081,1
0.40500694513320923,1
0.37409985065460205,1
0.35872358083724976,1
0.4747464954853058,1
0.516914427280426,1
0.3918955326080322,1
0.4502774477005005,1
0.38954073190689087,1
0.5455300211906433,1
0.4221656620502472,1
0.3954169750213623,1
0.43343430757522583,1
0.34344354271888733,1
0.3610305190086365,1
0.4816959798336029,1
0.45189130306243896,1
0.33716723322868347,1
0.3043782114982605,1
0.4837154150009155,1
0.3208099603652954,1
0.40676552057266235,1
0.3917505741119385,1
0.45922356843948364,1
0.32426124811172485,1
0.4699755311012268,1
0.3775564134120941,1
0.3380212187767029,1
0.37599268555641174,1
0.3742305636405945,1
0.4419597387313843,1
0.3933696746826172,1
0.3574749231338501,1
0.4333799481391907,1
0.34707629680633545,1
0.4251590073108673,1
0.40654808282852173,1
0.4469943344593048,1
0.46715572476387024,1
0.42860376834869385,1
0.38353413343429565,1
0.38128307461738586,1
0.4161561131477356,1
0.34147924184799194,1
0.3237960636615753,1
0.3524858355522156,1
0.3904268443584442,1
0.44435688853263855,1
0.38111206889152527,1
0.38997358083724976,1
0.31033599376678467,1
0.35562193393707275,1
0.4370686411857605,1
0.3503095805644989,1
0.3385140895843506,1
0.38151654601097107,1
0.4542750120162964,1
0.3670549988746643,1
0.3683965802192688,1
0.27009308338165283,1
0.33941030502319336,1
0.3474571704864502,1
0.4097226858139038,1
0.42275887727737427,1
0.381067156791687,1
0.32170969247817993,1
0.40978896617889404,1
0.4682305157184601,1
0.3797105550765991,1
0.41358399391174316,1
0.4136238694190979,1
0.330022931098938,1
0.42417022585868835,1
0.35165494680404663,1
0.39203470945358276,1
0.3621399998664856,1
0.32101690769195557,1
0.40109163522720337,1
0.3628598153591156,1
0.41023704409599304,1
0.44272372126579285,1
0.3057500123977661,1
0.4930895268917084,1
0.4416617155075073,1
0.3923749327659607,1
0.426235169172287,1
0.3731963038444519,1
0.3603364825248718,1
0.3443913161754608,1
0.3314969837665558,1
0.3081623911857605,1
0.5719141960144043,1
0.5723363161087036,1
0.3277115821838379,1
0.3782987594604492,1
0.45434173941612244,1
0.3499884009361267,1
0.34424567222595215,1
0.36948102712631226,1
0.47815653681755066,1
0.4117511510848999,1
0.2987450659275055,1
0.465139240026474,1
0.43446218967437744,1
0.41709208488464355,1
0.33754754066467285,1
0.2882298529148102,1
0.38960525393486023,1
0.35896462202072144,1
0.2674071192741394,1
0.45592641830444336,1
0.39671170711517334,1
0.51158207654953,1
0.33315154910087585,1
0.541240930557251,1
0.3654799461364746,1
0.387828528881073,1
0.44141194224357605,1
0.48142486810684204,1
0.357338547706604,1
0.4840853214263916,1
0.3034878373146057,1
0.36056309938430786,1
0.3586658835411072,1
0.4523976147174835,1
0.3098435401916504,1
0.3588467836380005,1
0.46263471245765686,1
0.53580641746521,1
0.40651512145996094,1
0.3768850862979889,1
0.4173594117164612,1
0.4210059642791748,1
0.4044887125492096,1
0.36826542019844055,1
0.44142377376556396,1
0.41498470306396484,1
0.5105037093162537,1
0.3701918125152588,1
0.41843923926353455,1
0.47033676505088806,1
0.3540654182434082,1
0.42650550603866577,1
0.4554620683193207,1
0.32735946774482727,1
0.3650476336479187,1
0.24103745818138123,1
0.41006189584732056,1
0.37329137325286865,1
0.4323232173919678,1
0.36304396390914917,1
0.3708316385746002,1
0.37951570749282837,1
0.40606433153152466,1
0.3536921739578247,1
0.3258608281612396,1
0.3949999511241913,1
0.32988041639328003,1
0.4062449634075165,1
0.3153923749923706,1
0.5556880831718445,1
0.4430134892463684,1
0.3611692786216736,1
0.4210948348045349,1
0.3029228746891022,1
0.4653955399990082,1
0.3224514126777649,1
0.43834152817726135,1
0.4142085909843445,1
0.24955862760543823,1
0.3459179401397705,1
0.49321281909942627,1
0.5439507961273193,1
0.4297623634338379,1
0.33363690972328186,1
0.4388030171394348,1
0.350686252117157,1
0.40125346183776855,1
0.41268453001976013,1
0.5914471745491028,1
0.35904431343078613,1
0.37002164125442505,1
0.3795331120491028,1
0.5891808271408081,1
0.38598892092704773,1
0.4344571828842163,1
0.4645501375198364,1
0.42789193987846375,1
0.3558553457260132,1
0.4826658368110657,1
0.3951852023601532,1
0.3986853063106537,1
0.4004235863685608,1
0.3847233057022095,1
0.37503132224082947,1
0.4746965765953064,1
0.3772902488708496,1
0.35469692945480347,1
0.3577585816383362,1
0.3724978268146515,1
0.34341904520988464,1
0.4025297164916992,1
0.43345075845718384,1
0.35589784383773804,1
0.4192056655883789,1
0.28463590145111084,1
0.3684847950935364,1
0.4488789439201355,1
0.4086605906486511,1
0.4371974468231201,1
0.3277178406715393,1
0.41950008273124695,1
0.33629316091537476,1
0.4259626865386963,1
0.39566266536712646,1
0.351700097322464,1
0.41837114095687866,1
0.42157918214797974,1
0.4036218225955963,1
0.38817864656448364,1
0.48755815625190735,1
0.35729682445526123,1
0.44379669427871704,1
0.3981325626373291,1
0.303469717502594,1
0.47911688685417175,1
0.43557441234588623,1
0.5367884635925293,1
0.3897119164466858,1
0.38082337379455566,1
0.4346684217453003,1
0.48090678453445435,1
0.452678918838501,1
0.5727262496948242,1
0.308654248714447,1
0.4278884828090668,1
0.36742404103279114,1
0.37255939841270447,1
0.3496536612510681,1
0.40467092394828796,1
0.3641693592071533,1
0.2844981253147125,1
0.3715391159057617,1
0.46050405502319336,1
0.4697484076023102,1
0.376103937625885,1
0.6851147413253784,1
0.3530767858028412,1
0.3790467381477356,1
0.368777334690094,1
0.3966137170791626,1
0.40124523639678955,1
0.4341146945953369,1
0.5367039442062378,1
0.34492188692092896,1
0.36667707562446594,1
0.5073151588439941,1
0.5790688395500183,1
0.41841182112693787,1
0.41045933961868286,1
0.46532613039016724,1
0.2794862389564514,1
0.42819643020629883,1
0.3585985004901886,1
0.3642609715461731,1
0.4316394329071045,1
0.34243953227996826,1
0.42347055673599243,1
0.39298245310783386,1
0.5114555954933167,1
0.4669317603111267,1
0.4435620903968811,1
0.541621208190918,1
0.3083097040653229,1
0.44513222575187683,1
0.4516943693161011,1
0.4176039397716522,1
0.3195154368877411,1
0.43965643644332886,1
0.36744487285614014,1
0.3323618173599243,1
0.40332770347595215,1
0.36804479360580444,1
0.3944779634475708,1
0.5006695985794067,1
0.3975052833557129,1
0.4832614064216614,1
0.35793444514274597,1
0.3947002589702606,1
0.31808561086654663,1
0.38214004039764404,1
0.43606966733932495,1
0.39015448093414307,1
0.4691912531852722,1
0.2670630216598511,1
0.3688090145587921,1
0.49458056688308716,1
0.39393913745880127,1
0.4330592453479767,1
0.3907419443130493,1
0.38702577352523804,1
0.4036862254142761,1
0.5200771689414978,1
0.40616580843925476,1
0.4125412702560425,1
0.4679551124572754,1
0.5068040490150452,1
0.36398863792419434,1
0.36128562688827515,1
0.5076932907104492,1
0.4110408425331116,1
0.3870704174041748,1
0.30633991956710815,1
0.3132581412792206,1
0.38700002431869507,1
0.5387023091316223,1
0.35451939702033997,1
0.361946702003479,1
0.32024717330932617,1
0.4834400713443756,1
0.3712901473045349,1
0.4936019778251648,1
0.39773857593536377,1
0.3979654908180237,1
0.5437854528427124,1
0.3757106065750122,1
0.32088810205459595,1
0.4110754132270813,1
0.2594015598297119,1
0.499538779258728,1
0.3563781976699829,1
0.40139108896255493,1
0.4345695972442627,1
0.4219813346862793,1
0.32548394799232483,1
0.33880454301834106,1
0.45524996519088745,1
0.31634634733200073,1
0.3209826946258545,1
0.42727142572402954,1
0.35666602849960327,1
0.3956320881843567,1
0.33686885237693787,1
0.4306198060512543,1
0.43230903148651123,1
0.2815152108669281,1
0.33618026971817017,1
0.48149916529655457,1
0.34666502475738525,1
0.42074716091156006,1
0.3480422794818878,1
0.3777475953102112,1
0.4169512987136841,1
0.35542070865631104,1
0.3941146731376648,1
0.3062543272972107,1
0.4316176474094391,1
0.2697957158088684,1
0.43661630153656006,1
0.42595088481903076,1
0.32917138934135437,1
0.3552825450897217,1
0.4659324884414673,1
0.43490350246429443,1
0.3013255298137665,1
0.3817322254180908,1
0.43534278869628906,1
0.37544476985931396,1
0.32062992453575134,1
0.35720205307006836,1
0.3565216064453125,1
0.32550710439682007,1
0.44624269008636475,1
0.4720316529273987,1
0.3988874852657318,1
0.4709201753139496,1
0.3881029784679413,1
0.34100818634033203,1
0.49582672119140625,1
0.41848695278167725,1
0.38207656145095825,1
0.4793062210083008,1
0.3468044698238373,1
0.3588296175003052,1
0.4811343550682068,1
0.2981841266155243,1
0.42098453640937805,1
0.3710750937461853,1
0.357988178730011,1
0.410293310880661,1
0.29817306995391846,1
0.37684404850006104,1
0.4738304913043976,1
0.38047391176223755,1
0.39215242862701416,1
0.3573177456855774,1
0.44097238779067993,1
0.406198114156723,1
0.37303492426872253,1
0.46489882469177246,1
0.2945491373538971,1
0.40021196007728577,1
0.417747437953949,1
0.5199264287948608,1
0.42384225130081177,1
0.3980390131473541,1
0.41436126828193665,1
0.29599130153656006,1
0.2857018709182739,1
0.3320873975753784,1
0.3565424978733063,1
0.4559827148914337,1
0.4640878438949585,1
0.43059009313583374,1
0.42066723108291626,1
0.4481741786003113,1
0.4960712492465973,1
0.39064741134643555,1
0.41285791993141174,1
0.3905569911003113,1
0.3049446940422058,1
0.5234729647636414,1
0.43445247411727905,1
0.37904155254364014,1
0.4257756769657135,1
0.41530245542526245,1
0.39934447407722473,1
0.5404757857322693,1
0.43521252274513245,1
0.38921594619750977,1
0.45465442538261414,1
0.5070778727531433,1
0.39704450964927673,1
0.47810059785842896,1
0.32803407311439514,1
0.41316360235214233,1
0.3281119763851166,1
0.4310622811317444,1
0.376816987991333,1
0.42951759696006775,1
0.32451343536376953,1
0.4206867218017578,1
0.4001542627811432,1
0.2699514329433441,1
0.40420520305633545,1
0.5164155960083008,1
0.31762462854385376,1
0.4018634259700775,1
0.3289700448513031,1
0.32063210010528564,1
0.3482140302658081,1
0.5012116432189941,1
0.4086420238018036,1
0.41530153155326843,1
0.5022636651992798,1
0.4316338896751404,1
0.366594523191452,1
0.3265460729598999,1
0.41484156250953674,1
0.3853641450405121,1
0.4938236474990845,1
0.508895754814148,1
0.39671123027801514,1
0.356524258852005,1
0.4914886951446533,1
0.456612765789032,1
0.4755452871322632,1
0.4314344525337219,1
0.39101743698120117,1
0.3206441402435303,1
0.4718850255012512,1
0.3310718536376953,1
0.5291399955749512,1
0.4688061773777008,1
0.41296181082725525,1
0.3628765344619751,1
0.3802989423274994,1
0.4486178159713745,1
0.4563618004322052,1
0.34437230229377747,1
0.40062689781188965,1
0.3625563979148865,1
0.4749627411365509,1
0.43196290731430054,1
0.4069395661354065,1
0.42051175236701965,1
0.443342924118042,1
0.31411415338516235,1
0.3770673871040344,1
0.37680143117904663,1
0.5473580360412598,1
0.29243165254592896,1
0.34751370549201965,1
0.41556596755981445,1
0.41466033458709717,1
0.49696284532546997,1
0.3202004134654999,1
0.36364027857780457,1
0.4901658296585083,1
0.4560381770133972,1
0.43264561891555786,1
0.31568774580955505,1
0.44636690616607666,1
0.40663009881973267,1
0.34789419174194336,1
0.3765701651573181,1
0.373494029045105,1
0.4543672502040863,1
0.38731276988983154,1
0.43930745124816895,1
0.3978864550590515,1
0.48486918210983276,1
0.41662925481796265,1
0.4634550213813782,1
0.41017210483551025,1
0.3634408712387085,1
0.3976815342903137,1
0.38061094284057617,1
0.4521483778953552,1
0.32737094163894653,1
0.51072096824646,1
0.40609753131866455,1
0.3503367006778717,1
0.42668941617012024,1
0.32362404465675354,1
0.3442126512527466,1
0.46520817279815674,1
0.42390137910842896,1
0.3816499412059784,1
0.32211339473724365,1
0.3771372437477112,1
0.4903161823749542,1
0.3567644953727722,1
0.2612210810184479,1
0.36267751455307007,1
0.38046374917030334,1
0.4447699785232544,1
0.31372401118278503,1
0.38071340322494507,1
0.2727859616279602,1
0.4243699312210083,1
0.33538365364074707,1
0.5511124730110168,1
0.3010093867778778,1
0.39400994777679443,1
0.45098087191581726,1
0.38778090476989746,1
0.3440943956375122,1
0.31555771827697754,1
0.3469927906990051,1
0.45341017842292786,1
0.384627103805542,1
0.4207962155342102,1
0.5285031199455261,1
0.36924105882644653,1
0.5116491913795471,1
0.3483610153198242,1
0.41939783096313477,1
0.30428817868232727,1
0.4687577486038208,1
0.41535070538520813,1
0.3510952889919281,1
0.4659072160720825,1
0.2724931836128235,1
0.41566210985183716,1
0.3888375759124756,1
0.45447462797164917,1
0.45964449644088745,1
0.35968494415283203,1
0.474412739276886,1
0.36131805181503296,1
0.39603620767593384,1
0.3131500482559204,1
0.43638551235198975,1
0.38166993856430054,1
0.40617358684539795,1
0.4277116060256958,1
0.4272429943084717,1
0.42566898465156555,1
0.3771229386329651,1
0.39338546991348267,1
0.35462984442710876,1
0.39796459674835205,1
0.401054322719574,1
0.38907432556152344,1
0.2982998192310333,1
0.41229405999183655,1
0.33816593885421753,1
0.3705192506313324,1
0.3404589891433716,1
0.4116230607032776,1
0.3581383228302002,1
0.42284637689590454,1
0.34243243932724,1
0.3862239718437195,1
0.32780921459198,1
0.287873238325119,1
0.38387399911880493,1
0.2958829402923584,1
0.4657939672470093,1
0.33643442392349243,1
0.3661399483680725,1
0.38723891973495483,1
0.36442410945892334,1
0.4263473153114319,1
0.3248504102230072,1
0.45521655678749084,1
0.4295850694179535,1
0.4653707444667816,1
0.40899670124053955,1
0.4883478283882141,1
0.29557734727859497,1
0.4907938838005066,1
0.577905535697937,1
0.4818566143512726,1
0.42112407088279724,1
0.49544453620910645,1
0.390952467918396,1
0.36232852935791016,1
0.32001328468322754,1
0.4176488518714905,1
0.44754916429519653,1
0.47017166018486023,1
0.3568050265312195,1
0.2901337146759033,1
0.34769517183303833,1
0.2970627546310425,1
0.4953608512878418,1
0.39635732769966125,1
0.3698663115501404,1
0.8044952154159546,1
0.4212390184402466,1
0.539313018321991,1
0.2819288372993469,1
0.5168483853340149,1
0.40725940465927124,1
0.3946956694126129,1
0.2910009026527405,1
0.37073472142219543,1
0.34503045678138733,1
0.35927775502204895,1
0.42001602053642273,1
0.46936988830566406,1
0.4359993040561676,1
0.323192298412323,1
0.43024393916130066,1
0.46005284786224365,1
0.46297359466552734,1
0.43688464164733887,1
0.4171938896179199,1
0.3611185550689697,1
0.2839724123477936,1
0.4125012457370758,1
0.36423224210739136,1
0.42937788367271423,1
0.47445178031921387,1
0.43546831607818604,1
0.3249911665916443,1
0.48157474398612976,1
0.31715598702430725,1
0.3609444797039032,1
0.32765161991119385,1
0.36929258704185486,1
0.36176353693008423,1
0.32357490062713623,1
0.32405784726142883,1
0.2855052351951599,1
0.3317764699459076,1
0.3097958564758301,1
0.3215104937553406,1
0.38051727414131165,1
0.43828892707824707,1
0.5107665061950684,1
0.3629293143749237,1
0.4132770895957947,1
0.4175822138786316,1
0.4747549593448639,1
0.42696452140808105,1
0.30375057458877563,1
0.37703976035118103,1
0.3016186058521271,1
0.4370293915271759,1
0.34640103578567505,1
0.3643946945667267,1
0.4731641113758087,1
0.4022323489189148,1
0.45177510380744934,1
0.3979490399360657,1
0.3115534782409668,1
0.31718429923057556,1
0.4141436815261841,1
0.31045734882354736,1
0.40593862533569336,1
0.43445125222206116,1
0.4827902913093567,1
0.38846302032470703,1
0.3352118134498596,1
0.370231568813324,1
0.3052994906902313,1
0.36832451820373535,1
0.40793776512145996,1
0.5007652044296265,1
0.5310975313186646,1
0.4500114619731903,1
0.42476457357406616,1
0.37310555577278137,1
0.4035998284816742,1
0.3156073987483978,1
0.3764481544494629,1
0.3272440731525421,1
0.33731046319007874,1
0.42117732763290405,1
0.4321049451828003,1
0.29939478635787964,1
0.43363261222839355,1
0.43379318714141846,1
0.4353603720664978,1
0.40385550260543823,1
0.5613316893577576,1
0.3192386031150818,1
0.357033908367157,1
0.30970513820648193,1
0.3229164481163025,1
0.42482584714889526,1
0.38152140378952026,1
0.42992061376571655,1
0.36694496870040894,1
0.3170650601387024,1
0.37564617395401,1
0.46204495429992676,1
0.2900250554084778,1
0.4177723526954651,1
0.4879569709300995,1
0.44206753373146057,1
0.39074814319610596,1
0.507696270942688,1
0.4307136833667755,1
0.37045061588287354,1
0.42635461688041687,1
0.46162182092666626,1
0.3589940667152405,1
0.39631733298301697,1
0.3715285360813141,1
0.31961238384246826,1
0.42976903915405273,1
0.4189413785934448,1
0.4420141577720642,1
0.34606438875198364,1
0.3760133385658264,1
0.4775645434856415,1
0.32573580741882324,1
0.3601430654525757,1
0.3873307704925537,1
0.4042806327342987,1
0.44237980246543884,1
0.5061346292495728,1
0.344477117061615,1
0.46190401911735535,1
0.3858207166194916,1
0.37459897994995117,1
0.3972858190536499,1
0.4109256863594055,1
0.39204245805740356,1
0.505700945854187,1
0.3198406398296356,1
0.3585512042045593,1
0.4127638339996338,1
0.373226135969162,1
0.4920352101325989,1
0.45553040504455566,1
0.3807430863380432,1
0.4674067497253418,1
0.40384674072265625,1
0.3039158284664154,1
0.4233347773551941,1
0.5188971757888794,1
0.4071500897407532,1
0.4102674126625061,1
0.35925012826919556,1
0.3566240668296814,1
0.3599832057952881,1
0.5913679003715515,1
0.3618178367614746,1
0.3927770256996155,1
0.4536893963813782,1
0.5582728385925293,1
0.2691695988178253,1
0.3187149465084076,1
0.34495922923088074,1
0.26366281509399414,1
0.44700485467910767,1
0.37916749715805054,1
0.3587989807128906,1
0.32511037588119507,1
0.37929296493530273,1
0.45016276836395264,1
0.4134731888771057,1
0.3124244809150696,1
0.3094271719455719,1
0.4240109622478485,1
0.39641109108924866,1
0.4561466872692108,1
0.4702252149581909,1
0.47712835669517517,1
0.39981549978256226,1
0.36727020144462585,1
0.43309974670410156,1
0.3214245140552521,1
0.47370627522468567,1
0.38565269112586975,1
0.5028709769248962,1
0.44930458068847656,1
0.4150862991809845,1
0.3098888397216797,1
0.43236279487609863,1
0.3543500602245331,1
0.4574660360813141,1
0.3949427604675293,1
0.40552380681037903,1
0.35102319717407227,1
0.4551675319671631,1
0.4714893698692322,1
0.33706215023994446,1
0.40415436029434204,1
0.3373453915119171,1
0.3082283139228821,1
0.37450653314590454,1
0.4083888530731201,1
0.35287243127822876,1
0.35394033789634705,1
0.38973209261894226,1
0.28788623213768005,1
0.3415270447731018,1
0.37350553274154663,1
0.54787278175354,1
0.3822649121284485,1
0.3293352723121643,1
0.40307992696762085,1
0.47003117203712463,1
0.4549965262413025,1
0.4624398946762085,1
0.48431360721588135,1
0.4929960072040558,1
0.42416006326675415,1
0.4721895456314087,1
0.517493724822998,1
0.43449828028678894,1
0.4499627649784088,1
0.32783442735671997,1
0.4786830544471741,1
0.3958820700645447,1
0.3512726128101349,1
0.40288642048835754,1
0.4662072956562042,1
0.43373891711235046,1
0.33868640661239624,1
0.37273314595222473,1
0.44171231985092163,1
0.40986937284469604,1
0.4620133638381958,1
0.38948455452919006,1
0.3931906521320343,1
0.3534540832042694,1
0.38095006346702576,1
0.43961766362190247,1
0.37642955780029297,1
0.5825793147087097,1
0.33327770233154297,1
0.4080479145050049,1
0.40594181418418884,1
0.4815078377723694,1
0.4004555940628052,1
0.3444817364215851,1
0.3072604537010193,1
0.40365850925445557,1
0.46177393198013306,1
0.48187726736068726,1
0.466810941696167,1
0.3610510230064392,1
0.35655677318573,1
0.3916589617729187,1
0.4212946891784668,1
0.35954567790031433,1
0.38915199041366577,1
0.45802152156829834,1
0.34148791432380676,1
0.5446504950523376,1
0.4153035283088684,1
0.36257457733154297,1
0.5391920208930969,1
0.42531025409698486,1
0.48045045137405396,1
0.41125592589378357,1
0.4941149652004242,1
0.289589524269104,1
0.3454609811306,1
0.3557986617088318,1
0.48451748490333557,1
0.48713797330856323,1
0.4487602114677429,1
0.29007261991500854,1
0.44611451029777527,1
0.33456483483314514,1
0.3546257019042969,1
0.3812747299671173,1
0.3750799894332886,1
0.4859183728694916,1
0.3496202826499939,1
0.4155271053314209,1
0.37476491928100586,1
0.49709826707839966,1
0.36842039227485657,1
0.39729106426239014,1
0.44231748580932617,1
0.3947744369506836,1
0.5121448636054993,1
0.4747557044029236,1
0.35893160104751587,1
0.4082346260547638,1
0.4262509346008301,1
0.39107590913772583,1
0.46100032329559326,1
0.46604979038238525,1
0.4510044455528259,1
0.4246622920036316,1
0.351036936044693,1
0.4374299645423889,1
0.374837189912796,1
0.3997492790222168,1
0.43923676013946533,1
0.3505430519580841,1
0.40459108352661133,1
0.35063058137893677,1
0.40383392572402954,1
0.37250375747680664,1
0.3568701148033142,1
0.4151366055011749,1
0.42135491967201233,1
0.3587406277656555,1
0.4691660404205322,1
0.4412118196487427,1
0.3805120289325714,1
0.4283965229988098,1
0.39377906918525696,1
0.5007487535476685,1
0.3506752848625183,1
0.37360483407974243,1
0.34521520137786865,1
0.5057457089424133,1
0.32663312554359436,1
0.4456138014793396,1
0.4172748327255249,1
0.46659404039382935,1
0.42310452461242676,1
0.44593390822410583,1
0.36274904012680054,1
0.4112085998058319,1
0.4783187806606293,1
0.44928470253944397,1
0.40676987171173096,1
0.27615225315093994,1
0.26416563987731934,1
0.4154588580131531,1
0.5127401351928711,1
0.4159468710422516,1
0.31614047288894653,1
0.39381706714630127,1
0.33844542503356934,1
0.4010120928287506,1
0.32429957389831543,1
0.46793344616889954,1
0.39835065603256226,1
0.315757691860199,1
0.311247318983078,1
0.35959118604660034,1
0.5625333189964294,1
0.3787652254104614,1
0.3979540467262268,1
0.4308680593967438,1
0.291525274515152,1
0.39785704016685486,1
0.4247739613056183,1
0.48448890447616577,1
0.41162148118019104,1
0.3923063278198242,1
0.4753711223602295,1
0.5195029377937317,1
0.345969021320343,1
0.4916466176509857,1
0.36723142862319946,1
0.4671817719936371,1
0.3895496129989624,1
0.39055749773979187,1
0.4610232710838318,1
0.4154764413833618,1
0.4194183349609375,1
0.4527398943901062,1
0.31966760754585266,1
0.46855437755584717,1
0.4289911389350891,1
0.4170626401901245,1
0.47111308574676514,1
0.36413663625717163,1
0.3600735664367676,1
0.4690402150154114,1
0.42346033453941345,1
0.35071149468421936,1
0.42650094628334045,1
0.4629203677177429,1
0.4876728057861328,1
0.3885536789894104,1
0.29770779609680176,1
0.5030834674835205,1
0.4202103018760681,1
0.4125399589538574,1
0.37378281354904175,1
0.35293078422546387,1
0.42140790820121765,1
0.5324963927268982,1
0.4744310975074768,1
0.39000144600868225,1
0.4902471899986267,1
0.2938859164714813,1
0.3814513385295868,1
0.37901943922042847,1
0.3394582271575928,1
0.3946799039840698,1
0.47189024090766907,1
0.2945646047592163,1
0.3760797381401062,1
0.454636812210083,1
0.4144827127456665,1
0.4749300479888916,1
0.38061779737472534,1
0.30888813734054565,1
0.37627705931663513,1
0.40243905782699585,1
0.4317168891429901,1
0.43475088477134705,1
0.32544970512390137,1
0.45577526092529297,1
0.43132713437080383,1
0.3635084629058838,1
0.5001879334449768,1
0.45717763900756836,1
0.33446693420410156,1
0.5101161003112793,1
0.3777390420436859,1
0.4593161940574646,1
0.41008806228637695,1
0.4511248469352722,1
0.37303122878074646,1
0.393906831741333,1
0.3076152205467224,1
0.3713622987270355,1
0.3422625660896301,1
0.3744991421699524,1
0.29484283924102783,1
0.34459131956100464,1
0.36672258377075195,1
0.35018762946128845,1
0.4360814690589905,1
0.46768879890441895,1
0.3952234387397766,1
0.38583534955978394,1
0.48561471700668335,1
0.3672664761543274,1
0.39397960901260376,1
0.418165922164917,1
0.38813793659210205,1
0.3841555416584015,1
0.4573829472064972,1
0.4367009401321411,1
0.38813212513923645,1
0.47599557042121887,1
0.39656245708465576,1
0.38176101446151733,1
0.27201467752456665,1
0.37974900007247925,1
0.5930968523025513,1
0.4115756154060364,1
0.40164971351623535,1
0.45930713415145874,1
0.3485589027404785,1
0.39979273080825806,1
0.3761054277420044,1
0.48502618074417114,1
0.5236188769340515,1
0.5916336178779602,1
0.4721318781375885,1
0.43810027837753296,1
0.4397598206996918,1
0.3731185793876648,1
0.3492620289325714,1
0.26785650849342346,1
0.43783876299858093,1
0.34416741132736206,1
0.39806824922561646,1
0.3804588317871094,1
0.3841678500175476,1
0.4204736351966858,1
0.29551437497138977,1
0.44996166229248047,1
0.49497660994529724,1
0.3490762710571289,1
0.3139679431915283,1
0.3875240683555603,1
0.44880181550979614,1
0.43802011013031006,1
0.3477298617362976,1
0.4284711480140686,1
0.42489093542099,1
0.43492618203163147,1
0.3400883674621582,1
0.5175508260726929,1
0.409511923789978,1
0.3485235273838043,1
0.3694680631160736,1
0.2998688519001007,1
0.28683754801750183,1
0.45280641317367554,1
0.41484498977661133,1
0.44956186413764954,1
0.45323628187179565,1
0.38116076588630676,1
0.33676159381866455,1
0.3723941743373871,1
0.36878931522369385,1
0.4119274616241455,1
0.45104479789733887,1
0.4267187714576721,1
0.32247018814086914,1
0.3387754559516907,1
0.4350053668022156,1
0.3865092694759369,1
0.47761982679367065,1
0.3377333879470825,1
0.38554513454437256,1
0.6060760617256165,1
0.4346710443496704,1
0.494467169046402,1
0.38894712924957275,1
0.5379993319511414,1
0.34362906217575073,1
0.42467331886291504,1
0.40819835662841797,1
0.3859078288078308,1
0.4718133807182312,1
0.57179856300354,1
0.4490694999694824,1
0.39801114797592163,1
0.324903279542923,1
0.4097115397453308,1
0.4038809835910797,1
0.40936198830604553,1
0.4891318678855896,1
0.4534393548965454,1
0.36089348793029785,1
0.45337849855422974,1
0.37904617190361023,1
0.2974856197834015,1
0.41702505946159363,1
0.3046577572822571,1
0.2767491042613983,1
0.3031138479709625,1
0.3440629243850708,1
0.4467284679412842,1
0.3975987136363983,1
0.39877939224243164,1
0.3614427447319031,1
0.3294028341770172,1
0.35821422934532166,1
0.3768060505390167,1
0.4849284589290619,1
0.5463775396347046,1
0.3402823805809021,1
0.4426041841506958,1
0.4814838767051697,1
0.5335848927497864,1
0.3901214599609375,1
0.4058462977409363,1
0.5062370300292969,1
0.3972293436527252,1
0.3535601496696472,1
0.45818036794662476,1
0.556135892868042,1
0.3175848722457886,1
0.49261853098869324,1
0.5139495134353638,1
0.4613151550292969,1
0.38803884387016296,1
0.4171870946884155,1
0.3210527300834656,1
0.4320167899131775,1
0.40653324127197266,1
0.2962738871574402,1
0.4630444049835205,1
0.28349676728248596,1
0.45393404364585876,1
0.3836018443107605,1
0.4260028302669525,1
0.40146541595458984,1
0.5089727640151978,1
0.3460077941417694,1
0.3980398178100586,1
0.4213210940361023,1
0.382711797952652,1
0.34553664922714233,1
0.45935481786727905,1
0.5010796189308167,1
0.41491854190826416,1
0.3464367985725403,1
0.3967309594154358,1
0.3264257311820984,1
0.5287349224090576,1
0.44037288427352905,1
0.3434927463531494,1
0.48809048533439636,1
0.40495672821998596,1
0.47280335426330566,1
0.35840582847595215,1
0.3471709191799164,1
0.4861446022987366,1
0.48636242747306824,1
0.3045760691165924,1
0.4842579960823059,1
0.3844919800758362,1
0.3528650999069214,1
0.25155752897262573,1
0.4853844940662384,1
0.49964380264282227,1
0.44080138206481934,1
0.46987617015838623,1
0.3312308192253113,1
0.5002275705337524,1
0.31442791223526,1
0.445679247379303,1
0.30942898988723755,1
0.4147544503211975,1
0.3645405173301697,1
0.3675566017627716,1
0.3709946870803833,1
0.39798858761787415,1
0.3932100534439087,1
0.3586082458496094,1
0.3536671996116638,1
0.3123924732208252,1
0.42415592074394226,1
0.3938578963279724,1
0.4482789933681488,1
0.4551486074924469,1
0.454558789730072,1
0.3614121079444885,1
0.3547389805316925,1
0.43855369091033936,1
0.27659714221954346,1
0.4920482337474823,1
0.48337751626968384,1
0.37611088156700134,1
0.40024080872535706,1
0.2969087064266205,1
0.39937710762023926,1
0.42030200362205505,1
0.44352036714553833,1
0.47855719923973083,1
0.4916476011276245,1
0.4301574230194092,1
0.420291006565094,1
0.3024064302444458,1
0.3116201162338257,1
0.47372525930404663,1
0.408325731754303,1
0.315951943397522,1
0.4113878011703491,1
0.3900505304336548,1
0.33657050132751465,1
0.4756031632423401,1
0.5348080396652222,1
0.332764595746994,1
0.4207862913608551,1
0.40674519538879395,1
0.4498351812362671,1
0.48583629727363586,1
0.4715958833694458,1
0.33352741599082947,1
0.48490363359451294,1
0.4327515959739685,1
0.35291457176208496,1
0.4401291608810425,1
0.4216108024120331,1
0.5449298024177551,1
0.2908998429775238,1
0.32986313104629517,1
0.3411383628845215,1
0.44814497232437134,1
0.2853509187698364,1
0.4362708628177643,1
0.44543057680130005,1
0.40166226029396057,1
0.4420665502548218,1
0.3641543984413147,1
0.43109947443008423,1
0.36773863434791565,1
0.41218772530555725,1
0.4443768858909607,1
0.3896964192390442,1
0.38128939270973206,1
0.35478171706199646,1
0.4050554931163788,1
0.4641466736793518,1
0.44408077001571655,1
0.5263345837593079,1
0.3357563316822052,1
0.4643019735813141,1
0.358590304851532,1
0.4197390675544739,1
0.4038715362548828,1
0.31940391659736633,1
0.43295153975486755,1
0.4342421591281891,1
0.3406532406806946,1
0.3554455637931824,1
0.38724255561828613,1
0.3476366698741913,1
0.3302710950374603,1
0.4055846631526947,1
0.38829493522644043,1
0.28915321826934814,1
0.39765724539756775,1
0.34154456853866577,1
0.42600488662719727,1
0.5371543765068054,1
0.40138357877731323,1
0.3761783838272095,1
0.42865291237831116,1
0.39217984676361084,1
0.4127045273780823,1
0.5366814136505127,1
0.3375583291053772,1
0.563706636428833,1
0.5084188580513,1
0.3428015112876892,1
0.4097056984901428,1
0.39935821294784546,1
0.4964466989040375,1
0.30878233909606934,1
0.3493536114692688,1
0.35818982124328613,1
0.35548925399780273,1
0.41716381907463074,1
0.3981603980064392,1
0.48812776803970337,1
0.3279055953025818,1
0.36331212520599365,1
0.37918025255203247,1
0.45139726996421814,1
0.36912018060684204,1
0.37594592571258545,1
0.40022042393684387,1
0.6041764616966248,1
0.46560609340667725,1
0.3990144729614258,1
0.41122812032699585,1
0.42693811655044556,1
0.37021294236183167,1
0.43381404876708984,1
0.2973951995372772,1
0.45651933550834656,1
0.37636011838912964,1
0.38980695605278015,1
0.3172113597393036,1
0.2704794108867645,1
0.4542221128940582,1
0.3204486668109894,1
0.4941771626472473,1
0.37769120931625366,1
0.4343660771846771,1
0.450134813785553,1
0.35330426692962646,1
0.3380553722381592,1
0.3549336791038513,1
0.43476545810699463,1
0.3972751498222351,1
0.4035845398902893,1
0.4718362092971802,1
0.37420719861984253,1
0.38799697160720825,1
0.3821618854999542,1
0.4703028202056885,1
0.4386281967163086,1
0.35448557138442993,1
0.3536744713783264,1
0.35328128933906555,1
0.37855613231658936,1
0.5298638343811035,1
0.41160207986831665,1
0.4640337824821472,1
0.3973928987979889,1
0.48552852869033813,1
0.43170619010925293,1
0.4686982035636902,1
0.5244977474212646,1
0.4001144766807556,1
0.3782814145088196,1
0.48876041173934937,1
0.41358959674835205,1
0.4893825054168701,1
0.44073644280433655,1
0.34156978130340576,1
0.30678629875183105,1
0.4012848138809204,1
0.4507640302181244,1
0.3824042081832886,1
0.46416085958480835,1
0.4744485020637512,1
0.33601313829421997,1
0.5467774868011475,1
0.3361838459968567,1
0.46835023164749146,1
0.3900618255138397,1
0.42607492208480835,1
0.5344866514205933,1
0.40034157037734985,1
0.37137922644615173,1
0.38515180349349976,1
0.3315480947494507,1
0.49635833501815796,1
0.33931130170822144,1
0.5177586674690247,1
0.4056166112422943,1
0.4230525493621826,1
0.4345974922180176,1
0.32876473665237427,1
0.4816945791244507,1
0.3335059583187103,1
0.37981706857681274,1
0.3681146800518036,1
0.4131872057914734,1
0.43724173307418823,1
0.3504713177680969,1
0.3582363426685333,1
0.40404176712036133,1
0.4559502601623535,1
0.39310580492019653,1
0.3167977035045624,1
0.27137014269828796,1
0.40164437890052795,1
0.41982436180114746,1
0.3612082302570343,1
0.45790722966194153,1
0.47522369027137756,1
0.37765058875083923,1
0.3268517553806305,1
0.34523284435272217,1
0.35928577184677124,1
0.4252130687236786,1
0.36752113699913025,1
0.4424646198749542,1
0.4681791067123413,1
0.2874639630317688,1
0.3253360390663147,1
0.35254526138305664,1
0.4304451644420624,1
0.34162816405296326,1
0.4184545874595642,1
0.32595446705818176,1
0.5567678213119507,1
0.41747036576271057,1
0.3646973669528961,1
0.4173893928527832,1
0.3916139602661133,1
0.46641677618026733,1
0.507738471031189,1
0.46380794048309326,1
0.36823728680610657,1
0.3644733428955078,1
0.31952017545700073,1
0.38444966077804565,1
0.418861985206604,1
0.4390476942062378,1
0.4774916172027588,1
0.4381597638130188,1
0.3923378586769104,1
0.4050266742706299,1
0.44894495606422424,1
0.39943569898605347,1
0.35497215390205383,1
0.3369053900241852,1
0.27391695976257324,1
0.5433813333511353,1
0.32182011008262634,1
0.4321816861629486,1
0.44195252656936646,1
0.36473485827445984,1
0.5001425743103027,1
0.3380313515663147,1
0.3758208155632019,1
0.3655751943588257,1
0.34168702363967896,1
0.36474648118019104,1
0.40230149030685425,1
0.36195409297943115,1
0.365339457988739,1
0.4827594757080078,1
0.4803176522254944,1
0.3119809627532959,1
0.3817509710788727,1
0.42236441373825073,1
0.3491328954696655,1
0.31786346435546875,1
0.44534093141555786,1
0.333996057510376,1
0.3367854058742523,1
0.3721429407596588,1
0.39709198474884033,1
0.5674839019775391,1
0.4550148546695709,1
0.33213305473327637,1
0.4046275317668915,1
0.3221031725406647,1
0.39081451296806335,1
0.3762979507446289,1
0.31361550092697144,1
0.45133668184280396,1
0.3631494641304016,1
0.3139233887195587,1
0.4554184675216675,1
0.4732550382614136,1
0.48078209161758423,1
0.31381845474243164,1
0.36150750517845154,1
0.3672059178352356,1
0.43357744812965393,1
0.369534432888031,1
0.3653627038002014,1
0.41471928358078003,1
0.40784355998039246,1
0.39671841263771057,1
0.35137054324150085,1
0.4357466697692871,1
0.32959824800491333,1
0.3535538911819458,1
0.364565372467041,1
0.3449321985244751,1
0.43051761388778687,1
0.43236303329467773,1
0.4778423011302948,1
0.47883713245391846,1
0.26403501629829407,1
0.4175536036491394,1
0.2985958755016327,1
0.4189346432685852,1
0.5194521546363831,1
0.38455337285995483,1
0.4666643738746643,1
0.361004114151001,1
0.3280443549156189,1
0.37764376401901245,1
0.3418791592121124,1
0.47745877504348755,1
0.3199448883533478,1
0.544809103012085,1
0.39741894602775574,1
0.43884339928627014,1
0.5301254987716675,1
0.43180209398269653,1
0.43487972021102905,1
0.3077247440814972,1
0.33863747119903564,1
0.29801636934280396,1
0.46065571904182434,1
0.43549713492393494,1
0.4465194344520569,1
0.403598427772522,1
0.39258766174316406,1
0.37305915355682373,1
0.4955487847328186,1
0.4184516370296478,1
0.31493279337882996,1
0.39533179998397827,1
0.33441445231437683,1
0.42988303303718567,1
0.5097908973693848,1
0.44709843397140503,1
0.2892140746116638,1
0.4393771290779114,1
0.386168897151947,1
0.31876105070114136,1
0.40540188550949097,1
0.3681969940662384,1
0.4098702073097229,1
0.4105195999145508,1
0.43747061491012573,1
0.39344459772109985,1
0.4665936827659607,1
0.43306708335876465,1
0.3806556761264801,1
0.3901919424533844,1
0.4126684367656708,1
0.4369999170303345,1
0.47979554533958435,1
0.36863136291503906,1
0.34647706151008606,1
0.4051480293273926,1
0.4075711965560913,1
0.4705859422683716,1
0.35625576972961426,1
0.33614009618759155,1
0.3420761227607727,1
0.4126836359500885,1
0.3728576898574829,1
0.3768485486507416,1
0.331961452960968,1
0.33465027809143066,1
0.4193148612976074,1
0.5188742280006409,1
0.29945802688598633,1
0.3014735281467438,1
0.36505842208862305,1
0.42256325483322144,1
0.3961602747440338,1
0.3951711058616638,1
0.4378185272216797,1
0.3873196244239807,1
0.36526957154273987,1
0.3803306221961975,1
0.39659446477890015,1
0.42661553621292114,1
0.5229766368865967,1
0.44539374113082886,1
0.2818302810192108,1
0.38770824670791626,1
0.40775951743125916,1
0.4002811014652252,1
0.39095914363861084,1
0.3276033401489258,1
0.4404328465461731,1
0.4709315896034241,1
0.49538204073905945,1
0.3990030288696289,1
0.4410029649734497,1
0.509323239326477,1
0.37573084235191345,1
0.3283974528312683,1
0.40002667903900146,1
0.4001448154449463,1
0.3729361295700073,1
0.31595057249069214,1
0.412977933883667,1
0.4129799008369446,1
0.39189469814300537,1
0.3494253158569336,1
0.43586045503616333,1
0.4550718069076538,1
0.5034115314483643,1
0.4173896312713623,1
0.39080753922462463,1
0.2947579324245453,1
0.38899511098861694,1
0.41884875297546387,1
0.4456523656845093,1
0.37698158621788025,1
0.497958242893219,1
0.4013623595237732,1
0.4273913502693176,1
0.34093767404556274,1
0.4196957051753998,1
0.42235976457595825,1
0.46775588393211365,1
0.4556148946285248,1
0.3657519817352295,1
0.4007152318954468,1
0.2984396517276764,1
0.5711002349853516,1
0.44553491473197937,1
0.44079160690307617,1
0.32028728723526,1
0.43126779794692993,1
0.40361136198043823,1
0.3785775601863861,1
0.35494285821914673,1
0.4069634675979614,1
0.37985071539878845,1
0.29739391803741455,1
0.3849635422229767,1
0.4082617461681366,1
0.35919904708862305,1
0.41976916790008545,1
0.38770225644111633,1
0.48118603229522705,1
0.3887529671192169,1
0.4792993664741516,1
0.40495938062667847,1
0.4348558783531189,1
0.34174326062202454,1
0.3363536298274994,1
0.35639819502830505,1
0.4097690284252167,1
0.46256089210510254,1
0.34626463055610657,1
0.33752334117889404,1
0.39516162872314453,1
0.4632773697376251,1
0.3833349347114563,1
0.3029926121234894,1
0.447492390871048,1
0.45802977681159973,1
0.4181366562843323,1
0.3391801416873932,1
0.3660840094089508,1
0.40838512778282166,1
0.35986363887786865,1
0.4425084888935089,1
0.35189491510391235,1
0.38859233260154724,1
0.416720449924469,1
0.43887072801589966,1
0.4720104932785034,1
0.4059457778930664,1
0.41154587268829346,1
0.475630521774292,1
0.3752317428588867,1
0.35470008850097656,1
0.37721696496009827,1
0.4060053527355194,1
0.37959253787994385,1
0.3506421744823456,1
0.38022172451019287,1
0.35481351613998413,1
0.36966848373413086,1
0.4154624342918396,1
0.351875901222229,1
0.5028417110443115,1
0.37651950120925903,1
0.34851086139678955,1
0.47031691670417786,1
0.48201966285705566,1
0.3857298493385315,1
0.408095121383667,1
0.3158797025680542,1
0.4019937813282013,1
0.32237738370895386,1
0.3875376582145691,1
0.4059107303619385,1
0.3292774558067322,1
0.49690231680870056,1
0.3144054114818573,1
0.40656912326812744,1
0.3572462797164917,1
0.47612982988357544,1
0.34275946021080017,1
0.4069216847419739,1
0.4051520824432373,1
0.4020809829235077,1
0.33400672674179077,1
0.3284306824207306,1
0.31697139143943787,1
0.490430623292923,1
0.4639144539833069,1
0.33387067914009094,1
0.41247355937957764,1
0.4853110909461975,1
0.38680678606033325,1
0.412463515996933,1
0.3692140579223633,1
0.31846070289611816,1
0.37827128171920776,1
0.38637471199035645,1
0.37954747676849365,1
0.4085662066936493,1
0.44625231623649597,1
0.45542335510253906,1
0.37695300579071045,1
0.30280840396881104,1
0.36593157052993774,1
0.43194907903671265,1
0.38980916142463684,1
0.4352346956729889,1
0.37713104486465454,1
0.3425915241241455,1
0.40688198804855347,1
0.47593796253204346,1
0.4596284031867981,1
0.38342761993408203,1
0.45233020186424255,1
0.35722628235816956,1
0.4621458649635315,1
0.4714893102645874,1
0.2897956073284149,1
0.5167282819747925,1
0.4553360641002655,1
0.2857325077056885,1
0.29758816957473755,1
0.3807712197303772,1
0.40711382031440735,1
0.5262224674224854,1
0.4630255401134491,1
0.39127227663993835,1
0.36661672592163086,1
0.4524621367454529,1
0.4262003004550934,1
0.439301073551178,1
0.4329102039337158,1
0.33399397134780884,1
0.3723980188369751,1
0.33338630199432373,1
0.4086971879005432,1
0.33860424160957336,1
0.43150556087493896,1
0.3306352496147156,1
0.3840286135673523,1
0.3789362907409668,1
0.319082647562027,1
0.46087998151779175,1
0.43236085772514343,1
0.36492443084716797,1
0.42341330647468567,1
0.4900635778903961,1
0.47882506251335144,1
0.47602546215057373,1
0.49262571334838867,1
0.4065534770488739,1
0.41202694177627563,1
0.5237500071525574,1
0.34823620319366455,1
0.46390461921691895,1
0.3402112126350403,1
0.39307087659835815,1
0.48201417922973633,1
0.4276443123817444,1
0.4072563052177429,1
0.3920052647590637,1
0.355813205242157,1
0.39021220803260803,1
0.4744667410850525,1
0.423833966255188,1
0.4362042546272278,1
0.40667998790740967,1
0.28925833106040955,1
0.4058994948863983,1
0.3904056251049042,1
0.3307560086250305,1
0.4649723172187805,1
0.5483938455581665,1
0.5136438012123108,1
0.39585405588150024,1
0.34089764952659607,1
0.37550926208496094,1
0.41247138381004333,1
0.41361427307128906,1
0.4808116555213928,1
0.4698685109615326,1
0.43762415647506714,1
0.3840100169181824,1
0.4091712236404419,1
0.4061315059661865,1
0.3977563679218292,1
0.3706771731376648,1
0.5136312246322632,1
0.34540727734565735,1
0.3666134476661682,1
0.3614646792411804,1
0.4871956706047058,1
0.4475531578063965,1
0.3230000436306,1
0.3915727734565735,1
0.4090280532836914,1
0.2859169840812683,1
0.33801111578941345,1
0.3809996545314789,1
0.4761865735054016,1
0.34304279088974,1
0.44796380400657654,1
0.34545040130615234,1
0.3668801784515381,1
0.3198172152042389,1
0.36262792348861694,1
0.44441521167755127,1
0.4822201132774353,1
0.3591497540473938,1
0.4692113399505615,1
0.4194038510322571,1
0.5126591920852661,1
0.42398500442504883,1
0.3148607611656189,1
0.4762609004974365,1
0.4135451316833496,1
0.45463401079177856,1
0.53333580493927,1
0.376255065202713,1
0.39569738507270813,1
0.401831716299057,1
0.40367695689201355,1
0.3558807969093323,1
0.32799333333969116,1
0.4006410241127014,1
0.3423466384410858,1
0.38520246744155884,1
0.26727983355522156,1
0.37248891592025757,1
0.445674866437912,1
0.4895293116569519,1
0.43679821491241455,1
0.5294855833053589,1
0.32527482509613037,1
0.436003178358078,1
0.40476393699645996,1
0.4599018692970276,1
0.3296321928501129,1
0.36560356616973877,1
0.2766890823841095,1
0.2998518943786621,1
0.3578454256057739,1
0.3683262765407562,1
0.33469316363334656,1
0.373556911945343,1
0.3092622458934784,1
0.4140147566795349,1
0.38765326142311096,1
0.4355906844139099,1
0.4224981665611267,1
0.4402027726173401,1
0.30758175253868103,1
0.3564886450767517,1
0.3958183825016022,1
0.46747052669525146,1
0.4568657875061035,1
0.4305649995803833,1
0.3531784117221832,1
0.3751848638057709,1
0.34470346570014954,1
0.3912983536720276,1
0.3264364004135132,1
0.5006731748580933,1
0.3931080400943756,1
0.412616491317749,1
0.48751166462898254,1
0.4112553894519806,1
0.3128294348716736,1
0.382015585899353,1
0.32305002212524414,1
0.41002756357192993,1
0.4205004572868347,1
0.35796257853507996,1
0.417807012796402,1
0.3934047818183899,1
0.4147120714187622,1
0.4139006733894348,1
0.34223702549934387,1
0.3753986954689026,1
0.596646249294281,1
0.4621056914329529,1
0.3849189877510071,1
0.45036739110946655,1
0.40339896082878113,1
0.37996941804885864,1
0.42287832498550415,1
0.4792872667312622,1
0.28753215074539185,1
0.40472832322120667,1
0.39802518486976624,1
0.4654308259487152,1
0.39315637946128845,1
0.37471044063568115,1
0.3557591736316681,1
0.3995729982852936,1
0.427430123090744,1
0.47937509417533875,1
0.36982014775276184,1
0.399568647146225,1
0.5393837690353394,1
0.42286384105682373,1
0.2928193211555481,1
0.29736092686653137,1
0.2887510657310486,1
0.4077378213405609,1
0.44058191776275635,1
0.3807840347290039,1
0.38742345571517944,1
0.34201323986053467,1
0.5199538469314575,1
0.49366632103919983,1
0.40989112854003906,1
0.4678036570549011,1
0.4847213625907898,1
0.3727741241455078,1
0.5529217720031738,1
0.42893654108047485,1
0.4199230372905731,1
0.49883800745010376,1
0.3781666159629822,1
0.37822824716567993,1
0.48494166135787964,1
0.3322255313396454,1
0.31601452827453613,1
0.41886961460113525,1
0.44511184096336365,1
0.4446226954460144,1
0.3757844567298889,1
0.35273081064224243,1
0.3765226900577545,1
0.3911944031715393,1
0.3700231611728668,1
0.36502575874328613,1
0.31108358502388,1
0.42938923835754395,1
0.3992903232574463,1
0.3334183096885681,1
0.45868778228759766,1
0.4138696789741516,1
0.34710898995399475,1
0.45199495553970337,1
0.3218708634376526,1
0.43626803159713745,1
0.5511340498924255,1
0.39325150847435,1
0.33763864636421204,1
0.4588510990142822,1
0.41337960958480835,1
0.3653830289840698,1
0.37220460176467896,1
0.38456225395202637,1
0.39192312955856323,1
0.40421342849731445,1
0.41760390996932983,1
0.39202046394348145,1
0.4823613166809082,1
0.4490259885787964,1
0.4455949068069458,1
0.4158068895339966,1
0.38523539900779724,1
0.3643341064453125,1
0.41738590598106384,1
0.30719077587127686,1
0.4284707307815552,1
0.34881627559661865,1
0.3336341083049774,1
0.4018082320690155,1
0.3143352270126343,1
0.4529663622379303,1
0.4403100609779358,1
0.28934627771377563,1
0.36090314388275146,1
0.5337918996810913,1
0.40516918897628784,1
0.4185761511325836,1
0.39020586013793945,1
0.45405444502830505,1
0.4127347469329834,1
0.4139673113822937,1
0.3842405676841736,1
0.4084746837615967,1
0.4463246464729309,1
0.34631508588790894,1
0.40349987149238586,1
0.476790189743042,1
0.349299818277359,1
0.4758991003036499,1
0.39007875323295593,1
0.3569101095199585,1
0.3937450647354126,1
0.4770922064781189,1
0.36106979846954346,1
0.44059616327285767,1
0.4134458303451538,1
0.39547690749168396,1
0.35788628458976746,1
0.3057463765144348,1
0.4629907011985779,1
0.4040642976760864,1
0.3864544928073883,1
0.3184489905834198,1
0.24783757328987122,1
0.5075857043266296,1
0.426972895860672,1
0.26567965745925903,1
0.33011913299560547,1
0.37503087520599365,1
0.4953206777572632,1
0.3901069760322571,1
0.5192918181419373,1
0.3692032992839813,1
0.39538338780403137,1
0.4601553678512573,1
0.36357104778289795,1
0.4043142795562744,1
0.37950462102890015,1
0.268379271030426,1
0.5334903001785278,1
0.3177414834499359,1
0.376668781042099,1
0.5542551875114441,1
0.3997501730918884,1
0.34386470913887024,1
0.40067756175994873,1
0.4077407717704773,1
0.3213191330432892,1
0.49660658836364746,1
0.30800750851631165,1
0.38215482234954834,1
0.41118842363357544,1
0.4302239418029785,1
0.3321877717971802,1
0.41823112964630127,1
0.45887520909309387,1
0.33825430274009705,1
0.4226417541503906,1
0.45207348465919495,1
0.3130868077278137,1
0.4302186965942383,1
0.40445199608802795,1
0.40974995493888855,1
0.41010087728500366,1
0.3677542209625244,1
0.441000759601593,1
0.41653192043304443,1
0.40222010016441345,1
0.2987311780452728,1
0.4027387499809265,1
0.3609614968299866,1
0.3564702272415161,1
0.3647775650024414,1
0.4354652166366577,1
0.41411474347114563,1
0.44910043478012085,1
0.5146253108978271,1
0.4084817171096802,1
0.42365214228630066,1
0.3779471516609192,1
0.4462983012199402,1
0.32337838411331177,1
0.3998831808567047,1
0.4702186584472656,1
0.34277039766311646,1
0.3869935870170593,1
0.412367045879364,1
0.4025389552116394,1
0.3283827304840088,1
0.39346471428871155,1
0.34116488695144653,1
0.45393121242523193,1
0.42717063426971436,1
0.34510964155197144,1
0.4389137625694275,1
0.3722166419029236,1
0.3447378873825073,1
0.39405345916748047,1
0.3716895580291748,1
0.37931057810783386,1
0.48672959208488464,1
0.44935962557792664,1
0.39423590898513794,1
0.4080474376678467,1
0.39171457290649414,1
0.44534194469451904,1
0.4594230353832245,1
0.43873757123947144,1
0.3523034453392029,1
0.43271809816360474,1
0.45495980978012085,1
0.37118083238601685,1
0.5138028860092163,1
0.42410796880722046,1
0.35182932019233704,1
0.4139259457588196,1
0.35475289821624756,1
0.35625600814819336,1
0.466964453458786,1
0.5013489127159119,1
0.30744117498397827,1
0.32825225591659546,1
0.41012245416641235,1
0.47728967666625977,1
0.3594849705696106,1
0.45269468426704407,1
0.3577392101287842,1
0.3744278848171234,1
0.46858251094818115,1
0.28932440280914307,1
0.3120344877243042,1
0.47926342487335205,1
0.4780072569847107,1
0.3903212547302246,1
0.3568249046802521,1
0.4197266101837158,1
0.4042341709136963,1
0.33883729577064514,1
0.45830559730529785,1
0.40968969464302063,1
0.37023675441741943,1
0.3695495128631592,1
0.3947153091430664,1
0.389060378074646,1
0.3545975685119629,1
0.39158231019973755,1
0.3889542818069458,1
0.34982484579086304,1
0.4221211075782776,1
0.3760356307029724,1
0.41109398007392883,1
0.3975432813167572,1
0.31499168276786804,1
0.33768242597579956,1
0.42648041248321533,1
0.43532201647758484,1
0.40070250630378723,1
0.45972129702568054,1
0.4440970718860626,1
0.5038840770721436,1
0.353883296251297,1
0.4529196321964264,1
0.2726675271987915,1
0.4561566412448883,1
0.38106393814086914,1
0.4362894296646118,1
0.3660257160663605,1
0.3746136426925659,1
0.45132994651794434,1
0.3142579197883606,1
0.39415931701660156,1
0.37121206521987915,1
0.4239218235015869,1
0.35765594244003296,1
0.41802018880844116,1
0.3389720916748047,1
0.5016922950744629,1
0.41061490774154663,1
0.5149571895599365,1
0.5095282793045044,1
0.368863970041275,1
0.370763897895813,1
0.4422900676727295,1
0.3739672303199768,1
0.4113181233406067,1
0.415963351726532,1
0.34870079159736633,1
0.4566553235054016,1
0.47893041372299194,1
0.356087863445282,1
0.4637563228607178,1
0.4757523536682129,1
0.45680105686187744,1
0.3841401934623718,1
0.44912585616111755,1
0.3275429904460907,1
0.3912408649921417,1
0.39830833673477173,1
0.46938782930374146,1
0.4184100329875946,1
0.4451741874217987,1
0.35307520627975464,1
0.36232632398605347,1
0.45300018787384033,1
0.37484392523765564,1
0.34907519817352295,1
0.40045517683029175,1
0.39464545249938965,1
0.41987520456314087,1
0.4070112109184265,1
0.4274034798145294,1
0.4455178678035736,1
0.38400477170944214,1
0.36754342913627625,1
0.5857723355293274,1
0.3511877655982971,1
0.41799309849739075,1
0.36205267906188965,1
0.3766188621520996,1
0.40804243087768555,1
0.3975711166858673,1
0.34708118438720703,1
0.41934704780578613,1
0.4571859836578369,1
0.48906564712524414,1
0.4130759537220001,1
0.39679837226867676,1
0.37369853258132935,1
0.4183783531188965,1
0.5576794147491455,1
0.4833102524280548,1
0.3907773494720459,1
0.3852103054523468,1
0.3582337200641632,1
0.33073097467422485,1
0.3660835325717926,1
0.34518110752105713,1
0.35720503330230713,1
0.45077118277549744,1
0.347419798374176,1
0.4139770269393921,1
0.4128442108631134,1
0.329324334859848,1
0.4931662380695343,1
0.23704053461551666,1
0.27986520528793335,1
0.32842063903808594,1
0.4669308364391327,1
0.2931326627731323,1
0.3830539584159851,1
0.32520198822021484,1
0.3726382255554199,1
0.5878857374191284,1
0.4642816483974457,1
0.3156350255012512,1
0.41234177350997925,1
0.43099433183670044,1
0.5008939504623413,1
0.4639010429382324,1
0.4531559348106384,1
0.6099119186401367,1
0.46233269572257996,1
0.3777833580970764,1
0.4438333213329315,1
0.46680259704589844,1
0.38838642835617065,1
0.30329573154449463,1
0.41837412118911743,1
0.4238579273223877,1
0.2951546013355255,1
0.546093225479126,1
0.33271926641464233,1
0.4073944389820099,1
0.3401970863342285,1
0.3810666501522064,1
0.2845155596733093,1
0.2786710262298584,1
0.4207240343093872,1
0.4669593274593353,1
0.42491069436073303,1
0.42417705059051514,1
0.5176800489425659,1
0.2920210361480713,1
0.39366480708122253,1
0.41502243280410767,1
0.3296862542629242,1
0.43915247917175293,1
0.3947339653968811,1
0.3141198456287384,1
0.36549311876296997,1
0.45197659730911255,1
0.4202527403831482,1
0.4269420802593231,1
0.3175451159477234,1
0.32831141352653503,1
0.3912087678909302,1
0.4103522002696991,1
0.44147270917892456,1
0.41156232357025146,1
0.5360490679740906,1
0.43263712525367737,1
0.43185436725616455,1
0.39263826608657837,1
0.389251172542572,1
0.27899253368377686,1
0.4215431809425354,1
0.27199476957321167,1
0.3361188769340515,1
0.39273524284362793,1
0.46693867444992065,1
0.48166197538375854,1
0.43796560168266296,1
0.35692963004112244,1
0.5218426585197449,1
0.32474732398986816,1
0.35153982043266296,1
0.5773361921310425,1
0.4665045440196991,1
0.4057989716529846,1
0.4745272696018219,1
0.4288247227668762,1
0.5431320667266846,1
0.4425532817840576,1
0.4118209481239319,1
0.4735080599784851,1
0.3981870412826538,1
0.4494895935058594,1
0.3451274335384369,1
0.48037832975387573,1
0.3320537507534027,1
0.42773786187171936,1
0.38131818175315857,1
0.370990514755249,1
0.3458237051963806,1
0.393328994512558,1
0.40758800506591797,1
0.5281362533569336,1
0.4065311849117279,1
0.3897353410720825,1
0.3590794503688812,1
0.36070236563682556,1
0.4910098612308502,1
0.4762086868286133,1
0.4009568691253662,1
0.31320592761039734,1
0.39388465881347656,1
0.3947001099586487,1
0.42133277654647827,1
0.39944714307785034,1
0.3801560401916504,1
0.562162458896637,1
0.41310831904411316,1
0.3461031913757324,1
0.4088039696216583,1
0.3598237633705139,1
0.32828620076179504,1
0.2954239547252655,1
0.3755069375038147,1
0.3779011368751526,1
0.40839093923568726,1
0.332433819770813,1
0.37112849950790405,1
0.44415873289108276,1
0.48668476939201355,1
0.3836680054664612,1
0.39366036653518677,1
0.3179478347301483,1
0.3569985032081604,1
0.3324003517627716,1
0.4009498655796051,1
0.5567197203636169,1
0.4277729392051697,1
0.4078214168548584,1
0.47341853380203247,1
0.40433230996131897,1
0.42787691950798035,1
0.3511161804199219,1
0.3584713339805603,1
0.3711549937725067,1
0.39758580923080444,1
0.24532806873321533,1
0.3956992030143738,1
0.3411252200603485,1
0.33329567313194275,1
0.4749111533164978,1
0.38427793979644775,1
0.46810612082481384,1
0.38811397552490234,1
0.4935178756713867,1
0.42880088090896606,1
0.423038125038147,1
0.3519080877304077,1
0.39957934617996216,1
0.294761598110199,1
0.635164737701416,1
0.455188512802124,1
0.6140289306640625,1
0.41804370284080505,1
0.39147302508354187,1
0.41930198669433594,1
0.3756912052631378,1
0.3670158386230469,1
0.3255052864551544,1
0.34548091888427734,1
0.4342314302921295,1
0.5002661943435669,1
0.6003958582878113,1
0.3644440174102783,1
0.3371887803077698,1
0.31842297315597534,1
0.4280398488044739,1
0.44676709175109863,1
0.3341001272201538,1
0.3968322277069092,1
0.3378150165081024,1
0.3749330937862396,1
0.3159729242324829,1
0.384644091129303,1
0.4021805226802826,1
0.41639837622642517,1
0.3790055513381958,1
0.44870609045028687,1
0.3497704863548279,1
0.4406657814979553,1
0.42324841022491455,1
0.45618462562561035,1
0.4471226632595062,1
0.4250083565711975,1
0.418469101190567,1
0.3643944263458252,1
0.2957642376422882,1
0.457896888256073,1
0.47280117869377136,1
0.46216773986816406,1
0.3777017295360565,1
0.4978441596031189,1
0.39821988344192505,1
0.35307490825653076,1
0.42287564277648926,1
0.399852454662323,1
0.4831337332725525,1
0.3663776218891144,1
0.44020867347717285,1
0.4636054039001465,1
0.37780725955963135,1
0.35821986198425293,1
0.39657431840896606,1
0.26579976081848145,1
0.44266700744628906,1
0.4374282956123352,1
0.43390828371047974,1
0.5310169458389282,1
0.4280391335487366,1
0.36521750688552856,1
0.3216267228126526,1
0.44011643528938293,1
0.3256414532661438,1
0.49060192704200745,1
0.4802820086479187,1
0.36060723662376404,1
0.4058384299278259,1
0.43818098306655884,1
0.36038002371788025,1
0.3793022334575653,1
0.4960530400276184,1
0.3270239531993866,1
0.33508723974227905,1
0.4165594279766083,1
0.4032557010650635,1
0.4068748652935028,1
0.48048076033592224,1
0.49413996934890747,1
0.3511420488357544,1
0.3904615342617035,1
0.36281532049179077,1
0.3657852113246918,1
0.46377021074295044,1
0.2807298004627228,1
0.4155540466308594,1
0.4445668160915375,1
0.3371741771697998,1
0.48474451899528503,1
0.4923613369464874,1
0.407105028629303,1
0.4733025133609772,1
0.42637550830841064,1
0.5701072216033936,1
0.41023075580596924,1
0.42274603247642517,1
0.4637613296508789,1
0.5039936900138855,1
0.39353498816490173,1
0.39787164330482483,1
0.4443695545196533,1
0.5038881301879883,1
0.4834962785243988,1
0.46923673152923584,1
0.5276634693145752,1
0.2840477526187897,1
0.3001900315284729,1
0.37997233867645264,1
0.35857754945755005,1
0.47011929750442505,1
0.44368505477905273,1
0.49475324153900146,1
0.39709898829460144,1
0.4068927764892578,1
0.4518220126628876,1
0.3894840478897095,1
0.39046263694763184,1
0.41952741146087646,1
0.34616467356681824,1
0.37598326802253723,1
0.48013707995414734,1
0.4259970784187317,1
0.39127200841903687,1
0.39512693881988525,1
0.40257543325424194,1
0.3806731700897217,1
0.40997785329818726,1
0.3728322982788086,1
0.29535749554634094,1
0.3971700668334961,1
0.3481209874153137,1
0.4673771262168884,1
0.4028138220310211,1
0.41023579239845276,1
0.5112466216087341,1
0.474372923374176,1
0.5008360743522644,1
0.3988739550113678,1
0.36953407526016235,1
0.5118162631988525,1
0.3329068124294281,1
0.3760703206062317,1
0.37539902329444885,1
0.49043789505958557,1
0.34212905168533325,1
0.3277302384376526,1
0.4071655571460724,1
0.2936926484107971,1
0.3900730311870575,1
0.4617308974266052,1
0.40956515073776245,1
0.3030398190021515,1
0.3911287784576416,1
0.3771665692329407,1
0.42226025462150574,1
0.31431514024734497,1
0.44772306084632874,1
0.40132033824920654,1
0.43660131096839905,1
0.387522429227829,1
0.40330004692077637,1
0.4258386492729187,1
0.5320237874984741,1
0.347427636384964,1
0.33497726917266846,1
0.393391877412796,1
0.4589986801147461,1
0.426353394985199,1
0.4873984456062317,1
0.39580005407333374,1
0.42718684673309326,1
0.37202537059783936,1
0.3339599072933197,1
0.3986588418483734,1
0.36216428875923157,1
0.43008238077163696,1
0.4221367835998535,1
0.3916563093662262,1
0.3869004249572754,1
0.41904330253601074,1
0.30937910079956055,1
0.4688554108142853,1
0.46492254734039307,1
0.5023194551467896,1
0.3619191646575928,1
0.42199715971946716,1
0.4285046458244324,1
0.29911935329437256,1
0.35055655241012573,1
0.3776494562625885,1
0.42735999822616577,1
0.28652849793434143,1
0.46197834610939026,1
0.33971694111824036,1
0.3754408359527588,1
0.32160288095474243,1
0.31406161189079285,1
0.47633546590805054,1
0.43451738357543945,1
0.3762351870536804,1
0.4011719822883606,1
0.4797087013721466,1
0.3166637122631073,1
0.4594002664089203,1
0.40387463569641113,1
0.4109862148761749,1
0.38373106718063354,1
0.350660502910614,1
0.4515014588832855,1
0.4631657004356384,1
0.3990755081176758,1
0.4138667583465576,1
0.3802242875099182,1
0.3891614079475403,1
0.437249094247818,1
0.4332835078239441,1
0.4517539441585541,1
0.3222373127937317,1
0.39188864827156067,1
0.4352424740791321,1
0.4110932946205139,1
0.2299029380083084,1
0.4613441526889801,1
0.394031822681427,1
0.41167086362838745,1
0.4002622365951538,1
0.4762970209121704,1
0.39481309056282043,1
0.502465009689331,1
0.4722393751144409,1
0.3568018078804016,1
0.45461368560791016,1
0.3655727505683899,1
0.38380128145217896,1
0.3571259379386902,1
0.3185088336467743,1
0.43271833658218384,1
0.4463806450366974,1
0.3249902129173279,1
0.4878506362438202,1
0.4326139986515045,1
0.25718384981155396,1
0.3613584637641907,1
0.3776610493659973,1
0.4241103231906891,1
0.3165699541568756,1
0.3635355830192566,1
0.36417296528816223,1
0.4399867057800293,1
0.3948136866092682,1
0.5251641869544983,1
0.4098869860172272,1
0.41476988792419434,1
0.404988169670105,1
0.4298860430717468,1
0.4130183458328247,1
0.4063851833343506,1
0.43788719177246094,1
0.429269015789032,1
0.4058547019958496,1
0.42518532276153564,1
0.5369737148284912,1
0.39325252175331116,1
0.3879694640636444,1
0.34483224153518677,1
0.3076445162296295,1
0.46955394744873047,1
0.38522762060165405,1
0.3471236526966095,1
0.34600403904914856,1
0.32468000054359436,1
0.3977839946746826,1
0.49635428190231323,1
0.33975303173065186,1
0.3745306134223938,1
0.3955671489238739,1
0.401629239320755,1
0.4569225311279297,1
0.4999741017818451,1
0.2999741733074188,1
0.43199193477630615,1
0.49543046951293945,1
0.3769519329071045,1
0.4887669086456299,1
0.41735053062438965,1
0.3634943962097168,1
0.3586127758026123,1
0.288274347782135,1
0.46337515115737915,1
0.4565199911594391,1
0.36879345774650574,1
0.432458758354187,1
0.3902566432952881,1
0.43195316195487976,1
0.5140049457550049,1
0.32292473316192627,1
0.40990355610847473,1
0.39515870809555054,1
0.3009260296821594,1
0.46602338552474976,1
0.37424957752227783,1
0.3499317765235901,1
0.40761637687683105,1
0.39912962913513184,1
0.33046644926071167,1
0.3354431390762329,1
0.4633074104785919,1
0.4358733296394348,1
0.41593867540359497,1
0.3745790421962738,1
0.3651338517665863,1
0.33756744861602783,1
0.3715048134326935,1
0.43280452489852905,1
0.3811200261116028,1
0.3806438446044922,1
0.37523436546325684,1
0.3586430251598358,1
0.3097148537635803,1
0.30834245681762695,1
0.4680364727973938,1
0.27118077874183655,1
0.38289061188697815,1
0.4571669101715088,1
0.7389522194862366,1
0.47001269459724426,1
0.36560875177383423,1
0.4069165587425232,1
0.3235360085964203,1
0.3683876395225525,1
0.45538127422332764,1
0.28892260789871216,1
0.548464834690094,1
0.5148133039474487,1
0.3469148576259613,1
0.35758668184280396,1
0.4251503348350525,1
0.42908018827438354,1
0.35809090733528137,1
0.32573723793029785,1
0.3501366674900055,1
0.5514113903045654,1
0.3265673518180847,1
0.5077141523361206,1
0.39726522564888,1
0.43075424432754517,1
0.40325233340263367,1
0.3928237855434418,1
0.48295626044273376,1
0.4577197730541229,1
0.3609192967414856,1
0.4596922993659973,1
0.4213626980781555,1
0.5187337398529053,1
0.3109263479709625,1
0.45757919549942017,1
0.44998568296432495,1
0.3961595296859741,1
0.5076568722724915,1
0.32175153493881226,1
0.3580275774002075,1
0.3433183431625366,1
0.4074157476425171,1
0.32776615023612976,1
0.3739791810512543,1
0.3932811915874481,1
0.3154340386390686,1
0.40707793831825256,1
0.34328770637512207,1
0.38257071375846863,1
0.46139881014823914,1
0.4649125933647156,1
0.5118280649185181,1
0.4226527810096741,1
0.4546595811843872,1
0.532800018787384,1
0.39526820182800293,1
0.3280634880065918,1
0.35537290573120117,1
0.37205415964126587,1
0.38532841205596924,1
0.3601224720478058,1
0.4369265139102936,1
0.30418169498443604,1
0.39066749811172485,1
0.3472605347633362,1
0.41648566722869873,1
0.3206077218055725,1
0.35933536291122437,1
0.3718889355659485,1
0.34111565351486206,1
0.4159204959869385,1
0.4979519844055176,1
0.31129759550094604,1
0.5293454527854919,1
0.34364205598831177,1
0.33650144934654236,1
0.4665399491786957,1
0.47949981689453125,1
0.4099665880203247,1
0.4573780596256256,1
0.36682939529418945,1
0.3152526021003723,1
0.3612805902957916,1
0.3932817280292511,1
0.5289009809494019,1
0.31168317794799805,1
0.5765948295593262,1
0.35783857107162476,1
0.3959696292877197,1
0.39509981870651245,1
0.3750016689300537,1
0.4327545166015625,1
0.30698084831237793,1
0.5204550623893738,1
0.5674619674682617,1
0.4794485867023468,1
0.4960083067417145,1
0.32802683115005493,1
0.35618671774864197,1
0.37928491830825806,1
0.4188689589500427,1
0.40119051933288574,1
0.3566714823246002,1
0.38040658831596375,1
0.4335498809814453,1
0.3915484845638275,1
0.3524775505065918,1
0.37509778141975403,1
0.46895086765289307,1
0.48875123262405396,1
0.4226541817188263,1
0.34311118721961975,1
0.36143210530281067,1
0.3324645757675171,1
0.4072107970714569,1
0.45417290925979614,1
0.3660597801208496,1
0.31223270297050476,1
0.34979158639907837,1
0.34380534291267395,1
0.4112582206726074,1
0.3955300450325012,1
0.2922508716583252,1
0.4805358052253723,1
0.347673624753952,1
0.4434034526348114,1
0.49315953254699707,1
0.48149770498275757,1
0.42389947175979614,1
0.4261348843574524,1
0.43904221057891846,1
0.5080133080482483,1
0.28063225746154785,1
0.44293397665023804,1
0.375398188829422,1
0.3420792520046234,1
0.26268333196640015,1
0.4271734952926636,1
0.3378739356994629,1
0.3009249269962311,1
0.3814822733402252,1
0.39926907420158386,1
0.25302794575691223,1
0.4226874113082886,1
0.3955024182796478,1
0.4048020839691162,1
0.3799005150794983,1
0.31575238704681396,1
0.4132247865200043,1
0.35631370544433594,1
0.34025728702545166,1
0.3408627510070801,1
0.37778714299201965,1
0.2833232879638672,1
0.36047759652137756,1
0.3880871534347534,1
0.48917192220687866,1
0.4425172209739685,1
0.37182843685150146,1
0.37928104400634766,1
0.38210833072662354,1
0.39846885204315186,1
0.3461487889289856,1
0.40176627039909363,1
0.35692405700683594,1
0.3324262499809265,1
0.3647433817386627,1
0.3736685514450073,1
0.47248002886772156,1
0.3607977628707886,1
0.3713793456554413,1
0.5182886719703674,1
0.4439447522163391,1
0.46532565355300903,1
0.4108044505119324,1
0.3792511820793152,1
0.480172336101532,1
0.3228169083595276,1
0.4230666160583496,1
0.4151086211204529,1
0.3614853024482727,1
0.31222110986709595,1
0.2884748876094818,1
0.48031455278396606,1
0.3402423858642578,1
0.3484208881855011,1
0.42922505736351013,1
0.39054688811302185,1
0.40839648246765137,1
0.4461577534675598,1
0.3567723333835602,1
0.36161524057388306,1
0.3296446204185486,1
0.46004876494407654,1
0.34121784567832947,1
0.4067946970462799,1
0.4145349860191345,1
0.3721296489238739,1
0.3290485739707947,1
0.476412296295166,1
0.3653240501880646,1
0.4199085831642151,1
0.3293488025665283,1
0.5055713057518005,1
0.4184534549713135,1
0.28994619846343994,1
0.4732570946216583,1
0.4581023156642914,1
0.3266777992248535,1
0.4707706570625305,1
0.4368174076080322,1
0.36918795108795166,1
0.3338978588581085,1
0.35750189423561096,1
0.3607478141784668,1
0.4198264181613922,1
0.4623620808124542,1
0.3383375406265259,1
0.318051278591156,1
0.35445666313171387,1
0.3637155294418335,1
0.4932594895362854,1
0.3683930039405823,1
0.4644138514995575,1
0.30773818492889404,1
0.2916812002658844,1
0.36804139614105225,1
0.36756372451782227,1
0.5136359930038452,1
0.36403799057006836,1
0.3722973167896271,1
0.47585389018058777,1
0.39601635932922363,1
0.42981427907943726,1
0.367450088262558,1
0.41276273131370544,1
0.4487839937210083,1
0.3898877501487732,1
0.4689761698246002,1
0.41094619035720825,1
0.3343598246574402,1
0.4968312382698059,1
0.35966038703918457,1
0.4790486693382263,1
0.4954512119293213,1
0.48488324880599976,1
0.3542990982532501,1
0.32422935962677,1
0.43433400988578796,1
0.36786743998527527,1
0.5966663360595703,1
0.3523523509502411,1
0.36608901619911194,1
0.3482372760772705,1
0.3707156479358673,1
0.3248016834259033,1
0.3859424591064453,1
0.531000018119812,1
0.3602555990219116,1
0.47648054361343384,1
0.3285977840423584,1
0.3821917176246643,1
0.4356994032859802,1
0.32688236236572266,1
0.3978588283061981,1
0.488964706659317,1
0.4268134832382202,1
0.33776524662971497,1
0.33721622824668884,1
0.3636113703250885,1
0.4750056266784668,1
0.3430275321006775,1
0.38752174377441406,1
0.300321489572525,1
0.3102240562438965,1
0.31779468059539795,1
0.3829859495162964,1
0.49669593572616577,1
0.38756102323532104,1
0.5077703595161438,1
0.3989483118057251,1
0.39911532402038574,1
0.48404204845428467,1
0.4216509759426117,1
0.42856335639953613,1
0.30073344707489014,1
0.36149898171424866,1
0.3723781704902649,1
0.32449811697006226,1
0.4802730083465576,1
0.3270704746246338,1
0.47934967279434204,1
0.47338828444480896,1
0.36139464378356934,1
0.35837775468826294,1
0.3602837026119232,1
0.3833811581134796,1
0.3346711993217468,1
0.4287440776824951,1
0.43462663888931274,1
0.43484044075012207,1
0.28943920135498047,1
0.36793071031570435,1
0.38431230187416077,1
0.2751941978931427,1
0.36071282625198364,1
0.3210127353668213,1
0.4162314236164093,1
0.5066505670547485,1
0.3925456404685974,1
0.36282140016555786,1
0.4053892493247986,1
0.48381364345550537,1
0.4290889501571655,1
0.3248862326145172,1
0.5318005681037903,1
0.5725024938583374,1
0.40891674160957336,1
0.38618192076683044,1
0.44978684186935425,1
0.38039430975914,1
0.34307199716567993,1
0.3032526671886444,1
0.4325605034828186,1
0.4735246002674103,1
0.31105533242225647,1
0.42190030217170715,1
0.531261146068573,1
0.4233205318450928,1
0.37646692991256714,1
0.322512149810791,1
0.447735458612442,1
0.4659072160720825,1
0.4433465301990509,1
0.4251653254032135,1
0.4821155369281769,1
0.3974668085575104,1
0.37171128392219543,1
0.38819271326065063,1
0.4478013217449188,1
0.37016749382019043,1
0.449171781539917,1
0.35224148631095886,1
0.3895367383956909,1
0.359464555978775,1
0.45447275042533875,1
0.47452259063720703,1
0.43447035551071167,1
0.4594815969467163,1
0.3244815170764923,1
0.3735905587673187,1
0.3820241689682007,1
0.5270907878875732,1
0.39026618003845215,1
0.6036984920501709,1
0.4112055003643036,1
0.38507556915283203,1
0.3653472661972046,1
0.444369375705719,1
0.45027169585227966,1
0.41858771443367004,1
0.3855969309806824,1
0.3956189751625061,1
0.5983171463012695,1
0.38943246006965637,1
0.24935266375541687,1
0.5360429883003235,1
0.41257405281066895,1
0.41611194610595703,1
0.3878329396247864,1
0.3150908052921295,1
0.2878154516220093,1
0.32875487208366394,1
0.4732224643230438,1
0.3470578193664551,1
0.5002578496932983,1
0.40341973304748535,1
0.3802933096885681,1
0.42426061630249023,1
0.49223214387893677,1
0.43358930945396423,1
0.3544652462005615,1
0.36621809005737305,1
0.40922582149505615,1
0.4242804944515228,1
0.45061349868774414,1
0.3807155191898346,1
0.37828516960144043,1
0.40717434883117676,1
0.4534306824207306,1
0.38805288076400757,1
0.4546641707420349,1
0.3594154119491577,1
0.39813095331192017,1
0.3707394003868103,1
0.4010251462459564,1
0.36128199100494385,1
0.41158363223075867,1
0.3233071565628052,1
0.43025606870651245,1
0.3752126097679138,1
0.4000115990638733,1
0.3370603322982788,1
0.31213319301605225,1
0.5598421096801758,1
0.4290783703327179,1
0.42899662256240845,1
0.38083359599113464,1
0.3425658047199249,1
0.3551071286201477,1
0.3846436142921448,1
0.29041722416877747,1
0.3370879888534546,1
0.42021992802619934,1
0.3209123909473419,1
0.3523333668708801,1
0.28444749116897583,1
0.39963221549987793,1
0.42696312069892883,1
0.43404310941696167,1
0.4645823836326599,1
0.4369161128997803,1
0.4221150279045105,1
0.4449796676635742,1
0.3661765456199646,1
0.41152673959732056,1
0.4932165741920471,1
0.49154525995254517,1
0.3543124794960022,1
0.38686296343803406,1
0.3686344623565674,1
0.4056156277656555,1
0.30935564637184143,1
0.35776862502098083,1
0.4376183748245239,1
0.4771609902381897,1
0.4519297778606415,1
0.30892232060432434,1
0.41852328181266785,1
0.2845880091190338,1
0.47806012630462646,1
0.3441781997680664,1
0.39467740058898926,1
0.3735894560813904,1
0.40391242504119873,1
0.42439523339271545,1
0.4003274440765381,1
0.4920571744441986,1
0.6762299537658691,1
0.5144867897033691,1
0.368842750787735,1
0.35275018215179443,1
0.3540572226047516,1
0.4652469754219055,1
0.5757218599319458,1
0.3963621258735657,1
0.4124472141265869,1
0.39360761642456055,1
0.5076765418052673,1
0.31509527564048767,1
0.3777250647544861,1
0.4532104432582855,1
0.3468204736709595,1
0.5066287517547607,1
0.46121227741241455,1
0.4261731505393982,1
0.35847023129463196,1
0.40578529238700867,1
0.3210850954055786,1
0.392522931098938,1
0.4770967960357666,1
0.5371490120887756,1
0.43704819679260254,1
0.36559614539146423,1
0.29831862449645996,1
0.3912803530693054,1
0.2770320773124695,1
0.4152509570121765,1
0.34532320499420166,1
0.3731685280799866,1
0.3468797206878662,1
0.44519752264022827,1
0.399789422750473,1
0.38129156827926636,1
0.2947404980659485,1
0.37177836894989014,1
0.4439065456390381,1
0.42146751284599304,1
0.37716901302337646,1
0.3884772062301636,1
0.42398983240127563,1
0.51329505443573,1
0.3090120255947113,1
0.4547260105609894,1
0.3031288981437683,1
0.5262714624404907,1
0.41787341237068176,1
0.38375070691108704,1
0.46807411313056946,1
0.3407314419746399,1
0.38048094511032104,1
0.47113877534866333,1
0.4993145763874054,1
0.36293402314186096,1
0.4141743779182434,1
0.3501914143562317,1
0.4003003239631653,1
0.4242125153541565,1
0.3653140068054199,1
0.37926608324050903,1
0.3210841417312622,1
0.3788990378379822,1
0.46192991733551025,1
0.35542207956314087,1
0.42833393812179565,1
0.38994547724723816,1
0.37599319219589233,1
0.3710692524909973,1
0.33823361992836,1
0.26495659351348877,1
0.4265550673007965,1
0.48482850193977356,1
0.3938118815422058,1
0.3935639262199402,1
0.2868453860282898,1
0.5622928738594055,1
0.365388423204422,1
0.42396628856658936,1
0.4903865456581116,1
0.41578206419944763,1
0.37008005380630493,1
0.44680044054985046,1
0.34431663155555725,1
0.49825289845466614,1
0.46314939856529236,1
0.402514785528183,1
0.32378771901130676,1
0.445032000541687,1
0.3552744388580322,1
0.3022821545600891,1
0.4603968560695648,1
0.3714713156223297,1
0.341828852891922,1
0.4484890401363373,1
0.4775823652744293,1
0.2909304201602936,1
0.3760759234428406,1
0.47874194383621216,1
0.3421381711959839,1
0.4174335300922394,1
0.4861133098602295,1
0.3205986022949219,1
0.40555334091186523,1
0.39379817247390747,1
0.3376491665840149,1
0.34645676612854004,1
0.5273880362510681,1
0.34649261832237244,1
0.39282917976379395,1
0.36764922738075256,1
0.3497830927371979,1
0.34256020188331604,1
0.3155655264854431,1
0.484864205121994,1
0.3221113383769989,1
0.42302656173706055,1
0.4709286391735077,1
0.3106096088886261,1
0.3642275929450989,1
0.41245949268341064,1
0.4742552638053894,1
0.40306758880615234,1
0.3525864779949188,1
0.3298400640487671,1
0.3994230628013611,1
0.5344341993331909,1
0.3990933299064636,1
0.3424713611602783,1
0.44140276312828064,1
0.33914345502853394,1
0.3011367917060852,1
0.36200812458992004,1
0.3954797089099884,1
0.4687547981739044,1
0.31651681661605835,1
0.5662209987640381,1
0.33470475673675537,1
0.35831713676452637,1
0.3504987955093384,1
0.3286280035972595,1
0.36841362714767456,1
0.31547704339027405,1
0.3768453299999237,1
0.4419460594654083,1
0.43574053049087524,1
0.35736075043678284,1
0.3155931234359741,1
0.3521571159362793,1
0.29787057638168335,1
0.5000271797180176,1
0.30171138048171997,1
0.27614259719848633,1
0.4222201108932495,1
0.33659565448760986,1
0.39055925607681274,1
0.43813103437423706,1
0.4096103310585022,1
0.3253077566623688,1
0.48893558979034424,1
0.42836856842041016,1
0.5228985548019409,1
0.5515904426574707,1
0.43665438890457153,1
0.3186991214752197,1
0.37849298119544983,1
0.5027305483818054,1
0.4596221446990967,1
0.3833231031894684,1
0.47140786051750183,1
0.35538193583488464,1
0.36475783586502075,1
0.387455552816391,1
0.4734005630016327,1
0.3847789168357849,1
0.35650718212127686,1
0.38715749979019165,1
0.4756847023963928,1
0.3117542266845703,1
0.5004407167434692,1
0.42334991693496704,1
0.4136579632759094,1
0.4548610746860504,1
0.4496561288833618,1
0.37048354744911194,1
0.4067535400390625,1
0.3521486520767212,1
0.39569592475891113,1
0.4356510043144226,1
0.37007778882980347,1
0.42334479093551636,1
0.4997434616088867,1
0.43009376525878906,1
0.3763927221298218,1
0.32890743017196655,1
0.3655093312263489,1
0.4591258764266968,1
0.2735458016395569,1
0.40236490964889526,1
0.36626505851745605,1
0.4520854949951172,1
0.3689284920692444,1
0.3559409976005554,1
0.33768022060394287,1
0.43783560395240784,1
0.3774119019508362,1
0.30136799812316895,1
0.31943899393081665,1
0.3627234101295471,1
0.4492543935775757,1
0.27907389402389526,1
0.4479973018169403,1
0.47907498478889465,1
0.349850058555603,1
0.35949188470840454,1
0.42173051834106445,1
0.37480977177619934,1
0.3849310874938965,1
0.4718427360057831,1
0.3717508316040039,1
0.4333076477050781,1
0.41305989027023315,1
0.2989238500595093,1
0.3536117374897003,1
0.35740602016448975,1
0.302997887134552,1
0.5039106607437134,1
0.4888318181037903,1
0.35843443870544434,1
0.467499315738678,1
0.38117706775665283,1
0.3784887194633484,1
0.43786561489105225,1
0.3288731873035431,1
0.4189474582672119,1
0.4310190677642822,1
0.3534820079803467,1
0.45310813188552856,1
0.33635029196739197,1
0.3576832115650177,1
0.4236895740032196,1
0.3841027021408081,1
0.411673367023468,1
0.44498753547668457,1
0.35028544068336487,1
0.3678867220878601,1
0.4441545605659485,1
0.4965607523918152,1
0.41075223684310913,1
0.3461069166660309,1
0.461294025182724,1
0.43453449010849,1
0.40439391136169434,1
0.33415985107421875,1
0.3893265426158905,1
0.4710005521774292,1
0.4612197279930115,1
0.4470735192298889,1
0.41084980964660645,1
0.3728349208831787,1
0.4351542592048645,1
0.3826531171798706,1
0.3389604687690735,1
0.2827990651130676,1
0.3844526410102844,1
0.4092153012752533,1
0.3984607458114624,1
0.3549836277961731,1
0.41775208711624146,1
0.3604494035243988,1
0.3239504396915436,1
0.36022043228149414,1
0.4172474145889282,1
0.4119918942451477,1
0.47448819875717163,1
0.4103984236717224,1
0.525351881980896,1
0.4034973978996277,1
0.325985312461853,1
0.36532530188560486,1
0.26044338941574097,1
0.40135857462882996,1
0.41255712509155273,1
0.3974904417991638,1
0.31298521161079407,1
0.44927912950515747,1
0.3249555230140686,1
0.44498908519744873,1
0.4297144412994385,1
0.3896327614784241,1
0.39589810371398926,1
0.43476101756095886,1
0.31382885575294495,1
0.5284662246704102,1
0.3790911138057709,1
0.38780808448791504,1
0.3578190505504608,1
0.47156399488449097,1
0.3838803172111511,1
0.3958042860031128,1
0.508067786693573,1
0.40458548069000244,1
0.3456375300884247,1
0.5415825247764587,1
0.5279972553253174,1
0.4008772075176239,1
0.41223418712615967,1
0.35462743043899536,1
0.46438974142074585,1
0.4919479787349701,1
0.46883487701416016,1
0.4982856214046478,1
0.33423906564712524,1
0.34967929124832153,1
0.4345082640647888,1
0.38802075386047363,1
0.3500528633594513,1
0.33818042278289795,1
0.446909636259079,1
0.4611746370792389,1
0.42747023701667786,1
0.3599919080734253,1
0.3787198066711426,1
0.3609960377216339,1
0.49200183153152466,1
0.33784615993499756,1
0.4243850111961365,1
0.4106816351413727,1
0.5154472589492798,1
0.40711814165115356,1
0.4313513934612274,1
0.399222195148468,1
0.37374386191368103,1
0.32296425104141235,1
0.44781655073165894,1
0.31857457756996155,1
0.5069369077682495,1
0.3973870277404785,1
0.2769232988357544,1
0.3769676089286804,1
0.33656179904937744,1
0.41171419620513916,1
0.3408569097518921,1
0.44507160782814026,1
0.3467361330986023,1
0.46845704317092896,1
0.43555325269699097,1
0.3892682194709778,1
0.40030187368392944,1
0.34410709142684937,1
0.3046247959136963,1
0.3958934545516968,1
0.4013286828994751,1
0.47930604219436646,1
0.38433825969696045,1
0.3679736256599426,1
0.380476176738739,1
0.39964938163757324,1
0.41895273327827454,1
0.3452012240886688,1
0.47483909130096436,1
0.38941773772239685,1
0.43879586458206177,1
0.346346378326416,1
0.4018867611885071,1
0.42080265283584595,1
0.3390669822692871,1
0.34490057826042175,1
0.43579673767089844,1
0.33584120869636536,1
0.5152722597122192,1
0.37097370624542236,1
0.49014753103256226,1
0.39820241928100586,1
0.36428675055503845,1
0.3622626066207886,1
0.37543439865112305,1
0.437345027923584,1
0.34378284215927124,1
0.3730115592479706,1
0.49345099925994873,1
0.43512624502182007,1
0.35462960600852966,1
0.3800935745239258,1
0.3831857740879059,1
0.3982519805431366,1
0.3522288501262665,1
0.38499191403388977,1
0.3527933657169342,1
0.4156932234764099,1
0.3786199688911438,1
0.43258607387542725,1
0.39172250032424927,1
0.32421690225601196,1
0.27648597955703735,1
0.5751259326934814,1
0.3192681670188904,1
0.35323500633239746,1
0.3629690706729889,1
0.3259044587612152,1
0.30461421608924866,1
0.2903193235397339,1
0.35228830575942993,1
0.2939568758010864,1
0.35566216707229614,1
0.44004446268081665,1
0.36304599046707153,1
0.46450576186180115,1
0.40139561891555786,1
0.34472745656967163,1
0.42061060667037964,1
0.3750719428062439,1
0.3436485230922699,1
0.4036766588687897,1
0.39708948135375977,1
0.4354650378227234,1
0.3984851837158203,1
0.3621717393398285,1
0.34533071517944336,1
0.5093705654144287,1
0.46170294284820557,1
0.39096635580062866,1
0.3858422636985779,1
0.3258810341358185,1
0.3457627296447754,1
0.4396358132362366,1
0.39176762104034424,1
0.46980321407318115,1
0.39451879262924194,1
0.4421776831150055,1
0.31679418683052063,1
0.4667164981365204,1
0.4243660271167755,1
0.3618651032447815,1
0.35698702931404114,1
0.45405593514442444,1
0.48903393745422363,1
0.5315852165222168,1
0.36743974685668945,1
0.4276081323623657,1
0.37800490856170654,1
0.4499698579311371,1
0.388458788394928,1
0.4518013298511505,1
0.5714067220687866,1
0.4188859760761261,1
0.36692899465560913,1
0.37740498781204224,1
0.3997727632522583,1
0.37344709038734436,1
0.37797653675079346,1
0.38613760471343994,1
0.41002142429351807,1
0.40652531385421753,1
0.4239124059677124,1
0.42435523867607117,1
0.36230888962745667,1
0.4099878668785095,1
0.430489718914032,1
0.30194681882858276,1
0.4791402220726013,1
0.45436179637908936,1
0.4156377613544464,1
0.3682968020439148,1
0.38684165477752686,1
0.3159964382648468,1
0.4234873056411743,1
0.4315561056137085,1
0.41575536131858826,1
0.3795466721057892,1
0.3895951211452484,1
0.38018012046813965,1
0.4319252371788025,1
0.43789201974868774,1
0.3797934651374817,1
0.4132801294326782,1
0.30735254287719727,1
0.42011040449142456,1
0.4660700559616089,1
0.3921613395214081,1
0.5028050541877747,1
0.40299510955810547,1
0.39465439319610596,1
0.4893488883972168,1
0.3754347860813141,1
0.46344518661499023,1
0.34098175168037415,1
0.3853747844696045,1
0.3429239094257355,1
0.34445279836654663,1
0.4629197418689728,1
0.4596172571182251,1
0.4173068702220917,1
0.2849648892879486,1
0.42586228251457214,1
0.410473108291626,1
0.41249725222587585,1
0.41022634506225586,1
0.47789886593818665,1
0.34314513206481934,1
0.32828012108802795,1
0.3494609296321869,1
0.39611977338790894,1
0.5486043691635132,1
0.42712119221687317,1
0.41849687695503235,1
0.3583967983722687,1
0.4090590476989746,1
0.4796718955039978,1
0.3355863690376282,1
0.3829817473888397,1
0.3756377100944519,1
0.3909500241279602,1
0.39304131269454956,1
0.4508627653121948,1
0.3910175561904907,1
0.4372437298297882,1
0.3540228009223938,1
0.4171386659145355,1
0.405750572681427,1
0.38344359397888184,1
0.4080890119075775,1
0.35095104575157166,1
0.3818686008453369,1
0.3863685727119446,1
0.44337624311447144,1
0.4234246015548706,1
0.4004269242286682,1
0.4004019796848297,1
0.40068578720092773,1
0.5157480239868164,1
0.38797587156295776,1
0.5389413833618164,1
0.4644353687763214,1
0.5355995893478394,1
0.4725717306137085,1
0.349786639213562,1
0.37760016322135925,1
0.3509007692337036,1
0.3851175904273987,1
0.5542492866516113,1
0.40280017256736755,1
0.34660449624061584,1
0.3565835654735565,1
0.45847874879837036,1
0.4618777930736542,1
0.49064892530441284,1
0.3712884187698364,1
0.38205671310424805,1
0.39594241976737976,1
0.3706360459327698,1
0.36789649724960327,1
0.4372142255306244,1
0.3425746560096741,1
0.3874928951263428,1
0.3704603612422943,1
0.39127102494239807,1
0.38909077644348145,1
0.3874654769897461,1
0.3731030821800232,1
0.38043734431266785,1
0.451911598443985,1
0.2780262231826782,1
0.416702002286911,1
0.5034549236297607,1
0.34955981373786926,1
0.36245211958885193,1
0.41624969244003296,1
0.4138435125350952,1
0.343890905380249,1
0.35674577951431274,1
0.357411652803421,1
0.40292292833328247,1
0.3800402283668518,1
0.5100268721580505,1
0.40536656975746155,1
0.35659259557724,1
0.289029061794281,1
0.3757970333099365,1
0.4763762652873993,1
0.2747453451156616,1
0.35705965757369995,1
0.34431424736976624,1
0.42251449823379517,1
0.4623778760433197,1
0.46173739433288574,1
0.402030885219574,1
0.46510183811187744,1
0.4452362656593323,1
0.377815842628479,1
0.34620746970176697,1
0.3663627803325653,1
0.4909543991088867,1
0.36892926692962646,1
0.36331310868263245,1
0.44355693459510803,1
0.33022499084472656,1
0.35572943091392517,1
0.34905505180358887,1
0.3496101200580597,1
0.4433542788028717,1
0.48311060667037964,1
0.41621822118759155,1
0.4821142554283142,1
0.41916584968566895,1
0.4314986765384674,1
0.4393199682235718,1
0.3584863841533661,1
0.36142498254776,1
0.390145868062973,1
0.38308006525039673,1
0.2813414931297302,1
0.333221435546875,1
0.5574341416358948,1
0.43555331230163574,1
0.4182497262954712,1
0.4078671336174011,1
0.28292107582092285,1
0.4806970953941345,1
0.5552313923835754,1
0.3898729681968689,1
0.44624143838882446,1
0.43975168466567993,1
0.32561397552490234,1
0.4182378947734833,1
0.39565151929855347,1
0.3447173237800598,1
0.3242047131061554,1
0.2942189872264862,1
0.3988017737865448,1
0.39661532640457153,1
0.444805383682251,1
0.4261144995689392,1
0.3840803802013397,1
0.4206863045692444,1
0.4778289198875427,1
0.32965099811553955,1
0.35265690088272095,1
0.38677605986595154,1
0.4526050090789795,1
0.5532686114311218,1
0.37303727865219116,1
0.3428093492984772,1
0.4300486445426941,1
0.35339170694351196,1
0.43070605397224426,1
0.3219531774520874,1
0.501008152961731,1
0.390295147895813,1
0.45221349596977234,1
0.4510062336921692,1
0.3918609619140625,1
0.34267255663871765,1
0.4105657637119293,1
0.5225579142570496,1
0.45479100942611694,1
0.3722400665283203,1
0.32751375436782837,1
0.41046857833862305,1
0.28994858264923096,1
0.36834901571273804,1
0.46895503997802734,1
0.4301607608795166,1
0.5735911130905151,1
0.43907293677330017,1
0.43963727355003357,1
0.42733174562454224,1
0.4168369174003601,1
0.48551732301712036,1
0.3233482539653778,1
0.5142757296562195,1
0.44142311811447144,1
0.33779191970825195,1
0.43854859471321106,1
0.3420661985874176,1
0.41925573348999023,1
0.43224602937698364,1
0.4898837208747864,1
0.4463522732257843,1
0.39475899934768677,1
0.39712196588516235,1
0.407448410987854,1
0.3731496334075928,1
0.34918439388275146,1
0.30988478660583496,1
0.4282526671886444,1
0.3263327479362488,1
0.394066721200943,1
0.3424038887023926,1
0.3771502375602722,1
0.3461807370185852,1
0.47748106718063354,1
0.5067961812019348,1
0.512871503829956,1
0.2860866189002991,1
0.3988862633705139,1
0.3696509003639221,1
0.4330791234970093,1
0.3679588735103607,1
0.44307801127433777,1
0.38259971141815186,1
0.3760172128677368,1
0.35310453176498413,1
0.30126380920410156,1
0.3432355523109436,1
0.3304609954357147,1
0.3513418734073639,1
0.45997998118400574,1
0.32077842950820923,1
0.4334735870361328,1
0.3681718707084656,1
0.3722364902496338,1
0.48770278692245483,1
0.3426896929740906,1
0.37381958961486816,1
0.4470879137516022,1
0.42296943068504333,1
0.3899938464164734,1
0.45761072635650635,1
0.35447967052459717,1
0.4107239842414856,1
0.3330983519554138,1
0.3715299963951111,1
0.4201875925064087,1
0.38286399841308594,1
0.3889121115207672,1
0.36208778619766235,1
0.4225419759750366,1
0.30996575951576233,1
0.4730578362941742,1
0.44668006896972656,1
0.4027308523654938,1
0.32707542181015015,1
0.43415918946266174,1
0.3706173002719879,1
0.3647167682647705,1
0.3861773610115051,1
0.3668941855430603,1
0.5616871118545532,1
0.4355790913105011,1
0.2911461591720581,1
0.4238641858100891,1
0.36710888147354126,1
0.43523406982421875,1
0.28532758355140686,1
0.29062169790267944,1
0.3182903826236725,1
0.370693176984787,1
0.36539867520332336,1
0.3519076406955719,1
0.46278396248817444,1
0.4651240408420563,1
0.5822354555130005,1
0.5349380373954773,1
0.3981124758720398,1
0.36084604263305664,1
0.4155435264110565,1
0.3360576927661896,1
0.37566840648651123,1
0.3658718466758728,1
0.348493754863739,1
0.41906142234802246,1
0.45020779967308044,1
0.4069072902202606,1
0.34714987874031067,1
0.33535483479499817,1
0.2678929567337036,1
0.38694411516189575,1
0.45931699872016907,1
0.3483475148677826,1
0.3788740634918213,1
0.26356884837150574,1
0.3639799654483795,1
0.3670514225959778,1
0.48977136611938477,1
0.4931633472442627,1
0.4167098104953766,1
0.5966306328773499,1
0.471579909324646,1
0.3829500377178192,1
0.48351389169692993,1
0.26612335443496704,1
0.5037749409675598,1
0.310516357421875,1
0.3377315402030945,1
0.42913633584976196,1
0.49121636152267456,1
0.4439380168914795,1
0.4159541130065918,1
0.33942827582359314,1
0.4935336410999298,1
0.35498496890068054,1
0.47739213705062866,1
0.4913482666015625,1
0.32111427187919617,1
0.40493044257164,1
0.4408888518810272,1
0.40900886058807373,1
0.4259065091609955,1
0.47092169523239136,1
0.4266587495803833,1
0.4688405394554138,1
0.5454137325286865,1
0.3328316807746887,1
0.46303218603134155,1
0.4611991047859192,1
0.388107031583786,1
0.35067999362945557,1
0.3021256625652313,1
0.4422565996646881,1
0.40755608677864075,1
0.27004140615463257,1
0.4319276213645935,1
0.5112034678459167,1
0.33428606390953064,1
0.39593738317489624,1
0.3525940179824829,1
0.3366547226905823,1
0.36535996198654175,1
0.4421369433403015,1
0.4135131537914276,1
0.32964378595352173,1
0.3900599479675293,1
0.3740483522415161,1
0.4600629210472107,1
0.44957906007766724,1
0.5453439950942993,1
0.3223859667778015,1
0.4102815091609955,1
0.37447288632392883,1
0.47993603348731995,1
0.4764852225780487,1
0.37770402431488037,1
0.4316706955432892,1
0.4411047101020813,1
0.3961499333381653,1
0.36167216300964355,1
0.45450425148010254,1
0.38184037804603577,1
0.4293327331542969,1
0.3984121084213257,1
0.42950332164764404,1
0.4268724322319031,1
0.44852325320243835,1
0.4671487808227539,1
0.3716930150985718,1
0.3631046712398529,1
0.40713679790496826,1
0.38519972562789917,1
0.48322534561157227,1
0.33086496591567993,1
0.377153217792511,1
0.2962895631790161,1
0.4538128972053528,1
0.5038195252418518,1
0.34173959493637085,1
0.46070384979248047,1
0.4273456335067749,1
0.30671608448028564,1
0.3489528000354767,1
0.3648156523704529,1
0.5173543691635132,1
0.32018226385116577,1
0.3303835391998291,1
0.3780848979949951,1
0.4653342366218567,1
0.38822948932647705,1
0.5555398464202881,1
0.33851540088653564,1
0.500248372554779,1
0.4149618148803711,1
0.40294191241264343,1
0.40300625562667847,1
0.4170811176300049,1
0.36644279956817627,1
0.2893982529640198,1
0.3939363658428192,1
0.43277597427368164,1
0.33662348985671997,1
0.5308414697647095,1
0.41970908641815186,1
0.4569000005722046,1
0.3532823324203491,1
0.475648432970047,1
0.4422459304332733,1
0.3754016160964966,1
0.4456847310066223,1
0.47896721959114075,1
0.4125118553638458,1
0.2958083748817444,1
0.423078715801239,1
0.35400980710983276,1
0.37764114141464233,1
0.36132532358169556,1
0.3107914328575134,1
0.45284590125083923,1
0.41968250274658203,1
0.3434980511665344,1
0.37269821763038635,1
0.3748238682746887,1
0.35819560289382935,1
0.27022066712379456,1
0.3195649981498718,1
0.3713814914226532,1
0.4672999382019043,1
0.3167184293270111,1
0.4255163073539734,1
0.29044315218925476,1
0.404858261346817,1
0.4240870773792267,1
0.33159559965133667,1
0.4348486065864563,1
0.4450015425682068,1
0.3766636848449707,1
0.46415749192237854,1
0.366141140460968,1
0.3084023594856262,1
0.3911271095275879,1
0.39797618985176086,1
0.3835389316082001,1
0.31243622303009033,1
0.5440956950187683,1
0.405497670173645,1
0.48496362566947937,1
0.39696457982063293,1
0.4888630509376526,1
0.3686402142047882,1
0.3373010754585266,1
0.4339711666107178,1
0.5618473887443542,1
0.41348397731781006,1
0.32123926281929016,1
0.4953257143497467,1
0.2552258372306824,1
0.3245108723640442,1
0.4009315073490143,1
0.3590979278087616,1
0.3756982386112213,1
0.3549739718437195,1
0.37733715772628784,1
0.2642802298069,1
0.37671345472335815,1
0.3573087453842163,1
0.33909255266189575,1
0.3772861957550049,1
0.3345530331134796,1
0.3361147344112396,1
0.39814430475234985,1
0.3771771192550659,1
0.2910042703151703,1
0.41049131751060486,1
0.3144601285457611,1
0.3556135892868042,1
0.41455158591270447,1
0.3313601016998291,1
0.44856497645378113,1
0.33172857761383057,1
0.3854348659515381,1
0.38018834590911865,1
0.3495340943336487,1
0.39590638875961304,1
0.4054761826992035,1
0.3148714303970337,1
0.509217381477356,1
0.34887367486953735,1
0.44140222668647766,1
0.3889423906803131,1
0.35098737478256226,1
0.39244693517684937,1
0.43137499690055847,1
0.33795103430747986,1
0.4554321765899658,1
0.4182252287864685,1
0.41688114404678345,1
0.40474066138267517,1
0.388917475938797,1
0.3549931049346924,1
0.3161323070526123,1
0.39097464084625244,1
0.36408522725105286,1
0.3390854001045227,1
0.3351849317550659,1
0.29334723949432373,1
0.3478686511516571,1
0.3940061330795288,1
0.3123069107532501,1
0.44451430439949036,1
0.35037708282470703,1
0.3377787172794342,1
0.34200283885002136,1
0.3424454927444458,1
0.4456983804702759,1
0.4178956151008606,1
0.35182827711105347,1
0.2751041650772095,1
0.38436266779899597,1
0.44795921444892883,1
0.3814188838005066,1
0.4150746762752533,1
0.518812358379364,1
0.28027182817459106,1
0.3676357865333557,1
0.4761844873428345,1
0.32096949219703674,1
0.5161189436912537,1
0.4030751585960388,1
0.334570050239563,1
0.36823683977127075,1
0.49961042404174805,1
0.4218571186065674,1
0.4894123673439026,1
0.3507302701473236,1
0.36868223547935486,1
0.3493397533893585,1
0.3468736708164215,1
0.5182607769966125,1
0.4154035449028015,1
0.42213621735572815,1
0.34485164284706116,1
0.35942068696022034,1
0.37821462750434875,1
0.27030637860298157,1
0.31265074014663696,1
0.3894501328468323,1
0.4234035611152649,1
0.47589144110679626,1
0.3891271650791168,1
0.3617456555366516,1
0.3707290291786194,1
0.454733669757843,1
0.3880680501461029,1
0.39101821184158325,1
0.37843751907348633,1
0.4224458932876587,1
0.4868600368499756,1
0.47161826491355896,1
0.3685811161994934,1
0.3952573835849762,1
0.48866939544677734,1
0.3351689577102661,1
0.44530007243156433,1
0.3592762351036072,1
0.2638547420501709,1
0.5032417178153992,1
0.39097660779953003,1
0.40501272678375244,1
0.3078920543193817,1
0.2927980422973633,1
0.47338658571243286,1
0.33643677830696106,1
0.41086870431900024,1
0.48292940855026245,1
0.4013440012931824,1
0.4147789478302002,1
0.35854560136795044,1
0.3990700840950012,1
0.421888142824173,1
0.31082287430763245,1
0.4628085494041443,1
0.33417919278144836,1
0.4024895429611206,1
0.4105991721153259,1
0.3557271361351013,1
0.3855569362640381,1
0.36850446462631226,1
0.29690566658973694,1
0.2613878846168518,1
0.33347663283348083,1
0.574034571647644,1
0.5054138898849487,1
0.4676692485809326,1
0.38788002729415894,1
0.543551504611969,1
0.43723970651626587,1
0.37020349502563477,1
0.33473700284957886,1
0.29272139072418213,1
0.4404175281524658,1
0.3074468970298767,1
0.43981850147247314,1
0.36019712686538696,1
0.3526284098625183,1
0.30799418687820435,1
0.46511736512184143,1
0.4905633330345154,1
0.3954564332962036,1
0.4063068926334381,1
0.32318225502967834,1
0.38459330797195435,1
0.36314648389816284,1
0.39128658175468445,1
0.38110992312431335,1
0.526830792427063,1
0.4102993607521057,1
0.45318013429641724,1
0.45127689838409424,1
0.45034727454185486,1
0.3776581883430481,1
0.3860654830932617,1
0.4434225261211395,1
0.3713268041610718,1
0.48183244466781616,1
0.33712488412857056,1
0.36319103837013245,1
0.4445057213306427,1
0.38454604148864746,1
0.33459046483039856,1
0.4110550880432129,1
0.43750831484794617,1
0.3664351999759674,1
0.4210151731967926,1
0.46926581859588623,1
0.4225867688655853,1
0.41695287823677063,1
0.38765662908554077,1
0.3787941634654999,1
0.37998420000076294,1
0.36585110425949097,1
0.3402559161186218,1
0.3983110189437866,1
0.35331183671951294,1
0.424182653427124,1
0.4515165090560913,1
0.3868885636329651,1
0.38526204228401184,1
0.3836371898651123,1
0.30962511897087097,1
0.4219023287296295,1
0.35702699422836304,1
0.3991290032863617,1
0.4426879286766052,1
0.5945689678192139,1
0.5804042816162109,1
0.459866464138031,1
0.49971890449523926,1
0.20390811562538147,1
0.4896339178085327,1
0.3130222260951996,1
0.30076828598976135,1
0.35383057594299316,1
0.41308802366256714,1
0.44368070363998413,1
0.4054151773452759,1
0.32907333970069885,1
0.4266203045845032,1
0.47211986780166626,1
0.4023386240005493,1
0.43345746397972107,1
0.3201560974121094,1
0.33760350942611694,1
0.34125441312789917,1
0.45819973945617676,1
0.42836806178092957,1
0.32688048481941223,1
0.3097051680088043,1
0.38608184456825256,1
0.5573692321777344,1
0.5940494537353516,1
0.3753930330276489,1
0.42959487438201904,1
0.4234127402305603,1
0.3595002293586731,1
0.35227155685424805,1
0.36014580726623535,1
0.3566386103630066,1
0.44197332859039307,1
0.42621657252311707,1
0.37029531598091125,1
0.4643704295158386,1
0.37161868810653687,1
0.47259464859962463,1
0.3165241479873657,1
0.43299663066864014,1
0.4342815577983856,1
0.4541834890842438,1
0.455228328704834,1
0.4201691150665283,1
0.29319438338279724,1
0.3539724051952362,1
0.4501921534538269,1
0.31577056646347046,1
0.3286522626876831,1
0.4092325270175934,1
0.35904183983802795,1
0.4557184875011444,1
0.43314528465270996,1
0.3769487738609314,1
0.4440203905105591,1
0.3530782461166382,1
0.3390763998031616,1
0.5380892157554626,1
0.47711804509162903,1
0.34919673204421997,1
0.37574493885040283,1
0.45854049921035767,1
0.3787938058376312,1
0.29993748664855957,1
0.4987730085849762,1
0.30720454454421997,1
0.3545508086681366,1
0.26964354515075684,1
0.44535836577415466,1
0.300126850605011,1
0.34009838104248047,1
0.4738321304321289,1
0.4559445381164551,1
0.5158435106277466,1
0.39913615584373474,1
0.2975441515445709,1
0.42668843269348145,1
0.5326492786407471,1
0.31716033816337585,1
0.3518713414669037,1
0.35128653049468994,1
0.3861541450023651,1
0.38992196321487427,1
0.4308182895183563,1
0.3087446689605713,1
0.4215341806411743,1
0.2913278639316559,1
0.41915029287338257,1
0.34999608993530273,1
0.3720107078552246,1
0.39204803109169006,1
0.4037436842918396,1
0.356363981962204,1
0.3767492175102234,1
0.42190203070640564,1
0.49061670899391174,1
0.3616257309913635,1
0.3523556888103485,1
0.3482033312320709,1
0.40405207872390747,1
0.3765563368797302,1
0.34864282608032227,1
0.5964393019676208,1
0.40852808952331543,1
0.5480661392211914,1
0.4965430498123169,1
0.46218937635421753,1
0.38365036249160767,1
0.4444773197174072,1
0.5187031626701355,1
0.5244642496109009,1
0.41858863830566406,1
0.3794868588447571,1
0.4647054970264435,1
0.3081202507019043,1
0.44400981068611145,1
0.30413180589675903,1
0.34721672534942627,1
0.4223741888999939,1
0.37305670976638794,1
0.3621717691421509,1
0.42072737216949463,1
0.3660959005355835,1
0.39850813150405884,1
0.39618992805480957,1
0.4431750178337097,1
0.41679689288139343,1
0.4438227415084839,1
0.44082385301589966,1
0.4678071439266205,1
0.3509479761123657,1
0.41414815187454224,1
0.39135074615478516,1
0.40485861897468567,1
0.45508068799972534,1
0.4801529049873352,1
0.39323127269744873,1
0.4089014530181885,1
0.32394924759864807,1
0.33406102657318115,1
0.48021256923675537,1
0.5040744543075562,1
0.35145851969718933,1
0.37807774543762207,1
0.47934192419052124,1
0.4330924153327942,1
0.4357709288597107,1
0.523316502571106,1
0.36952248215675354,1
0.4824288487434387,1
0.3767107427120209,1
0.553296685218811,1
0.3408370912075043,1
0.38909780979156494,1
0.35031405091285706,1
0.4017941653728485,1
0.31351250410079956,1
0.4200596809387207,1
0.45218604803085327,1
0.3774070143699646,1
0.3512328267097473,1
0.3240123689174652,1
0.48989880084991455,1
0.43528515100479126,1
0.4925151467323303,1
0.4205341637134552,1
0.5008513331413269,1
0.40784433484077454,1
0.38804078102111816,1
0.4127326011657715,1
0.38430777192115784,1
0.452239066362381,1
0.3439033329486847,1
0.3565566837787628,1
0.38014286756515503,1
0.31129127740859985,1
0.45982369780540466,1
0.34403687715530396,1
0.4115251302719116,1
0.48119932413101196,1
0.4534398913383484,1
0.3678014278411865,1
0.391435444355011,1
0.4513958692550659,1
0.502564549446106,1
0.3665536642074585,1
0.4726255536079407,1
0.3622961640357971,1
0.4219256341457367,1
0.3405899405479431,1
0.5067785978317261,1
0.4586460292339325,1
0.41900888085365295,1
0.3793855905532837,1
0.3827407956123352,1
0.4509369730949402,1
0.37851494550704956,1
0.33485734462738037,1
0.3449542820453644,1
0.4348481297492981,1
0.38628464937210083,1
0.498008131980896,1
0.2982639670372009,1
0.3931768238544464,1
0.463229238986969,1
0.334827721118927,1
0.44246578216552734,1
0.3648499846458435,1
0.3548569083213806,1
0.376546174287796,1
0.5224258899688721,1
0.37978893518447876,1
0.40683478116989136,1
0.48930633068084717,1
0.27171701192855835,1
0.4112764298915863,1
0.5135854482650757,1
0.49486660957336426,1
0.4225686192512512,1
0.5072880387306213,1
0.31850501894950867,1
0.5290637016296387,1
0.3608453869819641,1
0.44895777106285095,1
0.5136151909828186,1
0.4629819393157959,1
0.3865576386451721,1
0.25058576464653015,1
0.33935266733169556,1
0.4158187210559845,1
0.32984936237335205,1
0.4096692204475403,1
0.3597118854522705,1
0.45718008279800415,1
0.3691134452819824,1
0.4552748203277588,1
0.4391661286354065,1
0.38676443696022034,1
0.4584433138370514,1
0.39974790811538696,1
0.3215567469596863,1
0.3665301501750946,1
0.4352533221244812,1
0.40013864636421204,1
0.454389750957489,1
0.32286080718040466,1
0.30487269163131714,1
0.42819756269454956,1
0.4170053005218506,1
0.4683411717414856,1
0.3928416967391968,1
0.46212655305862427,1
0.4688072204589844,1
0.49297821521759033,1
0.45152562856674194,1
0.4219716191291809,1
0.40338870882987976,1
0.5332387685775757,1
0.3471973240375519,1
0.308676540851593,1
0.32506653666496277,1
0.5381365418434143,1
0.42104265093803406,1
0.3225904703140259,1
0.3271856904029846,1
0.44349947571754456,1
0.29765814542770386,1
0.37389761209487915,1
0.3438904285430908,1
0.39805787801742554,1
0.38616031408309937,1
0.28742581605911255,1
0.5076528787612915,1
0.45660895109176636,1
0.330947607755661,1
0.528771162033081,1
0.5469326972961426,1
0.34679538011550903,1
0.3443249762058258,1
0.36645424365997314,1
0.41597914695739746,1
0.40052759647369385,1
0.41980457305908203,1
0.3489689528942108,1
0.43197596073150635,1
0.3827785849571228,1
0.35390082001686096,1
0.4173688590526581,1
0.4595065712928772,1
0.3635214567184448,1
0.4442142844200134,1
0.42270898818969727,1
0.3811303675174713,1
0.3602907657623291,1
0.531805157661438,1
0.3739427924156189,1
0.30334773659706116,1
0.446388304233551,1
0.43197739124298096,1
0.46201202273368835,1
0.44168728590011597,1
0.4264833927154541,1
0.27773362398147583,1
0.4036223888397217,1
0.29056471586227417,1
0.494063138961792,1
0.3455545902252197,1
0.3488784730434418,1
0.41072002053260803,1
0.34021276235580444,1
0.36557865142822266,1
0.3121323585510254,1
0.30230143666267395,1
0.40693750977516174,1
0.48695462942123413,1
0.3794161081314087,1
0.4647413492202759,1
0.46452972292900085,1
0.4783700704574585,1
0.5180284380912781,1
0.3177941143512726,1
0.44086241722106934,1
0.41484856605529785,1
0.36514556407928467,1
0.3993605673313141,1
0.395806223154068,1
0.5159741044044495,1
0.4295836389064789,1
0.5905642509460449,1
0.40233510732650757,1
0.4089665412902832,1
0.3836139440536499,1
0.36353322863578796,1
0.35362300276756287,1
0.3358069956302643,1
0.42226642370224,1
0.29621514678001404,1
0.40831947326660156,1
0.4515919089317322,1
0.40083009004592896,1
0.4928339719772339,1
0.36995241045951843,1
0.38869157433509827,1
0.42863088846206665,1
0.4412284791469574,1
0.3164774477481842,1
0.3546298146247864,1
0.3958258032798767,1
0.35644060373306274,1
0.5044195055961609,1
0.3364257216453552,1
0.4173131585121155,1
0.4150262176990509,1
0.34907007217407227,1
0.396136999130249,1
0.3852640390396118,1
0.4921453893184662,1
0.37239497900009155,1
0.3537229895591736,1
0.3932421803474426,1
0.4113377332687378,1
0.5378391146659851,1
0.5280187129974365,1
0.39756202697753906,1
0.4718395471572876,1
0.3401244878768921,1
0.47854095697402954,1
0.36401331424713135,1
0.42648470401763916,1
0.46808505058288574,1
0.44368070363998413,1
0.3107653856277466,1
0.3890141248703003,1
0.4851530194282532,1
0.3962371349334717,1
0.42581790685653687,1
0.35723116993904114,1
0.3415691554546356,1
0.2905193865299225,1
0.4404217600822449,1
0.37638628482818604,1
0.43801307678222656,1
0.41551434993743896,1
0.33227062225341797,1
0.35983288288116455,1
0.45557594299316406,1
0.2917737066745758,1
0.3182520270347595,1
0.413748562335968,1
0.3540745675563812,1
0.341374933719635,1
0.41024619340896606,1
0.4676140546798706,1
0.30123335123062134,1
0.391956090927124,1
0.5564749240875244,1
0.4552963972091675,1
0.40103185176849365,1
0.3896464407444,1
0.4944566488265991,1
0.3889613151550293,1
0.44681400060653687,1
0.42010414600372314,1
0.34909379482269287,1
0.33439281582832336,1
0.2534094750881195,1
0.37251490354537964,1
0.30358564853668213,1
0.3049640655517578,1
0.3830709457397461,1
0.48567408323287964,1
0.5543937683105469,1
0.31617090106010437,1
0.3981228172779083,1
0.36334124207496643,1
0.5088412761688232,1
0.40198907256126404,1
0.3947538435459137,1
0.46641916036605835,1
0.28767308592796326,1
0.3881000280380249,1
0.49120956659317017,1
0.3346676230430603,1
0.37238043546676636,1
0.40226638317108154,1
0.3442503809928894,1
0.34170296788215637,1
0.32363826036453247,1
0.41555255651474,1
0.3740270137786865,1
0.35914161801338196,1
0.46112245321273804,1
0.4340708255767822,1
0.3430878520011902,1
0.47796058654785156,1
0.32919520139694214,1
0.3748829960823059,1
0.41334667801856995,1
0.40666186809539795,1
0.4044370651245117,1
0.4242602586746216,1
0.41597992181777954,1
0.2968766689300537,1
0.429899126291275,1
0.4875602126121521,1
0.3980967104434967,1
0.3992498517036438,1
0.4031628668308258,1
0.5111302733421326,1
0.41970294713974,1
0.428029865026474,1
0.39219897985458374,1
0.43496254086494446,1
0.47942066192626953,1
0.40611255168914795,1
0.38053005933761597,1
0.3469789922237396,1
0.35009297728538513,1
0.4566037952899933,1
0.4331746995449066,1
0.4519837200641632,1
0.336484432220459,1
0.332309752702713,1
0.3308754563331604,1
0.4712320864200592,1
0.4414461851119995,1
0.5137136578559875,1
0.3510468900203705,1
0.4389646649360657,1
0.525295078754425,1
0.30954867601394653,1
0.34209004044532776,1
0.4354902505874634,1
0.4157960116863251,1
0.3643452525138855,1
0.3871331214904785,1
0.3829178810119629,1
0.4038622975349426,1
0.35324427485466003,1
0.4857441186904907,1
0.39593979716300964,1
0.3603021204471588,1
0.4548191428184509,1
0.5065149068832397,1
0.42783915996551514,1
0.3990423381328583,1
0.4732149839401245,1
0.38372713327407837,1
0.4265299439430237,1
0.40511730313301086,1
0.44480055570602417,1
0.3824414014816284,1
0.34569433331489563,1
0.5284936428070068,1
0.428070068359375,1
0.37694257497787476,1
0.39180615544319153,1
0.4262901544570923,1
0.427786260843277,1
0.3786175847053528,1
0.4144926071166992,1
0.33727478981018066,1
0.3238926827907562,1
0.4177919328212738,1
0.3387521505355835,1
0.6149759292602539,1
0.36671292781829834,1
0.3854859173297882,1
0.3988291025161743,1
0.49263522028923035,1
0.33722978830337524,1
0.37916120886802673,1
0.3725076913833618,1
0.3327813744544983,1
0.4466819763183594,1
0.3445553481578827,1
0.39046284556388855,1
0.33798548579216003,1
0.3440161645412445,1
0.3517272174358368,1
0.3953096866607666,1
0.3085811734199524,1
0.41512706875801086,1
0.5507959723472595,1
0.33216142654418945,1
0.33003053069114685,1
0.37806445360183716,1
0.4395843744277954,1
0.478376179933548,1
0.34557729959487915,1
0.4649626612663269,1
0.3463693857192993,1
0.49585404992103577,1
0.3203901946544647,1
0.3987593352794647,1
0.37794509530067444,1
0.4663321077823639,1
0.30485421419143677,1
0.43731406331062317,1
0.3589426577091217,1
0.38353943824768066,1
0.34719210863113403,1
0.44573837518692017,1
0.45947644114494324,1
0.3206961750984192,1
0.3779374063014984,1
0.4898988902568817,1
0.37740784883499146,1
0.3207804560661316,1
0.34314826130867004,1
0.33815932273864746,1
0.4159891605377197,1
0.39710649847984314,1
0.3407272696495056,1
0.40724998712539673,1
0.43725594878196716,1
0.45449578762054443,1
0.36592888832092285,1
0.3510764539241791,1
0.38956931233406067,1
0.36193111538887024,1
0.41801655292510986,1
0.46366801857948303,1
0.3829371929168701,1
0.4453139305114746,1
0.3737339973449707,1
0.271301805973053,1
0.46707791090011597,1
0.41126248240470886,1
0.44114741683006287,1
0.5187158584594727,1
0.3663933575153351,1
0.4296233057975769,1
0.31094300746917725,1
0.46456819772720337,1
0.44491317868232727,1
0.3726390600204468,1
0.41765567660331726,1
0.31652992963790894,1
0.41184359788894653,1
0.37133878469467163,1
0.3565109074115753,1
0.4312823414802551,1
0.40718284249305725,1
0.41383612155914307,1
0.3363116979598999,1
0.4420322775840759,1
0.4561625123023987,1
0.3090853691101074,1
0.3150463402271271,1
0.35061249136924744,1
0.3929256200790405,1
0.44186803698539734,1
0.39718103408813477,1
0.2908793091773987,1
0.4348485469818115,1
0.4735832214355469,1
0.41689130663871765,1
0.43634331226348877,1
0.3424559235572815,1
0.44639888405799866,1
0.4455292522907257,1
0.4713223874568939,1
0.4548223614692688,1
0.3365980386734009,1
0.4638068675994873,1
0.4247908592224121,1
0.4016530513763428,1
0.3543614447116852,1
0.32551538944244385,1
0.36409807205200195,1
0.3948594629764557,1
0.4351423382759094,1
0.357293963432312,1
0.41719669103622437,1
0.4599219560623169,1
0.39379358291625977,1
0.40533190965652466,1
0.45919284224510193,1
0.4276074171066284,1
0.38876503705978394,1
0.4781332314014435,1
0.3314152956008911,1
0.3889715075492859,1
0.4206165075302124,1
0.39766016602516174,1
0.5051137804985046,1
0.4688951075077057,1
0.35811322927474976,1
0.4324895441532135,1
0.5462185740470886,1
0.3402508497238159,1
0.3720160126686096,1
0.59334796667099,1
0.4698173403739929,1
0.5348509550094604,1
0.3834119439125061,1
0.32240360975265503,1
0.35538142919540405,1
0.349071204662323,1
0.340743750333786,1
0.29105982184410095,1
0.3053653836250305,1
0.3428865671157837,1
0.37775516510009766,1
0.27576106786727905,1
0.5939990282058716,1
0.36636167764663696,1
0.3496245741844177,1
0.3571029603481293,1
0.45064714550971985,1
0.48791801929473877,1
0.4078062176704407,1
0.42146652936935425,1
0.5005799531936646,1
0.4837207496166229,1
0.4255956709384918,1
0.3910817503929138,1
0.2736332416534424,1
0.31829309463500977,1
0.37087827920913696,1
0.30428171157836914,1
0.34619778394699097,1
0.48700499534606934,1
0.36319100856781006,1
0.43876010179519653,1
0.4396095275878906,1
0.4045906960964203,1
0.40631332993507385,1
0.3097773492336273,1
0.3766779899597168,1
0.4823237359523773,1
0.3677891492843628,1
0.39612507820129395,1
0.322017639875412,1
0.32103684544563293,1
0.37177062034606934,1
0.3149150609970093,1
0.4857562780380249,1
0.3771211504936218,1
0.3695061206817627,1
0.4180312752723694,1
0.3750796914100647,1
0.4322393238544464,1
0.30714285373687744,1
0.40464848279953003,1
0.47813352942466736,1
0.33167317509651184,1
0.3483573794364929,1
0.353467732667923,1
0.38900667428970337,1
0.3467142879962921,1
0.3143276274204254,1
0.37334612011909485,1
0.41199737787246704,1
0.2752675414085388,1
0.36862462759017944,1
0.35166090726852417,1
0.3454771041870117,1
0.31454259157180786,1
0.29344263672828674,1
0.3132544159889221,1
0.44465792179107666,1
0.4357359707355499,1
0.25357547402381897,1
0.41761496663093567,1
0.41944950819015503,1
0.41752371191978455,1
0.3409235179424286,1
0.36943042278289795,1
0.3604740798473358,1
0.5124431252479553,1
0.5277571082115173,1
0.37219446897506714,1
0.43789350986480713,1
0.4333493113517761,1
0.36210158467292786,1
0.3797953724861145,1
0.5385503172874451,1
0.46236762404441833,1
0.3718660771846771,1
0.47266948223114014,1
0.41652679443359375,1
0.4628656804561615,1
0.33274349570274353,1
0.4067264199256897,1
0.3323993384838104,1
0.3167950510978699,1
0.3829036355018616,1
0.40850913524627686,1
0.40576714277267456,1
0.4353814125061035,1
0.42683517932891846,1
0.5470177531242371,1
0.32456597685813904,1
0.45050519704818726,1
0.373302698135376,1
0.31246477365493774,1
0.44345003366470337,1
0.29997676610946655,1
0.40715402364730835,1
0.5688478946685791,1
0.4527629315853119,1
0.36101269721984863,1
0.38401883840560913,1
0.43307361006736755,1
0.3908364772796631,1
0.4530150294303894,1
0.4697944223880768,1
0.42252248525619507,1
0.33034566044807434,1
0.3023563623428345,1
0.2908017635345459,1
0.44466882944107056,1
0.388487845659256,1
0.3085634112358093,1
0.3320677578449249,1
0.43973833322525024,1
0.4665023386478424,1
0.37982404232025146,1
0.47016438841819763,1
0.4611562490463257,1
0.4069609045982361,1
0.3494120240211487,1
0.43408918380737305,1
0.3977462649345398,1
0.34869813919067383,1
0.45073235034942627,1
0.42506128549575806,1
0.4083239436149597,1
0.4183756113052368,1
0.4217093586921692,1
0.42709460854530334,1
0.33958226442337036,1
0.2831171751022339,1
0.3938937783241272,1
0.3184918463230133,1
0.3563230335712433,1
0.3794292211532593,1
0.4381839632987976,1
0.44510966539382935,1
0.4128781259059906,1
0.43352073431015015,1
0.356441468000412,1
0.2550096809864044,1
0.35501939058303833,1
0.3887847065925598,1
0.42856571078300476,1
0.40106746554374695,1
0.4677497446537018,1
0.5309348702430725,1
0.3386801779270172,1
0.3369176387786865,1
0.3559727072715759,1
0.40502628684043884,1
0.35692524909973145,1
0.33403685688972473,1
0.3363734483718872,1
0.3268009424209595,1
0.4050900936126709,1
0.3711269795894623,1
0.38590335845947266,1
0.42052164673805237,1
0.39493316411972046,1
0.3414696156978607,1
0.4263684153556824,1
0.30052050948143005,1
0.44390517473220825,1
0.4146321415901184,1
0.3352290987968445,1
0.4055982828140259,1
0.4191223084926605,1
0.3443737030029297,1
0.37555283308029175,1
0.28557926416397095,1
0.5190980434417725,1
0.4066312611103058,1
0.3047151565551758,1
0.3238154649734497,1
0.32789093255996704,1
0.29998886585235596,1
0.4213912785053253,1
0.30050891637802124,1
0.4351121187210083,1
0.3820091784000397,1
0.49237632751464844,1
0.3601360321044922,1
0.3672381043434143,1
0.4249758720397949,1
0.49301648139953613,1
0.32725226879119873,1
0.41556236147880554,1
0.34391850233078003,1
0.3027380704879761,1
0.39997485280036926,1
0.4750412404537201,1
0.42841917276382446,1
0.3221190571784973,1
0.3770921230316162,1
0.46805253624916077,1
0.4019245505332947,1
0.4928492605686188,1
0.3571621775627136,1
0.42284923791885376,1
0.2948610186576843,1
0.3442642390727997,1
0.31900879740715027,1
0.519402027130127,1
0.43550676107406616,1
0.3283275365829468,1
0.4462781548500061,1
0.3378159701824188,1
0.414545476436615,1
0.411528080701828,1
0.43202969431877136,1
0.3947213292121887,1
0.3451351225376129,1
0.37949860095977783,1
0.4055928587913513,1
0.3596535623073578,1
0.4423551559448242,1
0.33646419644355774,1
0.4694192707538605,1
0.49243125319480896,1
0.316074401140213,1
0.34916070103645325,1
0.43782109022140503,1
0.4243590831756592,1
0.42660391330718994,1
0.40287306904792786,1
0.3885539174079895,1
0.45046961307525635,1
0.4050637185573578,1
0.3220241069793701,1
0.4341663718223572,1
0.3349166512489319,1
0.533226728439331,1
0.42103925347328186,1
0.4130726456642151,1
0.39668846130371094,1
0.3143831789493561,1
0.48860836029052734,1
0.33154577016830444,1
0.3814350962638855,1
0.5506982803344727,1
0.41278529167175293,1
0.43359512090682983,1
0.35812312364578247,1
0.4482570290565491,1
0.4436822533607483,1
0.3107518255710602,1
0.40983322262763977,1
0.35496294498443604,1
0.5876622200012207,1
0.4749893248081207,1
0.359369158744812,1
0.393046498298645,1
0.5956908464431763,1
0.3991090655326843,1
0.4738674759864807,1
0.3094750940799713,1
0.4619201421737671,1
0.44392186403274536,1
0.3935854732990265,1
0.5002694129943848,1
0.4973166584968567,1
0.3717254400253296,1
0.5326964855194092,1
0.45291972160339355,1
0.3940834403038025,1
0.485429048538208,1
0.3513270616531372,1
0.4180458188056946,1
0.32381564378738403,1
0.39115676283836365,1
0.3376697897911072,1
0.3346775770187378,1
0.4607582688331604,1
0.4480263888835907,1
0.5269321203231812,1
0.5046299695968628,1
0.5016201138496399,1
0.35634028911590576,1
0.3165566921234131,1
0.3462352752685547,1
0.369718998670578,1
0.4474543333053589,1
0.39604586362838745,1
0.41923901438713074,1
0.4704750180244446,1
0.365525484085083,1
0.30551156401634216,1
0.45637649297714233,1
0.4095911979675293,1
0.3545105457305908,1
0.3492796719074249,1
0.37802600860595703,1
0.3841482400894165,1
0.416276752948761,1
0.391421914100647,1
0.4120407700538635,1
0.40527576208114624,1
0.36052536964416504,1
0.41330525279045105,1
0.41671431064605713,1
0.40835511684417725,1
0.3658179044723511,1
0.4247201085090637,1
0.4783737063407898,1
0.42205673456192017,1
0.4548484981060028,1
0.4087996482849121,1
0.4461892247200012,1
0.37750139832496643,1
0.3561755418777466,1
0.5065208077430725,1
0.326428085565567,1
0.5018510818481445,1
0.4403049349784851,1
0.28495556116104126,1
0.49210456013679504,1
0.40878406167030334,1
0.4987618625164032,1
0.4165063202381134,1
0.39649105072021484,1
0.4575851261615753,1
0.3929991126060486,1
0.4980517029762268,1
0.40044736862182617,1
0.3737747073173523,1
0.39088600873947144,1
0.4517054557800293,1
0.3504715859889984,1
0.40650027990341187,1
0.37365227937698364,1
0.4070122241973877,1
0.46705180406570435,1
0.352389931678772,1
0.4616299271583557,1
0.4260927140712738,1
0.35646194219589233,1
0.4931279420852661,1
0.36642566323280334,1
0.5165845155715942,1
0.40773335099220276,1
0.4156593084335327,1
0.3698193430900574,1
0.43925362825393677,1
0.39148426055908203,1
0.32575663924217224,1
0.3782484233379364,1
0.4564593434333801,1
0.3381410539150238,1
0.33009302616119385,1
0.3984169065952301,1
0.4788968563079834,1
0.3414541184902191,1
0.3466237783432007,1
0.44295734167099,1
0.4044596552848816,1
0.4618380069732666,1
0.41325777769088745,1
0.3639652132987976,1
0.3737368583679199,1
0.48460590839385986,1
0.5742576122283936,1
0.45893165469169617,1
0.4583481550216675,1
0.4004407525062561,1
0.4206850230693817,1
0.3731248378753662,1
0.3898806571960449,1
0.42263731360435486,1
0.4098246097564697,1
0.32306164503097534,1
0.42440563440322876,1
0.3483244776725769,1
0.34505099058151245,1
0.43763217329978943,1
0.46595048904418945,1
0.3763003349304199,1
0.37539297342300415,1
0.40190404653549194,1
0.3661975860595703,1
0.4763273000717163,1
0.3413213789463043,1
0.3805024027824402,1
0.37879395484924316,1
0.3724892735481262,1
0.3799784779548645,1
0.3299362361431122,1
0.453293114900589,1
0.3692860007286072,1
0.3962298631668091,1
0.37445688247680664,1
0.4141271412372589,1
0.5307145118713379,1
0.4022073745727539,1
0.5012345314025879,1
0.3661283552646637,1
0.6033884286880493,1
0.49592143297195435,1
0.44625118374824524,1
0.42634788155555725,1
0.42722469568252563,1
0.4133512079715729,1
0.37157684564590454,1
0.3885954022407532,1
0.3810335397720337,1
0.3891565203666687,1
0.367669016122818,1
0.38832616806030273,1
0.3597363233566284,1
0.4392586350440979,1
0.43395259976387024,1
0.4895767569541931,1
0.39859575033187866,1
0.46338140964508057,1
0.40102237462997437,1
0.3625825047492981,1
0.3922879695892334,1
0.3565649092197418,1
0.5201586484909058,1
0.2786213755607605,1
0.4328767657279968,1
0.2999204099178314,1
0.49436819553375244,1
0.3438236117362976,1
0.3253474235534668,1
0.3965713083744049,1
0.3621535003185272,1
0.4073637127876282,1
0.41140449047088623,1
0.40155136585235596,1
0.37881919741630554,1
0.4240146279335022,1
0.3433595299720764,1
0.32300397753715515,1
0.3358577489852905,1
0.39833763241767883,1
0.4494919180870056,1
0.3690411448478699,1
0.45437708497047424,1
0.3946276903152466,1
0.38769644498825073,1
0.4737790822982788,1
0.4240694046020508,1
0.44516804814338684,1
0.5236070156097412,1
0.4174377918243408,1
0.4218628704547882,1
0.35018888115882874,1
0.38369956612586975,1
0.37289655208587646,1
0.4742714762687683,1
0.40155279636383057,1
0.28130221366882324,1
0.3809784948825836,1
0.3508158326148987,1
0.30289652943611145,1
0.3327040374279022,1
0.4328843355178833,1
0.2436719834804535,1
0.37119996547698975,1
0.3106705844402313,1
0.3614298701286316,1
0.48811715841293335,1
0.4804196059703827,1
0.38899219036102295,1
0.501124382019043,1
0.5072011947631836,1
0.33360224962234497,1
0.35415196418762207,1
0.34504348039627075,1
0.5211979150772095,1
0.3627743124961853,1
0.5685456395149231,1
0.3775761127471924,1
0.40737399458885193,1
0.3703775703907013,1
0.47474169731140137,1
0.3618353009223938,1
0.34619492292404175,1
0.43713846802711487,1
0.43779799342155457,1
0.41232097148895264,1
0.40409210324287415,1
0.3968392610549927,1
0.5472472906112671,1
0.4391152560710907,1
0.34866517782211304,1
0.4097501337528229,1
0.4392680525779724,1
0.3583635091781616,1
0.4052314758300781,1
0.369773805141449,1
0.3996061086654663,1
0.39227262139320374,1
0.29970505833625793,1
0.40115422010421753,1
0.42710423469543457,1
0.40024858713150024,1
0.32714149355888367,1
0.418796181678772,1
0.4585118293762207,1
0.38831019401550293,1
0.38806867599487305,1
0.46727168560028076,1
0.30249112844467163,1
0.2605903148651123,1
0.4230484366416931,1
0.4522685408592224,1
0.38951510190963745,1
0.40342336893081665,1
0.4912865161895752,1
0.43107274174690247,1
0.43614548444747925,1
0.2867262065410614,1
0.34992551803588867,1
0.297748327255249,1
0.4252883493900299,1
0.38632872700691223,1
0.37455350160598755,1
0.40533584356307983,1
0.3413894772529602,1
0.45256710052490234,1
0.3070170283317566,1
0.38504815101623535,1
0.4084789752960205,1
0.5256123542785645,1
0.4393211007118225,1
0.4593789577484131,1
0.33770185708999634,1
0.470431923866272,1
0.1938374936580658,1
0.3145807683467865,1
0.5039035081863403,1
0.4463925361633301,1
0.4042421281337738,1
0.35842153429985046,1
0.41505110263824463,1
0.4026445150375366,1
0.40548262000083923,1
0.45542651414871216,1
0.2999019920825958,1
0.47873589396476746,1
0.350858598947525,1
0.4467166066169739,1
0.4306047260761261,1
0.42961618304252625,1
0.3321235477924347,1
0.3787502944469452,1
0.47087955474853516,1
0.43881678581237793,1
0.5065640211105347,1
0.2987295985221863,1
0.3668040335178375,1
0.37935972213745117,1
0.3125889301300049,1
0.32847851514816284,1
0.3294517993927002,1
0.41922518610954285,1
0.33720844984054565,1
0.3763229250907898,1
0.32765382528305054,1
0.37474364042282104,1
0.43283477425575256,1
0.3073335886001587,1
0.36021170020103455,1
0.48580116033554077,1
0.3732978105545044,1
0.3998161554336548,1
0.45787760615348816,1
0.3781876266002655,1
0.42112964391708374,1
0.434781014919281,1
0.3720799684524536,1
0.3380018174648285,1
0.3969275951385498,1
0.49646228551864624,1
0.44751277565956116,1
0.3446195423603058,1
0.3627852201461792,1
0.5715002417564392,1
0.523737370967865,1
0.39446723461151123,1
0.5619096159934998,1
0.4219004511833191,1
0.4604054093360901,1
0.30074241757392883,1
0.41602468490600586,1
0.42762646079063416,1
0.44884902238845825,1
0.39127275347709656,1
0.3887608051300049,1
0.47903648018836975,1
0.4334287643432617,1
0.43224865198135376,1
0.34432440996170044,1
0.3455452024936676,1
0.452240526676178,1
0.377751886844635,1
0.3798498213291168,1
0.400471955537796,1
0.44047099351882935,1
0.2543119788169861,1
0.3615909814834595,1
0.4179179072380066,1
0.36181676387786865,1
0.32154521346092224,1
0.34546852111816406,1
0.4010867774486542,1
0.3534960150718689,1
0.38559845089912415,1
0.33144667744636536,1
0.5091127157211304,1
0.4873829483985901,1
0.4369811415672302,1
0.39984506368637085,1
0.4273309111595154,1
0.40459832549095154,1
0.4020691215991974,1
0.3837875723838806,1
0.4913640022277832,1
0.3561314642429352,1
0.372298002243042,1
0.44743776321411133,1
0.4137503504753113,1
0.44937634468078613,1
0.5721837282180786,1
0.3824198246002197,1
0.4176618456840515,1
0.4236244559288025,1
0.4568961262702942,1
0.3853411376476288,1
0.3939669132232666,1
0.2673705220222473,1
0.43069469928741455,1
0.37324047088623047,1
0.3818839490413666,1
0.49885624647140503,1
0.3618929982185364,1
0.3677158057689667,1
0.4900350272655487,1
0.44213420152664185,1
0.4116978049278259,1
0.40111520886421204,1
0.40519288182258606,1
0.3931322395801544,1
0.4263181686401367,1
0.43670329451560974,1
0.4059944450855255,1
0.34617939591407776,1
0.4116736650466919,1
0.36334285140037537,1
0.5219737887382507,1
0.3321683406829834,1
0.3474218547344208,1
0.34037238359451294,1
0.3958255648612976,1
0.37719783186912537,1
0.39486610889434814,1
0.41652387380599976,1
0.31239765882492065,1
0.43413594365119934,1
0.36015453934669495,1
0.49346214532852173,1
0.2583125829696655,1
0.367888867855072,1
0.3016677498817444,1
0.49915042519569397,1
0.4656303822994232,1
0.34866705536842346,1
0.40753036737442017,1
0.4938627779483795,1
0.4460771083831787,1
0.3633161187171936,1
0.3390989601612091,1
0.4218238294124603,1
0.3295278549194336,1
0.3835151791572571,1
0.4104621112346649,1
0.352299302816391,1
0.5327813625335693,1
0.37467247247695923,1
0.43150338530540466,1
0.3845750689506531,1
0.40393146872520447,1
0.3827632963657379,1
0.30114883184432983,1
0.5207443237304688,1
0.3582192063331604,1
0.36223286390304565,1
0.5891509056091309,1
0.4110969305038452,1
0.3158668875694275,1
0.3147406578063965,1
0.41242170333862305,1
0.5344691276550293,1
0.45622050762176514,1
0.3635866343975067,1
0.40984031558036804,1
0.35777148604393005,1
0.35831448435783386,1
0.43160319328308105,1
0.4461243152618408,1
0.23768483102321625,1
0.5004622936248779,1
0.3456522226333618,1
0.36784496903419495,1
0.4002934992313385,1
0.35805436968803406,1
0.4280860126018524,1
0.5072004795074463,1
0.3987100124359131,1
0.3387446403503418,1
0.45941680669784546,1
0.4183412790298462,1
0.42026469111442566,1
0.4674641489982605,1
0.40824639797210693,1
0.36368703842163086,1
0.4088117182254791,1
0.37053149938583374,1
0.41027918457984924,1
0.4361468255519867,1
0.360330730676651,1
0.38840237259864807,1
0.43401286005973816,1
0.4738990068435669,1
0.3842368721961975,1
0.32506176829338074,1
0.29046332836151123,1
0.4528743028640747,1
0.4143253266811371,1
0.4000023305416107,1
0.3504829406738281,1
0.533589780330658,1
0.39764994382858276,1
0.32791686058044434,1
0.33184418082237244,1
0.49773645401000977,1
0.43001532554626465,1
0.43128037452697754,1
0.5139186978340149,1
0.3208509683609009,1
0.4107864201068878,1
0.36125117540359497,1
0.3897685408592224,1
0.3896944224834442,1
0.4682399034500122,1
0.49128466844558716,1
0.4697882831096649,1
0.31758421659469604,1
0.37073230743408203,1
0.292646586894989,1
0.3478599786758423,1
0.342384934425354,1
0.45938798785209656,1
0.3652305603027344,1
0.29625779390335083,1
0.356688916683197,1
0.45012709498405457,1
0.5263170003890991,1
0.5435614585876465,1
0.36646175384521484,1
0.31946444511413574,1
0.39743703603744507,1
0.3919265568256378,1
0.4083636403083801,1
0.3972170948982239,1
0.3753197491168976,1
0.46761757135391235,1
0.3897559344768524,1
0.452806681394577,1
0.40373921394348145,1
0.4285811483860016,1
0.3258271813392639,1
0.48980939388275146,1
0.3843230903148651,1
0.3929138779640198,1
0.3996850252151489,1
0.4457833766937256,1
0.4039725661277771,1
0.3701055645942688,1
0.3518543243408203,1
0.331027090549469,1
0.4149880111217499,1
0.38824838399887085,1
0.3130248486995697,1
0.38297706842422485,1
0.4108264744281769,1
0.42918509244918823,1
0.3888951539993286,1
0.49999141693115234,1
0.45284920930862427,1
0.42686596512794495,1
0.42629092931747437,1
0.3517613112926483,1
0.383664608001709,1
0.4687887728214264,1
0.3285854756832123,1
0.4904499053955078,1
0.5196360349655151,1
0.3562537729740143,1
0.4071424901485443,1
0.32314926385879517,1
0.40181005001068115,1
0.34814804792404175,1
0.2886008024215698,1
0.40493637323379517,1
0.4504193067550659,1
0.31290096044540405,1
0.34043172001838684,1
0.3810463547706604,1
0.3969461917877197,1
0.3727027177810669,1
0.3915603458881378,1
0.4120290279388428,1
0.39338862895965576,1
0.41915664076805115,1
0.3824305832386017,1
0.36458054184913635,1
0.5177345275878906,1
0.42583155632019043,1
0.4814413785934448,1
0.44432955980300903,1
0.35888275504112244,1
0.4116790294647217,1
0.3197987675666809,1
0.4452648162841797,1
0.3508124351501465,1
0.4984044134616852,1
0.38948118686676025,1
0.42234110832214355,1
0.4009703993797302,1
0.4518705904483795,1
0.28171321749687195,1
0.3927326202392578,1
0.44306260347366333,1
0.4205814003944397,1
0.41274845600128174,1
0.3736233711242676,1
0.46516406536102295,1
0.47174781560897827,1
0.41122928261756897,1
0.4004514217376709,1
0.4438552260398865,1
0.4180198311805725,1
0.3233632743358612,1
0.35738062858581543,1
0.4106709659099579,1
0.6114604473114014,1
0.29016023874282837,1
0.3066962659358978,1
0.43533453345298767,1
0.26184213161468506,1
0.5016093254089355,1
0.40465104579925537,1
0.39512142539024353,1
0.46375706791877747,1
0.2989949882030487,1
0.38814038038253784,1
0.39460882544517517,1
0.35236257314682007,1
0.31596821546554565,1
0.4047420024871826,1
0.44500333070755005,1
0.381003201007843,1
0.37507322430610657,1
0.42593151330947876,1
0.4389839470386505,1
0.41058480739593506,1
0.3451763689517975,1
0.42584335803985596,1
0.38736793398857117,1
0.35949814319610596,1
0.34507423639297485,1
0.3914574980735779,1
0.4793434739112854,1
0.35580724477767944,1
0.39229708909988403,1
0.38296055793762207,1
0.5365462303161621,1
0.3990321755409241,1
0.3395247459411621,1
0.46141764521598816,1
0.2650175094604492,1
0.45763421058654785,1
0.34146618843078613,1
0.3690459728240967,1
0.49292343854904175,1
0.4289684593677521,1
0.31545764207839966,1
0.3236459493637085,1
0.4138737916946411,1
0.33943137526512146,1
0.3781191408634186,1
0.37664085626602173,1
0.37035030126571655,1
0.34506547451019287,1
0.3237348794937134,1
0.35425233840942383,1
0.30953100323677063,1
0.36920803785324097,1
0.30883288383483887,1
0.39347803592681885,1
0.49053168296813965,1
0.41471296548843384,1
0.4338279366493225,1
0.5063109993934631,1
0.33282750844955444,1
0.4159325361251831,1
0.4686307907104492,1
0.3199734091758728,1
0.3243404030799866,1
0.4085160493850708,1
0.39300084114074707,1
0.44612377882003784,1
0.39567822217941284,1
0.3789045214653015,1
0.3889769911766052,1
0.438700407743454,1
0.4572065472602844,1
0.40328872203826904,1
0.4101984202861786,1
0.38913944363594055,1
0.5172319412231445,1
0.4871097505092621,1
0.2812615633010864,1
0.3388475775718689,1
0.29255446791648865,1
0.35710644721984863,1
0.48174965381622314,1
0.4886373281478882,1
0.2883789837360382,1
0.4462707042694092,1
0.4002618193626404,1
0.35383790731430054,1
0.350973516702652,1
0.311748743057251,1
0.34730592370033264,1
0.3571637272834778,1
0.2800487279891968,1
0.3634689450263977,1
0.527188777923584,1
0.37951338291168213,1
0.4323686361312866,1
0.4351537823677063,1
0.38424357771873474,1
0.4801180362701416,1
0.30760228633880615,1
0.47419771552085876,1
0.32963961362838745,1
0.3530186414718628,1
0.41220492124557495,1
0.46140924096107483,1
0.3920864462852478,1
0.32345810532569885,1
0.3779776096343994,1
0.46254050731658936,1
0.4006226658821106,1
0.27721068263053894,1
0.5045366883277893,1
0.3653615415096283,1
0.4010889232158661,1
0.37744349241256714,1
0.5551372170448303,1
0.36583971977233887,1
0.3087701201438904,1
0.3228725790977478,1
0.46749722957611084,1
0.30771002173423767,1
0.4383227229118347,1
0.43111586570739746,1
0.4024788439273834,1
0.28002724051475525,1
0.41615036129951477,1
0.46459680795669556,1
0.2863498330116272,1
0.4106569290161133,1
0.3809787631034851,1
0.6831391453742981,1
0.4121719002723694,1
0.46272745728492737,1
0.3286522626876831,1
0.3954051733016968,1
0.46613144874572754,1
0.3944014012813568,1
0.4577406644821167,1
0.4150024354457855,1
0.37559929490089417,1
0.3084195852279663,1
0.47705864906311035,1
0.3432406783103943,1
0.3839252293109894,1
0.5452006459236145,1
0.32901695370674133,1
0.3540947437286377,1
0.3995606303215027,1
0.37702006101608276,1
0.45680853724479675,1
0.2586044669151306,1
0.463045209646225,1
0.386360228061676,1
0.43909162282943726,1
0.5483533143997192,1
0.45252013206481934,1
0.4742865562438965,1
0.38541918992996216,1
0.3336941599845886,1
0.38804009556770325,1
0.38353216648101807,1
0.4217449128627777,1
0.32731324434280396,1
0.42810356616973877,1
0.4657929539680481,1
0.2704968750476837,1
0.40101683139801025,1
0.3646233081817627,1
0.46171092987060547,1
0.38422277569770813,1
0.4741423428058624,1
0.5136600732803345,1
0.4952738583087921,1
0.39461636543273926,1
0.4911406338214874,1
0.36808133125305176,1
0.2601170539855957,1
0.47426921129226685,1
0.36847740411758423,1
0.37590524554252625,1
0.5346469879150391,1
0.4241552948951721,1
0.3566775619983673,1
0.36911046504974365,1
0.35980772972106934,1
0.2997455298900604,1
0.4577496647834778,1
0.4461015462875366,1
0.44511276483535767,1
0.4275079369544983,1
0.4255601167678833,1
0.49080848693847656,1
0.475972980260849,1
0.42171910405158997,1
0.42955082654953003,1
0.3010023534297943,1
0.4120558500289917,1
0.4418202340602875,1
0.5054192543029785,1
0.2717663645744324,1
0.31792646646499634,1
0.47004827857017517,1
0.45718875527381897,1
0.35602867603302,1
0.36147916316986084,1
0.41060835123062134,1
0.41239041090011597,1
0.364363431930542,1
0.3484843969345093,1
0.3524966537952423,1
0.5492298603057861,1
0.2995305061340332,1
0.4472929835319519,1
0.4262639880180359,1
0.32864853739738464,1
0.38419491052627563,1
0.3393246531486511,1
0.31353259086608887,1
0.44388067722320557,1
0.345085471868515,1
0.43904444575309753,1
0.41815468668937683,1
0.3165490925312042,1
0.4851844906806946,1
0.5088975429534912,1
0.5307306051254272,1
0.5337048768997192,1
0.41464710235595703,1
0.3776356279850006,1
0.3980357348918915,1
0.3562565743923187,1
0.45599308609962463,1
0.4826923608779907,1
0.36232948303222656,1
0.45469099283218384,1
0.43513697385787964,1
0.3936243951320648,1
0.39172545075416565,1
0.4277184009552002,1
0.5170007944107056,1
0.3562285602092743,1
0.40728265047073364,1
0.5480855107307434,1
0.36230236291885376,1
0.3097987174987793,1
0.4687133729457855,1
0.4722535312175751,1
0.36009180545806885,1
0.4060342311859131,1
0.4653747081756592,1
0.3579130172729492,1
0.3476772904396057,1
0.45083338022232056,1
0.3784247636795044,1
0.4108673930168152,1
0.3391128480434418,1
0.30940455198287964,1
0.4065093398094177,1
0.4860474765300751,1
0.27831998467445374,1
0.2944403290748596,1
0.480371356010437,1
0.38484400510787964,1
0.47566840052604675,1
0.2997332811355591,1
0.38048964738845825,1
0.5408713817596436,1
0.3986404836177826,1
0.43557506799697876,1
0.4677504301071167,1
0.49200624227523804,1
0.3451383411884308,1
0.37564873695373535,1
0.3766736388206482,1
0.3287333846092224,1
0.3864012062549591,1
0.42155104875564575,1
0.46445685625076294,1
0.43590521812438965,1
0.3833339810371399,1
0.3793867230415344,1
0.3895634114742279,1
0.4823357164859772,1
0.43822431564331055,1
0.4196568727493286,1
0.42629051208496094,1
0.33811289072036743,1
0.43653008341789246,1
0.3437386155128479,1
0.467334121465683,1
0.37890464067459106,1
0.38333025574684143,1
0.3602513074874878,1
0.39991334080696106,1
0.29907068610191345,1
0.35860922932624817,1
0.38461971282958984,1
0.3397735059261322,1
0.5018683075904846,1
0.3767813742160797,1
0.40625524520874023,1
0.39669135212898254,1
0.39277541637420654,1
0.40811169147491455,1
0.4120115637779236,1
0.401243656873703,1
0.41518574953079224,1
0.44103288650512695,1
0.473072350025177,1
0.46298375725746155,1
0.34910300374031067,1
0.33354800939559937,1
0.38416898250579834,1
0.37912219762802124,1
0.34087008237838745,1
0.4620494842529297,1
0.3721666932106018,1
0.4708191454410553,1
0.5796862840652466,1
0.4499775171279907,1
0.3739347457885742,1
0.3344584107398987,1
0.38217175006866455,1
0.3157588243484497,1
0.3954780697822571,1
0.3481787443161011,1
0.4379256069660187,1
0.39087098836898804,1
0.37927693128585815,1
0.37972861528396606,1
0.35774487257003784,1
0.4732675850391388,1
0.3381907641887665,1
0.3323100209236145,1
0.44646209478378296,1
0.48080214858055115,1
0.4029112458229065,1
0.5295116901397705,1
0.3999466896057129,1
0.4942688047885895,1
0.33655065298080444,1
0.3722343146800995,1
0.38104191422462463,1
0.5345433950424194,1
0.4623059928417206,1
0.3258371949195862,1
0.34335026144981384,1
0.5155200362205505,1
0.366894394159317,1
0.3744117021560669,1
0.47156718373298645,1
0.39571934938430786,1
0.4560621976852417,1
0.3755565583705902,1
0.4575406312942505,1
0.49495410919189453,1
0.49374935030937195,1
0.3591776490211487,1
0.38020458817481995,1
0.44041967391967773,1
0.35177600383758545,1
0.32907748222351074,1
0.38849979639053345,1
0.33805960416793823,1
0.27964460849761963,1
0.4242045283317566,1
0.39005333185195923,1
0.4321701228618622,1
0.504491925239563,1
0.5022631883621216,1
0.4971511960029602,1
0.5736324787139893,1
0.3592396080493927,1
0.4142383933067322,1
0.4512784481048584,1
0.3688860833644867,1
0.5037383437156677,1
0.456770658493042,1
0.42846211791038513,1
0.413030743598938,1
0.38301393389701843,1
0.5196355581283569,1
0.39155933260917664,1
0.3803800344467163,1
0.3578273355960846,1
0.5688145160675049,1
0.4279286861419678,1
0.4409977197647095,1
0.33047574758529663,1
0.49006327986717224,1
0.45560505986213684,1
0.5018023252487183,1
0.3537883758544922,1
0.3045496642589569,1
0.3622426390647888,1
0.4934890866279602,1
0.42484137415885925,1
0.4439146816730499,1
0.31555116176605225,1
0.4755168557167053,1
0.40675419569015503,1
0.41924864053726196,1
0.35487762093544006,1
0.3460269570350647,1
0.53692227602005,1
0.48282578587532043,1
0.3781353235244751,1
0.378706693649292,1
0.40467575192451477,1
0.47687697410583496,1
0.3832814693450928,1
0.5447118282318115,1
0.3908948600292206,1
0.4196387231349945,1
0.36082231998443604,1
0.48504966497421265,1
0.39047273993492126,1
0.46884816884994507,1
0.3186081647872925,1
0.37236446142196655,1
0.2969430387020111,1
0.42284491658210754,1
0.40650999546051025,1
0.4374876618385315,1
0.2530074715614319,1
0.48103609681129456,1
0.4136143922805786,1
0.46713677048683167,1
0.41577693819999695,1
0.42719656229019165,1
0.4170512557029724,1
0.542884349822998,1
0.4130798578262329,1
0.32409828901290894,1
0.34805604815483093,1
0.500442385673523,1
0.3240199685096741,1
0.45169997215270996,1
0.3446866273880005,1
0.36621057987213135,1
0.3295256197452545,1
0.4024200439453125,1
0.4030378758907318,1
0.36074724793434143,1
0.33888891339302063,1
0.4318268299102783,1
0.49126318097114563,1
0.41437828540802,1
0.4448184072971344,1
0.43090611696243286,1
0.5376675724983215,1
0.3761223554611206,1
0.47909772396087646,1
0.4150350093841553,1
0.36611855030059814,1
0.3392448127269745,1
0.41870683431625366,1
0.4321994185447693,1
0.4414689540863037,1
0.3471013307571411,1
0.39193063974380493,1
0.27115553617477417,1
0.3708673119544983,1
0.39315950870513916,1
0.4121188819408417,1
0.2864043712615967,1
0.30966994166374207,1
0.4889986515045166,1
0.46461594104766846,1
0.32588905096054077,1
0.33051836490631104,1
0.37454354763031006,1
0.370098352432251,1
0.4045320749282837,1
0.4348764419555664,1
0.4194859266281128,1
0.3259974420070648,1
0.3465387225151062,1
0.3542335629463196,1
0.39329224824905396,1
0.36460649967193604,1
0.44791319966316223,1
0.3277236223220825,1
0.41788676381111145,1
0.36143767833709717,1
0.3925701379776001,1
0.4260048270225525,1
0.2959992587566376,1
0.40303099155426025,1
0.5190227031707764,1
0.44584327936172485,1
0.44029974937438965,1
0.3599984049797058,1
0.4070693850517273,1
0.38036638498306274,1
0.35558968782424927,1
0.4068008065223694,1
0.31360065937042236,1
0.4555327594280243,1
0.39369335770606995,1
0.41981643438339233,1
0.3872283697128296,1
0.37568703293800354,1
0.4522048830986023,1
0.489935040473938,1
0.32666027545928955,1
0.37566253542900085,1
0.37201744318008423,1
0.33771979808807373,1
0.3470357060432434,1
0.4179602861404419,1
0.4531155824661255,1
0.3485972285270691,1
0.41218116879463196,1
0.4051308333873749,1
0.40805864334106445,1
0.3379135727882385,1
0.487979918718338,1
0.43848010897636414,1
0.3657746911048889,1
0.3299410939216614,1
0.37263837456703186,1
0.30882132053375244,1
0.3802299201488495,1
0.4785546064376831,1
0.4133991003036499,1
0.45014894008636475,1
0.44292306900024414,1
0.45305103063583374,1
0.4243388772010803,1
0.3971387445926666,1
0.37060514092445374,1
0.4668768048286438,1
0.4116328954696655,1
0.46408945322036743,1
0.36011162400245667,1
0.4387381672859192,1
0.36656561493873596,1
0.35139650106430054,1
0.4298461377620697,1
0.41649994254112244,1
0.4081079959869385,1
0.4095034599304199,1
0.36637407541275024,1
0.3872435390949249,1
0.37191227078437805,1
0.41387346386909485,1
0.4370422065258026,1
0.37672531604766846,1
0.34860295057296753,1
0.40874308347702026,1
0.3565492331981659,1
0.38096192479133606,1
0.373610258102417,1
0.35683077573776245,1
0.3648861050605774,1
0.33796799182891846,1
0.2754572629928589,1
0.32399502396583557,1
0.35917696356773376,1
0.3521695137023926,1
0.42853307723999023,1
0.4136655926704407,1
0.47099918127059937,1
0.3681842088699341,1
0.33470624685287476,1
0.4227607548236847,1
0.48684224486351013,1
0.2452223300933838,1
0.5088500380516052,1
0.33191317319869995,1
0.39592596888542175,1
0.3929464817047119,1
0.48347312211990356,1
0.37539011240005493,1
0.3805154263973236,1
0.3081311583518982,1
0.4053494334220886,1
0.34633055329322815,1
0.3279359042644501,1
0.4289352297782898,1
0.5569025874137878,1
0.39149603247642517,1
0.5033897161483765,1
0.30663591623306274,1
0.4600841701030731,1
0.5138506889343262,1
0.42373377084732056,1
0.42251208424568176,1
0.3777155876159668,1
0.4205751419067383,1
0.4055493175983429,1
0.4794659912586212,1
0.5289273858070374,1
0.3641039729118347,1
0.38003426790237427,1
0.3789871335029602,1
0.3892276883125305,1
0.4069916307926178,1
0.3617016673088074,1
0.5054037570953369,1
0.37894365191459656,1
0.29745349287986755,1
0.40763312578201294,1
0.4327172040939331,1
0.3590361177921295,1
0.3850552439689636,1
0.3833799362182617,1
0.48736143112182617,1
0.30008193850517273,1
0.4002877473831177,1
0.44679635763168335,1
0.3682407736778259,1
0.41603994369506836,1
0.45119842886924744,1
0.38562124967575073,1
0.29230451583862305,1
0.39416229724884033,1
0.3320869207382202,1
0.385175883769989,1
0.3379788100719452,1
0.43861985206604004,1
0.42682573199272156,1
0.3639965355396271,1
0.40164870023727417,1
0.3564502000808716,1
0.46961989998817444,1
0.45408493280410767,1
0.3565475344657898,1
0.6154958009719849,1
0.42873671650886536,1
0.4210694134235382,1
0.3786059021949768,1
0.42098748683929443,1
0.46571171283721924,1
0.4105614125728607,1
0.3807303011417389,1
0.37624603509902954,1
0.37253713607788086,1
0.4568968117237091,1
0.43853887915611267,1
0.3577152192592621,1
0.3381039500236511,1
0.3811219036579132,1
0.28801918029785156,1
0.4866687059402466,1
0.41104164719581604,1
0.48590585589408875,1
0.42793208360671997,1
0.390783429145813,1
0.42842310667037964,1
0.3382616341114044,1
0.43307462334632874,1
0.471915066242218,1
0.5080032348632813,1
0.39274221658706665,1
0.4365078806877136,1
0.3032948672771454,1
0.3745490312576294,1
0.38089609146118164,1
0.32390084862709045,1
0.42818698287010193,1
0.4056969881057739,1
0.4568083882331848,1
0.46345794200897217,1
0.3951060175895691,1
0.364722341299057,1
0.46298903226852417,1
0.2844200134277344,1
0.40936967730522156,1
0.42067351937294006,1
0.35262998938560486,1
0.38694116473197937,1
0.30104419589042664,1
0.3431329131126404,1
0.39372825622558594,1
0.32771939039230347,1
0.36534881591796875,1
0.41052693128585815,1
0.40956971049308777,1
0.4521777033805847,1
0.5393362045288086,1
0.4137148857116699,1
0.40284866094589233,1
0.3521670997142792,1
0.3424127697944641,1
0.40135425329208374,1
0.2876580059528351,1
0.46613049507141113,1
0.32849791646003723,1
0.3535456359386444,1
0.38618290424346924,1
0.4214783310890198,1
0.4647458493709564,1
0.3909247815608978,1
0.3535122871398926,1
0.4689703583717346,1
0.4554275870323181,1
0.41255131363868713,1
0.4003264904022217,1
0.3969123661518097,1
0.4785146713256836,1
0.4332824647426605,1
0.3982996344566345,1
0.366897851228714,1
0.4522775709629059,1
0.4295731782913208,1
0.34605345129966736,1
0.48316508531570435,1
0.4512234330177307,1
0.37463170289993286,1
0.39987680315971375,1
0.34784621000289917,1
0.3737905025482178,1
0.3839867115020752,1
0.35708242654800415,1
0.5124431252479553,1
0.3610500395298004,1
0.32984623312950134,1
0.37647271156311035,1
0.3704480230808258,1
0.3886229991912842,1
0.47133615612983704,1
0.5192254781723022,1
0.37797361612319946,1
0.3913511037826538,1
0.40805140137672424,1
0.48485806584358215,1
0.40483558177948,1
0.46663698554039,1
0.4176199436187744,1
0.4562946856021881,1
0.40974539518356323,1
0.34783264994621277,1
0.4987466633319855,1
0.4168289303779602,1
0.4629983603954315,1
0.3024049401283264,1
0.3362399637699127,1
0.3562963604927063,1
0.4714857041835785,1
0.41258156299591064,1
0.34102141857147217,1
0.38400986790657043,1
0.5059517621994019,1
0.2751259505748749,1
0.3797922134399414,1
0.43381744623184204,1
0.40722715854644775,1
0.35974252223968506,1
0.4986133873462677,1
0.3360576629638672,1
0.31918036937713623,1
0.38362833857536316,1
0.3623379170894623,1
0.45907652378082275,1
0.40087100863456726,1
0.3976074457168579,1
0.5056518316268921,1
0.38829827308654785,1
0.2594309151172638,1
0.3351711630821228,1
0.3681345283985138,1
0.394959032535553,1
0.5135196447372437,1
0.2844584584236145,1
0.37188565731048584,1
0.3953816592693329,1
0.3702060580253601,1
0.34227707982063293,1
0.37339359521865845,1
0.33079347014427185,1
0.34052029252052307,1
0.4309772253036499,1
0.41783297061920166,1
0.4621409475803375,1
0.39865291118621826,1
0.3314490020275116,1
0.45841431617736816,1
0.34917208552360535,1
0.5131195783615112,1
0.3831973969936371,1
0.410532683134079,1
0.3684186339378357,1
0.363042414188385,1
0.5240379571914673,1
0.44897013902664185,1
0.40159136056900024,1
0.41264382004737854,1
0.3878839910030365,1
0.3548968434333801,1
0.3289981484413147,1
0.34988224506378174,1
0.3664320707321167,1
0.42033612728118896,1
0.38720372319221497,1
0.3805488049983978,1
0.34846964478492737,1
0.4292924404144287,1
0.43616023659706116,1
0.4472505450248718,1
0.34894418716430664,1
0.33571600914001465,1
0.3005020022392273,1
0.414202481508255,1
0.35055074095726013,1
0.36754587292671204,1
0.2998754382133484,1
0.4150391221046448,1
0.3711734414100647,1
0.36414286494255066,1
0.35956573486328125,1
0.4211806058883667,1
0.36320438981056213,1
0.4552106261253357,1
0.3985975980758667,1
0.42400139570236206,1
0.35185009241104126,1
0.38471347093582153,1
0.40226468443870544,1
0.40150487422943115,1
0.41044867038726807,1
0.34322333335876465,1
0.4284830093383789,1
0.29454708099365234,1
0.4629264771938324,1
0.42150187492370605,1
0.32377856969833374,1
0.463534414768219,1
0.46738290786743164,1
0.46421557664871216,1
0.4275747537612915,1
0.3268868625164032,1
0.3999510705471039,1
0.4230717420578003,1
0.3467974066734314,1
0.4595308005809784,1
0.3806760609149933,1
0.31094905734062195,1
0.31589967012405396,1
0.44125983119010925,1
0.39978817105293274,1
0.4444398880004883,1
0.3444712162017822,1
0.5014609694480896,1
0.33016514778137207,1
0.3209660053253174,1
0.2937967777252197,1
0.31874313950538635,1
0.4140205979347229,1
0.4255151152610779,1
0.47441554069519043,1
0.42174577713012695,1
0.4150565266609192,1
0.49092501401901245,1
0.5633918046951294,1
0.3471822738647461,1
0.35185563564300537,1
0.4496898055076599,1
0.4358009099960327,1
0.45141446590423584,1
0.3981022834777832,1
0.4578206539154053,1
0.4579431414604187,1
0.4024012088775635,1
0.3752942979335785,1
0.34647154808044434,1
0.3969198167324066,1
0.35439521074295044,1
0.3966558873653412,1
0.4364224672317505,1
0.40372756123542786,1
0.49296271800994873,1
0.5422024726867676,1
0.30635860562324524,1
0.39916396141052246,1
0.37668776512145996,1
0.37824127078056335,1
0.5028650760650635,1
0.3827214241027832,1
0.459628164768219,1
0.4051351845264435,1
0.3512455224990845,1
0.38884595036506653,1
0.3885142207145691,1
0.2996923327445984,1
0.4495195746421814,1
0.31054750084877014,1
0.3322177827358246,1
0.48850077390670776,1
0.4073978662490845,1
0.41812482476234436,1
0.3332340717315674,1
0.349584698677063,1
0.5315679311752319,1
0.5821937322616577,1
0.5153903961181641,1
0.4059642553329468,1
0.3876858353614807,1
0.351300984621048,1
0.4679054617881775,1
0.48756563663482666,1
0.38995930552482605,1
0.5604599118232727,1
0.3858804404735565,1
0.3675137162208557,1
0.39403825998306274,1
0.39766985177993774,1
0.4432835578918457,1
0.3308006823062897,1
0.41630011796951294,1
0.3620041310787201,1
0.3166971802711487,1
0.388364315032959,1
0.49293094873428345,1
0.29058027267456055,1
0.3168318271636963,1
0.3590434193611145,1
0.40916505455970764,1
0.5926948189735413,1
0.3550392985343933,1
0.45227479934692383,1
0.41248494386672974,1
0.35379552841186523,1
0.3892243504524231,1
0.324753999710083,1
0.4170243740081787,1
0.40387728810310364,1
0.32554131746292114,1
0.44535234570503235,1
0.44919687509536743,1
0.3905850946903229,1
0.41600990295410156,1
0.3718845248222351,1
0.3720880150794983,1
0.4038257598876953,1
0.31066736578941345,1
0.5012418627738953,1
0.34920355677604675,1
0.32421353459358215,1
0.4053802490234375,1
0.42310792207717896,1
0.39878109097480774,1
0.3256801962852478,1
0.40884649753570557,1
0.45994842052459717,1
0.2788692116737366,1
0.4103308320045471,1
0.3763294219970703,1
0.44470030069351196,1
0.36247098445892334,1
0.41547346115112305,1
0.4664418697357178,1
0.304145872592926,1
0.5500168800354004,1
0.39788439869880676,1
0.5244185924530029,1
0.4386039674282074,1
0.5047351717948914,1
0.3863421678543091,1
0.4253882169723511,1
0.44986265897750854,1
0.4626849889755249,1
0.46999117732048035,1
0.530140221118927,1
0.3358653783798218,1
0.40585410594940186,1
0.3437362015247345,1
0.4438701570034027,1
0.383938193321228,1
0.2560037672519684,1
0.3851357698440552,1
0.3574327826499939,1
0.36438173055648804,1
0.27625489234924316,1
0.3372303247451782,1
0.4183654189109802,1
0.28730684518814087,1
0.38684695959091187,1
0.3527986407279968,1
0.35478436946868896,1
0.28669214248657227,1
0.42483603954315186,1
0.2812988758087158,1
0.36748120188713074,1
0.40444621443748474,1
0.5148612260818481,1
0.4175789952278137,1
0.39682769775390625,1
0.41211238503456116,1
0.3592398762702942,1
0.32243138551712036,1
0.44262951612472534,1
0.3420800566673279,1
0.3805682063102722,1
0.40366944670677185,1
0.4237895905971527,1
0.507668673992157,1
0.5202528834342957,1
0.4103996157646179,1
0.3298768997192383,1
0.32473570108413696,1
0.3956894278526306,1
0.3454023003578186,1
0.4007744789123535,1
0.39094626903533936,1
0.5172914266586304,1
0.410552442073822,1
0.46356332302093506,1
0.421304851770401,1
0.4210529327392578,1
0.41124415397644043,1
0.3695261478424072,1
0.3983987271785736,1
0.49918270111083984,1
0.38869601488113403,1
0.46456852555274963,1
0.36031901836395264,1
0.310098260641098,1
0.28278738260269165,1
0.5907729864120483,1
0.28215768933296204,1
0.25400593876838684,1
0.4065994620323181,1
0.3798180818557739,1
0.41205620765686035,1
0.356550008058548,1
0.3020787835121155,1
0.34719526767730713,1
0.3672468960285187,1
0.3884928822517395,1
0.3704541325569153,1
0.4236365258693695,1
0.3852807879447937,1
0.41176268458366394,1
0.4342924952507019,1
0.352170467376709,1
0.46355539560317993,1
0.5373967289924622,1
0.4223226308822632,1
0.4552125334739685,1
0.3405280113220215,1
0.41161325573921204,1
0.5510894656181335,1
0.3678967356681824,1
0.34121865034103394,1
0.41749703884124756,1
0.3655993938446045,1
0.3636966347694397,1
0.4242457151412964,1
0.4802153706550598,1
0.33487915992736816,1
0.42101621627807617,1
0.29693230986595154,1
0.41901686787605286,1
0.4589135944843292,1
0.4406074285507202,1
0.4613359868526459,1
0.38694632053375244,1
0.5199976563453674,1
0.3806411623954773,1
0.3381933569908142,1
0.38767439126968384,1
0.31057730317115784,1
0.40964528918266296,1
0.40163588523864746,1
0.42722752690315247,1
0.33426526188850403,1
0.3838335871696472,1
0.4278304874897003,1
0.4117371439933777,1
0.6290522813796997,1
0.3702707886695862,1
0.4228990077972412,1
0.43623992800712585,1
0.38410425186157227,1
0.41124826669692993,1
0.3659885823726654,1
0.2831476628780365,1
0.3958367109298706,1
0.3511858582496643,1
0.3080865442752838,1
0.38805294036865234,1
0.4958641827106476,1
0.4639049768447876,1
0.32601842284202576,1
0.34961065649986267,1
0.47141391038894653,1
0.31462323665618896,1
0.4410688281059265,1
0.43460604548454285,1
0.3577505350112915,1
0.2987683415412903,1
0.3726617097854614,1
0.4678507447242737,1
0.3109521269798279,1
0.49789369106292725,1
0.3661002814769745,1
0.3738324046134949,1
0.3970526456832886,1
0.5044445991516113,1
0.43787461519241333,1
0.3392157554626465,1
0.3469485938549042,1
0.24951179325580597,1
0.35491231083869934,1
0.3569130301475525,1
0.356734037399292,1
0.4356248080730438,1
0.32684436440467834,1
0.36724111437797546,1
0.4002394378185272,1
0.35848572850227356,1
0.35155123472213745,1
0.4611881375312805,1
0.4300397038459778,1
0.4048706889152527,1
0.3396149277687073,1
0.37042680382728577,1
0.36240458488464355,1
0.3406457304954529,1
0.40524914860725403,1
0.48509156703948975,1
0.4692501425743103,1
0.48698294162750244,1
0.3647303581237793,1
0.35085976123809814,1
0.49565988779067993,1
0.6205698251724243,1
0.38364145159721375,1
0.3750394880771637,1
0.5564597845077515,1
0.4046328663825989,1
0.46927496790885925,1
0.35779163241386414,1
0.3646702170372009,1
0.3985017240047455,1
0.3741835951805115,1
0.34243765473365784,1
0.4466004967689514,1
0.4142917990684509,1
0.2925894856452942,1
0.5209279656410217,1
0.4304083287715912,1
0.48418986797332764,1
0.3603983223438263,1
0.3675968050956726,1
0.3277347981929779,1
0.3552401661872864,1
0.7131398916244507,1
0.4947028160095215,1
0.42271989583969116,1
0.3969094753265381,1
0.3430345058441162,1
0.36749446392059326,1
0.3755992352962494,1
0.42005646228790283,1
0.4596717953681946,1
0.49414464831352234,1
0.42170894145965576,1
0.4659759998321533,1
0.33559998869895935,1
0.4412892162799835,1
0.3744288682937622,1
0.47620993852615356,1
0.3285578489303589,1
0.3312033712863922,1
0.3301409184932709,1
0.3529663681983948,1
0.44056692719459534,1
0.5346171855926514,1
0.2946331202983856,1
0.4322800934314728,1
0.3181665539741516,1
0.39004844427108765,1
0.41276320815086365,1
0.39815953373908997,1
0.4368438720703125,1
0.41432303190231323,1
0.4865233600139618,1
0.38697969913482666,1
0.5587829351425171,1
0.4267807602882385,1
0.4398554861545563,1
0.4522976875305176,1
0.34039247035980225,1
0.2927360534667969,1
0.42642921209335327,1
0.26115965843200684,1
0.300515353679657,1
0.33631259202957153,1
0.5094416737556458,1
0.43697649240493774,1
0.49895423650741577,1
0.36816227436065674,1
0.43696328997612,1
0.4117603898048401,1
0.4889580309391022,1
0.3692760765552521,1
0.3439055383205414,1
0.4298135042190552,1
0.3687121868133545,1
0.3993552327156067,1
0.39528632164001465,1
0.3409516513347626,1
0.36633551120758057,1
0.3301996886730194,1
0.42302578687667847,1
0.28093260526657104,1
0.32162830233573914,1
0.41697096824645996,1
0.3865107595920563,1
0.5408803224563599,1
0.4544050097465515,1
0.3124200701713562,1
0.315885066986084,1
0.41605067253112793,1
0.4563336968421936,1
0.4477258026599884,1
0.36748242378234863,1
0.25741350650787354,1
0.427199125289917,1
0.44379767775535583,1
0.3190693259239197,1
0.501317024230957,1
0.45460912585258484,1
0.35318100452423096,1
0.37357646226882935,1
0.32189008593559265,1
0.30585777759552,1
0.4195437431335449,1
0.41049253940582275,1
0.3532905876636505,1
0.3180168569087982,1
0.47803813219070435,1
0.4210275709629059,1
0.36639338731765747,1
0.3509664833545685,1
0.4209245443344116,1
0.4227645993232727,1
0.36964404582977295,1
0.3909372091293335,1
0.40946996212005615,1
0.39005616307258606,1
0.38546043634414673,1
0.4452097713947296,1
0.3979257047176361,1
0.3335653245449066,1
0.39038389921188354,1
0.4160895347595215,1
0.34512728452682495,1
0.45100441575050354,1
0.46017611026763916,1
0.47139930725097656,1
0.3506067395210266,1
0.4625263214111328,1
0.4276217818260193,1
0.4971499443054199,1
0.3535742163658142,1
0.4739357829093933,1
0.30381882190704346,1
0.583454430103302,1
0.4070882201194763,1
0.4175829291343689,1
0.3559318482875824,1
0.44366759061813354,1
0.37108418345451355,1
0.3820101022720337,1
0.38810330629348755,1
0.5091471672058105,1
0.3535672724246979,1
0.4033895432949066,1
0.41722872853279114,1
0.4551662504673004,1
0.48105254769325256,1
0.3984929323196411,1
0.40665704011917114,1
0.4769881069660187,1
0.48040124773979187,1
0.46108224987983704,1
0.4389348030090332,1
0.5142656564712524,1
0.3273635506629944,1
0.37133699655532837,1
0.2836306393146515,1
0.41107431054115295,1
0.4107256829738617,1
0.3435332179069519,1
0.3383444845676422,1
0.4087282717227936,1
0.4355365037918091,1
0.32382071018218994,1
0.40299880504608154,1
0.4133785665035248,1
0.3381224274635315,1
0.4206044375896454,1
0.41492027044296265,1
0.3183433413505554,1
0.43573233485221863,1
0.44220858812332153,1
0.36887118220329285,1
0.3774155378341675,1
0.3795868754386902,1
0.331576406955719,1
0.3024807572364807,1
0.4554024040699005,1
0.31226807832717896,1
0.3330662250518799,1
0.4202854633331299,1
0.3552805781364441,1
0.3989711403846741,1
0.40701818466186523,1
0.42600908875465393,1
0.41325363516807556,1
0.3908204436302185,1
0.4241560697555542,1
0.48045462369918823,1
0.591357409954071,1
0.39967238903045654,1
0.3186207711696625,1
0.3608406186103821,1
0.46593374013900757,1
0.3655520975589752,1
0.34496018290519714,1
0.3090393543243408,1
0.46007421612739563,1
0.4022676646709442,1
0.3650330901145935,1
0.401602178812027,1
0.34625327587127686,1
0.3622158169746399,1
0.31149256229400635,1
0.4393562376499176,1
0.458482027053833,1
0.40907731652259827,1
0.41922199726104736,1
0.5214101672172546,1
0.4327757954597473,1
0.44638264179229736,1
0.38456645607948303,1
0.5163744688034058,1
0.3489381670951843,1
0.47020092606544495,1
0.3383820056915283,1
0.26889437437057495,1
0.47406870126724243,1
0.3576047122478485,1
0.4219074249267578,1
0.45162433385849,1
0.4190853536128998,1
0.32967862486839294,1
0.3315933048725128,1
0.35269027948379517,1
0.39118874073028564,1
0.38002854585647583,1
0.38787999749183655,1
0.4151429235935211,1
0.39616644382476807,1
0.38168564438819885,1
0.3803437054157257,1
0.4041958153247833,1
0.46191149950027466,1
0.4521954655647278,1
0.3948107063770294,1
0.3330100178718567,1
0.3142312169075012,1
0.41095685958862305,1
0.2610827386379242,1
0.33628880977630615,1
0.5185068845748901,1
0.4069466292858124,1
0.46107983589172363,1
0.35793477296829224,1
0.34978437423706055,1
0.4714882969856262,1
0.2455446422100067,1
0.480734646320343,1
0.42180687189102173,1
0.46234655380249023,1
0.4267056882381439,1
0.3591156601905823,1
0.37003234028816223,1
0.4064026474952698,1
0.3831162750720978,1
0.4843437969684601,1
0.40733957290649414,1
0.48935627937316895,1
0.4414263069629669,1
0.3456225097179413,1
0.36008214950561523,1
0.44260960817337036,1
0.36939847469329834,1
0.41834574937820435,1
0.27107977867126465,1
0.5196139812469482,1
0.4379209280014038,1
0.4423784017562866,1
0.29727882146835327,1
0.41300857067108154,1
0.40057605504989624,1
0.39162909984588623,1
0.3291867673397064,1
0.45463261008262634,1
0.4342862069606781,1
0.3380797505378723,1
0.4230211675167084,1
0.3584638237953186,1
0.44937190413475037,1
0.43073248863220215,1
0.43467026948928833,1
0.37801796197891235,1
0.5155762434005737,1
0.31192854046821594,1
0.32746315002441406,1
0.39115774631500244,1
0.4075608551502228,1
0.3334866762161255,1
0.5137274861335754,1
0.4444864094257355,1
0.39840832352638245,1
0.4507351815700531,1
0.364532470703125,1
0.43771830201148987,1
0.4235715866088867,1
0.4163817763328552,1
0.3932756185531616,1
0.32682663202285767,1
0.2895488142967224,1
0.4484161138534546,1
0.3611774444580078,1
0.40501320362091064,1
0.3559511601924896,1
0.5764809846878052,1
0.3930113613605499,1
0.4192964434623718,1
0.29757243394851685,1
0.47868967056274414,1
0.34174421429634094,1
0.44928666949272156,1
0.4184398651123047,1
0.4348262548446655,1
0.3760758638381958,1
0.44917842745780945,1
0.5741568803787231,1
0.3388926684856415,1
0.4158562421798706,1
0.31826144456863403,1
0.42780792713165283,1
0.3785678744316101,1
0.40706515312194824,1
0.47781455516815186,1
0.4167764186859131,1
0.3675461709499359,1
0.4380180835723877,1
0.25672614574432373,1
0.38370317220687866,1
0.41640686988830566,1
0.48028069734573364,1
0.40269631147384644,1
0.4177078306674957,1
0.3525785803794861,1
0.3420622944831848,1
0.4365696609020233,1
0.4087373614311218,1
0.3478572368621826,1
0.3811285197734833,1
0.42856159806251526,1
0.361136794090271,1
0.3450082838535309,1
0.42071980237960815,1
0.39109179377555847,1
0.4245763421058655,1
0.3675422668457031,1
0.4028589725494385,1
0.39926087856292725,1
0.4791724979877472,1
0.5215295553207397,1
0.3697253167629242,1
0.4343481659889221,1
0.3488597869873047,1
0.36341699957847595,1
0.5629369020462036,1
0.3184564411640167,1
0.2622760534286499,1
0.3615949749946594,1
0.41843509674072266,1
0.40627074241638184,1
0.42662596702575684,1
0.430553674697876,1
0.475069522857666,1
0.4009662866592407,1
0.3055105209350586,1
0.351284921169281,1
0.3475904166698456,1
0.39509347081184387,1
0.3855094611644745,1
0.4020999073982239,1
0.28011590242385864,1
0.29689091444015503,1
0.42524421215057373,1
0.40206974744796753,1
0.3966442048549652,1
0.39637476205825806,1
0.4596327543258667,1
0.4123060703277588,1
0.5511337518692017,1
0.39692047238349915,1
0.3817910850048065,1
0.34211239218711853,1
0.3348589539527893,1
0.4516198933124542,1
0.38039886951446533,1
0.5020309686660767,1
0.43430453538894653,1
0.37219035625457764,1
0.5232969522476196,1
0.38429373502731323,1
0.40540555119514465,1
0.4425886869430542,1
0.3723301887512207,1
0.5331951975822449,1
0.5122023224830627,1
0.44575244188308716,1
0.44941309094429016,1
0.39053112268447876,1
0.3571576774120331,1
0.4023611545562744,1
0.4316028952598572,1
0.43652045726776123,1
0.3998149335384369,1
0.467654824256897,1
0.4061940908432007,1
0.4233677089214325,1
0.32941097021102905,1
0.3939420282840729,1
0.41687852144241333,1
0.44213032722473145,1
0.4429852366447449,1
0.4063159227371216,1
0.44876259565353394,1
0.4313189685344696,1
0.39414095878601074,1
0.4998460114002228,1
0.43460509181022644,1
0.4785770773887634,1
0.4737324118614197,1
0.36257225275039673,1
0.3215324282646179,1
0.3893337845802307,1
0.33098047971725464,1
0.4638567864894867,1
0.4604758620262146,1
0.4048311710357666,1
0.41441550850868225,1
0.41032782196998596,1
0.4071025550365448,1
0.4431183636188507,1
0.4561178982257843,1
0.44003456830978394,1
0.4843980669975281,1
0.36007192730903625,1
0.33658096194267273,1
0.3821268677711487,1
0.40983718633651733,1
0.3774235248565674,1
0.41759008169174194,1
0.40782177448272705,1
0.3610876798629761,1
0.43222975730895996,1
0.3802586793899536,1
0.4222683906555176,1
0.36987021565437317,1
0.38079142570495605,1
0.35690948367118835,1
0.44685426354408264,1
0.5279592275619507,1
0.34297406673431396,1
0.3704105615615845,1
0.3817746937274933,1
0.3833836317062378,1
0.4857335090637207,1
0.3426606357097626,1
0.432758629322052,1
0.2652844786643982,1
0.3348267674446106,1
0.4779904782772064,1
0.36598628759384155,1
0.3775990605354309,1
0.4139963686466217,1
0.48031315207481384,1
0.2988114655017853,1
0.368934690952301,1
0.4384498596191406,1
0.545080304145813,1
0.410236656665802,1
0.3235996961593628,1
0.38264167308807373,1
0.42451757192611694,1
0.3803815245628357,1
0.312402606010437,1
0.36652877926826477,1
0.3677389621734619,1
0.3758336305618286,1
0.32890215516090393,1
0.3650471568107605,1
0.29448848962783813,1
0.46199333667755127,1
0.42600709199905396,1
0.4560621380805969,1
0.37123775482177734,1
0.33481091260910034,1
0.36498942971229553,1
0.3905586004257202,1
0.5526584386825562,1
0.2969606816768646,1
0.3128392994403839,1
0.30593347549438477,1
0.3603702187538147,1
0.41848281025886536,1
0.3587031960487366,1
0.35896605253219604,1
0.38283395767211914,1
0.37995290756225586,1
0.37951499223709106,1
0.45500731468200684,1
0.4815312623977661,1
0.42663317918777466,1
0.30337220430374146,1
0.3910605311393738,1
0.3215281367301941,1
0.4126855134963989,1
0.40498262643814087,1
0.42073747515678406,1
0.49732860922813416,1
0.335121214389801,1
0.3753697872161865,1
0.5128984451293945,1
0.4502795934677124,1
0.2985878586769104,1
0.42701244354248047,1
0.5083665251731873,1
0.3444903492927551,1
0.39818018674850464,1
0.36793744564056396,1
0.4235075116157532,1
0.30603155493736267,1
0.45996221899986267,1
0.380373477935791,1
0.37055230140686035,1
0.37250465154647827,1
0.5389809608459473,1
0.26765578985214233,1
0.35645535588264465,1
0.4055761992931366,1
0.4236783981323242,1
0.2783504128456116,1
0.3367446959018707,1
0.40583595633506775,1
0.4382742643356323,1
0.3666312098503113,1
0.47186046838760376,1
0.43939387798309326,1
0.4583626985549927,1
0.48091235756874084,1
0.3324972689151764,1
0.4738748371601105,1
0.3632325232028961,1
0.36967089772224426,1
0.5010263323783875,1
0.3379315733909607,1
0.42535489797592163,1
0.3951355218887329,1
0.46029096841812134,1
0.44756823778152466,1
0.3510858416557312,1
0.36297842860221863,1
0.4543014168739319,1
0.4432133436203003,1
0.44451066851615906,1
0.4007023572921753,1
0.35035473108291626,1
0.34425240755081177,1
0.41185060143470764,1
0.366765558719635,1
0.41213786602020264,1
0.3680930435657501,1
0.3464338779449463,1
0.40895843505859375,1
0.5351766347885132,1
0.32656440138816833,1
0.30380043387413025,1
0.36740753054618835,1
0.37108469009399414,1
0.41883397102355957,1
0.3525086045265198,1
0.4284343719482422,1
0.3844849467277527,1
0.3940775990486145,1
0.3251360058784485,1
0.32293546199798584,1
0.41306930780410767,1
0.4190080165863037,1
0.4136285185813904,1
0.479826956987381,1
0.2918072044849396,1
0.48393091559410095,1
0.41620996594429016,1
0.3644470274448395,1
0.3086332678794861,1
0.37454313039779663,1
0.4061935245990753,1
0.3254152536392212,1
0.521107017993927,1
0.474224716424942,1
0.43818771839141846,1
0.3077464699745178,1
0.3724121153354645,1
0.48142683506011963,1
0.3423823118209839,1
0.35641759634017944,1
0.3777619004249573,1
0.42771628499031067,1
0.32356196641921997,1
0.340796560049057,1
0.3356965184211731,1
0.33089479804039,1
0.333571195602417,1
0.40306806564331055,1
0.4625181555747986,1
0.40652695298194885,1
0.36426180601119995,1
0.5375516414642334,1
0.3218473792076111,1
0.3715934157371521,1
0.35696056485176086,1
0.31828224658966064,1
0.3933400809764862,1
0.4341745674610138,1
0.36208218336105347,1
0.23845258355140686,1
0.373623788356781,1
0.4634057283401489,1
0.3714621067047119,1
0.47488316893577576,1
0.357098251581192,1
0.4562591314315796,1
0.43015438318252563,1
0.431374728679657,1
0.4147579073905945,1
0.46939030289649963,1
0.4426794648170471,1
0.49376532435417175,1
0.3001894950866699,1
0.2789748013019562,1
0.32278937101364136,1
0.28283581137657166,1
0.40522143244743347,1
0.35445013642311096,1
0.4450182318687439,1
0.318665087223053,1
0.3433845043182373,1
0.39314985275268555,1
0.4844019114971161,1
0.35238534212112427,1
0.4790347218513489,1
0.41915231943130493,1
0.4625037908554077,1
0.4623022675514221,1
0.39668744802474976,1
0.32398760318756104,1
0.31926947832107544,1
0.3892715871334076,1
0.45579206943511963,1
0.41872507333755493,1
0.3039919435977936,1
0.4903736114501953,1
0.4169086813926697,1
0.38119566440582275,1
0.44644612073898315,1
0.42134761810302734,1
0.38286030292510986,1
0.3542501628398895,1
0.38917145133018494,1
0.4246256351470947,1
0.44253337383270264,1
0.5832729935646057,1
0.30214959383010864,1
0.5189814567565918,1
0.5440065860748291,1
0.32014787197113037,1
0.3286226987838745,1
0.4274979829788208,1
0.397616982460022,1
0.40787526965141296,1
0.4607808291912079,1
0.3191675841808319,1
0.43093886971473694,1
0.34100446105003357,1
0.48820018768310547,1
0.5268080830574036,1
0.36819988489151,1
0.34867653250694275,1
0.3760841488838196,1
0.5263001322746277,1
0.456124871969223,1
0.34640178084373474,1
0.4525454640388489,1
0.5050832033157349,1
0.39907747507095337,1
0.37540489435195923,1
0.37823835015296936,1
0.41647088527679443,1
0.39927321672439575,1
0.44175004959106445,1
0.45994067192077637,1
0.554642915725708,1
0.3117474615573883,1
0.39603736996650696,1
0.4134017527103424,1
0.37612292170524597,1
0.41854000091552734,1
0.3653002381324768,1
0.46022334694862366,1
0.3741360604763031,1
0.3793408274650574,1
0.4217647612094879,1
0.3892066776752472,1
0.3516339361667633,1
0.3324100375175476,1
0.4356938600540161,1
0.3236294686794281,1
0.3491824269294739,1
0.3079303503036499,1
0.45012763142585754,1
0.3299645185470581,1
0.24137668311595917,1
0.41536641120910645,1
0.4081151783466339,1
0.3652667999267578,1
0.3083791136741638,1
0.3520624041557312,1
0.30758988857269287,1
0.38056790828704834,1
0.27970385551452637,1
0.41171562671661377,1
0.42995327711105347,1
0.4341164827346802,1
0.35926979780197144,1
0.4524942636489868,1
0.32302019000053406,1
0.3943204879760742,1
0.42356160283088684,1
0.4227450489997864,1
0.4603300094604492,1
0.3899410367012024,1
0.37527209520339966,1
0.37093016505241394,1
0.26064425706863403,1
0.3388376832008362,1
0.3460906744003296,1
0.4364987015724182,1
0.4332263767719269,1
0.4044956564903259,1
0.3640507161617279,1
0.6415508389472961,1
0.48178815841674805,1
0.3458445370197296,1
0.40186774730682373,1
0.34521549940109253,1
0.3609091341495514,1
0.45911622047424316,1
0.4188108742237091,1
0.36426037549972534,1
0.43979620933532715,1
0.4708353877067566,1
0.411891907453537,1
0.3326264023780823,1
0.35475802421569824,1
0.3538872301578522,1
0.3479263484477997,1
0.4147946238517761,1
0.35620608925819397,1
0.38453128933906555,1
0.37411773204803467,1
0.3998480439186096,1
0.3695259690284729,1
0.5576603412628174,1
0.4480228126049042,1
0.39114809036254883,1
0.34146636724472046,1
0.30372220277786255,1
0.3620779514312744,1
0.4087317883968353,1
0.38712382316589355,1
0.4058822989463806,1
0.4933958649635315,1
0.33897480368614197,1
0.35138383507728577,1
0.2569231390953064,1
0.4785671830177307,1
0.36755838990211487,1
0.38022446632385254,1
0.3871721625328064,1
0.39364713430404663,1
0.39266735315322876,1
0.4924934208393097,1
0.3309134244918823,1
0.32595086097717285,1
0.5069053769111633,1
0.353670597076416,1
0.4469732642173767,1
0.40089723467826843,1
0.3672161102294922,1
0.3577531576156616,1
0.49018314480781555,1
0.4719812870025635,1
0.33346986770629883,1
0.4221726357936859,1
0.4218575954437256,1
0.4088650047779083,1
0.45244330167770386,1
0.46995002031326294,1
0.36543774604797363,1
0.5661086440086365,1
0.2850292921066284,1
0.39391252398490906,1
0.45472684502601624,1
0.3659447431564331,1
0.31876295804977417,1
0.5107718706130981,1
0.3960275650024414,1
0.4024738371372223,1
0.4456000328063965,1
0.488072007894516,1
0.3700491189956665,1
0.34512656927108765,1
0.3112102448940277,1
0.3739401400089264,1
0.3768537938594818,1
0.4552499055862427,1
0.3982457220554352,1
0.44471001625061035,1
0.46355780959129333,1
0.4801972508430481,1
0.39966729283332825,1
0.3768605589866638,1
0.3064820468425751,1
0.4230024814605713,1
0.37391912937164307,1
0.4453235864639282,1
0.3569672703742981,1
0.4682437777519226,1
0.2908022701740265,1
0.5023629665374756,1
0.3361901342868805,1
0.3702056407928467,1
0.4884375035762787,1
0.26946067810058594,1
0.457484632730484,1
0.3616604804992676,1
0.41433224081993103,1
0.3540249168872833,1
0.41670602560043335,1
0.40888381004333496,1
0.4789443016052246,1
0.4468005895614624,1
0.45960572361946106,1
0.5416752696037292,1
0.36468982696533203,1
0.419567346572876,1
0.41876596212387085,1
0.3092295825481415,1
0.28397056460380554,1
0.3910972476005554,1
0.5562110543251038,1
0.39741379022598267,1
0.4730631411075592,1
0.4123923182487488,1
0.4255683422088623,1
0.3699710965156555,1
0.45575106143951416,1
0.35727208852767944,1
0.43294644355773926,1
0.3879077434539795,1
0.3073158264160156,1
0.38664746284484863,1
0.3779437243938446,1
0.34385842084884644,1
0.4130677282810211,1
0.31354010105133057,1
0.5236431360244751,1
0.3433205485343933,1
0.3950446844100952,1
0.43248820304870605,1
0.40214478969573975,1
0.4309192895889282,1
0.3200150728225708,1
0.3881731629371643,1
0.41226547956466675,1
0.36553481221199036,1
0.3731135129928589,1
0.29704076051712036,1
0.46334177255630493,1
0.3763590455055237,1
0.42717444896698,1
0.4183853268623352,1
0.31675881147384644,1
0.4289799928665161,1
0.48638105392456055,1
0.43660640716552734,1
0.3455016016960144,1
0.4735848307609558,1
0.3221589922904968,1
0.42807960510253906,1
0.49176985025405884,1
0.41536450386047363,1
0.35175997018814087,1
0.31356489658355713,1
0.3707197308540344,1
0.4186711609363556,1
0.4786539077758789,1
0.3744262158870697,1
0.414705365896225,1
0.4792942702770233,1
0.41033509373664856,1
0.33925384283065796,1
0.5323145985603333,1
0.4327438473701477,1
0.34326937794685364,1
0.3329375088214874,1
0.3594253659248352,1
0.4393920302391052,1
0.4186829924583435,1
0.5444236397743225,1
0.35167109966278076,1
0.3436278998851776,1
0.5726721286773682,1
0.38503363728523254,1
0.5194038152694702,1
0.37932831048965454,1
0.3747274577617645,1
0.4165429472923279,1
0.38984936475753784,1
0.40149104595184326,1
0.39915961027145386,1
0.3621909022331238,1
0.37311267852783203,1
0.41827845573425293,1
0.366954505443573,1
0.3381993770599365,1
0.5385457277297974,1
0.42354485392570496,1
0.4431350827217102,1
0.44351446628570557,1
0.36117100715637207,1
0.4973289966583252,1
0.4546254873275757,1
0.44847536087036133,1
0.38702091574668884,1
0.3862555921077728,1
0.43564850091934204,1
0.5332473516464233,1
0.5272825360298157,1
0.4181738793849945,1
0.3614763617515564,1
0.4880674183368683,1
0.4005972743034363,1
0.33469000458717346,1
0.334494948387146,1
0.347176730632782,1
0.40652602910995483,1
0.3356682062149048,1
0.46353471279144287,1
0.42499276995658875,1
0.28901153802871704,1
0.41926541924476624,1
0.3993775248527527,1
0.4513048827648163,1
0.4752569794654846,1
0.4073850214481354,1
0.4173318147659302,1
0.4190288186073303,1
0.4588773548603058,1
0.4859538972377777,1
0.40892377495765686,1
0.4351411461830139,1
0.2874699831008911,1
0.4219570457935333,1
0.4362729787826538,1
0.4009527564048767,1
0.4056178629398346,1
0.37999993562698364,1
0.30393147468566895,1
0.43099135160446167,1
0.2866525650024414,1
0.34987422823905945,1
0.36088845133781433,1
0.5374680757522583,1
0.47189468145370483,1
0.30971089005470276,1
0.4601278305053711,1
0.4579656720161438,1
0.3735538125038147,1
0.3575708866119385,1
0.40514811873435974,1
0.4457310438156128,1
0.4252687096595764,1
0.38796260952949524,1
0.2943156063556671,1
0.47358930110931396,1
0.35779666900634766,1
0.32967329025268555,1
0.44974058866500854,1
0.44338375329971313,1
0.4036497175693512,1
0.3348962068557739,1
0.42698657512664795,1
0.35636866092681885,1
0.3986303508281708,1
0.35638517141342163,1
0.4721565246582031,1
0.3777979612350464,1
0.47353261709213257,1
0.4052959084510803,1
0.45350202918052673,1
0.3542967736721039,1
0.37431150674819946,1
0.5115021467208862,1
0.3301525115966797,1
0.3646606504917145,1
0.3265611529350281,1
0.3689712882041931,1
0.36158978939056396,1
0.28499239683151245,1
0.46048182249069214,1
0.37480372190475464,1
0.3943811357021332,1
0.4385397732257843,1
0.3540194034576416,1
0.5061473250389099,1
0.38295575976371765,1
0.253449410200119,1
0.3186667263507843,1
0.309245765209198,1
0.28743791580200195,1
0.5561692714691162,1
0.4473566710948944,1
0.37290728092193604,1
0.41746413707733154,1
0.3363129198551178,1
0.378747820854187,1
0.4213505685329437,1
0.39476993680000305,1
0.5320478677749634,1
0.47248974442481995,1
0.3375032842159271,1
0.4891449809074402,1
0.3991375267505646,1
0.40366217494010925,1
0.4065017104148865,1
0.27641886472702026,1
0.3405998945236206,1
0.4016079008579254,1
0.4498489797115326,1
0.46109074354171753,1
0.45983779430389404,1
0.471297949552536,1
0.5532966256141663,1
0.4294191598892212,1
0.5127658843994141,1
0.37225326895713806,1
0.31051507592201233,1
0.5578351020812988,1
0.30137521028518677,1
0.33600112795829773,1
0.426383376121521,1
0.316447913646698,1
0.45603933930397034,1
0.3588465750217438,1
0.40224283933639526,1
0.3278772830963135,1
0.4232567548751831,1
0.4202139377593994,1
0.3926493227481842,1
0.4697560667991638,1
0.4152105450630188,1
0.47144660353660583,1
0.4945783019065857,1
0.4006660580635071,1
0.44057297706604004,1
0.32742395997047424,1
0.4327172338962555,1
0.4078475534915924,1
0.3929402232170105,1
0.40698978304862976,1
0.3765002489089966,1
0.38157039880752563,1
0.4073377251625061,1
0.44649791717529297,1
0.45553770661354065,1
0.33496159315109253,1
0.34502115845680237,1
0.4330406188964844,1
0.4114813804626465,1
0.36605334281921387,1
0.45283782482147217,1
0.3645082712173462,1
0.34106943011283875,1
0.36513471603393555,1
0.502011775970459,1
0.40624868869781494,1
0.4254497289657593,1
0.4836168885231018,1
0.40641820430755615,1
0.3570132851600647,1
0.2824677526950836,1
0.42740607261657715,1
0.44707924127578735,1
0.3316984474658966,1
0.3355344831943512,1
0.2398039698600769,1
0.379129558801651,1
0.30455857515335083,1
0.4426000416278839,1
0.30591028928756714,1
0.3812820017337799,1
0.5356842875480652,1
0.3530537784099579,1
0.5168132781982422,1
0.3477266728878021,1
0.2506030201911926,1
0.2902998924255371,1
0.35960692167282104,1
0.3688705563545227,1
0.29242825508117676,1
0.35236722230911255,1
0.41265812516212463,1
0.34275463223457336,1
0.5748610496520996,1
0.3557448387145996,1
0.40176457166671753,1
0.42412441968917847,1
0.3402341306209564,1
0.3153589963912964,1
0.5025262832641602,1
0.353832870721817,1
0.4144755005836487,1
0.3295091986656189,1
0.3734489977359772,1
0.42851775884628296,1
0.34539541602134705,1
0.4063723683357239,1
0.3919857144355774,1
0.3192686140537262,1
0.31183919310569763,1
0.33178791403770447,1
0.4010255038738251,1
0.4152926504611969,1
0.40309643745422363,1
0.403300940990448,1
0.3034467399120331,1
0.4526363015174866,1
0.45596086978912354,1
0.41525232791900635,1
0.40068796277046204,1
0.30017268657684326,1
0.39120325446128845,1
0.34704533219337463,1
0.4744222164154053,1
0.5023479461669922,1
0.353915274143219,1
0.5309045910835266,1
0.27518343925476074,1
0.4136408567428589,1
0.4102556109428406,1
0.43222397565841675,1
0.4002349078655243,1
0.5474895238876343,1
0.448323130607605,1
0.38148990273475647,1
0.43446749448776245,1
0.4742785692214966,1
0.32506024837493896,1
0.366379976272583,1
0.41930103302001953,1
0.47447529435157776,1
0.40861284732818604,1
0.4766974449157715,1
0.3288971185684204,1
0.31608152389526367,1
0.477901816368103,1
0.3830369710922241,1
0.2827988564968109,1
0.2988177537918091,1
0.36476272344589233,1
0.41034597158432007,1
0.36975520849227905,1
0.31082141399383545,1
0.34623903036117554,1
0.4235762059688568,1
0.31340470910072327,1
0.3666566014289856,1
0.35583311319351196,1
0.41926389932632446,1
0.39625969529151917,1
0.39329928159713745,1
0.41612347960472107,1
0.32554125785827637,1
0.38655129075050354,1
0.3232046961784363,1
0.4966775178909302,1
0.33489465713500977,1
0.4988468885421753,1
0.4595324993133545,1
0.3355066776275635,1
0.4082726836204529,1
0.44372302293777466,1
0.3693053126335144,1
0.3209684193134308,1
0.371700257062912,1
0.3139728009700775,1
0.424761027097702,1
0.3948783874511719,1
0.40661388635635376,1
0.4108572006225586,1
0.30972403287887573,1
0.39308154582977295,1
0.38538527488708496,1
0.474251925945282,1
0.4709714949131012,1
0.3402051627635956,1
0.47671210765838623,1
0.4398782253265381,1
0.2871820330619812,1
0.49662697315216064,1
0.3477696478366852,1
0.4346234202384949,1
0.37222039699554443,1
0.43265435099601746,1
0.3509882688522339,1
0.47771143913269043,1
0.297071248292923,1
0.2484591007232666,1
0.393740177154541,1
0.33584505319595337,1
0.4442645311355591,1
0.36003735661506653,1
0.31361111998558044,1
0.3772558569908142,1
0.3514600396156311,1
0.33894047141075134,1
0.39470207691192627,1
0.3521435260772705,1
0.38499417901039124,1
0.5140538215637207,1
0.41979044675827026,1
0.4590491056442261,1
0.24594321846961975,1
0.2733539640903473,1
0.4664198160171509,1
0.2892672121524811,1
0.6288957595825195,1
0.3615063726902008,1
0.46631404757499695,1
0.332357257604599,1
0.4637417793273926,1
0.3367568850517273,1
0.5522266626358032,1
0.5347585678100586,1
0.3410770893096924,1
0.300411581993103,1
0.34605151414871216,1
0.3689982295036316,1
0.3583054542541504,1
0.5563713312149048,1
0.38314753770828247,1
0.36631396412849426,1
0.4593038260936737,1
0.3906727433204651,1
0.29472815990448,1
0.49641188979148865,1
0.38462701439857483,1
0.3551250398159027,1
0.4069053828716278,1
0.35734444856643677,1
0.5323734879493713,1
0.36954474449157715,1
0.4960784316062927,1
0.3405715525150299,1
0.4118773639202118,1
0.38862574100494385,1
0.4740040600299835,1
0.4952397644519806,1
0.3574061989784241,1
0.43634316325187683,1
0.3021305799484253,1
0.44769343733787537,1
0.46257221698760986,1
0.5080061554908752,1
0.4069819748401642,1
0.34626418352127075,1
0.43739694356918335,1
0.39491814374923706,1
0.3600684404373169,1
0.5270828604698181,1
0.36612287163734436,1
0.40880757570266724,1
0.36264777183532715,1
0.35711729526519775,1
0.38577377796173096,1
0.43212974071502686,1
0.4038864076137543,1
0.3910490870475769,1
0.3757838308811188,1
0.33616912364959717,1
0.47828516364097595,1
0.3497534990310669,1
0.40364181995391846,1
0.3633471429347992,1
0.41221073269844055,1
0.432049036026001,1
0.3250362277030945,1
0.34966009855270386,1
0.4146241545677185,1
0.31383174657821655,1
0.40775078535079956,1
0.37056708335876465,1
0.39502567052841187,1
0.45279839634895325,1
0.31753233075141907,1
0.3899645507335663,1
0.3547426760196686,1
0.4423989951610565,1
0.41232311725616455,1
0.3194652497768402,1
0.3760440945625305,1
0.4313485622406006,1
0.3978077173233032,1
0.37182894349098206,1
0.29196393489837646,1
0.308277428150177,1
0.3790806233882904,1
0.4140830636024475,1
0.38161700963974,1
0.3890337646007538,1
0.4267390966415405,1
0.3444383442401886,1
0.36668771505355835,1
0.43802890181541443,1
0.4044639766216278,1
0.39285093545913696,1
0.42444491386413574,1
0.35065290331840515,1
0.46016252040863037,1
0.4029112458229065,1
0.4101027548313141,1
0.3520173132419586,1
0.48400062322616577,1
0.3744718134403229,1
0.3649545907974243,1
0.4393015503883362,1
0.2670736014842987,1
0.4427820146083832,1
0.29734644293785095,1
0.3798980414867401,1
0.45476746559143066,1
0.2822522521018982,1
0.4277777671813965,1
0.459865927696228,1
0.3921862244606018,1
0.339264452457428,1
0.3234955072402954,1
0.3653959631919861,1
0.4061768054962158,1
0.3891047537326813,1
0.5247882604598999,1
0.42968273162841797,1
0.3730016052722931,1
0.294464111328125,1
0.455766499042511,1
0.4377065598964691,1
0.3190360963344574,1
0.4026704430580139,1
0.5040034651756287,1
0.3287149965763092,1
0.3805486261844635,1
0.4169745445251465,1
0.4060664772987366,1
0.3299609422683716,1
0.33634036779403687,1
0.40078020095825195,1
0.41903507709503174,1
0.37155240774154663,1
0.41015923023223877,1
0.36944591999053955,1
0.462967187166214,1
0.36081793904304504,1
0.41522860527038574,1
0.3210785388946533,1
0.5309740304946899,1
0.3536657691001892,1
0.38132813572883606,1
0.29350024461746216,1
0.37062203884124756,1
0.46799999475479126,1
0.4992679953575134,1
0.41565632820129395,1
0.5193969011306763,1
0.4512396454811096,1
0.4039919376373291,1
0.39871931076049805,1
0.36838868260383606,1
0.42125123739242554,1
0.41763412952423096,1
0.4335739016532898,1
0.4153760075569153,1
0.3140038251876831,1
0.45758503675460815,1
0.40071842074394226,1
0.42257770895957947,1
0.31052178144454956,1
0.3613695502281189,1
0.3622501492500305,1
0.4357609748840332,1
0.4311913251876831,1
0.4939694404602051,1
0.46514829993247986,1
0.46159684658050537,1
0.3050244450569153,1
0.38595664501190186,1
0.4684300720691681,1
0.5056961178779602,1
0.4084189534187317,1
0.484144002199173,1
0.37735092639923096,1
0.3763734698295593,1
0.3393384516239166,1
0.3158104419708252,1
0.4175833463668823,1
0.4348759055137634,1
0.3076881766319275,1
0.46659013628959656,1
0.44092321395874023,1
0.442800909280777,1
0.41610217094421387,1
0.4205317497253418,1
0.38994789123535156,1
0.3919127583503723,1
0.29429715871810913,1
0.4466070532798767,1
0.4604562819004059,1
0.40977901220321655,1
0.35895031690597534,1
0.42364397644996643,1
0.38713139295578003,1
0.4533942937850952,1
0.3423132598400116,1
0.5401993989944458,1
0.3708850145339966,1
0.41470402479171753,1
0.46522483229637146,1
0.5060936212539673,1
0.39920079708099365,1
0.3095848560333252,1
0.38528162240982056,1
0.33445513248443604,1
0.365387499332428,1
0.3836081624031067,1
0.468472957611084,1
0.3481500744819641,1
0.47763046622276306,1
0.3468165099620819,1
0.4859424829483032,1
0.3555876612663269,1
0.3090580701828003,1
0.3752708435058594,1
0.4555589258670807,1
0.4443242847919464,1
0.38414326310157776,1
0.32347655296325684,1
0.49958178400993347,1
0.5162178874015808,1
0.3965297043323517,1
0.5919886827468872,1
0.42025941610336304,1
0.4696768820285797,1
0.5048089623451233,1
0.39513668417930603,1
0.3281126916408539,1
0.5121251344680786,1
0.301548570394516,1
0.337561696767807,1
0.321849524974823,1
0.3345280587673187,1
0.3021281063556671,1
0.3124821186065674,1
0.4124966263771057,1
0.47214198112487793,1
0.3538072407245636,1
0.3021595776081085,1
0.40079542994499207,1
0.4250708818435669,1
0.37503179907798767,1
0.44655176997184753,1
0.3694673776626587,1
0.4161642789840698,1
0.4173814654350281,1
0.4234817922115326,1
0.3450756072998047,1
0.36001256108283997,1
0.3112313747406006,1
0.46923208236694336,1
0.35380661487579346,1
0.5205903649330139,1
0.49544262886047363,1
0.3244401514530182,1
0.3219078779220581,1
0.4036025106906891,1
0.43356838822364807,1
0.4662719964981079,1
0.36943989992141724,1
0.3000577688217163,1
0.4047914147377014,1
0.33497560024261475,1
0.35468369722366333,1
0.5199203491210938,1
0.4753878712654114,1
0.3197990655899048,1
0.5422669649124146,1
0.42238521575927734,1
0.40680360794067383,1
0.30539003014564514,1
0.4016989767551422,1
0.3394598960876465,1
0.3653378486633301,1
0.4363378584384918,1
0.42022934556007385,1
0.37962251901626587,1
0.337371289730072,1
0.3685804009437561,1
0.4312109351158142,1
0.4641795754432678,1
0.40063270926475525,1
0.4137558937072754,1
0.4358699917793274,1
0.33846282958984375,1
0.43583059310913086,1
0.375083863735199,1
0.40380334854125977,1
0.3310610055923462,1
0.32933753728866577,1
0.455996036529541,1
0.44875794649124146,1
0.34474658966064453,1
0.39838165044784546,1
0.3466050624847412,1
0.4186556041240692,1
0.4530697464942932,1
0.380936861038208,1
0.4043671488761902,1
0.3063276410102844,1
0.2852464020252228,1
0.2661370635032654,1
0.41307929158210754,1
0.4716193377971649,1
0.44692206382751465,1
0.440556138753891,1
0.389794260263443,1
0.5017079710960388,1
0.35981595516204834,1
0.45454686880111694,1
0.5240259766578674,1
0.3900957703590393,1
0.4349554777145386,1
0.43861982226371765,1
0.33219295740127563,1
0.3970588743686676,1
0.4361456036567688,1
0.36243733763694763,1
0.4365431070327759,1
0.3209803104400635,1
0.4223724603652954,1
0.36306262016296387,1
0.413672536611557,1
0.3182300329208374,1
0.3388005197048187,1
0.42877501249313354,1
0.3357650935649872,1
0.33993077278137207,1
0.3703864514827728,1
0.413711816072464,1
0.4259639382362366,1
0.42603325843811035,1
0.3990059494972229,1
0.442604124546051,1
0.4061101973056793,1
0.38366663455963135,1
0.523287296295166,1
0.45775675773620605,1
0.46799251437187195,1
0.42574188113212585,1
0.4177669584751129,1
0.4397135376930237,1
0.328266978263855,1
0.3495251536369324,1
0.5473285913467407,1
0.5055254697799683,1
0.4336814284324646,1
0.4909815192222595,1
0.3725713789463043,1
0.4350949823856354,1
0.36845168471336365,1
0.37951791286468506,1
0.4051037132740021,1
0.3736245930194855,1
0.4648754894733429,1
0.3254508972167969,1
0.36734068393707275,1
0.3209567666053772,1
0.36230140924453735,1
0.48748284578323364,1
0.3531433939933777,1
0.3390975892543793,1
0.45013007521629333,1
0.39057281613349915,1
0.45408177375793457,1
0.5206999778747559,1
0.40050941705703735,1
0.3453274965286255,1
0.43751394748687744,1
0.3488553762435913,1
0.39863911271095276,1
0.39182937145233154,1
0.4629599153995514,1
0.3671913743019104,1
0.35731467604637146,1
0.4834364950656891,1
0.3519105911254883,1
0.43719783425331116,1
0.39607948064804077,1
0.293657124042511,1
0.36654600501060486,1
0.44888758659362793,1
0.4171033799648285,1
0.4709470272064209,1
0.40852832794189453,1
0.3067750930786133,1
0.4764968454837799,1
0.38450920581817627,1
0.26771023869514465,1
0.34228700399398804,1
0.3118455410003662,1
0.38159802556037903,1
0.2930779457092285,1
0.3505792021751404,1
0.27496767044067383,1
0.4298286736011505,1
0.40364256501197815,1
0.34654486179351807,1
0.4524945616722107,1
0.4897792637348175,1
0.4663187265396118,1
0.4808773100376129,1
0.3110543489456177,1
0.4235745668411255,1
0.4297240674495697,1
0.4502635598182678,1
0.3857853412628174,1
0.35494717955589294,1
0.3432847857475281,1
0.41250595450401306,1
0.39620399475097656,1
0.42655277252197266,1
0.41762733459472656,1
0.36568450927734375,1
0.4773885905742645,1
0.384308785200119,1
0.3640597462654114,1
0.4943813383579254,1
0.3773050606250763,1
0.28431451320648193,1
0.3809526562690735,1
0.4670812487602234,1
0.3714304566383362,1
0.42465782165527344,1
0.43211930990219116,1
0.32129615545272827,1
0.431783527135849,1
0.3264259994029999,1
0.3631945550441742,1
0.3902290165424347,1
0.3921319246292114,1
0.3574146032333374,1
0.3787614703178406,1
0.32227104902267456,1
0.29363495111465454,1
0.379743754863739,1
0.46465831995010376,1
0.3851107954978943,1
0.4044533967971802,1
0.3453353941440582,1
0.3864392340183258,1
0.4625985622406006,1
0.48823338747024536,1
0.33787018060684204,1
0.36018627882003784,1
0.4303424060344696,1
0.44339102506637573,1
0.5200205445289612,1
0.39961376786231995,1
0.38751083612442017,1
0.39814493060112,1
0.38741689920425415,1
0.4528929889202118,1
0.3215571641921997,1
0.4424298405647278,1
0.6546581387519836,1
0.4667765498161316,1
0.38091444969177246,1
0.4537792205810547,1
0.4508848488330841,1
0.46323704719543457,1
0.33698832988739014,1
0.5191864967346191,1
0.5285292863845825,1
0.48811325430870056,1
0.3498525619506836,1
0.4547231197357178,1
0.44492456316947937,1
0.3957493007183075,1
0.41065067052841187,1
0.42568618059158325,1
0.3951032757759094,1
0.40172356367111206,1
0.40687307715415955,1
0.26288706064224243,1
0.43822890520095825,1
0.2938634753227234,1
0.41393113136291504,1
0.34122297167778015,1
0.31598997116088867,1
0.3303723931312561,1
0.3217412531375885,1
0.4050462245941162,1
0.4043341875076294,1
0.4394514560699463,1
0.43875375390052795,1
0.39004263281822205,1
0.3769693672657013,1
0.3704336881637573,1
0.3439980447292328,1
0.36955326795578003,1
0.4798300266265869,1
0.264268159866333,1
0.48429036140441895,1
0.3648885488510132,1
0.43510308861732483,1
0.3865031898021698,1
0.41274571418762207,1
0.39818042516708374,1
0.39545518159866333,1
0.3369509279727936,1
0.3860000967979431,1
0.5460725426673889,1
0.2578503489494324,1
0.30702847242355347,1
0.3687155842781067,1
0.4806196391582489,1
0.543762743473053,1
0.43572795391082764,1
0.4543437361717224,1
0.3936794698238373,1
0.4775654673576355,1
0.4604453444480896,1
0.43676263093948364,1
0.4278959631919861,1
0.5105804204940796,1
0.4371486008167267,1
0.3660629987716675,1
0.3834366202354431,1
0.38400718569755554,1
0.35475531220436096,1
0.40060490369796753,1
0.4375753104686737,1
0.41525405645370483,1
0.281618595123291,1
0.4678117036819458,1
0.4602745771408081,1
0.36322101950645447,1
0.444185733795166,1
0.39562541246414185,1
0.45790615677833557,1
0.38163208961486816,1
0.34354671835899353,1
0.36738836765289307,1
0.3671133518218994,1
0.5142701268196106,1
0.5628150105476379,1
0.41245001554489136,1
0.416340708732605,1
0.4133475720882416,1
0.4448226988315582,1
0.4124746322631836,1
0.364443302154541,1
0.5020885467529297,1
0.37577715516090393,1
0.370897114276886,1
0.34209710359573364,1
0.4022102653980255,1
0.3855167627334595,1
0.4346694350242615,1
0.42525002360343933,1
0.327390193939209,1
0.4269329607486725,1
0.48260948061943054,1
0.42350900173187256,1
0.4017631709575653,1
0.49718615412712097,1
0.3436209261417389,1
0.4403778910636902,1
0.31872764229774475,1
0.4004253149032593,1
0.4504222869873047,1
0.4202579855918884,1
0.38784223794937134,1
0.35826098918914795,1
0.5218451619148254,1
0.3465762734413147,1
0.3127356469631195,1
0.41342124342918396,1
0.228898286819458,1
0.38157233595848083,1
0.3568795919418335,1
0.4071522355079651,1
0.3019474446773529,1
0.41397741436958313,1
0.37840351462364197,1
0.4726678133010864,1
0.31817755103111267,1
0.396983802318573,1
0.37687134742736816,1
0.2790891230106354,1
0.330646276473999,1
0.38599029183387756,1
0.39455747604370117,1
0.3632420301437378,1
0.3492122292518616,1
0.363655149936676,1
0.4778887629508972,1
0.4457293748855591,1
0.388191282749176,1
0.42088907957077026,1
0.3342147767543793,1
0.40227118134498596,1
0.532390296459198,1
0.30159640312194824,1
0.41739603877067566,1
0.4185762405395508,1
0.3223537802696228,1
0.3457971215248108,1
0.2773437798023224,1
0.36302614212036133,1
0.42997828125953674,1
0.4655890464782715,1
0.4460146725177765,1
0.3468833565711975,1
0.366637647151947,1
0.4587309658527374,1
0.37946802377700806,1
0.4259311854839325,1
0.36712926626205444,1
0.46893373131752014,1
0.3683217465877533,1
0.4121517539024353,1
0.3348691761493683,1
0.4300422966480255,1
0.4514308273792267,1
0.5029731392860413,1
0.4981054961681366,1
0.4069412350654602,1
0.34715017676353455,1
0.371149480342865,1
0.4276888370513916,1
0.435853511095047,1
0.3483514189720154,1
0.5589678883552551,1
0.5117380619049072,1
0.39097630977630615,1
0.28141194581985474,1
0.37314844131469727,1
0.40645402669906616,1
0.3608499765396118,1
0.37828201055526733,1
0.40566393733024597,1
0.382507860660553,1
0.47930824756622314,1
0.3690446615219116,1
0.4010390043258667,1
0.42193925380706787,1
0.33852988481521606,1
0.37895891070365906,1
0.5494911670684814,1
0.37123680114746094,1
0.32397449016571045,1
0.4300754964351654,1
0.5400195121765137,1
0.39844414591789246,1
0.40404415130615234,1
0.3931397795677185,1
0.4291270077228546,1
0.4569755494594574,1
0.44024479389190674,1
0.4484638273715973,1
0.2955779433250427,1
0.3832198977470398,1
0.363569974899292,1
0.4678710699081421,1
0.5113718509674072,1
0.4647665321826935,1
0.42986589670181274,1
0.42935389280319214,1
0.3863612115383148,1
0.3756723403930664,1
0.33960893750190735,1
0.4586443305015564,1
0.40011462569236755,1
0.3243646025657654,1
0.33158090710639954,1
0.4931851923465729,1
0.3775447905063629,1
0.4461878538131714,1
0.353251576423645,1
0.27798107266426086,1
0.33499354124069214,1
0.3628804683685303,1
0.4586508870124817,1
0.4757557511329651,1
0.3616766035556793,1
0.424548476934433,1
0.4130416214466095,1
0.4388861656188965,1
0.36377328634262085,1
0.35715198516845703,1
0.3844836354255676,1
0.3808632493019104,1
0.28737178444862366,1
0.4244310259819031,1
0.42371854186058044,1
0.3382198214530945,1
0.2996370196342468,1
0.3579139709472656,1
0.39979827404022217,1
0.3676835894584656,1
0.45723724365234375,1
0.3272523581981659,1
0.5127837657928467,1
0.4173765778541565,1
0.3868793845176697,1
0.3003537654876709,1
0.3414760231971741,1
0.4410737156867981,1
0.41922473907470703,1
0.3566249907016754,1
0.40552544593811035,1
0.33961543440818787,1
0.4139825701713562,1
0.39558082818984985,1
0.374295711517334,1
0.41762232780456543,1
0.4202866554260254,1
0.4418577253818512,1
0.3885354697704315,1
0.4586816728115082,1
0.5133872032165527,1
0.4074355363845825,1
0.46601971983909607,1
0.366538405418396,1
0.3348771035671234,1
0.4433089792728424,1
0.28536301851272583,1
0.35172390937805176,1
0.4200924038887024,1
0.3804273009300232,1
0.3923287093639374,1
0.5185970067977905,1
0.36369091272354126,1
0.3690456449985504,1
0.43244633078575134,1
0.4297775328159332,1
0.3993324935436249,1
0.48700135946273804,1
0.36019280552864075,1
0.3325515389442444,1
0.27939507365226746,1
0.46537989377975464,1
0.351389080286026,1
0.29298684000968933,1
0.3730410039424896,1
0.44233548641204834,1
0.4153212904930115,1
0.46020418405532837,1
0.38470858335494995,1
0.3647075891494751,1
0.5021841526031494,1
0.4271555542945862,1
0.2868211567401886,1
0.3478580713272095,1
0.3865140676498413,1
0.41939452290534973,1
0.48986685276031494,1
0.4373895823955536,1
0.42908191680908203,1
0.35576343536376953,1
0.31759652495384216,1
0.3070511221885681,1
0.5029725432395935,1
0.5664400458335876,1
0.35798463225364685,1
0.4086456298828125,1
0.35677897930145264,1
0.306027352809906,1
0.39607107639312744,1
0.42155957221984863,1
0.39657971262931824,1
0.3507547378540039,1
0.46575507521629333,1
0.4006628394126892,1
0.40812820196151733,1
0.2726486623287201,1
0.34838414192199707,1
0.3788776993751526,1
0.3712449371814728,1
0.3640824556350708,1
0.3002988398075104,1
0.3847734034061432,1
0.3058515787124634,1
0.4080551862716675,1
0.38940274715423584,1
0.3798195719718933,1
0.39274245500564575,1
0.40221357345581055,1
0.3390869200229645,1
0.4446147680282593,1
0.32537510991096497,1
0.3943162262439728,1
0.313092976808548,1
0.36911842226982117,1
0.325290322303772,1
0.4103543758392334,1
0.36258333921432495,1
0.36191505193710327,1
0.38570135831832886,1
0.4719168543815613,1
0.3182253837585449,1
0.42575007677078247,1
0.322123646736145,1
0.3841506838798523,1
0.6112064123153687,1
0.3765324056148529,1
0.33717331290245056,1
0.3881954252719879,1
0.3722355365753174,1
0.35985589027404785,1
0.37687909603118896,1
0.4075704514980316,1
0.32527676224708557,1
0.5067629814147949,1
0.42083823680877686,1
0.4280155599117279,1
0.44448840618133545,1
0.3891986608505249,1
0.4895259737968445,1
0.4214368462562561,1
0.3374162018299103,1
0.46106991171836853,1
0.3551177382469177,1
0.34186822175979614,1
0.2988321781158447,1
0.48377037048339844,1
0.3963147699832916,1
0.35443753004074097,1
0.3602480888366699,1
0.3705046772956848,1
0.2878168821334839,1
0.36977502703666687,1
0.3669438362121582,1
0.3815768361091614,1
0.4064144492149353,1
0.3852689266204834,1
0.34092992544174194,1
0.42415133118629456,1
0.446649968624115,1
0.34993600845336914,1
0.38515156507492065,1
0.4073866605758667,1
0.4230002760887146,1
0.2741459608078003,1
0.27937060594558716,1
0.44087255001068115,1
0.4268835783004761,1
0.35675543546676636,1
0.44691455364227295,1
0.5219032764434814,1
0.43754416704177856,1
0.4495149850845337,1
0.2876072824001312,1
0.45116180181503296,1
0.3976585268974304,1
0.4539238214492798,1
0.4245644807815552,1
0.3749113976955414,1
0.3652069568634033,1
0.3597738742828369,1
0.34377381205558777,1
0.42748531699180603,1
0.5502429604530334,1
0.3644903302192688,1
0.33946579694747925,1
0.3540138602256775,1
0.40390312671661377,1
0.4346712529659271,1
0.31077897548675537,1
0.308898001909256,1
0.4149942398071289,1
0.40556085109710693,1
0.4642835855484009,1
0.40535783767700195,1
0.287544846534729,1
0.3847368061542511,1
0.5510818362236023,1
0.3474167287349701,1
0.4506112337112427,1
0.42026108503341675,1
0.4203026592731476,1
0.4136897325515747,1
0.4702923893928528,1
0.41393139958381653,1
0.4350285530090332,1
0.41646862030029297,1
0.4079943299293518,1
0.503309965133667,1
0.428850382566452,1
0.38078486919403076,1
0.40334102511405945,1
0.35017675161361694,1
0.3918699622154236,1
0.3990243375301361,1
0.3253787159919739,1
0.3035668730735779,1
0.40563488006591797,1
0.37946617603302,1
0.3951958417892456,1
0.4568105936050415,1
0.3411672115325928,1
0.44541865587234497,1
0.35457855463027954,1
0.4638441205024719,1
0.45491474866867065,1
0.4254528880119324,1
0.41298311948776245,1
0.34171760082244873,1
0.46211087703704834,1
0.3822905421257019,1
0.43481242656707764,1
0.3081120252609253,1
0.34002435207366943,1
0.34934157133102417,1
0.34342265129089355,1
0.4187595844268799,1
0.4309294819831848,1
0.3747565448284149,1
0.352518767118454,1
0.384882390499115,1
0.4378899931907654,1
0.37788698077201843,1
0.34561705589294434,1
0.4470248818397522,1
0.46057188510894775,1
0.48494547605514526,1
0.43701499700546265,1
0.3831060826778412,1
0.3633500933647156,1
0.31687620282173157,1
0.3209587335586548,1
0.3033600449562073,1
0.4508291482925415,1
0.39360857009887695,1
0.35848528146743774,1
0.41900432109832764,1
0.36980974674224854,1
0.41981247067451477,1
0.4262048602104187,1
0.44708406925201416,1
0.5292493104934692,1
0.47733694314956665,1
0.3978395164012909,1
0.34489119052886963,1
0.4830596446990967,1
0.3372373878955841,1
0.38604339957237244,1
0.4332714378833771,1
0.37523382902145386,1
0.3362220227718353,1
0.3270833492279053,1
0.48976415395736694,1
0.30043089389801025,1
0.4689124822616577,1
0.42094647884368896,1
0.35318446159362793,1
0.3956071138381958,1
0.33890414237976074,1
0.4229711890220642,1
0.3615421652793884,1
0.34959954023361206,1
0.4127461314201355,1
0.4721263647079468,1
0.40242671966552734,1
0.38295698165893555,1
0.3800627887248993,1
0.41512051224708557,1
0.35078659653663635,1
0.41690003871917725,1
0.3852785527706146,1
0.41197943687438965,1
0.3440936803817749,1
0.5078754425048828,1
0.39725279808044434,1
0.32131391763687134,1
0.36416172981262207,1
0.4103008806705475,1
0.3398965895175934,1
0.2862958312034607,1
0.3660365641117096,1
0.36057594418525696,1
0.4572848379611969,1
0.33013010025024414,1
0.4056514501571655,1
0.38666433095932007,1
0.37926435470581055,1
0.44541504979133606,1
0.37066906690597534,1
0.3964631259441376,1
0.43726012110710144,1
0.4496802091598511,1
0.34245920181274414,1
0.38871467113494873,1
0.48676925897598267,1
0.3549724519252777,1
0.4383653402328491,1
0.2750094532966614,1
0.3597003221511841,1
0.5336956977844238,1
0.6414780020713806,1
0.4096355438232422,1
0.34754669666290283,1
0.36434489488601685,1
0.3126990795135498,1
0.24197575449943542,1
0.419964075088501,1
0.36800259351730347,1
0.4474717676639557,1
0.47526484727859497,1
0.46797457337379456,1
0.4435812532901764,1
0.38202738761901855,1
0.335324227809906,1
0.4372568130493164,1
0.4332160949707031,1
0.30960074067115784,1
0.43793410062789917,1
0.37749093770980835,1
0.3456088900566101,1
0.3925849199295044,1
0.36209818720817566,1
0.39725637435913086,1
0.3452466130256653,1
0.37247931957244873,1
0.3907209634780884,1
0.4161863327026367,1
0.44473037123680115,1
0.318520188331604,1
0.4152938723564148,1
0.3357236683368683,1
0.4698743224143982,1
0.29699742794036865,1
0.3023943603038788,1
0.35371777415275574,1
0.4214977025985718,1
0.3906457722187042,1
0.43198931217193604,1
0.4028922915458679,1
0.49025556445121765,1
0.3415730893611908,1
0.3392072319984436,1
0.35782769322395325,1
0.4162856936454773,1
0.28192490339279175,1
0.42438969016075134,1
0.395748496055603,1
0.5957146883010864,1
0.4100252091884613,1
0.3539155423641205,1
0.36503228545188904,1
0.3039356768131256,1
0.29505059123039246,1
0.37894564867019653,1
0.3964720070362091,1
0.2951911985874176,1
0.36025893688201904,1
0.44553840160369873,1
0.31303441524505615,1
0.4001174569129944,1
0.45385605096817017,1
0.3551713824272156,1
0.3390490710735321,1
0.41252726316452026,1
0.3534148335456848,1
0.29018962383270264,1
0.3630995750427246,1
0.3646477460861206,1
0.37880268692970276,1
0.28846991062164307,1
0.391189843416214,1
0.3417300283908844,1
0.5063892602920532,1
0.3397197425365448,1
0.30697131156921387,1
0.293698251247406,1
0.44925400614738464,1
0.5641002655029297,1
0.4639621078968048,1
0.4521031975746155,1
0.3803350329399109,1
0.40421831607818604,1
0.38581401109695435,1
0.4201381206512451,1
0.3574681878089905,1
0.3764617443084717,1
0.29172781109809875,1
0.21355792880058289,1
0.5063062906265259,1
0.37622982263565063,1
0.49180376529693604,1
0.3513179421424866,1
0.322630375623703,1
0.3902119994163513,1
0.4095423221588135,1
0.4161889851093292,1
0.40671080350875854,1
0.24245759844779968,1
0.44823500514030457,1
0.4227699041366577,1
0.44585496187210083,1
0.38475167751312256,1
0.3315155506134033,1
0.373168408870697,1
0.6837222576141357,1
0.4608790874481201,1
0.34202221035957336,1
0.3971347212791443,1
0.41089609265327454,1
0.3720231354236603,1
0.44690003991127014,1
0.4298727810382843,1
0.3807307183742523,1
0.46407920122146606,1
0.33999770879745483,1
0.3577989637851715,1
0.3004918694496155,1
0.3754582405090332,1
0.47633904218673706,1
0.4234187602996826,1
0.39175301790237427,1
0.27977311611175537,1
0.2953796088695526,1
0.4222280979156494,1
0.32700663805007935,1
0.36905279755592346,1
0.4328904449939728,1
0.37067869305610657,1
0.4439237415790558,1
0.3679984509944916,1
0.39445027709007263,1
0.40907689929008484,1
0.5019925832748413,1
0.41124385595321655,1
0.572792649269104,1
0.34446054697036743,1
0.49480143189430237,1
0.460002601146698,1
0.44878923892974854,1
0.34918534755706787,1
0.47085556387901306,1
0.3586895763874054,1
0.4775967001914978,1
0.41735368967056274,1
0.506645917892456,1
0.386368989944458,1
0.4278770089149475,1
0.34007903933525085,1
0.4281647801399231,1
0.33324673771858215,1
0.4532375931739807,1
0.36574602127075195,1
0.3665386438369751,1
0.42802441120147705,1
0.3727881908416748,1
0.47135859727859497,1
0.3825637698173523,1
0.396808922290802,1
0.5116415023803711,1
0.3606082797050476,1
0.48279067873954773,1
0.32955724000930786,1
0.29974716901779175,1
0.44334864616394043,1
0.6046836972236633,1
0.3378310203552246,1
0.4681609272956848,1
0.39718568325042725,1
0.711176335811615,1
0.38920214772224426,1
0.280498743057251,1
0.4837115406990051,1
0.3353608250617981,1
0.36146417260169983,1
0.385105699300766,1
0.4227169156074524,1
0.28566282987594604,1
0.4074898064136505,1
0.31164705753326416,1
0.3177853524684906,1
0.36998361349105835,1
0.3775298297405243,1
0.31831949949264526,1
0.4356195330619812,1
0.5649781227111816,1
0.42626073956489563,1
0.4732867479324341,1
0.39960578083992004,1
0.4080479145050049,1
0.32067441940307617,1
0.42462968826293945,1
0.3824235796928406,1
0.3784264922142029,1
0.34427180886268616,1
0.35255149006843567,1
0.4474964439868927,1
0.4167395830154419,1
0.35312333703041077,1
0.38783493638038635,1
0.2803683280944824,1
0.4509117901325226,1
0.38437190651893616,1
0.5009723901748657,1
0.40185850858688354,1
0.436842679977417,1
0.46837669610977173,1
0.48276230692863464,1
0.31167280673980713,1
0.4244139790534973,1
0.3954993486404419,1
0.4105690121650696,1
0.4490073621273041,1
0.3581257164478302,1
0.47279930114746094,1
0.37572017312049866,1
0.3929063081741333,1
0.2950155735015869,1
0.5113549828529358,1
0.45074957609176636,1
0.3809196949005127,1
0.360440731048584,1
0.34624841809272766,1
0.45936912298202515,1
0.414941668510437,1
0.5081652402877808,1
0.5268318057060242,1
0.37079736590385437,1
0.4087892472743988,1
0.5204669833183289,1
0.33251169323921204,1
0.4104674458503723,1
0.34954601526260376,1
0.4340256452560425,1
0.402183473110199,1
0.35464030504226685,1
0.4463629722595215,1
0.37602245807647705,1
0.35113972425460815,1
0.43088895082473755,1
0.39986759424209595,1
0.35313594341278076,1
0.35075637698173523,1
0.3247109353542328,1
0.3725060522556305,1
0.39366722106933594,1
0.3998275399208069,1
0.3184526264667511,1
0.527160108089447,1
0.4028477072715759,1
0.3526211082935333,1
0.4101566672325134,1
0.4165971279144287,1
0.4000786244869232,1
0.4562210440635681,1
0.4013861119747162,1
0.33552441000938416,1
0.3948545455932617,1
0.3816976547241211,1
0.39652419090270996,1
0.33597296476364136,1
0.32327592372894287,1
0.3470645546913147,1
0.5128082036972046,1
0.3611990809440613,1
0.40418651700019836,1
0.41447943449020386,1
0.452607661485672,1
0.3178505301475525,1
0.4155527651309967,1
0.36235156655311584,1
0.36285099387168884,1
0.30350396037101746,1
0.36860892176628113,1
0.3894922733306885,1
0.41310179233551025,1
0.4851098656654358,1
0.35940590500831604,1
0.4440212845802307,1
0.4285276532173157,1
0.4495078921318054,1
0.39234283566474915,1
0.3989913761615753,1
0.36201047897338867,1
0.3695715665817261,1
0.3110460042953491,1
0.4439004957675934,1
0.44193145632743835,1
0.5040203332901001,1
0.4266957640647888,1
0.4461246430873871,1
0.3749786615371704,1
0.44796639680862427,1
0.4112377166748047,1
0.4315994083881378,1
0.2947753965854645,1
0.4901951849460602,1
0.3154580891132355,1
0.3661808967590332,1
0.2968509793281555,1
0.5133135914802551,1
0.4461277723312378,1
0.34117206931114197,1
0.3968259394168854,1
0.4510069787502289,1
0.4612436890602112,1
0.4521164298057556,1
0.43489179015159607,1
0.5317692756652832,1
0.3650667071342468,1
0.3204520046710968,1
0.3989796042442322,1
0.36061322689056396,1
0.5167391896247864,1
0.3700730800628662,1
0.3591514825820923,1
0.4470529556274414,1
0.41173213720321655,1
0.3622744083404541,1
0.39771726727485657,1
0.4932958781719208,1
0.3654695153236389,1
0.34239107370376587,1
0.41948312520980835,1
0.394703209400177,1
0.3459041118621826,1
0.3725719153881073,1
0.40768900513648987,1
0.3418499827384949,1
0.46006664633750916,1
0.36408334970474243,1
0.440662682056427,1
0.3305995464324951,1
0.3494349718093872,1
0.2981220483779907,1
0.46834391355514526,1
0.35580769181251526,1
0.4256930947303772,1
0.3386843204498291,1
0.41421663761138916,1
0.40975022315979004,1
0.35207733511924744,1
0.4806092381477356,1
0.4171167016029358,1
0.43489599227905273,1
0.39632707834243774,1
0.3436340093612671,1
0.3463878929615021,1
0.4170135259628296,1
0.4151380956172943,1
0.3947197198867798,1
0.40668854117393494,1
0.32455164194107056,1
0.33696892857551575,1
0.39414215087890625,1
0.34894704818725586,1
0.5223327875137329,1
0.41573789715766907,1
0.43940868973731995,1
0.42776238918304443,1
0.402454674243927,1
0.3490525186061859,1
0.4195016920566559,1
0.4302268624305725,1
0.377034455537796,1
0.5180040001869202,1
0.5423035025596619,1
0.3472664952278137,1
0.32662901282310486,1
0.4972071051597595,1
0.4406331777572632,1
0.4830056428909302,1
0.31438857316970825,1
0.3944118320941925,1
0.3801794648170471,1
0.38176703453063965,1
0.36583685874938965,1
0.4807637929916382,1
0.40490883588790894,1
0.33453062176704407,1
0.3364238142967224,1
0.4323153495788574,1
0.37770822644233704,1
0.3608422577381134,1
0.3757881820201874,1
0.33957892656326294,1
0.3379485011100769,1
0.476569265127182,1
0.4316626787185669,1
0.36917048692703247,1
0.32628190517425537,1
0.3140498697757721,1
0.43984970450401306,1
0.49503999948501587,1
0.41168975830078125,1
0.4180513918399811,1
0.41412293910980225,1
0.4236711859703064,1
0.3127211630344391,1
0.39946436882019043,1
0.510829746723175,1
0.3708423674106598,1
0.3835420310497284,1
0.320724755525589,1
0.5461463928222656,1
0.46566951274871826,1
0.4185310900211334,1
0.37327805161476135,1
0.448032021522522,1
0.47947216033935547,1
0.4111238718032837,1
0.27136164903640747,1
0.3731863498687744,1
0.389194130897522,1
0.47135141491889954,1
0.3898683786392212,1
0.34378179907798767,1
0.341795414686203,1
0.36163467168807983,1
0.34099096059799194,1
0.46058958768844604,1
0.46526628732681274,1
0.4952583611011505,1
0.4323347508907318,1
0.4831537902355194,1
0.36310070753097534,1
0.3318595290184021,1
0.3931959569454193,1
0.33240509033203125,1
0.28406718373298645,1
0.4055669903755188,1
0.35651886463165283,1
0.320980966091156,1
0.3760776221752167,1
0.3919607698917389,1
0.4636607766151428,1
0.36915525794029236,1
0.3650910556316376,1
0.48110002279281616,1
0.33371827006340027,1
0.5212534666061401,1
0.5254676342010498,1
0.3764120638370514,1
0.346571147441864,1
0.2911722660064697,1
0.5556110739707947,1
0.3630296587944031,1
0.4180893003940582,1
0.35509854555130005,1
0.39930447936058044,1
0.3423725664615631,1
0.38758111000061035,1
0.35521066188812256,1
0.48766958713531494,1
0.3343348503112793,1
0.4091019034385681,1
0.4254876375198364,1
0.32485294342041016,1
0.4083816707134247,1
0.5523169636726379,1
0.41720885038375854,1
0.40119749307632446,1
0.3926401138305664,1
0.34003883600234985,1
0.4173227548599243,1
0.34508320689201355,1
0.33947238326072693,1
0.5055409669876099,1
0.3893060088157654,1
0.3084554672241211,1
0.432282418012619,1
0.3313395082950592,1
0.3815951347351074,1
0.3289039134979248,1
0.4551132917404175,1
0.4307593107223511,1
0.3672003746032715,1
0.36510127782821655,1
0.3402875065803528,1
0.4541095197200775,1
0.34699198603630066,1
0.5113598108291626,1
0.40855541825294495,1
0.4705987572669983,1
0.3173030614852905,1
0.3971822261810303,1
0.48197802901268005,1
0.40755507349967957,1
0.3992777168750763,1
0.3111417889595032,1
0.3705558776855469,1
0.5253086686134338,1
0.4051620662212372,1
0.32645344734191895,1
0.4396972954273224,1
0.38840654492378235,1
0.3275187611579895,1
0.38924741744995117,1
0.41875746846199036,1
0.38251978158950806,1
0.43529951572418213,1
0.30158698558807373,1
0.3331950306892395,1
0.3993367552757263,1
0.3878917694091797,1
0.40840470790863037,1
0.2810204327106476,1
0.33978527784347534,1
0.40116846561431885,1
0.38557976484298706,1
0.437825083732605,1
0.3961709439754486,1
0.41231900453567505,1
0.41126662492752075,1
0.43333935737609863,1
0.35872265696525574,1
0.35602903366088867,1
0.4633639454841614,1
0.3935666084289551,1
0.4608517289161682,1
0.527808666229248,1
0.32876965403556824,1
0.31955504417419434,1
0.29512494802474976,1
0.27225154638290405,1
0.3885575532913208,1
0.47869205474853516,1
0.3293322026729584,1
0.35614222288131714,1
0.39928776025772095,1
0.3726382851600647,1
0.3740246295928955,1
0.42615729570388794,1
0.4096553921699524,1
0.4325692057609558,1
0.2857644557952881,1
0.4672626554965973,1
0.4890417158603668,1
0.4547188878059387,1
0.42176586389541626,1
0.3248365819454193,1
0.28969496488571167,1
0.2929611802101135,1
0.538567304611206,1
0.44056329131126404,1
0.444852352142334,1
0.31905022263526917,1
0.3522467315196991,1
0.4476030170917511,1
0.3794932961463928,1
0.3266911208629608,1
0.3102019429206848,1
0.29276832938194275,1
0.44086402654647827,1
0.37850362062454224,1
0.3967776298522949,1
0.26358097791671753,1
0.3361192047595978,1
0.42380207777023315,1
0.2960588037967682,1
0.33556920289993286,1
0.4483061730861664,1
0.40205880999565125,1
0.32549017667770386,1
0.3628094792366028,1
0.3410934805870056,1
0.376513808965683,1
0.3746076822280884,1
0.33718740940093994,1
0.5067657828330994,1
0.4267549216747284,1
0.4011406898498535,1
0.42305418848991394,1
0.43506357073783875,1
0.36656105518341064,1
0.36084455251693726,1
0.2849605679512024,1
0.3365428149700165,1
0.3953199088573456,1
0.287782222032547,1
0.34974390268325806,1
0.41202452778816223,1
0.39744287729263306,1
0.3714725971221924,1
0.5752426385879517,1
0.3326316475868225,1
0.3591674864292145,1
0.40270116925239563,1
0.326154887676239,1
0.2434384524822235,1
0.3690924346446991,1
0.34195488691329956,1
0.2173132598400116,1
0.4813520610332489,1
0.3925195634365082,1
0.4080047607421875,1
0.43029892444610596,1
0.42980140447616577,1
0.34444373846054077,1
0.2309924215078354,1
0.427029550075531,1
0.33612683415412903,1
0.3645331859588623,1
0.5132054090499878,1
0.33675339818000793,1
0.4275425672531128,1
0.35756123065948486,1
0.33272719383239746,1
0.4086901545524597,1
0.41589775681495667,1
0.314905047416687,1
0.32253390550613403,1
0.41900715231895447,1
0.45587921142578125,1
0.33057427406311035,1
0.5521268248558044,1
0.4568985104560852,1
0.30490654706954956,1
0.3743036985397339,1
0.3434283137321472,1
0.44122055172920227,1
0.3023526966571808,1
0.3334846794605255,1
0.333046555519104,1
0.3733040392398834,1
0.3180418610572815,1
0.3672170042991638,1
0.3636414706707001,1
0.43959471583366394,1
0.46974602341651917,1
0.4171193242073059,1
0.48545965552330017,1
0.4358217716217041,1
0.3721960783004761,1
0.4236679971218109,1
0.5046383738517761,1
0.4412989914417267,1
0.4316827952861786,1
0.3744403123855591,1
0.3919485807418823,1
0.4235743284225464,1
0.412208616733551,1
0.3904605507850647,1
0.39281943440437317,1
0.3761405944824219,1
0.547624945640564,1
0.4794342517852783,1
0.34990158677101135,1
0.3413292169570923,1
0.4451754093170166,1
0.2760804295539856,1
0.37947243452072144,1
0.34725117683410645,1
0.29617342352867126,1
0.40805837512016296,1
0.3561047315597534,1
0.32875460386276245,1
0.38841065764427185,1
0.3806169927120209,1
0.453494131565094,1
0.346617192029953,1
0.39027154445648193,1
0.45119988918304443,1
0.37301862239837646,1
0.39493170380592346,1
0.3766138553619385,1
0.48552006483078003,1
0.34426552057266235,1
0.46830692887306213,1
