0.5317156314849854,1
0.5275979042053223,1
0.551642119884491,1
0.5575127601623535,1
0.5266885161399841,1
0.5528663396835327,1
0.5447519421577454,1
0.5492624044418335,1
0.5319389700889587,1
0.5010201930999756,1
0.5158170461654663,1
0.5077548027038574,1
0.5751418471336365,1
0.5059266090393066,1
0.5163995027542114,1
0.5023725032806396,1
0.504122257232666,1
0.5616755485534668,1
0.5688866376876831,1
0.5164341926574707,1
0.5829117298126221,1
0.5891488790512085,1
0.48128366470336914,1
0.5683478713035583,1
0.5606803894042969,1
0.5233181118965149,1
0.5161425471305847,1
0.5421390533447266,1
0.5868823528289795,1
0.5254604816436768,1
0.5346357822418213,1
0.5249783992767334,1
0.5511782169342041,1
0.497740775346756,1
0.5439069271087646,1
0.5358545780181885,1
0.5343910455703735,1
0.48291340470314026,1
0.5315670967102051,1
0.5386990904808044,1
0.5439267158508301,1
0.5430833101272583,1
0.587883710861206,1
0.5210509896278381,1
0.5526283979415894,1
0.5598983764648438,1
0.5841941237449646,1
0.5507082343101501,1
0.5702260732650757,1
0.5159889459609985,1
0.5325198769569397,1
0.5630221962928772,1
0.5132852792739868,1
0.5238991975784302,1
0.5493875741958618,1
0.5212118029594421,1
0.5813055038452148,1
0.5158146619796753,1
0.5516390800476074,1
0.5482074022293091,1
0.508618175983429,1
0.5749746561050415,1
0.5684090256690979,1
0.5388354659080505,1
0.5556343793869019,1
0.5394287109375,1
0.5552053451538086,1
0.4848262071609497,1
0.5413711667060852,1
0.5311107635498047,1
0.518298864364624,1
0.5631487369537354,1
0.5592223405838013,1
0.5356960296630859,1
0.5588735342025757,1
0.5325692892074585,1
0.5218111872673035,1
0.5128642320632935,1
0.5594521760940552,1
0.5256221294403076,1
0.5532362461090088,1
0.5023847818374634,1
0.47374987602233887,1
0.510837197303772,1
0.5276757478713989,1
0.5288273096084595,1
0.5591108798980713,1
0.5505441427230835,1
0.557151198387146,1
0.5560711622238159,1
0.562144935131073,1
0.5545315146446228,1
0.5661205053329468,1
0.5136011838912964,1
0.5478918552398682,1
0.5380346775054932,1
0.5484858155250549,1
0.4832570552825928,1
0.5412251949310303,1
0.5009148120880127,1
0.5792219638824463,1
0.49417710304260254,1
0.5315166711807251,1
0.47868460416793823,1
0.5067166686058044,1
0.5556223392486572,1
0.5715467929840088,1
0.5264073610305786,1
0.5435262322425842,1
0.5454882383346558,1
0.5410946607589722,1
0.5313735008239746,1
0.5291495323181152,1
0.5801554322242737,1
0.5204762816429138,1
0.5658158659934998,1
0.5115466117858887,1
0.5441807508468628,1
0.5475778579711914,1
0.4815189242362976,1
0.5563805103302002,1
0.5370731949806213,1
0.5535979270935059,1
0.5603650212287903,1
0.5247454047203064,1
0.5623756051063538,1
0.5641945600509644,1
0.5158910751342773,1
0.5526639223098755,1
0.5122165679931641,1
0.5586193799972534,1
0.5016319751739502,1
0.5312861204147339,1
0.5479730367660522,1
0.5260937213897705,1
0.5300611853599548,1
0.5183637142181396,1
0.5638590455055237,1
0.5873508453369141,1
0.5789468288421631,1
0.5374500155448914,1
0.5222915410995483,1
0.5141398906707764,1
0.5668479800224304,1
0.5414005517959595,1
0.6065179705619812,1
0.5039452314376831,1
0.5428208112716675,1
0.5397884845733643,1
0.5297742486000061,1
0.515095055103302,1
0.5432499647140503,1
0.528683066368103,1
0.5616779327392578,1
0.5070964097976685,1
0.5316247344017029,1
0.546082615852356,1
0.5438343286514282,1
0.5507824420928955,1
0.5185142755508423,1
0.5547118782997131,1
0.5512140989303589,1
0.49742448329925537,1
0.5854573249816895,1
0.5555716753005981,1
0.6090198755264282,1
0.5260859727859497,1
0.5990759134292603,1
0.5226988792419434,1
0.5972424745559692,1
0.5292855501174927,1
0.5258493423461914,1
0.5138530135154724,1
0.5040838122367859,1
0.5754562616348267,1
0.5731337070465088,1
0.5608470439910889,1
0.5329680442810059,1
0.5662258863449097,1
0.5280002951622009,1
0.5501053929328918,1
0.5846154689788818,1
0.5372827053070068,1
0.5238668918609619,1
0.5787364840507507,1
0.5150579214096069,1
0.5747225880622864,1
0.601530134677887,1
0.5534766912460327,1
0.5144423246383667,1
0.5169179439544678,1
0.5519149899482727,1
0.5445994138717651,1
0.5197417736053467,1
0.5808933973312378,1
0.5776388049125671,1
0.5278795957565308,1
0.5071878433227539,1
0.5636081099510193,1
0.5419411659240723,1
0.4984343349933624,1
0.5377098321914673,1
0.538497805595398,1
0.5243762731552124,1
0.5366590619087219,1
0.5140578150749207,1
0.5154870748519897,1
0.5330286026000977,1
0.49551787972450256,1
0.5738335251808167,1
0.5655118227005005,1
0.538313627243042,1
0.5445327758789063,1
0.5824966430664063,1
0.5459097623825073,1
0.5269029140472412,1
0.5387383103370667,1
0.5449469685554504,1
0.5719530582427979,1
0.5380433797836304,1
0.5226156115531921,1
0.5364755988121033,1
0.5417966842651367,1
0.5781739950180054,1
0.5450252294540405,1
0.5530329346656799,1
0.5402843952178955,1
0.5459353923797607,1
0.5413250923156738,1
0.5636646747589111,1
0.5531314611434937,1
0.5303541421890259,1
0.48807770013809204,1
0.510888397693634,1
0.574369490146637,1
0.5475194454193115,1
0.6010409593582153,1
0.5111632347106934,1
0.5120837688446045,1
0.49066054821014404,1
0.5416282415390015,1
0.5342546701431274,1
0.5776714086532593,1
0.5169803500175476,1
0.526429295539856,1
0.5309141874313354,1
0.531597375869751,1
0.5511493682861328,1
0.5590273141860962,1
0.5683099031448364,1
0.535440981388092,1
0.5851587057113647,1
0.5476393699645996,1
0.5348193049430847,1
0.5180935263633728,1
0.5330988764762878,1
0.5349453687667847,1
0.5503193140029907,1
0.5150550603866577,1
0.5295721292495728,1
0.5205751061439514,1
0.5655524134635925,1
0.5463386178016663,1
0.5587000846862793,1
0.5687769055366516,1
0.5266729593276978,1
0.5287867784500122,1
0.5534771680831909,1
0.5694019198417664,1
0.5494309067726135,1
0.5490888953208923,1
0.5322214961051941,1
0.5476553440093994,1
0.5650241374969482,1
0.5541033744812012,1
0.6216391324996948,1
0.6187463998794556,1
0.5356553792953491,1
0.5015076398849487,1
0.5388868451118469,1
0.5422728657722473,1
0.529533863067627,1
0.5598864555358887,1
0.5089308619499207,1
0.6179245710372925,1
0.5289233922958374,1
0.5129680633544922,1
0.5333198308944702,1
0.5290927886962891,1
0.5313161611557007,1
0.4897838234901428,1
0.5156241655349731,1
0.5564655065536499,1
0.5584386587142944,1
0.53095543384552,1
0.545682430267334,1
0.5487034320831299,1
0.5208678245544434,1
0.539177656173706,1
0.5465309619903564,1
0.5612483024597168,1
0.5067688226699829,1
0.5423882007598877,1
0.5387494564056396,1
0.5170259475708008,1
0.5037989616394043,1
0.5439184904098511,1
0.5393474102020264,1
0.5301157236099243,1
0.5560363531112671,1
0.606769323348999,1
0.5859559774398804,1
0.5038204193115234,1
0.5367047786712646,1
0.5136351585388184,1
0.5932374000549316,1
0.5040103197097778,1
0.530163049697876,1
0.537782609462738,1
0.4934861958026886,1
0.5523484945297241,1
0.5004367828369141,1
0.5358988642692566,1
0.4732770025730133,1
0.5362504720687866,1
0.536453127861023,1
0.515953540802002,1
0.5072116255760193,1
0.5438671112060547,1
0.5140489339828491,1
0.589306116104126,1
0.5425286293029785,1
0.5514224767684937,1
0.526144802570343,1
0.5350121259689331,1
0.5479024648666382,1
0.5401584506034851,1
0.4969882071018219,1
0.5347459316253662,1
0.5629240870475769,1
0.5243797898292542,1
0.5254378318786621,1
0.5274187326431274,1
0.5725398063659668,1
0.6067557334899902,1
0.5254793763160706,1
0.5596978664398193,1
0.5743453502655029,1
0.5233573317527771,1
0.5329407453536987,1
0.5166366100311279,1
0.5455516576766968,1
0.47845983505249023,1
0.5295710563659668,1
0.5123521089553833,1
0.5785227417945862,1
0.5518062710762024,1
0.500360369682312,1
0.5293819904327393,1
0.5500001907348633,1
0.5297110080718994,1
0.4866325855255127,1
0.5232515335083008,1
0.5542924404144287,1
0.5328771471977234,1
0.5386924743652344,1
0.5156798362731934,1
0.5149610042572021,1
0.536740779876709,1
0.5100662708282471,1
0.5533143281936646,1
0.5012086629867554,1
0.5042846202850342,1
0.48984915018081665,1
0.5165209770202637,1
0.5379437208175659,1
0.5464391708374023,1
0.5466173887252808,1
0.5456604957580566,1
0.5280308127403259,1
0.5166906118392944,1
0.5192883610725403,1
0.5073212385177612,1
0.5160589218139648,1
0.5469017028808594,1
0.5023212432861328,1
0.5032609105110168,1
0.5749638676643372,1
0.5120692253112793,1
0.5961208343505859,1
0.5793089866638184,1
0.5749267339706421,1
0.5337114334106445,1
0.5243107080459595,1
0.5565258860588074,1
0.5299904346466064,1
0.5082535147666931,1
0.4950317144393921,1
0.5404492616653442,1
0.5570052862167358,1
0.5078054070472717,1
0.5347978472709656,1
0.5515519976615906,1
0.5462014675140381,1
0.551655650138855,1
0.5264690518379211,1
0.5252985954284668,1
0.532879114151001,1
0.5528476238250732,1
0.5675426721572876,1
0.5294631719589233,1
0.5310299396514893,1
0.5200746059417725,1
0.5394924879074097,1
0.5302913188934326,1
0.5354885458946228,1
0.4963075816631317,1
0.5217128992080688,1
0.606658935546875,1
0.5597503185272217,1
0.5622310638427734,1
0.5312129259109497,1
0.5198089480400085,1
0.6135460734367371,1
0.557762086391449,1
0.5218470692634583,1
0.5681493878364563,1
0.5230490565299988,1
0.566325306892395,1
0.5059182047843933,1
0.5422295331954956,1
0.5464503169059753,1
0.5200957655906677,1
0.5310107469558716,1
0.5082399845123291,1
0.5819234848022461,1
0.5692054033279419,1
0.5177430510520935,1
0.5163084268569946,1
0.5303651094436646,1
0.5668599605560303,1
0.5538181662559509,1
0.5287283062934875,1
0.5218569040298462,1
0.5379769206047058,1
0.5395544767379761,1
0.5498844385147095,1
0.5299137234687805,1
0.5452448129653931,1
0.49758949875831604,1
0.548139214515686,1
0.5516415238380432,1
0.5781053900718689,1
0.5483652949333191,1
0.5680245161056519,1
0.5644518733024597,1
0.6122300624847412,1
0.5171030163764954,1
0.532473623752594,1
0.5457298755645752,1
0.47889822721481323,1
0.5384631156921387,1
0.5372234582901001,1
0.4983278810977936,1
0.5424379110336304,1
0.558161735534668,1
0.5415256023406982,1
0.5511155128479004,1
0.5134396553039551,1
0.5359843969345093,1
0.5868796110153198,1
0.5497055053710938,1
0.5106860399246216,1
0.567815899848938,1
0.5203325748443604,1
0.5356303453445435,1
0.47764039039611816,1
0.5343339443206787,1
0.5639224052429199,1
0.518514096736908,1
0.5635573267936707,1
0.5877242088317871,1
0.5177956819534302,1
0.5479251742362976,1
0.5510371923446655,1
0.5228559970855713,1
0.5437639951705933,1
0.5250397324562073,1
0.5828104615211487,1
0.5208475589752197,1
0.5118272304534912,1
0.5098991990089417,1
0.5190247893333435,1
0.5248181223869324,1
0.5445743203163147,1
0.5589525699615479,1
0.5716785192489624,1
0.5366299748420715,1
0.5264679193496704,1
0.5604408979415894,1
0.5798911452293396,1
0.5506891012191772,1
0.502284586429596,1
0.5272724628448486,1
0.5302602052688599,1
0.6009721755981445,1
0.604911208152771,1
0.5594785213470459,1
0.5515389442443848,1
0.555800199508667,1
0.5238890647888184,1
0.5752682089805603,1
0.558552622795105,1
0.5514130592346191,1
0.5344675779342651,1
0.5951615571975708,1
0.5119486451148987,1
0.5455727577209473,1
0.505671501159668,1
0.5217621326446533,1
0.5159580707550049,1
0.5380829572677612,1
0.4904976487159729,1
0.5944213271141052,1
0.5437624454498291,1
0.535550594329834,1
0.5433073043823242,1
0.5393304824829102,1
0.5636013746261597,1
0.5656958818435669,1
0.5199027061462402,1
0.5787689685821533,1
0.5565211772918701,1
0.5346908569335938,1
0.5361380577087402,1
0.5776156783103943,1
0.5492122769355774,1
0.5118544101715088,1
0.5419876575469971,1
0.5004882216453552,1
0.5409884452819824,1
0.4971484839916229,1
0.5153709053993225,1
0.5188705921173096,1
0.5480594038963318,1
0.5648123025894165,1
0.5581684112548828,1
0.484737366437912,1
0.5489482879638672,1
0.5836731791496277,1
0.5568971633911133,1
0.5420745015144348,1
0.5487465858459473,1
0.5541804432868958,1
0.5380539894104004,1
0.5263200998306274,1
0.4785463809967041,1
0.4879218339920044,1
0.5459463596343994,1
0.5220024585723877,1
0.5142438411712646,1
0.5871704816818237,1
0.5044236779212952,1
0.5575512647628784,1
0.5216719508171082,1
0.5261794328689575,1
0.5371176600456238,1
0.5397036075592041,1
0.48992112278938293,1
0.5377323627471924,1
0.5467591285705566,1
0.550055980682373,1
0.4814301133155823,1
0.5124054551124573,1
0.5878688097000122,1
0.5584450364112854,1
0.5393785238265991,1
0.5732499957084656,1
0.5739523768424988,1
0.5055330991744995,1
0.5453345775604248,1
0.5180677175521851,1
0.49138981103897095,1
0.5076098442077637,1
0.5119838714599609,1
0.5452001094818115,1
0.597587525844574,1
0.5264962315559387,1
0.49041950702667236,1
0.6219573616981506,1
0.5572655200958252,1
0.556053638458252,1
0.5014587640762329,1
0.5002056360244751,1
0.518337070941925,1
0.5696729421615601,1
0.49468713998794556,1
0.5619106292724609,1
0.5266975164413452,1
0.5161563158035278,1
0.5180510878562927,1
0.5194117426872253,1
0.5146448612213135,1
0.5205981731414795,1
0.5488836765289307,1
0.5202987194061279,1
0.5651984214782715,1
0.5472067594528198,1
0.5196963548660278,1
0.5338072776794434,1
0.5186025500297546,1
0.6021768450737,1
0.5830572247505188,1
0.5217105150222778,1
0.58756422996521,1
0.524079442024231,1
0.5205215215682983,1
0.49533963203430176,1
0.5203924775123596,1
0.4889794886112213,1
0.4971848428249359,1
0.5657965540885925,1
0.5425290465354919,1
0.5461044311523438,1
0.5021162033081055,1
0.5619189739227295,1
0.5480577945709229,1
0.5180486440658569,1
0.523850679397583,1
0.5403977632522583,1
0.5999452471733093,1
0.5144243836402893,1
0.5081664323806763,1
0.5380810499191284,1
0.4998376667499542,1
0.5392425060272217,1
0.5609257221221924,1
0.548153281211853,1
0.4962027966976166,1
0.5552588105201721,1
0.5333596467971802,1
0.5135692358016968,1
0.48844242095947266,1
0.5535414218902588,1
0.4735338091850281,1
0.5073559880256653,1
0.557908296585083,1
0.49114614725112915,1
0.5540897250175476,1
0.47766029834747314,1
0.5439928770065308,1
0.5429651737213135,1
0.542419970035553,1
0.5081120133399963,1
0.5376327037811279,1
0.5802160501480103,1
0.5897394418716431,1
0.5662388801574707,1
0.580122709274292,1
0.5210491418838501,1
0.48768097162246704,1
0.5204727649688721,1
0.5487028360366821,1
0.5080811977386475,1
0.5372403860092163,1
0.5438393950462341,1
0.5446869730949402,1
0.5662627220153809,1
0.4892996549606323,1
0.5604908466339111,1
0.5609784126281738,1
0.5601772665977478,1
0.5116400718688965,1
0.5932701826095581,1
0.5133630037307739,1
0.5472438931465149,1
0.531428337097168,1
0.5387019515037537,1
0.5479081869125366,1
0.5490059852600098,1
0.5371643304824829,1
0.4922938346862793,1
0.5757265090942383,1
0.5134220123291016,1
0.5222012996673584,1
0.5329341888427734,1
0.5432091951370239,1
0.5349667072296143,1
0.5151404142379761,1
0.5465270280838013,1
0.5001413822174072,1
0.550953209400177,1
0.5196549892425537,1
0.5644428730010986,1
0.5790513753890991,1
0.5070462226867676,1
0.5577583312988281,1
0.5608458518981934,1
0.5353745222091675,1
0.5473940372467041,1
0.5371085405349731,1
0.5250592231750488,1
0.5446838736534119,1
0.535552978515625,1
0.5030927062034607,1
0.5167788863182068,1
0.5071544051170349,1
0.5849223136901855,1
0.5088580846786499,1
0.5827931761741638,1
0.5438855886459351,1
0.4791301488876343,1
0.5139141082763672,1
0.5339984893798828,1
0.505704402923584,1
0.5239291191101074,1
0.498471200466156,1
0.5468087196350098,1
0.5647076368331909,1
0.5094395875930786,1
0.5716069936752319,1
0.5345763564109802,1
0.5432409048080444,1
0.50666344165802,1
0.5815904140472412,1
0.5652040243148804,1
0.5056253671646118,1
0.5339741706848145,1
0.5419195890426636,1
0.5479931831359863,1
0.5111171007156372,1
0.553164541721344,1
0.5209458470344543,1
0.549979567527771,1
0.5130603909492493,1
0.5074419975280762,1
0.5428769588470459,1
0.5284318923950195,1
0.5294308662414551,1
0.5758246779441833,1
0.5208823680877686,1
0.5601441860198975,1
0.5433676242828369,1
0.559773862361908,1
0.5644873380661011,1
0.5470494031906128,1
0.5527877807617188,1
0.5656033754348755,1
0.5721240043640137,1
0.5960298776626587,1
0.5323391556739807,1
0.5378831624984741,1
0.557456374168396,1
0.5612521767616272,1
0.5825060606002808,1
0.5886497497558594,1
0.5180442333221436,1
0.571190595626831,1
0.5384966135025024,1
0.534633994102478,1
0.49880051612854004,1
0.5450035333633423,1
0.5215691924095154,1
0.5065435171127319,1
0.5183229446411133,1
0.526492714881897,1
0.5203483700752258,1
0.5392712354660034,1
0.5163764953613281,1
0.5349191427230835,1
0.5605623722076416,1
0.5773730278015137,1
0.5024644136428833,1
0.5069935917854309,1
0.5854282975196838,1
0.542253851890564,1
0.509559154510498,1
0.5517398118972778,1
0.5015695095062256,1
0.533627450466156,1
0.5352035760879517,1
0.593243420124054,1
0.5195170640945435,1
0.5542424321174622,1
0.5694003701210022,1
0.5730424523353577,1
0.572534441947937,1
0.5741195678710938,1
0.5815050005912781,1
0.5417775511741638,1
0.5461101531982422,1
0.5245286822319031,1
0.507024884223938,1
0.5471247434616089,1
0.5658606290817261,1
0.5558679699897766,1
0.568915843963623,1
0.5281667709350586,1
0.4871279001235962,1
0.5580893754959106,1
0.5172894597053528,1
0.561077892780304,1
0.5378619432449341,1
0.5465134978294373,1
0.5219113230705261,1
0.494841992855072,1
0.5609561204910278,1
0.5506480932235718,1
0.5474247932434082,1
0.5322330594062805,1
0.5526354312896729,1
0.5750657320022583,1
0.5629557371139526,1
0.5443853139877319,1
0.5681341886520386,1
0.5892080068588257,1
0.5589912533760071,1
0.5731724500656128,1
0.5500636100769043,1
0.506240963935852,1
0.5595535039901733,1
0.5253092646598816,1
0.5407257080078125,1
0.5295223593711853,1
0.5516256093978882,1
0.5609187483787537,1
0.5477773547172546,1
0.5259069204330444,1
0.5776183605194092,1
0.5605621337890625,1
0.49427443742752075,1
0.518916130065918,1
0.5454153418540955,1
0.5289182662963867,1
0.5667583346366882,1
0.5202425718307495,1
0.5854724645614624,1
0.498931884765625,1
0.5371010303497314,1
0.532776951789856,1
0.5282683372497559,1
0.5262398719787598,1
0.5389350652694702,1
0.5797510743141174,1
0.5168602466583252,1
0.5636022090911865,1
0.5363873243331909,1
0.5897871255874634,1
0.5328828692436218,1
0.5333934426307678,1
0.5316848754882813,1
0.5459447503089905,1
0.5381603837013245,1
0.520850658416748,1
0.531343936920166,1
0.5781463980674744,1
0.5765549540519714,1
0.5266121029853821,1
0.4868165850639343,1
0.5031430721282959,1
0.5820960998535156,1
0.5634870529174805,1
0.5918235182762146,1
0.5365841388702393,1
0.5462446808815002,1
0.5447582006454468,1
0.5435453653335571,1
0.5084441900253296,1
0.608705461025238,1
0.536629319190979,1
0.5519627928733826,1
0.5623610019683838,1
0.49136441946029663,1
0.5213500261306763,1
0.6427319645881653,1
0.5403797626495361,1
0.48932141065597534,1
0.5228153467178345,1
0.5486171245574951,1
0.5331857204437256,1
0.5235123634338379,1
0.582949697971344,1
0.4442490339279175,1
0.5417465567588806,1
0.5858224034309387,1
0.5435742139816284,1
0.5466442704200745,1
0.5643700957298279,1
0.5053458213806152,1
0.5417622327804565,1
0.5519600510597229,1
0.5507152676582336,1
0.5245480537414551,1
0.5128984451293945,1
0.548094630241394,1
0.5247951149940491,1
0.5327684879302979,1
0.47417736053466797,1
0.5099525451660156,1
0.5671190619468689,1
0.5403187870979309,1
0.5330129861831665,1
0.5100569128990173,1
0.511988639831543,1
0.5322794914245605,1
0.6069793701171875,1
0.5039709210395813,1
0.5412576198577881,1
0.5657781958580017,1
0.5520673990249634,1
0.5630566477775574,1
0.5573918223381042,1
0.5150307416915894,1
0.5180217027664185,1
0.551859438419342,1
0.5709688663482666,1
0.5793323516845703,1
0.5427169799804688,1
0.5442856550216675,1
0.5912684202194214,1
0.4784252941608429,1
0.5677018761634827,1
0.5720780491828918,1
0.5593010187149048,1
0.5546499490737915,1
0.5682093501091003,1
0.5303120613098145,1
0.5725241899490356,1
0.5232817530632019,1
0.5241841077804565,1
0.5584399700164795,1
0.5111074447631836,1
0.6218193769454956,1
0.5187152624130249,1
0.5494205951690674,1
0.55616295337677,1
0.4898194968700409,1
0.5398735404014587,1
0.5669207572937012,1
0.5330951809883118,1
0.544354259967804,1
0.5828160643577576,1
0.5427740812301636,1
0.5932755470275879,1
0.5317692160606384,1
0.5188804864883423,1
0.5552800297737122,1
0.529400110244751,1
0.523198664188385,1
0.545910656452179,1
0.5325669646263123,1
0.5878079533576965,1
0.5591785311698914,1
0.5001398324966431,1
0.5832974910736084,1
0.57404625415802,1
0.5211300849914551,1
0.5207361578941345,1
0.5576764345169067,1
0.5450841784477234,1
0.5019235610961914,1
0.5342650413513184,1
0.5879623293876648,1
0.5281957387924194,1
0.5357095003128052,1
0.5334025025367737,1
0.6011371612548828,1
0.504679799079895,1
0.5512906312942505,1
0.47256290912628174,1
0.6086369752883911,1
0.4764966666698456,1
0.5586201548576355,1
0.5758649110794067,1
0.4974822998046875,1
0.5302358865737915,1
0.536995530128479,1
0.5420758128166199,1
0.5091899633407593,1
0.4914746880531311,1
0.5289455056190491,1
0.5604720115661621,1
0.5283313989639282,1
0.5369706153869629,1
0.54578697681427,1
0.48565012216567993,1
0.5809379816055298,1
0.5464281439781189,1
0.5328727960586548,1
0.5245753526687622,1
0.5367218852043152,1
0.5124989151954651,1
0.5126665234565735,1
0.5210515856742859,1
0.5185098052024841,1
0.5550236701965332,1
0.5166770219802856,1
0.5342700481414795,1
0.5608441829681396,1
0.5887952446937561,1
0.5237630009651184,1
0.5461726784706116,1
0.5317102670669556,1
0.5723445415496826,1
0.5575222969055176,1
0.5201566219329834,1
0.5345262289047241,1
0.545067548751831,1
0.5405277013778687,1
0.5616961717605591,1
0.5439090728759766,1
0.5458227396011353,1
0.5463850498199463,1
0.5876696109771729,1
0.5176866054534912,1
0.5885374546051025,1
0.5456503629684448,1
0.5343821048736572,1
0.5476142168045044,1
0.5202301740646362,1
0.5560030937194824,1
0.566453218460083,1
0.5829129815101624,1
0.5732166171073914,1
0.5446039438247681,1
0.5654451251029968,1
0.519554853439331,1
0.5315134525299072,1
0.5462217330932617,1
0.5418792366981506,1
0.5155782103538513,1
0.5489176511764526,1
0.5640474557876587,1
0.5731065273284912,1
0.5189114809036255,1
0.5483933687210083,1
0.5094988942146301,1
0.5447177886962891,1
0.5123195648193359,1
0.5496175289154053,1
0.5224641561508179,1
0.5513440370559692,1
0.5368211269378662,1
0.5402392148971558,1
0.5971488952636719,1
0.5568044185638428,1
0.5183365345001221,1
0.5531768798828125,1
0.6259874105453491,1
0.5762130618095398,1
0.5297355651855469,1
0.5634667873382568,1
0.5063885450363159,1
0.537243127822876,1
0.5187068581581116,1
0.559476912021637,1
0.554706871509552,1
0.5286056995391846,1
0.5237249135971069,1
0.49519169330596924,1
0.6100274324417114,1
0.5527771711349487,1
0.567925214767456,1
0.5658293962478638,1
0.5462490320205688,1
0.5073051452636719,1
0.5843672752380371,1
0.5089489221572876,1
0.5466865301132202,1
0.5224719047546387,1
0.49442368745803833,1
0.5347880125045776,1
0.532720148563385,1
0.5211915969848633,1
0.513723611831665,1
0.4698569178581238,1
0.5325961112976074,1
0.5848859548568726,1
0.5908793807029724,1
0.5244661569595337,1
0.533066987991333,1
0.5466838479042053,1
0.5431311130523682,1
0.5305591821670532,1
0.5017229318618774,1
0.5562076568603516,1
0.5071737766265869,1
0.5227702856063843,1
0.5067135095596313,1
0.5583727359771729,1
0.5205680131912231,1
0.5468730926513672,1
0.601082444190979,1
0.5171464681625366,1
0.5838255882263184,1
0.5219427347183228,1
0.5638369917869568,1
0.5425723195075989,1
0.5398343205451965,1
0.5390869379043579,1
0.5834147334098816,1
0.5545259118080139,1
0.5404840111732483,1
0.5285135507583618,1
0.5657765865325928,1
0.5516653060913086,1
0.45816951990127563,1
0.5347468852996826,1
0.582369327545166,1
0.5648272037506104,1
0.5274512767791748,1
0.5095257759094238,1
0.5843740105628967,1
0.558908224105835,1
0.5460855960845947,1
0.5253223776817322,1
0.5091647505760193,1
0.46372342109680176,1
0.5858230590820313,1
0.5876373648643494,1
0.4893326163291931,1
0.5627495050430298,1
0.5452582836151123,1
0.5144355297088623,1
0.5936790704727173,1
0.5203126668930054,1
0.5671826601028442,1
0.5141898989677429,1
0.5743616819381714,1
0.5555182099342346,1
0.5625928640365601,1
0.556708037853241,1
0.5413239598274231,1
0.5508593320846558,1
0.5051794648170471,1
0.5121031403541565,1
0.505243718624115,1
0.5464162826538086,1
0.5821318030357361,1
0.5994572639465332,1
0.5339736938476563,1
0.5437385439872742,1
0.5419124364852905,1
0.518680214881897,1
0.5407528281211853,1
0.5551310777664185,1
0.5237210988998413,1
0.5143536329269409,1
0.4962726831436157,1
0.5962379574775696,1
0.564225971698761,1
0.5358333587646484,1
0.5552569031715393,1
0.5049134492874146,1
0.543543815612793,1
0.5782145261764526,1
0.5173047780990601,1
0.5640469789505005,1
0.5543941259384155,1
0.543680727481842,1
0.5132514834403992,1
0.5631634593009949,1
0.5398122072219849,1
0.5215403437614441,1
0.534999668598175,1
0.5259348154067993,1
0.5018040537834167,1
0.5181595087051392,1
0.566527247428894,1
0.5237681269645691,1
0.5975497961044312,1
0.5566307902336121,1
0.5401743650436401,1
0.5737367272377014,1
0.550342321395874,1
0.5225959420204163,1
0.5606939196586609,1
0.5310060381889343,1
0.5312839150428772,1
0.49740269780158997,1
0.5586613416671753,1
0.5129016041755676,1
0.5631611347198486,1
0.5375235080718994,1
0.5257940292358398,1
0.519577145576477,1
0.5414368510246277,1
0.5676442384719849,1
0.5528714656829834,1
0.5713770985603333,1
0.5963812470436096,1
0.5824975967407227,1
0.5488744974136353,1
0.566027820110321,1
0.5738450288772583,1
0.5550607442855835,1
0.5604524612426758,1
0.5618672370910645,1
0.48882636427879333,1
0.5126305818557739,1
0.583472490310669,1
0.5500792264938354,1
0.4971454441547394,1
0.547722578048706,1
0.48413288593292236,1
0.5600998401641846,1
0.5651690363883972,1
0.5295069217681885,1
0.49664419889450073,1
0.5246620178222656,1
0.574950635433197,1
0.5760722160339355,1
0.5835919976234436,1
0.5203582644462585,1
0.5592523813247681,1
0.5599332451820374,1
0.5284630060195923,1
0.5353177785873413,1
0.5055339932441711,1
0.5325650572776794,1
0.5349746942520142,1
0.5174434185028076,1
0.5210192799568176,1
0.5042390823364258,1
0.5396680235862732,1
0.47836458683013916,1
0.5627880096435547,1
0.530573844909668,1
0.5319522619247437,1
0.5671840310096741,1
0.49490445852279663,1
0.5993878841400146,1
0.5258538722991943,1
0.5298900604248047,1
0.5148776769638062,1
0.5451942682266235,1
0.5552865266799927,1
0.4957457184791565,1
0.5207837820053101,1
0.6020569801330566,1
0.5228677988052368,1
0.5702818632125854,1
0.5337511301040649,1
0.5256426334381104,1
0.5404642820358276,1
0.5339062213897705,1
0.5211797952651978,1
0.6041246652603149,1
0.5439375638961792,1
0.5603654980659485,1
0.5262390375137329,1
0.5677283406257629,1
0.556188702583313,1
0.529170036315918,1
0.5185191035270691,1
0.5281155109405518,1
0.5910934209823608,1
0.5452771186828613,1
0.5699481964111328,1
0.5490182638168335,1
0.5902155637741089,1
0.5328148007392883,1
0.5558371543884277,1
0.5236279964447021,1
0.5254666209220886,1
0.5881321430206299,1
0.5703914165496826,1
0.575535774230957,1
0.5566561222076416,1
0.5263986587524414,1
0.55928635597229,1
0.5037814974784851,1
0.5319393873214722,1
0.5608341693878174,1
0.5742306709289551,1
0.5324910879135132,1
0.49346399307250977,1
0.5914850234985352,1
0.5615297555923462,1
0.5577818155288696,1
0.5196479558944702,1
0.5603300929069519,1
0.5898584127426147,1
0.5400227904319763,1
0.5166329145431519,1
0.541627049446106,1
0.5123342275619507,1
0.5723764896392822,1
0.5952554941177368,1
0.5611147880554199,1
0.4749056398868561,1
0.5471842288970947,1
0.5712976455688477,1
0.5707015991210938,1
0.558046281337738,1
0.5308057069778442,1
0.5508685111999512,1
0.549186110496521,1
0.5676666498184204,1
0.5312035083770752,1
0.5072787404060364,1
0.5292611718177795,1
0.49869829416275024,1
0.5555334091186523,1
0.5615759491920471,1
0.5780110359191895,1
0.530306875705719,1
0.5138171911239624,1
0.531007707118988,1
0.5365376472473145,1
0.521389365196228,1
0.5147397518157959,1
0.5364201664924622,1
0.5600062012672424,1
0.5711411237716675,1
0.5159253478050232,1
0.500188410282135,1
0.4948681592941284,1
0.5306630730628967,1
0.5035279989242554,1
0.5401061177253723,1
0.5146881341934204,1
0.49894824624061584,1
0.5319000482559204,1
0.5130907297134399,1
0.5063416957855225,1
0.5897305607795715,1
0.5556793808937073,1
0.54027259349823,1
0.5151744484901428,1
0.5605204701423645,1
0.5445904731750488,1
0.5142270922660828,1
0.5520914793014526,1
0.5599600672721863,1
0.6124964356422424,1
0.5202018022537231,1
0.5480436682701111,1
0.5171473026275635,1
0.46975648403167725,1
0.5345317125320435,1
0.5946158766746521,1
0.5465570092201233,1
0.5120888948440552,1
0.5292813777923584,1
0.5598160624504089,1
0.602263867855072,1
0.5184396505355835,1
0.568286120891571,1
0.5120599269866943,1
0.5482339262962341,1
0.5451748967170715,1
0.521287202835083,1
0.4776045083999634,1
0.5163875818252563,1
0.5598471760749817,1
0.5340752601623535,1
0.49743086099624634,1
0.5586990714073181,1
0.5472431182861328,1
0.5443214178085327,1
0.5012832880020142,1
0.5458804368972778,1
0.4802136719226837,1
0.5269888043403625,1
0.5107437372207642,1
0.5421268343925476,1
0.5729802250862122,1
0.5254279971122742,1
0.5762073993682861,1
0.5359921455383301,1
0.5120846033096313,1
0.5239177942276001,1
0.5194538831710815,1
0.5491068363189697,1
0.5308825969696045,1
0.5865814685821533,1
0.5133594870567322,1
0.50737464427948,1
0.5327868461608887,1
0.534939169883728,1
0.5219471454620361,1
0.5994025468826294,1
0.5707768201828003,1
0.5866050124168396,1
0.6123022437095642,1
0.5409398078918457,1
0.5886039137840271,1
0.5420350432395935,1
0.5672560930252075,1
0.5239179730415344,1
0.5561971664428711,1
0.566985011100769,1
0.547484278678894,1
0.47067373991012573,1
0.504397988319397,1
0.5879085063934326,1
0.5515334606170654,1
0.5176306962966919,1
0.5534399747848511,1
0.5422502756118774,1
0.4964544177055359,1
0.529088020324707,1
0.5373215675354004,1
0.5670406818389893,1
0.5946084260940552,1
0.5119080543518066,1
0.5619403123855591,1
0.5384486317634583,1
0.5248852968215942,1
0.5638955235481262,1
0.4882611036300659,1
0.5823680758476257,1
0.5170381665229797,1
0.5483849048614502,1
0.5348694324493408,1
0.5179603099822998,1
0.5474905967712402,1
0.5451842546463013,1
0.568234920501709,1
0.5272458791732788,1
0.5233597755432129,1
0.5578696131706238,1
0.5768599510192871,1
0.479811429977417,1
0.5866148471832275,1
0.5213762521743774,1
0.5608792304992676,1
0.5252852439880371,1
0.575097382068634,1
0.5582083463668823,1
0.5332854390144348,1
0.5459784865379333,1
0.5368431806564331,1
0.5519542694091797,1
0.5115665197372437,1
0.5694655179977417,1
0.5514100790023804,1
0.5379994511604309,1
0.5539131760597229,1
0.5194857120513916,1
0.5310235023498535,1
0.4891906678676605,1
0.5756770968437195,1
0.49403244256973267,1
0.6216466426849365,1
0.48832976818084717,1
0.5576596260070801,1
0.5098865032196045,1
0.5905331373214722,1
0.5124346017837524,1
0.5453773736953735,1
0.558312714099884,1
0.537967324256897,1
0.5008832216262817,1
0.5209043025970459,1
0.5653307437896729,1
0.4568967819213867,1
0.5390943288803101,1
0.525231122970581,1
0.5503419637680054,1
0.5269952416419983,1
0.5478131771087646,1
0.5718287229537964,1
0.5320289731025696,1
0.5367720127105713,1
0.529278039932251,1
0.5258570909500122,1
0.5174443125724792,1
0.5341202020645142,1
0.5355900526046753,1
0.6005664467811584,1
0.554412841796875,1
0.519249677658081,1
0.5335959196090698,1
0.5156410336494446,1
0.5603600740432739,1
0.5101279020309448,1
0.5119141936302185,1
0.5187035799026489,1
0.5565402507781982,1
0.5361454486846924,1
0.5904408693313599,1
0.530366063117981,1
0.448417067527771,1
0.5853281021118164,1
0.497564435005188,1
0.51800537109375,1
0.554705023765564,1
0.5282143354415894,1
0.5399156808853149,1
0.5560663938522339,1
0.5358949899673462,1
0.5036335587501526,1
0.5348789095878601,1
0.5830520391464233,1
0.5100476145744324,1
0.5496367812156677,1
0.4973377287387848,1
0.555637538433075,1
0.5694350004196167,1
0.5495051741600037,1
0.5904669761657715,1
0.5422650575637817,1
0.5294582843780518,1
0.5961976647377014,1
0.5667805671691895,1
0.6092264652252197,1
0.4954279661178589,1
0.4833965301513672,1
0.5475704669952393,1
0.5613672733306885,1
0.5025641322135925,1
0.5469248294830322,1
0.5084617137908936,1
0.5337388515472412,1
0.5348490476608276,1
0.5527526140213013,1
0.49318310618400574,1
0.5459095239639282,1
0.5679205656051636,1
0.5896904468536377,1
0.598922848701477,1
0.5210831165313721,1
0.5785576105117798,1
0.4292759299278259,1
0.5417978167533875,1
0.5406145453453064,1
0.5611639618873596,1
0.5481232404708862,1
0.5518338680267334,1
0.5834445357322693,1
0.5661689043045044,1
0.49433332681655884,1
0.5113588571548462,1
0.5360509157180786,1
0.5192421674728394,1
0.4882919192314148,1
0.5360792875289917,1
0.5368058681488037,1
0.5755270719528198,1
0.5483601093292236,1
0.536024808883667,1
0.5362363457679749,1
0.5278679132461548,1
0.6033728122711182,1
0.5551345944404602,1
0.5560746788978577,1
0.5300147533416748,1
0.573976993560791,1
0.5345351696014404,1
0.5147966742515564,1
0.5315335988998413,1
0.5223309993743896,1
0.4993916153907776,1
0.4842374324798584,1
0.5533671379089355,1
0.5170819163322449,1
0.5214748382568359,1
0.5416858792304993,1
0.5841801166534424,1
0.50252366065979,1
0.515304446220398,1
0.5199093818664551,1
0.5963837504386902,1
0.5465971827507019,1
0.5720136165618896,1
0.5000219941139221,1
0.5539118051528931,1
0.5206242799758911,1
0.5486979484558105,1
0.5320441722869873,1
0.4761925935745239,1
0.5347620248794556,1
0.5285261869430542,1
0.5446879863739014,1
0.5341569781303406,1
0.5151772499084473,1
0.5623593330383301,1
0.5002352595329285,1
0.5387507677078247,1
0.5235313177108765,1
0.5587261915206909,1
0.5835364460945129,1
0.5511651039123535,1
0.5429882407188416,1
0.5352132320404053,1
0.5463191270828247,1
0.5466352105140686,1
0.5164496302604675,1
0.605230450630188,1
0.5346100330352783,1
0.5470781922340393,1
0.4932960271835327,1
0.5700024366378784,1
0.5111331939697266,1
0.5125751495361328,1
0.5428274869918823,1
0.5220117568969727,1
0.5179175138473511,1
0.5481076240539551,1
0.5201470255851746,1
0.5509852766990662,1
0.4893004894256592,1
0.5418933629989624,1
0.5606935024261475,1
0.5217005014419556,1
0.5308873653411865,1
0.5635167360305786,1
0.5229082703590393,1
0.5313693881034851,1
0.5629495978355408,1
0.5043301582336426,1
0.5285143852233887,1
0.5257709622383118,1
0.5353828072547913,1
0.5328829288482666,1
0.5658512711524963,1
0.47362643480300903,1
0.5267902612686157,1
0.5759215354919434,1
0.5179858803749084,1
0.5889347791671753,1
0.585405707359314,1
0.5587689876556396,1
0.5489447712898254,1
0.5371423959732056,1
0.5117173194885254,1
0.5583364963531494,1
0.5267558097839355,1
0.5257595777511597,1
0.5491539835929871,1
0.5741415023803711,1
0.5156290531158447,1
0.518423855304718,1
0.5013707876205444,1
0.500199019908905,1
0.5347091555595398,1
0.5145660042762756,1
0.5473810434341431,1
0.5382899045944214,1
0.5236756205558777,1
0.5385345816612244,1
0.5448712110519409,1
0.5558010339736938,1
0.564908504486084,1
0.513616681098938,1
0.5302660465240479,1
0.5640630722045898,1
0.49335357546806335,1
0.5443968176841736,1
0.523629903793335,1
0.5753620862960815,1
0.5150318741798401,1
0.5687639713287354,1
0.5765910148620605,1
0.49978065490722656,1
0.5423818826675415,1
0.5795818567276001,1
0.5307714343070984,1
0.5979225635528564,1
0.5167797803878784,1
0.5599106550216675,1
0.5429359674453735,1
0.549239456653595,1
0.5332186222076416,1
0.5391522645950317,1
0.559146523475647,1
0.5764210820198059,1
0.5548378229141235,1
0.49223586916923523,1
0.5494513511657715,1
0.5019356608390808,1
0.5528005361557007,1
0.540905237197876,1
0.5417364835739136,1
0.5074254274368286,1
0.5338326096534729,1
0.5278968214988708,1
0.5300663709640503,1
0.5723091959953308,1
0.518126904964447,1
0.5370570421218872,1
0.5966484546661377,1
0.5542083978652954,1
0.5626581907272339,1
0.566463828086853,1
0.5137444734573364,1
0.5314825773239136,1
0.5823647379875183,1
0.5430992841720581,1
0.5201705694198608,1
0.5920090675354004,1
0.5095937252044678,1
0.5634718537330627,1
0.5534461736679077,1
0.5528337955474854,1
0.5098928213119507,1
0.5051501393318176,1
0.5197938680648804,1
0.5598000288009644,1
0.5225504636764526,1
0.5180460214614868,1
0.5165492296218872,1
0.5097899436950684,1
0.5713432431221008,1
0.5534569621086121,1
0.5144482851028442,1
0.5535056591033936,1
0.5224149227142334,1
0.5289496183395386,1
0.5703303813934326,1
0.4830392003059387,1
0.5905998945236206,1
0.5154944062232971,1
0.49712061882019043,1
0.5533822178840637,1
0.5146049857139587,1
0.5117025971412659,1
0.5186420679092407,1
0.5445977449417114,1
0.5941569805145264,1
0.5449056625366211,1
0.5265670418739319,1
0.5482124090194702,1
0.5616876482963562,1
0.5805963277816772,1
0.5089450478553772,1
0.5010045170783997,1
0.5313162803649902,1
0.575299859046936,1
0.5778688192367554,1
0.5006967782974243,1
0.5327655076980591,1
0.544471025466919,1
0.5072906613349915,1
0.5139687061309814,1
0.5366265773773193,1
0.5152319669723511,1
0.5571378469467163,1
0.5624157786369324,1
0.516089916229248,1
0.5406250953674316,1
0.5647092461585999,1
0.5057661533355713,1
0.5533974766731262,1
0.5014132261276245,1
0.5196659564971924,1
0.5400892496109009,1
0.5495980978012085,1
0.5141158699989319,1
0.5395504236221313,1
0.5585722327232361,1
0.540113091468811,1
0.5652176141738892,1
0.5491394996643066,1
0.5147019028663635,1
0.5385323166847229,1
0.4941287934780121,1
0.5049908757209778,1
0.527016282081604,1
0.5356266498565674,1
0.5221211910247803,1
0.5113697052001953,1
0.5882347822189331,1
0.5942355394363403,1
0.5051122903823853,1
0.5512842535972595,1
0.5413104891777039,1
0.5214470624923706,1
0.5525276064872742,1
0.48876050114631653,1
0.545019805431366,1
0.5419522523880005,1
0.5192221999168396,1
0.506169319152832,1
0.5190794467926025,1
0.5710409879684448,1
0.5427969694137573,1
0.5407694578170776,1
0.5993072986602783,1
0.5405503511428833,1
0.5110350847244263,1
0.529446005821228,1
0.5234564542770386,1
0.5738669633865356,1
0.5206919312477112,1
0.5226783752441406,1
0.5315932035446167,1
0.5886898636817932,1
0.5325813293457031,1
0.5252419710159302,1
0.5320209860801697,1
0.4884028434753418,1
0.4698559045791626,1
0.5247446298599243,1
0.5268988609313965,1
0.5284011363983154,1
0.5038528442382813,1
0.4979694187641144,1
0.532357931137085,1
0.4792577922344208,1
0.5855852365493774,1
0.5257993340492249,1
0.5299074649810791,1
0.5493013858795166,1
0.5817788243293762,1
0.5408927202224731,1
0.5092724561691284,1
0.5608747005462646,1
0.5610504150390625,1
0.5311249494552612,1
0.49913299083709717,1
0.4630386233329773,1
0.5366095304489136,1
0.5068597197532654,1
0.5672141909599304,1
0.549250602722168,1
0.47108301520347595,1
0.5158663988113403,1
0.5935232043266296,1
0.5491816401481628,1
0.5356849431991577,1
0.5705270171165466,1
0.5740572214126587,1
0.5181142687797546,1
0.5074500441551208,1
0.5670372843742371,1
0.5578358769416809,1
0.493121862411499,1
0.5171497464179993,1
0.5314937829971313,1
0.5114135146141052,1
0.5344650745391846,1
0.5431939959526062,1
0.5563416481018066,1
0.5508147478103638,1
0.5179219245910645,1
0.5714178681373596,1
0.5580736398696899,1
0.5344725251197815,1
0.5756140947341919,1
0.5494685173034668,1
0.5681329965591431,1
0.5417622923851013,1
0.5731103420257568,1
0.5103588104248047,1
0.536173939704895,1
0.5554279088973999,1
0.530479907989502,1
0.5051292777061462,1
0.5590507388114929,1
0.5371593236923218,1
0.5465702414512634,1
0.5574095249176025,1
0.5453575849533081,1
0.5170650482177734,1
0.5597878098487854,1
0.5542006492614746,1
0.5208417177200317,1
0.5153183341026306,1
0.5196017026901245,1
0.45814257860183716,1
0.544669508934021,1
0.5129847526550293,1
0.5059292912483215,1
0.5605573654174805,1
0.5543631315231323,1
0.6011456251144409,1
0.5383435487747192,1
0.5737343430519104,1
0.5536084771156311,1
0.5407134294509888,1
0.520605206489563,1
0.5614191293716431,1
0.5008673667907715,1
0.5679689645767212,1
0.5593489408493042,1
0.5412938594818115,1
0.5918037295341492,1
0.5390984416007996,1
0.5100473165512085,1
0.49129295349121094,1
0.5309320688247681,1
0.5694880485534668,1
0.5049463510513306,1
0.547774076461792,1
0.5398003458976746,1
0.5760908126831055,1
0.5145642757415771,1
0.5595847964286804,1
0.5244701504707336,1
0.509929895401001,1
0.5959618091583252,1
0.5513883829116821,1
0.49399620294570923,1
0.5099176168441772,1
0.5380865335464478,1
0.5117044448852539,1
0.5137173533439636,1
0.5185690522193909,1
0.5479344129562378,1
0.5033977031707764,1
0.5142611265182495,1
0.533442497253418,1
0.583480954170227,1
0.5433328151702881,1
0.5740450620651245,1
0.5524542331695557,1
0.5512551069259644,1
0.5359526872634888,1
0.5020000338554382,1
0.49561694264411926,1
0.5493545532226563,1
0.5280722975730896,1
0.4703024923801422,1
0.5891227722167969,1
0.6234117746353149,1
0.6032305955886841,1
0.5295745134353638,1
0.542163610458374,1
0.5324983596801758,1
0.5570038557052612,1
0.5055688619613647,1
0.5425944328308105,1
0.5349135398864746,1
0.5184590816497803,1
0.526668906211853,1
0.5097736716270447,1
0.500333845615387,1
0.6111131310462952,1
0.5625091791152954,1
0.5238982439041138,1
0.523422122001648,1
0.5314270853996277,1
0.553858757019043,1
0.5621069669723511,1
0.5571179389953613,1
0.5345252752304077,1
0.5305566787719727,1
0.5141544938087463,1
0.5593587756156921,1
0.5901739597320557,1
0.5293752551078796,1
0.4968087077140808,1
0.48687419295310974,1
0.5030203461647034,1
0.5512470006942749,1
0.5183894038200378,1
0.6250664591789246,1
0.5653274059295654,1
0.5410028100013733,1
0.5724868774414063,1
0.5532611608505249,1
0.5622040033340454,1
0.5510497093200684,1
0.5698906779289246,1
0.5567203760147095,1
0.5934710502624512,1
0.5169350504875183,1
0.525205135345459,1
0.5541738271713257,1
0.5068201422691345,1
0.5393062233924866,1
0.5675931572914124,1
0.5713562965393066,1
0.5386425256729126,1
0.5343332886695862,1
0.5469021797180176,1
0.5363314151763916,1
0.5615602135658264,1
0.5080735087394714,1
0.5879632234573364,1
0.49912962317466736,1
0.5616391897201538,1
0.5202007293701172,1
0.5261167287826538,1
0.5652854442596436,1
0.524308443069458,1
0.5595783591270447,1
0.5560122728347778,1
0.5440632104873657,1
0.5027601718902588,1
0.5378717184066772,1
0.56059730052948,1
0.5319549441337585,1
0.5184000134468079,1
0.5174046754837036,1
0.5414690375328064,1
0.5303895473480225,1
0.5281549692153931,1
0.5521348714828491,1
0.5996975302696228,1
0.597507894039154,1
0.5209352970123291,1
0.5041189789772034,1
0.5349010229110718,1
0.552243709564209,1
0.5266623497009277,1
0.5516021251678467,1
0.5815674066543579,1
0.5329378247261047,1
0.5126029253005981,1
0.4993289113044739,1
0.5119277238845825,1
0.49192023277282715,1
0.5257717967033386,1
0.5568320155143738,1
0.544684886932373,1
0.5120565891265869,1
0.5888465642929077,1
0.5617333650588989,1
0.5425146818161011,1
0.5439141988754272,1
0.5776915550231934,1
0.548474133014679,1
0.5502367615699768,1
0.526787281036377,1
0.5419314503669739,1
0.5243866443634033,1
0.5692726373672485,1
0.5448654890060425,1
0.5130485892295837,1
0.5214400887489319,1
0.5301170349121094,1
0.583861231803894,1
0.5165830850601196,1
0.5111663341522217,1
0.4952669143676758,1
0.5647739171981812,1
0.5667831897735596,1
0.5082373023033142,1
0.5536590814590454,1
0.5466247797012329,1
0.5514929294586182,1
0.5520144701004028,1
0.51727294921875,1
0.5575655698776245,1
0.49503469467163086,1
0.5263411402702332,1
0.4996085464954376,1
0.5205176472663879,1
0.5659703612327576,1
0.5373938679695129,1
0.549493670463562,1
0.5963922739028931,1
0.5122726559638977,1
0.5581305623054504,1
0.5511077046394348,1
0.5345383882522583,1
0.5412683486938477,1
0.531868577003479,1
0.5449942946434021,1
0.5185207724571228,1
0.5291423797607422,1
0.5402706861495972,1
0.5625780820846558,1
0.5191746950149536,1
0.5307918190956116,1
0.5368097424507141,1
0.5848883390426636,1
0.46597379446029663,1
0.5620386600494385,1
0.5274600982666016,1
0.5793596506118774,1
0.5699390172958374,1
0.5167497396469116,1
0.5311822295188904,1
0.5448498725891113,1
0.5123425722122192,1
0.5794364809989929,1
0.5342762470245361,1
0.5562868118286133,1
0.5363187193870544,1
0.48840218782424927,1
0.5323017835617065,1
0.5179439783096313,1
0.5785472393035889,1
0.5422757267951965,1
0.49957963824272156,1
0.5115727186203003,1
0.6145675182342529,1
0.518134355545044,1
0.5499820113182068,1
0.5300318002700806,1
0.5276775360107422,1
0.5686159133911133,1
0.5461082458496094,1
0.5539472103118896,1
0.48528680205345154,1
0.549742579460144,1
0.5887553095817566,1
0.5888062715530396,1
0.5268771648406982,1
0.5652059316635132,1
0.564239501953125,1
0.508535623550415,1
0.6131206750869751,1
0.5550017356872559,1
0.5440070033073425,1
0.5740050077438354,1
0.5564409494400024,1
0.5336056351661682,1
0.5517480373382568,1
0.5138341188430786,1
0.5163743495941162,1
0.5360996127128601,1
0.5352228879928589,1
0.5309110879898071,1
0.4955054521560669,1
0.47420763969421387,1
0.55564284324646,1
0.5608090162277222,1
0.5459784269332886,1
0.5262777805328369,1
0.5279973745346069,1
0.5493789315223694,1
0.5561703443527222,1
0.5541248917579651,1
0.5205866098403931,1
0.4859732389450073,1
0.4895450174808502,1
0.5158941149711609,1
0.5363954305648804,1
0.4998356103897095,1
0.532869815826416,1
0.4953039288520813,1
0.477810800075531,1
0.5479775071144104,1
0.48377329111099243,1
0.5396307110786438,1
0.5320127606391907,1
0.5113359689712524,1
0.5524187088012695,1
0.4938431978225708,1
0.568680465221405,1
0.5123742818832397,1
0.5466026067733765,1
0.535380482673645,1
0.4925399422645569,1
0.5491623878479004,1
0.4793051481246948,1
0.5080874562263489,1
0.47816258668899536,1
0.5311523675918579,1
0.46395638585090637,1
0.5054912567138672,1
0.5549863576889038,1
0.49823588132858276,1
0.5508217811584473,1
0.5933670997619629,1
0.52424156665802,1
0.5620700716972351,1
0.5516816973686218,1
0.5326138734817505,1
0.4943542182445526,1
0.5453729629516602,1
0.5343425869941711,1
0.5594285726547241,1
0.5022571086883545,1
0.5630150437355042,1
0.5598200559616089,1
0.49782079458236694,1
0.5081185102462769,1
0.5558698773384094,1
0.5901769995689392,1
0.5120578408241272,1
0.49459660053253174,1
0.5917516946792603,1
0.5183817148208618,1
0.5324365496635437,1
0.522020697593689,1
0.5070188045501709,1
0.5783076882362366,1
0.5779477953910828,1
0.5254886150360107,1
0.5198355317115784,1
0.5374175906181335,1
0.5062569379806519,1
0.5503385066986084,1
0.5421438813209534,1
0.5355665683746338,1
0.5086649060249329,1
0.5398545265197754,1
0.5527693629264832,1
0.535662055015564,1
0.5363646745681763,1
0.510814905166626,1
0.535743772983551,1
0.5604337453842163,1
0.5322948694229126,1
0.5355049967765808,1
0.5349538326263428,1
0.5077328681945801,1
0.5988244414329529,1
0.5340371131896973,1
0.5006566643714905,1
0.5439274311065674,1
0.5793468952178955,1
0.5651243329048157,1
0.4953564703464508,1
0.5453608632087708,1
0.541755199432373,1
0.5303402543067932,1
0.5357105135917664,1
0.5635886192321777,1
0.6026961803436279,1
0.5358852744102478,1
0.5088322758674622,1
0.5601921081542969,1
0.5306830406188965,1
0.5651212930679321,1
0.6064009070396423,1
0.5600521564483643,1
0.5620524883270264,1
0.5309766530990601,1
0.5561453104019165,1
0.4894016981124878,1
0.5310963988304138,1
0.5547058582305908,1
0.5412780046463013,1
0.5064008235931396,1
0.5302549004554749,1
0.5344905853271484,1
0.5569734573364258,1
0.5364130139350891,1
0.5781480669975281,1
0.5594830513000488,1
0.5800955295562744,1
0.5775619745254517,1
0.5578464269638062,1
0.5212864875793457,1
0.5904306769371033,1
0.5252292156219482,1
0.5198100805282593,1
0.5497372150421143,1
0.49025511741638184,1
0.5183779001235962,1
0.5611180067062378,1
0.5281473994255066,1
0.5181135535240173,1
0.5462391376495361,1
0.5618958473205566,1
0.574945330619812,1
0.5370038747787476,1
0.5474319458007813,1
0.5189379453659058,1
0.5287584066390991,1
0.5187293291091919,1
0.5387856364250183,1
0.532025933265686,1
0.5516514182090759,1
0.526827335357666,1
0.5387628674507141,1
0.5705826878547668,1
0.5360073447227478,1
0.5562833547592163,1
0.5186904668807983,1
0.4950413107872009,1
0.540410578250885,1
0.4800345003604889,1
0.5071308016777039,1
0.4931700825691223,1
0.5587860345840454,1
0.5398558378219604,1
0.5551513433456421,1
0.5740237236022949,1
0.5449255108833313,1
0.5986943244934082,1
0.503743588924408,1
0.5041491389274597,1
0.5486856698989868,1
0.5600156784057617,1
0.5071899890899658,1
0.5136045813560486,1
0.5508401989936829,1
0.5280129909515381,1
0.5465121865272522,1
0.5778472423553467,1
0.6221017241477966,1
0.5175318121910095,1
0.5067181587219238,1
0.5558232069015503,1
0.48537591099739075,1
0.5227528810501099,1
0.5443605184555054,1
0.5362967252731323,1
0.5274358987808228,1
0.5823646783828735,1
0.576795756816864,1
0.5203421115875244,1
0.5182220339775085,1
0.4919217824935913,1
0.5300909876823425,1
0.5454395413398743,1
0.5277661681175232,1
0.5761232376098633,1
0.5643935203552246,1
0.5333811044692993,1
0.5409812331199646,1
0.5363126397132874,1
0.5286649465560913,1
0.49784186482429504,1
0.5527814626693726,1
0.5053454637527466,1
0.4906822741031647,1
0.503632664680481,1
0.5809208750724792,1
0.5075344443321228,1
0.5325061082839966,1
0.51991206407547,1
0.5267168283462524,1
0.5608296990394592,1
0.5642857551574707,1
0.5835847854614258,1
0.5532032251358032,1
0.5532601475715637,1
0.5437196493148804,1
0.5152089595794678,1
0.5150183439254761,1
0.5069203972816467,1
0.503184974193573,1
0.5073599219322205,1
0.5760374069213867,1
0.5547165870666504,1
0.5592092275619507,1
0.5207876563072205,1
0.5417735576629639,1
0.5599933862686157,1
0.500170111656189,1
0.5629615783691406,1
0.576339840888977,1
0.5278770923614502,1
0.48806965351104736,1
0.5729293823242188,1
0.5441403388977051,1
0.5558170080184937,1
0.5668426752090454,1
0.53240966796875,1
0.5265588760375977,1
0.5164312720298767,1
0.5013323426246643,1
0.5548095703125,1
0.4968481659889221,1
0.532348096370697,1
0.5181070566177368,1
0.5244964957237244,1
0.5402476787567139,1
0.5218136310577393,1
0.5040544867515564,1
0.5888321399688721,1
0.5219160318374634,1
0.5735162496566772,1
0.505386233329773,1
0.48128196597099304,1
0.5426650047302246,1
0.5268961787223816,1
0.5634250044822693,1
0.5632237792015076,1
0.5873285531997681,1
0.5326287746429443,1
0.5075975656509399,1
0.5666490197181702,1
0.529636025428772,1
0.562508225440979,1
0.5852463245391846,1
0.5500128269195557,1
0.5362086296081543,1
0.5476166009902954,1
0.5118632316589355,1
0.4963165521621704,1
0.48758751153945923,1
0.5597381591796875,1
0.4832400679588318,1
0.5393199920654297,1
0.5190842747688293,1
0.47627025842666626,1
0.5898668766021729,1
0.5531379580497742,1
0.524672269821167,1
0.575529932975769,1
0.5677619576454163,1
0.5237146019935608,1
0.5155831575393677,1
0.4884503483772278,1
0.514828085899353,1
0.5402379035949707,1
0.5456774234771729,1
0.5270788669586182,1
0.5450810194015503,1
0.4908902645111084,1
0.5463179349899292,1
0.5189003348350525,1
0.5275763869285583,1
0.48114097118377686,1
0.5277694463729858,1
0.5831344723701477,1
0.5681461095809937,1
0.5184115171432495,1
0.5934756994247437,1
0.4902055561542511,1
0.5570509433746338,1
0.5485259294509888,1
0.5083675384521484,1
0.5130154490470886,1
0.48204004764556885,1
0.5607162714004517,1
0.4851531982421875,1
0.541089653968811,1
0.5671111345291138,1
0.5454351902008057,1
0.531309962272644,1
0.5529263019561768,1
0.5283408761024475,1
0.5044546127319336,1
0.5213757753372192,1
0.5085747838020325,1
0.5546613931655884,1
0.5571616888046265,1
0.5018962025642395,1
0.5221449136734009,1
0.5374125242233276,1
0.572441816329956,1
0.5530332326889038,1
0.5149606466293335,1
0.5730133056640625,1
0.5275561809539795,1
0.5360010266304016,1
0.5301735997200012,1
0.6174367666244507,1
0.561640739440918,1
0.6050564050674438,1
0.5358737707138062,1
0.5335909128189087,1
0.5506550669670105,1
0.5000147223472595,1
0.5552198886871338,1
0.5390040874481201,1
0.5636959075927734,1
0.5328326225280762,1
0.5947834253311157,1
0.5434687733650208,1
0.5410609245300293,1
0.5641258955001831,1
0.574741005897522,1
0.5560343265533447,1
0.5374162197113037,1
0.536056637763977,1
0.510707676410675,1
0.4952537417411804,1
0.5318570137023926,1
0.5806556940078735,1
0.5300776362419128,1
0.5313042402267456,1
0.5585153698921204,1
0.5104886293411255,1
0.5364236831665039,1
0.5689197778701782,1
0.5858364105224609,1
0.526864767074585,1
0.47297048568725586,1
0.5567492246627808,1
0.4976171553134918,1
0.5413179397583008,1
0.5722125768661499,1
0.5693433284759521,1
0.5424767732620239,1
0.4974523186683655,1
0.5317320823669434,1
0.5487288236618042,1
0.5044337511062622,1
0.5497782826423645,1
0.5371747016906738,1
0.5507581233978271,1
0.5519659519195557,1
0.5655718445777893,1
0.5659450888633728,1
0.530270516872406,1
0.5547201633453369,1
0.540533185005188,1
0.6069110631942749,1
0.5538800954818726,1
0.5081914067268372,1
0.5270162224769592,1
0.5308995246887207,1
0.4900553822517395,1
0.49389898777008057,1
0.5529059171676636,1
0.5395826697349548,1
0.5305995345115662,1
0.5677188634872437,1
0.5376861691474915,1
0.5709390044212341,1
0.5105068683624268,1
0.5688673257827759,1
0.548755407333374,1
0.523776650428772,1
0.49921169877052307,1
0.5642101764678955,1
0.5371905565261841,1
0.5391871929168701,1
0.46009621024131775,1
0.4900677800178528,1
0.6033945679664612,1
0.5428991913795471,1
0.5097790956497192,1
0.5160354971885681,1
0.5238950252532959,1
0.5820398926734924,1
0.5455217361450195,1
0.4783179759979248,1
0.5842807292938232,1
0.5441381335258484,1
0.48703810572624207,1
0.5431169867515564,1
0.5290402173995972,1
0.5516078472137451,1
0.5440319180488586,1
0.551277756690979,1
0.551131010055542,1
0.5297876596450806,1
0.5406254529953003,1
0.5574885606765747,1
0.5593001842498779,1
0.6085609197616577,1
0.5881714820861816,1
0.5646562576293945,1
0.5561712980270386,1
0.5044307708740234,1
0.5378977060317993,1
0.5076047778129578,1
0.5186805129051208,1
0.5141083002090454,1
0.5232563018798828,1
0.5327475070953369,1
0.526328980922699,1
0.569983184337616,1
0.4921480119228363,1
0.5069369673728943,1
0.4846401810646057,1
0.5499681830406189,1
0.5646533966064453,1
0.5252674221992493,1
0.5360875129699707,1
0.5427747368812561,1
0.5421509742736816,1
0.5946478843688965,1
0.5200200080871582,1
0.5279903411865234,1
0.5534070730209351,1
0.5432103872299194,1
0.526503324508667,1
0.556903600692749,1
0.5199604034423828,1
0.5307250022888184,1
0.5157797932624817,1
0.5183676481246948,1
0.5914257764816284,1
0.47535204887390137,1
0.5437268018722534,1
0.5272799730300903,1
0.4755721092224121,1
0.5144943594932556,1
0.5173165202140808,1
0.5321602821350098,1
0.5303046107292175,1
0.5001938343048096,1
0.51338791847229,1
0.5660215616226196,1
0.5986500978469849,1
0.4985925257205963,1
0.5683999061584473,1
0.5889831781387329,1
0.5108682513237,1
0.5420191884040833,1
0.5381295680999756,1
0.5520821809768677,1
0.49777182936668396,1
0.549005925655365,1
0.534090518951416,1
0.5380159020423889,1
0.5658243894577026,1
0.5501910448074341,1
0.5768704414367676,1
0.5612759590148926,1
0.48849570751190186,1
0.4812946319580078,1
0.5347797870635986,1
0.5286768674850464,1
0.5435628294944763,1
0.5016538500785828,1
0.526807427406311,1
0.5327579379081726,1
0.5562019348144531,1
0.5870232582092285,1
0.5312494039535522,1
0.5385438203811646,1
0.5109713673591614,1
0.546204149723053,1
0.5322393178939819,1
0.5300405621528625,1
0.5540494918823242,1
0.5568575859069824,1
0.536365270614624,1
0.5469645261764526,1
0.5689133405685425,1
0.5541239976882935,1
0.5413567423820496,1
0.5599567890167236,1
0.5561370849609375,1
0.5491389036178589,1
0.4840087294578552,1
0.523331880569458,1
0.5024005174636841,1
0.5665711164474487,1
0.5241186022758484,1
0.5088739395141602,1
0.5622909069061279,1
0.5139364004135132,1
0.522872805595398,1
0.536639928817749,1
0.5139713287353516,1
0.549174427986145,1
0.5137854814529419,1
0.5302540063858032,1
0.5750569105148315,1
0.48239046335220337,1
0.5432478189468384,1
0.5369812250137329,1
0.5442038774490356,1
0.5129267573356628,1
0.5200976133346558,1
0.5398606061935425,1
0.5721535682678223,1
0.5237554907798767,1
0.5105605125427246,1
0.5076032876968384,1
0.5037869215011597,1
0.527829647064209,1
0.5736109614372253,1
0.5724796056747437,1
0.5002272129058838,1
0.5087231397628784,1
0.5845270156860352,1
0.5982456803321838,1
0.5741418600082397,1
0.5497856736183167,1
0.5889315605163574,1
0.5650808215141296,1
0.5320456624031067,1
0.48740777373313904,1
0.5225088596343994,1
0.532902717590332,1
0.49490493535995483,1
0.5689986944198608,1
0.5061927437782288,1
0.5243247151374817,1
0.5238721370697021,1
0.5685971975326538,1
0.5552777051925659,1
0.5167850255966187,1
0.5788178443908691,1
0.511504590511322,1
0.5295171737670898,1
0.5516413450241089,1
0.5687227249145508,1
0.4808119535446167,1
0.583574652671814,1
0.5028658509254456,1
0.5501452684402466,1
0.5385770201683044,1
0.5101091265678406,1
0.5231378674507141,1
0.534703254699707,1
0.5105085968971252,1
0.5361868143081665,1
0.5565711259841919,1
0.5350082516670227,1
0.5237832069396973,1
0.5529327988624573,1
0.5120915174484253,1
0.5113518238067627,1
0.5367704629898071,1
0.5658501386642456,1
0.5221340656280518,1
0.5349747538566589,1
0.580030620098114,1
0.5156475305557251,1
0.530343770980835,1
0.5528031587600708,1
0.5608854293823242,1
0.5204639434814453,1
0.5494850873947144,1
0.5388216376304626,1
0.4894174337387085,1
0.5455559492111206,1
0.5571727752685547,1
0.571652889251709,1
0.5442976951599121,1
0.5922852754592896,1
0.5280896425247192,1
0.5116361975669861,1
0.5169962644577026,1
0.48865610361099243,1
0.5560140609741211,1
0.5127469301223755,1
0.5359563231468201,1
0.5322032570838928,1
0.5587414503097534,1
0.5568032264709473,1
0.5238892436027527,1
0.5600852966308594,1
0.5796411037445068,1
0.5652704238891602,1
0.5485628843307495,1
0.5480189323425293,1
0.5495785474777222,1
0.49528831243515015,1
0.5281265377998352,1
0.5285667181015015,1
0.5300235152244568,1
0.5271462798118591,1
0.5585416555404663,1
0.5422472357749939,1
0.5682520866394043,1
0.5557097792625427,1
0.585779070854187,1
0.5353733897209167,1
0.5143862366676331,1
0.5402486324310303,1
0.49348098039627075,1
0.5502742528915405,1
0.554162323474884,1
0.5037313103675842,1
0.5176246166229248,1
0.5190136432647705,1
0.5288175940513611,1
0.5836089253425598,1
0.5379413366317749,1
0.5856928825378418,1
0.48619046807289124,1
0.5316689610481262,1
0.5056036114692688,1
0.5983176231384277,1
0.5185406804084778,1
0.565238356590271,1
0.5152055025100708,1
0.5248005390167236,1
0.5562701225280762,1
0.5195233225822449,1
0.553756594657898,1
0.5635278224945068,1
0.5567525625228882,1
0.5194917321205139,1
0.528477132320404,1
0.5607075691223145,1
0.5097817778587341,1
0.5454390048980713,1
0.5118762254714966,1
0.5309802889823914,1
0.5497552752494812,1
0.541393518447876,1
0.56385338306427,1
0.5373783111572266,1
0.5290438532829285,1
0.522606611251831,1
0.565514087677002,1
0.5703623294830322,1
0.5314131379127502,1
0.5438787937164307,1
0.5307950973510742,1
0.48844215273857117,1
0.4752209484577179,1
0.51099693775177,1
0.5537721514701843,1
0.541266679763794,1
0.5788518786430359,1
0.5047504901885986,1
0.5093610286712646,1
0.5765727758407593,1
0.5153465867042542,1
0.5057702660560608,1
0.5464351773262024,1
0.508095920085907,1
0.5406975746154785,1
0.5321149826049805,1
0.5242171287536621,1
0.5246900320053101,1
0.4824976325035095,1
0.598423957824707,1
0.5077601671218872,1
0.559524416923523,1
0.5393428802490234,1
0.5564490556716919,1
0.5522176027297974,1
0.5336034893989563,1
0.5383445024490356,1
0.5754595994949341,1
0.5407326221466064,1
0.5272763967514038,1
0.5484926700592041,1
0.5160437822341919,1
0.535040557384491,1
0.5989935398101807,1
0.5263939499855042,1
0.547073483467102,1
0.503043532371521,1
0.5464115142822266,1
0.586073637008667,1
0.5022830963134766,1
0.5373172163963318,1
0.5789576768875122,1
0.5515227317810059,1
0.5540724992752075,1
0.545508623123169,1
0.5426000356674194,1
0.48686593770980835,1
0.5375369787216187,1
0.5021487474441528,1
0.5053995847702026,1
0.5343823432922363,1
0.5862114429473877,1
0.5641325116157532,1
0.534675657749176,1
0.5539935231208801,1
0.5288367867469788,1
0.57756108045578,1
0.5373339653015137,1
0.5051712989807129,1
0.5716192722320557,1
0.5231890678405762,1
0.5487232208251953,1
0.5205808877944946,1
0.5413767099380493,1
0.5444320440292358,1
0.5178338885307312,1
0.4872908294200897,1
0.5411627888679504,1
0.584665834903717,1
0.5313330888748169,1
0.5099331140518188,1
0.5838216543197632,1
0.5707814693450928,1
0.5314075946807861,1
0.5382376909255981,1
0.5339696407318115,1
0.5413272380828857,1
0.5327514410018921,1
0.5604709386825562,1
0.5664747953414917,1
0.5700182914733887,1
0.52643221616745,1
0.512917697429657,1
0.5124562978744507,1
0.5798988938331604,1
0.5756357908248901,1
0.5106209516525269,1
0.5943337678909302,1
0.536761999130249,1
0.5583049058914185,1
0.5139436721801758,1
0.5592794418334961,1
0.5280737280845642,1
0.5925782322883606,1
0.5465521216392517,1
0.5416171550750732,1
0.4957723021507263,1
0.5083986520767212,1
0.5364358425140381,1
0.5193120241165161,1
0.5697965621948242,1
0.5277799367904663,1
0.5111365914344788,1
0.58289635181427,1
0.5692005157470703,1
0.5304996967315674,1
0.5540344715118408,1
0.5250948667526245,1
0.5378400683403015,1
0.5518940091133118,1
0.5127037167549133,1
0.5002462267875671,1
0.5129287242889404,1
0.48542702198028564,1
0.5491323471069336,1
0.49478888511657715,1
0.5188013315200806,1
0.5182040929794312,1
0.517486572265625,1
0.5429705381393433,1
0.5397764444351196,1
0.5533809065818787,1
0.5481091737747192,1
0.5244283676147461,1
0.5548723936080933,1
0.5449609160423279,1
0.4992191791534424,1
0.5484969615936279,1
0.5372563600540161,1
0.5073978900909424,1
0.5225746631622314,1
0.534869372844696,1
0.5586106777191162,1
0.5741238594055176,1
0.4983717203140259,1
0.5482739210128784,1
0.5467209815979004,1
0.5573470592498779,1
0.5210062265396118,1
0.534076988697052,1
0.5443098545074463,1
0.5534475445747375,1
0.5756310224533081,1
0.5345464944839478,1
0.5778866410255432,1
0.5830895900726318,1
0.5372772216796875,1
0.5249911546707153,1
0.5005731582641602,1
0.5179339647293091,1
0.546127438545227,1
0.5657352209091187,1
0.5702600479125977,1
0.4767594635486603,1
0.5292071104049683,1
0.5115023851394653,1
0.5385651588439941,1
0.5025656819343567,1
0.5727413296699524,1
0.5178110599517822,1
0.5409407615661621,1
0.5281323194503784,1
0.5635964870452881,1
0.5127128958702087,1
0.5308694839477539,1
0.6315000057220459,1
0.513363778591156,1
0.5066043734550476,1
0.5846461057662964,1
0.5680325031280518,1
0.497582346200943,1
0.5744511485099792,1
0.521409273147583,1
0.5064846277236938,1
0.5555301308631897,1
0.5594636797904968,1
0.49710363149642944,1
0.5407314300537109,1
0.4791862964630127,1
0.5472511053085327,1
0.5959752798080444,1
0.4954749047756195,1
0.5487946271896362,1
0.5769262313842773,1
0.5016334056854248,1
0.4777376651763916,1
0.5314377546310425,1
0.5017273426055908,1
0.5354504585266113,1
0.539316713809967,1
0.528372585773468,1
0.587007999420166,1
0.5292739272117615,1
0.5234012007713318,1
0.5279992818832397,1
0.5133660435676575,1
0.5039100050926208,1
0.5408684015274048,1
0.5188466310501099,1
0.48970866203308105,1
0.5603926181793213,1
0.5272554755210876,1
0.505889892578125,1
0.5945543050765991,1
0.6189724206924438,1
0.5409972071647644,1
0.5132138729095459,1
0.5726346969604492,1
0.5842352509498596,1
0.5500683784484863,1
0.47702938318252563,1
0.5168108940124512,1
0.5670278072357178,1
0.5335642695426941,1
0.5071372985839844,1
0.6056818962097168,1
0.5574306845664978,1
0.5325648784637451,1
0.5532853007316589,1
0.5288195610046387,1
0.5718879699707031,1
0.5731068253517151,1
0.556489109992981,1
0.5194195508956909,1
0.5286344289779663,1
0.5158579349517822,1
0.5332354307174683,1
0.5209990739822388,1
0.5340050458908081,1
0.5648056268692017,1
0.5390467643737793,1
0.5369971990585327,1
0.5426504611968994,1
0.5328145027160645,1
0.5732151865959167,1
0.5591534376144409,1
0.5552781820297241,1
0.5183863043785095,1
0.53348308801651,1
0.5526762008666992,1
0.5205018520355225,1
0.530928373336792,1
0.5430247783660889,1
0.5195397138595581,1
0.5645378828048706,1
0.5364710688591003,1
0.4906245768070221,1
0.5296996831893921,1
0.5074617266654968,1
0.5306663513183594,1
0.5194858312606812,1
0.543563961982727,1
0.5031734704971313,1
0.517924964427948,1
0.5118052959442139,1
0.5341442227363586,1
0.5498559474945068,1
0.539702296257019,1
0.5342347621917725,1
0.5019052028656006,1
0.5788264870643616,1
0.5338760614395142,1
0.5577505826950073,1
0.4933060109615326,1
0.5021646022796631,1
0.5303001403808594,1
0.56706303358078,1
0.5410082340240479,1
0.6015429496765137,1
0.5127264857292175,1
0.5995844602584839,1
0.5410417914390564,1
0.5812494158744812,1
0.5362575054168701,1
0.49234652519226074,1
0.5441601872444153,1
0.5364495515823364,1
0.5680649280548096,1
0.5445355176925659,1
0.5288788080215454,1
0.5255038142204285,1
0.5453959703445435,1
0.5633354187011719,1
0.5340629816055298,1
0.5656835436820984,1
0.5609205961227417,1
0.5165659785270691,1
0.5031982064247131,1
0.5594346523284912,1
0.5462995171546936,1
0.5299885869026184,1
0.561137318611145,1
0.5602195262908936,1
0.5430164933204651,1
0.5580363869667053,1
0.544059157371521,1
0.566559910774231,1
0.5481674075126648,1
0.5514285564422607,1
0.5128286480903625,1
0.5614836812019348,1
0.5431870818138123,1
0.5233158469200134,1
0.5274674892425537,1
0.5289922952651978,1
0.5218733549118042,1
0.5314514636993408,1
0.5457034111022949,1
0.5399148464202881,1
0.4822382628917694,1
0.5151246190071106,1
0.5374472141265869,1
0.5952062606811523,1
0.4966745376586914,1
0.5203337669372559,1
0.5400142669677734,1
0.5255511403083801,1
0.5576255917549133,1
0.5425362586975098,1
0.49437662959098816,1
0.5016894936561584,1
0.529315710067749,1
0.5513772368431091,1
0.5215122699737549,1
0.5423932075500488,1
0.5393067002296448,1
0.5492029190063477,1
0.5142210125923157,1
0.5204258561134338,1
0.5238268971443176,1
0.5619977712631226,1
0.525216817855835,1
0.5599733591079712,1
0.6062018871307373,1
0.5445291996002197,1
0.5397653579711914,1
0.530360758304596,1
0.4984559714794159,1
0.5475219488143921,1
0.5400592088699341,1
0.5462552309036255,1
0.5443204641342163,1
0.5598123073577881,1
0.5421760082244873,1
0.5353114604949951,1
0.5213668346405029,1
0.529701828956604,1
0.5372896194458008,1
0.5831122398376465,1
0.5740582942962646,1
0.5214288830757141,1
0.547592282295227,1
0.5501704216003418,1
0.5542774200439453,1
0.5065147876739502,1
0.5389508008956909,1
0.5363736152648926,1
0.5539277791976929,1
0.5266798734664917,1
0.526151180267334,1
0.5705893635749817,1
0.5332257747650146,1
0.5208835601806641,1
0.5042718052864075,1
0.5319257974624634,1
0.5356469750404358,1
0.5681689977645874,1
0.5557883977890015,1
0.5012077689170837,1
0.5240135192871094,1
0.5981308221817017,1
0.5124467611312866,1
0.5269984602928162,1
0.5106807351112366,1
0.5287618041038513,1
0.562183141708374,1
0.47819942235946655,1
0.5065537095069885,1
0.5228357911109924,1
0.5533968806266785,1
0.5618376135826111,1
0.5533618330955505,1
0.4988812804222107,1
0.5529725551605225,1
0.6246812343597412,1
0.5568466186523438,1
0.5552570819854736,1
0.49566906690597534,1
0.5370438098907471,1
0.5013192892074585,1
0.5741540789604187,1
0.5446404814720154,1
0.5380960702896118,1
0.5570720434188843,1
0.529485821723938,1
0.5371134281158447,1
0.5146865844726563,1
0.5613998174667358,1
0.540732741355896,1
0.536394476890564,1
0.5791430473327637,1
0.5829287767410278,1
0.5254815816879272,1
0.5880094766616821,1
0.5910582542419434,1
0.5330138206481934,1
0.5032308101654053,1
0.5287156105041504,1
0.5981048345565796,1
0.5483682155609131,1
0.49430760741233826,1
0.5222047567367554,1
0.5149194002151489,1
0.5820074081420898,1
0.5796384215354919,1
0.5341627597808838,1
0.49488046765327454,1
0.5814193487167358,1
0.5535222291946411,1
0.5379188060760498,1
0.5062446594238281,1
0.5189438462257385,1
0.5157564878463745,1
0.5387169122695923,1
0.5340690612792969,1
0.5028126239776611,1
0.5168753862380981,1
0.5639249086380005,1
0.5660398006439209,1
0.5337781310081482,1
0.5095357894897461,1
0.5492923855781555,1
0.5598790049552917,1
0.6196706891059875,1
0.5590071678161621,1
0.5425589084625244,1
0.5270958542823792,1
0.5847878456115723,1
0.6027914881706238,1
0.5710300207138062,1
0.4920031726360321,1
0.49987107515335083,1
0.5572454929351807,1
0.5400388836860657,1
0.5898747444152832,1
0.5382872819900513,1
0.5698540210723877,1
0.5293278694152832,1
0.49416881799697876,1
0.5160820484161377,1
0.5200498700141907,1
0.5266896486282349,1
0.54411780834198,1
0.5211119055747986,1
0.5829014778137207,1
0.5160037279129028,1
0.5289006233215332,1
0.5780854225158691,1
0.5362890362739563,1
0.5573643445968628,1
0.5383577346801758,1
0.5917152762413025,1
0.5408366918563843,1
0.5179782509803772,1
0.5067733526229858,1
0.543878436088562,1
0.5481187701225281,1
0.5798028707504272,1
0.5052067041397095,1
0.4978972375392914,1
0.4897749423980713,1
0.5431151390075684,1
0.5499073266983032,1
0.5216642618179321,1
0.5598036050796509,1
0.5410572290420532,1
0.5255717039108276,1
0.5068203210830688,1
0.5359635949134827,1
0.5080558657646179,1
0.4757157564163208,1
0.49342450499534607,1
0.5484637022018433,1
0.507310152053833,1
0.5354156494140625,1
0.5161223411560059,1
0.532262921333313,1
0.5129081606864929,1
0.49479544162750244,1
0.5009812712669373,1
0.5190616846084595,1
0.5453307628631592,1
0.5508687496185303,1
0.4916782081127167,1
0.5711413025856018,1
0.5684075355529785,1
0.572839617729187,1
0.5460332632064819,1
0.520862340927124,1
0.49242275953292847,1
0.5806390047073364,1
0.5409637689590454,1
0.5307117700576782,1
0.5063157081604004,1
0.5764874219894409,1
0.5573737025260925,1
0.530288577079773,1
0.56605064868927,1
0.6053003072738647,1
0.498546302318573,1
0.5506737232208252,1
0.556525707244873,1
0.575875997543335,1
0.539584755897522,1
0.5008774995803833,1
0.4709514379501343,1
0.5384625196456909,1
0.4841110408306122,1
0.5428521037101746,1
0.554842472076416,1
0.5319719314575195,1
0.5445734262466431,1
0.5264962911605835,1
0.5450560450553894,1
0.5747262239456177,1
0.5395441651344299,1
0.5468059778213501,1
0.4987509846687317,1
0.5693952441215515,1
0.5769195556640625,1
0.47828593850135803,1
0.5205880403518677,1
0.5495700240135193,1
0.5415078401565552,1
0.5371376872062683,1
0.5122849345207214,1
0.556693434715271,1
0.5927590131759644,1
0.4986639618873596,1
0.5329325199127197,1
0.5555286407470703,1
0.5686736106872559,1
0.5227212905883789,1
0.5742656588554382,1
0.530493974685669,1
0.525501012802124,1
0.46213656663894653,1
0.5547802448272705,1
0.5918941497802734,1
0.5525261163711548,1
0.5025401711463928,1
0.4992082118988037,1
0.5430432558059692,1
0.5198429822921753,1
0.5453433990478516,1
0.5139032006263733,1
0.556302547454834,1
0.5407847762107849,1
0.5775015354156494,1
0.5168881416320801,1
0.5344789028167725,1
0.528949499130249,1
0.5434896945953369,1
0.5262311100959778,1
0.4881805181503296,1
0.5286825299263,1
0.5484365224838257,1
0.5188751816749573,1
0.5002263784408569,1
0.5610768795013428,1
0.5223749876022339,1
0.5589359998703003,1
0.5315132141113281,1
0.5133287906646729,1
0.5158767700195313,1
0.48975223302841187,1
0.5520765781402588,1
0.5042843818664551,1
0.5169718265533447,1
0.5912657976150513,1
0.548913836479187,1
0.5086163282394409,1
0.5432528853416443,1
0.5506561398506165,1
0.5198055505752563,1
0.5630701780319214,1
0.5171299576759338,1
0.529136061668396,1
0.5721608996391296,1
0.5114600658416748,1
0.5494295358657837,1
0.5159522294998169,1
0.5381063222885132,1
0.5199441909790039,1
0.5413793325424194,1
0.49657997488975525,1
0.525748610496521,1
0.5082677006721497,1
0.4927266240119934,1
0.5644923448562622,1
0.5090816020965576,1
0.5397359132766724,1
0.5213459730148315,1
0.5498700141906738,1
0.5125765800476074,1
0.5025606155395508,1
0.5179787874221802,1
0.5375440120697021,1
0.5059909224510193,1
0.5278302431106567,1
0.5180466175079346,1
0.5713511109352112,1
0.49175673723220825,1
0.5133534669876099,1
0.6020171046257019,1
0.5815399289131165,1
0.5235036611557007,1
0.5298334956169128,1
0.6006144881248474,1
0.534984827041626,1
0.5487093925476074,1
0.5087058544158936,1
0.49237513542175293,1
0.5335949659347534,1
0.5734343528747559,1
0.516032338142395,1
0.477120578289032,1
0.4697592854499817,1
0.48744696378707886,1
0.5455093383789063,1
0.5466516613960266,1
0.5514960289001465,1
0.5277028679847717,1
0.5376613140106201,1
0.5422714948654175,1
0.5620582103729248,1
0.519964873790741,1
0.5098952054977417,1
0.5301797986030579,1
0.5172843933105469,1
0.518261730670929,1
0.5409586429595947,1
0.5315145254135132,1
0.5260868668556213,1
0.5196235179901123,1
0.5467180013656616,1
0.5408599376678467,1
0.5470865368843079,1
0.4620899260044098,1
0.5387172698974609,1
0.5492409467697144,1
0.5447511672973633,1
0.5169693827629089,1
0.5241450667381287,1
0.5874618291854858,1
0.538089394569397,1
0.543012797832489,1
0.47075390815734863,1
0.4914994239807129,1
0.5004363059997559,1
0.5368282198905945,1
0.6100755929946899,1
0.5346909165382385,1
0.538593053817749,1
0.4865536689758301,1
0.556602954864502,1
0.5768594741821289,1
0.5367599725723267,1
0.5993771553039551,1
0.5046589374542236,1
0.5692856311798096,1
0.5267824530601501,1
0.5643323063850403,1
0.5343565344810486,1
0.5220016241073608,1
0.5532659888267517,1
0.5573601722717285,1
0.5260928869247437,1
0.5158677101135254,1
0.510239839553833,1
0.5392419099807739,1
0.5106700658798218,1
0.6165823936462402,1
0.563956618309021,1
0.558391273021698,1
0.5408059358596802,1
0.5450857877731323,1
0.4809541702270508,1
0.5075216889381409,1
0.5978550314903259,1
0.6067734956741333,1
0.5204195380210876,1
0.5390797257423401,1
0.5637342929840088,1
0.5427932739257813,1
0.5772607326507568,1
0.5783200263977051,1
0.5522284507751465,1
0.5238785743713379,1
0.556587815284729,1
0.5044093132019043,1
0.5479840040206909,1
0.5366200804710388,1
0.575148344039917,1
0.5059651136398315,1
0.5216585397720337,1
0.5355734825134277,1
0.5349721312522888,1
0.541966438293457,1
0.5348876714706421,1
0.6119223833084106,1
0.5185337066650391,1
0.5667076110839844,1
0.5177029371261597,1
0.5442056655883789,1
0.5101439952850342,1
0.5421704053878784,1
0.5603410601615906,1
0.5257577896118164,1
0.5683575868606567,1
0.5418664216995239,1
0.5265793800354004,1
0.49322277307510376,1
0.5409986972808838,1
0.5180162191390991,1
0.5793602466583252,1
0.519771933555603,1
0.5473179817199707,1
0.5099893808364868,1
0.5372099280357361,1
0.5597981810569763,1
0.5228832960128784,1
0.5548008680343628,1
0.5652551651000977,1
0.5851325988769531,1
0.4984605312347412,1
0.605424702167511,1
0.5317492485046387,1
0.5310698747634888,1
0.5641372203826904,1
0.5716692805290222,1
0.6129584312438965,1
0.5514189004898071,1
0.547832727432251,1
0.4797799587249756,1
0.5118659734725952,1
0.5118064880371094,1
0.6059220433235168,1
0.5764449834823608,1
0.5264525413513184,1
0.5128524899482727,1
0.550595760345459,1
0.5375432968139648,1
0.5323899984359741,1
0.5215065479278564,1
0.5642642974853516,1
0.5290464162826538,1
0.5573463439941406,1
0.5021697878837585,1
0.5911276340484619,1
0.5382339358329773,1
0.5432190895080566,1
0.518763542175293,1
0.5810352563858032,1
0.5174427032470703,1
0.5484395027160645,1
0.5553503036499023,1
0.5300576686859131,1
0.5426188111305237,1
0.543870210647583,1
0.5034105777740479,1
0.5058087706565857,1
0.5121691226959229,1
0.5327157974243164,1
0.600317120552063,1
0.5344432592391968,1
0.5394208431243896,1
0.5602147579193115,1
0.5511232614517212,1
0.49431905150413513,1
0.5887011289596558,1
0.5586186647415161,1
0.463190495967865,1
0.5411713123321533,1
0.5340204238891602,1
0.5096800923347473,1
0.5154129266738892,1
0.5510441064834595,1
0.5335904359817505,1
0.5516626834869385,1
0.5899449586868286,1
0.4977363348007202,1
0.5044280886650085,1
0.5204089879989624,1
0.523713231086731,1
0.5129283666610718,1
0.5269973874092102,1
0.5650558471679688,1
0.5430387258529663,1
0.5792688131332397,1
0.5038743019104004,1
0.5175633430480957,1
0.5530087947845459,1
0.5385439395904541,1
0.49471908807754517,1
0.5802958011627197,1
0.4682166874408722,1
0.5548281669616699,1
0.5647039413452148,1
0.506380558013916,1
0.5131032466888428,1
0.5704431533813477,1
0.5399287939071655,1
0.5435832738876343,1
0.5781147480010986,1
0.551132082939148,1
0.5076165199279785,1
0.5016887187957764,1
0.5611623525619507,1
0.5339781045913696,1
0.5317981243133545,1
0.502505898475647,1
0.5437970161437988,1
0.5362299680709839,1
0.5818840861320496,1
0.5577640533447266,1
0.5606999397277832,1
0.4571416974067688,1
0.5479521751403809,1
0.5384955406188965,1
0.5378512144088745,1
0.6076048016548157,1
0.5182836651802063,1
0.5547962188720703,1
0.5924415588378906,1
0.49267882108688354,1
0.5252454280853271,1
0.5525656938552856,1
0.5725841522216797,1
0.5174785852432251,1
0.5353356599807739,1
0.5375657677650452,1
0.5874382853507996,1
0.5527216792106628,1
0.5573877096176147,1
0.5158483982086182,1
0.504351019859314,1
0.49926239252090454,1
0.6043835878372192,1
0.5440307855606079,1
0.5554496645927429,1
0.5090205073356628,1
0.510563850402832,1
0.525279700756073,1
0.5193967223167419,1
0.5366766452789307,1
0.518112063407898,1
0.5566256046295166,1
0.5655151009559631,1
0.49581262469291687,1
0.506127119064331,1
0.5578659772872925,1
0.5533756613731384,1
0.5317394137382507,1
0.5060827732086182,1
0.4914220869541168,1
0.5420811176300049,1
0.587011992931366,1
0.5494421124458313,1
0.5498271584510803,1
0.5100066661834717,1
0.566764771938324,1
0.5467076301574707,1
0.526141881942749,1
0.5194422602653503,1
0.5512118339538574,1
0.5466912984848022,1
0.48808997869491577,1
0.5481150150299072,1
0.52910315990448,1
0.5118030309677124,1
0.57302325963974,1
0.52781081199646,1
0.4772583246231079,1
0.5021361112594604,1
0.5117252469062805,1
0.5190398097038269,1
0.5408969521522522,1
0.5825761556625366,1
0.49718165397644043,1
0.49524497985839844,1
0.5842236280441284,1
0.5652924180030823,1
0.5940973162651062,1
0.539405107498169,1
0.5294360518455505,1
0.5022042393684387,1
0.5710071325302124,1
0.5419102907180786,1
0.5080618858337402,1
0.5463685989379883,1
0.5658831000328064,1
0.5813931226730347,1
0.5678104162216187,1
0.5663884282112122,1
0.5435831546783447,1
0.5269055962562561,1
0.5019339323043823,1
0.5621960163116455,1
0.5567542314529419,1
0.5563613176345825,1
0.526991605758667,1
0.5067832469940186,1
0.48881134390830994,1
0.495930939912796,1
0.5301831364631653,1
0.5139552354812622,1
0.6155773401260376,1
0.5663737058639526,1
0.49581179022789,1
0.5432634353637695,1
0.5522350668907166,1
0.5184024572372437,1
0.5610018968582153,1
0.5285444855690002,1
0.52097088098526,1
0.5464963912963867,1
0.5452209115028381,1
0.5022090673446655,1
0.5273205041885376,1
0.5479719638824463,1
0.5806398987770081,1
0.5413825511932373,1
0.5497803092002869,1
0.542699933052063,1
0.5292481780052185,1
0.5952010750770569,1
0.53624427318573,1
0.5258411169052124,1
0.5393857359886169,1
0.5329874753952026,1
0.5134280920028687,1
0.5289338827133179,1
0.5362482070922852,1
0.44929414987564087,1
0.5611310601234436,1
0.5512047410011292,1
0.5368048548698425,1
0.5608202815055847,1
0.5447475910186768,1
0.5168665647506714,1
0.5245431065559387,1
0.5189489126205444,1
0.495782732963562,1
0.5241773724555969,1
0.6182271242141724,1
0.566213846206665,1
0.5587462186813354,1
0.5423032641410828,1
0.5097827911376953,1
0.5837419033050537,1
0.5303518772125244,1
0.543786883354187,1
0.514153242111206,1
0.5879848003387451,1
0.5861466526985168,1
0.5372805595397949,1
0.5480929613113403,1
0.5270001888275146,1
0.5175459384918213,1
0.5738766193389893,1
0.506496250629425,1
0.556310772895813,1
0.5533207058906555,1
0.5239167213439941,1
0.5600216388702393,1
0.4809502363204956,1
0.5491244792938232,1
0.4934467375278473,1
0.5678610801696777,1
0.5367897748947144,1
0.5487088561058044,1
0.5134376883506775,1
0.4264815151691437,1
0.5351424813270569,1
0.4999270439147949,1
0.5360718965530396,1
0.556674599647522,1
0.5122170448303223,1
0.5710065960884094,1
0.5058397650718689,1
0.5167258977890015,1
0.5208524465560913,1
0.5934786200523376,1
0.4969961643218994,1
0.564633846282959,1
0.5177080631256104,1
0.5602835416793823,1
0.5381067991256714,1
0.5207841992378235,1
0.5117034316062927,1
0.4871194660663605,1
0.5533041954040527,1
0.5085552930831909,1
0.5052715539932251,1
0.4932754635810852,1
0.5055353045463562,1
0.5152701735496521,1
0.5806465148925781,1
0.5789840221405029,1
0.5247498154640198,1
0.5412421226501465,1
0.5340425968170166,1
0.4868934452533722,1
0.5309014320373535,1
0.5851091742515564,1
0.4908411502838135,1
0.5539849996566772,1
0.5095185041427612,1
0.5426226854324341,1
0.5170658230781555,1
0.5209635496139526,1
0.5403180122375488,1
0.5161503553390503,1
0.4821634292602539,1
0.5322616100311279,1
0.5227635502815247,1
0.5326718091964722,1
0.520912766456604,1
0.5300922393798828,1
0.5409877300262451,1
0.5494347214698792,1
0.5897719860076904,1
0.5124648809432983,1
0.5048770308494568,1
0.5437078475952148,1
0.551357626914978,1
0.49845558404922485,1
0.5772891044616699,1
0.5720788240432739,1
0.5152362585067749,1
0.5236220359802246,1
0.48766931891441345,1
0.5212709903717041,1
0.5373858213424683,1
0.5384629964828491,1
0.5406691431999207,1
0.4848359227180481,1
0.5419589281082153,1
0.6086881160736084,1
0.5988187789916992,1
0.5311727523803711,1
0.5306636691093445,1
0.5539566278457642,1
0.5837424397468567,1
0.5331405401229858,1
0.532072901725769,1
0.5232037901878357,1
0.553554117679596,1
0.5285587310791016,1
0.4861324429512024,1
0.5286600589752197,1
0.5056930780410767,1
0.5403187274932861,1
0.5260642766952515,1
0.6141477823257446,1
0.523806095123291,1
0.5236443281173706,1
0.5146205425262451,1
0.5386115312576294,1
0.503212034702301,1
0.5852512121200562,1
0.5347802042961121,1
0.5645702481269836,1
0.5631787776947021,1
0.5640451312065125,1
0.5152308940887451,1
0.5332368612289429,1
0.6149100065231323,1
0.5249348878860474,1
0.5468400716781616,1
0.5293417572975159,1
0.5326848030090332,1
0.559176504611969,1
0.482180118560791,1
0.5584185719490051,1
0.5630477666854858,1
0.5093139410018921,1
0.4944978952407837,1
0.542412519454956,1
0.5530555844306946,1
0.5132687091827393,1
0.4906805157661438,1
0.5062221884727478,1
0.5726377964019775,1
0.5276875495910645,1
0.5217931270599365,1
0.5493394136428833,1
0.5911535024642944,1
0.575122594833374,1
0.44603806734085083,1
0.560421347618103,1
0.5565274953842163,1
0.5677560567855835,1
0.5076836943626404,1
0.5149694085121155,1
0.5458213090896606,1
0.5421651601791382,1
0.49797436594963074,1
0.5379791855812073,1
0.49785059690475464,1
0.4943806231021881,1
0.5613546371459961,1
0.5559384822845459,1
0.5708492994308472,1
0.5515309572219849,1
0.5378729104995728,1
0.539962649345398,1
0.5697602033615112,1
0.5503133535385132,1
0.5386271476745605,1
0.5090392231941223,1
0.49094998836517334,1
0.5314604043960571,1
0.5429866313934326,1
0.5410616397857666,1
0.5832453966140747,1
0.4945281147956848,1
0.5266692638397217,1
0.5899674296379089,1
0.5228345394134521,1
0.5258533954620361,1
0.5345849990844727,1
0.5375393033027649,1
0.52263343334198,1
0.5732439756393433,1
0.5275206565856934,1
0.5659381151199341,1
0.5006958842277527,1
0.521395206451416,1
0.5113915205001831,1
0.5429952144622803,1
0.5243805646896362,1
0.5477852821350098,1
0.6007847189903259,1
0.5255464315414429,1
0.564196765422821,1
0.5960544347763062,1
0.5370566844940186,1
0.6002388596534729,1
0.5382400155067444,1
0.5327259302139282,1
0.5358459949493408,1
0.5605872273445129,1
0.5290449857711792,1
0.5663164258003235,1
0.5337888598442078,1
0.5337730646133423,1
0.512626051902771,1
0.49498677253723145,1
0.594601035118103,1
0.5928932428359985,1
0.5931899547576904,1
0.6328941583633423,1
0.5596351623535156,1
0.5941084623336792,1
0.5201060771942139,1
0.5453997254371643,1
0.5338956713676453,1
0.5352432727813721,1
0.565116286277771,1
0.5448409914970398,1
0.5485363006591797,1
0.5618529319763184,1
0.5219427943229675,1
0.5378372669219971,1
0.5530144572257996,1
0.5184082388877869,1
0.5537483096122742,1
0.571025013923645,1
0.5111449956893921,1
0.5304527878761292,1
0.5130467414855957,1
0.5286158919334412,1
0.5092931985855103,1
0.5553961396217346,1
0.5674889087677002,1
0.5033197402954102,1
0.5148827433586121,1
0.5661156177520752,1
0.5582150220870972,1
0.49179816246032715,1
0.5619513988494873,1
0.5613281726837158,1
0.5088202357292175,1
0.5392360687255859,1
0.5526612997055054,1
0.49921926856040955,1
0.5572892427444458,1
0.4990699887275696,1
0.5893886685371399,1
0.5527470111846924,1
0.5849345922470093,1
0.5880327224731445,1
0.5494203567504883,1
0.5184832215309143,1
0.5808550119400024,1
0.55325847864151,1
0.5296956300735474,1
0.5104877948760986,1
0.5493332743644714,1
0.47013014554977417,1
0.5046374201774597,1
0.5361155867576599,1
0.5485405921936035,1
0.53448486328125,1
0.5901831388473511,1
0.5004987716674805,1
0.5525295734405518,1
0.5007180571556091,1
0.5271732807159424,1
0.5854003429412842,1
0.5878739356994629,1
0.5229570865631104,1
0.5528042912483215,1
0.5462534427642822,1
0.49740198254585266,1
0.5209168195724487,1
0.4825025200843811,1
0.5278390645980835,1
0.5228641629219055,1
0.5319638252258301,1
0.5178838968276978,1
0.5336631536483765,1
0.5206745266914368,1
0.562004566192627,1
0.5259107947349548,1
0.5570493936538696,1
0.5677865743637085,1
0.5388014316558838,1
0.5082467198371887,1
0.5061221122741699,1
0.4996982216835022,1
0.5001118183135986,1
0.5442098379135132,1
0.5620896816253662,1
0.5150223970413208,1
0.5194586515426636,1
0.5320777893066406,1
0.5378500819206238,1
0.5018101930618286,1
0.5245009660720825,1
0.48741716146469116,1
0.5412957668304443,1
0.5571408867835999,1
0.5070550441741943,1
0.5685943365097046,1
0.5334599614143372,1
0.4520813822746277,1
0.5988878011703491,1
0.500836968421936,1
0.5514943599700928,1
0.5994391441345215,1
0.5211631059646606,1
0.5290870666503906,1
0.581879198551178,1
0.5043541789054871,1
0.5428527593612671,1
0.5623703002929688,1
0.5619250535964966,1
0.5182645320892334,1
0.5430476665496826,1
0.4672902822494507,1
0.5434737205505371,1
0.5360145568847656,1
0.49792829155921936,1
0.5867843627929688,1
0.5449858903884888,1
0.5816415548324585,1
0.5082448124885559,1
0.6110538244247437,1
0.4794289171695709,1
0.5342941284179688,1
0.5903642177581787,1
0.529707670211792,1
0.5498419404029846,1
0.5677138566970825,1
0.4974188506603241,1
0.5027850270271301,1
0.5770170092582703,1
0.5306311845779419,1
0.5323511958122253,1
0.540526270866394,1
0.5011612176895142,1
0.5272514820098877,1
0.5474052429199219,1
0.533639669418335,1
0.54425448179245,1
0.5399943590164185,1
0.5969729423522949,1
0.5492519736289978,1
0.5599338412284851,1
0.5433619022369385,1
0.5102214217185974,1
0.5172078609466553,1
0.5728951692581177,1
0.4953424334526062,1
0.561705470085144,1
0.5420401692390442,1
0.5441069006919861,1
0.5597360134124756,1
0.5438213348388672,1
0.5338753461837769,1
0.4794921278953552,1
0.5213547348976135,1
0.5440115928649902,1
0.5300283432006836,1
0.5608457326889038,1
0.5419701337814331,1
0.5291941165924072,1
0.5855786800384521,1
0.5339701175689697,1
0.5221555233001709,1
0.5311948657035828,1
0.5181695222854614,1
0.5801277160644531,1
0.5115009546279907,1
0.5286252498626709,1
0.5597527027130127,1
0.5631455183029175,1
0.5515705347061157,1
0.5139507055282593,1
0.48984524607658386,1
0.5973316431045532,1
0.5681049227714539,1
0.5107617974281311,1
0.5428411960601807,1
0.5613207817077637,1
0.5431819558143616,1
0.5048400163650513,1
0.5536453723907471,1
0.5587226152420044,1
0.5587327480316162,1
0.4863520860671997,1
0.534793496131897,1
0.5940179228782654,1
0.5474408864974976,1
0.5566913485527039,1
0.5365157723426819,1
0.5525057911872864,1
0.5357857346534729,1
0.5716187953948975,1
0.5544458031654358,1
0.5637071132659912,1
0.49522238969802856,1
0.5516467094421387,1
0.5409809350967407,1
0.5651537179946899,1
0.549858808517456,1
0.5649698972702026,1
0.5475447773933411,1
0.5134165287017822,1
0.4932248592376709,1
0.5269024968147278,1
0.5664870738983154,1
0.5495319366455078,1
0.5654305219650269,1
0.5579266548156738,1
0.5571855306625366,1
0.5154094696044922,1
0.5216861367225647,1
0.5558305978775024,1
0.555938720703125,1
0.5250046849250793,1
0.5241928100585938,1
0.502852737903595,1
0.5756392478942871,1
0.536506175994873,1
0.5527143478393555,1
0.5698471069335938,1
0.5064069032669067,1
0.4905257821083069,1
0.6412032842636108,1
0.5238254070281982,1
0.5003276467323303,1
0.5399458408355713,1
0.5421488285064697,1
0.5221729278564453,1
0.5278117060661316,1
0.48667633533477783,1
0.4921981692314148,1
0.5288500785827637,1
0.5817025899887085,1
0.553719162940979,1
0.549125075340271,1
0.4969996213912964,1
0.528515100479126,1
0.581264853477478,1
0.5286296010017395,1
0.6008075475692749,1
0.5205992460250854,1
0.501816987991333,1
0.5486298203468323,1
0.5175557136535645,1
0.5046910047531128,1
0.5380725860595703,1
0.5412743091583252,1
0.5514837503433228,1
0.5800784230232239,1
0.5520366430282593,1
0.5543653964996338,1
0.5409421920776367,1
0.5569086670875549,1
0.529105544090271,1
0.5415338277816772,1
0.5175609588623047,1
0.5327780246734619,1
0.5487638711929321,1
0.49684393405914307,1
0.4979333281517029,1
0.505150556564331,1
0.5096458196640015,1
0.5055108070373535,1
0.504676342010498,1
0.4987192749977112,1
0.5714322328567505,1
0.5975210070610046,1
0.5327271223068237,1
0.506658673286438,1
0.5417122840881348,1
0.5414764881134033,1
0.532467246055603,1
0.4720854163169861,1
0.5043127536773682,1
0.5129421949386597,1
0.5183559060096741,1
0.541263222694397,1
0.5386591553688049,1
0.5071723461151123,1
0.48988503217697144,1
0.5304406881332397,1
0.4804626405239105,1
0.5605283975601196,1
0.5548839569091797,1
0.5684404373168945,1
0.572635293006897,1
0.48459842801094055,1
0.5455855131149292,1
0.5204914808273315,1
0.5351506471633911,1
0.5458195209503174,1
0.5219544768333435,1
0.5645484924316406,1
0.564794659614563,1
0.5381217002868652,1
0.5574129819869995,1
0.5247678756713867,1
0.567244291305542,1
0.493977814912796,1
0.5464338660240173,1
0.5924978852272034,1
0.5732166767120361,1
0.5903679132461548,1
0.5785011053085327,1
0.5304641127586365,1
0.5538302659988403,1
0.5388616919517517,1
0.536064624786377,1
0.5356025099754333,1
0.5433389544487,1
0.5091662406921387,1
0.5110028982162476,1
0.5150828957557678,1
0.5309575796127319,1
0.5144670009613037,1
0.5502969026565552,1
0.4912135601043701,1
0.5307674407958984,1
0.5063632130622864,1
0.5185475945472717,1
0.5595167279243469,1
0.5321716070175171,1
0.5590473413467407,1
0.5399643182754517,1
0.5147658586502075,1
0.5712645053863525,1
0.536271870136261,1
0.517099142074585,1
0.5545728206634521,1
0.5262526869773865,1
0.5363501310348511,1
0.49913033843040466,1
0.5481985807418823,1
0.5697106122970581,1
0.5409072637557983,1
0.5620579719543457,1
0.5229317545890808,1
0.5628906488418579,1
0.5529628396034241,1
0.6346703767776489,1
0.48204296827316284,1
0.5480960607528687,1
0.5343841314315796,1
0.531592607498169,1
0.5398966073989868,1
0.5548738241195679,1
0.5507820248603821,1
0.5547373294830322,1
0.5473719835281372,1
0.5527880787849426,1
0.5628532767295837,1
0.5547904968261719,1
0.585071325302124,1
0.5145060420036316,1
0.5615322589874268,1
0.5644912123680115,1
0.5791652202606201,1
0.47446879744529724,1
0.5452226400375366,1
0.5131468176841736,1
0.47899436950683594,1
0.5317946672439575,1
0.5609027147293091,1
0.5376361608505249,1
0.5405696034431458,1
0.543516993522644,1
0.5403726100921631,1
0.4872901737689972,1
0.5415422320365906,1
0.5178325176239014,1
0.5586488246917725,1
0.5688242316246033,1
0.5154954195022583,1
0.5618155002593994,1
0.5623992085456848,1
0.5450727939605713,1
0.5124046206474304,1
0.5167499780654907,1
0.473013699054718,1
0.5625274777412415,1
0.5597960352897644,1
0.566799521446228,1
0.5679927468299866,1
0.5398001074790955,1
0.5405354499816895,1
0.6098193526268005,1
0.5587326288223267,1
0.5109084844589233,1
0.5324131846427917,1
0.5119748115539551,1
0.5464204549789429,1
0.49466797709465027,1
0.5424633622169495,1
0.5523017644882202,1
0.5537118315696716,1
0.5748785138130188,1
0.5683214664459229,1
0.5127129554748535,1
0.5019524097442627,1
0.5559554100036621,1
0.5579955577850342,1
0.5385836958885193,1
0.5273689031600952,1
0.504073977470398,1
0.5250252485275269,1
0.5505746006965637,1
0.5022363662719727,1
0.5471141338348389,1
0.5396630764007568,1
0.5333573222160339,1
0.519130289554596,1
0.5554001331329346,1
0.5468331575393677,1
0.5981489419937134,1
0.5372011661529541,1
0.5031287670135498,1
0.5218303203582764,1
0.4834921956062317,1
0.49926090240478516,1
0.521699070930481,1
0.6180850267410278,1
0.5151959657669067,1
0.526512861251831,1
0.49283987283706665,1
0.579744279384613,1
0.5489183068275452,1
0.5308672189712524,1
0.5550972819328308,1
0.5167213678359985,1
0.5499386191368103,1
0.511599600315094,1
0.5322796106338501,1
0.6013801097869873,1
0.5268440842628479,1
0.5497590899467468,1
0.513964056968689,1
0.5235501527786255,1
0.5224877595901489,1
0.5439575910568237,1
0.513317346572876,1
0.5958807468414307,1
0.5586013793945313,1
0.5194168090820313,1
0.5186510682106018,1
0.5592454075813293,1
0.5332974195480347,1
0.5077958106994629,1
0.5381866693496704,1
0.4954749643802643,1
0.6015139818191528,1
0.5882166028022766,1
0.5255863666534424,1
0.5889672040939331,1
0.56272292137146,1
0.5153168439865112,1
0.5430902242660522,1
0.5494502782821655,1
0.4934997856616974,1
0.5043649077415466,1
0.5376564264297485,1
0.5490050911903381,1
0.6191155314445496,1
0.5803850293159485,1
0.5296357870101929,1
0.5426204204559326,1
0.560258150100708,1
0.5036376118659973,1
0.5304830074310303,1
0.5532683730125427,1
0.5148760080337524,1
0.5690691471099854,1
0.5131521224975586,1
0.5476044416427612,1
0.5718303918838501,1
0.5537303686141968,1
0.5228525400161743,1
0.571241557598114,1
0.5221350789070129,1
0.5670722723007202,1
0.5529645681381226,1
0.5341066122055054,1
0.5418053269386292,1
0.5378587245941162,1
0.5368046760559082,1
0.5386913418769836,1
0.5117303133010864,1
0.49772536754608154,1
0.48315292596817017,1
0.49719882011413574,1
0.5440926551818848,1
0.4808836877346039,1
0.5192742943763733,1
0.5392457246780396,1
0.5278818011283875,1
0.5192604660987854,1
0.5447614192962646,1
0.558822751045227,1
0.5516631007194519,1
0.5489108562469482,1
0.5285695195198059,1
0.5360510349273682,1
0.5479365587234497,1
0.5416290760040283,1
0.5446851253509521,1
0.5576199889183044,1
0.4886675477027893,1
0.5691342949867249,1
0.5711812973022461,1
0.49933722615242004,1
0.5292655229568481,1
0.5586674809455872,1
0.5501576662063599,1
0.552547812461853,1
0.5475947260856628,1
0.5647637844085693,1
0.5107376575469971,1
0.5305202603340149,1
0.5004607439041138,1
0.52947998046875,1
0.5075145959854126,1
0.5209413766860962,1
0.5607324838638306,1
0.541610598564148,1
0.5568318963050842,1
0.5229920148849487,1
0.5123924016952515,1
0.5375489592552185,1
0.5745241641998291,1
0.5603059530258179,1
0.5544908046722412,1
0.5461226105690002,1
0.49935173988342285,1
0.551608681678772,1
0.48103517293930054,1
0.5098060965538025,1
0.4577077031135559,1
0.5465062856674194,1
0.5485782623291016,1
0.5253158807754517,1
0.5397319793701172,1
0.5231462717056274,1
0.5295281410217285,1
0.5371534824371338,1
0.5673094987869263,1
0.5048434734344482,1
0.5668540000915527,1
0.5257461071014404,1
0.5323848128318787,1
0.5422755479812622,1
0.4779393672943115,1
0.496224582195282,1
0.5285763144493103,1
0.5638996958732605,1
0.5499513149261475,1
0.5181547403335571,1
0.501484751701355,1
0.5455984473228455,1
0.5387987494468689,1
0.5447771549224854,1
0.5256909728050232,1
0.5286747217178345,1
0.5318628549575806,1
0.512836217880249,1
0.5415350794792175,1
0.5198837518692017,1
0.5278289914131165,1
0.4684242010116577,1
0.5221290588378906,1
0.5369435548782349,1
0.5475636720657349,1
0.516875147819519,1
0.5106579065322876,1
0.5292562246322632,1
0.5176290273666382,1
0.5431885123252869,1
0.5858404636383057,1
0.5229588747024536,1
0.5814992189407349,1
0.569125235080719,1
0.53163743019104,1
0.5542556047439575,1
0.5404744148254395,1
0.4968563914299011,1
0.5564081072807312,1
0.5187019109725952,1
0.5844733715057373,1
0.5301758646965027,1
0.5468488931655884,1
0.5106878280639648,1
0.5658715963363647,1
0.5841585397720337,1
0.534349799156189,1
0.5105596780776978,1
0.5387392044067383,1
0.5243735909461975,1
0.5377293229103088,1
0.5244017243385315,1
0.551466166973114,1
0.5303437113761902,1
0.5493175387382507,1
0.5477453470230103,1
0.5468522310256958,1
0.5552413463592529,1
0.5533469915390015,1
0.5375893115997314,1
0.5748236179351807,1
0.5037489533424377,1
0.5630661249160767,1
0.5605506896972656,1
0.5441221594810486,1
0.5392119288444519,1
0.5701444149017334,1
0.5581861734390259,1
0.5438984632492065,1
0.5142452120780945,1
0.5840365886688232,1
0.5008400082588196,1
0.5440449714660645,1
0.5214301347732544,1
0.5458074808120728,1
0.5246389508247375,1
0.492781400680542,1
0.4875893294811249,1
0.5532050132751465,1
0.5665456652641296,1
0.5113281011581421,1
0.502975583076477,1
0.5241800546646118,1
0.5860344171524048,1
0.5229446291923523,1
0.5769681930541992,1
0.530052900314331,1
0.5154839158058167,1
0.567568302154541,1
0.5500553250312805,1
0.5165356993675232,1
0.5896004438400269,1
0.5332287549972534,1
0.5526968240737915,1
0.5273888111114502,1
0.5580657720565796,1
0.5220217704772949,1
0.5756616592407227,1
0.5360550880432129,1
0.5807230472564697,1
0.554437518119812,1
0.5101989507675171,1
0.5313766002655029,1
0.5208300352096558,1
0.5242745876312256,1
0.5368467569351196,1
0.5600951910018921,1
0.5562853813171387,1
0.5140519142150879,1
0.5296484231948853,1
0.512422502040863,1
0.5058914422988892,1
0.5246166586875916,1
0.5522540211677551,1
0.48419904708862305,1
0.5562052726745605,1
0.540029764175415,1
0.5843652486801147,1
0.5578749775886536,1
0.5804364085197449,1
0.534188985824585,1
0.4760131537914276,1
0.6238373517990112,1
0.5330935716629028,1
0.5123709440231323,1
0.5155445337295532,1
0.5866981148719788,1
0.5550119876861572,1
0.5272426605224609,1
0.5452711582183838,1
0.5471411943435669,1
0.5369901657104492,1
0.5690373182296753,1
0.5455085635185242,1
0.5154467225074768,1
0.5133308172225952,1
0.5436805486679077,1
0.5283527374267578,1
0.5336868762969971,1
0.5036104321479797,1
0.5147523880004883,1
0.52471923828125,1
0.526069164276123,1
0.592805027961731,1
0.5202093124389648,1
0.5691269636154175,1
0.5043426752090454,1
0.563981294631958,1
0.5199107527732849,1
0.5099888443946838,1
0.4893915057182312,1
0.4906730055809021,1
0.5193284749984741,1
0.532974123954773,1
0.5190571546554565,1
0.5136514902114868,1
0.49398118257522583,1
0.4902992248535156,1
0.4768170714378357,1
0.5123375654220581,1
0.5579654574394226,1
0.5660746097564697,1
0.5279874801635742,1
0.5873285531997681,1
0.5391771793365479,1
0.5544754266738892,1
0.5525783896446228,1
0.5126470923423767,1
0.5714709162712097,1
0.5350408554077148,1
0.5087707042694092,1
0.5109285116195679,1
0.5041195750236511,1
0.5481524467468262,1
0.5616258382797241,1
0.5467013120651245,1
0.5781346559524536,1
0.5724027156829834,1
0.5647231340408325,1
0.5372641086578369,1
0.5036095976829529,1
0.4821253716945648,1
0.5876824855804443,1
0.5257352590560913,1
0.5182228684425354,1
0.540346622467041,1
0.6052021980285645,1
0.5501250624656677,1
0.5693890452384949,1
0.5457711219787598,1
0.509045422077179,1
0.5335241556167603,1
0.5511250495910645,1
0.5568294525146484,1
0.5567506551742554,1
0.5325925350189209,1
0.5759234428405762,1
0.5655720829963684,1
0.5136048793792725,1
0.5020514726638794,1
0.48480886220932007,1
0.5408179759979248,1
0.5583388209342957,1
0.5378847718238831,1
0.4986289143562317,1
0.5515908002853394,1
0.5770919322967529,1
0.5566163063049316,1
0.4883226752281189,1
0.5095767974853516,1
0.5118016004562378,1
0.4891887903213501,1
0.5978847146034241,1
0.540664553642273,1
0.51845383644104,1
0.5328472852706909,1
0.510483980178833,1
0.5945317149162292,1
0.5413284301757813,1
0.5447996258735657,1
0.4963087737560272,1
0.5356496572494507,1
0.5561416745185852,1
0.5635848045349121,1
0.5339729189872742,1
0.5342795848846436,1
0.5024017691612244,1
0.515089750289917,1
0.513083815574646,1
0.5460795760154724,1
0.584370493888855,1
0.5216829776763916,1
0.49190664291381836,1
0.5162303447723389,1
0.5228845477104187,1
0.5484527349472046,1
0.5158821940422058,1
0.4620842933654785,1
0.5430053472518921,1
0.5134798884391785,1
0.568916916847229,1
0.5508263111114502,1
0.5141556859016418,1
0.5412462949752808,1
0.5534108877182007,1
0.5026986598968506,1
0.5651552677154541,1
0.5519835948944092,1
0.5532491207122803,1
0.4921281933784485,1
0.5416300296783447,1
0.5386155843734741,1
0.5126714110374451,1
0.5630666613578796,1
0.5715376734733582,1
0.542393147945404,1
0.5454039573669434,1
0.5478352308273315,1
0.5662881135940552,1
0.5425970554351807,1
0.6082371473312378,1
0.579167366027832,1
0.5145994424819946,1
0.5339635610580444,1
0.495744526386261,1
0.5050966143608093,1
0.5332686901092529,1
0.5688482522964478,1
0.5947534441947937,1
0.521658182144165,1
0.5288873314857483,1
0.5271753668785095,1
0.5179557204246521,1
0.6000664830207825,1
0.5100050568580627,1
0.53897625207901,1
0.5549736022949219,1
0.5469532012939453,1
0.5236037373542786,1
0.5431658029556274,1
0.5240856409072876,1
0.539181113243103,1
0.5898767709732056,1
0.5620006322860718,1
0.5445731282234192,1
0.49209344387054443,1
0.5173157453536987,1
0.5448060035705566,1
0.520739734172821,1
0.5324403643608093,1
0.5359467267990112,1
0.5693592429161072,1
0.5805308818817139,1
0.5179118514060974,1
0.5038545727729797,1
0.5165099501609802,1
0.5285851955413818,1
0.5280405879020691,1
0.6438822150230408,1
0.5990988612174988,1
0.5158183574676514,1
0.5008752346038818,1
0.5521849393844604,1
0.5208549499511719,1
0.5327439308166504,1
0.5230701565742493,1
0.5741392374038696,1
0.5133148431777954,1
0.5247747898101807,1
0.5224002003669739,1
0.5609809160232544,1
0.5731039643287659,1
0.5499427318572998,1
0.5286770462989807,1
0.5442234873771667,1
0.5411020517349243,1
0.5869728326797485,1
0.5418070554733276,1
0.4950869679450989,1
0.5219141840934753,1
0.5165324211120605,1
0.5443073511123657,1
0.5474779605865479,1
0.47571632266044617,1
0.5804485082626343,1
0.5581891536712646,1
0.5357396602630615,1
0.5167887210845947,1
0.5387226343154907,1
0.532782793045044,1
0.5251784324645996,1
0.5685312747955322,1
0.5636557936668396,1
0.5165468454360962,1
0.5403444170951843,1
0.508467972278595,1
0.5160048007965088,1
0.5196692943572998,1
0.54747074842453,1
0.5229761004447937,1
0.5318034291267395,1
0.48783060908317566,1
0.5244252681732178,1
0.562002420425415,1
0.4846348166465759,1
0.5513174533843994,1
0.5830536484718323,1
0.5432959794998169,1
0.5562413930892944,1
0.6271634101867676,1
0.5196818113327026,1
0.533352792263031,1
0.536567211151123,1
0.5352635383605957,1
0.5238820910453796,1
0.48419034481048584,1
0.5144805908203125,1
0.5472190380096436,1
0.5552924871444702,1
0.5234198570251465,1
0.48585373163223267,1
0.5313959717750549,1
0.5840258598327637,1
0.5451949238777161,1
0.5215417146682739,1
0.5032603144645691,1
0.5086157321929932,1
0.5584920048713684,1
0.5218721032142639,1
0.5346616506576538,1
0.5172250866889954,1
0.5678404569625854,1
0.5859220027923584,1
0.5621550679206848,1
0.5263614654541016,1
0.5565381050109863,1
0.5624278783798218,1
0.5246682167053223,1
0.5651633143424988,1
0.5437337756156921,1
0.536481499671936,1
0.5104312300682068,1
0.5152698755264282,1
0.5232939720153809,1
0.5123816728591919,1
0.5286450386047363,1
0.5328237414360046,1
0.5786418318748474,1
0.5131038427352905,1
0.48748302459716797,1
0.5167382955551147,1
0.561942458152771,1
0.4918479919433594,1
0.5331628322601318,1
0.519027829170227,1
0.49928081035614014,1
0.4909061789512634,1
0.5340604782104492,1
0.5634433031082153,1
0.5490802526473999,1
0.48580649495124817,1
0.4990992248058319,1
0.5969427824020386,1
0.5398452281951904,1
0.5172554850578308,1
0.508394718170166,1
0.5294708013534546,1
0.5842479467391968,1
0.5304956436157227,1
0.49049273133277893,1
0.5455855131149292,1
0.5457577109336853,1
0.5469547510147095,1
0.5241657495498657,1
0.5476664304733276,1
0.5148948431015015,1
0.6224657297134399,1
0.5639539361000061,1
0.5070079565048218,1
0.556822657585144,1
0.5742396712303162,1
0.5290824174880981,1
0.5277320146560669,1
0.5310099124908447,1
0.49329227209091187,1
0.5707302689552307,1
0.5142149925231934,1
0.5429689288139343,1
0.5220342874526978,1
0.5193493366241455,1
0.5229980945587158,1
0.48645734786987305,1
0.5082354545593262,1
0.5226233601570129,1
0.535453200340271,1
0.5384222269058228,1
0.5763489007949829,1
0.5199071168899536,1
0.533027708530426,1
0.5022523999214172,1
0.5128861665725708,1
0.6054654121398926,1
0.545947790145874,1
0.5063150525093079,1
0.5431549549102783,1
0.5346832871437073,1
0.5222883224487305,1
0.5342403650283813,1
0.5561528205871582,1
0.518767237663269,1
0.5708792209625244,1
0.48555415868759155,1
0.5425089597702026,1
0.514969527721405,1
0.5251182317733765,1
0.521399974822998,1
0.5049965381622314,1
0.5486556887626648,1
0.5900223255157471,1
0.5075266361236572,1
0.5591889023780823,1
0.5222551226615906,1
0.5073297023773193,1
0.5542476177215576,1
0.5800917148590088,1
0.5131441354751587,1
0.5567946434020996,1
0.6014049649238586,1
0.5336235761642456,1
0.5043471455574036,1
0.5087912678718567,1
0.5461503863334656,1
0.529592752456665,1
0.5499913692474365,1
0.49208807945251465,1
0.563515841960907,1
0.543673574924469,1
0.5403145551681519,1
0.528730034828186,1
0.5367209315299988,1
0.5851777791976929,1
0.5187745690345764,1
0.5111960172653198,1
0.5829828381538391,1
0.579325258731842,1
0.5543193817138672,1
0.5238684415817261,1
0.5328535437583923,1
0.5443708896636963,1
0.5362879037857056,1
0.5351014137268066,1
0.56097811460495,1
0.5944110751152039,1
0.5131152868270874,1
0.5635442137718201,1
0.5551426410675049,1
0.5320081114768982,1
0.5509730577468872,1
0.5550365447998047,1
0.554922342300415,1
0.5802944898605347,1
0.6263811588287354,1
0.5481040477752686,1
0.5068157911300659,1
0.5137635469436646,1
0.5759497284889221,1
0.4850635528564453,1
0.4694631099700928,1
0.5320612192153931,1
0.5104395747184753,1
0.5440987944602966,1
0.5651124715805054,1
0.5212604999542236,1
0.5221660137176514,1
0.540758490562439,1
0.5245377421379089,1
0.5502647161483765,1
0.5302081108093262,1
0.5417028069496155,1
0.576755166053772,1
0.5193727612495422,1
0.5227181911468506,1
0.47728052735328674,1
0.5596440434455872,1
0.5268030166625977,1
0.5710605382919312,1
0.542704701423645,1
0.555927038192749,1
0.5485415458679199,1
0.4714650809764862,1
0.5726034641265869,1
0.5417345762252808,1
0.5137290954589844,1
0.5585112571716309,1
0.5298110246658325,1
0.5278096199035645,1
0.5216214656829834,1
0.5345034599304199,1
0.5361777544021606,1
0.5353360176086426,1
0.5559611320495605,1
0.547107458114624,1
0.5770805478096008,1
0.5939469933509827,1
0.5106638669967651,1
0.5423681139945984,1
0.5304314494132996,1
0.5203124284744263,1
0.5568408966064453,1
0.529883861541748,1
0.5111228823661804,1
0.4658660292625427,1
0.507972240447998,1
0.5021992325782776,1
0.565690279006958,1
0.5447717905044556,1
0.49264729022979736,1
0.5601855516433716,1
0.5272932648658752,1
0.5004240274429321,1
0.5257556438446045,1
0.4855572283267975,1
0.5410627126693726,1
0.5143648386001587,1
0.5387610197067261,1
0.5238398313522339,1
0.5454012155532837,1
0.53966224193573,1
0.5968669652938843,1
0.5114567279815674,1
0.5523664355278015,1
0.5340785980224609,1
0.5793933272361755,1
0.50701904296875,1
0.5597670674324036,1
0.5376154184341431,1
0.5983895063400269,1
0.5501407384872437,1
0.5106146335601807,1
0.4784298539161682,1
0.5347089767456055,1
0.5339820384979248,1
0.49286890029907227,1
0.5186277627944946,1
0.5673004388809204,1
0.5582045316696167,1
0.5471440553665161,1
0.4822413921356201,1
0.5812263488769531,1
0.49201446771621704,1
0.5331665873527527,1
0.5133618116378784,1
0.5871095061302185,1
0.5167927145957947,1
0.5524641275405884,1
0.5839738845825195,1
0.5106325149536133,1
0.533873438835144,1
0.4878253638744354,1
0.5664381980895996,1
0.5769475698471069,1
0.49546411633491516,1
0.48350563645362854,1
0.5093587636947632,1
0.5767441987991333,1
0.5216777324676514,1
0.5347640514373779,1
0.5590716600418091,1
0.5033175349235535,1
0.556562066078186,1
0.5761140584945679,1
0.5609430074691772,1
0.5500982403755188,1
0.535313606262207,1
0.5390340089797974,1
0.4932210445404053,1
0.5460295677185059,1
0.5355075597763062,1
0.6084233522415161,1
0.5301082134246826,1
0.5224378705024719,1
0.493637353181839,1
0.5516917109489441,1
0.5602173805236816,1
0.5148254632949829,1
0.5668070316314697,1
0.5220295190811157,1
0.5624328851699829,1
0.5153108835220337,1
0.5721921920776367,1
0.5102559328079224,1
0.5683296918869019,1
0.5215257406234741,1
0.5764992833137512,1
0.6154428124427795,1
0.4896976947784424,1
0.5546876192092896,1
0.5339874625205994,1
0.5471018552780151,1
0.5902062654495239,1
0.534673273563385,1
0.525689423084259,1
0.5066046118736267,1
0.5470223426818848,1
0.5029728412628174,1
0.5594488382339478,1
0.5143759250640869,1
0.5483559370040894,1
0.5223755836486816,1
0.5642867088317871,1
0.5362145900726318,1
0.5335122346878052,1
0.5618640184402466,1
0.5254105925559998,1
0.5415071249008179,1
0.5624796152114868,1
0.5048586130142212,1
0.5157556533813477,1
0.5355507731437683,1
0.5558624267578125,1
0.5599358677864075,1
0.5566408634185791,1
0.5642245411872864,1
0.5484791994094849,1
0.5194354057312012,1
0.4748310446739197,1
0.5526609420776367,1
0.5194460153579712,1
0.47253090143203735,1
0.5376818180084229,1
0.5029317736625671,1
0.6261354684829712,1
0.5430315732955933,1
0.5525975227355957,1
0.5719923973083496,1
0.5906761884689331,1
0.5850151777267456,1
0.5128552913665771,1
0.5086280107498169,1
0.5384725332260132,1
0.4981954097747803,1
0.503559410572052,1
0.5311295986175537,1
0.581447184085846,1
0.5661283731460571,1
0.5218506455421448,1
0.5528548955917358,1
0.5227911472320557,1
0.5442901849746704,1
0.5352938175201416,1
0.575019896030426,1
0.5196511745452881,1
0.5506744980812073,1
0.509865939617157,1
0.5189529657363892,1
0.5120894312858582,1
0.5208754539489746,1
0.5749267935752869,1
0.5322539806365967,1
0.5460187196731567,1
0.5217450261116028,1
0.5098891258239746,1
0.5360528230667114,1
0.5088744163513184,1
0.5897914171218872,1
0.5118108987808228,1
0.5507569313049316,1
0.5642660856246948,1
0.5182538628578186,1
0.5065860748291016,1
0.5556337833404541,1
0.5667697787284851,1
0.5159462690353394,1
0.5805233716964722,1
0.5717624425888062,1
0.537666916847229,1
0.5409692525863647,1
0.5794593691825867,1
0.49176812171936035,1
0.5306143760681152,1
0.5564214587211609,1
0.5576968193054199,1
0.5566577315330505,1
0.5817170143127441,1
0.5174936652183533,1
0.4899855852127075,1
0.5416138172149658,1
0.5158945322036743,1
0.5716298222541809,1
0.5405501127243042,1
0.5488094091415405,1
0.5898000001907349,1
0.5284662246704102,1
0.5098099708557129,1
0.5321764945983887,1
0.565822958946228,1
0.5145905017852783,1
0.5507385730743408,1
0.5467103719711304,1
0.540056586265564,1
0.5985862016677856,1
0.5443342328071594,1
0.5123670101165771,1
0.5231300592422485,1
0.49870243668556213,1
0.5488015413284302,1
0.5116934776306152,1
0.5271224975585938,1
0.5180789232254028,1
0.5078251361846924,1
0.6099050045013428,1
0.47013771533966064,1
0.5068949460983276,1
0.559493899345398,1
0.5662964582443237,1
0.5352509021759033,1
0.5367646217346191,1
0.5172315835952759,1
0.5364243984222412,1
0.4945034384727478,1
0.5633698105812073,1
0.5137597322463989,1
0.5805594325065613,1
0.5517460703849792,1
0.5342828035354614,1
0.5166864991188049,1
0.5560995936393738,1
0.5710920095443726,1
0.49652814865112305,1
0.5627163648605347,1
0.5318326354026794,1
0.5608918070793152,1
0.5337060689926147,1
0.5112955570220947,1
0.5156363844871521,1
0.5302584171295166,1
0.5537624359130859,1
0.5125205516815186,1
0.5110708475112915,1
0.45559170842170715,1
0.5001490116119385,1
0.5216654539108276,1
0.5535783171653748,1
0.5698413252830505,1
0.5833215713500977,1
0.5339911580085754,1
0.533102810382843,1
0.4863530397415161,1
0.5712767839431763,1
0.5314273834228516,1
0.5384761095046997,1
0.5345498323440552,1
0.5607247948646545,1
0.5467668771743774,1
0.5329734086990356,1
0.5099295377731323,1
0.4813396632671356,1
0.5434237122535706,1
0.4895364046096802,1
0.5434733033180237,1
0.5740224123001099,1
0.5497128963470459,1
0.5232420563697815,1
0.5368560552597046,1
0.61592698097229,1
0.5585299730300903,1
0.5463243126869202,1
0.5583459138870239,1
0.5602617263793945,1
0.4745670557022095,1
0.46941766142845154,1
0.5414328575134277,1
0.6029435992240906,1
0.5034749507904053,1
0.5251531600952148,1
0.5299557447433472,1
0.5530970096588135,1
0.5784859657287598,1
0.5436649322509766,1
0.5463501811027527,1
0.4843522310256958,1
0.5402124524116516,1
0.4990662932395935,1
0.5487643480300903,1
0.48372572660446167,1
0.5361018180847168,1
0.5257558822631836,1
0.5263152122497559,1
0.5808875560760498,1
0.4936620593070984,1
0.595571756362915,1
0.543296754360199,1
0.5502252578735352,1
0.5344475507736206,1
0.5309445858001709,1
0.5212749242782593,1
0.5060763955116272,1
0.5383273363113403,1
0.5467272400856018,1
0.5757965445518494,1
0.48334676027297974,1
0.5177838802337646,1
0.4375166893005371,1
0.5417289733886719,1
0.5220180749893188,1
0.5836815237998962,1
0.5317736864089966,1
0.5413316488265991,1
0.5377693176269531,1
0.48614799976348877,1
0.5923318862915039,1
0.5793802738189697,1
0.5174221396446228,1
0.5210519433021545,1
0.5084399580955505,1
0.540651798248291,1
0.5309576988220215,1
0.5465097427368164,1
0.4837089776992798,1
0.6096017360687256,1
0.5404137372970581,1
0.5337483882904053,1
0.5349460244178772,1
0.5502838492393494,1
0.5646443367004395,1
0.5178545713424683,1
0.5501230955123901,1
0.48388540744781494,1
0.5742387771606445,1
0.5934007167816162,1
0.567808210849762,1
0.5332032442092896,1
0.5397337079048157,1
0.5747346878051758,1
0.5535004734992981,1
0.5193116664886475,1
0.5214166641235352,1
0.5551667213439941,1
0.5071912407875061,1
0.5305533409118652,1
0.5406277179718018,1
0.5429069995880127,1
0.5513312816619873,1
0.5619556903839111,1
0.5581765174865723,1
0.5404510498046875,1
0.48768725991249084,1
0.46570444107055664,1
0.5494516491889954,1
0.5233820676803589,1
0.5305441617965698,1
0.536043643951416,1
0.5210179090499878,1
0.5485683679580688,1
0.5695048570632935,1
0.49132800102233887,1
0.5369629859924316,1
0.5774729251861572,1
0.5426064133644104,1
0.5088030695915222,1
0.5768568515777588,1
0.48477187752723694,1
0.521165132522583,1
0.5072306394577026,1
0.5576660633087158,1
0.5342991352081299,1
0.5523874759674072,1
0.5346478223800659,1
0.5098638534545898,1
0.5177062749862671,1
0.5581687092781067,1
0.5829825401306152,1
0.534972608089447,1
0.5728648900985718,1
0.5443442463874817,1
0.518334686756134,1
0.5854068994522095,1
0.5267080068588257,1
0.511530876159668,1
0.5303437113761902,1
0.4805458188056946,1
0.5029028058052063,1
0.5630234479904175,1
0.5945483446121216,1
0.5135889053344727,1
0.5808616280555725,1
0.5305533409118652,1
0.5676576495170593,1
0.5389788150787354,1
0.5286781787872314,1
0.5006030797958374,1
0.5367093682289124,1
0.5446079969406128,1
0.49653321504592896,1
0.5332068204879761,1
0.5238692164421082,1
0.4987035393714905,1
0.5083163976669312,1
0.5364078283309937,1
0.5898547768592834,1
0.5339395999908447,1
0.5527381300926208,1
0.5126563906669617,1
0.5307750701904297,1
0.5763823986053467,1
0.4938368499279022,1
0.5225523710250854,1
0.5208531618118286,1
0.5706685781478882,1
0.5265110731124878,1
0.529813289642334,1
0.6190648078918457,1
0.554411768913269,1
0.490461140871048,1
0.5529553890228271,1
0.5228615403175354,1
0.535237193107605,1
0.5463577508926392,1
0.5172357559204102,1
0.46421802043914795,1
0.5513805150985718,1
0.5302475690841675,1
0.5164952874183655,1
0.5525652170181274,1
0.4909117817878723,1
0.48297441005706787,1
0.5396665334701538,1
0.5573996901512146,1
0.5527459383010864,1
0.5560367107391357,1
0.5487408638000488,1
0.5462013483047485,1
0.5445623397827148,1
0.5255724191665649,1
0.5912818908691406,1
0.5382918119430542,1
0.5309778451919556,1
0.5291463136672974,1
0.5423970222473145,1
0.5865321159362793,1
0.502743124961853,1
0.5344498753547668,1
0.5469103455543518,1
0.5343722105026245,1
0.5082738995552063,1
0.5284464359283447,1
0.5541540384292603,1
0.517316997051239,1
0.501746654510498,1
0.5800613164901733,1
0.560062050819397,1
0.5310130715370178,1
0.5672114491462708,1
0.5138218402862549,1
0.5420108437538147,1
0.5348606705665588,1
0.5315034985542297,1
0.5217044949531555,1
0.5806751847267151,1
0.538604736328125,1
0.5269538164138794,1
0.5408984422683716,1
0.5004743337631226,1
0.5230343341827393,1
0.49401840567588806,1
0.5405932068824768,1
0.4918552339076996,1
0.5510137677192688,1
0.5337940454483032,1
0.5550771951675415,1
0.5479087829589844,1
0.5339778661727905,1
0.5572589039802551,1
0.5673022270202637,1
0.5153580904006958,1
0.5084915161132813,1
0.5444997549057007,1
0.5212827920913696,1
0.5312133431434631,1
0.5448623895645142,1
0.5068917274475098,1
0.5000839233398438,1
0.5248403549194336,1
0.5529615879058838,1
0.5406396985054016,1
0.5282034277915955,1
0.5325882434844971,1
0.5427896976470947,1
0.5365718603134155,1
0.5638422966003418,1
0.47498005628585815,1
0.5079771280288696,1
0.5108930468559265,1
0.5075150728225708,1
0.531406581401825,1
0.4897807538509369,1
0.5178328156471252,1
0.5240592956542969,1
0.5062379240989685,1
0.5013960599899292,1
0.5710598230361938,1
0.5224282145500183,1
0.4777783155441284,1
0.5760896801948547,1
0.5278366804122925,1
0.49632728099823,1
0.5309149026870728,1
0.4907403588294983,1
0.4841833710670471,1
0.5603639483451843,1
0.5344684720039368,1
0.5705211162567139,1
0.48985981941223145,1
0.5432976484298706,1
0.5027203559875488,1
0.5699807405471802,1
0.5264977216720581,1
0.5562402009963989,1
0.5175877213478088,1
0.4907510578632355,1
0.5276072025299072,1
0.508269190788269,1
0.5313798189163208,1
0.5505279302597046,1
0.5205327272415161,1
0.515762209892273,1
0.5691409111022949,1
0.5259763598442078,1
0.4976138472557068,1
0.5734550952911377,1
0.5260506272315979,1
0.550278902053833,1
0.46916258335113525,1
0.5110130906105042,1
0.5609918832778931,1
0.5648589134216309,1
0.49559301137924194,1
0.5608155727386475,1
0.5235997438430786,1
0.5171452760696411,1
0.556431770324707,1
0.5387212038040161,1
0.5906343460083008,1
0.5585084557533264,1
0.5280942320823669,1
0.5318902730941772,1
0.5309115648269653,1
0.5623162388801575,1
0.5328935980796814,1
0.569048285484314,1
0.5027629137039185,1
0.5434083938598633,1
0.5394635200500488,1
0.5029224157333374,1
0.5161281824111938,1
0.5093671083450317,1
0.49429816007614136,1
0.5202836990356445,1
0.5789781808853149,1
0.5414094924926758,1
0.4914281964302063,1
0.551387369632721,1
0.5060324668884277,1
0.5499093532562256,1
0.5007458925247192,1
0.5239287614822388,1
0.4890281558036804,1
0.5550810098648071,1
0.5584077835083008,1
0.5451823472976685,1
0.5313608646392822,1
0.5735092163085938,1
0.5496464967727661,1
0.5380189418792725,1
0.5565453767776489,1
0.5563187599182129,1
0.5391842126846313,1
0.5166292190551758,1
0.5239344239234924,1
0.5316969156265259,1
0.53294837474823,1
0.5348600745201111,1
0.5237549543380737,1
0.47996681928634644,1
0.5850272178649902,1
0.5275925397872925,1
0.4854311943054199,1
0.563633143901825,1
0.527622401714325,1
0.530211329460144,1
0.544134795665741,1
0.5329462289810181,1
0.5505838990211487,1
0.5821565985679626,1
0.5702283382415771,1
0.5521973371505737,1
0.48753994703292847,1
0.509791910648346,1
0.5140842199325562,1
0.472284734249115,1
0.5272702574729919,1
0.5484697818756104,1
0.5070475935935974,1
0.539431095123291,1
0.5497323870658875,1
0.5087391138076782,1
0.5089454650878906,1
0.5007822513580322,1
0.5677636861801147,1
0.5523055195808411,1
0.5332616567611694,1
0.5086678862571716,1
0.5743765830993652,1
0.5148583054542542,1
0.5455325245857239,1
0.4860086441040039,1
0.5122384428977966,1
0.5729916095733643,1
0.5357873439788818,1
0.5350235104560852,1
0.5156956911087036,1
0.5017160773277283,1
0.5183228850364685,1
0.524307131767273,1
0.5362771153450012,1
0.5310112833976746,1
0.5807802081108093,1
0.5282238721847534,1
0.5549365282058716,1
0.5580893754959106,1
0.568462610244751,1
0.5612550973892212,1
0.5943778157234192,1
0.5195341110229492,1
0.5130742788314819,1
0.5447796583175659,1
0.5197364091873169,1
0.5564223527908325,1
0.572087287902832,1
0.5571703910827637,1
0.5419803857803345,1
0.5450407862663269,1
0.5480440855026245,1
0.5132672786712646,1
0.5165268778800964,1
0.5693186521530151,1
0.5290226936340332,1
0.5853340029716492,1
0.4828375279903412,1
0.552825927734375,1
0.5015444755554199,1
0.510307252407074,1
0.48622235655784607,1
0.5424267053604126,1
0.5381197333335876,1
0.5084724426269531,1
0.5093209743499756,1
0.5370636582374573,1
0.5813366174697876,1
0.5462157726287842,1
0.5159642100334167,1
0.5223003029823303,1
0.5391176342964172,1
0.565212607383728,1
0.5126934051513672,1
0.5570652484893799,1
0.4989265203475952,1
0.5955792665481567,1
0.5331515669822693,1
0.5414817333221436,1
0.5489248037338257,1
0.5098500847816467,1
0.5674541592597961,1
0.5659635663032532,1
0.4904032349586487,1
0.5434561967849731,1
0.6151267290115356,1
0.5581707954406738,1
0.5961949825286865,1
0.5793288946151733,1
0.5145869851112366,1
0.5270988345146179,1
0.5120701789855957,1
0.516925036907196,1
0.5064864158630371,1
0.5276735424995422,1
0.5812985897064209,1
0.4968831539154053,1
0.5674290657043457,1
0.5347821712493896,1
0.5494327545166016,1
0.5225870609283447,1
0.5101114511489868,1
0.5236498117446899,1
0.5502727031707764,1
0.5074650049209595,1
0.49137380719184875,1
0.5297943353652954,1
0.5181652307510376,1
0.5551273822784424,1
0.5505901575088501,1
0.5943963527679443,1
0.5307246446609497,1
0.5759036540985107,1
0.5394634008407593,1
0.5597176551818848,1
0.5636236667633057,1
0.5120723247528076,1
0.5322637557983398,1
0.5061702728271484,1
0.5286061763763428,1
0.4992470443248749,1
0.5061370134353638,1
0.5246303081512451,1
0.5413752794265747,1
0.5328478813171387,1
0.541495144367218,1
0.5446426272392273,1
0.5473585724830627,1
0.572699785232544,1
0.5286751985549927,1
0.5687057971954346,1
0.4886825978755951,1
0.5521973371505737,1
0.5890423655509949,1
0.6128159761428833,1
0.5493156909942627,1
0.5138340592384338,1
0.5411117672920227,1
0.5273748636245728,1
0.4646305441856384,1
0.5501961708068848,1
0.5237230658531189,1
0.540556788444519,1
0.5298033952713013,1
0.5077714920043945,1
0.5413700938224792,1
0.513106107711792,1
0.5454661250114441,1
0.5404218435287476,1
0.5452600717544556,1
0.5543822050094604,1
0.5850194096565247,1
0.5886071920394897,1
0.49012207984924316,1
0.5287126898765564,1
0.5188391208648682,1
0.5426996350288391,1
0.5614084601402283,1
0.575663685798645,1
0.5409321188926697,1
0.5095065832138062,1
0.5178700089454651,1
0.5156663656234741,1
0.5698078870773315,1
0.5211896896362305,1
0.5547301769256592,1
0.583091676235199,1
0.5189584493637085,1
0.5227804183959961,1
0.5096356868743896,1
0.483516126871109,1
0.5311341285705566,1
0.5630908608436584,1
0.5709409713745117,1
0.47995448112487793,1
0.5230519771575928,1
0.5280815958976746,1
0.5523449182510376,1
0.5470796823501587,1
0.5137677192687988,1
0.5319826006889343,1
0.5385098457336426,1
0.571016252040863,1
0.5368719100952148,1
0.523107647895813,1
0.5259162187576294,1
0.509827196598053,1
0.5156751871109009,1
0.5390558242797852,1
0.5398522615432739,1
0.5386269092559814,1
0.5927634239196777,1
0.5488021969795227,1
0.5431371927261353,1
0.5013728141784668,1
0.48057788610458374,1
0.5610847473144531,1
0.5548912286758423,1
0.515597403049469,1
0.518474280834198,1
0.5721994042396545,1
0.542244553565979,1
0.5344326496124268,1
0.49143141508102417,1
0.5546565651893616,1
0.49927228689193726,1
0.561316967010498,1
0.5573056936264038,1
0.5716345906257629,1
0.5850898623466492,1
0.5076006054878235,1
0.5275329947471619,1
0.5565512180328369,1
0.5902368426322937,1
0.5442526340484619,1
0.5255143046379089,1
0.5175222754478455,1
0.5572928190231323,1
0.5992342233657837,1
0.5506685972213745,1
0.5445419549942017,1
0.5466939210891724,1
0.4974225163459778,1
0.5129091143608093,1
0.5443320274353027,1
0.5437660217285156,1
0.5767364501953125,1
0.48746421933174133,1
0.5743623971939087,1
0.5704156756401062,1
0.501430332660675,1
0.565660297870636,1
0.5297237634658813,1
0.5067051649093628,1
0.5373185276985168,1
0.5482474565505981,1
0.5938295125961304,1
0.5185163021087646,1
0.5706503391265869,1
0.5605756044387817,1
0.5481369495391846,1
0.4974803030490875,1
0.5548572540283203,1
0.5274658203125,1
0.5260686278343201,1
0.4887138307094574,1
0.570285439491272,1
0.5521823167800903,1
0.5335090160369873,1
0.523737907409668,1
0.5044422149658203,1
0.5485734939575195,1
0.5453938245773315,1
0.5125787258148193,1
0.5170848369598389,1
0.5359971523284912,1
0.5494428277015686,1
0.5238791704177856,1
0.5233714580535889,1
0.4450486898422241,1
0.508682131767273,1
0.6194027662277222,1
0.5019732713699341,1
0.5652335286140442,1
0.5809711217880249,1
0.5901610851287842,1
0.48652195930480957,1
0.5078948140144348,1
0.553122341632843,1
0.532214879989624,1
0.4813954532146454,1
0.5728060007095337,1
0.5329515337944031,1
0.5469436645507813,1
0.4939706325531006,1
0.5372006893157959,1
0.5566896796226501,1
0.5534570217132568,1
0.5240590572357178,1
0.5447958707809448,1
0.5368185043334961,1
0.5240293741226196,1
0.5126431584358215,1
0.5316046476364136,1
0.5579743385314941,1
0.5142221450805664,1
0.5557465553283691,1
0.4850122928619385,1
0.5408770442008972,1
0.5444076061248779,1
0.5172221064567566,1
0.5423324108123779,1
0.5409549474716187,1
0.5202236771583557,1
0.5578393340110779,1
0.5300227403640747,1
0.4955894947052002,1
0.49970656633377075,1
0.5091047286987305,1
0.5107760429382324,1
0.5338891744613647,1
0.522422194480896,1
0.539391279220581,1
0.470469206571579,1
0.5033941864967346,1
0.5122777819633484,1
0.47710588574409485,1
0.53670734167099,1
0.5677264928817749,1
0.5036944150924683,1
0.5340883731842041,1
0.5063778162002563,1
0.5112735033035278,1
0.45034971833229065,1
0.5427793264389038,1
0.5035619139671326,1
0.5175191760063171,1
0.5131047964096069,1
0.5452026724815369,1
0.5325315594673157,1
0.6215295791625977,1
0.5094896554946899,1
0.5382362604141235,1
0.49593812227249146,1
0.6204942464828491,1
0.5566511154174805,1
0.5109039545059204,1
0.48838794231414795,1
0.5219786763191223,1
0.4976014792919159,1
0.5340256690979004,1
0.5274657607078552,1
0.5674242973327637,1
0.5422344207763672,1
0.5418106317520142,1
0.5500431060791016,1
0.5754237771034241,1
0.6069263815879822,1
0.46261078119277954,1
0.5537055730819702,1
0.5316532254219055,1
0.4857131838798523,1
0.5229238867759705,1
0.5085337162017822,1
0.5043405294418335,1
0.5406281352043152,1
0.5408365726470947,1
0.5048329830169678,1
0.5474034547805786,1
0.5236074328422546,1
0.5638267993927002,1
0.5371046662330627,1
0.5178154110908508,1
0.5286048054695129,1
0.5692694187164307,1
0.5473388433456421,1
0.4964010715484619,1
0.5686644315719604,1
0.5062029361724854,1
0.5689618587493896,1
0.4957892894744873,1
0.5528308749198914,1
0.556710958480835,1
0.49544861912727356,1
0.5508130788803101,1
0.5244699716567993,1
0.5285235047340393,1
0.48761916160583496,1
0.5524528622627258,1
0.5369364023208618,1
0.5739338397979736,1
0.5644010305404663,1
0.5543736219406128,1
0.5470706820487976,1
0.5270742177963257,1
0.5395652055740356,1
0.5092058777809143,1
0.5310302972793579,1
0.5481448173522949,1
0.526009202003479,1
0.5433071851730347,1
0.5331831574440002,1
0.514887809753418,1
0.5498751997947693,1
0.4910391867160797,1
0.491751492023468,1
0.5263813734054565,1
0.5085468292236328,1
0.5592803955078125,1
0.5774413347244263,1
0.5156435370445251,1
0.544731855392456,1
0.5062578320503235,1
0.5471656918525696,1
0.5570050477981567,1
0.5332577228546143,1
0.4937810003757477,1
0.5694475173950195,1
0.5904268026351929,1
0.5662479400634766,1
0.5192698836326599,1
0.5101252794265747,1
0.5195920467376709,1
0.5650749206542969,1
0.5386835336685181,1
0.5387413501739502,1
0.5358590483665466,1
0.5210095047950745,1
0.5126445293426514,1
0.5458148717880249,1
0.5497291088104248,1
0.5257071256637573,1
0.5348408222198486,1
0.5848582983016968,1
0.5737560987472534,1
0.5361573696136475,1
0.537578821182251,1
0.5521519184112549,1
0.5214378237724304,1
0.6241247057914734,1
0.5278807282447815,1
0.48979851603507996,1
0.5200374126434326,1
0.5418374538421631,1
0.5734999179840088,1
0.5176273584365845,1
0.570648729801178,1
0.5701376795768738,1
0.5508908033370972,1
0.5134372711181641,1
0.5058588981628418,1
0.5871191024780273,1
0.5329324007034302,1
0.4943515360355377,1
0.5761624574661255,1
0.6554595232009888,1
0.4947154223918915,1
0.5591607093811035,1
0.5049859881401062,1
0.5933731198310852,1
0.534864604473114,1
0.5396818518638611,1
0.5606926679611206,1
0.47180184721946716,1
0.5592149496078491,1
0.5003490447998047,1
0.5247226357460022,1
0.507667601108551,1
0.5356209874153137,1
0.5656077861785889,1
0.5403870344161987,1
0.5618524551391602,1
0.549606204032898,1
0.5485743880271912,1
0.5336639881134033,1
0.5392453670501709,1
0.5321291089057922,1
0.5169295072555542,1
0.5263040065765381,1
0.5226819515228271,1
0.5467184782028198,1
0.5438714623451233,1
0.5495832562446594,1
0.5272607803344727,1
0.572166383266449,1
0.5449718236923218,1
0.5680902004241943,1
0.6085776686668396,1
0.5171888470649719,1
0.5413501262664795,1
0.5339099168777466,1
0.5517920255661011,1
0.5519497394561768,1
0.5449897050857544,1
0.5661211013793945,1
0.5384946465492249,1
0.5648843050003052,1
0.5099831819534302,1
0.5229847431182861,1
0.5001463294029236,1
0.5583604574203491,1
0.5767577886581421,1
0.5034716129302979,1
0.49350541830062866,1
0.5581256747245789,1
0.5455553531646729,1
0.5116463899612427,1
0.5461165308952332,1
0.5439215898513794,1
0.5567017793655396,1
0.570806622505188,1
0.5545718669891357,1
0.5356106162071228,1
0.5463677644729614,1
0.5351786613464355,1
0.5559859871864319,1
0.5531915426254272,1
0.5117152333259583,1
0.49523723125457764,1
0.5546187162399292,1
0.47396451234817505,1
0.5012155771255493,1
0.5407688617706299,1
0.5334212779998779,1
0.5390444993972778,1
0.49907755851745605,1
0.5504351258277893,1
0.496355265378952,1
0.5266956090927124,1
0.520195484161377,1
0.5186500549316406,1
0.5331852436065674,1
0.5396997332572937,1
0.5398133993148804,1
0.529082179069519,1
0.5899252891540527,1
0.5337216854095459,1
0.4956905245780945,1
0.5402092337608337,1
0.5408545732498169,1
0.5696133375167847,1
0.5603741407394409,1
0.5329288244247437,1
0.5484855771064758,1
0.5634253025054932,1
0.5394994616508484,1
0.555260419845581,1
0.5308818221092224,1
0.5056167244911194,1
0.5200323462486267,1
0.5342652797698975,1
0.5448704957962036,1
0.5417290329933167,1
0.551969051361084,1
0.5498965978622437,1
0.47620275616645813,1
0.5571041107177734,1
0.5173457860946655,1
0.5024158358573914,1
0.5715627670288086,1
0.5413483381271362,1
0.5315931439399719,1
0.5495624542236328,1
0.5097895860671997,1
0.5314140319824219,1
0.5037062168121338,1
0.5575386881828308,1
0.52196204662323,1
0.5001721978187561,1
0.5690722465515137,1
0.5527572631835938,1
0.5448100566864014,1
0.5660760998725891,1
0.5619089603424072,1
0.5576159954071045,1
0.5486663579940796,1
0.5020037889480591,1
0.5490442514419556,1
0.5537433624267578,1
0.5434539318084717,1
0.520967423915863,1
0.5080338716506958,1
0.5232967138290405,1
0.5005944967269897,1
0.5321014523506165,1
0.4850695729255676,1
0.5820032358169556,1
0.5470715761184692,1
0.5273721814155579,1
0.6229144334793091,1
0.5468414425849915,1
0.5484730005264282,1
0.5410429835319519,1
0.5147877931594849,1
0.557086706161499,1
0.5490785837173462,1
0.5546483993530273,1
0.48736661672592163,1
0.5350051522254944,1
0.511768102645874,1
0.5251717567443848,1
0.5208449363708496,1
0.5290018320083618,1
0.5115550756454468,1
0.5804024934768677,1
0.5075967311859131,1
0.5721795558929443,1
0.5213835835456848,1
0.480188250541687,1
0.5099554061889648,1
0.5172426700592041,1
0.4808392822742462,1
0.5211450457572937,1
0.5770772695541382,1
0.5074560642242432,1
0.5205923318862915,1
0.5341053009033203,1
0.5557529926300049,1
0.5254577398300171,1
0.5195120573043823,1
0.5175697207450867,1
0.5324084162712097,1
0.580633282661438,1
0.5310347080230713,1
0.5225213766098022,1
0.5275387167930603,1
0.5100915431976318,1
0.5415030121803284,1
0.5347238779067993,1
0.475510835647583,1
0.5827091932296753,1
0.5215907096862793,1
0.5142967700958252,1
0.5378910303115845,1
0.5602083206176758,1
0.5205525159835815,1
0.5873408317565918,1
0.5838145017623901,1
0.5583044290542603,1
0.5424156188964844,1
0.5484995245933533,1
0.5683165192604065,1
0.5320203304290771,1
0.5166323184967041,1
0.511479377746582,1
0.54552161693573,1
0.4999711215496063,1
0.5321046113967896,1
0.5515967607498169,1
0.5214517712593079,1
0.5001082420349121,1
0.5035070180892944,1
0.4862758219242096,1
0.5598501563072205,1
0.5284749269485474,1
0.5069267749786377,1
0.4905241131782532,1
0.5858957767486572,1
0.5128931999206543,1
0.5568839311599731,1
0.5359270572662354,1
0.5699558854103088,1
0.567838191986084,1
0.5913383960723877,1
0.5569469928741455,1
0.5468151569366455,1
0.5140869617462158,1
0.5198035836219788,1
0.5634608268737793,1
0.5608552694320679,1
0.5193951725959778,1
0.5549486875534058,1
0.5245670080184937,1
0.5847597122192383,1
0.5293807983398438,1
0.5624306201934814,1
0.54039466381073,1
0.5366153120994568,1
0.49721089005470276,1
0.5882039070129395,1
0.5657395124435425,1
0.5331931114196777,1
0.5392814874649048,1
0.47733744978904724,1
0.568679690361023,1
0.5195926427841187,1
0.5593826174736023,1
0.5238441228866577,1
0.5242605209350586,1
0.5095174312591553,1
0.5393712520599365,1
0.5310587286949158,1
0.5341454744338989,1
0.5377254486083984,1
0.52278733253479,1
0.5773701667785645,1
0.564813494682312,1
0.5579179525375366,1
0.5767870545387268,1
0.5196634531021118,1
0.5402441024780273,1
0.5101151466369629,1
0.5498254299163818,1
0.5629663467407227,1
0.5571663975715637,1
0.5985238552093506,1
0.5325344204902649,1
0.5062921047210693,1
0.5302366018295288,1
0.5549038052558899,1
0.5275376439094543,1
0.5140931606292725,1
0.5673712491989136,1
0.5350750684738159,1
0.47602421045303345,1
0.5755549669265747,1
0.4941806197166443,1
0.5516667366027832,1
0.572972297668457,1
0.5324017405509949,1
0.5511906147003174,1
0.5472164154052734,1
0.5730382800102234,1
0.5093464851379395,1
0.5361576080322266,1
0.5227976441383362,1
0.551719069480896,1
0.5903990864753723,1
0.5187313556671143,1
0.5613384246826172,1
0.5231046676635742,1
0.48127254843711853,1
0.5216960310935974,1
0.575692892074585,1
0.5858447551727295,1
0.49748969078063965,1
0.5583739280700684,1
0.4854357838630676,1
0.5034993290901184,1
0.45957714319229126,1
0.5496162176132202,1
0.5089904069900513,1
0.5502407550811768,1
0.5171072483062744,1
0.5482414960861206,1
0.4928880035877228,1
0.50850510597229,1
0.5208332538604736,1
0.5309441089630127,1
0.5211737751960754,1
0.5915191769599915,1
0.5631856918334961,1
0.4921417832374573,1
0.5075130462646484,1
0.5879831314086914,1
0.507822573184967,1
0.5299611687660217,1
0.5510907173156738,1
0.4571743309497833,1
0.5599561929702759,1
0.5874230861663818,1
0.5497841835021973,1
0.47362232208251953,1
0.4813542068004608,1
0.5546060800552368,1
0.6030162572860718,1
0.5671077966690063,1
0.49024662375450134,1
0.5438729524612427,1
0.5440068244934082,1
0.5556753873825073,1
0.5342321395874023,1
0.5553521513938904,1
0.5552638173103333,1
0.566562294960022,1
0.5122900009155273,1
0.5170549154281616,1
0.5232143402099609,1
0.5765230655670166,1
0.5351434946060181,1
0.5190169215202332,1
0.5121678113937378,1
0.514143705368042,1
0.4934588074684143,1
0.529254138469696,1
0.5378479957580566,1
0.5131465792655945,1
0.593778133392334,1
0.5268068313598633,1
0.5167399644851685,1
0.5443249940872192,1
0.5587834119796753,1
0.5537190437316895,1
0.5416380763053894,1
0.49209001660346985,1
0.4904099404811859,1
0.5590053796768188,1
0.5221680402755737,1
0.48962461948394775,1
0.5438271164894104,1
0.5698771476745605,1
0.4964309632778168,1
0.519400954246521,1
0.4947730302810669,1
0.5347360372543335,1
0.549208402633667,1
0.56379634141922,1
0.5226386785507202,1
0.5377639532089233,1
0.5851141214370728,1
0.533068060874939,1
0.5216276049613953,1
0.5342361330986023,1
0.5234889388084412,1
0.5836658477783203,1
0.5278233289718628,1
0.5429916381835938,1
0.5737671852111816,1
0.5304280519485474,1
0.4963303208351135,1
0.479328453540802,1
0.5558136105537415,1
0.5470162630081177,1
0.5182391405105591,1
0.5487747192382813,1
0.5997642278671265,1
0.545527994632721,1
0.5081967115402222,1
0.49294522404670715,1
0.5311097502708435,1
0.5980148911476135,1
0.5239502191543579,1
0.5295484066009521,1
0.5182982683181763,1
0.5326138138771057,1
0.5844779014587402,1
0.5008955001831055,1
0.4944709837436676,1
0.4896186590194702,1
0.5424590706825256,1
0.5155103206634521,1
0.5130927562713623,1
0.5521234273910522,1
0.5769751071929932,1
0.568602442741394,1
0.5345940589904785,1
0.5686852931976318,1
0.5581366419792175,1
0.6283652782440186,1
0.5101129412651062,1
0.5508978366851807,1
0.4720470905303955,1
0.49501949548721313,1
0.5362313985824585,1
0.48756617307662964,1
0.5490231513977051,1
0.49255847930908203,1
0.5228606462478638,1
0.5411903858184814,1
0.5436597466468811,1
0.5210481882095337,1
0.5277799367904663,1
0.5554301142692566,1
0.5222880840301514,1
0.5452940464019775,1
0.5284464955329895,1
0.4997883141040802,1
0.5007657408714294,1
0.5167787075042725,1
0.5226030349731445,1
0.5083943009376526,1
0.5222294926643372,1
0.5440821051597595,1
0.4842360317707062,1
0.5330406427383423,1
0.5597176551818848,1
0.5173423290252686,1
0.535995364189148,1
0.5202765464782715,1
0.5244557857513428,1
0.5781218409538269,1
0.5573995113372803,1
0.4692046642303467,1
0.5149738788604736,1
0.5717684030532837,1
0.5091797113418579,1
0.5370326042175293,1
0.5391052961349487,1
0.5556278824806213,1
0.5078288316726685,1
0.5084004998207092,1
0.49473950266838074,1
0.5901268720626831,1
0.5082772970199585,1
0.5609258413314819,1
0.5266751646995544,1
0.5027381181716919,1
0.5671594142913818,1
0.5246604084968567,1
0.5651058554649353,1
0.5414838790893555,1
0.5796126127243042,1
0.44008123874664307,1
0.5178080797195435,1
0.5724019408226013,1
0.5005063414573669,1
0.4999461770057678,1
0.5720329284667969,1
0.558861494064331,1
0.5698776245117188,1
0.5441175103187561,1
0.5839779376983643,1
0.4865208864212036,1
0.5271828770637512,1
0.5030544996261597,1
0.5438504219055176,1
0.5182368159294128,1
0.49770671129226685,1
0.5319646000862122,1
0.5699034929275513,1
0.5364651679992676,1
0.5455245971679688,1
0.5104391574859619,1
0.49194392561912537,1
0.5493908524513245,1
0.5678136348724365,1
0.5501894354820251,1
0.5276411771774292,1
0.5188286304473877,1
0.5219354629516602,1
0.5300977230072021,1
0.5104987621307373,1
0.48827093839645386,1
0.5260858535766602,1
0.5919466018676758,1
0.5379387140274048,1
0.5031161308288574,1
0.5449778437614441,1
0.5378042459487915,1
0.5432217121124268,1
0.5275660753250122,1
0.5353546738624573,1
0.5617818236351013,1
0.5264890193939209,1
0.579133927822113,1
0.5101953744888306,1
0.5479264855384827,1
0.5233228206634521,1
0.5580769181251526,1
0.503260612487793,1
0.5020630359649658,1
0.5564360618591309,1
0.5404815673828125,1
0.5288137793540955,1
0.5055038332939148,1
0.49745598435401917,1
0.5518021583557129,1
0.48614344000816345,1
0.5642610788345337,1
0.5470812320709229,1
0.5183153748512268,1
0.5207695960998535,1
0.5143439769744873,1
0.5383331179618835,1
0.5604939460754395,1
0.5413446426391602,1
0.48086339235305786,1
0.5498174428939819,1
0.5292492508888245,1
0.5867722034454346,1
0.5288670063018799,1
0.5188829302787781,1
0.534653902053833,1
0.5777661800384521,1
0.4596283435821533,1
0.522459864616394,1
0.551145076751709,1
0.561922550201416,1
0.5617141723632813,1
0.4833689332008362,1
0.5194597244262695,1
0.5403633117675781,1
0.5956860184669495,1
0.5668711066246033,1
0.5355091094970703,1
0.5849761366844177,1
0.5370436310768127,1
0.5527050495147705,1
0.5409287214279175,1
0.5576863288879395,1
0.5189272165298462,1
0.518275797367096,1
0.5259957909584045,1
0.5449581742286682,1
0.5132014155387878,1
0.5186808705329895,1
0.5496272444725037,1
0.5147514939308167,1
0.5040398836135864,1
0.5007041692733765,1
0.5039408206939697,1
0.5207687020301819,1
0.49780818819999695,1
0.581676185131073,1
0.4970816969871521,1
0.5776476860046387,1
0.5343725085258484,1
0.5222305059432983,1
0.534912109375,1
0.5112984776496887,1
0.5394306182861328,1
0.4975220263004303,1
0.568858802318573,1
0.5976589918136597,1
0.5399994850158691,1
0.4987499713897705,1
0.557518482208252,1
0.5360547304153442,1
0.553460955619812,1
0.562361478805542,1
0.5117790699005127,1
0.5174131393432617,1
0.5386252403259277,1
0.556068480014801,1
0.558304488658905,1
0.5516554117202759,1
0.5542142987251282,1
0.5156418085098267,1
0.5196167230606079,1
0.5395313501358032,1
0.5130414366722107,1
0.490675687789917,1
0.5740609765052795,1
0.5228613018989563,1
0.5155078172683716,1
0.4997701048851013,1
0.5486109852790833,1
0.5081578493118286,1
0.5122047662734985,1
0.5456046462059021,1
0.5359145402908325,1
0.5303282737731934,1
0.5105864405632019,1
0.5129302740097046,1
0.4733489155769348,1
0.5296781063079834,1
0.5315099954605103,1
0.5523343086242676,1
0.5423247218132019,1
0.5185246467590332,1
0.5131713151931763,1
0.49444884061813354,1
0.5177066326141357,1
0.5454261898994446,1
0.5219979286193848,1
0.5354192852973938,1
0.5354975461959839,1
0.5236164927482605,1
0.5375685691833496,1
0.5297418832778931,1
0.5277907252311707,1
0.5430803298950195,1
0.5342869162559509,1
0.534498929977417,1
0.5469012260437012,1
0.5775639414787292,1
0.6144183874130249,1
0.5435165166854858,1
0.5596044659614563,1
0.5201098918914795,1
0.5281224846839905,1
0.551157534122467,1
0.5497815608978271,1
0.547860324382782,1
0.5633643865585327,1
0.5426759719848633,1
0.5350961685180664,1
0.5077582597732544,1
0.5432400703430176,1
0.5424610376358032,1
0.5565714836120605,1
0.5248585343360901,1
0.5636311769485474,1
0.5327420234680176,1
0.5343310832977295,1
0.5123544931411743,1
0.5859473347663879,1
0.5368583798408508,1
0.5341014862060547,1
0.578154444694519,1
0.5101498961448669,1
0.5657445192337036,1
0.5603785514831543,1
0.5609820485115051,1
0.5458410382270813,1
0.5068410038948059,1
0.5223895311355591,1
0.5970614552497864,1
0.5007730722427368,1
0.5099186897277832,1
0.5195838212966919,1
0.5712131261825562,1
0.5472586154937744,1
0.524721622467041,1
0.5044329166412354,1
0.5288423299789429,1
0.5367377996444702,1
0.5556590557098389,1
0.5576618909835815,1
0.5267311334609985,1
0.5406993627548218,1
0.5096200704574585,1
0.6356954574584961,1
0.5404990911483765,1
0.4658519923686981,1
0.5065115094184875,1
0.5519422292709351,1
0.5365860462188721,1
0.5691640377044678,1
0.5262892842292786,1
0.5247442722320557,1
0.5527480840682983,1
0.5549699068069458,1
0.5523953437805176,1
0.5391254425048828,1
0.5179265141487122,1
0.5742401480674744,1
0.5236983299255371,1
0.5856719017028809,1
0.5327586531639099,1
0.5377035140991211,1
0.5070487260818481,1
0.522133469581604,1
0.5626950860023499,1
0.5584279894828796,1
0.5129841566085815,1
0.5651757717132568,1
0.5243058204650879,1
0.5458273887634277,1
0.5180627703666687,1
0.5234074592590332,1
0.49651557207107544,1
0.524177074432373,1
0.5887459516525269,1
0.5010792016983032,1
0.5116127729415894,1
0.5068374276161194,1
0.49528804421424866,1
0.5000824928283691,1
0.4857516586780548,1
0.5330688953399658,1
0.4923209249973297,1
0.5115245580673218,1
0.4817899465560913,1
0.5437542200088501,1
0.4751887917518616,1
0.529179036617279,1
0.558684766292572,1
0.5494956970214844,1
0.5550289750099182,1
0.5241475701332092,1
0.4924106299877167,1
0.5391237735748291,1
0.5604820251464844,1
0.4942501485347748,1
0.5246580839157104,1
0.5170215368270874,1
0.5537253618240356,1
0.5810205936431885,1
0.5215221643447876,1
0.5922660827636719,1
0.5333554744720459,1
0.5644718408584595,1
0.5690926313400269,1
0.5648959279060364,1
0.44815123081207275,1
0.49618685245513916,1
0.5443956255912781,1
0.5201156139373779,1
0.49892663955688477,1
0.48407384753227234,1
0.5596368908882141,1
0.5805214643478394,1
0.5461477637290955,1
0.5312411785125732,1
0.5440938472747803,1
0.5245716571807861,1
0.5239002704620361,1
0.5198343992233276,1
0.5025445222854614,1
0.588114857673645,1
0.5359157919883728,1
0.5442065000534058,1
0.5197457671165466,1
0.5538375377655029,1
0.5315263271331787,1
0.5541244745254517,1
0.5019814372062683,1
0.5615383386611938,1
0.5429478883743286,1
0.5313777923583984,1
0.5156720280647278,1
0.6144746541976929,1
0.5452531576156616,1
0.4926198124885559,1
0.5215948820114136,1
0.5323070883750916,1
0.5195111036300659,1
0.5413905382156372,1
0.5576018691062927,1
0.48910877108573914,1
0.5301279425621033,1
0.5468665957450867,1
0.5276793241500854,1
0.5723273754119873,1
0.5786005258560181,1
0.5532436370849609,1
0.4726533889770508,1
0.5183312296867371,1
0.5038944482803345,1
0.5558574199676514,1
0.513007402420044,1
0.5516927242279053,1
0.5494304299354553,1
0.5519915819168091,1
0.5693671703338623,1
0.5298058986663818,1
0.47431856393814087,1
0.5793642997741699,1
0.47788482904434204,1
0.5008499622344971,1
0.5436016321182251,1
0.54804527759552,1
0.5166860818862915,1
0.522022008895874,1
0.5254170894622803,1
0.5643411874771118,1
0.5269087553024292,1
0.5307494401931763,1
0.5328787565231323,1
0.5643807649612427,1
0.5286890268325806,1
0.5377835631370544,1
0.509349524974823,1
0.5365906357765198,1
0.5439198017120361,1
0.5091332793235779,1
0.5173351764678955,1
0.5115522146224976,1
0.5367908477783203,1
0.5231974124908447,1
0.5158586502075195,1
0.5800408124923706,1
0.5377049446105957,1
0.5695843696594238,1
0.4943782389163971,1
0.5535494089126587,1
0.5754502415657043,1
0.5784734487533569,1
0.5117935538291931,1
0.5404903888702393,1
0.5222378969192505,1
0.5416840314865112,1
0.5172841548919678,1
0.49518337845802307,1
0.5586404204368591,1
0.5024318695068359,1
0.5228257179260254,1
0.5387070775032043,1
0.5168169140815735,1
0.5070436000823975,1
0.5521680116653442,1
0.5407926440238953,1
0.5561948418617249,1
0.5386137962341309,1
0.5041539669036865,1
0.5185713171958923,1
0.531882643699646,1
0.5743478536605835,1
0.5568127632141113,1
0.5361946821212769,1
0.5519695281982422,1
0.5276720523834229,1
0.49606913328170776,1
0.4876658320426941,1
0.5370940566062927,1
0.5240684747695923,1
0.5653490424156189,1
0.5028094053268433,1
0.5315935611724854,1
0.49880748987197876,1
0.5827536582946777,1
0.5498598217964172,1
0.5243143439292908,1
0.5499542951583862,1
0.5769535303115845,1
0.5851934552192688,1
0.5406719446182251,1
0.5226129293441772,1
0.5390734672546387,1
0.5730090141296387,1
0.5118903517723083,1
0.5464389324188232,1
0.5650065541267395,1
0.5271090269088745,1
0.5440356731414795,1
0.4757298231124878,1
0.5272383689880371,1
0.5513056516647339,1
0.4984067380428314,1
0.5089631080627441,1
0.5072270631790161,1
0.524167001247406,1
0.4951654076576233,1
0.5515354871749878,1
0.5218608379364014,1
0.5165988206863403,1
0.5321822166442871,1
0.5853556394577026,1
0.5379108190536499,1
0.5787802934646606,1
0.5345600843429565,1
0.5576103329658508,1
0.49986016750335693,1
0.5342810153961182,1
0.5298181772232056,1
0.5547213554382324,1
0.5445986986160278,1
0.5702906847000122,1
0.5224392414093018,1
0.5278907418251038,1
0.46085527539253235,1
0.528499960899353,1
0.5339378118515015,1
0.5691147446632385,1
0.5399205088615417,1
0.5937587022781372,1
0.571471631526947,1
0.5249102115631104,1
0.577816367149353,1
0.5334892272949219,1
0.5628616809844971,1
0.5639134645462036,1
0.5217903852462769,1
0.6441186666488647,1
0.5048505067825317,1
0.5317662954330444,1
0.4878198504447937,1
0.5007683038711548,1
0.5229669213294983,1
0.5512266755104065,1
0.5162599086761475,1
0.533880889415741,1
0.5220044851303101,1
0.49229922890663147,1
0.5534172654151917,1
0.5760233402252197,1
0.5483977794647217,1
0.4897879958152771,1
0.5243009924888611,1
0.5895922183990479,1
0.5386584997177124,1
0.5122719407081604,1
0.4756040573120117,1
0.5369850397109985,1
0.5408145189285278,1
0.5380120277404785,1
0.5959941148757935,1
0.4889357089996338,1
0.5845588445663452,1
0.501648485660553,1
0.5484824776649475,1
0.51048743724823,1
0.47980716824531555,1
0.5052319169044495,1
0.5233297348022461,1
0.5262995958328247,1
0.5130305290222168,1
0.5741090178489685,1
0.5084385871887207,1
0.507872462272644,1
0.5434685945510864,1
0.5493533611297607,1
0.5070335865020752,1
0.4954131543636322,1
0.6065807938575745,1
0.6052699685096741,1
0.565559983253479,1
0.5441282391548157,1
0.5136284232139587,1
0.5567444562911987,1
0.5687457919120789,1
0.5651010870933533,1
0.5340247750282288,1
0.5581730008125305,1
0.533062219619751,1
0.5415375232696533,1
0.5031396150588989,1
0.543920636177063,1
0.5464401245117188,1
0.5072280764579773,1
0.5638763308525085,1
0.5490756630897522,1
0.5328414440155029,1
0.4968816936016083,1
0.5363760590553284,1
0.538362979888916,1
0.5649571418762207,1
0.5215974450111389,1
0.5385943651199341,1
0.5481165647506714,1
0.5657221674919128,1
0.5339264273643494,1
0.48541200160980225,1
0.5055522322654724,1
0.5757363438606262,1
0.5040053725242615,1
0.5171835422515869,1
0.5655092000961304,1
0.5717144012451172,1
0.4890643060207367,1
0.532630443572998,1
0.496580570936203,1
0.5617253184318542,1
0.5987489819526672,1
0.5584442615509033,1
0.5029914975166321,1
0.5257435441017151,1
0.5334763526916504,1
0.5146940350532532,1
0.5268805027008057,1
0.536440372467041,1
0.5288739204406738,1
0.5061243772506714,1
0.5885880589485168,1
0.5145765542984009,1
0.5441650748252869,1
0.47761133313179016,1
0.5393616557121277,1
0.5197436213493347,1
0.5975622534751892,1
0.5448330640792847,1
0.5106852054595947,1
0.547131359577179,1
0.5133225917816162,1
0.5209649801254272,1
0.5212678909301758,1
0.5103262066841125,1
0.5218255519866943,1
0.6007465124130249,1
0.5277084112167358,1
0.4857094883918762,1
0.540253758430481,1
0.5129647254943848,1
0.5404088497161865,1
0.516441822052002,1
0.5204859375953674,1
0.5430277585983276,1
0.5666295886039734,1
0.5365803241729736,1
0.5528364777565002,1
0.5254542231559753,1
0.5522472858428955,1
0.5247825384140015,1
0.6149097681045532,1
0.4869711399078369,1
0.5487471222877502,1
0.48530814051628113,1
0.500158429145813,1
0.5525141954421997,1
0.5354061126708984,1
0.5464396476745605,1
0.540042519569397,1
0.5082218647003174,1
0.5484550595283508,1
0.5748660564422607,1
0.5901105999946594,1
0.551142692565918,1
0.5112422704696655,1
0.5313429832458496,1
0.5084107518196106,1
0.5072343349456787,1
0.5854271650314331,1
0.5127652883529663,1
0.5847809910774231,1
0.5235173106193542,1
0.5458559989929199,1
0.539902925491333,1
0.5367229580879211,1
0.49723923206329346,1
0.5738214254379272,1
0.48888519406318665,1
0.5347473621368408,1
0.5126948356628418,1
0.5485341548919678,1
0.5038217902183533,1
0.46400272846221924,1
0.5231576561927795,1
0.578374981880188,1
0.5227380990982056,1
0.5293344259262085,1
0.5030803680419922,1
0.5359907150268555,1
0.5515438318252563,1
0.5336313247680664,1
0.5604797005653381,1
0.5486120581626892,1
0.4930797517299652,1
0.4850061535835266,1
0.5342682003974915,1
0.5722751021385193,1
0.5500107407569885,1
0.5237684845924377,1
0.5024422407150269,1
0.5871046185493469,1
0.5093735456466675,1
0.545400857925415,1
0.49735546112060547,1
0.5344293713569641,1
0.5468536615371704,1
0.5435243248939514,1
0.5903578996658325,1
0.5258361101150513,1
0.5042586326599121,1
0.48795565962791443,1
0.4970051050186157,1
0.5865812301635742,1
0.5721756219863892,1
0.5273274779319763,1
0.5821563601493835,1
0.5898995399475098,1
0.522722601890564,1
0.48840126395225525,1
0.5291924476623535,1
0.5300177335739136,1
0.562700629234314,1
0.5422226190567017,1
0.5346488952636719,1
0.5719581842422485,1
0.518168568611145,1
0.5085482001304626,1
0.5360674858093262,1
0.5260722637176514,1
0.5114144086837769,1
0.525660514831543,1
0.5678039789199829,1
0.5180126428604126,1
0.518772542476654,1
0.527266800403595,1
0.5254709720611572,1
0.5289456248283386,1
0.494434654712677,1
0.5163698196411133,1
0.547743022441864,1
0.5320216417312622,1
0.5862482786178589,1
0.5262446403503418,1
0.5199681520462036,1
0.5377219915390015,1
0.5602105855941772,1
0.5456340312957764,1
0.5299804210662842,1
0.5088140964508057,1
0.5302426815032959,1
0.5642892122268677,1
0.5055590867996216,1
0.5577492117881775,1
0.5656775236129761,1
0.553429126739502,1
0.4980619549751282,1
0.5564295649528503,1
0.4864574372768402,1
0.5380990505218506,1
0.5362073183059692,1
0.5256433486938477,1
0.5199898481369019,1
0.5106449127197266,1
0.5398014187812805,1
0.5722777843475342,1
0.5549198389053345,1
0.5229949951171875,1
0.5878332853317261,1
0.5965656042098999,1
0.5054748058319092,1
0.509370744228363,1
0.5086836814880371,1
0.5368607044219971,1
0.542390763759613,1
0.5825066566467285,1
0.4973321557044983,1
0.48943325877189636,1
0.5480335354804993,1
0.5237295627593994,1
0.5172407627105713,1
0.5513520240783691,1
0.5539865493774414,1
0.584626317024231,1
0.5605517625808716,1
0.530422031879425,1
0.5239924192428589,1
0.5618157982826233,1
0.494307279586792,1
0.5570433139801025,1
0.5870223045349121,1
0.5918600559234619,1
0.5378124713897705,1
0.5381795167922974,1
0.5097776651382446,1
0.5289633274078369,1
0.5138648748397827,1
0.5458637475967407,1
0.5548123121261597,1
0.5060779452323914,1
0.5279834866523743,1
0.4957413077354431,1
0.5611169934272766,1
0.5528794527053833,1
0.567950963973999,1
0.4966807961463928,1
0.5824009776115417,1
0.5838416814804077,1
0.6138285398483276,1
0.5624909400939941,1
0.5219779014587402,1
0.5538935661315918,1
0.576284646987915,1
0.518194854259491,1
0.5504499673843384,1
0.5074219703674316,1
0.5163612961769104,1
0.5626455545425415,1
0.5768796801567078,1
0.5964794754981995,1
0.5454585552215576,1
0.5477979183197021,1
0.5497050285339355,1
0.5372905135154724,1
0.518680214881897,1
0.567581057548523,1
0.517720103263855,1
0.48926764726638794,1
0.555261492729187,1
0.5296407341957092,1
0.5394375920295715,1
0.5367959141731262,1
0.5359950065612793,1
0.5318557620048523,1
0.5428470373153687,1
0.5119582414627075,1
0.545899510383606,1
0.5957626104354858,1
0.5295196771621704,1
0.5001466274261475,1
0.501812756061554,1
0.5197267532348633,1
0.5367114543914795,1
0.5361669063568115,1
0.5715493559837341,1
0.5338802337646484,1
0.528018593788147,1
0.5283092260360718,1
0.5408338308334351,1
0.4933759570121765,1
0.5376533269882202,1
0.5811306834220886,1
0.5339784622192383,1
0.5177721381187439,1
0.5223178863525391,1
0.5221319794654846,1
0.5093945264816284,1
0.5639793872833252,1
0.5229156613349915,1
0.5258136987686157,1
0.5531235933303833,1
0.5189543962478638,1
0.5711787939071655,1
0.5468397736549377,1
0.5232967138290405,1
0.5415729880332947,1
0.5572607517242432,1
0.5365808010101318,1
0.5486976504325867,1
0.5438904762268066,1
0.5851711630821228,1
0.5047184228897095,1
0.5089459419250488,1
0.593803882598877,1
0.5084333419799805,1
0.5162591338157654,1
0.526305615901947,1
0.5449981689453125,1
0.5139074921607971,1
0.514043927192688,1
0.5385733842849731,1
0.5204243659973145,1
0.562941312789917,1
0.5155577659606934,1
0.4905962347984314,1
0.5560208559036255,1
0.5849518775939941,1
0.530505895614624,1
0.5506204962730408,1
0.5602318048477173,1
0.5253257751464844,1
0.4896574020385742,1
0.5210504531860352,1
0.5261416435241699,1
0.5474528074264526,1
0.535682201385498,1
0.4974075257778168,1
0.5607501864433289,1
0.5452244281768799,1
0.5666403770446777,1
0.5192821025848389,1
0.5744374990463257,1
0.5248514413833618,1
0.5297795534133911,1
0.5116322636604309,1
0.5329791903495789,1
0.4885960817337036,1
0.5285281538963318,1
0.5779153108596802,1
0.4930875897407532,1
0.5296331644058228,1
0.5882632732391357,1
0.5438799858093262,1
0.5392714738845825,1
0.5555845499038696,1
0.5640918016433716,1
0.5418912172317505,1
0.5141828060150146,1
0.5048978924751282,1
0.514879047870636,1
0.5345808267593384,1
0.5579890012741089,1
0.5574621558189392,1
0.5473363399505615,1
0.5081862211227417,1
0.4941617548465729,1
0.5305895805358887,1
0.6065062284469604,1
0.5301474928855896,1
0.4511820673942566,1
0.5723291635513306,1
0.497117817401886,1
0.5714031457901001,1
0.5659072399139404,1
0.5182787775993347,1
0.5732620358467102,1
0.5883741974830627,1
0.5490593910217285,1
0.5502005815505981,1
0.5063210725784302,1
0.5575413703918457,1
0.5160524845123291,1
0.570895791053772,1
0.5154040455818176,1
0.5626192688941956,1
0.48490411043167114,1
0.5139709711074829,1
0.4983447790145874,1
0.5477218627929688,1
0.5206236839294434,1
0.5209592580795288,1
0.5343868732452393,1
0.5527794361114502,1
0.5937473773956299,1
0.5138871669769287,1
0.5284574031829834,1
0.4905751645565033,1
0.48601967096328735,1
0.5922585129737854,1
0.5567382574081421,1
0.5361146330833435,1
0.5411654710769653,1
0.514574408531189,1
0.5072124004364014,1
0.5576937198638916,1
0.536333441734314,1
0.4952874481678009,1
0.5580240488052368,1
0.5278148055076599,1
0.4950997233390808,1
0.5516419410705566,1
0.5538563132286072,1
0.5811387300491333,1
0.5110473036766052,1
0.5752047300338745,1
0.5320248603820801,1
0.5028553605079651,1
0.5441081523895264,1
0.498786985874176,1
0.53184974193573,1
0.507041335105896,1
0.5799866318702698,1
0.510205864906311,1
0.5636220574378967,1
0.548596978187561,1
0.5441337823867798,1
0.5388916730880737,1
0.5819017887115479,1
0.5270495414733887,1
0.5551902055740356,1
0.48638665676116943,1
0.5386710166931152,1
0.5582326650619507,1
0.508519172668457,1
0.5264369249343872,1
0.52159583568573,1
0.5430344343185425,1
0.5398049354553223,1
0.48601216077804565,1
0.5535749197006226,1
0.5723307728767395,1
0.5878292322158813,1
0.5022406578063965,1
0.5387862920761108,1
0.5078113675117493,1
0.5200473070144653,1
0.5539000034332275,1
0.5235313177108765,1
0.5160976052284241,1
0.5989705324172974,1
0.5643483400344849,1
0.5359506011009216,1
0.5417829155921936,1
0.5287613272666931,1
0.5486213564872742,1
0.5875521898269653,1
0.6018452644348145,1
0.52860027551651,1
0.4985494315624237,1
0.5538935661315918,1
0.530173659324646,1
0.5213316679000854,1
0.5208956599235535,1
0.5540560483932495,1
0.5552423596382141,1
0.5722300410270691,1
0.55224609375,1
0.5114322304725647,1
0.5233139395713806,1
0.5277587175369263,1
0.5362067818641663,1
0.5963407754898071,1
0.5112801194190979,1
0.49220508337020874,1
0.5450748205184937,1
0.5508760809898376,1
0.5614533424377441,1
0.5174865126609802,1
0.5543110370635986,1
0.5245587229728699,1
0.5767030715942383,1
0.5583879351615906,1
0.5450758934020996,1
0.541215717792511,1
0.5219973921775818,1
0.5279685258865356,1
0.5518248081207275,1
0.523127555847168,1
0.5177764892578125,1
0.4927053451538086,1
0.5327156186103821,1
0.5339661836624146,1
0.5830917358398438,1
0.5043059587478638,1
0.5275708436965942,1
0.5641152858734131,1
0.5377852320671082,1
0.5657009482383728,1
0.5283991694450378,1
0.5732443928718567,1
0.5478959083557129,1
0.5784896016120911,1
0.5718406438827515,1
0.5058815479278564,1
0.48215699195861816,1
0.5435417890548706,1
0.5935826301574707,1
0.6455346345901489,1
0.521305501461029,1
0.545466423034668,1
0.5453981757164001,1
0.5350167155265808,1
0.505298376083374,1
0.5309375524520874,1
0.5512279868125916,1
0.5526507496833801,1
0.4887118339538574,1
0.5450682640075684,1
0.5300642251968384,1
0.521531343460083,1
0.5047904849052429,1
0.5435983538627625,1
0.5822442770004272,1
0.47631001472473145,1
0.49741289019584656,1
0.5559467673301697,1
0.5119577050209045,1
0.5486127138137817,1
0.487883597612381,1
