0.5253233909606934,1
0.5670473575592041,1
0.5911151766777039,1
0.5844635963439941,1
0.5550086498260498,1
0.5307073593139648,1
0.5596987009048462,1
0.5660951137542725,1
0.5112084746360779,1
0.5764888525009155,1
0.5464115142822266,1
0.5214613080024719,1
0.5614450573921204,1
0.5322452783584595,1
0.5656516551971436,1
0.5446783304214478,1
0.5924058556556702,1
0.5836758613586426,1
0.5316321849822998,1
0.5507704019546509,1
0.5433256030082703,1
0.612777590751648,1
0.5670973062515259,1
0.5953112244606018,1
0.564704179763794,1
0.5185635089874268,1
0.539914608001709,1
0.5641528367996216,1
0.5235661268234253,1
0.5677931904792786,1
0.5178544521331787,1
0.5578679442405701,1
0.5084481835365295,1
0.5198385715484619,1
0.5994933843612671,1
0.5783939361572266,1
0.46531254053115845,1
0.5645095705986023,1
0.5663466453552246,1
0.5028491616249084,1
0.5799660086631775,1
0.47762542963027954,1
0.5449182391166687,1
0.6078346967697144,1
0.5408887267112732,1
0.5884981155395508,1
0.49615007638931274,1
0.5206997394561768,1
0.5691787600517273,1
0.5397814512252808,1
0.5324255228042603,1
0.5262837409973145,1
0.5666197538375854,1
0.5074735879898071,1
0.5358445048332214,1
0.6084645986557007,1
0.5532158613204956,1
0.5717731714248657,1
0.5760480165481567,1
0.573403537273407,1
0.5363442897796631,1
0.5521773099899292,1
0.5979398488998413,1
0.5684365034103394,1
0.5196512937545776,1
0.5398445129394531,1
0.5227514505386353,1
0.5149153470993042,1
0.5400079488754272,1
0.5293682813644409,1
0.5713859796524048,1
0.5952718257904053,1
0.5442517995834351,1
0.5739520788192749,1
0.5512170195579529,1
0.5733411312103271,1
0.517208456993103,1
0.5224648118019104,1
0.586724579334259,1
0.5481192469596863,1
0.5787354111671448,1
0.5758324265480042,1
0.5724824666976929,1
0.5441209077835083,1
0.508177638053894,1
0.5297465920448303,1
0.5403561592102051,1
0.5618828535079956,1
0.5554468035697937,1
0.5644717216491699,1
0.5705440640449524,1
0.5782195329666138,1
0.5443528890609741,1
0.5672301650047302,1
0.533272385597229,1
0.5776631832122803,1
0.5205519199371338,1
0.5311053395271301,1
0.566220760345459,1
0.5478530526161194,1
0.5547428131103516,1
0.5258859395980835,1
0.4717372953891754,1
0.5109660029411316,1
0.5279518961906433,1
0.6304423213005066,1
0.5907015800476074,1
0.5497658252716064,1
0.546950101852417,1
0.5768640041351318,1
0.5624748468399048,1
0.5114961862564087,1
0.5450030565261841,1
0.4996684193611145,1
0.6040164828300476,1
0.5453680157661438,1
0.5220621824264526,1
0.5184174180030823,1
0.5646291971206665,1
0.5072004795074463,1
0.5692408680915833,1
0.5522303581237793,1
0.5459014177322388,1
0.6032140851020813,1
0.5801550149917603,1
0.5529236793518066,1
0.566390335559845,1
0.5454587340354919,1
0.5260986089706421,1
0.516775369644165,1
0.5234377980232239,1
0.5824992656707764,1
0.5653266310691833,1
0.5595480799674988,1
0.509986162185669,1
0.5750399827957153,1
0.5601831674575806,1
0.5396349430084229,1
0.5428257584571838,1
0.5609986782073975,1
0.54605633020401,1
0.5098686218261719,1
0.587403416633606,1
0.4727466106414795,1
0.5717489719390869,1
0.5889275074005127,1
0.5780889987945557,1
0.5434988737106323,1
0.5406308174133301,1
0.5475680828094482,1
0.5419519543647766,1
0.5442700982093811,1
0.5148242712020874,1
0.5834068059921265,1
0.5735974311828613,1
0.5351641178131104,1
0.5433858036994934,1
0.5519756078720093,1
0.5436174869537354,1
0.5449029207229614,1
0.5854926109313965,1
0.5588255524635315,1
0.5580358505249023,1
0.5836831331253052,1
0.5921691656112671,1
0.5610315799713135,1
0.5269161462783813,1
0.5559924244880676,1
0.519477128982544,1
0.542012631893158,1
0.5524560213088989,1
0.5234798789024353,1
0.5504574775695801,1
0.5697405338287354,1
0.586664080619812,1
0.6479647159576416,1
0.5708659887313843,1
0.5604538917541504,1
0.5310701131820679,1
0.5698500871658325,1
0.5805765390396118,1
0.5430015921592712,1
0.5563279986381531,1
0.5140689015388489,1
0.5414688587188721,1
0.6127308011054993,1
0.5595908164978027,1
0.5525802373886108,1
0.5300569534301758,1
0.5459206104278564,1
0.5484135746955872,1
0.5574674010276794,1
0.5557641983032227,1
0.5011096596717834,1
0.5748330950737,1
0.528657078742981,1
0.5103181600570679,1
0.5550788640975952,1
0.5289474725723267,1
0.5053163170814514,1
0.5343981385231018,1
0.5576688051223755,1
0.4887675344944,1
0.5874794125556946,1
0.5436904430389404,1
0.5210436582565308,1
0.5604939460754395,1
0.587054967880249,1
0.619612455368042,1
0.5585916042327881,1
0.5387004613876343,1
0.5221209526062012,1
0.5681605339050293,1
0.5766336917877197,1
0.5326975584030151,1
0.5516780614852905,1
0.5603982210159302,1
0.5610238313674927,1
0.587493360042572,1
0.5371187925338745,1
0.5521918535232544,1
0.5921269655227661,1
0.5122068524360657,1
0.5568153262138367,1
0.5786983966827393,1
0.5051610469818115,1
0.600480854511261,1
0.5455745458602905,1
0.5233323574066162,1
0.5847839117050171,1
0.5698903799057007,1
0.631049394607544,1
0.49405595660209656,1
0.5244174599647522,1
0.5278315544128418,1
0.592402458190918,1
0.5147145390510559,1
0.5323762893676758,1
0.5781459808349609,1
0.5464191436767578,1
0.5594074726104736,1
0.5616681575775146,1
0.5264041423797607,1
0.5343581438064575,1
0.5416543483734131,1
0.5154095888137817,1
0.5250500440597534,1
0.6126691102981567,1
0.5412260293960571,1
0.5731146931648254,1
0.5605231523513794,1
0.6065738797187805,1
0.5614509582519531,1
0.5553221106529236,1
0.5670843124389648,1
0.5722758769989014,1
0.5962923765182495,1
0.5613040924072266,1
0.5526818037033081,1
0.5836589932441711,1
0.5526654720306396,1
0.5826429128646851,1
0.5490804314613342,1
0.5931499004364014,1
0.5108028650283813,1
0.5166236162185669,1
0.566988468170166,1
0.5092074275016785,1
0.5762971639633179,1
0.5103808045387268,1
0.5997132062911987,1
0.5259512662887573,1
0.5367006063461304,1
0.5307363867759705,1
0.5261853337287903,1
0.5662733316421509,1
0.5237590074539185,1
0.5149884819984436,1
0.5972980260848999,1
0.5389055013656616,1
0.585165798664093,1
0.5483300685882568,1
0.5418466329574585,1
0.5154558420181274,1
0.49310624599456787,1
0.6169643998146057,1
0.5409277677536011,1
0.5230234265327454,1
0.5896991491317749,1
0.5670380592346191,1
0.5093455910682678,1
0.5570513010025024,1
0.5651464462280273,1
0.5883538722991943,1
0.5032198429107666,1
0.5208526849746704,1
0.5533521175384521,1
0.5453830361366272,1
0.5875188112258911,1
0.5202283263206482,1
0.5902044177055359,1
0.6063432693481445,1
0.5724104642868042,1
0.5333040952682495,1
0.5779487490653992,1
0.5549882054328918,1
0.5030971765518188,1
0.5504004955291748,1
0.5342391729354858,1
0.5455704927444458,1
0.5887539386749268,1
0.5295225977897644,1
0.5326609015464783,1
0.5830575227737427,1
0.537132740020752,1
0.5385549068450928,1
0.5277292728424072,1
0.5988500118255615,1
0.5642229318618774,1
0.5590865612030029,1
0.5435957908630371,1
0.5457992553710938,1
0.543653130531311,1
0.546777606010437,1
0.5724181532859802,1
0.5852747559547424,1
0.5369172096252441,1
0.523705005645752,1
0.5267083048820496,1
0.5595639944076538,1
0.5079684257507324,1
0.555412769317627,1
0.6354019641876221,1
0.5318431854248047,1
0.5631369352340698,1
0.561223030090332,1
0.5232881307601929,1
0.5166155695915222,1
0.5511597394943237,1
0.5421019792556763,1
0.5480993986129761,1
0.5395772457122803,1
0.5235260725021362,1
0.561630129814148,1
0.5208202600479126,1
0.5968499183654785,1
0.5444437265396118,1
0.5268642902374268,1
0.5110393762588501,1
0.5654094815254211,1
0.5502077341079712,1
0.537702202796936,1
0.5425384044647217,1
0.5352911353111267,1
0.5581819415092468,1
0.5351330041885376,1
0.554632306098938,1
0.5763087272644043,1
0.5164889693260193,1
0.5936431288719177,1
0.5687638521194458,1
0.5983971357345581,1
0.5463548898696899,1
0.5520989298820496,1
0.5612980127334595,1
0.5971848964691162,1
0.5607741475105286,1
0.5753289461135864,1
0.5302255749702454,1
0.5586979389190674,1
0.5140447020530701,1
0.5479733943939209,1
0.5244089365005493,1
0.5853745937347412,1
0.5022640228271484,1
0.5633742213249207,1
0.5699483752250671,1
0.5181094408035278,1
0.5413870811462402,1
0.5672089457511902,1
0.5624129772186279,1
0.5605684518814087,1
0.5715097188949585,1
0.5276191234588623,1
0.5716584324836731,1
0.5297348499298096,1
0.5931682586669922,1
0.4990713894367218,1
0.568181574344635,1
0.49927818775177,1
0.5390104651451111,1
0.5473043322563171,1
0.5741032361984253,1
0.5648858547210693,1
0.5453342199325562,1
0.528256893157959,1
0.5407891869544983,1
0.5458450317382813,1
0.5562942028045654,1
0.5597038269042969,1
0.5969560146331787,1
0.5302075147628784,1
0.5830944776535034,1
0.5118495225906372,1
0.47912201285362244,1
0.5211032629013062,1
0.5615993738174438,1
0.5389147996902466,1
0.5516211986541748,1
0.5637146234512329,1
0.5410406589508057,1
0.5802057981491089,1
0.5252033472061157,1
0.5236127376556396,1
0.5719723105430603,1
0.5358637571334839,1
0.5269242525100708,1
0.539084792137146,1
0.5261021852493286,1
0.6010147333145142,1
0.5551445484161377,1
0.5113463401794434,1
0.5252894759178162,1
0.5337210893630981,1
0.5506730675697327,1
0.5389289259910583,1
0.525485634803772,1
0.5582965016365051,1
0.5838855504989624,1
0.5171892046928406,1
0.5642336010932922,1
0.5686752796173096,1
0.5177978277206421,1
0.5310381054878235,1
0.5782893300056458,1
0.5548194646835327,1
0.5019041299819946,1
0.5389776825904846,1
0.5132722854614258,1
0.5013469457626343,1
0.5547566413879395,1
0.539390504360199,1
0.5411431789398193,1
0.5667784810066223,1
0.5423296689987183,1
0.5093573331832886,1
0.5354759693145752,1
0.5559465885162354,1
0.5027532577514648,1
0.5401241779327393,1
0.5759656429290771,1
0.5154311656951904,1
0.5368493795394897,1
0.5368843078613281,1
0.5120078325271606,1
0.48943090438842773,1
0.5500162839889526,1
0.5519384145736694,1
0.5249245166778564,1
0.5216906666755676,1
0.5277544260025024,1
0.5409402847290039,1
0.6364769339561462,1
0.5165469646453857,1
0.5525479316711426,1
0.5418840646743774,1
0.6087844371795654,1
0.5218210220336914,1
0.5289850234985352,1
0.5499159097671509,1
0.5223013162612915,1
0.5330034494400024,1
0.5535927414894104,1
0.5083539485931396,1
0.5328881740570068,1
0.46877360343933105,1
0.5390430092811584,1
0.567754864692688,1
0.5392060875892639,1
0.6299856305122375,1
0.5280660390853882,1
0.5717340707778931,1
0.5702869892120361,1
0.5754775404930115,1
0.5470163226127625,1
0.5727310180664063,1
0.5233851075172424,1
0.5864385366439819,1
0.5400245785713196,1
0.5380436182022095,1
0.5756976008415222,1
0.536940336227417,1
0.5167422294616699,1
0.6194627285003662,1
0.6265098452568054,1
0.5477173328399658,1
0.548231840133667,1
0.5705913305282593,1
0.5318804979324341,1
0.5522559881210327,1
0.5478164553642273,1
0.5101814270019531,1
0.5540540218353271,1
0.5508176684379578,1
0.572878360748291,1
0.5485069751739502,1
0.5565497875213623,1
0.5244979858398438,1
0.5600895881652832,1
0.6052131056785583,1
0.554433286190033,1
0.5775676965713501,1
0.5676968097686768,1
0.552646279335022,1
0.5783641338348389,1
0.5532577633857727,1
0.5752179622650146,1
0.5937131643295288,1
0.5379756093025208,1
0.5674092769622803,1
0.5568685531616211,1
0.5514006614685059,1
0.5468838214874268,1
0.5154529213905334,1
0.5720359086990356,1
0.5566641092300415,1
0.5447728633880615,1
0.528783917427063,1
0.501647412776947,1
0.608126163482666,1
0.5469268560409546,1
0.5366472005844116,1
0.5776796340942383,1
0.60347580909729,1
0.5755429267883301,1
0.5254154801368713,1
0.5381683111190796,1
0.5716509819030762,1
0.5593129992485046,1
0.5442332029342651,1
0.55679851770401,1
0.5538423657417297,1
0.5100858807563782,1
0.5309446454048157,1
0.5619837045669556,1
0.5675687789916992,1
0.5583271980285645,1
0.5202896595001221,1
0.5493282079696655,1
0.5327438712120056,1
0.6535011529922485,1
0.5466569662094116,1
0.5981644988059998,1
0.5494723320007324,1
0.5870627164840698,1
0.5492091178894043,1
0.5492053627967834,1
0.5225075483322144,1
0.5448535680770874,1
0.5409601926803589,1
0.563273012638092,1
0.5416693687438965,1
0.5922315716743469,1
0.5371326804161072,1
0.516787052154541,1
0.5729726552963257,1
0.5593494176864624,1
0.5231098532676697,1
0.5921533107757568,1
0.5399864315986633,1
0.5145659446716309,1
0.5771719813346863,1
0.5480064153671265,1
0.5582442283630371,1
0.5359452962875366,1
0.5612895488739014,1
0.5066635608673096,1
0.539487361907959,1
0.5581293106079102,1
0.5147614479064941,1
0.5414100885391235,1
0.5416882634162903,1
0.5319949388504028,1
0.533713698387146,1
0.5660220384597778,1
0.5396032929420471,1
0.5901305079460144,1
0.5757181644439697,1
0.5601502060890198,1
0.5547727346420288,1
0.5846354961395264,1
0.553210973739624,1
0.582832396030426,1
0.6062444448471069,1
0.5063591003417969,1
0.6017999649047852,1
0.5514219999313354,1
0.5509436726570129,1
0.5170143246650696,1
0.5258873701095581,1
0.5605658292770386,1
0.5473318099975586,1
0.5069615840911865,1
0.5575830936431885,1
0.5778802633285522,1
0.5343776941299438,1
0.5240960717201233,1
0.5995042324066162,1
0.5081682205200195,1
0.5779200196266174,1
0.493583619594574,1
0.5861114263534546,1
0.6001622676849365,1
0.520522952079773,1
0.5310731530189514,1
0.5773439407348633,1
0.5060664415359497,1
0.6046741604804993,1
0.556607723236084,1
0.5595731139183044,1
0.5829741954803467,1
0.563454270362854,1
0.5628378391265869,1
0.5517022609710693,1
0.5544121265411377,1
0.5940236449241638,1
0.5701248645782471,1
0.5629575252532959,1
0.5542917847633362,1
0.5584985017776489,1
0.5399292707443237,1
0.5483341217041016,1
0.5196053981781006,1
0.5641149878501892,1
0.5406389236450195,1
0.5019311308860779,1
0.5285652875900269,1
0.5884584784507751,1
0.6032928228378296,1
0.544792652130127,1
0.5450708866119385,1
0.541642427444458,1
0.5713143944740295,1
0.5336601734161377,1
0.5051288604736328,1
0.5543797016143799,1
0.5310571789741516,1
0.5181351900100708,1
0.5589754581451416,1
0.5739845633506775,1
0.49396705627441406,1
0.5637493133544922,1
0.5104957818984985,1
0.5893016457557678,1
0.5505633354187012,1
0.5497432947158813,1
0.5791913270950317,1
0.5895832777023315,1
0.5746191740036011,1
0.5147179365158081,1
0.5286915302276611,1
0.5394129753112793,1
0.5539287328720093,1
0.5159010887145996,1
0.5655008554458618,1
0.5292085409164429,1
0.5448818802833557,1
0.5063497424125671,1
0.4917129874229431,1
0.543265163898468,1
0.5690304636955261,1
0.5746440887451172,1
0.545842707157135,1
0.5337220430374146,1
0.5616153478622437,1
0.5427683591842651,1
0.4718805253505707,1
0.572380542755127,1
0.5038277506828308,1
0.5622762441635132,1
0.49488043785095215,1
0.484055757522583,1
0.5435337424278259,1
0.5416479110717773,1
0.48233795166015625,1
0.5498213768005371,1
0.5416837930679321,1
0.5382979512214661,1
0.4979449510574341,1
0.6267489194869995,1
0.5466548204421997,1
0.5652710795402527,1
0.5278505086898804,1
0.5086313486099243,1
0.553989827632904,1
0.5591763257980347,1
0.5244699120521545,1
0.48245370388031006,1
0.5407412052154541,1
0.5870327353477478,1
0.5323168635368347,1
0.5041472315788269,1
0.5775775909423828,1
0.49599936604499817,1
0.5446017384529114,1
0.566604495048523,1
0.5562706589698792,1
0.4943292737007141,1
0.5764907002449036,1
0.593015193939209,1
0.5132822394371033,1
0.5538470149040222,1
0.5570201873779297,1
0.509600043296814,1
0.5741447806358337,1
0.5598785281181335,1
0.5162986516952515,1
0.5666170120239258,1
0.5438785552978516,1
0.49233314394950867,1
0.5674369931221008,1
0.5142762660980225,1
0.562523365020752,1
0.5537197589874268,1
0.5631017684936523,1
0.5752019286155701,1
0.5545346140861511,1
0.5809935331344604,1
0.5895030498504639,1
0.5684614181518555,1
0.5474900603294373,1
0.5567784309387207,1
0.5646458864212036,1
0.562147855758667,1
0.5303798913955688,1
0.5673798322677612,1
0.567068338394165,1
0.5627068281173706,1
0.5850999355316162,1
0.5156196355819702,1
0.5377910733222961,1
0.5885000228881836,1
0.5503520965576172,1
0.5470199584960938,1
0.5343482494354248,1
0.5848865509033203,1
0.5735564231872559,1
0.5217045545578003,1
0.5436641573905945,1
0.5276713371276855,1
0.5332809686660767,1
0.5661089420318604,1
0.5676041841506958,1
0.5429871678352356,1
0.5164027214050293,1
0.523125410079956,1
0.563708484172821,1
0.5630415081977844,1
0.5384925007820129,1
0.5514012575149536,1
0.5408644080162048,1
0.5644092559814453,1
0.5730328559875488,1
0.5353428721427917,1
0.5311589241027832,1
0.5364948511123657,1
0.5589389801025391,1
0.5259244441986084,1
0.5391891002655029,1
0.5299609899520874,1
0.5652234554290771,1
0.5696285963058472,1
0.5334118008613586,1
0.5823178291320801,1
0.5756117105484009,1
0.5415815711021423,1
0.5558818578720093,1
0.509331464767456,1
0.5466952323913574,1
0.5421403646469116,1
0.5658656358718872,1
0.5458937883377075,1
0.5935544967651367,1
0.5148966312408447,1
0.5285282135009766,1
0.5365241169929504,1
0.5690703392028809,1
0.5927132368087769,1
0.5737417936325073,1
0.5633586645126343,1
0.5886229872703552,1
0.5056048631668091,1
0.5766056776046753,1
0.5610500574111938,1
0.5350908041000366,1
0.5939868688583374,1
0.5116415023803711,1
0.5761454701423645,1
0.5393684506416321,1
0.5150290727615356,1
0.5610991716384888,1
0.5359547138214111,1
0.5330060720443726,1
0.5476959943771362,1
0.49659186601638794,1
0.5732430219650269,1
0.5463852882385254,1
0.5882583260536194,1
0.559593915939331,1
0.5728689432144165,1
0.5091484785079956,1
0.5556560158729553,1
0.5723653435707092,1
0.5789591073989868,1
0.5778650045394897,1
0.6335775256156921,1
0.5498802661895752,1
0.5310057997703552,1
0.5644211769104004,1
0.5250284671783447,1
0.5604482889175415,1
0.5789903998374939,1
0.5521306991577148,1
0.5439058542251587,1
0.5720223188400269,1
0.5851413011550903,1
0.5418596267700195,1
0.514938235282898,1
0.5495206117630005,1
0.5350872278213501,1
0.534286379814148,1
0.5630817413330078,1
0.5467739105224609,1
0.5567494034767151,1
0.5390866994857788,1
0.5806208848953247,1
0.5328714847564697,1
0.5265262126922607,1
0.5036359429359436,1
0.5669506788253784,1
0.5733376741409302,1
0.5505754351615906,1
0.5500614643096924,1
0.5152342319488525,1
0.5063223838806152,1
0.5447720885276794,1
0.5487613677978516,1
0.5035674571990967,1
0.594427227973938,1
0.6149812936782837,1
0.5678608417510986,1
0.5016919374465942,1
0.5725455284118652,1
0.5525493621826172,1
0.508834719657898,1
0.5053159594535828,1
0.5837980508804321,1
0.5433241128921509,1
0.532180905342102,1
0.5545583963394165,1
0.5001522898674011,1
0.5505627393722534,1
0.5849469304084778,1
0.5482231378555298,1
0.5187597274780273,1
0.5598814487457275,1
0.5476548671722412,1
0.5265963077545166,1
0.5673965215682983,1
0.5257952213287354,1
0.5332584381103516,1
0.5145939588546753,1
0.5182435512542725,1
0.6141226887702942,1
0.5135757923126221,1
0.5469751358032227,1
0.523306667804718,1
0.5496809482574463,1
0.5920728445053101,1
0.5513042211532593,1
0.5339914560317993,1
0.5592464208602905,1
0.555221438407898,1
0.563406229019165,1
0.5787397027015686,1
0.5906379222869873,1
0.5415936708450317,1
0.5599966049194336,1
0.5922211408615112,1
0.5560866594314575,1
0.5481902956962585,1
0.5107408761978149,1
0.5899277925491333,1
0.5431440472602844,1
0.5873960852622986,1
0.523797869682312,1
0.520532488822937,1
0.5708000659942627,1
0.5569503307342529,1
0.5506918430328369,1
0.4929642081260681,1
0.5695883631706238,1
0.5497118234634399,1
0.4885441064834595,1
0.5672767162322998,1
0.5438377857208252,1
0.5525158643722534,1
0.5787228345870972,1
0.5554392337799072,1
0.5621978044509888,1
0.6109144687652588,1
0.5622539520263672,1
0.5234918594360352,1
0.5021953582763672,1
0.4832262396812439,1
0.5687751173973083,1
0.5831631422042847,1
0.5528746843338013,1
0.5821813344955444,1
0.5307149291038513,1
0.5090424418449402,1
0.5412529706954956,1
0.5759663581848145,1
0.5607454776763916,1
0.5323364734649658,1
0.5077731013298035,1
0.6005662679672241,1
0.5268042087554932,1
0.5452867746353149,1
0.5091428756713867,1
0.5208753943443298,1
0.5529187917709351,1
0.5426356792449951,1
0.5204273462295532,1
0.5399537086486816,1
0.5235612988471985,1
0.5242928266525269,1
0.610015869140625,1
0.5420010089874268,1
0.545125424861908,1
0.554692268371582,1
0.5748089551925659,1
0.5664111971855164,1
0.4959995746612549,1
0.5172274112701416,1
0.5882139205932617,1
0.5699271559715271,1
0.5810508728027344,1
0.5660490393638611,1
0.5387080907821655,1
0.5647891163825989,1
0.5447405576705933,1
0.5310268402099609,1
0.5346454977989197,1
0.5811732411384583,1
0.5435675382614136,1
0.5341976881027222,1
0.5119141936302185,1
0.5379725694656372,1
0.5222287178039551,1
0.5210273861885071,1
0.5541608333587646,1
0.5563408136367798,1
0.519607424736023,1
0.5415068864822388,1
0.5625026226043701,1
0.5611411333084106,1
0.536530613899231,1
0.51226407289505,1
0.5317220091819763,1
0.5881250500679016,1
0.5430507063865662,1
0.5502299666404724,1
0.588796854019165,1
0.5520005226135254,1
0.5395430326461792,1
0.558136522769928,1
0.5343830585479736,1
0.5687831044197083,1
0.5363487601280212,1
0.5332173109054565,1
0.5115479230880737,1
0.5580806732177734,1
0.5549341440200806,1
0.52457195520401,1
0.5401347875595093,1
0.5852764844894409,1
0.5882776975631714,1
0.5511211156845093,1
0.5985887050628662,1
0.563269317150116,1
0.5477304458618164,1
0.5397526025772095,1
0.5235298871994019,1
0.5500770807266235,1
0.5526926517486572,1
0.521153450012207,1
0.5887342691421509,1
0.516832709312439,1
0.5784902572631836,1
0.5328668355941772,1
0.5769546031951904,1
0.5839141607284546,1
0.5277998447418213,1
0.5440876483917236,1
0.5627577304840088,1
0.5437281727790833,1
0.543128252029419,1
0.5367763042449951,1
0.5524682998657227,1
0.5434771776199341,1
0.5051546096801758,1
0.5728579163551331,1
0.5422579646110535,1
0.532862663269043,1
0.5364853143692017,1
0.5484416484832764,1
0.54331374168396,1
0.5296378135681152,1
0.5337913036346436,1
0.5429032444953918,1
0.5473207235336304,1
0.5591475367546082,1
0.5605759620666504,1
0.543175458908081,1
0.5902931690216064,1
0.5482583045959473,1
0.5530992746353149,1
0.549446702003479,1
0.49806198477745056,1
0.5939139127731323,1
0.5444336533546448,1
0.5427508354187012,1
0.5607065558433533,1
0.5276504755020142,1
0.527758002281189,1
0.5394484400749207,1
0.5528016686439514,1
0.5240645408630371,1
0.5336242914199829,1
0.5647497177124023,1
0.5402934551239014,1
0.5235223770141602,1
0.5309135913848877,1
0.5071401596069336,1
0.5497742891311646,1
0.565932035446167,1
0.5257559418678284,1
0.49944359064102173,1
0.5484118461608887,1
0.550578236579895,1
0.5465399026870728,1
0.5345381498336792,1
0.5949749946594238,1
0.5395624041557312,1
0.5001401305198669,1
0.45734483003616333,1
0.5132147073745728,1
0.5444369316101074,1
0.5470960736274719,1
0.5620113611221313,1
0.5226337313652039,1
0.5423150658607483,1
0.566084623336792,1
0.5796335935592651,1
0.5669876337051392,1
0.5670716762542725,1
0.5310946106910706,1
0.5696746110916138,1
0.5754580497741699,1
0.507634162902832,1
0.5459535121917725,1
0.529792308807373,1
0.552275538444519,1
0.5333660244941711,1
0.5559191703796387,1
0.5364729166030884,1
0.509308397769928,1
0.5445915460586548,1
0.5868039131164551,1
0.5229862928390503,1
0.5004008412361145,1
0.5224146842956543,1
0.5836951732635498,1
0.5369185209274292,1
0.5332103967666626,1
0.5192424058914185,1
0.5374759435653687,1
0.5569749474525452,1
0.5457334518432617,1
0.6147737503051758,1
0.6145932078361511,1
0.49556654691696167,1
0.5829035639762878,1
0.521856427192688,1
0.5543901920318604,1
0.5686063766479492,1
0.5716853737831116,1
0.5394137501716614,1
0.565538227558136,1
0.5847522020339966,1
0.5134900212287903,1
0.5858045816421509,1
0.560318648815155,1
0.5811614394187927,1
0.5223850011825562,1
0.5644161701202393,1
0.5719078779220581,1
0.5707690715789795,1
0.5722319483757019,1
0.5801271200180054,1
0.5959373712539673,1
0.5414035320281982,1
0.5304244756698608,1
0.568301260471344,1
0.5706504583358765,1
0.5627331733703613,1
0.5768222212791443,1
0.5431251525878906,1
0.5372895002365112,1
0.49936679005622864,1
0.5255575180053711,1
0.5683831572532654,1
0.5019018650054932,1
0.5308851003646851,1
0.5318659543991089,1
0.5585764646530151,1
0.5355387926101685,1
0.5456946492195129,1
0.5378211736679077,1
0.5655392408370972,1
0.5723105072975159,1
0.5365601778030396,1
0.5087429881095886,1
0.5541700124740601,1
0.47976696491241455,1
0.545932412147522,1
0.5515516996383667,1
0.5600818991661072,1
0.5725353360176086,1
0.5894272923469543,1
0.5296409726142883,1
0.525294303894043,1
0.5829768180847168,1
0.5543875694274902,1
0.5848208665847778,1
0.5758783221244812,1
0.5310732126235962,1
0.558836817741394,1
0.5844624042510986,1
0.5187615156173706,1
0.4883108139038086,1
0.5371045470237732,1
0.49587371945381165,1
0.574751615524292,1
0.5933115482330322,1
0.5186840295791626,1
0.5683830976486206,1
0.5255929231643677,1
0.5675948858261108,1
0.589274525642395,1
0.5665247440338135,1
0.5938290357589722,1
0.5793857574462891,1
0.5614266395568848,1
0.5598958730697632,1
0.5800013542175293,1
0.4913850426673889,1
0.55076664686203,1
0.5186375379562378,1
0.5359879732131958,1
0.5402384996414185,1
0.5556594133377075,1
0.5123962759971619,1
0.5290295481681824,1
0.5103185176849365,1
0.5659780502319336,1
0.5625983476638794,1
0.6100887656211853,1
0.554986298084259,1
0.5118221044540405,1
0.5373334884643555,1
0.5420852303504944,1
0.5279676914215088,1
0.5375553369522095,1
0.6048794388771057,1
0.5471328496932983,1
0.5444015860557556,1
0.5337457656860352,1
0.5892003774642944,1
0.48576879501342773,1
0.5461876392364502,1
0.5426361560821533,1
0.5606418251991272,1
0.5519341230392456,1
0.5597935914993286,1
0.5646114349365234,1
0.5504895448684692,1
0.5290815234184265,1
0.5383514165878296,1
0.5448628664016724,1
0.561458945274353,1
0.5180606842041016,1
0.573421835899353,1
0.5287259817123413,1
0.5314553380012512,1
0.5322124361991882,1
0.5478203296661377,1
0.5940468311309814,1
0.6248005628585815,1
0.5752192139625549,1
0.5529956221580505,1
0.5632785558700562,1
0.5310266017913818,1
0.5584424734115601,1
0.5374059677124023,1
0.5093302726745605,1
0.584823727607727,1
0.5645006895065308,1
0.5852198600769043,1
0.5439060926437378,1
0.5097694396972656,1
0.5779749155044556,1
0.5305185317993164,1
0.5716853141784668,1
0.5287675857543945,1
0.5368300676345825,1
0.6114108562469482,1
0.5461041927337646,1
0.5594324469566345,1
0.5687258839607239,1
0.5471912622451782,1
0.544269323348999,1
0.6018211841583252,1
0.558953583240509,1
0.5859590172767639,1
0.5447995662689209,1
0.5633639097213745,1
0.5347020626068115,1
0.5834149718284607,1
0.5507978796958923,1
0.5244772434234619,1
0.5506905317306519,1
0.6389105319976807,1
0.591031551361084,1
0.5690455436706543,1
0.5286204814910889,1
0.5327620506286621,1
0.5170248746871948,1
0.5323901176452637,1
0.5714073777198792,1
0.5627751350402832,1
0.516345202922821,1
0.5201549530029297,1
0.5546637773513794,1
0.5816398859024048,1
0.5633541345596313,1
0.6020547151565552,1
0.5224297046661377,1
0.5779485702514648,1
0.5624480247497559,1
0.548003077507019,1
0.5518022179603577,1
0.563962459564209,1
0.5338196158409119,1
0.5496120452880859,1
0.5880767107009888,1
0.5865522623062134,1
0.5450809001922607,1
0.5544276833534241,1
0.5218179225921631,1
0.5318690538406372,1
0.5319773554801941,1
0.5514709949493408,1
0.5451918840408325,1
0.5738093852996826,1
0.567827045917511,1
0.534820020198822,1
0.5487388372421265,1
0.5540329813957214,1
0.5558607578277588,1
0.5757032632827759,1
0.4846814274787903,1
0.5528889894485474,1
0.5543692111968994,1
0.5376344919204712,1
0.5854426622390747,1
0.5276554822921753,1
0.5085852742195129,1
0.5856772065162659,1
0.5276819467544556,1
0.5272353291511536,1
0.5276124477386475,1
0.5498663187026978,1
0.5454988479614258,1
0.5320355892181396,1
0.5066677331924438,1
0.48490601778030396,1
0.5544450283050537,1
0.5343825221061707,1
0.5367960333824158,1
0.5770177841186523,1
0.6017048954963684,1
0.5938155651092529,1
0.5852574110031128,1
0.5593155026435852,1
0.5748332738876343,1
0.5354478359222412,1
0.5404837131500244,1
0.5303528308868408,1
0.5197399854660034,1
0.5883876085281372,1
0.5305803418159485,1
0.567999005317688,1
0.529612123966217,1
0.5751549005508423,1
0.5712235569953918,1
0.5205711126327515,1
0.5441845655441284,1
0.5159603357315063,1
0.5726338028907776,1
0.5289716124534607,1
0.548369288444519,1
0.5320627689361572,1
0.5795679092407227,1
0.5408945679664612,1
0.542141318321228,1
0.5478990077972412,1
0.5564767718315125,1
0.5461369156837463,1
0.5554479360580444,1
0.5474472641944885,1
0.5849008560180664,1
0.5283855199813843,1
0.561505913734436,1
0.5536061525344849,1
0.5973832011222839,1
0.5848788619041443,1
0.5645080208778381,1
0.5992441177368164,1
0.529342532157898,1
0.5410915613174438,1
0.559449315071106,1
0.5686187744140625,1
0.5571150779724121,1
0.5461392998695374,1
0.535442590713501,1
0.5766825079917908,1
0.5455093383789063,1
0.5319168567657471,1
0.5590654015541077,1
0.4813864231109619,1
0.5280475616455078,1
0.5224529504776001,1
0.5518877506256104,1
0.560084342956543,1
0.531158983707428,1
0.5203620195388794,1
0.5663875937461853,1
0.5794519186019897,1
0.5938550233840942,1
0.5262128114700317,1
0.5392615795135498,1
0.5461297035217285,1
0.5386176109313965,1
0.5199592113494873,1
0.605487585067749,1
0.5426498055458069,1
0.5931596755981445,1
0.5462186336517334,1
0.5612297058105469,1
0.5497685670852661,1
0.5462451577186584,1
0.5555582642555237,1
0.49567872285842896,1
0.5529060363769531,1
0.5725244283676147,1
0.5398819446563721,1
0.5189107656478882,1
0.510053813457489,1
0.5773462057113647,1
0.5617226362228394,1
0.5189653635025024,1
0.5304557681083679,1
0.5755569934844971,1
0.5549836158752441,1
0.5522966980934143,1
0.5948413610458374,1
0.5540421009063721,1
0.5192622542381287,1
0.5443999171257019,1
0.5310096740722656,1
0.5175566673278809,1
0.5422562956809998,1
0.524802029132843,1
0.47159257531166077,1
0.5493142604827881,1
0.54341721534729,1
0.5725534558296204,1
0.5526034235954285,1
0.5777923464775085,1
0.5705068111419678,1
0.5629770755767822,1
0.5650835037231445,1
0.5365491509437561,1
0.5349425673484802,1
0.5199108123779297,1
0.6010317802429199,1
0.5160760879516602,1
0.4954271912574768,1
0.5863622426986694,1
0.5208884477615356,1
0.5805774927139282,1
0.5599256157875061,1
0.5679728388786316,1
0.5747801065444946,1
0.5616008639335632,1
0.5300792455673218,1
0.5378276109695435,1
0.5537312030792236,1
0.6025022268295288,1
0.5301237106323242,1
0.5467300415039063,1
0.5170868635177612,1
0.5680626630783081,1
0.5436329245567322,1
0.5498707890510559,1
0.5502475500106812,1
0.5624275207519531,1
0.5603049397468567,1
0.5437608957290649,1
0.5821982622146606,1
0.5661290287971497,1
0.5710091590881348,1
0.538583517074585,1
0.5214701890945435,1
0.5485896468162537,1
0.5201847553253174,1
0.5661020278930664,1
0.551272988319397,1
0.5274560451507568,1
0.5646206140518188,1
0.593320369720459,1
0.6140739321708679,1
0.5453509092330933,1
0.5460381507873535,1
0.5578150749206543,1
0.5683696269989014,1
0.5395740866661072,1
0.5266411304473877,1
0.5268181562423706,1
0.5523275136947632,1
0.5039344429969788,1
0.5103111863136292,1
0.5607523918151855,1
0.5615931749343872,1
0.5505014657974243,1
0.5980610251426697,1
0.5594997406005859,1
0.5706180334091187,1
0.524434506893158,1
0.5581831932067871,1
0.5583712458610535,1
0.5050225853919983,1
0.5554654002189636,1
0.579256534576416,1
0.5288547277450562,1
0.5370986461639404,1
0.560967743396759,1
0.5294786691665649,1
0.5514240264892578,1
0.5476646423339844,1
0.5439437627792358,1
0.5558925867080688,1
0.482397198677063,1
0.623713493347168,1
0.6056258678436279,1
0.5594244003295898,1
0.5408757925033569,1
0.5463704466819763,1
0.6232237815856934,1
0.4851539433002472,1
0.5929015874862671,1
0.5732447504997253,1
0.5356959104537964,1
0.554053783416748,1
0.5633225440979004,1
0.5255574584007263,1
0.5237346291542053,1
0.6096477508544922,1
0.52706378698349,1
0.5234174728393555,1
0.5813900232315063,1
0.526237964630127,1
0.607906699180603,1
0.5918437242507935,1
0.5758593082427979,1
0.48816627264022827,1
0.5832874774932861,1
0.5247315764427185,1
0.5269199013710022,1
0.5391533970832825,1
0.5386587381362915,1
0.5395355224609375,1
0.5309221744537354,1
0.5653716921806335,1
0.5616112351417542,1
0.5109219551086426,1
0.564400315284729,1
0.5884243845939636,1
0.5454384088516235,1
0.48548150062561035,1
0.5274553298950195,1
0.5090338587760925,1
0.5320377349853516,1
0.5326723456382751,1
0.5621581077575684,1
0.5509485006332397,1
0.5059376358985901,1
0.5764895677566528,1
0.5775903463363647,1
0.5957065224647522,1
0.5087707042694092,1
0.5537155866622925,1
0.5104005932807922,1
0.5434654355049133,1
0.5797772407531738,1
0.5821233987808228,1
0.5452377796173096,1
0.570591390132904,1
0.5635393261909485,1
0.5448123216629028,1
0.5758928060531616,1
0.5100737810134888,1
0.570656418800354,1
0.5154542326927185,1
0.5049943923950195,1
0.5353125929832458,1
0.4861712157726288,1
0.5540564656257629,1
0.5317360162734985,1
0.5620812177658081,1
0.5551717281341553,1
0.5472034811973572,1
0.5335814952850342,1
0.5578196048736572,1
0.4803476333618164,1
0.5762060880661011,1
0.5478177666664124,1
0.5859841108322144,1
0.5855604410171509,1
0.5225688219070435,1
0.5840170383453369,1
0.514418363571167,1
0.5518798828125,1
0.5666319131851196,1
0.555069625377655,1
0.5984880924224854,1
0.5999667644500732,1
0.5326536893844604,1
0.5999041199684143,1
0.5787193775177002,1
0.5490553379058838,1
0.5311634540557861,1
0.5337819457054138,1
0.5161662101745605,1
0.5533173084259033,1
0.5378024578094482,1
0.4990590214729309,1
0.5984857082366943,1
0.5454847812652588,1
0.5615361928939819,1
0.5112879276275635,1
0.5636865496635437,1
0.5332871675491333,1
0.5792033672332764,1
0.5466936826705933,1
0.5467454195022583,1
0.5241355895996094,1
0.5522254109382629,1
0.5355756282806396,1
0.5717678666114807,1
0.5387065410614014,1
0.5955238342285156,1
0.5391959547996521,1
0.5204951763153076,1
0.5905079245567322,1
0.5443761944770813,1
0.5941826701164246,1
0.6169589757919312,1
0.5721753835678101,1
0.574673593044281,1
0.5931823253631592,1
0.5264933109283447,1
0.5412333011627197,1
0.5155872702598572,1
0.5463389754295349,1
0.5505878925323486,1
0.5473135709762573,1
0.5280256271362305,1
0.5479475855827332,1
0.5539531707763672,1
0.514815092086792,1
0.5403116941452026,1
0.6252212524414063,1
0.5650327205657959,1
0.5375643968582153,1
0.5660281181335449,1
0.5408799648284912,1
0.6211364269256592,1
0.5116534233093262,1
0.5407246351242065,1
0.5745951533317566,1
0.523622989654541,1
0.5228388905525208,1
0.543195366859436,1
0.5248891115188599,1
0.5693464279174805,1
0.4963197410106659,1
0.5298395752906799,1
0.5676126480102539,1
0.5429063439369202,1
0.5461234450340271,1
0.5379496812820435,1
0.573841392993927,1
0.5441040396690369,1
0.5277559757232666,1
0.5624767541885376,1
0.5303536653518677,1
0.5429881811141968,1
0.5442991256713867,1
0.5339755415916443,1
0.5819307565689087,1
0.5660736560821533,1
0.5269322991371155,1
0.5475989580154419,1
0.5489187836647034,1
0.5656560659408569,1
0.5125677585601807,1
0.569127082824707,1
0.5242400765419006,1
0.5393221974372864,1
0.5878669619560242,1
0.5141223669052124,1
0.5784194469451904,1
0.5315699577331543,1
0.5432648658752441,1
0.567168116569519,1
0.527358889579773,1
0.5379879474639893,1
0.534483015537262,1
0.5888992547988892,1
0.507945716381073,1
0.5567688941955566,1
0.544701099395752,1
0.5279620885848999,1
0.5691727995872498,1
0.5646781325340271,1
0.5733871459960938,1
0.5722379088401794,1
0.5455513000488281,1
0.5639902949333191,1
0.5457968711853027,1
0.5639327764511108,1
0.5799385905265808,1
0.5398908257484436,1
0.5139939785003662,1
0.5674847364425659,1
0.5240470170974731,1
0.5889334678649902,1
0.5427299737930298,1
0.5629065036773682,1
0.6177788972854614,1
0.5162489414215088,1
0.5748375654220581,1
0.5823848247528076,1
0.5538605451583862,1
0.49594175815582275,1
0.5776367783546448,1
0.5523555278778076,1
0.6021464467048645,1
0.5372652411460876,1
0.5305752754211426,1
0.5740770101547241,1
0.5020656585693359,1
0.5675696730613708,1
0.6184400320053101,1
0.5589805841445923,1
0.5631736516952515,1
0.6301056742668152,1
0.527937114238739,1
0.5894879102706909,1
0.5341013669967651,1
0.5489152669906616,1
0.5769668221473694,1
0.5621264576911926,1
0.4913329482078552,1
0.5937025547027588,1
0.5554495453834534,1
0.5581626892089844,1
0.6096603870391846,1
0.5305356979370117,1
0.5529308915138245,1
0.6270440816879272,1
0.518403172492981,1
0.5900745391845703,1
0.5418635606765747,1
0.5456514954566956,1
0.556928277015686,1
0.5372984409332275,1
0.556527316570282,1
0.5981535315513611,1
0.529620885848999,1
0.537403404712677,1
0.5115149617195129,1
0.569369375705719,1
0.5637940168380737,1
0.5998220443725586,1
0.5662664175033569,1
0.5476136207580566,1
0.5440759658813477,1
0.5836961269378662,1
0.5594086050987244,1
0.5028977990150452,1
0.5230815410614014,1
0.5373286008834839,1
0.5533554553985596,1
0.565119743347168,1
0.5176078677177429,1
0.5362755656242371,1
0.5439378023147583,1
0.5459510684013367,1
0.5100999474525452,1
0.5728061199188232,1
0.534600019454956,1
0.5518566966056824,1
0.6439769268035889,1
0.5789874792098999,1
0.5320897102355957,1
0.5738933086395264,1
0.5729022026062012,1
0.5608102083206177,1
0.5223797559738159,1
0.5492771863937378,1
0.5770484209060669,1
0.5774565935134888,1
0.540732204914093,1
0.5305721759796143,1
0.5429960489273071,1
0.5538722276687622,1
0.6124750375747681,1
0.5353555679321289,1
0.5483705401420593,1
0.5384657382965088,1
0.5821532011032104,1
0.5625160932540894,1
0.5629099607467651,1
0.5405850410461426,1
0.5951993465423584,1
0.561511218547821,1
0.5499374270439148,1
0.5429854393005371,1
0.5283156037330627,1
0.49571990966796875,1
0.6006802320480347,1
0.5433317422866821,1
0.5130941867828369,1
0.5796027183532715,1
0.5795093774795532,1
0.5364930629730225,1
0.5077310800552368,1
0.558617889881134,1
0.5109571218490601,1
0.5377146005630493,1
0.5677660703659058,1
0.5802044868469238,1
0.5363918542861938,1
0.5188692808151245,1
0.5454542636871338,1
0.5891287326812744,1
0.5787516832351685,1
0.5371113419532776,1
0.5105346441268921,1
0.5666941404342651,1
0.5452867150306702,1
0.5620604753494263,1
0.5691343545913696,1
0.5626622438430786,1
0.5491533279418945,1
0.5191636085510254,1
0.582077145576477,1
0.5486412048339844,1
0.5308076739311218,1
0.5550181865692139,1
0.5390751361846924,1
0.5762759447097778,1
0.5734734535217285,1
0.5598990321159363,1
0.5703489184379578,1
0.5196273326873779,1
0.601872980594635,1
0.5774961709976196,1
0.5828486680984497,1
0.5104524493217468,1
0.5676999688148499,1
0.53499436378479,1
0.5617351531982422,1
0.5146927833557129,1
0.5375608205795288,1
0.5576165914535522,1
0.5453231334686279,1
0.5578455924987793,1
0.5479378700256348,1
0.5679866075515747,1
0.5680424571037292,1
0.6067094802856445,1
0.5178143978118896,1
0.5198705196380615,1
0.5248830318450928,1
0.5696016550064087,1
0.5990892648696899,1
0.5674797296524048,1
0.5363578200340271,1
0.5668734312057495,1
0.5410252809524536,1
0.5619627237319946,1
0.5179170370101929,1
0.5745900869369507,1
0.5230454206466675,1
0.5352877378463745,1
0.6005764007568359,1
0.5242056250572205,1
0.5407000780105591,1
0.5816575288772583,1
0.5137070417404175,1
0.5645060539245605,1
0.5370498895645142,1
0.5369505286216736,1
0.5033816695213318,1
0.5288762450218201,1
0.5656379461288452,1
0.5602724552154541,1
0.5481842160224915,1
0.542016863822937,1
0.58150315284729,1
0.5134074091911316,1
0.5154609680175781,1
0.5949822068214417,1
0.6038135886192322,1
0.5480918884277344,1
0.5132604837417603,1
0.5505446791648865,1
0.5241250991821289,1
0.5685661435127258,1
0.5557439923286438,1
0.5430173277854919,1
0.5399053692817688,1
0.5786198973655701,1
0.5757845044136047,1
0.5714067220687866,1
0.5656418800354004,1
0.505504846572876,1
0.5789743065834045,1
0.5530226230621338,1
0.5458794832229614,1
0.5193473100662231,1
0.5730137228965759,1
0.563374400138855,1
0.5383073091506958,1
0.5103007555007935,1
0.5173020362854004,1
0.4878912568092346,1
0.524512767791748,1
0.6055845618247986,1
0.5115766525268555,1
0.5578958988189697,1
0.5510787963867188,1
0.5443038940429688,1
0.5421672463417053,1
0.5927351117134094,1
0.5491812229156494,1
0.5725104212760925,1
0.5423147678375244,1
0.5351303219795227,1
0.5505545139312744,1
0.5295095443725586,1
0.5201935768127441,1
0.5419330596923828,1
0.5509697198867798,1
0.49584925174713135,1
0.5359283685684204,1
0.5790829658508301,1
0.5473508834838867,1
0.4850587844848633,1
0.5149034261703491,1
0.5619018077850342,1
0.5388350486755371,1
0.5910120010375977,1
0.5989044904708862,1
0.5533461570739746,1
0.5215753316879272,1
0.4889664649963379,1
0.5530472993850708,1
0.5339224934577942,1
0.5271146893501282,1
0.5860525965690613,1
0.5271217226982117,1
0.48658114671707153,1
0.5296563506126404,1
0.5020540952682495,1
0.5470571517944336,1
0.5401144027709961,1
0.6010845899581909,1
0.581520676612854,1
0.5413509011268616,1
0.46185773611068726,1
0.5702363848686218,1
0.5529241561889648,1
0.5344403982162476,1
0.589945375919342,1
0.6082974076271057,1
0.5754285454750061,1
0.5680917501449585,1
0.5541229844093323,1
0.5905995965003967,1
0.5102972984313965,1
0.5442481637001038,1
0.5608855485916138,1
0.5772107839584351,1
0.5730891227722168,1
0.5366635322570801,1
0.4860793352127075,1
0.5009627342224121,1
0.5065462589263916,1
0.5494214296340942,1
0.5807291269302368,1
0.6041091680526733,1
0.5877057313919067,1
0.5758413672447205,1
0.5283572673797607,1
0.5376042127609253,1
0.5478883981704712,1
0.57651686668396,1
0.5530696511268616,1
0.585373044013977,1
0.5044362545013428,1
0.5632961988449097,1
0.5113136768341064,1
0.5284372568130493,1
0.5384191274642944,1
0.5449506044387817,1
0.5417962074279785,1
0.5540244579315186,1
0.5599484443664551,1
0.6020716428756714,1
0.5509116649627686,1
0.55716472864151,1
0.5875085592269897,1
0.5740638375282288,1
0.5631800889968872,1
0.5574103593826294,1
0.524308443069458,1
0.5611974000930786,1
0.601140022277832,1
0.49805790185928345,1
0.547713577747345,1
0.5049347281455994,1
0.5483473539352417,1
0.5920412540435791,1
0.5985747575759888,1
0.593039870262146,1
0.547036349773407,1
0.5072643160820007,1
0.5754616260528564,1
0.5943529605865479,1
0.5098366737365723,1
0.5098215937614441,1
0.5661253929138184,1
0.5295166969299316,1
0.5093073844909668,1
0.5223256349563599,1
0.5245898365974426,1
0.5588796734809875,1
0.5299990177154541,1
0.5666381120681763,1
0.5388980507850647,1
0.5193418264389038,1
0.5039432644844055,1
0.5629504919052124,1
0.5301242470741272,1
0.5199680328369141,1
0.5943505764007568,1
0.589169979095459,1
0.5446431636810303,1
0.4958556294441223,1
0.5557698011398315,1
0.5125350952148438,1
0.5520420074462891,1
0.5177794694900513,1
0.5493220090866089,1
0.5676890015602112,1
0.5428467392921448,1
0.5956177711486816,1
0.5147756934165955,1
0.5951535701751709,1
0.5005969405174255,1
0.565567135810852,1
0.5842158794403076,1
0.5441170334815979,1
0.57611483335495,1
0.5306621789932251,1
0.5503026247024536,1
0.570567786693573,1
0.5163403153419495,1
0.5059584975242615,1
0.5938706994056702,1
0.5254993438720703,1
0.5852688550949097,1
0.5570036172866821,1
0.5736181735992432,1
0.5519267320632935,1
0.5277162790298462,1
0.4922564625740051,1
0.5438579320907593,1
0.6096646785736084,1
0.5412157773971558,1
0.5272196531295776,1
0.4747287333011627,1
0.5403112173080444,1
0.5173982381820679,1
0.527167558670044,1
0.5263288021087646,1
0.5026443004608154,1
0.4876295328140259,1
0.5428785681724548,1
0.5660375356674194,1
0.4935203790664673,1
0.5535430908203125,1
0.5651708841323853,1
0.5462802648544312,1
0.5174256563186646,1
0.5483564138412476,1
0.5494452714920044,1
0.5521441102027893,1
0.5771849155426025,1
0.5364505052566528,1
0.5163388848304749,1
0.5580999851226807,1
0.5818037390708923,1
0.5316001176834106,1
0.5378329157829285,1
0.5528498291969299,1
0.5500986576080322,1
0.551659107208252,1
0.5456743836402893,1
0.5630238056182861,1
0.49641329050064087,1
0.514168381690979,1
0.5234290361404419,1
0.567906379699707,1
0.5847257375717163,1
0.5523097515106201,1
0.5751668214797974,1
0.5401915311813354,1
0.5564315319061279,1
0.5953916907310486,1
0.5700100660324097,1
0.5406236052513123,1
0.5404907464981079,1
0.5557988882064819,1
0.5601556301116943,1
0.5298717617988586,1
0.5225390195846558,1
0.5312635898590088,1
0.5589741468429565,1
0.5176339149475098,1
0.536142885684967,1
0.49670714139938354,1
0.5080492496490479,1
0.5116372108459473,1
0.5371983051300049,1
0.5247617959976196,1
0.4761059880256653,1
0.5439485311508179,1
0.5547603964805603,1
0.5879374146461487,1
0.5581393241882324,1
0.5426056385040283,1
0.5131531357765198,1
0.5475506782531738,1
0.5762633085250854,1
0.5234782099723816,1
0.5248337984085083,1
0.5591740012168884,1
0.5318316221237183,1
0.5744264125823975,1
0.5135972499847412,1
0.5667391419410706,1
0.5811405777931213,1
0.5600892305374146,1
0.5608611106872559,1
0.5469779372215271,1
0.5382071137428284,1
0.5670062303543091,1
0.5414212942123413,1
0.578474223613739,1
0.5624939799308777,1
0.5550699234008789,1
0.539543867111206,1
0.5593676567077637,1
0.5492112636566162,1
0.5678521990776062,1
0.5392618179321289,1
0.5466548204421997,1
0.567760705947876,1
0.552689254283905,1
0.5749025344848633,1
0.5782727003097534,1
0.5412523746490479,1
0.5390346050262451,1
0.5058988332748413,1
0.5762975811958313,1
0.5020975470542908,1
0.5427417755126953,1
0.5659425258636475,1
0.5575735569000244,1
0.5715035796165466,1
0.5724378228187561,1
0.5076242685317993,1
0.5627754926681519,1
0.5314346551895142,1
0.5423246026039124,1
0.5105385184288025,1
0.5813162326812744,1
0.514541506767273,1
0.5159777402877808,1
0.5253173112869263,1
0.49861791729927063,1
0.5903387069702148,1
0.5680679082870483,1
0.5700030326843262,1
0.5556370615959167,1
0.619189977645874,1
0.5743635296821594,1
0.4996405839920044,1
0.5149890184402466,1
0.5633091926574707,1
0.5658737421035767,1
0.5465865135192871,1
0.5140028595924377,1
0.5484076142311096,1
0.564699649810791,1
0.5536498427391052,1
0.55515456199646,1
0.5659602880477905,1
0.526775598526001,1
0.5123170018196106,1
0.5194404125213623,1
0.5102483034133911,1
0.5409761071205139,1
0.5673854351043701,1
0.5379548668861389,1
0.5906013250350952,1
0.5006188154220581,1
0.5344913005828857,1
0.4975132644176483,1
0.5311374664306641,1
0.5296642780303955,1
0.471461683511734,1
0.5810314416885376,1
0.5177932381629944,1
0.6057658791542053,1
0.5343500375747681,1
0.5550954937934875,1
0.5332145690917969,1
0.5637503266334534,1
0.5792818069458008,1
0.5346452593803406,1
0.5429487228393555,1
0.5644928216934204,1
0.5652835369110107,1
0.5722574591636658,1
0.5987825393676758,1
0.5538923144340515,1
0.5920578241348267,1
0.5795352458953857,1
0.5374678373336792,1
0.5429227352142334,1
0.5200561881065369,1
0.5095443725585938,1
0.5514376163482666,1
0.576043963432312,1
0.5198996663093567,1
0.49387943744659424,1
0.5332804918289185,1
0.5284562110900879,1
0.5458546280860901,1
0.5191907286643982,1
0.5825363397598267,1
0.5803212523460388,1
0.5434719324111938,1
0.5510560870170593,1
0.5748168230056763,1
0.5222182273864746,1
0.5612798929214478,1
0.5294609069824219,1
0.5570089817047119,1
0.5546807050704956,1
0.5765672326087952,1
0.5688773393630981,1
0.5908552408218384,1
0.5776635408401489,1
0.5919166803359985,1
0.5875411033630371,1
0.5193601846694946,1
0.5245254039764404,1
0.5836735963821411,1
0.5450671911239624,1
0.5442936420440674,1
0.5451940298080444,1
0.5218212604522705,1
0.5182323455810547,1
0.5242938995361328,1
0.5241542458534241,1
0.5811820030212402,1
0.5608006715774536,1
0.6016644239425659,1
0.5590521097183228,1
0.5486397743225098,1
0.5495368838310242,1
0.5318896770477295,1
0.5278899073600769,1
0.500912070274353,1
0.5477462410926819,1
0.5658391118049622,1
0.5267229676246643,1
0.5551056861877441,1
0.5428489446640015,1
0.5079026222229004,1
0.5616579055786133,1
0.5575026869773865,1
0.576074481010437,1
0.5536952018737793,1
0.5260648727416992,1
0.5224645137786865,1
0.554131269454956,1
0.4899589717388153,1
0.5529123544692993,1
0.5061098337173462,1
0.546730637550354,1
0.5541995167732239,1
0.5453785061836243,1
0.5716460943222046,1
0.5499435663223267,1
0.5868014693260193,1
0.5809581875801086,1
0.5441910624504089,1
0.5487483739852905,1
0.5757979154586792,1
0.521294116973877,1
0.5351724624633789,1
0.5806725025177002,1
0.553303599357605,1
0.5306529998779297,1
0.5606108903884888,1
0.5122150182723999,1
0.5346686244010925,1
0.5393723845481873,1
0.5751867294311523,1
0.5442919731140137,1
0.504604697227478,1
0.5381884574890137,1
0.561637282371521,1
0.556612491607666,1
0.549919068813324,1
0.5339285135269165,1
0.6210025548934937,1
0.5619753003120422,1
0.5587708950042725,1
0.5554494857788086,1
0.4958077669143677,1
0.5426620244979858,1
0.5564772486686707,1
0.5570149421691895,1
0.588799238204956,1
0.586895227432251,1
0.5518227219581604,1
0.5565543174743652,1
0.5576263666152954,1
0.5623971223831177,1
0.547010064125061,1
0.5800825357437134,1
0.5471047759056091,1
0.564698338508606,1
0.5141807794570923,1
0.5475823879241943,1
0.5234717726707458,1
0.529100239276886,1
0.5604214668273926,1
0.5677375197410583,1
0.565223217010498,1
0.568814754486084,1
0.5673854351043701,1
0.5689147710800171,1
0.5447379350662231,1
0.4994664788246155,1
0.5291085839271545,1
0.5957881212234497,1
0.5598490834236145,1
0.5946868658065796,1
0.5477015972137451,1
0.5692403316497803,1
0.5555254220962524,1
0.5502378940582275,1
0.5468623042106628,1
0.5172610282897949,1
0.5481126308441162,1
0.5220862030982971,1
0.5273616313934326,1
0.5590635538101196,1
0.5954118967056274,1
0.5336863994598389,1
0.5474599599838257,1
0.5941823720932007,1
0.5196815729141235,1
0.6149862408638,1
0.5641733407974243,1
0.5492053031921387,1
0.5208027958869934,1
0.5477499961853027,1
0.519153892993927,1
0.5422087907791138,1
0.5863415598869324,1
0.5468891263008118,1
0.5109257102012634,1
0.55483478307724,1
0.5427312850952148,1
0.5651835203170776,1
0.5817753672599792,1
0.5790733098983765,1
0.5700986385345459,1
0.5667868256568909,1
0.5529264807701111,1
0.6057860851287842,1
0.555950403213501,1
0.5006282329559326,1
0.5732792019844055,1
0.5716052651405334,1
0.5348900556564331,1
0.5715552568435669,1
0.5630334615707397,1
0.5498450994491577,1
0.5397834777832031,1
0.4764970541000366,1
0.608765721321106,1
0.5654029846191406,1
0.5201292634010315,1
0.5352853536605835,1
0.4920637011528015,1
0.5497586727142334,1
0.50035560131073,1
0.5796597599983215,1
0.5852804183959961,1
0.5160236954689026,1
0.48921531438827515,1
0.5103515386581421,1
0.5554064512252808,1
0.5393534898757935,1
0.4923054873943329,1
0.5069385766983032,1
0.6011860370635986,1
0.5462359189987183,1
0.4857901930809021,1
0.5629146695137024,1
0.5114036798477173,1
0.5517795085906982,1
0.6029608249664307,1
0.5382651090621948,1
0.5482125878334045,1
0.5361875295639038,1
0.6011054515838623,1
0.5875564217567444,1
0.5208399295806885,1
0.5632829666137695,1
0.5357246994972229,1
0.5229660272598267,1
0.5472794771194458,1
0.5766298174858093,1
0.5864675045013428,1
0.512333333492279,1
0.5463563203811646,1
0.5483214259147644,1
0.6006393432617188,1
0.5841315388679504,1
0.5466419458389282,1
0.5727431774139404,1
0.5197264552116394,1
0.612574577331543,1
0.5526643991470337,1
0.520987868309021,1
0.53104567527771,1
0.5805604457855225,1
0.5766410231590271,1
0.5189592838287354,1
0.5188475251197815,1
0.5485885739326477,1
0.5248492956161499,1
0.5648990273475647,1
0.57590651512146,1
0.5999725461006165,1
0.5381240844726563,1
0.5056923627853394,1
0.5276212096214294,1
0.5160756707191467,1
0.5721880793571472,1
0.5788867473602295,1
0.5546100735664368,1
0.5406711101531982,1
0.5552418231964111,1
0.5054380297660828,1
0.4898902177810669,1
0.518354058265686,1
0.5893661379814148,1
0.5069959759712219,1
0.5630778074264526,1
0.5562762022018433,1
0.5152413845062256,1
0.5109203457832336,1
0.5748097896575928,1
0.51331627368927,1
0.5647290945053101,1
0.5499385595321655,1
0.5479548573493958,1
0.5619685053825378,1
0.5583875775337219,1
0.5624475479125977,1
0.5597934722900391,1
0.5216577053070068,1
0.5592009425163269,1
0.531085729598999,1
0.5688142776489258,1
0.5781427621841431,1
0.538693904876709,1
0.5920931100845337,1
0.55516117811203,1
0.545094907283783,1
0.5040377974510193,1
0.574552059173584,1
0.5822257995605469,1
0.5933792591094971,1
0.5708809494972229,1
0.5354949831962585,1
0.5070496797561646,1
0.5510712265968323,1
0.5750619173049927,1
0.5893198251724243,1
0.5612362623214722,1
0.5483230948448181,1
0.5360482931137085,1
0.538542628288269,1
0.5400319695472717,1
0.5050228834152222,1
0.5388156771659851,1
0.5674641132354736,1
0.5879855751991272,1
0.5579342842102051,1
0.4836859703063965,1
0.5583999752998352,1
0.6107071042060852,1
0.5707112550735474,1
0.5307390689849854,1
0.5284816026687622,1
0.5336257219314575,1
0.5074383616447449,1
0.5689021348953247,1
0.568511426448822,1
0.547600507736206,1
0.48829758167266846,1
0.5414613485336304,1
0.5487697124481201,1
0.5489411950111389,1
0.5582316517829895,1
0.5344322919845581,1
0.5163911581039429,1
0.5122191905975342,1
0.5978188514709473,1
0.539598822593689,1
0.573676586151123,1
0.5350372791290283,1
0.5167566537857056,1
0.569959282875061,1
0.5507965087890625,1
0.5312033295631409,1
0.6508092880249023,1
0.5333654880523682,1
0.5555968284606934,1
0.5403172373771667,1
0.5460380911827087,1
0.5645630359649658,1
0.527345597743988,1
0.5461218357086182,1
0.5508569478988647,1
0.5428131222724915,1
0.5871223211288452,1
0.5304152965545654,1
0.5282694101333618,1
0.5406437516212463,1
0.5608795285224915,1
0.5575004816055298,1
0.5695227980613708,1
0.5521875619888306,1
0.5221492648124695,1
0.5582159757614136,1
0.5537143349647522,1
0.5122286081314087,1
0.5544540286064148,1
0.5550208687782288,1
0.5380128026008606,1
0.5154809951782227,1
0.5520642995834351,1
0.5060646533966064,1
0.536787748336792,1
0.5478754639625549,1
0.5643895268440247,1
0.5615976452827454,1
0.5692236423492432,1
0.5366858839988708,1
0.5256503820419312,1
0.5601664781570435,1
0.5341346859931946,1
0.5315886735916138,1
0.5538573265075684,1
0.5185838937759399,1
0.5275247693061829,1
0.5699015855789185,1
0.530693769454956,1
0.512163519859314,1
0.5827829837799072,1
0.48357605934143066,1
0.5367159843444824,1
0.5258238315582275,1
0.5585606098175049,1
0.5270572304725647,1
0.5836861729621887,1
0.5421544313430786,1
0.5722163915634155,1
0.5702601075172424,1
0.47168439626693726,1
0.5400723814964294,1
0.5138478875160217,1
0.5620157718658447,1
0.5617087483406067,1
0.5787484645843506,1
0.46399790048599243,1
0.5543985366821289,1
0.5392455458641052,1
0.5635408163070679,1
0.5875790119171143,1
0.5567395091056824,1
0.5649228096008301,1
0.5450950860977173,1
0.5974130630493164,1
0.561796247959137,1
0.5709230899810791,1
0.5292530655860901,1
0.590442419052124,1
0.5297250747680664,1
0.5250198841094971,1
0.573513388633728,1
0.5278917551040649,1
0.5365453362464905,1
0.5424240827560425,1
0.5293447971343994,1
0.5953943729400635,1
0.5539550185203552,1
0.5647414922714233,1
0.5104113817214966,1
0.5394680500030518,1
0.5429781675338745,1
0.5632993578910828,1
0.539635181427002,1
0.5536074638366699,1
0.5375031232833862,1
0.5458021759986877,1
0.5814469456672668,1
0.5368245244026184,1
0.565925121307373,1
0.5453175902366638,1
0.5542011857032776,1
0.5537625551223755,1
0.5401020050048828,1
0.5737502574920654,1
0.5695546269416809,1
0.5644313097000122,1
0.523654580116272,1
0.5180549621582031,1
0.571841835975647,1
0.5202264189720154,1
0.5368084907531738,1
0.5482330322265625,1
0.571448802947998,1
0.522919237613678,1
0.5260480046272278,1
0.5624097585678101,1
0.5670279860496521,1
0.5612973570823669,1
0.5392643809318542,1
0.5628410577774048,1
0.5177140831947327,1
0.5896305441856384,1
0.5236350297927856,1
0.5199533700942993,1
0.5619040727615356,1
0.5575485229492188,1
0.5366562008857727,1
0.5944849252700806,1
0.5552029609680176,1
0.5729104280471802,1
0.5287548303604126,1
0.5753748416900635,1
0.5854416489601135,1
0.6091768741607666,1
0.5988467931747437,1
0.5229737758636475,1
0.5027939081192017,1
0.5471124649047852,1
0.5661579370498657,1
0.5446347594261169,1
0.538388729095459,1
0.5592532753944397,1
0.5762643814086914,1
0.5350590348243713,1
0.5684329271316528,1
0.4943983852863312,1
0.5264947414398193,1
0.5216770768165588,1
0.5162217617034912,1
0.5111091136932373,1
0.5198487043380737,1
0.49287956953048706,1
0.5137637853622437,1
0.5600329041481018,1
0.5132182836532593,1
0.5207107663154602,1
0.5536248683929443,1
0.5479999780654907,1
0.5167417526245117,1
0.5850633382797241,1
0.4966852068901062,1
0.5783817768096924,1
0.5270541310310364,1
0.5954698920249939,1
0.5465575456619263,1
0.5251607894897461,1
0.5902445912361145,1
0.509829044342041,1
0.5293211340904236,1
0.5599637031555176,1
0.5308572053909302,1
0.5206966400146484,1
0.5705640316009521,1
0.5113460421562195,1
0.5405393242835999,1
0.48853063583374023,1
0.5348280668258667,1
0.5868330597877502,1
0.5805186033248901,1
0.5251278877258301,1
0.532343327999115,1
0.5105805397033691,1
0.5178534388542175,1
0.6093872785568237,1
0.5342691540718079,1
0.5555135011672974,1
0.5238590836524963,1
0.5650808215141296,1
0.5472733378410339,1
0.5880603790283203,1
0.561593234539032,1
0.5628472566604614,1
0.5506601333618164,1
0.5359916687011719,1
0.5496267080307007,1
0.5924758315086365,1
0.5400043725967407,1
0.5592664480209351,1
0.527653694152832,1
0.5798007845878601,1
0.5331630706787109,1
0.5314584970474243,1
0.5636864900588989,1
0.5811774730682373,1
0.555840253829956,1
0.5626373887062073,1
0.556219220161438,1
0.5846060514450073,1
0.5252443552017212,1
0.5135999917984009,1
0.5239179134368896,1
0.513157069683075,1
0.5371872782707214,1
0.5463967323303223,1
0.5235228538513184,1
0.5624353885650635,1
0.521702766418457,1
0.5745463371276855,1
0.5629914999008179,1
0.5564509630203247,1
0.5975221991539001,1
0.5188812017440796,1
0.5235585570335388,1
0.5573543310165405,1
0.5769444108009338,1
0.5307366847991943,1
0.5303747653961182,1
0.60291987657547,1
0.5482138395309448,1
0.5685828924179077,1
0.5621968507766724,1
0.5353925228118896,1
0.5795035362243652,1
0.5601364374160767,1
0.5348372459411621,1
0.5559919476509094,1
0.5285087823867798,1
0.5321105718612671,1
0.5201946496963501,1
0.5582748651504517,1
0.5800620317459106,1
0.523285984992981,1
0.5740511417388916,1
0.49037104845046997,1
0.5588405132293701,1
0.5605919361114502,1
0.5806466341018677,1
0.5644346475601196,1
0.5831700563430786,1
0.5687429308891296,1
0.541657030582428,1
0.5157796144485474,1
0.539154052734375,1
0.524891197681427,1
0.5415343046188354,1
0.5716416239738464,1
0.5868363380432129,1
0.5796315670013428,1
0.4912870228290558,1
0.5231523513793945,1
0.5435828566551208,1
0.5547213554382324,1
0.5944278240203857,1
0.5380183458328247,1
0.5165459513664246,1
0.5753881931304932,1
0.579453706741333,1
0.601872980594635,1
0.52704256772995,1
0.5488585829734802,1
0.5364917516708374,1
0.5479757785797119,1
0.552379846572876,1
0.5754362344741821,1
0.5529969930648804,1
0.5831276178359985,1
0.5106449127197266,1
0.5437921285629272,1
0.5670419931411743,1
0.5181673765182495,1
0.5561408400535583,1
0.6077662110328674,1
0.519984245300293,1
0.5321195125579834,1
0.5402074456214905,1
0.551099419593811,1
0.5524783730506897,1
0.5517054796218872,1
0.5466372966766357,1
0.5550158023834229,1
0.5295640230178833,1
0.5673993825912476,1
0.5400222539901733,1
0.5021371245384216,1
0.5905460119247437,1
0.5347590446472168,1
0.5771081447601318,1
0.5412367582321167,1
0.5879746675491333,1
0.5468423962593079,1
0.5463667511940002,1
0.567787766456604,1
0.5376862287521362,1
0.547608494758606,1
0.5505222082138062,1
0.540388822555542,1
0.5712566375732422,1
0.4954676032066345,1
0.4673946499824524,1
0.5325888395309448,1
0.5395797491073608,1
0.5590623021125793,1
0.5911762714385986,1
0.5847030878067017,1
0.5319637656211853,1
0.5773745775222778,1
0.5269242525100708,1
0.5207703709602356,1
0.5933417081832886,1
0.5290951132774353,1
0.5346381664276123,1
0.5520325899124146,1
0.5513958930969238,1
0.4858803451061249,1
0.5031764507293701,1
0.5868973731994629,1
0.5803350210189819,1
0.5669337511062622,1
0.567603349685669,1
0.5575358867645264,1
0.5473736524581909,1
0.5503829121589661,1
0.5474188923835754,1
0.5142080783843994,1
0.5662998557090759,1
0.5378459095954895,1
0.5875827074050903,1
0.5397159457206726,1
0.5664466619491577,1
0.5330109596252441,1
0.498604416847229,1
0.5194388628005981,1
0.5755048990249634,1
0.47089892625808716,1
0.5379003882408142,1
0.5382786989212036,1
0.501894474029541,1
0.5916275382041931,1
0.5265876054763794,1
0.5522820353507996,1
0.5278293490409851,1
0.48981133103370667,1
0.5944426655769348,1
0.5685028433799744,1
0.5207580924034119,1
0.49636542797088623,1
0.5566548705101013,1
0.536850094795227,1
0.568340539932251,1
0.5361242294311523,1
0.567403256893158,1
0.5380668640136719,1
0.5488736629486084,1
0.5118904113769531,1
0.5026892423629761,1
0.5439438819885254,1
0.49919116497039795,1
0.5353531837463379,1
0.5544007420539856,1
0.5338865518569946,1
0.5429081916809082,1
0.5117104053497314,1
0.5528490543365479,1
0.5976537466049194,1
0.5743345022201538,1
0.5549130439758301,1
0.5634154081344604,1
0.5035644173622131,1
0.5496855974197388,1
0.5652116537094116,1
0.5666925311088562,1
0.5169063806533813,1
0.5930994749069214,1
0.5265023708343506,1
0.5160926580429077,1
0.5453290939331055,1
0.5791991949081421,1
0.4975833296775818,1
0.5837172269821167,1
0.5075784921646118,1
0.5279549360275269,1
0.5876401662826538,1
0.5736515522003174,1
0.4852004945278168,1
0.5447859764099121,1
0.5371013879776001,1
0.5039001703262329,1
0.5443841218948364,1
0.5756804943084717,1
0.5673202276229858,1
0.5352963209152222,1
0.5548001527786255,1
0.53084397315979,1
0.5574185848236084,1
0.5497298240661621,1
0.5698510408401489,1
0.5627154111862183,1
0.5405939817428589,1
0.5512795448303223,1
0.5397847890853882,1
0.5565800666809082,1
0.5352402925491333,1
0.5378854870796204,1
0.46363741159439087,1
0.5406578779220581,1
0.5298166275024414,1
0.5679630637168884,1
0.5349119901657104,1
0.6036347150802612,1
0.5317634344100952,1
0.4730200171470642,1
0.5331807136535645,1
0.5168468952178955,1
0.5474607944488525,1
0.5427284240722656,1
0.6537036895751953,1
0.47235405445098877,1
0.5692197680473328,1
0.6097444295883179,1
0.483793705701828,1
0.6251732110977173,1
0.5662088990211487,1
0.555350661277771,1
0.5593116283416748,1
0.5312350988388062,1
0.5256649851799011,1
0.559660792350769,1
0.5364160537719727,1
0.5575696229934692,1
0.5181717276573181,1
0.5464361906051636,1
0.554377555847168,1
0.5132947564125061,1
0.5322778224945068,1
0.580233633518219,1
0.48572736978530884,1
0.578343391418457,1
0.5347578525543213,1
0.5490243434906006,1
0.5402053594589233,1
0.6020476818084717,1
0.534034013748169,1
0.5425114631652832,1
0.5546510219573975,1
0.5296811461448669,1
0.5974376201629639,1
0.5662842392921448,1
0.5330904722213745,1
0.5565810799598694,1
0.5492410063743591,1
0.5486081838607788,1
0.5536748766899109,1
0.559246838092804,1
0.5097188949584961,1
0.5785689353942871,1
0.5109424591064453,1
0.5707017779350281,1
0.5374895930290222,1
0.4675790071487427,1
0.5477532148361206,1
0.5782546997070313,1
0.5064248442649841,1
0.5261573195457458,1
0.5180301666259766,1
0.544369101524353,1
0.49216336011886597,1
0.5443458557128906,1
0.515205979347229,1
0.5382742881774902,1
0.5684839487075806,1
0.5110284686088562,1
0.5447673797607422,1
0.5122504830360413,1
0.5737299919128418,1
0.515916645526886,1
0.5327790975570679,1
0.5859380960464478,1
0.48342815041542053,1
0.538439929485321,1
0.5305204391479492,1
0.5138850212097168,1
0.5418527722358704,1
0.5447810888290405,1
0.5615124702453613,1
0.5339902639389038,1
0.5657221078872681,1
0.5711855888366699,1
0.5359717607498169,1
0.5557229518890381,1
0.5877991318702698,1
0.584944486618042,1
0.5337542295455933,1
0.5507016181945801,1
0.5355650186538696,1
0.5469464063644409,1
0.4867323637008667,1
0.5510813593864441,1
0.5265792608261108,1
0.5272889137268066,1
0.568463921546936,1
0.5215160846710205,1
0.5476498603820801,1
0.5116363167762756,1
0.5761221647262573,1
0.5226072072982788,1
0.5528679490089417,1
0.5041919946670532,1
0.5538937449455261,1
0.574728786945343,1
0.5421326160430908,1
0.5344759225845337,1
0.5517411231994629,1
0.5797730088233948,1
0.5698161125183105,1
0.5841250419616699,1
0.5530518293380737,1
0.6044226884841919,1
0.5193431377410889,1
0.5651429891586304,1
0.5565056204795837,1
0.5649995803833008,1
0.5536896586418152,1
0.5083603858947754,1
0.5056154131889343,1
0.5300253629684448,1
0.5442168712615967,1
0.555493950843811,1
0.5449793934822083,1
0.5543043613433838,1
0.5566023588180542,1
0.5094082355499268,1
0.49647653102874756,1
0.5701103210449219,1
0.5610040426254272,1
0.5071932077407837,1
0.5294716358184814,1
0.5744338035583496,1
0.6114345788955688,1
0.5640459656715393,1
0.515835165977478,1
0.5632693767547607,1
0.5517076253890991,1
0.5744277834892273,1
0.5084364414215088,1
0.543710470199585,1
0.5680850744247437,1
0.5164632797241211,1
0.5262229442596436,1
0.5533406138420105,1
0.5359435081481934,1
0.5208473205566406,1
0.6005563735961914,1
0.5530706644058228,1
0.5436791181564331,1
0.5274316072463989,1
0.5422185659408569,1
0.6106805801391602,1
0.5315182209014893,1
0.5038400888442993,1
0.5482854843139648,1
0.5422255992889404,1
0.5217488408088684,1
0.588626503944397,1
0.5500297546386719,1
0.5374829769134521,1
0.5365674495697021,1
0.5429360270500183,1
0.5260931253433228,1
0.5250002145767212,1
0.5569534301757813,1
0.47072339057922363,1
0.5430194735527039,1
0.5304875373840332,1
0.48661789298057556,1
0.5743039846420288,1
0.5375137329101563,1
0.5552700757980347,1
0.5210366249084473,1
0.5336766839027405,1
0.535049319267273,1
0.5577632784843445,1
0.5220579504966736,1
0.5328377485275269,1
0.5866855382919312,1
0.5195194482803345,1
0.5109757781028748,1
0.561786413192749,1
0.5790756940841675,1
0.5632138252258301,1
0.5430232882499695,1
0.5807861089706421,1
0.5353193283081055,1
0.5407243967056274,1
0.5367580652236938,1
0.5368599891662598,1
0.5828352570533752,1
0.5528745651245117,1
0.5652421116828918,1
0.5090458989143372,1
0.545711874961853,1
0.5534666776657104,1
0.5464447140693665,1
0.5311975479125977,1
0.5290592908859253,1
0.5693995952606201,1
0.575747013092041,1
0.495244562625885,1
0.4810940623283386,1
0.5491805076599121,1
0.5656343698501587,1
0.5681594610214233,1
0.5561814308166504,1
0.5463110208511353,1
0.5388938784599304,1
0.5299270749092102,1
0.5492667555809021,1
0.5561696290969849,1
0.5477340221405029,1
0.5158957839012146,1
0.5266624689102173,1
0.5596312880516052,1
0.6032500267028809,1
0.5423362255096436,1
0.535703182220459,1
0.5539616942405701,1
0.5062751770019531,1
0.5591892004013062,1
0.5241533517837524,1
0.5489379167556763,1
0.5482379198074341,1
0.5403110980987549,1
0.5270174741744995,1
0.5450878143310547,1
0.5294971466064453,1
0.5425888299942017,1
0.5810165405273438,1
0.5465352535247803,1
0.5527151226997375,1
0.5468161106109619,1
0.553220272064209,1
0.5712466835975647,1
0.5182068347930908,1
0.48416024446487427,1
0.563001275062561,1
0.5422179698944092,1
0.5558529496192932,1
0.5487364530563354,1
0.5470811128616333,1
0.6236450672149658,1
0.5133203268051147,1
0.511559009552002,1
0.5623176097869873,1
0.48126786947250366,1
0.5461965799331665,1
0.5742614269256592,1
0.5429336428642273,1
0.5558119416236877,1
0.5475211143493652,1
0.4994381070137024,1
0.632736086845398,1
0.5745812654495239,1
0.5643646121025085,1
0.5043199062347412,1
0.5020438432693481,1
0.5704190731048584,1
0.5748285055160522,1
0.572849452495575,1
0.5729490518569946,1
0.5197662115097046,1
0.5107218623161316,1
0.5862454175949097,1
0.5380403995513916,1
0.5595051646232605,1
0.5124481320381165,1
0.4726046323776245,1
0.5623875260353088,1
0.5642586946487427,1
0.5601398944854736,1
0.5343563556671143,1
0.5796557664871216,1
0.5760008096694946,1
0.5474923849105835,1
0.5546764135360718,1
0.5605823993682861,1
0.5876404047012329,1
0.5802245140075684,1
0.532880425453186,1
0.513385534286499,1
0.5676876902580261,1
0.5179513692855835,1
0.5259281992912292,1
0.5510987043380737,1
0.4924978017807007,1
0.5636640191078186,1
0.5508293509483337,1
0.5610929131507874,1
0.5067316889762878,1
0.5808950662612915,1
0.5151790380477905,1
0.5720707774162292,1
0.549223780632019,1
0.5663549304008484,1
0.612419605255127,1
0.5480929017066956,1
0.5544215440750122,1
0.6003760099411011,1
0.5545706152915955,1
0.5973824262619019,1
0.5346565246582031,1
0.6028217077255249,1
0.5967258810997009,1
0.5628095865249634,1
0.5529755353927612,1
0.5324604511260986,1
0.5395164489746094,1
0.5566459894180298,1
0.5831672549247742,1
0.5597647428512573,1
0.5028685331344604,1
0.5530200004577637,1
0.5757590532302856,1
0.5467946529388428,1
0.532629132270813,1
0.5678816437721252,1
0.5613751411437988,1
0.5266931653022766,1
0.5627584457397461,1
0.5326754450798035,1
0.5304740071296692,1
0.5080586075782776,1
0.5266921520233154,1
0.5053837299346924,1
0.5272738337516785,1
0.6023648381233215,1
0.5099709033966064,1
0.5394127368927002,1
0.5420091152191162,1
0.5830983519554138,1
0.516020655632019,1
0.5822585225105286,1
0.55403071641922,1
0.5605007410049438,1
0.5455532073974609,1
0.5477864742279053,1
0.5248070359230042,1
0.5262109041213989,1
0.5045307874679565,1
0.5838071703910828,1
0.5743639469146729,1
0.5740965008735657,1
0.5439775586128235,1
0.5654438734054565,1
0.5050302743911743,1
0.5193458795547485,1
0.5510713458061218,1
0.6201596260070801,1
0.5998175740242004,1
0.5630797147750854,1
0.5411405563354492,1
0.513644814491272,1
0.5507034063339233,1
0.5288572907447815,1
0.5477919578552246,1
0.5360468626022339,1
0.5554567575454712,1
0.5193370580673218,1
0.4945780038833618,1
0.5803070068359375,1
0.5327105522155762,1
0.5284086465835571,1
0.5510579347610474,1
0.5672703981399536,1
0.5500764846801758,1
0.5393171310424805,1
0.5818471908569336,1
0.5089982748031616,1
0.5181204676628113,1
0.5704653263092041,1
0.5044741034507751,1
0.5144460797309875,1
0.5437545776367188,1
0.49767178297042847,1
0.5274367928504944,1
0.5196143388748169,1
0.5511322021484375,1
0.5367727875709534,1
0.5660997033119202,1
0.5549806356430054,1
0.5228154063224792,1
0.5791293978691101,1
0.5374492406845093,1
0.5586732625961304,1
0.5127846002578735,1
0.532126247882843,1
0.5487419366836548,1
0.5049482583999634,1
0.5300784111022949,1
0.49159058928489685,1
0.5272260904312134,1
0.552878201007843,1
0.5478553771972656,1
0.535172700881958,1
0.5419824719429016,1
0.5409541130065918,1
0.5319727063179016,1
0.5527212023735046,1
0.548249363899231,1
0.5147159099578857,1
0.5483907461166382,1
0.5601434707641602,1
0.5740398168563843,1
0.5168145895004272,1
0.5960191488265991,1
0.5433959364891052,1
0.5332580208778381,1
0.5343552231788635,1
0.5332763195037842,1
0.5850052833557129,1
0.5643888711929321,1
0.5160572528839111,1
0.5820621848106384,1
0.5714004635810852,1
0.6059038639068604,1
0.5487315654754639,1
0.5384067296981812,1
0.5410103797912598,1
0.5478482842445374,1
0.48286014795303345,1
0.5577738285064697,1
0.5025781393051147,1
0.5091007351875305,1
0.5742599368095398,1
0.5894349813461304,1
0.5120874643325806,1
0.576003909111023,1
0.5119085907936096,1
0.5283234119415283,1
0.5225574374198914,1
0.5585808753967285,1
0.5901314616203308,1
0.4753623604774475,1
0.5264790654182434,1
0.509926438331604,1
0.5954111814498901,1
0.5071378946304321,1
0.5665481090545654,1
0.5641446709632874,1
0.5970984697341919,1
0.5381008386611938,1
0.47541776299476624,1
0.5884442329406738,1
0.5592023134231567,1
0.5260894894599915,1
0.5950489640235901,1
0.533873438835144,1
0.5698257088661194,1
0.568219780921936,1
0.5552282333374023,1
0.5728070735931396,1
0.5516015291213989,1
0.5500601530075073,1
0.5434424877166748,1
0.5072925090789795,1
0.5634154081344604,1
0.5403069257736206,1
0.5313920974731445,1
0.5497631430625916,1
0.5435305237770081,1
0.5705161690711975,1
0.5217521786689758,1
0.527825653553009,1
0.5918471217155457,1
0.4853939712047577,1
0.5743749141693115,1
0.5479921102523804,1
0.5437244772911072,1
0.5558261871337891,1
0.5217565298080444,1
0.5596702098846436,1
0.6002949476242065,1
0.5483837127685547,1
0.5671072006225586,1
0.5025443434715271,1
0.6059176325798035,1
0.5631234645843506,1
0.5415821075439453,1
0.5279991626739502,1
0.602678656578064,1
0.5590479373931885,1
0.5681772232055664,1
0.5350382328033447,1
0.5629674196243286,1
0.540467381477356,1
0.5244550704956055,1
0.5903103351593018,1
0.5498228073120117,1
0.5335185527801514,1
0.5346828699111938,1
0.5508209466934204,1
0.49001842737197876,1
0.587399959564209,1
0.5562053918838501,1
0.5702763795852661,1
0.5279233455657959,1
0.5679433345794678,1
0.5661183595657349,1
0.5143148899078369,1
0.5391329526901245,1
0.5411865711212158,1
0.5899767875671387,1
0.5805104970932007,1
0.5128151774406433,1
0.5342220664024353,1
0.5803048610687256,1
0.5538396835327148,1
0.4803365170955658,1
0.5576766729354858,1
0.5746912956237793,1
0.561656653881073,1
0.5276957154273987,1
0.5367535352706909,1
0.49781233072280884,1
0.5188971161842346,1
0.5825717449188232,1
0.5563178658485413,1
0.5211471319198608,1
0.569797933101654,1
0.5572066307067871,1
0.4877017140388489,1
0.49275800585746765,1
0.5798423886299133,1
0.5029929876327515,1
0.5566311478614807,1
0.569352388381958,1
0.5585916638374329,1
0.4832735061645508,1
0.5445938110351563,1
0.5859552621841431,1
0.518001914024353,1
0.5098792910575867,1
0.5397195219993591,1
0.5322742462158203,1
0.5395604372024536,1
0.5270772576332092,1
0.5608785152435303,1
0.5396903157234192,1
0.5638056397438049,1
0.5522363185882568,1
0.5279089212417603,1
0.5149317979812622,1
0.5513929724693298,1
0.4965384602546692,1
0.5711957216262817,1
0.5324112176895142,1
0.5080820918083191,1
0.6008303761482239,1
0.5299245715141296,1
0.5494652986526489,1
0.529342532157898,1
0.5506595373153687,1
0.5238916873931885,1
0.5711424350738525,1
0.5675066113471985,1
0.5166245698928833,1
0.5553763508796692,1
0.5131814479827881,1
0.5179356336593628,1
0.5262694954872131,1
0.5832724571228027,1
0.5361833572387695,1
0.5703200101852417,1
0.5544097423553467,1
0.5805292129516602,1
0.5594744682312012,1
0.5069314241409302,1
0.5680160522460938,1
0.5304049849510193,1
0.5814648866653442,1
0.5036903619766235,1
0.5469841361045837,1
0.554485559463501,1
0.5758074522018433,1
0.613063395023346,1
0.5312235355377197,1
0.5571950674057007,1
0.5532729625701904,1
0.5440454483032227,1
0.5384430289268494,1
0.5229264497756958,1
0.5120726823806763,1
0.5565330982208252,1
0.5646378397941589,1
0.5631297826766968,1
0.5312705039978027,1
0.5697205066680908,1
0.5992363095283508,1
0.5729726552963257,1
0.5256414413452148,1
0.5753024816513062,1
0.5172418355941772,1
0.5336915254592896,1
0.4991300702095032,1
0.572778046131134,1
0.5333145260810852,1
0.5893645882606506,1
0.5404312610626221,1
0.5134588479995728,1
0.5708448886871338,1
0.5793266296386719,1
0.5504072904586792,1
0.5667438507080078,1
0.5693387985229492,1
0.5562132596969604,1
0.5693256855010986,1
0.5360032320022583,1
0.5575644969940186,1
0.536956787109375,1
0.5300465822219849,1
0.5831117630004883,1
0.5406783223152161,1
0.5570908784866333,1
0.4881318211555481,1
0.555603563785553,1
0.5537940263748169,1
0.5601671934127808,1
0.5461124181747437,1
0.5216305255889893,1
0.48844242095947266,1
0.5768449306488037,1
0.5048253536224365,1
0.5358930826187134,1
0.5783720016479492,1
0.5833487510681152,1
0.5200470685958862,1
0.5346972942352295,1
0.5358666181564331,1
0.5404943227767944,1
0.5245870351791382,1
0.5834096670150757,1
0.5388751029968262,1
0.5648566484451294,1
0.49507129192352295,1
0.5906945466995239,1
0.5512727499008179,1
0.5260681509971619,1
0.5594116449356079,1
0.5236756205558777,1
0.5149815678596497,1
0.5452538132667542,1
0.5274341106414795,1
0.5857163071632385,1
0.5798718929290771,1
0.5820801258087158,1
0.555206298828125,1
0.5742402076721191,1
0.5305135846138,1
0.5255993008613586,1
0.5447107553482056,1
0.5467448830604553,1
0.5168507695198059,1
0.5503809452056885,1
0.5052227973937988,1
0.5087082386016846,1
0.5040363073348999,1
0.5955536365509033,1
0.5348374247550964,1
0.5832659602165222,1
0.6239432692527771,1
0.5334172248840332,1
0.5489340424537659,1
0.5371156930923462,1
0.5327473878860474,1
0.5513259768486023,1
0.5427224636077881,1
0.5688681602478027,1
0.6187474727630615,1
0.6067036390304565,1
0.5302448272705078,1
0.5417712330818176,1
0.5738204121589661,1
0.5249601602554321,1
0.49209296703338623,1
0.5222102999687195,1
0.5244913101196289,1
0.5122575759887695,1
0.5873659253120422,1
0.4993741512298584,1
0.5523033142089844,1
0.5364819765090942,1
0.5767501592636108,1
0.5376437902450562,1
0.5944355726242065,1
0.5815504789352417,1
0.5635544061660767,1
0.5340863466262817,1
0.5119915008544922,1
0.5906108021736145,1
0.5454071760177612,1
0.53847336769104,1
0.6133393049240112,1
0.6037964820861816,1
0.5732818841934204,1
0.5206873416900635,1
0.5661545991897583,1
0.5139535665512085,1
0.525021493434906,1
0.5451855063438416,1
0.5457351207733154,1
0.5125546455383301,1
0.5655423402786255,1
0.5205431580543518,1
0.5110056400299072,1
0.5446463227272034,1
0.5757282972335815,1
0.5026538968086243,1
0.529714822769165,1
0.5386350750923157,1
0.5815538763999939,1
0.5528815984725952,1
0.541488766670227,1
0.5422157049179077,1
0.5223326683044434,1
0.5228792428970337,1
0.5977814197540283,1
0.5559712052345276,1
0.507416307926178,1
0.5578105449676514,1
0.5317256450653076,1
0.5709966421127319,1
0.5824678540229797,1
0.5177121162414551,1
0.5047546625137329,1
0.5216174125671387,1
0.5796946883201599,1
0.5228539705276489,1
0.5712412595748901,1
0.5361320376396179,1
0.5867356061935425,1
0.509710967540741,1
0.5279502868652344,1
0.5837205648422241,1
0.5793306827545166,1
0.5790870189666748,1
0.5319962501525879,1
0.537162721157074,1
0.49571019411087036,1
0.5214158296585083,1
0.5461036562919617,1
0.5538469552993774,1
0.5436068177223206,1
0.529545247554779,1
0.5422602295875549,1
0.5612708330154419,1
0.4774908423423767,1
0.536574125289917,1
0.5289145112037659,1
0.5187558531761169,1
0.5711357593536377,1
0.5768426656723022,1
0.5366300344467163,1
0.5855841636657715,1
0.5283238887786865,1
0.5331025123596191,1
0.5442705750465393,1
0.5407851934432983,1
0.5448889136314392,1
0.5502197742462158,1
0.5707087516784668,1
0.5432429313659668,1
0.5030155181884766,1
0.5911497473716736,1
0.588930606842041,1
0.5283709764480591,1
0.5262071490287781,1
0.5949270725250244,1
0.5309326648712158,1
0.5308637022972107,1
0.5852137804031372,1
0.5367204546928406,1
0.541878342628479,1
0.5537145137786865,1
0.6174734830856323,1
0.48794659972190857,1
0.574094831943512,1
0.530010461807251,1
0.5737525820732117,1
0.5513516664505005,1
0.5666948556900024,1
0.5201072692871094,1
0.5809313058853149,1
0.5387580394744873,1
0.5582846999168396,1
0.6003103256225586,1
0.542492151260376,1
0.532920241355896,1
0.542304515838623,1
0.5543844103813171,1
0.5070815682411194,1
0.5779512524604797,1
0.5545619130134583,1
0.5271166563034058,1
0.5287718772888184,1
0.5126405358314514,1
0.5387082695960999,1
0.5489364266395569,1
0.505592942237854,1
0.5826367139816284,1
0.5402716398239136,1
0.5355688333511353,1
0.5108467936515808,1
0.5329679250717163,1
0.525611162185669,1
0.5906641483306885,1
0.5741631388664246,1
0.5931423902511597,1
0.5733707547187805,1
0.5475428104400635,1
0.5001465082168579,1
0.4983932077884674,1
0.5644405484199524,1
0.4742698073387146,1
0.5093134045600891,1
0.5720714330673218,1
0.5308593511581421,1
0.625311017036438,1
0.5444806814193726,1
0.5288541316986084,1
0.5356471538543701,1
0.5371826887130737,1
0.5032551884651184,1
0.5763239860534668,1
0.49799901247024536,1
0.559280514717102,1
0.489315927028656,1
0.5400665998458862,1
0.5110442638397217,1
0.5148506760597229,1
0.567189633846283,1
0.5932082533836365,1
0.5522425174713135,1
0.529233992099762,1
0.5126948356628418,1
0.4877740144729614,1
0.5144745707511902,1
0.4757201671600342,1
0.5641226768493652,1
0.5127431750297546,1
0.6181544661521912,1
0.5396755933761597,1
0.4932965636253357,1
0.5472438335418701,1
0.5077272653579712,1
0.522368311882019,1
0.5987178087234497,1
0.5411272048950195,1
0.5383685231208801,1
0.5823660492897034,1
0.5877245664596558,1
0.5358868837356567,1
0.577122688293457,1
0.5973998308181763,1
0.5719425678253174,1
0.541152834892273,1
0.5095921754837036,1
0.5479238629341125,1
0.5247812867164612,1
0.6130581498146057,1
0.5170263051986694,1
0.5408946871757507,1
0.5327858328819275,1
0.5640444159507751,1
0.5501870512962341,1
0.5504406094551086,1
0.5483229160308838,1
0.5056664943695068,1
0.5875807404518127,1
0.6045722365379333,1
0.47671860456466675,1
0.5144427418708801,1
0.5507357120513916,1
0.5338044762611389,1
0.5324512124061584,1
0.5162350535392761,1
0.5364222526550293,1
0.5096758604049683,1
0.5494012236595154,1
0.5544827580451965,1
0.5561655759811401,1
0.4751534163951874,1
0.529705286026001,1
0.5193648934364319,1
0.5484651923179626,1
0.5404337644577026,1
0.5347574949264526,1
0.5474202036857605,1
0.5653384327888489,1
0.4971868097782135,1
0.5199981331825256,1
0.5663678646087646,1
0.5344351530075073,1
0.5683797597885132,1
0.5413094758987427,1
0.5404519438743591,1
0.6041337847709656,1
0.5419930219650269,1
0.601538896560669,1
0.5506840944290161,1
0.6197028756141663,1
0.5301191210746765,1
0.5100991725921631,1
0.6370573043823242,1
0.5559539198875427,1
0.5179692506790161,1
0.5467479825019836,1
0.5295112133026123,1
0.6005710363388062,1
0.5602583289146423,1
0.5357348322868347,1
0.590866208076477,1
0.558486819267273,1
0.5221623778343201,1
0.5809128880500793,1
0.5603190660476685,1
0.5317614674568176,1
0.5154789686203003,1
0.5411375761032104,1
0.5598020553588867,1
0.5962542295455933,1
0.5168696641921997,1
0.5750307440757751,1
0.5090467929840088,1
0.5353651642799377,1
0.4794425368309021,1
0.5700733065605164,1
0.5247312784194946,1
0.5549147725105286,1
0.5179181098937988,1
0.5897828340530396,1
0.5505762100219727,1
0.6034319996833801,1
0.49163180589675903,1
0.48494988679885864,1
0.5338290333747864,1
0.511378288269043,1
0.5041326284408569,1
0.5627944469451904,1
0.5187464952468872,1
0.512170672416687,1
0.550195574760437,1
0.5076072216033936,1
0.5308547616004944,1
0.5557283759117126,1
0.516711950302124,1
0.58742356300354,1
0.6013741493225098,1
0.5495548248291016,1
0.5203514099121094,1
0.5449755787849426,1
0.5984762907028198,1
0.48367348313331604,1
0.5279098749160767,1
0.5142881870269775,1
0.5229347944259644,1
0.5097477436065674,1
0.5458518266677856,1
0.5975661277770996,1
0.5202246308326721,1
0.5384154319763184,1
0.526237964630127,1
0.5499880313873291,1
0.559184730052948,1
0.5354968309402466,1
0.46455174684524536,1
0.5391049981117249,1
0.543653130531311,1
0.5954374670982361,1
0.5384475588798523,1
0.5261541604995728,1
0.5492159724235535,1
0.5384970903396606,1
0.5512686371803284,1
0.5818823575973511,1
0.530706524848938,1
0.5436373949050903,1
0.5059975385665894,1
0.5943074226379395,1
0.49699217081069946,1
0.5229679346084595,1
0.5147957801818848,1
0.5520660281181335,1
0.5332934856414795,1
0.5117095112800598,1
0.5422037839889526,1
0.5395222902297974,1
0.4888472855091095,1
0.5128784775733948,1
0.5117122530937195,1
0.49498307704925537,1
0.5293780565261841,1
0.5286165475845337,1
0.5620056390762329,1
0.5282202363014221,1
0.5736684799194336,1
0.5253509283065796,1
0.587771475315094,1
0.5545838475227356,1
0.5742355585098267,1
0.5603931546211243,1
0.5804706811904907,1
0.5573247671127319,1
0.5368319749832153,1
0.571077823638916,1
0.5428406596183777,1
0.5124229192733765,1
0.5280545949935913,1
0.6056556701660156,1
0.532249391078949,1
0.5441224575042725,1
0.5099949836730957,1
0.5658681392669678,1
0.5299403667449951,1
0.5739563703536987,1
0.5377839207649231,1
0.5239355564117432,1
0.5468800067901611,1
0.5193064212799072,1
0.5455681085586548,1
0.5881489515304565,1
0.4788939356803894,1
0.5536013245582581,1
0.5335968732833862,1
0.5417560338973999,1
0.539944052696228,1
0.5745300054550171,1
0.5193091630935669,1
0.5495370626449585,1
0.5416592359542847,1
0.5961287021636963,1
0.5465198159217834,1
0.555849552154541,1
0.5868753790855408,1
0.5743001699447632,1
0.5504144430160522,1
0.5881402492523193,1
0.5551493167877197,1
0.5349008440971375,1
0.5472053289413452,1
0.5246692895889282,1
0.5381136536598206,1
0.5920026302337646,1
0.5417287349700928,1
0.555118978023529,1
0.5483193397521973,1
0.5343247652053833,1
0.5418730974197388,1
0.4946961998939514,1
0.5593950748443604,1
0.5679068565368652,1
0.5341283082962036,1
0.5366718769073486,1
0.5731208324432373,1
0.5326884388923645,1
0.5612286925315857,1
0.5450378656387329,1
0.5749166011810303,1
0.5318102240562439,1
0.5495985150337219,1
0.5167219638824463,1
0.5282275080680847,1
0.5438562631607056,1
0.5506623983383179,1
0.5563860535621643,1
0.5675712823867798,1
0.5207350254058838,1
0.533174991607666,1
0.4947701096534729,1
0.5332604050636292,1
0.5265204906463623,1
0.5652912259101868,1
0.510309100151062,1
0.5365501046180725,1
0.5597900152206421,1
0.4857456088066101,1
0.5760789513587952,1
0.572270929813385,1
0.6202571988105774,1
0.5894891619682312,1
0.5493539571762085,1
0.5255813002586365,1
0.5332963466644287,1
0.5237135887145996,1
0.5229498147964478,1
0.5115823745727539,1
0.556269645690918,1
0.5314894914627075,1
0.5148550271987915,1
0.5547786355018616,1
0.5725902318954468,1
0.5462600588798523,1
0.5340335369110107,1
0.5205028057098389,1
0.5595208406448364,1
0.5267983078956604,1
0.49581995606422424,1
0.5713143348693848,1
0.5208644866943359,1
0.5001827478408813,1
0.5753334760665894,1
0.6019766926765442,1
0.5810956954956055,1
0.5500830411911011,1
0.5441673994064331,1
0.5580589771270752,1
0.5614664554595947,1
0.5339228510856628,1
0.5342077016830444,1
0.5731987953186035,1
0.5792280435562134,1
0.5329591035842896,1
0.5140979886054993,1
0.5764024257659912,1
0.5170284509658813,1
0.5672457814216614,1
0.5620595216751099,1
0.5496981143951416,1
0.5463989973068237,1
0.6030819416046143,1
0.5330954790115356,1
0.5305039882659912,1
0.5433658361434937,1
0.5058925151824951,1
0.5172738432884216,1
0.5436460971832275,1
0.5214811563491821,1
0.5783212184906006,1
0.5143609046936035,1
0.5132721066474915,1
0.5135664939880371,1
0.5371047258377075,1
0.516007661819458,1
0.5249274373054504,1
0.5679843425750732,1
0.4898884892463684,1
0.5268551707267761,1
0.5369489192962646,1
0.5710361003875732,1
0.4855661988258362,1
0.6106953620910645,1
0.5496887564659119,1
0.5547506213188171,1
0.5477882623672485,1
0.5376173257827759,1
0.49622854590415955,1
0.5691127777099609,1
0.5451198816299438,1
0.5180460214614868,1
0.5562958717346191,1
0.4831080734729767,1
0.5346827507019043,1
0.5602366328239441,1
0.5129922032356262,1
0.504662036895752,1
0.5549779534339905,1
0.5172166228294373,1
0.5655494928359985,1
0.5448837280273438,1
0.5485905408859253,1
0.557287335395813,1
0.5312286615371704,1
0.5664532780647278,1
0.5536518096923828,1
0.5313436985015869,1
0.5279566049575806,1
0.5640743374824524,1
0.5597649216651917,1
0.5291262269020081,1
0.5531610250473022,1
0.5619268417358398,1
0.5254074335098267,1
0.5331406593322754,1
0.5936675071716309,1
0.49708276987075806,1
0.5234291553497314,1
0.544659435749054,1
0.5311170816421509,1
0.5495509505271912,1
0.528407871723175,1
0.5583202242851257,1
0.6065663695335388,1
0.541793167591095,1
0.5595947504043579,1
0.5483058094978333,1
0.5414990186691284,1
0.530752420425415,1
0.5446673035621643,1
0.5708515644073486,1
0.525580883026123,1
0.5076152682304382,1
0.5606887340545654,1
0.5496964454650879,1
0.5166294574737549,1
0.5854163765907288,1
0.4952397048473358,1
0.5280874967575073,1
0.541833758354187,1
0.5596863627433777,1
0.5192413926124573,1
0.5142247676849365,1
0.5540206432342529,1
0.5100876092910767,1
0.5593762993812561,1
0.5110502243041992,1
0.5599827766418457,1
0.5466135144233704,1
0.5341804623603821,1
0.5931891202926636,1
0.5557620525360107,1
0.5598540306091309,1
0.5390067100524902,1
0.5544619560241699,1
0.5030290484428406,1
0.532284140586853,1
0.5680168271064758,1
0.5298869609832764,1
0.5331034660339355,1
0.5247353911399841,1
0.5780771970748901,1
0.5461705327033997,1
0.5751954317092896,1
0.516374945640564,1
0.5355565547943115,1
0.5924612879753113,1
0.5176612138748169,1
0.5513697862625122,1
0.5695652961730957,1
0.583782434463501,1
0.5684512853622437,1
0.5534906387329102,1
0.5452945232391357,1
0.5484653115272522,1
0.527498722076416,1
0.5613870024681091,1
0.5976948738098145,1
0.5077950358390808,1
0.5269913077354431,1
0.4977668821811676,1
0.5414016246795654,1
0.5974760055541992,1
0.5285671353340149,1
0.5433324575424194,1
0.5938105583190918,1
0.5459228754043579,1
0.5414568781852722,1
0.5459542274475098,1
0.5207940340042114,1
0.514626681804657,1
0.5567945241928101,1
0.5670669078826904,1
0.5487717986106873,1
0.5460376739501953,1
0.4798451066017151,1
0.5989631414413452,1
0.5638072490692139,1
0.6205271482467651,1
0.5266175270080566,1
0.5393043756484985,1
0.5434662103652954,1
0.5479382276535034,1
0.539080023765564,1
0.5406068563461304,1
0.5858908295631409,1
0.5502115488052368,1
0.5588563084602356,1
0.5077924728393555,1
0.5505290031433105,1
0.5220814943313599,1
0.5660527348518372,1
0.5581908226013184,1
0.5202209949493408,1
0.5121605396270752,1
0.5362348556518555,1
0.5632652044296265,1
0.5389523506164551,1
0.574048638343811,1
0.4842377007007599,1
0.5686162114143372,1
0.49845242500305176,1
0.5266972184181213,1
0.5583566427230835,1
0.5787200927734375,1
0.5626633167266846,1
0.5072613954544067,1
0.5505512952804565,1
0.5530170202255249,1
0.5059106945991516,1
0.5823295712471008,1
0.5140271782875061,1
0.5237579941749573,1
0.5526111721992493,1
0.526291012763977,1
0.5398244857788086,1
0.5041401386260986,1
0.5402460098266602,1
0.5481219291687012,1
0.529000461101532,1
0.5195004343986511,1
0.5178529024124146,1
0.5642620921134949,1
0.5305435657501221,1
0.5159960985183716,1
0.5926102995872498,1
0.5344159603118896,1
0.5368040800094604,1
0.5148398876190186,1
0.5335636138916016,1
0.5276035070419312,1
0.5461332201957703,1
0.5401216745376587,1
0.49496906995773315,1
0.5625801086425781,1
0.5317202806472778,1
0.5089402198791504,1
0.5353468656539917,1
0.5231978297233582,1
0.6018350720405579,1
0.5886850357055664,1
0.5484757423400879,1
0.5776538252830505,1
0.5517828464508057,1
0.5829539895057678,1
0.5337451100349426,1
0.4900287985801697,1
0.5230428576469421,1
0.5283492207527161,1
0.5176914930343628,1
0.540902853012085,1
0.5810340642929077,1
0.5261463522911072,1
0.5648994445800781,1
0.6039605140686035,1
0.5541621446609497,1
0.5374436378479004,1
0.5463404655456543,1
0.5738162994384766,1
0.543737530708313,1
0.5505446791648865,1
0.5566598176956177,1
0.47060590982437134,1
0.5047857761383057,1
0.5591500401496887,1
0.5368673801422119,1
0.5482379198074341,1
0.5061608552932739,1
0.5130841732025146,1
0.521090030670166,1
0.5427771806716919,1
0.5088040828704834,1
0.5340977907180786,1
0.5089213848114014,1
0.5825328826904297,1
0.5867160558700562,1
0.5507131218910217,1
0.5197607278823853,1
0.4965221881866455,1
0.535322368144989,1
0.5269608497619629,1
0.5690385103225708,1
0.5016466379165649,1
0.5129976272583008,1
0.5403927564620972,1
0.5450537204742432,1
0.5206620693206787,1
0.5250223875045776,1
0.5618686079978943,1
0.5385388135910034,1
0.5799033641815186,1
0.5625121593475342,1
0.5411580801010132,1
0.5331952571868896,1
0.5333441495895386,1
0.615469217300415,1
0.5543862581253052,1
0.5640919208526611,1
0.5707464814186096,1
0.5286627411842346,1
0.5361039638519287,1
0.5664209127426147,1
0.5268591642379761,1
0.5193111896514893,1
0.5825204849243164,1
0.5276297330856323,1
0.49863284826278687,1
0.5533977746963501,1
0.5505599975585938,1
0.5962526798248291,1
0.5982917547225952,1
0.5630030035972595,1
0.5352084636688232,1
0.5332582592964172,1
0.5452834367752075,1
0.512873649597168,1
0.5531525611877441,1
0.5779183506965637,1
0.5335415601730347,1
0.4950585663318634,1
0.588844895362854,1
0.5190500020980835,1
0.5222870111465454,1
0.5383108854293823,1
0.5403764247894287,1
0.5485036373138428,1
0.5440856218338013,1
0.5208190679550171,1
0.5174589157104492,1
0.5358541011810303,1
0.5279482007026672,1
0.5421019196510315,1
0.5156874656677246,1
0.5790233612060547,1
0.47987791895866394,1
0.5718667507171631,1
0.5902136564254761,1
0.5789388418197632,1
0.554796576499939,1
0.5244104266166687,1
0.5894854068756104,1
0.521950364112854,1
0.5251531600952148,1
0.5234463214874268,1
0.5508158206939697,1
0.5061479806900024,1
0.5689821243286133,1
0.5726860761642456,1
0.5445042848587036,1
0.5694841146469116,1
0.5750659108161926,1
0.5388479232788086,1
0.5849925875663757,1
0.5510438084602356,1
0.5631063580513,1
0.5788787603378296,1
0.5706267356872559,1
0.5856608152389526,1
0.6266676187515259,1
0.5430203676223755,1
0.5341768860816956,1
0.4968959093093872,1
0.5440086722373962,1
0.5502574443817139,1
0.5867003202438354,1
0.5504139065742493,1
0.5107182860374451,1
0.5359812378883362,1
0.5445997714996338,1
0.5271973013877869,1
0.6107019186019897,1
0.5521210432052612,1
0.5060989856719971,1
0.5453886389732361,1
0.5512666702270508,1
0.606164813041687,1
0.5287066698074341,1
0.562355101108551,1
0.5283412933349609,1
0.5020943880081177,1
0.5067304968833923,1
0.5648089647293091,1
0.5136495232582092,1
0.543708086013794,1
0.5883795619010925,1
0.5108004808425903,1
0.5496461391448975,1
0.5465998649597168,1
0.500852108001709,1
0.5604649186134338,1
0.5434558391571045,1
0.5773816108703613,1
0.5170087218284607,1
0.5781625509262085,1
0.5765067338943481,1
0.5565609931945801,1
0.518771767616272,1
0.5662556886672974,1
0.5430006980895996,1
0.5159962177276611,1
0.4870148301124573,1
0.5686259865760803,1
0.5262316465377808,1
0.5392974615097046,1
0.5355420708656311,1
0.5625405311584473,1
0.5241712927818298,1
0.5674759745597839,1
0.537463366985321,1
0.570542573928833,1
0.5464708805084229,1
0.5174109935760498,1
0.488289475440979,1
0.5230980515480042,1
0.5766487121582031,1
0.5569621324539185,1
0.5769717693328857,1
0.5573982000350952,1
0.5167337656021118,1
0.5248122215270996,1
0.6301318407058716,1
0.5528664588928223,1
0.5414620637893677,1
0.5107372403144836,1
0.5795266628265381,1
0.5137706398963928,1
0.49010753631591797,1
0.5024991631507874,1
0.5354646444320679,1
0.51725172996521,1
0.5739740133285522,1
0.5131939649581909,1
0.5292717218399048,1
0.5399255752563477,1
0.5566548109054565,1
0.5208272933959961,1
0.5565699338912964,1
0.539513349533081,1
0.6048439741134644,1
0.5537217259407043,1
0.5597879886627197,1
0.5603843927383423,1
0.5336569547653198,1
0.5994969010353088,1
0.5211163759231567,1
0.5126901865005493,1
0.5497738718986511,1
0.5489997863769531,1
0.5609622001647949,1
0.5569214820861816,1
0.5239216089248657,1
0.5352060198783875,1
0.5886017680168152,1
0.5273618102073669,1
0.49957573413848877,1
0.5839709639549255,1
0.5717262625694275,1
0.503796398639679,1
0.5414220094680786,1
0.4907866418361664,1
0.5269412994384766,1
0.5236233472824097,1
0.5766168832778931,1
0.5518721342086792,1
0.4858907461166382,1
0.5714093446731567,1
0.5617309212684631,1
0.6321836709976196,1
0.5527425408363342,1
0.5177897810935974,1
0.5562694668769836,1
0.5294680595397949,1
0.5532751083374023,1
0.6049807071685791,1
0.5397641062736511,1
0.5609121322631836,1
0.5706613063812256,1
0.5263932943344116,1
0.5495733022689819,1
0.4951591193675995,1
0.5541607141494751,1
0.5581777691841125,1
0.5448483824729919,1
0.5748412609100342,1
0.5223140716552734,1
0.4953824579715729,1
0.5524938702583313,1
0.5230123400688171,1
0.5396801233291626,1
0.5457249879837036,1
0.5304734706878662,1
0.5049754977226257,1
0.5087575912475586,1
0.5465673208236694,1
0.5559263825416565,1
0.5566727519035339,1
0.6032671928405762,1
0.46116146445274353,1
0.52494877576828,1
0.4994340240955353,1
0.5470594167709351,1
0.5621120929718018,1
0.5147435069084167,1
0.5515166521072388,1
0.5662643909454346,1
0.5318504571914673,1
0.5294523239135742,1
0.556046187877655,1
0.5102025866508484,1
0.5422078967094421,1
0.5624067187309265,1
0.5591371059417725,1
0.5478362441062927,1
0.5401215553283691,1
0.5829195976257324,1
0.5283864736557007,1
0.5330442786216736,1
0.6157245635986328,1
0.5312386751174927,1
0.5446343421936035,1
0.521864652633667,1
0.5231863856315613,1
0.5549291372299194,1
0.48383837938308716,1
0.5473350286483765,1
0.5573843717575073,1
0.5689519643783569,1
0.5155338048934937,1
0.513464629650116,1
0.5484400391578674,1
0.6139248609542847,1
0.5251588225364685,1
0.515527069568634,1
0.5094922184944153,1
0.5112771987915039,1
0.5215200185775757,1
0.5370066165924072,1
0.5040248036384583,1
0.5239747166633606,1
0.5502771139144897,1
0.563936173915863,1
0.5415019989013672,1
0.4875342845916748,1
0.5413456559181213,1
0.5416715145111084,1
0.5325254201889038,1
0.5358341932296753,1
0.5496224164962769,1
0.5037750005722046,1
0.5582466721534729,1
0.5369700789451599,1
0.510435938835144,1
0.5822988152503967,1
0.5149074792861938,1
0.5630233287811279,1
0.5449501276016235,1
0.5542969107627869,1
0.5490257740020752,1
0.6078420877456665,1
0.5296684503555298,1
0.5118585228919983,1
0.48559558391571045,1
0.5426315069198608,1
0.5596301555633545,1
0.51780766248703,1
0.5489450693130493,1
0.4774690866470337,1
0.5548609495162964,1
0.5291761755943298,1
0.4964027404785156,1
0.526799201965332,1
0.5688335299491882,1
0.5285959839820862,1
0.48208242654800415,1
0.5393508076667786,1
0.535746693611145,1
0.5541284084320068,1
0.5126060247421265,1
0.5640678405761719,1
0.5503329038619995,1
0.5376479029655457,1
0.5282310247421265,1
0.5273032188415527,1
0.5590072274208069,1
0.5863388180732727,1
0.5273504853248596,1
0.5258333683013916,1
0.5527572631835938,1
0.5341012477874756,1
0.5092955231666565,1
0.5373871326446533,1
0.5299607515335083,1
0.45754745602607727,1
0.49831682443618774,1
0.5072475671768188,1
0.5168389081954956,1
0.5652791261672974,1
0.5663068294525146,1
0.5851960182189941,1
0.5382885336875916,1
0.5931794047355652,1
0.5159879326820374,1
0.5008364319801331,1
0.5586653351783752,1
0.5462983846664429,1
0.5242078304290771,1
0.5614529252052307,1
0.5579553842544556,1
0.5233761668205261,1
0.5772678256034851,1
0.5475354790687561,1
0.5090597867965698,1
0.5463376641273499,1
0.5741850137710571,1
0.5614940524101257,1
0.5411307215690613,1
0.593368649482727,1
0.5856383442878723,1
0.5534883737564087,1
0.5026971101760864,1
0.5742800831794739,1
0.5457192659378052,1
0.5982697606086731,1
0.5193572044372559,1
0.5651023387908936,1
0.5672588348388672,1
0.5563254356384277,1
0.537264347076416,1
0.5537773966789246,1
0.542255699634552,1
0.54662024974823,1
0.5640908479690552,1
0.6207069158554077,1
0.5539389848709106,1
0.5745289325714111,1
0.5105694532394409,1
0.5077427625656128,1
0.5505822896957397,1
0.5424624681472778,1
0.5379295349121094,1
0.5503365993499756,1
0.5798788070678711,1
0.5317658185958862,1
0.5954139232635498,1
0.5242419838905334,1
0.5198454856872559,1
0.5394206047058105,1
0.5420171022415161,1
0.5599344372749329,1
0.5485022664070129,1
0.5631411075592041,1
0.561188817024231,1
0.5248342752456665,1
0.565049946308136,1
0.5961465239524841,1
0.5422583818435669,1
0.5683474540710449,1
0.5854771137237549,1
0.5202066898345947,1
0.5433043241500854,1
0.5101736783981323,1
0.5364155173301697,1
0.530930757522583,1
0.49888548254966736,1
0.5508224964141846,1
0.5368388891220093,1
0.5308095216751099,1
0.5617233514785767,1
0.5111626982688904,1
0.5393104553222656,1
0.5848252177238464,1
0.5541361570358276,1
0.6060569882392883,1
0.5498372316360474,1
0.5356655120849609,1
0.5306574702262878,1
0.5653599500656128,1
0.5838290452957153,1
0.5116742849349976,1
0.5185369849205017,1
0.5960428714752197,1
0.5746750831604004,1
0.5829659104347229,1
0.5386027693748474,1
0.5780134201049805,1
0.5458799600601196,1
0.5496404767036438,1
0.5602984428405762,1
0.5859742760658264,1
0.4971521496772766,1
0.5188614130020142,1
0.5587998628616333,1
0.5123814344406128,1
0.5565361976623535,1
0.5804628133773804,1
0.49659210443496704,1
0.5523726344108582,1
0.5204129219055176,1
0.5769546031951904,1
0.5422561168670654,1
0.5386744141578674,1
0.5233185291290283,1
0.5127191543579102,1
0.5166110992431641,1
0.596385657787323,1
0.5252678990364075,1
0.5408523082733154,1
0.5315032005310059,1
0.5439285039901733,1
0.5418314933776855,1
0.5380284190177917,1
0.4864141047000885,1
0.5163847804069519,1
0.5270029902458191,1
0.5252068042755127,1
0.4823053479194641,1
0.52459716796875,1
0.5204849243164063,1
0.5319388508796692,1
0.5719216465950012,1
0.5420435667037964,1
0.5145589113235474,1
0.5616780519485474,1
0.5925627946853638,1
0.5051830410957336,1
0.5695332288742065,1
0.6048091053962708,1
0.5832864046096802,1
0.5276539325714111,1
0.5622892379760742,1
0.5745035409927368,1
0.5166437029838562,1
0.5319561958312988,1
0.542737603187561,1
0.5802532434463501,1
0.5248040556907654,1
0.5350412130355835,1
0.5308167934417725,1
0.5842670202255249,1
0.5551527142524719,1
0.4881426990032196,1
0.6057267189025879,1
0.5432732105255127,1
0.5542875528335571,1
0.5401011109352112,1
0.4999037981033325,1
0.5423862934112549,1
0.5347508192062378,1
0.5588646531105042,1
0.5778148174285889,1
0.5503588318824768,1
0.5657293796539307,1
0.5415189266204834,1
0.5245617628097534,1
0.5370244979858398,1
0.5551376342773438,1
0.54750657081604,1
0.5267249345779419,1
0.5477547645568848,1
0.5598852038383484,1
0.5000129342079163,1
0.5111250281333923,1
0.5366715788841248,1
0.5113273859024048,1
0.4971906840801239,1
0.5104458928108215,1
0.5361115336418152,1
0.5252566337585449,1
0.5402321815490723,1
0.5596257448196411,1
0.5545068383216858,1
0.4956400990486145,1
0.5980666875839233,1
0.5002810955047607,1
0.4997008144855499,1
0.554373025894165,1
0.46994903683662415,1
0.5696831941604614,1
0.5755631327629089,1
0.5893700122833252,1
0.5433140397071838,1
0.5315706729888916,1
0.5409325361251831,1
0.5552036762237549,1
0.5757328271865845,1
0.5334704518318176,1
0.5577740669250488,1
0.5310165882110596,1
0.5617614388465881,1
0.562938392162323,1
0.5366329550743103,1
0.5511533617973328,1
0.551502525806427,1
0.4783373177051544,1
0.5998236536979675,1
0.5451833605766296,1
0.5581268072128296,1
0.5535451173782349,1
0.5676954984664917,1
0.5564518570899963,1
0.5387440919876099,1
0.5684411525726318,1
0.5684635043144226,1
0.5721569061279297,1
0.5878483057022095,1
0.5030413866043091,1
0.5509603023529053,1
0.5108574032783508,1
0.5156707763671875,1
0.5482069253921509,1
0.5453220009803772,1
0.5684813261032104,1
0.5102447271347046,1
0.4988643527030945,1
0.5355629920959473,1
0.536897599697113,1
0.5350615978240967,1
0.5523644685745239,1
0.5262542963027954,1
0.5190520286560059,1
0.542034924030304,1
0.5317428112030029,1
0.5245519876480103,1
0.5380380153656006,1
0.5135563611984253,1
0.6065008640289307,1
0.4964316487312317,1
0.540274441242218,1
0.5481010675430298,1
0.5447158813476563,1
0.5592849254608154,1
0.5478837490081787,1
0.5877467393875122,1
0.5478758215904236,1
0.5696208477020264,1
0.5175443291664124,1
0.5400730967521667,1
0.544195830821991,1
0.5359591841697693,1
0.5370966196060181,1
0.5801209211349487,1
0.5494253039360046,1
0.5628800988197327,1
0.5642127990722656,1
0.520309329032898,1
0.5087661743164063,1
0.602199912071228,1
0.5368769764900208,1
0.5099470615386963,1
0.5463242530822754,1
0.5725908875465393,1
0.5542378425598145,1
0.5374057292938232,1
0.5222322940826416,1
0.530215859413147,1
0.5519534349441528,1
0.5090951919555664,1
0.5509366989135742,1
0.5526232719421387,1
0.5327606201171875,1
0.5475579500198364,1
0.5185076594352722,1
0.5632996559143066,1
0.5902748107910156,1
0.5132408142089844,1
0.5061231255531311,1
0.5194164514541626,1
0.5755077600479126,1
0.5783560872077942,1
0.5530032515525818,1
0.56708824634552,1
0.5595034956932068,1
0.542444109916687,1
0.54681396484375,1
0.5705434679985046,1
0.5049579739570618,1
0.550757884979248,1
0.5473284721374512,1
0.5634427070617676,1
0.5629714727401733,1
0.5923422574996948,1
0.5272088050842285,1
0.516383171081543,1
0.5591109395027161,1
0.5492823123931885,1
0.5187886953353882,1
0.5326299071311951,1
0.5326994061470032,1
0.5175943970680237,1
0.5966664552688599,1
0.5226364731788635,1
0.5970722436904907,1
0.5366047620773315,1
0.5408248901367188,1
0.6014769077301025,1
0.6059404611587524,1
0.5617380142211914,1
0.563381552696228,1
0.5400847792625427,1
0.5411052703857422,1
0.5482802391052246,1
0.5155044198036194,1
0.5291765928268433,1
0.4874655604362488,1
0.5260452032089233,1
0.5373163223266602,1
0.5458899140357971,1
0.549776017665863,1
0.5127935409545898,1
0.48842376470565796,1
0.5620729923248291,1
0.5483598709106445,1
0.5408168435096741,1
0.5672380328178406,1
0.5464268326759338,1
0.5435855388641357,1
0.5578722953796387,1
0.5633280873298645,1
0.5722579956054688,1
0.5302733778953552,1
0.5052963495254517,1
0.5339805483818054,1
0.5189085006713867,1
0.5472268462181091,1
0.5529828667640686,1
0.5775123834609985,1
0.5813678503036499,1
0.548183798789978,1
0.5532596111297607,1
0.5825810432434082,1
0.5463284254074097,1
0.5067940950393677,1
0.48334169387817383,1
0.5983765125274658,1
0.5714069604873657,1
0.4943990707397461,1
0.5516985058784485,1
0.5254990458488464,1
0.5190783739089966,1
0.49337875843048096,1
0.5359492301940918,1
0.5473709106445313,1
0.5407348275184631,1
0.49608349800109863,1
0.5630419850349426,1
0.5486944317817688,1
0.5412870645523071,1
0.5146552324295044,1
0.5357400178909302,1
0.5461265444755554,1
0.548927366733551,1
0.5231898427009583,1
0.5522779822349548,1
0.530758261680603,1
0.4622960686683655,1
0.5363898277282715,1
0.5174631476402283,1
0.5081223249435425,1
0.5196883678436279,1
0.559367299079895,1
0.61565101146698,1
0.5533760190010071,1
0.5467526912689209,1
0.5238438844680786,1
0.5155812501907349,1
0.5553553104400635,1
0.5228613615036011,1
0.5244473218917847,1
0.5117185115814209,1
0.5158556699752808,1
0.5531274080276489,1
0.5676877498626709,1
0.5521795749664307,1
0.5480080842971802,1
0.534527063369751,1
0.5784892439842224,1
0.5047199726104736,1
0.5691562294960022,1
0.5429661870002747,1
0.5512299537658691,1
0.511278510093689,1
0.5409970283508301,1
0.5369734764099121,1
0.5482572317123413,1
0.5129907131195068,1
0.5251367092132568,1
0.5218212604522705,1
0.5321526527404785,1
0.5783380270004272,1
0.5227146744728088,1
0.514710009098053,1
0.5438069105148315,1
0.5860626697540283,1
0.5614073276519775,1
0.5817927718162537,1
0.5779100060462952,1
0.5525631308555603,1
0.49444180727005005,1
0.5299029350280762,1
0.548232913017273,1
0.516804575920105,1
0.5120162963867188,1
0.5537004470825195,1
0.5951063632965088,1
0.5834497809410095,1
0.5232216715812683,1
0.5215854644775391,1
0.504365086555481,1
0.5346258878707886,1
0.5822941660881042,1
0.5614174604415894,1
0.5509933829307556,1
0.5202724933624268,1
0.578420877456665,1
0.5559101104736328,1
0.5842134356498718,1
0.5264812111854553,1
0.5624471306800842,1
0.5441281795501709,1
0.6002085208892822,1
0.5405937433242798,1
0.543613612651825,1
0.49502357840538025,1
0.5007413625717163,1
0.5385245680809021,1
0.4992111325263977,1
0.5641053915023804,1
0.521044135093689,1
0.554375410079956,1
0.5056082010269165,1
0.49951261281967163,1
0.5662959218025208,1
0.500832736492157,1
0.5696079730987549,1
0.5320310592651367,1
0.5375374555587769,1
0.5746612548828125,1
0.4981628656387329,1
0.5688662528991699,1
0.543372392654419,1
0.5753282308578491,1
0.5759158730506897,1
0.5338123440742493,1
0.5740636587142944,1
0.5517992973327637,1
0.5468120574951172,1
0.5653002262115479,1
0.5282505750656128,1
0.5340508818626404,1
0.5837559700012207,1
0.5380250215530396,1
0.5128002166748047,1
0.5376074314117432,1
0.5586267709732056,1
0.4891390800476074,1
0.5331804752349854,1
0.5729162693023682,1
0.5318887233734131,1
0.5794755816459656,1
0.48520398139953613,1
0.52741539478302,1
0.5524674654006958,1
0.5340015888214111,1
0.5792751312255859,1
0.5844146013259888,1
0.556427538394928,1
0.5244772434234619,1
0.53441321849823,1
0.5673344731330872,1
0.5852677226066589,1
0.564520001411438,1
0.5718511343002319,1
0.5210984945297241,1
0.5697203874588013,1
0.5680534839630127,1
0.4941563606262207,1
0.5412023067474365,1
0.5309419631958008,1
0.6065585613250732,1
0.5122097730636597,1
0.498565137386322,1
0.5592043995857239,1
0.5418869256973267,1
0.5805866718292236,1
0.5822288990020752,1
0.5666765570640564,1
0.5117058157920837,1
0.5822478532791138,1
0.5104783773422241,1
0.5590909719467163,1
0.512232780456543,1
0.5490182042121887,1
0.594903290271759,1
0.5201777815818787,1
0.5890854001045227,1
0.5263965129852295,1
0.5220829248428345,1
0.5306177139282227,1
0.5471461415290833,1
0.5620142221450806,1
0.5403454303741455,1
0.5838163495063782,1
0.55757075548172,1
0.5420315861701965,1
0.5274608135223389,1
0.54740309715271,1
0.5489358901977539,1
0.5199894905090332,1
0.5620737075805664,1
0.5201135873794556,1
0.5139800906181335,1
0.5105129480361938,1
0.5305438041687012,1
0.5544331073760986,1
0.6112795472145081,1
0.504393458366394,1
0.52231764793396,1
0.5203496217727661,1
0.5349505543708801,1
0.6274048089981079,1
0.5291619300842285,1
0.5709804892539978,1
0.5425524711608887,1
0.5415087938308716,1
0.504085898399353,1
0.5081603527069092,1
0.5311241149902344,1
0.6032012701034546,1
0.5459417104721069,1
0.5939639806747437,1
0.5494807958602905,1
0.5103638768196106,1
0.49189698696136475,1
0.5553333759307861,1
0.5950684547424316,1
0.5368325710296631,1
0.5097672939300537,1
0.5731287002563477,1
0.5441374778747559,1
0.5327495336532593,1
0.5433599352836609,1
0.5252516269683838,1
0.5046563148498535,1
0.5883154273033142,1
0.47697338461875916,1
0.5454527735710144,1
0.5326337814331055,1
0.5094723105430603,1
0.5572181940078735,1
0.5012391805648804,1
0.5814659595489502,1
0.5510261058807373,1
0.533108115196228,1
0.5597470998764038,1
0.5170389413833618,1
0.5400509238243103,1
0.5209128856658936,1
0.5435174703598022,1
0.5537822246551514,1
0.5704782009124756,1
0.5188816785812378,1
0.5169979929924011,1
0.5216913223266602,1
0.5627606511116028,1
0.5325645208358765,1
0.5627309083938599,1
0.5785832405090332,1
0.5618104338645935,1
0.5991584062576294,1
0.5436230301856995,1
0.54621422290802,1
0.579522967338562,1
0.5645141005516052,1
0.5631189346313477,1
0.5764193534851074,1
0.5354388952255249,1
0.5393133759498596,1
0.5772476196289063,1
0.6372313499450684,1
0.5386960506439209,1
0.5745075941085815,1
0.5521464347839355,1
0.5351178050041199,1
0.5166056156158447,1
0.6128878593444824,1
0.5259442329406738,1
0.5699506998062134,1
0.5759472250938416,1
0.5599181056022644,1
0.5684814453125,1
0.49306803941726685,1
0.5343031883239746,1
0.544718861579895,1
0.6051946878433228,1
0.5492055416107178,1
0.5044962167739868,1
0.5561133623123169,1
0.4947836399078369,1
0.5938160419464111,1
0.58405601978302,1
0.5392588376998901,1
0.5795000195503235,1
0.5415082573890686,1
0.5315979719161987,1
0.5598099231719971,1
0.5753321051597595,1
0.5639541149139404,1
0.5391037464141846,1
0.5195773839950562,1
0.5704686045646667,1
0.5194270014762878,1
0.5182883739471436,1
0.5485929846763611,1
0.5281807780265808,1
0.5492875576019287,1
0.5772103667259216,1
0.6297074556350708,1
0.5546132922172546,1
0.5584231019020081,1
0.5276980400085449,1
0.5493608713150024,1
0.508018970489502,1
0.5718187093734741,1
0.532751202583313,1
0.5446767807006836,1
0.5558581352233887,1
0.5182002782821655,1
0.5343402624130249,1
0.5386351346969604,1
0.5310728549957275,1
0.5461305975914001,1
0.5476492047309875,1
0.5379228591918945,1
0.5567746162414551,1
0.5212177038192749,1
0.49815672636032104,1
0.5229587554931641,1
0.520662784576416,1
0.577425479888916,1
0.47646111249923706,1
0.5289768576622009,1
0.5165982246398926,1
0.5490002632141113,1
0.5619019269943237,1
0.4862275719642639,1
0.557319164276123,1
0.555846095085144,1
0.5113208293914795,1
0.5289353728294373,1
0.5284109115600586,1
0.5497886538505554,1
0.5130694508552551,1
0.5430453419685364,1
0.5281105041503906,1
0.5538575649261475,1
0.5700299143791199,1
0.5363227128982544,1
0.5431463718414307,1
0.4994024932384491,1
0.5206159353256226,1
0.5360596179962158,1
0.5226367712020874,1
0.597537100315094,1
0.6353477239608765,1
0.52906733751297,1
0.5223177671432495,1
0.5299818515777588,1
0.5392400622367859,1
0.5585004091262817,1
0.498177170753479,1
0.5413069128990173,1
0.5364512205123901,1
0.5408444404602051,1
0.5835045576095581,1
0.5657494068145752,1
0.5310737490653992,1
0.5348690152168274,1
0.5160902142524719,1
0.5345789194107056,1
0.5409128069877625,1
0.5355700254440308,1
0.53684401512146,1
0.589049220085144,1
0.5291997194290161,1
0.504048228263855,1
0.5570747256278992,1
0.5348950624465942,1
0.5082504749298096,1
0.5196717381477356,1
0.563043475151062,1
0.570480465888977,1
0.5299005508422852,1
0.5317418575286865,1
0.5516899824142456,1
0.5550193786621094,1
0.4993654489517212,1
0.5442301034927368,1
0.5283234119415283,1
0.5036612153053284,1
0.5108590126037598,1
0.50578773021698,1
0.5572199821472168,1
0.5557798147201538,1
0.6120849251747131,1
0.536015510559082,1
0.572784960269928,1
0.5510236024856567,1
0.5406408309936523,1
0.5235834717750549,1
0.6201709508895874,1
0.5263898372650146,1
0.5731045603752136,1
0.5662310123443604,1
0.6059537529945374,1
0.5426560640335083,1
0.5254959464073181,1
0.5438421964645386,1
0.5439605712890625,1
0.5917335152626038,1
0.5539540648460388,1
0.5240098237991333,1
0.5438923239707947,1
0.5088003873825073,1
0.581864058971405,1
0.5565367341041565,1
0.5102673172950745,1
0.5596107244491577,1
0.5598891973495483,1
0.5400293469429016,1
0.5790871381759644,1
0.5168581008911133,1
0.5393713116645813,1
0.5688959360122681,1
0.5261216759681702,1
0.5561285018920898,1
0.5883833765983582,1
0.5770496726036072,1
0.5480265617370605,1
0.5866087079048157,1
0.4887394607067108,1
0.5577458143234253,1
0.569299578666687,1
0.5032166242599487,1
0.5405515432357788,1
0.5133916735649109,1
0.5453605055809021,1
0.5114246606826782,1
0.5736230611801147,1
0.5691182613372803,1
0.5271760821342468,1
0.5238164663314819,1
0.5530006885528564,1
0.5519039630889893,1
0.5583716630935669,1
0.5389354825019836,1
0.5391339063644409,1
0.5699496269226074,1
0.5054539442062378,1
0.5451841354370117,1
0.5128669738769531,1
0.5435506701469421,1
0.5397423505783081,1
0.5094537138938904,1
0.5583670735359192,1
0.5551077127456665,1
0.5516247153282166,1
0.5386629700660706,1
0.5437676906585693,1
0.5829513072967529,1
0.5140430927276611,1
0.5514633655548096,1
0.49363866448402405,1
0.5564509630203247,1
0.5587891340255737,1
0.4910835027694702,1
0.47619616985321045,1
0.52475506067276,1
0.5327755212783813,1
0.5214931964874268,1
0.514981746673584,1
0.5410791635513306,1
0.5954625606536865,1
0.513663113117218,1
0.5329362154006958,1
0.5927260518074036,1
0.5502294898033142,1
0.5361926555633545,1
0.5421727299690247,1
0.5561825037002563,1
0.5633358955383301,1
0.5347082614898682,1
0.5600035190582275,1
0.5039142370223999,1
0.5454328060150146,1
0.4934697449207306,1
0.5488041639328003,1
0.5578391551971436,1
0.5200290679931641,1
0.551302433013916,1
0.5268650054931641,1
0.5293869972229004,1
0.536491334438324,1
0.5306609869003296,1
0.5493190288543701,1
0.5590157508850098,1
0.5013275146484375,1
0.5692678689956665,1
0.5372781753540039,1
0.5613093376159668,1
0.5128854513168335,1
0.547336220741272,1
0.5630514621734619,1
0.5235962271690369,1
0.5648487210273743,1
0.5257364511489868,1
0.5740145444869995,1
0.5321745872497559,1
0.5689884424209595,1
0.5289688110351563,1
0.5637737512588501,1
0.4874720573425293,1
0.5252988338470459,1
0.5332210063934326,1
0.5466111898422241,1
0.5079803466796875,1
0.4913887679576874,1
0.4988696277141571,1
0.6205384731292725,1
0.48664751648902893,1
0.5024604201316833,1
0.5264296531677246,1
0.5402064919471741,1
0.5906023383140564,1
0.5513944625854492,1
0.4762290120124817,1
0.5769389867782593,1
0.5441344976425171,1
0.5190601348876953,1
0.5377908945083618,1
0.5419973134994507,1
0.48610788583755493,1
0.5495365858078003,1
0.5331296920776367,1
0.5123471021652222,1
0.5223928093910217,1
0.5251712799072266,1
0.5539537668228149,1
0.551690399646759,1
0.5438346266746521,1
0.55438232421875,1
0.5719912052154541,1
0.5158278942108154,1
0.5672163963317871,1
0.5633262395858765,1
0.5348157286643982,1
0.5645461082458496,1
0.47816336154937744,1
0.5760000944137573,1
0.5477766990661621,1
0.5394127368927002,1
0.5705527067184448,1
0.6005038022994995,1
0.5223075747489929,1
0.547419011592865,1
0.5203797817230225,1
0.5135229825973511,1
0.5501613616943359,1
0.5352455973625183,1
0.5430914759635925,1
0.49285048246383667,1
0.573776364326477,1
0.529788076877594,1
0.5521177053451538,1
0.5699657797813416,1
0.51264888048172,1
0.5426799058914185,1
0.5774230360984802,1
0.5539202690124512,1
0.5670989751815796,1
0.573454737663269,1
0.5036380290985107,1
0.5063345432281494,1
0.5570238828659058,1
0.52447509765625,1
0.5316586494445801,1
0.5316324234008789,1
0.5503813028335571,1
0.567480206489563,1
0.5183441638946533,1
0.5488373637199402,1
0.5740874409675598,1
0.5029050707817078,1
0.5562217235565186,1
0.5514930486679077,1
0.5293550491333008,1
0.5772092342376709,1
0.5574264526367188,1
0.5531208515167236,1
0.5704935789108276,1
0.5687477588653564,1
0.5471351146697998,1
0.5964974164962769,1
0.5354876518249512,1
0.5361545085906982,1
0.5442594289779663,1
0.4981127381324768,1
0.550862729549408,1
0.5175909996032715,1
0.48814210295677185,1
0.5579791069030762,1
0.48577165603637695,1
0.5435833930969238,1
0.49776384234428406,1
0.5049008131027222,1
0.5854547023773193,1
0.608572781085968,1
0.5067642331123352,1
0.5287638902664185,1
0.5204869508743286,1
0.5078331232070923,1
0.4810044765472412,1
0.5110998153686523,1
0.5356998443603516,1
0.4806780517101288,1
0.5314456224441528,1
0.5385316610336304,1
0.522007405757904,1
0.5226386189460754,1
0.5147439241409302,1
0.5503579378128052,1
0.5472215414047241,1
0.5925355553627014,1
0.5881319046020508,1
0.546339750289917,1
0.5240574479103088,1
0.5655286312103271,1
0.5394419431686401,1
0.530640184879303,1
0.5035380125045776,1
0.5210058093070984,1
0.5026364326477051,1
0.5406521558761597,1
0.5094977021217346,1
0.5680223703384399,1
0.5038237571716309,1
0.5489516258239746,1
0.5676141977310181,1
0.5455011129379272,1
0.510758638381958,1
0.5551559925079346,1
0.5618808269500732,1
0.5300350189208984,1
0.5290449857711792,1
0.5583143830299377,1
0.47203463315963745,1
0.5506247282028198,1
0.5766071677207947,1
0.6109774112701416,1
0.5517793893814087,1
0.5494803190231323,1
0.5263243317604065,1
0.5078974962234497,1
0.5505645275115967,1
0.541573166847229,1
0.5308098196983337,1
0.5241318941116333,1
0.5426833629608154,1
0.49688559770584106,1
0.5038217306137085,1
0.5276345014572144,1
0.5358469486236572,1
0.5819023847579956,1
0.49472272396087646,1
0.531319797039032,1
0.5124284625053406,1
0.5381149053573608,1
0.492047518491745,1
0.533013641834259,1
0.5135929584503174,1
0.5762451887130737,1
0.5521863698959351,1
0.5155550241470337,1
0.5321483612060547,1
0.5983701944351196,1
0.5567684173583984,1
0.5806219577789307,1
0.5616964101791382,1
0.5349143743515015,1
0.5352274179458618,1
0.5315375328063965,1
0.5068563222885132,1
0.5358719229698181,1
0.5167014598846436,1
0.5360420346260071,1
0.5602859258651733,1
0.5536497831344604,1
0.566643476486206,1
0.525326132774353,1
0.5683170557022095,1
0.5742160677909851,1
0.5463333129882813,1
0.5283089876174927,1
0.5290061235427856,1
0.5437170267105103,1
0.5135214924812317,1
0.4901188015937805,1
0.550817608833313,1
0.5027998089790344,1
0.5182076692581177,1
0.5266900062561035,1
0.5779184699058533,1
0.5160273313522339,1
0.5486719608306885,1
0.5824092626571655,1
0.5439252853393555,1
0.548771858215332,1
0.5328375697135925,1
0.5977233052253723,1
0.524776816368103,1
0.5346556305885315,1
0.5572725534439087,1
0.5112587809562683,1
0.546100378036499,1
0.5323656797409058,1
0.5769907236099243,1
0.5607770085334778,1
0.5268200635910034,1
0.5094444751739502,1
0.5213497281074524,1
0.5062747001647949,1
0.5085475444793701,1
0.5544536113739014,1
0.5538033843040466,1
0.5510363578796387,1
0.5867390036582947,1
0.5640432834625244,1
0.4959143400192261,1
0.5265829563140869,1
0.5266233682632446,1
0.5191843509674072,1
0.47495222091674805,1
0.5990245938301086,1
0.5322436094284058,1
0.5709904432296753,1
0.5418086051940918,1
0.5454654693603516,1
0.58186936378479,1
0.45691704750061035,1
0.536781907081604,1
0.5412139296531677,1
0.5436457395553589,1
0.537477970123291,1
0.5255557894706726,1
0.541797399520874,1
0.5460466742515564,1
0.5607699751853943,1
0.5554554462432861,1
0.4883731007575989,1
0.5292178392410278,1
0.6147774457931519,1
0.522271990776062,1
0.5002013444900513,1
0.5738784670829773,1
0.5481284856796265,1
0.5165227651596069,1
0.5592954158782959,1
0.517241895198822,1
0.5104907751083374,1
0.5757734775543213,1
0.5281720161437988,1
0.560352087020874,1
0.5858418941497803,1
0.5232245922088623,1
0.5292320847511292,1
0.5067671537399292,1
0.49810990691185,1
0.5377761721611023,1
0.5604082942008972,1
0.5531361103057861,1
0.5429334044456482,1
0.53119957447052,1
0.5625720024108887,1
0.52382493019104,1
0.5686328411102295,1
0.5899523496627808,1
0.5361239314079285,1
0.5785185098648071,1
0.4985533654689789,1
0.5477198362350464,1
0.4979322850704193,1
0.5504719614982605,1
0.5145771503448486,1
0.5312268733978271,1
0.5489089488983154,1
0.5686653852462769,1
0.5631142854690552,1
0.5115721225738525,1
0.5160471200942993,1
0.5651498436927795,1
0.5656270980834961,1
0.5099862813949585,1
0.5465824604034424,1
0.5195757150650024,1
0.516097366809845,1
0.5370008945465088,1
0.5323402285575867,1
0.558480978012085,1
0.4997739791870117,1
0.5444854497909546,1
0.5476618409156799,1
0.526719331741333,1
0.5259873867034912,1
0.5444027185440063,1
0.568041205406189,1
0.4809751808643341,1
0.546335756778717,1
0.5654335021972656,1
0.5731898546218872,1
0.5539166927337646,1
0.5440064668655396,1
0.4936389625072479,1
0.5221148729324341,1
0.5315038561820984,1
0.5592666268348694,1
0.5123108625411987,1
0.605864405632019,1
0.529582679271698,1
0.5312272310256958,1
0.5287714004516602,1
0.6007719039916992,1
0.51632159948349,1
0.5475906729698181,1
0.5272330045700073,1
0.5523419380187988,1
0.5350148677825928,1
0.5356029272079468,1
0.5292254090309143,1
0.5302537679672241,1
0.5192999839782715,1
0.5688077211380005,1
0.5645696520805359,1
0.5239658355712891,1
0.5242362022399902,1
0.5152523517608643,1
0.4782976508140564,1
0.5595963001251221,1
0.5478683710098267,1
0.5775750875473022,1
0.49814409017562866,1
0.5580744743347168,1
0.5260998606681824,1
0.5463402271270752,1
0.5576948523521423,1
0.5370277166366577,1
0.5822551250457764,1
0.5352869033813477,1
0.552182137966156,1
0.5355619192123413,1
0.5330183506011963,1
0.5011688470840454,1
0.5639767646789551,1
0.5214924812316895,1
0.5096930265426636,1
0.5943341255187988,1
0.5545098185539246,1
0.55696702003479,1
0.5177825689315796,1
0.5091677308082581,1
0.5428582429885864,1
0.5608194470405579,1
0.5319293737411499,1
0.5153560042381287,1
0.5265567302703857,1
0.47365009784698486,1
0.547662615776062,1
0.6101498603820801,1
0.5439697504043579,1
0.556706964969635,1
0.6171801686286926,1
0.47590798139572144,1
0.5950286388397217,1
0.5113414525985718,1
0.5578729510307312,1
0.53248131275177,1
0.5311954021453857,1
0.5744129419326782,1
0.5312585830688477,1
0.5428961515426636,1
0.5775518417358398,1
0.5482707023620605,1
0.538737416267395,1
0.5494507551193237,1
0.499620258808136,1
0.5493112802505493,1
0.5832846164703369,1
0.5526924133300781,1
0.5202821493148804,1
0.5528929829597473,1
0.5441784858703613,1
0.5506341457366943,1
0.6236891746520996,1
0.546391487121582,1
0.5826871991157532,1
0.570201575756073,1
0.5582765936851501,1
0.5112253427505493,1
0.5493762493133545,1
0.5493030548095703,1
0.5344499349594116,1
0.5200668573379517,1
0.5459030866622925,1
0.4922305643558502,1
0.5182998180389404,1
0.5578317642211914,1
0.5392016768455505,1
0.5555721521377563,1
0.5577886700630188,1
0.565599262714386,1
0.5350354909896851,1
0.5392109155654907,1
0.506227970123291,1
0.4993000328540802,1
0.5252010822296143,1
0.6181879043579102,1
0.5705438852310181,1
0.5367148518562317,1
0.5572605133056641,1
0.520169734954834,1
0.5839296579360962,1
0.5960865020751953,1
0.5415945053100586,1
0.5943901538848877,1
0.5551273822784424,1
0.5234583020210266,1
0.5530825853347778,1
0.6074008941650391,1
0.5243386626243591,1
0.54718017578125,1
0.5591250658035278,1
0.5538344979286194,1
0.5450118780136108,1
0.537860631942749,1
0.5391592979431152,1
0.5574069023132324,1
0.6152746677398682,1
0.5589644312858582,1
0.48770344257354736,1
0.5317806005477905,1
0.5447275638580322,1
0.5440121293067932,1
0.5271679162979126,1
0.5048628449440002,1
0.5410338640213013,1
0.5060597658157349,1
0.543773889541626,1
0.547188937664032,1
0.5789158344268799,1
0.584954559803009,1
0.5398190021514893,1
0.505529522895813,1
0.5716339349746704,1
0.5940052270889282,1
0.5597617626190186,1
0.5052525997161865,1
0.5235728621482849,1
0.608458399772644,1
0.5531805753707886,1
0.5606192946434021,1
0.531832754611969,1
0.4803701937198639,1
0.5315699577331543,1
0.5708990097045898,1
0.5003998875617981,1
0.5597895383834839,1
0.5293288230895996,1
0.5422655344009399,1
0.5650756359100342,1
0.5002108812332153,1
0.541649341583252,1
0.48161715269088745,1
0.5779900550842285,1
0.5173687934875488,1
0.524682343006134,1
0.5222601890563965,1
0.5507842898368835,1
0.6010639667510986,1
0.4866342842578888,1
0.5458253622055054,1
0.5574875473976135,1
0.5565439462661743,1
0.5616993308067322,1
0.5258826017379761,1
0.555050253868103,1
0.5637315511703491,1
0.5706503391265869,1
0.5260641574859619,1
0.5166889429092407,1
0.554065465927124,1
0.5222287178039551,1
0.5446029901504517,1
0.5860394835472107,1
0.522911548614502,1
0.5588710308074951,1
0.5370504856109619,1
0.547623336315155,1
0.5483121871948242,1
0.5321028232574463,1
0.5015154480934143,1
0.5477533936500549,1
0.5625514984130859,1
0.5267692804336548,1
0.507755696773529,1
0.5507279634475708,1
0.5369013547897339,1
0.5212216377258301,1
0.594933271408081,1
0.598997950553894,1
0.5591566562652588,1
0.5243829488754272,1
0.5512387752532959,1
0.5250107049942017,1
0.49738067388534546,1
0.5349639058113098,1
0.555328905582428,1
0.5465027689933777,1
0.6013123393058777,1
0.5302045941352844,1
0.5880839824676514,1
0.5206866264343262,1
0.5229532122612,1
0.582618772983551,1
0.5508025884628296,1
0.5476841926574707,1
0.5065820217132568,1
0.5185779929161072,1
0.5009792447090149,1
0.5418477058410645,1
0.514461874961853,1
0.5833241939544678,1
0.5333061218261719,1
0.512273371219635,1
0.5612785220146179,1
0.5973039865493774,1
0.5751916170120239,1
0.5923488140106201,1
0.5456658601760864,1
0.5000057220458984,1
0.5042412281036377,1
0.5847216248512268,1
0.5185320377349854,1
0.504071056842804,1
0.5531269311904907,1
0.5651202201843262,1
0.560929536819458,1
0.5551420450210571,1
0.557278037071228,1
0.587367057800293,1
0.5185960531234741,1
0.5575970411300659,1
0.5538077354431152,1
0.5730112791061401,1
0.5633310079574585,1
0.5395810008049011,1
0.5536314845085144,1
0.550569474697113,1
0.5277997851371765,1
0.534331202507019,1
0.5026164650917053,1
0.5666619539260864,1
0.5337183475494385,1
0.5493130683898926,1
0.622063934803009,1
0.5480666160583496,1
0.5800464153289795,1
0.524178147315979,1
0.6031287908554077,1
0.5419943332672119,1
0.5819870233535767,1
0.5770924091339111,1
0.5422852635383606,1
0.5180106163024902,1
0.5369119644165039,1
0.5757840871810913,1
0.5525373220443726,1
0.5650066137313843,1
0.5780129432678223,1
0.5211305618286133,1
0.5804151296615601,1
0.5143236517906189,1
0.603286623954773,1
0.576377272605896,1
0.5389541387557983,1
0.5204906463623047,1
0.5177552700042725,1
0.5679793357849121,1
0.5440775752067566,1
0.5466780066490173,1
0.5007038116455078,1
0.5672373175621033,1
0.5479732751846313,1
0.5337013006210327,1
0.5525026321411133,1
0.49021774530410767,1
0.5521961450576782,1
0.5781555771827698,1
0.495530366897583,1
0.5340110063552856,1
0.522549033164978,1
0.4944719076156616,1
0.5896182656288147,1
0.5714412331581116,1
0.5862880945205688,1
0.5671850442886353,1
0.5533167719841003,1
0.5502898097038269,1
0.5356776118278503,1
0.5353167057037354,1
0.5258916020393372,1
0.5388702154159546,1
0.5610231161117554,1
0.573133647441864,1
0.5468072891235352,1
0.549219012260437,1
0.5358143448829651,1
0.5357280373573303,1
0.5226465463638306,1
0.4908267855644226,1
0.5131750702857971,1
0.5023813247680664,1
0.5351219177246094,1
0.5433269739151001,1
0.5693657398223877,1
0.5574309825897217,1
0.5500227808952332,1
0.553150475025177,1
0.518251895904541,1
0.5541975498199463,1
0.5260464549064636,1
0.4967659115791321,1
0.5783998966217041,1
0.5484781265258789,1
0.5604729652404785,1
0.5308671593666077,1
0.5431286692619324,1
0.5099558234214783,1
0.5120755434036255,1
0.5500584840774536,1
0.5214042663574219,1
0.5251513719558716,1
0.5555038452148438,1
0.5671416521072388,1
0.5800381898880005,1
0.5742050409317017,1
0.5601134896278381,1
0.49282601475715637,1
0.5189166069030762,1
0.5632311105728149,1
0.6368918418884277,1
0.5780701637268066,1
0.5768071413040161,1
0.5172936916351318,1
0.5397005081176758,1
0.511932909488678,1
0.5000735521316528,1
0.5796610116958618,1
0.5830073952674866,1
0.5667003393173218,1
0.6050440073013306,1
0.5493668913841248,1
0.5720223188400269,1
0.5570119619369507,1
0.5244949460029602,1
0.567004382610321,1
0.5754162073135376,1
0.5548421144485474,1
0.5423523783683777,1
0.5762428045272827,1
0.5007569193840027,1
0.5565409660339355,1
0.5453357696533203,1
0.5205732583999634,1
0.5300555229187012,1
0.5010310411453247,1
0.5624553561210632,1
0.5392554998397827,1
0.5269286632537842,1
0.5535328388214111,1
0.5541926622390747,1
0.5443770885467529,1
0.5502440929412842,1
0.4904560446739197,1
0.5271812677383423,1
0.544275164604187,1
0.530349612236023,1
0.55423504114151,1
0.5442827343940735,1
0.5505237579345703,1
0.48463302850723267,1
0.5430504083633423,1
0.5506342053413391,1
0.5596592426300049,1
0.5129772424697876,1
0.5391826629638672,1
0.5171879529953003,1
0.564123272895813,1
0.5492364168167114,1
0.5527881383895874,1
0.5078790783882141,1
0.5224632620811462,1
0.5461554527282715,1
0.542681097984314,1
0.491665244102478,1
0.5852922797203064,1
0.5159980654716492,1
0.5912629961967468,1
0.4906580448150635,1
0.485880583524704,1
0.5026149749755859,1
0.517898678779602,1
0.47956961393356323,1
0.5592238903045654,1
0.5660187005996704,1
0.5534543991088867,1
0.4987424314022064,1
0.5275765657424927,1
0.5290051698684692,1
0.53173828125,1
0.5450929403305054,1
0.510082483291626,1
0.577004075050354,1
0.5385026931762695,1
0.531290590763092,1
0.5189672708511353,1
0.5198623538017273,1
0.570547342300415,1
0.5143624544143677,1
0.5017532110214233,1
0.5091128349304199,1
0.5603291988372803,1
0.523914098739624,1
0.5219681262969971,1
0.556722104549408,1
0.5760296583175659,1
0.5441148281097412,1
0.5643144249916077,1
0.5217577219009399,1
0.5074491500854492,1
0.5360316038131714,1
0.5408600568771362,1
0.5830383896827698,1
0.5449997186660767,1
0.5467792749404907,1
0.5548149943351746,1
0.5110507011413574,1
0.48391592502593994,1
0.5172576308250427,1
0.5381099581718445,1
0.5594490766525269,1
0.5248434543609619,1
0.5451998114585876,1
0.5706616044044495,1
0.5371315479278564,1
0.5407758951187134,1
0.5470404624938965,1
0.5636788606643677,1
0.5725886821746826,1
0.5415996313095093,1
0.5933551788330078,1
0.5221956968307495,1
0.527236819267273,1
0.5326209664344788,1
0.5148611068725586,1
0.5487315654754639,1
0.5493693351745605,1
0.4933488368988037,1
0.5586749315261841,1
0.5258859395980835,1
0.4863660931587219,1
0.5328155755996704,1
0.5897613763809204,1
0.5080015659332275,1
0.5198781490325928,1
0.5661531686782837,1
0.5072523355484009,1
0.5186960697174072,1
0.55458664894104,1
0.5007263422012329,1
0.5336586833000183,1
0.5016883015632629,1
0.5411480665206909,1
0.5568224191665649,1
0.5071917176246643,1
0.5082790851593018,1
0.5366888046264648,1
0.5101606845855713,1
0.5319686532020569,1
0.5387780666351318,1
0.5507556200027466,1
0.5590099692344666,1
0.5306485295295715,1
0.5770410299301147,1
0.5049591660499573,1
0.5700146555900574,1
0.502449631690979,1
0.54715496301651,1
0.5602349638938904,1
0.5477727651596069,1
0.5331746339797974,1
0.5471758842468262,1
0.5461583137512207,1
0.5139945149421692,1
0.5319349765777588,1
0.5955878496170044,1
0.5224402546882629,1
0.5219544768333435,1
0.5208120942115784,1
0.5140153169631958,1
0.5331551432609558,1
0.5440202951431274,1
0.5469085574150085,1
0.5511243343353271,1
0.6239162683486938,1
0.5143285989761353,1
0.5659216642379761,1
0.5458041429519653,1
0.5339745283126831,1
0.5950027704238892,1
0.5483012199401855,1
0.5364177227020264,1
0.5138434767723083,1
0.5370151996612549,1
0.5575165748596191,1
0.5583822727203369,1
0.5034292340278625,1
0.5602066516876221,1
0.557243824005127,1
0.5108080506324768,1
0.5583786368370056,1
0.5506261587142944,1
0.5643179416656494,1
0.5548192262649536,1
0.5848566293716431,1
0.5767898559570313,1
0.6040028929710388,1
0.5481988191604614,1
0.5263406038284302,1
0.5655752420425415,1
0.5008673667907715,1
0.5726970434188843,1
0.5827970504760742,1
0.5644888281822205,1
0.5126210451126099,1
0.5202680826187134,1
0.5591841340065002,1
0.5527167320251465,1
0.5267843008041382,1
0.530278205871582,1
0.5545371770858765,1
0.5437854528427124,1
0.5792343616485596,1
0.5258522033691406,1
0.5324641466140747,1
0.5644018054008484,1
0.5129809975624084,1
0.5541338324546814,1
0.5431643724441528,1
0.5462054014205933,1
0.5541757345199585,1
0.5284796357154846,1
0.5304054021835327,1
0.5869472622871399,1
0.5536931753158569,1
0.5545353293418884,1
0.5237851738929749,1
0.5328997373580933,1
0.5792968273162842,1
0.5195440649986267,1
0.5602378845214844,1
0.5436075925827026,1
0.5102086067199707,1
0.5856181383132935,1
0.4988479018211365,1
0.4682190716266632,1
0.5410189628601074,1
0.5138275623321533,1
0.5509246587753296,1
0.5884193181991577,1
0.593092143535614,1
0.549375593662262,1
0.5502978563308716,1
0.5320156812667847,1
0.5541934967041016,1
0.5701963901519775,1
0.5167282819747925,1
0.5160490870475769,1
0.5446507930755615,1
0.5577781200408936,1
0.5501670837402344,1
0.5582351684570313,1
0.562029242515564,1
0.5160696506500244,1
0.5550070405006409,1
0.5614854097366333,1
0.5628604888916016,1
0.6008257269859314,1
0.5169816017150879,1
0.531426191329956,1
0.5479245185852051,1
0.48495763540267944,1
0.5533620119094849,1
0.5714088678359985,1
0.5750004053115845,1
0.5345240831375122,1
0.5019698739051819,1
0.561387836933136,1
0.5413222312927246,1
0.5589475631713867,1
0.5735350847244263,1
0.5401920676231384,1
0.5173687934875488,1
0.5720211863517761,1
0.5354748964309692,1
0.4991869330406189,1
0.5619120597839355,1
0.5430501699447632,1
0.5626846551895142,1
0.5577792525291443,1
0.5260123014450073,1
0.5702165961265564,1
0.5095657110214233,1
0.5251481533050537,1
0.5814395546913147,1
0.48282283544540405,1
0.5020864009857178,1
0.5289537906646729,1
0.5510618686676025,1
0.557510256767273,1
0.5566165447235107,1
0.5174002647399902,1
0.5201963782310486,1
0.5473259687423706,1
0.553490161895752,1
0.5572974681854248,1
0.5116356611251831,1
0.5367237329483032,1
0.4719201326370239,1
0.5320594906806946,1
0.5312790274620056,1
0.5169616937637329,1
0.5534838438034058,1
0.5813536643981934,1
0.6083313822746277,1
0.5705692768096924,1
0.5074061155319214,1
0.5698403120040894,1
0.5379598140716553,1
0.5763461589813232,1
0.5588357448577881,1
0.5866007804870605,1
0.5126612782478333,1
0.5416407585144043,1
0.5483124256134033,1
0.5047135353088379,1
0.5277867317199707,1
0.5416059494018555,1
0.5637092590332031,1
0.540091872215271,1
0.57513827085495,1
0.5261489152908325,1
0.5284976959228516,1
0.5443325638771057,1
0.5428595542907715,1
0.5568468570709229,1
0.5382193326950073,1
0.5510738492012024,1
0.5127698183059692,1
0.5540119409561157,1
0.5741053819656372,1
0.5897084474563599,1
0.558304488658905,1
0.5263193249702454,1
0.5337066054344177,1
0.513059139251709,1
0.560617208480835,1
0.5753999948501587,1
0.5644203424453735,1
0.5453286170959473,1
0.5445134043693542,1
0.5312455296516418,1
0.5272712707519531,1
0.537413477897644,1
0.5378351211547852,1
0.5388354063034058,1
0.47087693214416504,1
0.5392169952392578,1
0.5152377486228943,1
0.5790770053863525,1
0.5517475605010986,1
0.5293635129928589,1
0.5501201152801514,1
0.5510215759277344,1
0.5809836983680725,1
0.5410868525505066,1
0.504936695098877,1
0.5049933195114136,1
0.5385634899139404,1
0.5294499397277832,1
0.5807445049285889,1
0.5348914861679077,1
0.5438708066940308,1
0.5546738505363464,1
0.5437101125717163,1
0.5267061591148376,1
0.5738730430603027,1
0.561676025390625,1
0.576213002204895,1
0.5135647058486938,1
0.5674716234207153,1
0.5652420520782471,1
0.5695093870162964,1
0.508847713470459,1
0.5785115957260132,1
0.570214569568634,1
0.5886029005050659,1
0.569402813911438,1
0.5684810280799866,1
0.5656453371047974,1
0.5232713222503662,1
0.5814807415008545,1
0.5511714220046997,1
0.5334786176681519,1
0.5764541625976563,1
0.5361514091491699,1
0.5211320519447327,1
0.51410973072052,1
0.5353053212165833,1
0.5813278555870056,1
0.5030709505081177,1
0.5345155000686646,1
0.4945337772369385,1
0.5670419931411743,1
0.5422462821006775,1
0.5467056035995483,1
0.5416616201400757,1
0.5509582757949829,1
0.5585235357284546,1
0.5460245013237,1
0.506875216960907,1
0.5573834776878357,1
0.5156967639923096,1
0.507335364818573,1
0.5356889963150024,1
0.5422391295433044,1
0.5662623643875122,1
0.5704278945922852,1
0.5245805978775024,1
0.5188382863998413,1
0.5389434099197388,1
0.5378106832504272,1
0.538726806640625,1
0.5449680089950562,1
0.5252116322517395,1
0.5220791697502136,1
0.5471241474151611,1
0.548435389995575,1
0.5167365074157715,1
0.5196714401245117,1
0.5772519707679749,1
0.5193816423416138,1
0.5853674411773682,1
0.50798100233078,1
0.529173731803894,1
0.5137078166007996,1
0.5709969997406006,1
0.5571256279945374,1
0.565287709236145,1
0.5120012760162354,1
0.5576437711715698,1
0.5602654218673706,1
0.5795266032218933,1
0.539303183555603,1
0.4965408444404602,1
0.5376381874084473,1
0.5301024913787842,1
0.5708810687065125,1
0.5510861873626709,1
0.5161372423171997,1
0.5388373136520386,1
0.5339826941490173,1
0.5333040356636047,1
0.5214616060256958,1
0.5434148907661438,1
0.49588149785995483,1
0.5339014530181885,1
0.5768535137176514,1
0.5657422542572021,1
0.5236154794692993,1
0.5206903219223022,1
0.5122089385986328,1
0.5289846658706665,1
0.4959564805030823,1
0.5726808309555054,1
0.5331752300262451,1
0.5228396654129028,1
0.5283616781234741,1
0.5412837862968445,1
0.5390852689743042,1
0.510876476764679,1
0.5341977477073669,1
0.5611357688903809,1
0.5053935647010803,1
0.5402441024780273,1
0.5248783826828003,1
0.5399755239486694,1
0.5703868865966797,1
0.5099782943725586,1
0.5651453137397766,1
0.5279197096824646,1
0.5519937872886658,1
0.5108217597007751,1
0.5802599191665649,1
0.5681397914886475,1
0.48833975195884705,1
0.504256010055542,1
0.5287630558013916,1
0.5556495189666748,1
0.5066865682601929,1
0.5475292205810547,1
0.5610001087188721,1
0.5243054628372192,1
0.5628907084465027,1
0.5065470337867737,1
0.5632758140563965,1
0.5231997966766357,1
0.5479395389556885,1
0.5018048286437988,1
0.5790724754333496,1
0.5332899689674377,1
0.5671336650848389,1
0.5468922257423401,1
0.5395113825798035,1
0.5272403955459595,1
0.5586615800857544,1
0.5366343259811401,1
0.5391941666603088,1
0.525653600692749,1
0.48103535175323486,1
0.5273019075393677,1
0.5637823939323425,1
0.5638626217842102,1
0.5126715302467346,1
0.5019311308860779,1
0.5487894415855408,1
0.5931037068367004,1
0.5779988765716553,1
0.555243730545044,1
0.5632930994033813,1
0.5808038115501404,1
0.5736516714096069,1
0.5345265865325928,1
0.5079575777053833,1
0.482998788356781,1
0.5724988579750061,1
0.5697949528694153,1
0.5429818630218506,1
0.5712292790412903,1
0.5196991562843323,1
0.5458354353904724,1
0.523241400718689,1
0.5579242706298828,1
0.5214005708694458,1
0.5226097106933594,1
0.5411940813064575,1
0.5789533853530884,1
0.5298812985420227,1
0.5378528833389282,1
0.5279488563537598,1
0.5579817891120911,1
0.5504897832870483,1
0.5148552656173706,1
0.5352927446365356,1
0.5585422515869141,1
0.5248511433601379,1
0.5137681365013123,1
0.5851389169692993,1
0.528799295425415,1
0.5383948087692261,1
0.5161416530609131,1
0.5236358642578125,1
0.5039345622062683,1
0.5573960542678833,1
0.5377556085586548,1
0.5492076873779297,1
0.548892617225647,1
0.5804415345191956,1
0.5228885412216187,1
0.5537452697753906,1
0.5452558398246765,1
0.5227824449539185,1
0.5193191766738892,1
0.5636066198348999,1
0.5407015085220337,1
0.603179931640625,1
0.5341104865074158,1
0.5528662204742432,1
0.5465361475944519,1
0.5037237405776978,1
0.519255518913269,1
0.5367640256881714,1
0.48847994208335876,1
0.5928754806518555,1
0.5262081623077393,1
0.575576901435852,1
0.5270336866378784,1
0.5380777716636658,1
0.5279970765113831,1
0.5379514694213867,1
0.5663745999336243,1
0.5281363725662231,1
0.5089917182922363,1
0.5446914434432983,1
0.5254707932472229,1
0.5134076476097107,1
0.5371711254119873,1
0.5083494186401367,1
0.5358046889305115,1
0.5368502140045166,1
0.5934391021728516,1
0.5679161548614502,1
0.5390810966491699,1
0.5252863764762878,1
0.5892651081085205,1
0.5641613006591797,1
0.5099275708198547,1
0.552594780921936,1
0.5949357748031616,1
0.5654610395431519,1
0.5870940685272217,1
0.5318546891212463,1
0.5215258598327637,1
0.5338243842124939,1
0.5215351581573486,1
0.5255769491195679,1
0.4973706305027008,1
0.5154598951339722,1
0.5165685415267944,1
0.545669674873352,1
0.556411862373352,1
0.48805680871009827,1
0.5621210932731628,1
0.5674563646316528,1
0.5070472955703735,1
0.5817755460739136,1
0.5187568664550781,1
0.5303674936294556,1
0.5976518392562866,1
0.5672727823257446,1
0.5489853620529175,1
0.5862963199615479,1
0.5614508390426636,1
0.5196157693862915,1
0.5841149091720581,1
0.6007469296455383,1
0.5325996279716492,1
0.5503207445144653,1
0.5507909059524536,1
0.5466211438179016,1
0.5212291479110718,1
0.5362122058868408,1
0.592185378074646,1
0.5144225358963013,1
0.5091756582260132,1
0.49846509099006653,1
0.5608685612678528,1
0.5049187541007996,1
0.5915738940238953,1
0.5221961140632629,1
0.5171017646789551,1
0.5450205206871033,1
0.5326718091964722,1
0.5516442060470581,1
0.5382106900215149,1
0.5378537178039551,1
0.5544601082801819,1
0.5982727408409119,1
0.5620419979095459,1
0.5850793123245239,1
0.5283557772636414,1
0.5232416391372681,1
0.566723108291626,1
0.5254390835762024,1
0.5407009124755859,1
0.5317843556404114,1
0.5637574195861816,1
0.5472444295883179,1
0.5091128945350647,1
0.5598504543304443,1
0.5600806474685669,1
0.5726866722106934,1
0.5592246055603027,1
0.516872763633728,1
0.5495409965515137,1
0.5134816765785217,1
0.5354762673377991,1
0.5584732294082642,1
0.6063618659973145,1
0.5506234169006348,1
0.5018439888954163,1
0.5631251335144043,1
0.5116686820983887,1
0.5096380114555359,1
0.5562958717346191,1
0.5122900605201721,1
0.5239673256874084,1
0.5131539106369019,1
0.5454426407814026,1
0.5246013402938843,1
0.5574628114700317,1
0.5458094477653503,1
0.5265505313873291,1
0.5968396663665771,1
0.581744372844696,1
0.5786792039871216,1
0.5196557641029358,1
0.5557600259780884,1
0.451661080121994,1
0.5519271492958069,1
0.5548504590988159,1
0.5474905371665955,1
0.5833868980407715,1
0.5220335721969604,1
0.5172582864761353,1
0.5248523950576782,1
0.5820416212081909,1
0.5200508832931519,1
0.5154005885124207,1
0.5743517279624939,1
0.5227077007293701,1
0.5904927253723145,1
0.49454396963119507,1
0.5423074960708618,1
0.5230753421783447,1
0.576518177986145,1
0.5633459687232971,1
0.5888471007347107,1
0.5619340538978577,1
0.5559154748916626,1
0.5219143629074097,1
0.5263028144836426,1
0.5356996059417725,1
0.5732256770133972,1
0.5517861843109131,1
0.5440369844436646,1
0.5438228249549866,1
0.5686653852462769,1
0.598056972026825,1
0.5005587935447693,1
0.5497463941574097,1
0.5302586555480957,1
0.5937825441360474,1
0.5390769839286804,1
0.4951896369457245,1
0.5564625263214111,1
0.5122236013412476,1
0.5518110990524292,1
0.5724668502807617,1
0.5780740976333618,1
0.5319181680679321,1
0.5498834848403931,1
0.5136679410934448,1
0.5348778963088989,1
0.5132653713226318,1
0.5601505041122437,1
0.5482908487319946,1
0.5213965773582458,1
0.5086636543273926,1
0.6015753746032715,1
0.4807738661766052,1
0.5189738869667053,1
0.5912274122238159,1
0.5146012306213379,1
0.5731548070907593,1
0.5492619276046753,1
0.5355757474899292,1
0.5628842115402222,1
0.5718994736671448,1
0.5332655310630798,1
0.53425133228302,1
0.5819369554519653,1
0.4722157418727875,1
0.5456618666648865,1
0.5267894268035889,1
0.5320994257926941,1
0.5611915588378906,1
0.5310882329940796,1
0.5082210898399353,1
0.5147204995155334,1
0.5488237142562866,1
0.5594968795776367,1
0.5614340305328369,1
0.5794295072555542,1
0.5591323375701904,1
0.5268518924713135,1
0.5409663319587708,1
0.6610763669013977,1
0.5132952928543091,1
0.5657315254211426,1
0.5383315086364746,1
0.6192312240600586,1
0.547997236251831,1
0.553253173828125,1
0.5525327920913696,1
0.5328009128570557,1
0.5656660795211792,1
0.5987765789031982,1
0.5165592432022095,1
0.5416092872619629,1
0.5640400052070618,1
0.5276109576225281,1
0.5502468943595886,1
0.5278383493423462,1
0.5678035020828247,1
0.5168653726577759,1
0.5760282874107361,1
0.5286238193511963,1
0.5633857846260071,1
0.5459384918212891,1
0.5440126657485962,1
0.5376307964324951,1
0.5238327980041504,1
0.5815585851669312,1
0.49709248542785645,1
0.5866791009902954,1
0.509719729423523,1
0.543220043182373,1
0.5541366338729858,1
0.5518063306808472,1
0.5435733795166016,1
0.6159241199493408,1
0.47695645689964294,1
0.5178073644638062,1
0.5214564800262451,1
0.5215291976928711,1
0.5482902526855469,1
0.5722971558570862,1
0.5309615135192871,1
0.5400837063789368,1
0.5207138061523438,1
0.5633688569068909,1
0.4905482530593872,1
0.5255494117736816,1
0.5278748273849487,1
0.5118062496185303,1
0.6005696654319763,1
0.5408046245574951,1
0.5635514855384827,1
0.5712032318115234,1
0.5731537342071533,1
0.48812228441238403,1
0.5203749537467957,1
0.5080615282058716,1
0.5796181559562683,1
0.557091236114502,1
0.533382773399353,1
0.539151668548584,1
0.5337362885475159,1
0.582709789276123,1
0.5106852650642395,1
0.498420774936676,1
0.5905749201774597,1
0.5345165729522705,1
0.5614786148071289,1
0.5893479585647583,1
0.5316340923309326,1
0.5732917189598083,1
0.5515566468238831,1
0.5685144066810608,1
0.5719488859176636,1
0.4993535876274109,1
0.5159438848495483,1
0.5668599605560303,1
0.5774413347244263,1
0.5526940226554871,1
0.508296012878418,1
0.5333576798439026,1
0.5974985361099243,1
0.5255000591278076,1
0.5606644153594971,1
0.5785923004150391,1
0.5159515142440796,1
0.5285165309906006,1
0.569298267364502,1
0.5736548900604248,1
0.5732796788215637,1
0.5555460453033447,1
0.5560164451599121,1
0.5567396283149719,1
0.5536341071128845,1
0.4953865110874176,1
0.5674248933792114,1
0.49955084919929504,1
0.5282217264175415,1
0.5626455545425415,1
0.590857982635498,1
0.5539746880531311,1
0.6093329191207886,1
0.548944354057312,1
0.6141326427459717,1
0.5303254127502441,1
0.5774012207984924,1
0.5616092681884766,1
0.4745185673236847,1
0.502930223941803,1
0.5003606081008911,1
0.47544988989830017,1
0.5264779329299927,1
0.5361031293869019,1
0.5266916751861572,1
0.5200906991958618,1
0.5069706439971924,1
0.5025425553321838,1
0.5794514417648315,1
0.5640512704849243,1
0.5553942322731018,1
0.5506187677383423,1
0.5926786065101624,1
0.5074558258056641,1
0.5290853977203369,1
0.5173530578613281,1
0.5401387810707092,1
0.5440058708190918,1
0.594781756401062,1
0.5233578085899353,1
0.5610381960868835,1
0.5474823713302612,1
0.5548431277275085,1
0.537351131439209,1
0.5006908178329468,1
0.5031265616416931,1
0.5478625297546387,1
0.5089061260223389,1
0.521127462387085,1
0.5458773374557495,1
0.510361909866333,1
0.5362322926521301,1
0.5793203115463257,1
0.5777570605278015,1
0.5119247436523438,1
0.522148072719574,1
0.5421482920646667,1
0.6203165650367737,1
0.5607895851135254,1
0.5625512599945068,1
0.5176371335983276,1
0.5384510159492493,1
0.5215201377868652,1
0.5281050205230713,1
0.5273369550704956,1
0.5644656419754028,1
0.5380082726478577,1
0.5468213558197021,1
0.5183532238006592,1
0.5252829790115356,1
0.5374788045883179,1
0.5662250518798828,1
0.5548436641693115,1
0.5849223136901855,1
0.5443527102470398,1
0.5380153656005859,1
0.5491965413093567,1
0.5290216207504272,1
0.5450872182846069,1
0.5232076644897461,1
0.5583562850952148,1
0.5483090281486511,1
0.5764973163604736,1
0.5888357162475586,1
0.5362679958343506,1
0.5384166240692139,1
0.5336254835128784,1
0.5730953812599182,1
0.47993314266204834,1
0.5456927418708801,1
0.5210976600646973,1
0.549099326133728,1
0.5213502049446106,1
0.509880542755127,1
0.5536289811134338,1
0.5269652605056763,1
0.5630239844322205,1
0.5347802639007568,1
0.5047319531440735,1
0.5387401580810547,1
0.5777748227119446,1
0.5679914951324463,1
0.5099430084228516,1
0.5809106826782227,1
0.5478671789169312,1
0.5946478247642517,1
0.5458500385284424,1
0.5187973976135254,1
0.5810381770133972,1
0.5022119879722595,1
0.4966871738433838,1
0.49788013100624084,1
0.5320102572441101,1
0.5583168268203735,1
0.5224353075027466,1
0.5916407108306885,1
0.5435011982917786,1
0.5987544655799866,1
0.5378601551055908,1
0.5643355250358582,1
0.5657398700714111,1
0.5894514322280884,1
0.5544014573097229,1
0.5403789281845093,1
0.48726344108581543,1
0.5634751319885254,1
0.5284652709960938,1
0.5774979591369629,1
0.5047467350959778,1
0.5541174411773682,1
0.531124472618103,1
0.5405763387680054,1
0.5175896286964417,1
0.5339134931564331,1
0.5793484449386597,1
0.5404150485992432,1
0.4994637370109558,1
0.5886105298995972,1
0.5785857439041138,1
0.5322495698928833,1
0.5020097494125366,1
0.5428940057754517,1
0.5590331554412842,1
0.5505768060684204,1
0.512398362159729,1
0.49120867252349854,1
0.5132557153701782,1
0.527753472328186,1
0.5357223749160767,1
0.5283956527709961,1
0.5538467168807983,1
0.5396270751953125,1
0.5451459884643555,1
0.5610135793685913,1
0.558419942855835,1
0.5062488913536072,1
0.5363146066665649,1
0.524439811706543,1
0.5019992589950562,1
0.5369898080825806,1
0.5189210176467896,1
0.5103616714477539,1
0.5314301252365112,1
0.541865348815918,1
0.5103253126144409,1
0.5319925546646118,1
0.5498868227005005,1
0.5200095772743225,1
0.5601783990859985,1
0.5686347484588623,1
0.514543890953064,1
0.5667204856872559,1
0.5501219034194946,1
0.5564180612564087,1
0.5560866594314575,1
0.534787654876709,1
0.5380376577377319,1
0.47989127039909363,1
0.5447447299957275,1
0.5416043400764465,1
0.5084108710289001,1
0.5298788547515869,1
0.5522311329841614,1
0.5444461107254028,1
0.5767238140106201,1
0.5902262926101685,1
0.5334215760231018,1
0.5203878283500671,1
0.5553029775619507,1
0.5437972545623779,1
0.5601089596748352,1
0.5945063829421997,1
0.5669823884963989,1
0.5726398229598999,1
0.5261330604553223,1
0.531821608543396,1
0.5846701860427856,1
0.5176705121994019,1
0.5075908899307251,1
0.5746458768844604,1
0.5554141998291016,1
0.5275228023529053,1
0.6078232526779175,1
0.54945969581604,1
0.5356180667877197,1
0.5500017404556274,1
0.5287979245185852,1
0.5511400699615479,1
0.5974774956703186,1
0.5313304662704468,1
0.48626261949539185,1
0.5201141834259033,1
0.5622207522392273,1
0.5279251337051392,1
0.5345770120620728,1
0.5404210090637207,1
0.5660690069198608,1
0.5116502642631531,1
0.5199514627456665,1
0.4978649616241455,1
0.5274120569229126,1
0.5549191832542419,1
0.5478816032409668,1
0.5510711073875427,1
0.5356754064559937,1
0.5465328693389893,1
0.5195983052253723,1
0.5018594264984131,1
0.5479261875152588,1
0.5885535478591919,1
0.5308570265769958,1
0.5149363875389099,1
0.5485163927078247,1
0.5218906402587891,1
0.5735110640525818,1
0.5677737593650818,1
0.513270914554596,1
0.5317517518997192,1
0.47679489850997925,1
0.5627179145812988,1
0.5497384071350098,1
0.5789875984191895,1
0.5480544567108154,1
0.548214316368103,1
0.5350294709205627,1
0.4901214838027954,1
0.5387535095214844,1
0.5383772850036621,1
0.5690047740936279,1
0.5420138239860535,1
0.5128498077392578,1
0.5463979244232178,1
0.5145862102508545,1
0.5276714563369751,1
0.4989905059337616,1
0.536552906036377,1
0.5916489362716675,1
0.5382239818572998,1
0.5407881736755371,1
0.5969018340110779,1
0.5606148838996887,1
0.5356457233428955,1
0.5946372747421265,1
0.5286650657653809,1
0.5164937376976013,1
0.5454500913619995,1
0.5173490047454834,1
0.5152776837348938,1
0.531812310218811,1
0.559809684753418,1
0.5607700347900391,1
0.5476671457290649,1
0.5362050533294678,1
0.5254186391830444,1
0.548265814781189,1
0.5343711376190186,1
0.5643752217292786,1
0.5213005542755127,1
0.5891315937042236,1
0.5410492420196533,1
0.5582817196846008,1
0.527504563331604,1
0.5489819049835205,1
0.5248227715492249,1
0.4930098056793213,1
0.5381611585617065,1
0.606385350227356,1
0.5098166465759277,1
0.5367772579193115,1
0.5067483186721802,1
0.4943668246269226,1
0.5109130144119263,1
0.5232580900192261,1
0.5056798458099365,1
0.5379161834716797,1
0.5784441232681274,1
0.586799144744873,1
0.5103622674942017,1
0.5667528510093689,1
0.4928820729255676,1
0.5083160400390625,1
0.5245414972305298,1
0.5925877094268799,1
0.5446969270706177,1
0.545092761516571,1
0.5382481813430786,1
0.5114516615867615,1
0.5116342306137085,1
0.5434921383857727,1
0.5541752576828003,1
0.5039085149765015,1
0.5357465744018555,1
0.5737756490707397,1
0.5252482891082764,1
0.5761204957962036,1
0.5815941095352173,1
0.5263124704360962,1
0.5554336905479431,1
0.5521630048751831,1
0.5304465889930725,1
0.5804482102394104,1
0.5416109561920166,1
0.5332975387573242,1
0.5609638690948486,1
0.4913325309753418,1
0.5723584890365601,1
0.5110611915588379,1
0.5511519908905029,1
0.4947529435157776,1
0.5342983603477478,1
0.5527197122573853,1
0.5487455129623413,1
0.5029100775718689,1
0.5704482793807983,1
0.5249191522598267,1
0.5452772974967957,1
0.5906850099563599,1
0.5483980178833008,1
0.5138928890228271,1
0.5214740633964539,1
0.5667858719825745,1
0.5807830691337585,1
0.56162428855896,1
0.5207149386405945,1
0.5445141196250916,1
0.5990487337112427,1
0.46699807047843933,1
0.5407808423042297,1
0.5452530384063721,1
0.5382988452911377,1
0.545434296131134,1
0.517600953578949,1
0.5091896653175354,1
0.5258134603500366,1
0.5590507984161377,1
0.53973788022995,1
0.5047723054885864,1
0.5470157265663147,1
0.5706126689910889,1
0.5597352981567383,1
0.5509035587310791,1
0.5517825484275818,1
0.5466277599334717,1
0.5306354761123657,1
0.5598404407501221,1
0.5909581780433655,1
0.5536794662475586,1
0.5528225898742676,1
0.5850275158882141,1
0.5108557343482971,1
0.5550270080566406,1
0.5124509930610657,1
0.5581779479980469,1
0.5806928873062134,1
0.5275813341140747,1
0.5518350601196289,1
0.5779317617416382,1
0.5352973937988281,1
0.5382832288742065,1
0.5524265766143799,1
0.5336121916770935,1
0.5354371070861816,1
0.53062903881073,1
0.5543986558914185,1
0.5154527425765991,1
0.5399099588394165,1
0.5715165138244629,1
0.5348010659217834,1
0.5419551730155945,1
0.5304017663002014,1
0.5162253379821777,1
0.5393673181533813,1
0.5502622127532959,1
0.5294758081436157,1
0.5606077909469604,1
0.5305972099304199,1
0.5406580567359924,1
0.5842331647872925,1
0.572201669216156,1
0.5707302093505859,1
0.5500495433807373,1
0.46237850189208984,1
0.5550534725189209,1
0.5152175426483154,1
0.5419788360595703,1
0.5457393527030945,1
0.5819358825683594,1
0.5209738612174988,1
0.5702388286590576,1
0.5667098164558411,1
0.5902583599090576,1
0.5290902256965637,1
0.5673657655715942,1
0.5972408652305603,1
0.5553579330444336,1
0.5100758671760559,1
0.5264278650283813,1
0.5260322093963623,1
0.5253795981407166,1
0.5325160026550293,1
0.529231071472168,1
0.5745151042938232,1
0.5604376792907715,1
0.5200687646865845,1
0.5294220447540283,1
0.5531188249588013,1
0.529765248298645,1
0.5729125738143921,1
0.5196824073791504,1
0.5499045848846436,1
0.5460613965988159,1
0.5333937406539917,1
0.5443756580352783,1
0.49289900064468384,1
0.5492821931838989,1
0.5247193574905396,1
0.5431398749351501,1
0.5441634654998779,1
0.5620666742324829,1
0.5062389969825745,1
0.4947008490562439,1
0.5371444225311279,1
0.5570001006126404,1
0.5286350846290588,1
0.5429732203483582,1
0.5447105169296265,1
0.5278264284133911,1
0.5434533953666687,1
0.592438817024231,1
0.5220757722854614,1
0.5633374452590942,1
0.5784955620765686,1
0.5386884212493896,1
0.552188515663147,1
0.5045007467269897,1
0.5393832325935364,1
0.5151588916778564,1
0.5129613876342773,1
0.5257409811019897,1
0.5499237179756165,1
0.5238845348358154,1
0.5201690196990967,1
0.4858089089393616,1
0.5418767929077148,1
0.5156887769699097,1
0.5269971489906311,1
0.5386664271354675,1
0.5500762462615967,1
0.5388088226318359,1
0.5906027555465698,1
0.5803315043449402,1
0.5789718627929688,1
0.5237877368927002,1
0.5892837047576904,1
0.546723484992981,1
0.5305243730545044,1
0.5469628572463989,1
0.5319280624389648,1
0.5376016497612,1
0.5675816535949707,1
0.5484038591384888,1
0.5642452239990234,1
0.5887786149978638,1
0.5291637182235718,1
0.5819708704948425,1
0.5308122634887695,1
0.5053141117095947,1
0.572433352470398,1
0.522149920463562,1
0.5420123338699341,1
0.5202093720436096,1
0.5277078151702881,1
0.517236590385437,1
0.5320255756378174,1
0.5011354684829712,1
0.5210239291191101,1
0.5673967599868774,1
0.5263934135437012,1
0.5367823243141174,1
0.5714237689971924,1
0.5495666265487671,1
0.5527175664901733,1
0.5482879877090454,1
0.5743680000305176,1
0.5418475866317749,1
0.5564748644828796,1
0.5572223663330078,1
0.5154260396957397,1
0.5661559104919434,1
0.5500500798225403,1
0.5675216913223267,1
0.5274455547332764,1
0.5144224762916565,1
0.5274965763092041,1
0.574553906917572,1
0.5426510572433472,1
0.526459813117981,1
0.5364587903022766,1
0.5455973148345947,1
0.5286149978637695,1
0.5202885866165161,1
0.5916663408279419,1
0.5234049558639526,1
0.5272318124771118,1
0.5558238625526428,1
0.5510492920875549,1
0.5340162515640259,1
0.4979701042175293,1
0.5162051916122437,1
0.5508735179901123,1
0.5301486849784851,1
0.5753597021102905,1
0.5560718774795532,1
0.5794757604598999,1
0.5020776391029358,1
0.5532575845718384,1
0.5608745813369751,1
0.564691424369812,1
0.541483998298645,1
0.534224808216095,1
0.5202163457870483,1
0.546561598777771,1
0.5291434526443481,1
0.5934772491455078,1
0.48614758253097534,1
0.5971343517303467,1
0.5723086595535278,1
0.5540813207626343,1
0.5795150399208069,1
0.5382444858551025,1
0.5274232029914856,1
0.5900505781173706,1
0.4940195679664612,1
0.5353261232376099,1
0.5474864840507507,1
0.6011402606964111,1
0.5137931704521179,1
0.5506176948547363,1
0.586097002029419,1
0.5519199371337891,1
0.5678360462188721,1
0.53768390417099,1
0.5830507278442383,1
0.5365530252456665,1
0.5731162428855896,1
0.5459810495376587,1
0.5298885703086853,1
0.5090286731719971,1
0.5466082096099854,1
0.5242296457290649,1
0.5595712661743164,1
0.5627423524856567,1
0.5379703044891357,1
0.5282436013221741,1
0.5647713541984558,1
0.5286135673522949,1
0.5272654294967651,1
0.5912875533103943,1
0.5061303377151489,1
0.5553901195526123,1
0.5288379788398743,1
0.553432822227478,1
0.4930489659309387,1
0.5481902360916138,1
0.5308113098144531,1
0.5555938482284546,1
0.5326205492019653,1
0.5564394593238831,1
0.5531915426254272,1
0.5629994869232178,1
0.5018512606620789,1
0.4846676290035248,1
0.5788777470588684,1
0.5544590950012207,1
0.5636634230613708,1
0.5286396741867065,1
0.5526351928710938,1
0.5188856720924377,1
0.5189186334609985,1
0.5270076394081116,1
0.51824951171875,1
0.5793983340263367,1
0.5561996698379517,1
0.49695727229118347,1
0.5335771441459656,1
0.5702860355377197,1
0.4857482314109802,1
0.5711346864700317,1
0.5209922194480896,1
0.5469711422920227,1
0.5118318796157837,1
0.5324206352233887,1
