0.32758432626724243,1
0.38580477237701416,1
0.44374144077301025,1
0.32562634348869324,1
0.26779502630233765,1
0.30797773599624634,1
0.39699703454971313,1
0.332922101020813,1
0.3419969081878662,1
0.3702477514743805,1
0.37347662448883057,1
0.33160778880119324,1
0.3048913776874542,1
0.3357529640197754,1
0.27908068895339966,1
0.36089837551116943,1
0.3285602331161499,1
0.3250516355037689,1
0.3720359206199646,1
0.3697683811187744,1
0.326337069272995,1
0.4901844263076782,1
0.44007277488708496,1
0.3930017352104187,1
0.3042900562286377,1
0.4460851848125458,1
0.2933025062084198,1
0.27102524042129517,1
0.33865949511528015,1
0.36527007818222046,1
0.50837242603302,1
0.3386422395706177,1
0.44923311471939087,1
0.31394773721694946,1
0.3742554187774658,1
0.38889989256858826,1
0.3592540919780731,1
0.3412409722805023,1
0.3447611331939697,1
0.3729352653026581,1
0.3566676080226898,1
0.4061194062232971,1
0.34785357117652893,1
0.3883274793624878,1
0.4906705617904663,1
0.35113099217414856,1
0.2211506962776184,1
0.2750369906425476,1
0.38212913274765015,1
0.38186705112457275,1
0.31853023171424866,1
0.43882080912590027,1
0.24876457452774048,1
0.39610952138900757,1
0.34885117411613464,1
0.31669366359710693,1
0.363829642534256,1
0.29737311601638794,1
0.3107677698135376,1
0.35469162464141846,1
0.20265549421310425,1
0.3372139036655426,1
0.37858259677886963,1
0.35185253620147705,1
0.3536931574344635,1
0.3512123227119446,1
0.40092384815216064,1
0.35835468769073486,1
0.2659120559692383,1
0.2569498121738434,1
0.347171813249588,1
0.3216579556465149,1
0.38712942600250244,1
0.4770449697971344,1
0.354511559009552,1
0.39356690645217896,1
0.43922263383865356,1
0.3531472384929657,1
0.33199602365493774,1
0.3982994258403778,1
0.41028207540512085,1
0.28897523880004883,1
0.2733534276485443,1
0.38127124309539795,1
0.250064492225647,1
0.36296719312667847,1
0.4107872247695923,1
0.5702841281890869,1
0.35863196849823,1
0.34281671047210693,1
0.4745023846626282,1
0.41224953532218933,1
0.26086682081222534,1
0.3986949324607849,1
0.2893941402435303,1
0.409870445728302,1
0.3432077467441559,1
0.3507823944091797,1
0.311384379863739,1
0.3182148039340973,1
0.3040083050727844,1
0.40964633226394653,1
0.3846557140350342,1
0.29432135820388794,1
0.3272072672843933,1
0.3569360077381134,1
0.31284040212631226,1
0.3718658685684204,1
0.3573877811431885,1
0.24187521636486053,1
0.44785135984420776,1
0.39919018745422363,1
0.3455710709095001,1
0.4659722149372101,1
0.3770100772380829,1
0.3447704315185547,1
0.39541804790496826,1
0.40633004903793335,1
0.2923119068145752,1
0.4348055124282837,1
0.3266834020614624,1
0.41164711117744446,1
0.37924227118492126,1
0.289332777261734,1
0.2949635982513428,1
0.3374635577201843,1
0.4064829647541046,1
0.3679090142250061,1
0.3386760354042053,1
0.40164273977279663,1
0.4416428506374359,1
0.3967967927455902,1
0.36974036693573,1
0.4346488416194916,1
0.33713629841804504,1
0.39998552203178406,1
0.37999433279037476,1
0.28277769684791565,1
0.34754759073257446,1
0.3329131603240967,1
0.2921198904514313,1
0.37325018644332886,1
0.3433905243873596,1
0.33379796147346497,1
0.500812292098999,1
0.40432366728782654,1
0.36840593814849854,1
0.417464017868042,1
0.29332661628723145,1
0.40516647696495056,1
0.4115604758262634,1
0.24975556135177612,1
0.46964097023010254,1
0.2956126034259796,1
0.4898242652416229,1
0.27374011278152466,1
0.3064386248588562,1
0.2737619876861572,1
0.3255578577518463,1
0.26683953404426575,1
0.2603096663951874,1
0.4546962380409241,1
0.4311968684196472,1
0.38103222846984863,1
0.3613770008087158,1
0.4180307984352112,1
0.36919546127319336,1
0.3512142300605774,1
0.31815946102142334,1
0.374945729970932,1
0.3788214325904846,1
0.28032201528549194,1
0.3140103220939636,1
0.37395504117012024,1
0.44845178723335266,1
0.3121131658554077,1
0.40318185091018677,1
0.3647773265838623,1
0.36584359407424927,1
0.4193713366985321,1
0.262448787689209,1
0.324643075466156,1
0.2650240957736969,1
0.28040504455566406,1
0.3078274428844452,1
0.428081214427948,1
0.2719455659389496,1
0.3011739253997803,1
0.30826807022094727,1
0.36224550008773804,1
0.2894711494445801,1
0.3359936475753784,1
0.4440721869468689,1
0.36764347553253174,1
0.4650684595108032,1
0.44688352942466736,1
0.3587377965450287,1
0.41004037857055664,1
0.34350013732910156,1
0.2393260896205902,1
0.3507749140262604,1
0.32393303513526917,1
0.3825361132621765,1
0.3448783755302429,1
0.34483206272125244,1
0.26952922344207764,1
0.3261299729347229,1
0.344260036945343,1
0.37716439366340637,1
0.3607429265975952,1
0.33931630849838257,1
0.3495537042617798,1
0.3611835837364197,1
0.3929015100002289,1
0.3768327236175537,1
0.34245699644088745,1
0.3426412343978882,1
0.2786673605442047,1
0.2924768328666687,1
0.24247443675994873,1
0.4123600125312805,1
0.3389164209365845,1
0.3443240225315094,1
0.4166748821735382,1
0.4032827615737915,1
0.3794935345649719,1
0.4647671580314636,1
0.32789644598960876,1
0.3895489275455475,1
0.30290472507476807,1
0.27987879514694214,1
0.42708835005760193,1
0.4104516804218292,1
0.2737245559692383,1
0.4839104413986206,1
0.2933264374732971,1
0.48778998851776123,1
0.36489903926849365,1
0.3323981761932373,1
0.3107075095176697,1
0.27748626470565796,1
0.34190765023231506,1
0.43783771991729736,1
0.3013230860233307,1
0.34105274081230164,1
0.4388471841812134,1
0.4393579065799713,1
0.38503021001815796,1
0.33071422576904297,1
0.3780975639820099,1
0.2764115333557129,1
0.28151828050613403,1
0.5155640840530396,1
0.4597383439540863,1
0.2855510711669922,1
0.3022173047065735,1
0.42170941829681396,1
0.3716178238391876,1
0.45425450801849365,1
0.4176107943058014,1
0.2958672046661377,1
0.4294145703315735,1
0.2603018879890442,1
0.40901482105255127,1
0.314156174659729,1
0.30704110860824585,1
0.4843314290046692,1
0.3712390661239624,1
0.42583611607551575,1
0.3876243233680725,1
0.328851580619812,1
0.31589221954345703,1
0.29339486360549927,1
0.33631041646003723,1
0.44955945014953613,1
0.3284611701965332,1
0.3144950270652771,1
0.31449979543685913,1
0.3240092396736145,1
0.295028418302536,1
0.20633269846439362,1
0.3366565704345703,1
0.30282437801361084,1
0.3695082664489746,1
0.2701934576034546,1
0.23380401730537415,1
0.33215880393981934,1
0.31102028489112854,1
0.31126025319099426,1
0.3672924041748047,1
0.2800116539001465,1
0.3324432373046875,1
0.4479801654815674,1
0.3328026533126831,1
0.4460601210594177,1
0.3653526306152344,1
0.3345281183719635,1
0.4051828384399414,1
0.2989882230758667,1
0.26430657505989075,1
0.3820212483406067,1
0.41144895553588867,1
0.31315964460372925,1
0.31489497423171997,1
0.4365226924419403,1
0.4695391058921814,1
0.5017338991165161,1
0.2799822986125946,1
0.30571579933166504,1
0.3206898868083954,1
0.2582433223724365,1
0.33200499415397644,1
0.429621160030365,1
0.3849182426929474,1
0.3290278911590576,1
0.3656890392303467,1
0.41706958413124084,1
0.3005422353744507,1
0.3286193609237671,1
0.4286062717437744,1
0.3995334506034851,1
0.347994863986969,1
0.2803424000740051,1
0.4151076078414917,1
0.39530038833618164,1
0.4076155722141266,1
0.34932923316955566,1
0.25643402338027954,1
0.2672145664691925,1
0.23410983383655548,1
0.3786831498146057,1
0.28146427869796753,1
0.3885968029499054,1
0.35797119140625,1
0.29671627283096313,1
0.3203997015953064,1
0.3255511522293091,1
0.4012504518032074,1
0.457744836807251,1
0.36663806438446045,1
0.46560072898864746,1
0.22939154505729675,1
0.32622361183166504,1
0.3166959881782532,1
0.2833390533924103,1
0.40727245807647705,1
0.3471497893333435,1
0.2892398238182068,1
0.3438372313976288,1
0.3052035868167877,1
0.3660234212875366,1
0.32608717679977417,1
0.3268355131149292,1
0.30435800552368164,1
0.3772156238555908,1
0.41488969326019287,1
0.3899073600769043,1
0.39021167159080505,1
0.2966955006122589,1
0.25863590836524963,1
0.48974594473838806,1
0.3191171884536743,1
0.4011717438697815,1
0.3762654662132263,1
0.3119501769542694,1
0.41643285751342773,1
0.2824515104293823,1
0.3073825538158417,1
0.3035300672054291,1
0.36866825819015503,1
0.37348252534866333,1
0.35894739627838135,1
0.46499302983283997,1
0.3661741614341736,1
0.23264051973819733,1
0.3455629348754883,1
0.3225019872188568,1
0.31574395298957825,1
0.32391053438186646,1
0.35156670212745667,1
0.413998007774353,1
0.39870768785476685,1
0.3061252534389496,1
0.34195786714553833,1
0.2934570908546448,1
0.2981134355068207,1
0.2879047095775604,1
0.31447577476501465,1
0.36782822012901306,1
0.31412920355796814,1
0.3940693736076355,1
0.34838926792144775,1
0.4165232479572296,1
0.36943280696868896,1
0.37580597400665283,1
0.3465096056461334,1
0.5260403156280518,1
0.3453863263130188,1
0.32214146852493286,1
0.44785889983177185,1
0.344610333442688,1
0.3499343991279602,1
0.26781323552131653,1
0.2964819669723511,1
0.3835422992706299,1
0.2810976505279541,1
0.46272075176239014,1
0.364179790019989,1
0.2491140365600586,1
0.3740324378013611,1
0.30140140652656555,1
0.4024072289466858,1
0.31982406973838806,1
0.3196296989917755,1
0.3404494822025299,1
0.289206862449646,1
0.3099799156188965,1
0.24155308306217194,1
0.3160502016544342,1
0.3220081329345703,1
0.3175545334815979,1
0.32854822278022766,1
0.3613519072532654,1
0.4365410804748535,1
0.2188187837600708,1
0.30822616815567017,1
0.28268760442733765,1
0.30953529477119446,1
0.435472697019577,1
0.4238174855709076,1
0.44256842136383057,1
0.3904663920402527,1
0.30195730924606323,1
0.2985800504684448,1
0.3553304076194763,1
0.2992946207523346,1
0.3912270665168762,1
0.38613539934158325,1
0.3544512391090393,1
0.45344090461730957,1
0.45449745655059814,1
0.44699758291244507,1
0.3925911784172058,1
0.3948906362056732,1
0.3245750367641449,1
0.3610592484474182,1
0.3586864471435547,1
0.36792823672294617,1
0.35712847113609314,1
0.2818443179130554,1
0.42797377705574036,1
0.25924718379974365,1
0.36895662546157837,1
0.32346999645233154,1
0.23268653452396393,1
0.4415825307369232,1
0.2403041124343872,1
0.3922114968299866,1
0.32742664217948914,1
0.37413686513900757,1
0.5236067175865173,1
0.28121036291122437,1
0.3535473346710205,1
0.4477364420890808,1
0.34584546089172363,1
0.2558046579360962,1
0.335462749004364,1
0.36413246393203735,1
0.39509883522987366,1
0.41236141324043274,1
0.3435896039009094,1
0.3066033124923706,1
0.3373519778251648,1
0.29384854435920715,1
0.3624572157859802,1
0.2898603081703186,1
0.30379271507263184,1
0.3456900119781494,1
0.41252967715263367,1
0.30020153522491455,1
0.3132583498954773,1
0.43264394998550415,1
0.2995411157608032,1
0.28594970703125,1
0.38281774520874023,1
0.2801625430583954,1
0.3876279890537262,1
0.3303343653678894,1
0.3509224057197571,1
0.3323410749435425,1
0.3934176564216614,1
0.39683955907821655,1
0.3547135889530182,1
0.3825134038925171,1
0.29131385684013367,1
0.3114321529865265,1
0.3168357014656067,1
0.35102951526641846,1
0.3140128254890442,1
0.31051480770111084,1
0.44815191626548767,1
0.27344703674316406,1
0.4841068387031555,1
0.3274790644645691,1
0.3973761200904846,1
0.2865961194038391,1
0.38982561230659485,1
0.5147873163223267,1
0.2789618968963623,1
0.3434070944786072,1
0.32935574650764465,1
0.31638509035110474,1
0.34888941049575806,1
0.4428199529647827,1
0.3449195623397827,1
0.32769256830215454,1
0.3825744688510895,1
0.2712527811527252,1
0.2418745458126068,1
0.26203280687332153,1
0.27582842111587524,1
0.2930588722229004,1
0.3884769082069397,1
0.3927557170391083,1
0.2963443398475647,1
0.42507028579711914,1
0.3534708321094513,1
0.26605045795440674,1
0.3519110679626465,1
0.34200987219810486,1
0.29902082681655884,1
0.4058606028556824,1
0.3650783896446228,1
0.4288231432437897,1
0.4292306900024414,1
0.3469521999359131,1
0.3376777172088623,1
0.27336040139198303,1
0.3298514187335968,1
0.4985063076019287,1
0.3658832311630249,1
0.3522155284881592,1
0.43027132749557495,1
0.38627493381500244,1
0.4038824439048767,1
0.3440938889980316,1
0.3563866913318634,1
0.2990458309650421,1
0.3063528537750244,1
0.34062427282333374,1
0.2891252934932709,1
0.30196255445480347,1
0.289972722530365,1
0.3631421625614166,1
0.3213047385215759,1
0.298134982585907,1
0.33369845151901245,1
0.2909241318702698,1
0.370560884475708,1
0.4734065532684326,1
0.3835128843784332,1
0.40737593173980713,1
0.3870208263397217,1
0.32303985953330994,1
0.32989853620529175,1
0.5458587408065796,1
0.4636076092720032,1
0.4841172993183136,1
0.3831333816051483,1
0.2476648986339569,1
0.3287629187107086,1
0.2645185589790344,1
0.3425523340702057,1
0.24675917625427246,1
0.3342354893684387,1
0.34747716784477234,1
0.24154086410999298,1
0.33371078968048096,1
0.3269203305244446,1
0.2887040674686432,1
0.311578631401062,1
0.43575090169906616,1
0.2851722240447998,1
0.3984276056289673,1
0.4691728949546814,1
0.3655395209789276,1
0.31053364276885986,1
0.3483041524887085,1
0.3099247217178345,1
0.32079893350601196,1
0.3720073699951172,1
0.3120085597038269,1
0.3515556752681732,1
0.39620229601860046,1
0.38603687286376953,1
0.5068543553352356,1
0.3988984227180481,1
0.36239367723464966,1
0.32773303985595703,1
0.3111644685268402,1
0.3129238486289978,1
0.36534613370895386,1
0.3502476215362549,1
0.2825300097465515,1
0.28981098532676697,1
0.41544562578201294,1
0.3944340944290161,1
0.2750447690486908,1
0.3197897672653198,1
0.3766019940376282,1
0.2868889570236206,1
0.29082971811294556,1
0.27494651079177856,1
0.347093403339386,1
0.321133553981781,1
0.459859699010849,1
0.3842025399208069,1
0.2593907415866852,1
0.4579296410083771,1
0.304407000541687,1
0.29248324036598206,1
0.36900365352630615,1
0.2863811254501343,1
0.30956751108169556,1
0.4442750811576843,1
0.28213346004486084,1
0.25942379236221313,1
0.34543925523757935,1
0.4452165961265564,1
0.2646709084510803,1
0.2942865490913391,1
0.3256547451019287,1
0.2585606575012207,1
0.3344210088253021,1
0.36312395334243774,1
0.27276015281677246,1
0.4776497483253479,1
0.2317095249891281,1
0.3780055344104767,1
0.3432481288909912,1
0.40686720609664917,1
0.3585369884967804,1
0.37087157368659973,1
0.3166692852973938,1
0.476689875125885,1
0.32844868302345276,1
0.47219857573509216,1
0.32176321744918823,1
0.3774493336677551,1
0.32321688532829285,1
0.38295048475265503,1
0.4533196687698364,1
0.3331773281097412,1
0.3817741870880127,1
0.26821407675743103,1
0.3677130937576294,1
0.531451404094696,1
0.35640740394592285,1
0.3774957060813904,1
0.31781071424484253,1
0.35356080532073975,1
0.43032118678092957,1
0.3480570912361145,1
0.2983255684375763,1
0.36909693479537964,1
0.4317532181739807,1
0.286867618560791,1
0.40067338943481445,1
0.38061612844467163,1
0.2600025534629822,1
0.331230491399765,1
0.2496407926082611,1
0.3229469060897827,1
0.33826255798339844,1
0.34907233715057373,1
0.36798691749572754,1
0.46678489446640015,1
0.33832818269729614,1
0.5588416457176208,1
0.3749008774757385,1
0.3089821934700012,1
0.3120479881763458,1
0.326687753200531,1
0.41173961758613586,1
0.3758617043495178,1
0.3659232258796692,1
0.35845476388931274,1
0.4025649130344391,1
0.43043985962867737,1
0.24647995829582214,1
0.41999053955078125,1
0.32107067108154297,1
0.47825825214385986,1
0.2826269865036011,1
0.29119277000427246,1
0.32774466276168823,1
0.21644680202007294,1
0.3636550009250641,1
0.357876181602478,1
0.38877618312835693,1
0.3757420480251312,1
0.3619789779186249,1
0.3885580003261566,1
0.3394879102706909,1
0.2772228419780731,1
0.3419198989868164,1
0.3023655414581299,1
0.33134007453918457,1
0.3362644910812378,1
0.333600789308548,1
0.32384994626045227,1
0.3417671322822571,1
0.2918159067630768,1
0.3539612889289856,1
0.426372230052948,1
0.26762446761131287,1
0.2250678688287735,1
0.24051156640052795,1
0.4580010175704956,1
0.45734357833862305,1
0.3557654321193695,1
0.3278521001338959,1
0.42185354232788086,1
0.3163667917251587,1
0.29625797271728516,1
0.36825859546661377,1
0.2980000972747803,1
0.3185809850692749,1
0.29493704438209534,1
0.27546387910842896,1
0.33259499073028564,1
0.35102197527885437,1
0.2928098142147064,1
0.40698131918907166,1
0.45574840903282166,1
0.41944804787635803,1
0.2406100630760193,1
0.3663277328014374,1
0.33301079273223877,1
0.34387218952178955,1
0.31607407331466675,1
0.3215995132923126,1
0.5281588435173035,1
0.29298970103263855,1
0.2627907693386078,1
0.3892795443534851,1
0.2583717107772827,1
0.3608723282814026,1
0.36920166015625,1
0.38438698649406433,1
0.33478206396102905,1
0.3323603868484497,1
0.3794732689857483,1
0.3105635344982147,1
0.41707172989845276,1
0.3007294237613678,1
0.3018241226673126,1
0.3935268819332123,1
0.3252790570259094,1
0.3477650582790375,1
0.31442221999168396,1
0.32762032747268677,1
0.40736761689186096,1
0.23645249009132385,1
0.3265913724899292,1
0.35047632455825806,1
0.3180678188800812,1
0.3173166513442993,1
0.3787912130355835,1
0.3720450699329376,1
0.36452990770339966,1
0.2885836958885193,1
0.2839891314506531,1
0.37512630224227905,1
0.3439362049102783,1
0.49440109729766846,1
0.42670103907585144,1
0.29586735367774963,1
0.31995511054992676,1
0.222397118806839,1
0.37775182723999023,1
0.2428087592124939,1
0.30247026681900024,1
0.31876859068870544,1
0.29796117544174194,1
0.44305405020713806,1
0.2802043557167053,1
0.301395982503891,1
0.45835644006729126,1
0.3268371820449829,1
0.23233391344547272,1
0.4081810414791107,1
0.3685518205165863,1
0.3544751703739166,1
0.34718477725982666,1
0.38485848903656006,1
0.27030879259109497,1
0.34104347229003906,1
0.35941600799560547,1
0.3570517897605896,1
0.2666843831539154,1
0.3395468294620514,1
0.281948447227478,1
0.3222011923789978,1
0.3649905323982239,1
0.3981589376926422,1
0.3901817798614502,1
0.3331669569015503,1
0.39907681941986084,1
0.326813280582428,1
0.3134639859199524,1
0.38080310821533203,1
0.4567054510116577,1
0.2780725955963135,1
0.34186726808547974,1
0.35226306319236755,1
0.3801872730255127,1
0.3893207311630249,1
0.26484566926956177,1
0.3822789192199707,1
0.3685790002346039,1
0.3363012373447418,1
0.30900052189826965,1
0.39747804403305054,1
0.25482991337776184,1
0.3202212452888489,1
0.3252824544906616,1
0.38850778341293335,1
0.3348816931247711,1
0.3705199360847473,1
0.48460081219673157,1
0.4131065011024475,1
0.3025750517845154,1
0.396861732006073,1
0.24906307458877563,1
0.2889501750469208,1
0.36404478549957275,1
0.3459642827510834,1
0.3449826240539551,1
0.3784586191177368,1
0.33867308497428894,1
0.3728973865509033,1
0.42536240816116333,1
0.4379425346851349,1
0.3863932490348816,1
0.29693859815597534,1
0.29155945777893066,1
0.39819711446762085,1
0.3214036822319031,1
0.31416210532188416,1
0.3973694443702698,1
0.3995744287967682,1
0.3371622562408447,1
0.33931833505630493,1
0.3599391281604767,1
0.36534929275512695,1
0.3893204927444458,1
0.3602549433708191,1
0.2908428907394409,1
0.38920852541923523,1
0.274764746427536,1
0.4157765209674835,1
0.3615517318248749,1
0.4509012997150421,1
0.3344033360481262,1
0.23620732128620148,1
0.3291996717453003,1
0.40340548753738403,1
0.2788494825363159,1
0.3119294047355652,1
0.4469726085662842,1
0.2890453636646271,1
0.3040904402732849,1
0.23913277685642242,1
0.32831501960754395,1
0.47991546988487244,1
0.36781394481658936,1
0.37929099798202515,1
0.37945255637168884,1
0.3444672226905823,1
0.41391292214393616,1
0.36616694927215576,1
0.3682897686958313,1
0.5157229900360107,1
0.40461164712905884,1
0.31495529413223267,1
0.351248562335968,1
0.4364333748817444,1
0.3307996988296509,1
0.37704232335090637,1
0.38806846737861633,1
0.3994150757789612,1
0.3926965594291687,1
0.5044755339622498,1
0.3434194028377533,1
0.41898173093795776,1
0.37312644720077515,1
0.3679872155189514,1
0.4527676999568939,1
0.2360849678516388,1
0.29933175444602966,1
0.46015655994415283,1
0.4540187120437622,1
0.2828238308429718,1
0.31495973467826843,1
0.31727612018585205,1
0.3307550847530365,1
0.3887173533439636,1
0.3637654185295105,1
0.28528228402137756,1
0.42383378744125366,1
0.4489569664001465,1
0.34107327461242676,1
0.3727993071079254,1
0.43850773572921753,1
0.3568863570690155,1
0.45120543241500854,1
0.19966623187065125,1
0.29626911878585815,1
0.4051058292388916,1
0.3029719889163971,1
0.34106767177581787,1
0.42643433809280396,1
0.32732948660850525,1
0.2525756359100342,1
0.3489207625389099,1
0.4136095643043518,1
0.3135697543621063,1
0.3586834669113159,1
0.33711326122283936,1
0.29979610443115234,1
0.3489181399345398,1
0.3905886113643646,1
0.4026294946670532,1
0.3006022572517395,1
0.2534685730934143,1
0.4060424566268921,1
0.2759884297847748,1
0.4103119671344757,1
0.2777465581893921,1
0.3876934349536896,1
0.3476560413837433,1
0.3206861615180969,1
0.28010642528533936,1
0.27731049060821533,1
0.3091856837272644,1
0.28565874695777893,1
0.4689146876335144,1
0.33714908361434937,1
0.2750043272972107,1
0.2826765775680542,1
0.3879833221435547,1
0.32289353013038635,1
0.42216020822525024,1
0.33575278520584106,1
0.29611480236053467,1
0.3032882809638977,1
0.4016478359699249,1
0.36892443895339966,1
0.35904940962791443,1
0.3396466076374054,1
0.31048786640167236,1
0.394570529460907,1
0.3638334274291992,1
0.3842630684375763,1
0.41726574301719666,1
0.3438224196434021,1
0.292088121175766,1
0.3089684545993805,1
0.35229915380477905,1
0.33816784620285034,1
0.2461213916540146,1
0.3061562180519104,1
0.24781844019889832,1
0.38759809732437134,1
0.3866301476955414,1
0.38184452056884766,1
0.4192546308040619,1
0.4352673292160034,1
0.344235897064209,1
0.28685736656188965,1
0.2429620921611786,1
0.41630905866622925,1
0.375156968832016,1
0.3677830994129181,1
0.40990984439849854,1
0.37922942638397217,1
0.307373583316803,1
0.4085182547569275,1
0.3282923400402069,1
0.3032572567462921,1
0.5008130669593811,1
0.21974526345729828,1
0.3925298750400543,1
0.2788863778114319,1
0.3623610734939575,1
0.36245134472846985,1
0.3430812656879425,1
0.28037387132644653,1
0.349393367767334,1
0.4769175052642822,1
0.21743449568748474,1
0.3821006715297699,1
0.3868652582168579,1
0.3244554400444031,1
0.341956228017807,1
0.2439081221818924,1
0.3586805462837219,1
0.30745431780815125,1
0.2891561985015869,1
0.4077579975128174,1
0.3671380579471588,1
0.2264968752861023,1
0.41792556643486023,1
0.3016606867313385,1
0.3386611044406891,1
0.346566766500473,1
0.39519041776657104,1
0.296647846698761,1
0.32654014229774475,1
0.4008840322494507,1
0.35588598251342773,1
0.3243520259857178,1
0.46486857533454895,1
0.31959474086761475,1
0.3519478738307953,1
0.30548641085624695,1
0.3741697072982788,1
0.23919978737831116,1
0.23602032661437988,1
0.3450654149055481,1
0.3114319443702698,1
0.3200230300426483,1
0.2586451768875122,1
0.415720671415329,1
0.4711441695690155,1
0.2608773410320282,1
0.3078058063983917,1
0.2544378638267517,1
0.29982149600982666,1
0.3382566273212433,1
0.4016893208026886,1
0.4671156108379364,1
0.38024282455444336,1
0.270238995552063,1
0.4035523533821106,1
0.36796993017196655,1
0.22246986627578735,1
0.3741455674171448,1
0.38083648681640625,1
0.3966089189052582,1
0.2845359742641449,1
0.31303051114082336,1
0.38981837034225464,1
0.2771884799003601,1
0.36705484986305237,1
0.3580603003501892,1
0.30139845609664917,1
0.35403022170066833,1
0.46941041946411133,1
0.4454518258571625,1
0.3657049536705017,1
0.49074220657348633,1
0.30142927169799805,1
0.25798434019088745,1
0.4101618230342865,1
0.36341896653175354,1
0.37551823258399963,1
0.4569445550441742,1
0.3652743399143219,1
0.31623169779777527,1
0.2960473597049713,1
0.16544732451438904,1
0.390427827835083,1
0.4224637746810913,1
0.2863364815711975,1
0.4043334126472473,1
0.4519105851650238,1
0.24091896414756775,1
0.41738730669021606,1
0.4052639603614807,1
0.29276180267333984,1
0.3397674262523651,1
0.2800995409488678,1
0.3155404329299927,1
0.3334018886089325,1
0.257001668214798,1
0.293349951505661,1
0.32014745473861694,1
0.3543441891670227,1
0.4102494418621063,1
0.40089255571365356,1
0.3533768653869629,1
0.4896199703216553,1
0.3691202700138092,1
0.3627851605415344,1
0.32610660791397095,1
0.3429497480392456,1
0.20998290181159973,1
0.23021696507930756,1
0.34575724601745605,1
0.39917367696762085,1
0.3106900155544281,1
0.3940943777561188,1
0.39346346259117126,1
0.29042643308639526,1
0.31809982657432556,1
0.30135542154312134,1
0.3788207769393921,1
0.3960408568382263,1
0.40718886256217957,1
0.2931452691555023,1
0.40951722860336304,1
0.361758291721344,1
0.38944321870803833,1
0.30411824584007263,1
0.3130800127983093,1
0.35390540957450867,1
0.3330451250076294,1
0.19889099895954132,1
0.43277668952941895,1
0.3936201333999634,1
0.4509426951408386,1
0.4924980401992798,1
0.4524748921394348,1
0.23387819528579712,1
0.4151114225387573,1
0.3014688491821289,1
0.30087950825691223,1
0.4560474753379822,1
0.330416738986969,1
0.38664281368255615,1
0.38671553134918213,1
0.26575767993927,1
0.31047090888023376,1
0.33926454186439514,1
0.4531705379486084,1
0.30517539381980896,1
0.5040502548217773,1
0.32633501291275024,1
0.29379722476005554,1
0.3657313287258148,1
0.3577181100845337,1
0.45085257291793823,1
0.34009698033332825,1
0.29466959834098816,1
0.3906320333480835,1
0.39168208837509155,1
0.2851923406124115,1
0.22346621751785278,1
0.3762625455856323,1
0.3236095905303955,1
0.28460970520973206,1
0.3425270915031433,1
0.46737751364707947,1
0.32858821749687195,1
0.32346975803375244,1
0.35082828998565674,1
0.2830789089202881,1
0.42897850275039673,1
0.3548133969306946,1
0.3907970190048218,1
0.43334031105041504,1
0.38214194774627686,1
0.41861048340797424,1
0.34539422392845154,1
0.2742478847503662,1
0.39342445135116577,1
0.28885501623153687,1
0.3373182713985443,1
0.23902320861816406,1
0.3280177712440491,1
0.37973594665527344,1
0.29375243186950684,1
0.2794925570487976,1
0.22929739952087402,1
0.5802900195121765,1
0.4800528585910797,1
0.3354601263999939,1
0.35180413722991943,1
0.3429490625858307,1
0.3767814338207245,1
0.3364150822162628,1
0.4270562529563904,1
0.3271360397338867,1
0.2607864737510681,1
0.30540743470191956,1
0.2613494396209717,1
0.3752574324607849,1
0.28445351123809814,1
0.2943164110183716,1
0.3215425908565521,1
0.4015520513057709,1
0.2943952977657318,1
0.3390788435935974,1
0.5185879468917847,1
0.5006103515625,1
0.3378676772117615,1
0.42436879873275757,1
0.35722029209136963,1
0.4266386032104492,1
0.25823307037353516,1
0.3388846516609192,1
0.29459914565086365,1
0.40256866812705994,1
0.40352535247802734,1
0.33765479922294617,1
0.41396018862724304,1
0.44322696328163147,1
0.4637336730957031,1
0.3512241542339325,1
0.34721696376800537,1
0.294352263212204,1
0.405940443277359,1
0.3375813364982605,1
0.30593180656433105,1
0.38825082778930664,1
0.39685678482055664,1
0.3335855007171631,1
0.33954328298568726,1
0.2548680305480957,1
0.4110984206199646,1
0.30399060249328613,1
0.3347790241241455,1
0.28045761585235596,1
0.3379533588886261,1
0.347317099571228,1
0.4326574206352234,1
0.4201922118663788,1
0.36291176080703735,1
0.3296446204185486,1
0.40752431750297546,1
0.34121668338775635,1
0.35284560918807983,1
0.2808353006839752,1
0.4323333203792572,1
0.4364755153656006,1
0.3291917145252228,1
0.34295889735221863,1
0.22691544890403748,1
0.32854127883911133,1
0.3007991313934326,1
0.3448973000049591,1
0.4056764543056488,1
0.35911762714385986,1
0.47029909491539,1
0.35621052980422974,1
0.38035154342651367,1
0.4405621290206909,1
0.3683033287525177,1
0.3359265923500061,1
0.3786051869392395,1
0.27419546246528625,1
0.3246360719203949,1
0.3489915132522583,1
0.36678168177604675,1
0.3672012686729431,1
0.38133522868156433,1
0.40659552812576294,1
0.3392561078071594,1
0.305050790309906,1
0.3142125904560089,1
0.2852773368358612,1
0.34218448400497437,1
0.3708065152168274,1
0.5611245632171631,1
0.3543543815612793,1
0.33154550194740295,1
0.38061386346817017,1
0.47376343607902527,1
0.2770823836326599,1
0.31268310546875,1
0.4274282455444336,1
0.39231133460998535,1
0.32409608364105225,1
0.363081693649292,1
0.36702704429626465,1
0.2932944595813751,1
0.4931374192237854,1
0.23895466327667236,1
0.32894793152809143,1
0.33590543270111084,1
0.33767616748809814,1
0.27140143513679504,1
0.4339466094970703,1
0.32821255922317505,1
0.3633401095867157,1
0.31584277749061584,1
0.350491464138031,1
0.4103803038597107,1
0.47422632575035095,1
0.44776976108551025,1
0.3250730335712433,1
0.32193613052368164,1
0.33163368701934814,1
0.3124016523361206,1
0.3796696662902832,1
0.3213089108467102,1
0.25945454835891724,1
0.2803400456905365,1
0.376213014125824,1
0.3252386450767517,1
0.38099151849746704,1
0.3557203710079193,1
0.2621229290962219,1
0.23707105219364166,1
0.3575248718261719,1
0.2850065529346466,1
0.2596884071826935,1
0.4436398148536682,1
0.4232882857322693,1
0.2112833857536316,1
0.3900641202926636,1
0.4748291075229645,1
0.28004300594329834,1
0.35701003670692444,1
0.3312128186225891,1
0.45859336853027344,1
0.342651903629303,1
0.2805943489074707,1
0.38472265005111694,1
0.3662225306034088,1
0.3375067114830017,1
0.338894248008728,1
0.376010000705719,1
0.40644586086273193,1
0.3470521569252014,1
0.33079618215560913,1
0.3305032253265381,1
0.2992042601108551,1
0.3169207274913788,1
0.3863235116004944,1
0.33540359139442444,1
0.34478065371513367,1
0.33075088262557983,1
0.28277525305747986,1
0.38792723417282104,1
0.30516108870506287,1
0.4755798876285553,1
0.32014456391334534,1
0.29020071029663086,1
0.31552594900131226,1
0.3919731378555298,1
0.3845958113670349,1
0.3260044455528259,1
0.3008679747581482,1
0.350282222032547,1
0.31637874245643616,1
0.3359542489051819,1
0.3605803847312927,1
0.4056917428970337,1
0.35573872923851013,1
0.3657930791378021,1
0.32424086332321167,1
0.2958012521266937,1
0.33189088106155396,1
0.41784846782684326,1
0.3094565272331238,1
0.3427411913871765,1
0.3571750223636627,1
0.301982045173645,1
0.3059282898902893,1
0.3941728174686432,1
0.37780001759529114,1
0.3241313695907593,1
0.30671226978302,1
0.326355904340744,1
0.42912065982818604,1
0.396014004945755,1
0.4104629456996918,1
0.4850142002105713,1
0.38680461049079895,1
0.4091128706932068,1
0.23716145753860474,1
0.3552698493003845,1
0.26588794589042664,1
0.3417871296405792,1
0.36914947628974915,1
0.4474828243255615,1
0.2829021215438843,1
0.3313424587249756,1
0.29911500215530396,1
0.3297736346721649,1
0.2890060544013977,1
0.37971431016921997,1
0.4059085249900818,1
0.33961763978004456,1
0.2874596118927002,1
0.291273295879364,1
0.4365685284137726,1
0.44322848320007324,1
0.2936088740825653,1
0.40573734045028687,1
0.36664146184921265,1
0.2879577875137329,1
0.3371447026729584,1
0.3554379940032959,1
0.3831862807273865,1
0.28860288858413696,1
0.4032883048057556,1
0.3453264832496643,1
0.3022601902484894,1
0.3386322855949402,1
0.4018990099430084,1
0.27194446325302124,1
0.30462712049484253,1
0.3452625870704651,1
0.19542481005191803,1
0.2669089138507843,1
0.4069672226905823,1
0.2933301627635956,1
0.4765181541442871,1
0.4612054228782654,1
0.3477053642272949,1
0.34493356943130493,1
0.3107061982154846,1
0.3358408808708191,1
0.39519158005714417,1
0.34302523732185364,1
0.26781779527664185,1
0.39017191529273987,1
0.35724759101867676,1
0.30516040325164795,1
0.334134966135025,1
0.3664913773536682,1
0.4350472688674927,1
0.3154677450656891,1
0.29825448989868164,1
0.3830905556678772,1
0.3277715742588043,1
0.3088005483150482,1
0.4137934148311615,1
0.430949866771698,1
0.3593878746032715,1
0.35638970136642456,1
0.34122413396835327,1
0.39429405331611633,1
0.2946978807449341,1
0.4894319176673889,1
0.42339497804641724,1
0.41341128945350647,1
0.2669121026992798,1
0.27214887738227844,1
0.29980385303497314,1
0.34669598937034607,1
0.34628361463546753,1
0.2649659216403961,1
0.28869757056236267,1
0.38244110345840454,1
0.3844546675682068,1
0.3523905873298645,1
0.30299919843673706,1
0.36837661266326904,1
0.319205105304718,1
0.3135179579257965,1
0.29024428129196167,1
0.32224977016448975,1
0.39440396428108215,1
0.4343886375427246,1
0.4096516966819763,1
0.25116556882858276,1
0.38255774974823,1
0.32836246490478516,1
0.2701956033706665,1
0.3114645779132843,1
0.47622185945510864,1
0.36648088693618774,1
0.34987905621528625,1
0.38721898198127747,1
0.25751030445098877,1
0.35187023878097534,1
0.2897707223892212,1
0.4469357430934906,1
0.2693224847316742,1
0.375823438167572,1
0.23493914306163788,1
0.4106506109237671,1
0.38330078125,1
0.3116244971752167,1
0.4050132632255554,1
0.26258233189582825,1
0.2651370167732239,1
0.3773881793022156,1
0.3843015432357788,1
0.369957834482193,1
0.29263612627983093,1
0.4834526479244232,1
0.36673063039779663,1
0.3278207778930664,1
0.3300561010837555,1
0.34605440497398376,1
0.4649520218372345,1
0.2597792148590088,1
0.2847871482372284,1
0.453414648771286,1
0.39755433797836304,1
0.35852572321891785,1
0.45160675048828125,1
0.32136863470077515,1
0.2719680070877075,1
0.3161826729774475,1
0.3434520363807678,1
0.32218798995018005,1
0.3971410393714905,1
0.331715852022171,1
0.37906408309936523,1
0.23962940275669098,1
0.334858238697052,1
0.32690930366516113,1
0.34208136796951294,1
0.244995579123497,1
0.2734692692756653,1
0.3563096225261688,1
0.3974323570728302,1
0.40190958976745605,1
0.3688567876815796,1
0.25423210859298706,1
0.3754168450832367,1
0.3888508677482605,1
0.3000747859477997,1
0.2982019782066345,1
0.523499608039856,1
0.3525528609752655,1
0.33431872725486755,1
0.32074248790740967,1
0.3713037669658661,1
0.4826216697692871,1
0.34412163496017456,1
0.33915767073631287,1
0.33741337060928345,1
0.28208619356155396,1
0.3040913939476013,1
0.3330318033695221,1
0.3499848544597626,1
0.5659101605415344,1
0.4073871970176697,1
0.39965999126434326,1
0.25526198744773865,1
0.34326863288879395,1
0.3662918508052826,1
0.35284683108329773,1
0.3645586371421814,1
0.29963749647140503,1
0.3761526942253113,1
0.34984874725341797,1
0.3611850142478943,1
0.3500950336456299,1
0.3103790283203125,1
0.48948803544044495,1
0.3648166358470917,1
0.27019405364990234,1
0.2734615206718445,1
0.4611748158931732,1
0.30880749225616455,1
0.20344199240207672,1
0.34291043877601624,1
0.4346066117286682,1
0.35205724835395813,1
0.32643333077430725,1
0.27552399039268494,1
0.37097346782684326,1
0.4321070909500122,1
0.47701895236968994,1
0.45681849122047424,1
0.3494113087654114,1
0.30899232625961304,1
0.3605934977531433,1
0.4396834373474121,1
0.25896626710891724,1
0.34648990631103516,1
0.3938695192337036,1
0.31787240505218506,1
0.32465553283691406,1
0.35219502449035645,1
0.4306620955467224,1
0.4138171672821045,1
0.4111559987068176,1
0.340972900390625,1
0.2716270387172699,1
0.3739626705646515,1
0.32422834634780884,1
0.317378968000412,1
0.42901647090911865,1
0.3142767548561096,1
0.44902902841567993,1
0.34850266575813293,1
0.2964387834072113,1
0.35042908787727356,1
0.37128177285194397,1
0.37325534224510193,1
0.3372669816017151,1
0.34455782175064087,1
0.3787890076637268,1
0.2435745745897293,1
0.40567922592163086,1
0.34858477115631104,1
0.33181115984916687,1
0.32686498761177063,1
0.3778277635574341,1
0.29798418283462524,1
0.30296820402145386,1
0.3251088261604309,1
0.29321491718292236,1
0.3500981330871582,1
0.5374538898468018,1
0.3893986642360687,1
0.4257476329803467,1
0.3487601578235626,1
0.39496955275535583,1
0.3096431493759155,1
0.3490634858608246,1
0.39208564162254333,1
0.26330405473709106,1
0.42850005626678467,1
0.3576066493988037,1
0.33360961079597473,1
0.364080011844635,1
0.3517056703567505,1
0.34218430519104004,1
0.30738890171051025,1
0.320527046918869,1
0.40928441286087036,1
0.29214978218078613,1
0.35965749621391296,1
0.372896671295166,1
0.27746906876564026,1
0.27929916977882385,1
0.42282921075820923,1
0.3734161853790283,1
0.4023122787475586,1
0.3412811756134033,1
0.4340056777000427,1
0.3346269428730011,1
0.3433125615119934,1
0.30883604288101196,1
0.4341166615486145,1
0.33647891879081726,1
0.30574727058410645,1
0.3390551209449768,1
0.3721558451652527,1
0.41375449299812317,1
0.35912492871284485,1
0.36529648303985596,1
0.39171838760375977,1
0.42592769861221313,1
0.3572196364402771,1
0.34157758951187134,1
0.48533177375793457,1
0.3430447280406952,1
0.3238458037376404,1
0.37451356649398804,1
0.35654592514038086,1
0.28955739736557007,1
0.2878907024860382,1
0.3152657747268677,1
0.3867926001548767,1
0.2652452290058136,1
0.39450329542160034,1
0.4707430303096771,1
0.35802751779556274,1
0.30642443895339966,1
0.32657361030578613,1
0.37356799840927124,1
0.36383217573165894,1
0.33491742610931396,1
0.2525833547115326,1
0.3097996115684509,1
0.37016862630844116,1
0.31689679622650146,1
0.4454415440559387,1
0.4513726234436035,1
0.28081756830215454,1
0.38081836700439453,1
0.30791664123535156,1
0.2520732283592224,1
0.41040170192718506,1
0.34799832105636597,1
0.42086929082870483,1
0.3400532007217407,1
0.2994305193424225,1
0.4513580799102783,1
0.4120454490184784,1
0.39330610632896423,1
0.4303284287452698,1
0.2951507568359375,1
0.39224082231521606,1
0.38258126378059387,1
0.46641257405281067,1
0.34977835416793823,1
0.40665096044540405,1
0.3972500264644623,1
0.42526009678840637,1
0.2781080901622772,1
0.3678641617298126,1
0.41236844658851624,1
0.42584556341171265,1
0.3146994709968567,1
0.3468392789363861,1
0.4716038405895233,1
0.3760508894920349,1
0.35379457473754883,1
0.37416860461235046,1
0.4196653962135315,1
0.33851221203804016,1
0.3047583997249603,1
0.30295687913894653,1
0.32428258657455444,1
0.31993773579597473,1
0.30540743470191956,1
0.2633759379386902,1
0.310915470123291,1
0.34216493368148804,1
0.3824222981929779,1
0.383544385433197,1
0.3028440475463867,1
0.45031994581222534,1
0.27939873933792114,1
0.4636525511741638,1
0.257112592458725,1
0.4966157078742981,1
0.4125555455684662,1
0.29604727029800415,1
0.4435335695743561,1
0.36172235012054443,1
0.4188627600669861,1
0.31523069739341736,1
0.3837600350379944,1
0.3063383400440216,1
0.3211105167865753,1
0.34368377923965454,1
0.25984957814216614,1
0.35427922010421753,1
0.3422681391239166,1
0.3535439074039459,1
0.2286319136619568,1
0.4502149820327759,1
0.3239383101463318,1
0.3738439381122589,1
0.4137846827507019,1
0.28837984800338745,1
0.2508055865764618,1
0.35015058517456055,1
0.3332968056201935,1
0.34627723693847656,1
0.48043981194496155,1
0.2956583499908447,1
0.2741157114505768,1
0.2952682077884674,1
0.3450204133987427,1
0.3344899117946625,1
0.395159512758255,1
0.3344486355781555,1
0.269487202167511,1
0.3290107846260071,1
0.2614249587059021,1
0.441236674785614,1
0.3075140416622162,1
0.43016570806503296,1
0.25446197390556335,1
0.2935733497142792,1
0.39679330587387085,1
0.42035111784935,1
0.2938423752784729,1
0.44075077772140503,1
0.3465697765350342,1
0.2754679024219513,1
0.3747921288013458,1
0.288493812084198,1
0.3158401548862457,1
0.36438119411468506,1
0.3472371995449066,1
0.4229170083999634,1
0.36982184648513794,1
0.28123390674591064,1
0.42797231674194336,1
0.2918153703212738,1
0.22322332859039307,1
0.37669581174850464,1
0.3416264057159424,1
0.35225993394851685,1
0.3307058811187744,1
0.3384822905063629,1
0.3115675151348114,1
0.33658260107040405,1
0.3832239508628845,1
0.2817170321941376,1
0.40127697587013245,1
0.2817155122756958,1
0.3145524263381958,1
0.2941451072692871,1
0.4175238609313965,1
0.39244598150253296,1
0.3780120611190796,1
0.43480125069618225,1
0.3307859003543854,1
0.27644917368888855,1
0.42346498370170593,1
0.30872589349746704,1
0.33272337913513184,1
0.37495192885398865,1
0.38654664158821106,1
0.48752743005752563,1
0.4592471718788147,1
0.39435696601867676,1
0.3948178291320801,1
0.4003567099571228,1
0.4198334515094757,1
0.2983843684196472,1
0.3726671040058136,1
0.2584020495414734,1
0.3297814726829529,1
0.49561119079589844,1
0.24990838766098022,1
0.45301178097724915,1
0.43009114265441895,1
0.3350045382976532,1
0.4351297616958618,1
0.20023664832115173,1
0.299195259809494,1
0.3483238220214844,1
0.32325202226638794,1
0.3551897406578064,1
0.36454248428344727,1
0.38958144187927246,1
0.35467010736465454,1
0.48517900705337524,1
0.34287315607070923,1
0.2965412139892578,1
0.5107290744781494,1
0.38280603289604187,1
0.283232182264328,1
0.3183861970901489,1
0.40741288661956787,1
0.3351336717605591,1
0.3316023349761963,1
0.28651610016822815,1
0.3369111120700836,1
0.32958272099494934,1
0.3473411202430725,1
0.34909170866012573,1
0.31975576281547546,1
0.3878824710845947,1
0.2261214554309845,1
0.37154704332351685,1
0.3795885443687439,1
0.30724525451660156,1
0.34628036618232727,1
0.4005940854549408,1
0.32377275824546814,1
0.261549711227417,1
0.3750874400138855,1
0.30626681447029114,1
0.26656585931777954,1
0.41889217495918274,1
0.39487314224243164,1
0.23508435487747192,1
0.4095466732978821,1
0.3173421025276184,1
0.3787577748298645,1
0.4077534079551697,1
0.4497348666191101,1
0.18990068137645721,1
0.4197015166282654,1
0.3996787965297699,1
0.308135986328125,1
0.41541948914527893,1
0.37348097562789917,1
0.29962286353111267,1
0.3629097044467926,1
0.32352328300476074,1
0.3692091107368469,1
0.3328931927680969,1
0.3399289548397064,1
0.3014416992664337,1
0.30659550428390503,1
0.29050126671791077,1
0.3040142059326172,1
0.3309536576271057,1
0.32751792669296265,1
0.38631170988082886,1
0.31932592391967773,1
0.3345971703529358,1
0.40455055236816406,1
0.36553359031677246,1
0.5002402067184448,1
0.37154603004455566,1
0.31439709663391113,1
0.4538905620574951,1
0.3763086199760437,1
0.2846621870994568,1
0.42616814374923706,1
0.45056235790252686,1
0.45578545331954956,1
0.32084986567497253,1
0.3513597249984741,1
0.40518176555633545,1
0.3609960079193115,1
0.3581359386444092,1
0.31018415093421936,1
0.23996955156326294,1
0.3564389944076538,1
0.463797003030777,1
0.43514537811279297,1
0.4806345999240875,1
0.3235364258289337,1
0.40362322330474854,1
0.3908817768096924,1
0.3350047767162323,1
0.30406248569488525,1
0.2842346429824829,1
0.3430103063583374,1
0.379222571849823,1
0.5741605758666992,1
0.3093150556087494,1
0.47097712755203247,1
0.2751527726650238,1
0.36393871903419495,1
0.3375544250011444,1
0.33262357115745544,1
0.33598843216896057,1
0.36872413754463196,1
0.3468254804611206,1
0.43911582231521606,1
0.29090994596481323,1
0.33991870284080505,1
0.371956467628479,1
0.3578130006790161,1
0.26427730917930603,1
0.35526180267333984,1
0.40646177530288696,1
0.3409541845321655,1
0.3021913468837738,1
0.42034152150154114,1
0.3361448347568512,1
0.3746035099029541,1
0.3744061589241028,1
0.3179311752319336,1
0.4551135301589966,1
0.38405489921569824,1
0.39507463574409485,1
0.29631876945495605,1
0.4187757968902588,1
0.29919537901878357,1
0.2507079243659973,1
0.34125930070877075,1
0.32881230115890503,1
0.47927868366241455,1
0.31519630551338196,1
0.3490105867385864,1
0.4698832035064697,1
0.38169682025909424,1
0.27533912658691406,1
0.33250510692596436,1
0.3376302719116211,1
0.32564008235931396,1
0.3579113483428955,1
0.39089104533195496,1
0.3234277367591858,1
0.3327248692512512,1
0.20662900805473328,1
0.40866586565971375,1
0.3713516592979431,1
0.4549834132194519,1
0.3987377882003784,1
0.3515814244747162,1
0.2574450969696045,1
0.31559234857559204,1
0.3472708463668823,1
0.28151172399520874,1
0.3966493308544159,1
0.3071812391281128,1
0.28583192825317383,1
0.2851214110851288,1
0.2709912657737732,1
0.3656805753707886,1
0.36529895663261414,1
0.3201410472393036,1
0.37071099877357483,1
0.3770316541194916,1
0.41487932205200195,1
0.34270554780960083,1
0.4186288118362427,1
0.40054088830947876,1
0.29287147521972656,1
0.23405250906944275,1
0.4018423557281494,1
0.29841113090515137,1
0.40476077795028687,1
0.4005676507949829,1
0.27772200107574463,1
0.3382885158061981,1
0.2676243185997009,1
0.360013872385025,1
0.528922438621521,1
0.4062335789203644,1
0.43154051899909973,1
0.40103715658187866,1
0.32679662108421326,1
0.31119340658187866,1
0.3234562873840332,1
0.35069340467453003,1
0.36216896772384644,1
0.3781237006187439,1
0.34173208475112915,1
0.3208996057510376,1
0.2908020615577698,1
0.31148576736450195,1
0.3544679284095764,1
0.3715500831604004,1
0.3645070195198059,1
0.37787747383117676,1
0.49105560779571533,1
0.2972887456417084,1
0.29026520252227783,1
0.44106730818748474,1
0.34963667392730713,1
0.2339855432510376,1
0.3402169942855835,1
0.2799450159072876,1
0.4251673221588135,1
0.3551083207130432,1
0.3812224268913269,1
0.4872281551361084,1
0.35019877552986145,1
0.27626708149909973,1
0.4179501235485077,1
0.29190707206726074,1
0.4020027220249176,1
0.3409351408481598,1
0.4337911307811737,1
0.23375146090984344,1
0.3329317569732666,1
0.3854418396949768,1
0.3828444480895996,1
0.3103899657726288,1
0.34840136766433716,1
0.3068322539329529,1
0.3404352068901062,1
0.3649244010448456,1
0.34517329931259155,1
0.27187153697013855,1
0.42154550552368164,1
0.4194130301475525,1
0.3227861821651459,1
0.34500083327293396,1
0.32340240478515625,1
0.4723496437072754,1
0.34679120779037476,1
0.38187944889068604,1
0.29846277832984924,1
0.3789576590061188,1
0.29199326038360596,1
0.2339850664138794,1
0.40126651525497437,1
0.4571985602378845,1
0.3901137113571167,1
0.3050660789012909,1
0.31690457463264465,1
0.3300899267196655,1
0.28789591789245605,1
0.31548309326171875,1
0.4284747838973999,1
0.4347064793109894,1
0.24881543219089508,1
0.29387277364730835,1
0.35854315757751465,1
0.34294500946998596,1
0.40833720564842224,1
0.4497221112251282,1
0.3836207985877991,1
0.26256123185157776,1
0.4239610433578491,1
0.34552040696144104,1
0.42467206716537476,1
0.2926700711250305,1
0.3767719268798828,1
0.22548098862171173,1
0.3347398340702057,1
0.2805328369140625,1
0.3122142553329468,1
0.3132287561893463,1
0.4723808169364929,1
0.2812209725379944,1
0.3566487729549408,1
0.3562629818916321,1
0.3436095118522644,1
0.30656683444976807,1
0.4336782693862915,1
0.3202047348022461,1
0.35686492919921875,1
0.30576303601264954,1
0.3999413847923279,1
0.3985835313796997,1
0.34736374020576477,1
0.3370724022388458,1
0.38264182209968567,1
0.31281477212905884,1
0.3643936514854431,1
0.32286593317985535,1
0.2649645209312439,1
0.3138909339904785,1
0.31169888377189636,1
0.37921142578125,1
0.3077968657016754,1
0.3858712315559387,1
0.37712591886520386,1
0.32847046852111816,1
0.32131868600845337,1
0.3803892135620117,1
0.33704081177711487,1
0.4739915728569031,1
0.39817655086517334,1
0.3814711272716522,1
0.43164587020874023,1
0.3544890880584717,1
0.3864672780036926,1
0.4039291441440582,1
0.2556474804878235,1
0.3317052125930786,1
0.3831147253513336,1
0.4084201455116272,1
0.2875339388847351,1
0.2781708836555481,1
0.3513457775115967,1
0.34097567200660706,1
0.34810197353363037,1
0.36637169122695923,1
0.30889827013015747,1
0.26924651861190796,1
0.38746917247772217,1
0.3709425628185272,1
0.42435911297798157,1
0.38111722469329834,1
0.3592410981655121,1
0.3869525194168091,1
0.22386287152767181,1
0.3140832781791687,1
0.36178791522979736,1
0.3031599223613739,1
0.4519774913787842,1
0.35526061058044434,1
0.33319103717803955,1
0.3009377121925354,1
0.34965088963508606,1
0.3683561086654663,1
0.3362305462360382,1
0.398610919713974,1
0.3199111819267273,1
0.25551968812942505,1
0.33171015977859497,1
0.2839997708797455,1
0.41945409774780273,1
0.4028877019882202,1
0.28998318314552307,1
0.35844841599464417,1
0.33732426166534424,1
0.2517760097980499,1
0.31053411960601807,1
0.4238915741443634,1
0.2735809087753296,1
0.3155655860900879,1
0.3852941393852234,1
0.47533485293388367,1
0.3916250765323639,1
0.3647270202636719,1
0.2508496344089508,1
0.3239804804325104,1
0.3303157091140747,1
0.34385359287261963,1
0.338300883769989,1
0.3091002404689789,1
0.34820014238357544,1
0.3447840213775635,1
0.3439885973930359,1
0.26435044407844543,1
0.2467053234577179,1
0.2818577289581299,1
0.41757386922836304,1
0.46902430057525635,1
0.4023638367652893,1
0.28579944372177124,1
0.37175053358078003,1
0.4048857092857361,1
0.43632131814956665,1
0.36048492789268494,1
0.3238970637321472,1
0.32459720969200134,1
0.34562474489212036,1
0.2749409079551697,1
0.3387359380722046,1
0.44210004806518555,1
0.40541917085647583,1
0.3526257276535034,1
0.33132562041282654,1
0.2933838367462158,1
0.2503267526626587,1
0.598567008972168,1
0.27380019426345825,1
0.40328970551490784,1
0.3466603755950928,1
0.3789200484752655,1
0.30299586057662964,1
0.41517066955566406,1
0.3649892210960388,1
0.28369587659835815,1
0.27923452854156494,1
0.3755747973918915,1
0.3217999339103699,1
0.31426891684532166,1
0.42902636528015137,1
0.35937806963920593,1
0.2773374617099762,1
0.2759408950805664,1
0.4195449650287628,1
0.3871973752975464,1
0.42406249046325684,1
0.4600023925304413,1
0.372173547744751,1
0.41585874557495117,1
0.29458093643188477,1
0.48035728931427,1
0.2431991547346115,1
0.3555159568786621,1
0.36634328961372375,1
0.26843419671058655,1
0.4416707158088684,1
0.41322624683380127,1
0.4098809063434601,1
0.322863906621933,1
0.33999383449554443,1
0.3505379557609558,1
0.34840327501296997,1
0.33512115478515625,1
0.4020109176635742,1
0.40858885645866394,1
0.4929075837135315,1
0.3131681978702545,1
0.3672814965248108,1
0.2907940149307251,1
0.5249140858650208,1
0.35100552439689636,1
0.4047657549381256,1
0.32555878162384033,1
0.35851937532424927,1
0.2864430844783783,1
0.3342168927192688,1
0.4594312310218811,1
0.36930879950523376,1
0.330817848443985,1
0.37321367859840393,1
0.3129207491874695,1
0.28939419984817505,1
0.3346012234687805,1
0.36567556858062744,1
0.27795836329460144,1
0.363599568605423,1
0.27467119693756104,1
0.354581743478775,1
0.23258064687252045,1
0.30178210139274597,1
0.3575425148010254,1
0.24480804800987244,1
0.33901190757751465,1
0.4041057527065277,1
0.4072943925857544,1
0.31890350580215454,1
0.34801119565963745,1
0.38368701934814453,1
0.3449144959449768,1
0.28873932361602783,1
0.3626827597618103,1
0.30693548917770386,1
0.476502925157547,1
0.35029706358909607,1
0.39383870363235474,1
0.4198499917984009,1
0.2756766676902771,1
0.3455902338027954,1
0.2761458456516266,1
0.3369656205177307,1
0.34513747692108154,1
0.3858593702316284,1
0.41894084215164185,1
0.35508641600608826,1
0.35550159215927124,1
0.3454999327659607,1
0.3322354555130005,1
0.31005600094795227,1
0.2614386975765228,1
0.29004716873168945,1
0.2745126485824585,1
0.3585469126701355,1
0.2667960822582245,1
0.2733471691608429,1
0.3939383625984192,1
0.295401394367218,1
0.299748957157135,1
0.3501444160938263,1
0.3721400499343872,1
0.3942885398864746,1
0.41003236174583435,1
0.36040282249450684,1
0.4023682773113251,1
0.3018227815628052,1
0.34766513109207153,1
0.3742806911468506,1
0.36745694279670715,1
0.29051005840301514,1
0.38252681493759155,1
0.31236785650253296,1
0.27432700991630554,1
0.3408377766609192,1
0.25202545523643494,1
0.406294047832489,1
0.3803034722805023,1
0.3381248116493225,1
0.21568246185779572,1
0.27910467982292175,1
0.3377378284931183,1
0.3566439151763916,1
0.3775225281715393,1
0.44084060192108154,1
0.305486261844635,1
0.3564911484718323,1
0.34203097224235535,1
0.40353110432624817,1
0.3986867368221283,1
0.378052294254303,1
0.29320502281188965,1
0.34551137685775757,1
0.3117215037345886,1
0.3748243749141693,1
0.35737621784210205,1
0.2609204649925232,1
0.24864345788955688,1
0.2641640901565552,1
0.40062183141708374,1
0.39369678497314453,1
0.37184709310531616,1
0.38429272174835205,1
0.3647119402885437,1
0.2640165090560913,1
0.3060125708580017,1
0.32752126455307007,1
0.3073558807373047,1
0.35670197010040283,1
0.35157787799835205,1
0.3068455755710602,1
0.27052041888237,1
0.38164010643959045,1
0.3535705804824829,1
0.2316795140504837,1
0.28271612524986267,1
0.3504364490509033,1
0.3271324336528778,1
0.3340814709663391,1
0.32321473956108093,1
0.40156564116477966,1
0.30060166120529175,1
0.37374716997146606,1
0.32010698318481445,1
0.2744102478027344,1
0.43529099225997925,1
0.3214060664176941,1
0.24145527184009552,1
0.41724535822868347,1
0.3956066966056824,1
0.31833213567733765,1
0.3179205060005188,1
0.35228002071380615,1
0.3591196537017822,1
0.29351598024368286,1
0.4020855724811554,1
0.30407631397247314,1
0.4025525152683258,1
0.33079981803894043,1
0.3052631616592407,1
0.34945547580718994,1
0.32068291306495667,1
0.27042141556739807,1
0.30763936042785645,1
0.3399711847305298,1
0.3151490390300751,1
0.28793519735336304,1
0.2935021221637726,1
0.38775959610939026,1
0.30513516068458557,1
0.24815326929092407,1
0.37993091344833374,1
0.41241323947906494,1
0.30708417296409607,1
0.303494393825531,1
0.40752482414245605,1
0.39897018671035767,1
0.32752639055252075,1
0.2870938181877136,1
0.3765708804130554,1
0.3512819707393646,1
0.34991908073425293,1
0.3727235794067383,1
0.38607752323150635,1
0.4221286177635193,1
0.30111920833587646,1
0.26551637053489685,1
0.32754385471343994,1
0.2849632501602173,1
0.41914671659469604,1
0.48598966002464294,1
0.24190041422843933,1
0.4861639142036438,1
0.5062659978866577,1
0.2880862355232239,1
0.393821120262146,1
0.3203633725643158,1
0.32903575897216797,1
0.3392809331417084,1
0.44548577070236206,1
0.26124170422554016,1
0.41030561923980713,1
0.3277255892753601,1
0.3219551146030426,1
0.3665415048599243,1
0.2964487671852112,1
0.3356054425239563,1
0.4731651246547699,1
0.2236730456352234,1
0.35926949977874756,1
0.2617762088775635,1
0.3086167573928833,1
0.3961566984653473,1
0.2886376976966858,1
0.3400639295578003,1
0.3318852484226227,1
0.2898874282836914,1
0.4274766743183136,1
0.4095526337623596,1
0.4422285854816437,1
0.3169972896575928,1
0.28352588415145874,1
0.2737300395965576,1
0.36962005496025085,1
0.3644050061702728,1
0.4167133569717407,1
0.33899661898612976,1
0.331978976726532,1
0.4183122515678406,1
0.24675393104553223,1
0.41271325945854187,1
0.3524831235408783,1
0.25389254093170166,1
0.2595992088317871,1
0.459058940410614,1
0.39623498916625977,1
0.41236409544944763,1
0.38734644651412964,1
0.3923720717430115,1
0.44054657220840454,1
0.258539080619812,1
0.30294644832611084,1
0.3984435796737671,1
0.3205544054508209,1
0.4378649592399597,1
0.3841649889945984,1
0.34787097573280334,1
0.37102001905441284,1
0.4576544761657715,1
0.3761749267578125,1
0.3981364071369171,1
0.32851874828338623,1
0.47840553522109985,1
0.3106876015663147,1
0.3267265856266022,1
0.2608471214771271,1
0.41094788908958435,1
0.3587031960487366,1
0.27804261445999146,1
0.43800413608551025,1
0.3045085370540619,1
0.3056904077529907,1
0.44203081727027893,1
0.32581478357315063,1
0.3436789810657501,1
0.3137802183628082,1
0.45420220494270325,1
0.24402472376823425,1
0.38937312364578247,1
0.2345796823501587,1
0.39131268858909607,1
0.34484121203422546,1
0.29497402906417847,1
0.42108964920043945,1
0.3254697024822235,1
0.3583904504776001,1
0.3234524130821228,1
0.3131360113620758,1
0.39094042778015137,1
0.3059622347354889,1
0.321877121925354,1
0.45714443922042847,1
0.3281193673610687,1
0.32441484928131104,1
0.2581386864185333,1
0.293185830116272,1
0.29589608311653137,1
0.22023651003837585,1
0.25806862115859985,1
0.2548741400241852,1
0.366652250289917,1
0.44150134921073914,1
0.37019652128219604,1
0.409475713968277,1
0.35454991459846497,1
0.33550629019737244,1
0.3222596049308777,1
0.4131544828414917,1
0.3470209836959839,1
0.38257157802581787,1
0.3025200366973877,1
0.2682039737701416,1
0.4361848831176758,1
0.33340662717819214,1
0.295042484998703,1
0.4035077691078186,1
0.4152533710002899,1
0.39304018020629883,1
0.3162814676761627,1
0.31244131922721863,1
0.40737417340278625,1
0.3569372296333313,1
0.30848023295402527,1
0.3696107864379883,1
0.4711494445800781,1
0.3267412483692169,1
0.47044384479522705,1
0.3177828788757324,1
0.3758329749107361,1
0.2902998924255371,1
0.2564997375011444,1
0.34916257858276367,1
0.3704492449760437,1
0.28223633766174316,1
0.3212261497974396,1
0.352644681930542,1
0.33990466594696045,1
0.3062107563018799,1
0.3518422245979309,1
0.4556974172592163,1
0.36509791016578674,1
0.3945794999599457,1
0.30418896675109863,1
0.2571066915988922,1
0.4080767035484314,1
0.424277663230896,1
0.2941054105758667,1
0.34691983461380005,1
0.3854687511920929,1
0.3403848707675934,1
0.3590836524963379,1
0.38358911871910095,1
0.41867101192474365,1
0.43665292859077454,1
0.2982346713542938,1
0.37173375487327576,1
0.3700264096260071,1
0.40630725026130676,1
0.2962723970413208,1
0.312605619430542,1
0.37420764565467834,1
0.5007838606834412,1
0.28978610038757324,1
0.2986189126968384,1
0.289730042219162,1
0.459890216588974,1
0.3370956778526306,1
0.39509862661361694,1
0.3809664249420166,1
0.32858699560165405,1
0.27501457929611206,1
0.4096299111843109,1
0.37838834524154663,1
0.36765819787979126,1
0.38716715574264526,1
0.33205363154411316,1
0.3964623808860779,1
0.28271621465682983,1
0.3365660309791565,1
0.3653261363506317,1
0.42944827675819397,1
0.31409740447998047,1
0.3455519378185272,1
0.23020759224891663,1
0.3358497619628906,1
0.2870887517929077,1
0.2711026668548584,1
0.32772552967071533,1
0.39020854234695435,1
0.23441094160079956,1
0.3563704788684845,1
0.3811963200569153,1
0.251065194606781,1
0.3834123909473419,1
0.2973043918609619,1
0.2874366044998169,1
0.37034809589385986,1
0.32264381647109985,1
0.33212801814079285,1
0.35214686393737793,1
0.3282147943973541,1
0.32834652066230774,1
0.33414244651794434,1
0.28074800968170166,1
0.2651759386062622,1
0.39515379071235657,1
0.3788643777370453,1
0.381271630525589,1
0.29706379771232605,1
0.33216097950935364,1
0.2836145758628845,1
0.31002292037010193,1
0.3809772729873657,1
0.3867930769920349,1
0.3431999683380127,1
0.33056461811065674,1
0.4617801308631897,1
0.33983826637268066,1
0.24670331180095673,1
0.38993167877197266,1
0.4423079192638397,1
0.20225116610527039,1
0.4238673448562622,1
0.34717345237731934,1
0.37282609939575195,1
0.3627949059009552,1
0.33767738938331604,1
0.3526594042778015,1
0.40539973974227905,1
0.2947949469089508,1
0.301220178604126,1
0.28404611349105835,1
0.3859526813030243,1
0.305062472820282,1
0.3454892635345459,1
0.3919360637664795,1
0.27492159605026245,1
0.3821696937084198,1
0.36838802695274353,1
0.4002560079097748,1
0.33324357867240906,1
0.30484527349472046,1
0.38081929087638855,1
0.32504957914352417,1
0.3001527190208435,1
0.4274406433105469,1
0.33171379566192627,1
0.32190585136413574,1
0.35119450092315674,1
0.3438533544540405,1
0.39314210414886475,1
0.3697151839733124,1
0.45037609338760376,1
0.34826672077178955,1
0.2877185344696045,1
0.2877783179283142,1
0.40850937366485596,1
0.3228875696659088,1
0.2793673276901245,1
0.31662851572036743,1
0.2975928485393524,1
0.36587220430374146,1
0.32559219002723694,1
0.3214169442653656,1
0.39162319898605347,1
0.42112642526626587,1
0.3071337640285492,1
0.3562461733818054,1
0.25157350301742554,1
0.270730197429657,1
0.37009456753730774,1
0.43413951992988586,1
0.4181540310382843,1
0.278290331363678,1
0.38444316387176514,1
0.3587137758731842,1
0.3828009366989136,1
0.4103386402130127,1
0.20436495542526245,1
0.36379510164260864,1
0.27434709668159485,1
0.387486070394516,1
0.344360888004303,1
0.4123463034629822,1
0.3249218761920929,1
0.3457511067390442,1
0.32854756712913513,1
0.3367413282394409,1
0.5099651217460632,1
0.393120139837265,1
0.36379551887512207,1
0.33823642134666443,1
0.27542275190353394,1
0.3754950165748596,1
0.34033989906311035,1
0.2502579689025879,1
0.32478588819503784,1
0.2721486985683441,1
0.4035632610321045,1
0.31814926862716675,1
0.5598656535148621,1
0.3313088119029999,1
0.3313082456588745,1
0.45177513360977173,1
0.37306249141693115,1
0.32864251732826233,1
0.37734100222587585,1
0.3948749303817749,1
0.4547422528266907,1
0.38443654775619507,1
0.2893809378147125,1
0.3396337628364563,1
0.49728280305862427,1
0.3381651043891907,1
0.4256131649017334,1
0.3680705428123474,1
0.34601891040802,1
0.25739407539367676,1
0.41451406478881836,1
0.3172861337661743,1
0.3487705886363983,1
0.30178794264793396,1
0.3361988961696625,1
0.3535669445991516,1
0.3140243887901306,1
0.42748427391052246,1
0.21833965182304382,1
0.3810410797595978,1
0.4380097985267639,1
0.4545024633407593,1
0.26834186911582947,1
0.24784418940544128,1
0.3659481406211853,1
0.29461470246315,1
0.31701600551605225,1
0.23503145575523376,1
0.37348389625549316,1
0.41523706912994385,1
0.3716544508934021,1
0.3276258111000061,1
0.3330056667327881,1
0.3172266483306885,1
0.32840240001678467,1
0.41333186626434326,1
0.3208662271499634,1
0.3604511022567749,1
0.3331420421600342,1
0.3341715931892395,1
0.40745535492897034,1
0.31877458095550537,1
0.2884792983531952,1
0.35401326417922974,1
0.3358185887336731,1
0.29142269492149353,1
0.3502114713191986,1
0.3993479609489441,1
0.434830904006958,1
0.5632727146148682,1
0.42845481634140015,1
0.4822380840778351,1
0.2848903238773346,1
0.35658299922943115,1
0.371256560087204,1
0.28314054012298584,1
0.356456458568573,1
0.3004269003868103,1
0.4075455069541931,1
0.41526728868484497,1
0.30733564496040344,1
0.37582576274871826,1
0.3391832411289215,1
0.38401734828948975,1
0.3345211148262024,1
0.34657779335975647,1
0.28997597098350525,1
0.3957369029521942,1
0.351387083530426,1
0.31036481261253357,1
0.3704759478569031,1
0.3524271249771118,1
0.49601513147354126,1
0.26708757877349854,1
0.3827179968357086,1
0.2677296996116638,1
0.39081501960754395,1
0.3115432858467102,1
0.25889432430267334,1
0.38083314895629883,1
0.4581371545791626,1
0.34381288290023804,1
0.40958139300346375,1
0.32414907217025757,1
0.3850775957107544,1
0.3856269121170044,1
0.3161332309246063,1
0.3496103286743164,1
0.3693292438983917,1
0.3734113574028015,1
0.3246924579143524,1
0.38619816303253174,1
0.4033345580101013,1
0.3345089256763458,1
0.35980862379074097,1
0.47845494747161865,1
0.3641638457775116,1
0.3097154200077057,1
0.25851982831954956,1
0.36627814173698425,1
0.2951952815055847,1
0.4104297161102295,1
0.3423978388309479,1
0.44466423988342285,1
0.4072447121143341,1
0.2834206223487854,1
0.38968753814697266,1
0.21897119283676147,1
0.4456181824207306,1
0.3666709363460541,1
0.3362100124359131,1
0.3618837296962738,1
0.3899209797382355,1
0.3302795886993408,1
0.30361902713775635,1
0.31555894017219543,1
0.3193078637123108,1
0.4313725233078003,1
0.32982131838798523,1
0.3379318416118622,1
0.3247608244419098,1
0.26779448986053467,1
0.1870865374803543,1
0.3676914870738983,1
0.43297097086906433,1
0.22034908831119537,1
0.3920734226703644,1
0.31238073110580444,1
0.29239422082901,1
0.25398313999176025,1
0.39323288202285767,1
0.30472150444984436,1
0.3518356680870056,1
0.28177741169929504,1
0.3298119604587555,1
0.3921298384666443,1
0.3021060824394226,1
0.41871801018714905,1
0.41945767402648926,1
0.378943532705307,1
0.3564506769180298,1
0.36809051036834717,1
0.27775198221206665,1
0.3108685314655304,1
0.33935683965682983,1
0.3253040909767151,1
0.2814187705516815,1
0.37115478515625,1
0.2814737558364868,1
0.36435410380363464,1
0.3545933961868286,1
0.39686769247055054,1
0.36329948902130127,1
0.25857722759246826,1
0.33076226711273193,1
0.41837117075920105,1
0.31761375069618225,1
0.38230401277542114,1
0.3588821589946747,1
0.29858288168907166,1
0.29799550771713257,1
0.3948625922203064,1
0.2957082986831665,1
0.32246288657188416,1
0.4720172882080078,1
0.22955361008644104,1
0.4756806790828705,1
0.29681503772735596,1
0.3295522928237915,1
0.3903355598449707,1
0.41312509775161743,1
0.38363245129585266,1
0.35601162910461426,1
0.41306066513061523,1
0.3068825900554657,1
0.33451998233795166,1
0.3140212595462799,1
0.34616076946258545,1
0.2912229299545288,1
0.3492428660392761,1
0.3164713382720947,1
0.2871168851852417,1
0.33078986406326294,1
0.3963744342327118,1
0.4142160415649414,1
0.32526588439941406,1
0.4093441665172577,1
0.47089773416519165,1
0.20948588848114014,1
0.39958521723747253,1
0.3125617802143097,1
0.4177938401699066,1
0.40210774540901184,1
0.4672016203403473,1
0.4156658351421356,1
0.3464883863925934,1
0.2704266905784607,1
0.39036333560943604,1
0.3543010354042053,1
0.4348178803920746,1
0.34857651591300964,1
0.4460965692996979,1
0.3951634168624878,1
0.42985060811042786,1
0.2829234302043915,1
0.3966910243034363,1
0.4102952480316162,1
0.3361239433288574,1
0.33820009231567383,1
0.3419587016105652,1
0.2541481852531433,1
0.3794192671775818,1
0.2754378914833069,1
0.2893471419811249,1
0.28596991300582886,1
0.295544296503067,1
0.3972969651222229,1
0.2926837205886841,1
0.47445952892303467,1
0.49274134635925293,1
0.32225364446640015,1
0.29994356632232666,1
0.30605337023735046,1
0.3879150152206421,1
0.3000612258911133,1
0.36680868268013,1
0.31172165274620056,1
0.361473947763443,1
0.35782817006111145,1
0.3401443064212799,1
0.41056984663009644,1
0.33617356419563293,1
0.2950596809387207,1
0.34730732440948486,1
0.27528584003448486,1
0.4064542055130005,1
0.32107874751091003,1
0.39463576674461365,1
0.2562374174594879,1
0.419605016708374,1
0.32319962978363037,1
0.3696199655532837,1
0.39078468084335327,1
0.46554291248321533,1
0.26838749647140503,1
0.4227181077003479,1
0.33869418501853943,1
0.31711623072624207,1
0.32369357347488403,1
0.3255242705345154,1
0.2894023358821869,1
0.24720293283462524,1
0.38275086879730225,1
0.40045592188835144,1
0.3425913453102112,1
0.3516080379486084,1
0.31619107723236084,1
0.24645502865314484,1
0.4068658947944641,1
0.3095683455467224,1
0.3619619607925415,1
0.3501388728618622,1
0.2764297127723694,1
0.3021443784236908,1
0.3761157691478729,1
0.3457740545272827,1
0.233965665102005,1
0.2700185775756836,1
0.46361878514289856,1
0.36548712849617004,1
0.35842183232307434,1
0.27569684386253357,1
0.3434720039367676,1
0.2844351530075073,1
0.3796338737010956,1
0.3369041085243225,1
0.4136132001876831,1
0.3615880608558655,1
0.39491599798202515,1
0.3016612231731415,1
0.37867116928100586,1
0.34800541400909424,1
0.3317970931529999,1
0.3589845299720764,1
0.4117429852485657,1
0.48437368869781494,1
0.43962353467941284,1
0.3729174733161926,1
0.40495026111602783,1
0.39512506127357483,1
0.351520299911499,1
0.34989774227142334,1
0.4005591869354248,1
0.4330425262451172,1
0.40015849471092224,1
0.4399244785308838,1
0.34731897711753845,1
0.37626445293426514,1
0.4200022518634796,1
0.28650709986686707,1
0.3934188783168793,1
0.32874882221221924,1
0.29988113045692444,1
0.39415255188941956,1
0.253753662109375,1
0.27497267723083496,1
0.35944271087646484,1
0.5197229385375977,1
0.39033859968185425,1
0.4119841158390045,1
0.3171645402908325,1
0.35953158140182495,1
0.3487648367881775,1
0.3160151243209839,1
0.2765522301197052,1
0.3250812292098999,1
0.342835009098053,1
0.24814414978027344,1
0.3313716948032379,1
0.3599562644958496,1
0.33905845880508423,1
0.38198959827423096,1
0.3248822093009949,1
0.32575005292892456,1
0.3765105605125427,1
0.32442528009414673,1
0.3908631503582001,1
0.31206369400024414,1
0.46825990080833435,1
0.40900227427482605,1
0.37923264503479004,1
0.3844927251338959,1
0.4580080509185791,1
0.39808419346809387,1
0.46493351459503174,1
0.30478233098983765,1
0.2767579257488251,1
0.5104340314865112,1
0.4916587769985199,1
0.47575992345809937,1
0.2392461895942688,1
0.2573298215866089,1
0.29303938150405884,1
0.30911174416542053,1
0.3388197422027588,1
0.27789920568466187,1
0.4200969338417053,1
0.28170478343963623,1
0.33716660737991333,1
0.3322986364364624,1
0.30596065521240234,1
0.3351454436779022,1
0.366057813167572,1
0.27111896872520447,1
0.38830122351646423,1
0.36354929208755493,1
0.33176299929618835,1
0.3254517912864685,1
0.3432413339614868,1
0.26107364892959595,1
0.359254390001297,1
0.3810023069381714,1
0.4617200493812561,1
0.3338538408279419,1
0.4073842465877533,1
0.3593665063381195,1
0.24758793413639069,1
0.45610055327415466,1
0.2960461378097534,1
0.44387638568878174,1
0.35876786708831787,1
0.4241464138031006,1
0.32599902153015137,1
0.34511083364486694,1
0.3985190689563751,1
0.44581088423728943,1
0.42493993043899536,1
0.34556838870048523,1
0.3199053406715393,1
0.3828568160533905,1
0.34059634804725647,1
0.2211359590291977,1
0.36750727891921997,1
0.3441731035709381,1
0.31332868337631226,1
0.3640381097793579,1
0.4040029048919678,1
0.45897647738456726,1
0.3487779498100281,1
0.3356866240501404,1
0.3511384427547455,1
0.350800484418869,1
0.31430625915527344,1
0.3797091245651245,1
0.3850569725036621,1
0.4920986294746399,1
0.3240808844566345,1
0.32541292905807495,1
0.3501925468444824,1
0.3426491320133209,1
0.4277564585208893,1
0.40172943472862244,1
0.330118864774704,1
0.3466605246067047,1
0.3285840153694153,1
0.33292457461357117,1
0.2944697141647339,1
0.462418794631958,1
0.3640228509902954,1
0.30864107608795166,1
0.4634706676006317,1
0.41445162892341614,1
0.24089837074279785,1
0.40263742208480835,1
0.2605927586555481,1
0.4771036207675934,1
0.38877010345458984,1
0.26195892691612244,1
0.39436596632003784,1
0.2800886631011963,1
0.33721253275871277,1
0.3144415020942688,1
0.3524908423423767,1
0.29479771852493286,1
0.4202652871608734,1
0.2906138598918915,1
0.31254103779792786,1
0.23103854060173035,1
0.3211964964866638,1
0.4131697714328766,1
0.4327993392944336,1
0.33753958344459534,1
0.302341490983963,1
0.39853793382644653,1
0.39670220017433167,1
0.3768026828765869,1
0.2933310568332672,1
0.2847450375556946,1
0.24261821806430817,1
0.46799835562705994,1
0.38910192251205444,1
0.3517751395702362,1
0.31037402153015137,1
0.23216035962104797,1
0.38423025608062744,1
0.472811758518219,1
0.41848623752593994,1
0.37859153747558594,1
0.30677783489227295,1
0.36584019660949707,1
0.298442006111145,1
0.2734101414680481,1
0.2668197453022003,1
0.39676782488822937,1
0.40388935804367065,1
0.31890949606895447,1
0.25699087977409363,1
0.28161290287971497,1
0.38654661178588867,1
0.28558874130249023,1
0.3045298159122467,1
0.3508649468421936,1
0.3169177174568176,1
0.33512431383132935,1
0.35376760363578796,1
0.3567832410335541,1
0.33754247426986694,1
0.41047316789627075,1
0.36673879623413086,1
0.330587238073349,1
0.3657497763633728,1
0.27843743562698364,1
0.31632494926452637,1
0.19675806164741516,1
0.349524587392807,1
0.3447258472442627,1
0.3533346951007843,1
0.43133941292762756,1
0.28429555892944336,1
0.4645657539367676,1
0.23383912444114685,1
0.42733731865882874,1
0.454894095659256,1
0.36717304587364197,1
0.3483136296272278,1
0.3281482756137848,1
0.3319592773914337,1
0.3167048692703247,1
0.30806881189346313,1
0.43184715509414673,1
0.47604063153266907,1
0.3213692903518677,1
0.364142507314682,1
0.2376490831375122,1
0.3147629201412201,1
0.2686339020729065,1
0.34191399812698364,1
0.5782802700996399,1
0.38191404938697815,1
0.478360116481781,1
0.36213821172714233,1
0.2914988696575165,1
0.36898645758628845,1
0.34058046340942383,1
0.3507114052772522,1
0.3470972180366516,1
0.28476065397262573,1
0.3692820966243744,1
0.3737451434135437,1
0.40462926030158997,1
0.3796083927154541,1
0.37922632694244385,1
0.39933788776397705,1
0.3181663751602173,1
0.3460503816604614,1
0.3541244566440582,1
0.2115657478570938,1
0.25326859951019287,1
0.37155622243881226,1
0.25829073786735535,1
0.4600755274295807,1
0.377858430147171,1
0.306399941444397,1
0.4309954047203064,1
0.3390582203865051,1
0.334301620721817,1
0.3060005307197571,1
0.4472653865814209,1
0.40101155638694763,1
0.44510722160339355,1
0.3126996159553528,1
0.4287415146827698,1
0.41636258363723755,1
0.36898502707481384,1
0.34110793471336365,1
0.3881404399871826,1
0.3386939465999603,1
0.2283727079629898,1
0.3221991956233978,1
0.3328961431980133,1
0.3892284631729126,1
0.35591596364974976,1
0.4526671767234802,1
0.2812807857990265,1
0.2999683916568756,1
0.32819199562072754,1
0.4344610571861267,1
0.38562703132629395,1
0.3792729079723358,1
0.40431132912635803,1
0.379504919052124,1
0.3919622302055359,1
0.35170453786849976,1
0.25587397813796997,1
0.44281479716300964,1
0.34896335005760193,1
0.42372626066207886,1
0.3412921726703644,1
0.25595396757125854,1
0.4114922881126404,1
0.2856878340244293,1
0.36768031120300293,1
0.29221847653388977,1
0.38947242498397827,1
0.3645995855331421,1
0.422180712223053,1
0.37672147154808044,1
0.2880886197090149,1
0.32604551315307617,1
0.2953489124774933,1
0.30205732583999634,1
0.26389172673225403,1
0.4301164150238037,1
0.3294857144355774,1
0.37112462520599365,1
0.28741198778152466,1
0.33149176836013794,1
0.5502161979675293,1
0.3591744899749756,1
0.4265313744544983,1
0.2740221917629242,1
0.3662356436252594,1
0.3044029176235199,1
0.3822733461856842,1
0.29778385162353516,1
0.2162083089351654,1
0.2616190016269684,1
0.3688119053840637,1
0.37294286489486694,1
0.4237057566642761,1
0.3157457411289215,1
0.3718717098236084,1
0.38600271940231323,1
0.3030320107936859,1
0.30934932827949524,1
0.2815186083316803,1
0.34640029072761536,1
0.34772980213165283,1
0.40934011340141296,1
0.40279993414878845,1
0.32717758417129517,1
0.29705870151519775,1
0.3119213283061981,1
0.32214418053627014,1
0.42708396911621094,1
0.4121887683868408,1
0.3993506133556366,1
0.3945951759815216,1
0.3639986515045166,1
0.2718392014503479,1
0.35928875207901,1
0.3112376630306244,1
0.34585314989089966,1
0.3470395505428314,1
0.32824885845184326,1
0.28709447383880615,1
0.5127213001251221,1
0.4164062738418579,1
0.45598769187927246,1
0.2502654194831848,1
0.41558441519737244,1
0.3194531202316284,1
0.4636405110359192,1
0.42371219396591187,1
0.4841880202293396,1
0.3476942181587219,1
0.3276168704032898,1
0.36463382840156555,1
0.386829137802124,1
0.3791576623916626,1
0.28085726499557495,1
0.4153517484664917,1
0.3200097382068634,1
0.30764809250831604,1
0.3350551426410675,1
0.39127492904663086,1
0.39316117763519287,1
0.2916584610939026,1
0.2431996762752533,1
0.3277830481529236,1
0.34719836711883545,1
0.35651570558547974,1
0.264731764793396,1
0.43204793334007263,1
0.3912241458892822,1
0.3303667902946472,1
0.32245010137557983,1
0.449099600315094,1
0.41221266984939575,1
0.38635963201522827,1
0.36870190501213074,1
0.42790043354034424,1
0.26042425632476807,1
0.2858627140522003,1
0.3458459973335266,1
0.38066041469573975,1
0.3629761338233948,1
0.46595579385757446,1
0.24697935581207275,1
0.357155978679657,1
0.40064555406570435,1
0.34845513105392456,1
0.36746853590011597,1
0.3528635501861572,1
0.507731020450592,1
0.3494565784931183,1
0.39876705408096313,1
0.4200965166091919,1
0.383439302444458,1
0.4686771035194397,1
0.3769298195838928,1
0.3436625599861145,1
0.3387167155742645,1
0.3757750391960144,1
0.28034713864326477,1
0.20167389512062073,1
0.26331421732902527,1
0.3633105456829071,1
0.2519160509109497,1
0.5309723615646362,1
0.32293587923049927,1
0.288438618183136,1
0.4299469292163849,1
0.42585185170173645,1
0.3469151258468628,1
0.4777156710624695,1
0.38559481501579285,1
0.37097179889678955,1
0.41756361722946167,1
0.42252567410469055,1
0.4245058000087738,1
0.2618328928947449,1
0.390937477350235,1
0.2794460952281952,1
0.4263220727443695,1
0.38983863592147827,1
0.3571850657463074,1
0.4008813500404358,1
0.4660108685493469,1
0.33272165060043335,1
0.2905409336090088,1
0.4010622203350067,1
0.2943746745586395,1
0.2658642828464508,1
0.4264177680015564,1
0.35582056641578674,1
0.2868364453315735,1
0.3861786723136902,1
0.2908627390861511,1
0.4471651613712311,1
0.3451225757598877,1
0.2627694606781006,1
0.257491797208786,1
0.31428971886634827,1
0.563894510269165,1
0.3501637876033783,1
0.2521592974662781,1
0.306109756231308,1
0.30698269605636597,1
0.2937353253364563,1
0.27658146619796753,1
0.31481635570526123,1
0.24324408173561096,1
0.3274605870246887,1
0.30900031328201294,1
0.3096533417701721,1
0.48238515853881836,1
0.38505300879478455,1
0.30380213260650635,1
0.35128235816955566,1
0.41901126503944397,1
0.2499171793460846,1
0.23646286129951477,1
0.44711971282958984,1
0.5314395427703857,1
0.3028015196323395,1
0.3233017027378082,1
0.30947747826576233,1
0.3246065080165863,1
0.2831822633743286,1
0.4170546531677246,1
0.3337826132774353,1
0.24399681389331818,1
0.4534538686275482,1
0.33906328678131104,1
0.31369614601135254,1
0.2940569818019867,1
0.3051677644252777,1
0.34084928035736084,1
0.32220494747161865,1
0.389352947473526,1
0.3580162525177002,1
0.3756617307662964,1
0.4987857937812805,1
0.343923956155777,1
0.43366771936416626,1
0.3364240527153015,1
0.3577800691127777,1
0.4090643525123596,1
0.48283013701438904,1
0.44313836097717285,1
0.29597657918930054,1
0.377463698387146,1
0.3703380227088928,1
0.37169149518013,1
0.40775439143180847,1
0.26270872354507446,1
0.2900339961051941,1
0.4398959279060364,1
0.4358829855918884,1
0.36932462453842163,1
0.4263429641723633,1
0.3228297829627991,1
0.27868059277534485,1
0.303311824798584,1
0.42345595359802246,1
0.3018733859062195,1
0.42606252431869507,1
0.4013638496398926,1
0.4878990054130554,1
0.3045591413974762,1
0.31524935364723206,1
0.33866995573043823,1
0.41937455534935,1
0.4781199097633362,1
0.3305489420890808,1
0.3467317819595337,1
0.406283438205719,1
0.40248245000839233,1
0.29504215717315674,1
0.3393394351005554,1
0.2567136287689209,1
0.3651944398880005,1
0.2986592650413513,1
0.35945752263069153,1
0.2521427869796753,1
0.3378193974494934,1
0.32529687881469727,1
0.4668968915939331,1
0.33077317476272583,1
0.2998785376548767,1
0.2566215395927429,1
0.300312876701355,1
0.3102283775806427,1
0.30251219868659973,1
0.3405519723892212,1
0.4444625973701477,1
0.31279903650283813,1
0.41845986247062683,1
0.505767285823822,1
0.3751823902130127,1
0.3399102985858917,1
0.3861406445503235,1
0.39754268527030945,1
0.33849814534187317,1
0.387393057346344,1
0.43941205739974976,1
0.3994070887565613,1
0.36516159772872925,1
0.34853002429008484,1
0.4410022497177124,1
0.3239307999610901,1
0.32216182351112366,1
0.33245792984962463,1
0.3489430248737335,1
0.26848864555358887,1
0.2832348346710205,1
0.3878561854362488,1
0.2958456873893738,1
0.3705083727836609,1
0.3250245153903961,1
0.36290308833122253,1
0.4106767773628235,1
0.3130115270614624,1
0.3409457504749298,1
0.4179322123527527,1
0.4824075400829315,1
0.4235084056854248,1
0.31828510761260986,1
0.31905239820480347,1
0.32632094621658325,1
0.36030763387680054,1
0.33942779898643494,1
0.3942706286907196,1
0.5337052345275879,1
0.32225552201271057,1
0.4178187847137451,1
0.3797614872455597,1
0.40556031465530396,1
0.326598584651947,1
0.36783739924430847,1
0.27233070135116577,1
0.33185866475105286,1
0.30200135707855225,1
0.2958905100822449,1
0.3788962662220001,1
0.42058974504470825,1
0.35364413261413574,1
0.4253818988800049,1
0.45964109897613525,1
0.3243727684020996,1
0.34142088890075684,1
0.2969624996185303,1
0.32363322377204895,1
0.3142557144165039,1
0.306155800819397,1
0.4034353792667389,1
0.43791306018829346,1
0.21091192960739136,1
0.32661938667297363,1
0.4281217157840729,1
0.382076233625412,1
0.44946902990341187,1
0.41597628593444824,1
0.41347643733024597,1
0.31018680334091187,1
0.41122716665267944,1
0.33653149008750916,1
0.25540196895599365,1
0.39480212330818176,1
0.28269320726394653,1
0.41663992404937744,1
0.2577663064002991,1
0.26598891615867615,1
0.31394582986831665,1
0.25730031728744507,1
0.47493764758110046,1
0.3362048268318176,1
0.4793267846107483,1
0.3824634552001953,1
0.41393256187438965,1
0.33662909269332886,1
0.3457844853401184,1
0.3231005072593689,1
0.24884375929832458,1
0.38552606105804443,1
0.2753302752971649,1
0.21284310519695282,1
0.3942345976829529,1
0.36795786023139954,1
0.4090340733528137,1
0.3969721794128418,1
0.3739113509654999,1
0.3440333604812622,1
0.3229953944683075,1
0.3006470501422882,1
0.2806546986103058,1
0.2760494351387024,1
0.37047165632247925,1
0.3510032296180725,1
0.34707993268966675,1
0.30349159240722656,1
0.2997092306613922,1
0.4417738914489746,1
0.45066237449645996,1
0.3493480384349823,1
0.31788164377212524,1
0.3482198119163513,1
0.32126882672309875,1
0.30461931228637695,1
0.3451637029647827,1
0.3259125053882599,1
0.3588433861732483,1
0.34836533665657043,1
0.3409380614757538,1
0.22605496644973755,1
0.3334563374519348,1
0.4455898106098175,1
0.3986741006374359,1
0.38953301310539246,1
0.3666243851184845,1
0.3178895115852356,1
0.46238386631011963,1
0.37263941764831543,1
0.39692744612693787,1
0.3705504834651947,1
0.2808276116847992,1
0.35579127073287964,1
0.44358181953430176,1
0.3279949724674225,1
0.29486772418022156,1
0.22164258360862732,1
0.4021588861942291,1
0.27984893321990967,1
0.3749542236328125,1
0.32247212529182434,1
0.4068729877471924,1
0.4458685517311096,1
0.3910559415817261,1
0.3217868208885193,1
0.3902023434638977,1
0.3760306239128113,1
0.3386935591697693,1
0.43719232082366943,1
0.3603445589542389,1
0.34846773743629456,1
0.39326196908950806,1
0.48353463411331177,1
0.3993803560733795,1
0.3744423985481262,1
0.3919471800327301,1
0.29301396012306213,1
0.31671851873397827,1
0.4197961688041687,1
0.33632275462150574,1
0.33228182792663574,1
0.28799134492874146,1
0.4733484983444214,1
0.5057077407836914,1
0.31977999210357666,1
0.33098840713500977,1
0.3763372302055359,1
0.35059159994125366,1
0.3476365804672241,1
0.3400929570198059,1
0.3905382454395294,1
0.253679096698761,1
0.296461284160614,1
0.2610483467578888,1
0.33443745970726013,1
0.377858966588974,1
0.2401360124349594,1
0.31302571296691895,1
0.32069048285484314,1
0.3308737874031067,1
0.340083509683609,1
0.23033447563648224,1
0.2464577853679657,1
0.33112263679504395,1
0.3933483958244324,1
0.43911248445510864,1
0.2772013545036316,1
0.3735523223876953,1
0.4284452497959137,1
0.2668243944644928,1
0.25026726722717285,1
0.43899574875831604,1
0.2980975806713104,1
0.35563695430755615,1
0.3745473027229309,1
0.3713771104812622,1
0.29296618700027466,1
0.44248247146606445,1
0.33729976415634155,1
0.4739234745502472,1
0.38847997784614563,1
0.35172876715660095,1
0.484019011259079,1
0.396602600812912,1
0.2936178147792816,1
0.3696468770503998,1
0.347282350063324,1
0.4307451844215393,1
0.3374762237071991,1
0.33302071690559387,1
0.4448031783103943,1
0.3894592225551605,1
0.34779036045074463,1
0.39630255103111267,1
0.3703453242778778,1
0.40205204486846924,1
0.32817041873931885,1
0.38845106959342957,1
0.29525530338287354,1
0.49649423360824585,1
0.29813843965530396,1
0.3009415566921234,1
0.26193785667419434,1
0.3734978437423706,1
0.3759785592556,1
0.3484080135822296,1
0.2457566261291504,1
0.28308287262916565,1
0.3658667504787445,1
0.37646400928497314,1
0.3156369626522064,1
0.3082825243473053,1
0.3567635118961334,1
0.31280088424682617,1
0.5172120332717896,1
0.3077506124973297,1
0.377134770154953,1
0.34837740659713745,1
0.34287214279174805,1
0.43648070096969604,1
0.37458300590515137,1
0.3668805956840515,1
0.314022958278656,1
0.35237449407577515,1
0.39621680974960327,1
0.320390909910202,1
0.2958303987979889,1
0.3508351743221283,1
0.2974206507205963,1
0.3217903971672058,1
0.32851460576057434,1
0.37478944659233093,1
0.51156085729599,1
0.32659465074539185,1
0.3342810273170471,1
0.36454886198043823,1
0.3353537321090698,1
0.28373414278030396,1
0.3373599052429199,1
0.3940277695655823,1
0.5149980783462524,1
0.46011602878570557,1
0.26015302538871765,1
0.3761572539806366,1
0.3315303921699524,1
0.3598739504814148,1
0.3096165657043457,1
0.41440343856811523,1
0.4293692409992218,1
0.41038042306900024,1
0.3369528651237488,1
0.39615148305892944,1
0.4016600549221039,1
0.3684510588645935,1
0.324131578207016,1
0.314251571893692,1
0.34682685136795044,1
0.4930046796798706,1
0.384140282869339,1
0.23265503346920013,1
0.4212225079536438,1
0.36380425095558167,1
0.3837249279022217,1
0.31907519698143005,1
0.33721923828125,1
0.2814091145992279,1
0.2427394688129425,1
0.4022446870803833,1
0.30657047033309937,1
0.3217409551143646,1
0.30825740098953247,1
0.47368115186691284,1
0.3719313144683838,1
0.32411205768585205,1
0.3665139079093933,1
0.29396817088127136,1
0.37701505422592163,1
0.35066694021224976,1
0.38710054755210876,1
0.2205560803413391,1
0.44984373450279236,1
0.37428152561187744,1
0.2620670795440674,1
0.2806069850921631,1
0.4002186954021454,1
0.3658972978591919,1
0.40275537967681885,1
0.3135420083999634,1
0.3742232620716095,1
0.3018893599510193,1
0.3236541748046875,1
0.29913806915283203,1
0.3520570695400238,1
0.44454893469810486,1
0.2751467823982239,1
0.34121108055114746,1
0.46868813037872314,1
0.3646141588687897,1
0.391154408454895,1
0.3602762222290039,1
0.31837761402130127,1
0.3705090284347534,1
0.38479626178741455,1
0.3981398344039917,1
0.42269331216812134,1
0.3998561501502991,1
0.4726036787033081,1
0.324807733297348,1
0.19930127263069153,1
0.29380732774734497,1
0.4856335520744324,1
0.34831753373146057,1
0.425570547580719,1
0.3337387144565582,1
0.4261094927787781,1
0.27797478437423706,1
0.3271567225456238,1
0.36515355110168457,1
0.34281671047210693,1
0.34598690271377563,1
0.3045825958251953,1
0.33313751220703125,1
0.29423603415489197,1
0.3642042279243469,1
0.31222257018089294,1
0.3265189528465271,1
0.3219950795173645,1
0.31915706396102905,1
0.2542381286621094,1
0.296949177980423,1
0.4061034321784973,1
0.28848421573638916,1
0.436917781829834,1
0.3113012909889221,1
0.3492104411125183,1
0.29886969923973083,1
0.3151922821998596,1
0.33867931365966797,1
0.2997882068157196,1
0.38522422313690186,1
0.4632496237754822,1
0.3618171215057373,1
0.4038259983062744,1
0.27457186579704285,1
0.3248215913772583,1
0.3330122232437134,1
0.40496566891670227,1
0.445255309343338,1
0.32179784774780273,1
0.4426136612892151,1
0.37311622500419617,1
0.4160366654396057,1
0.2909870147705078,1
0.4235199987888336,1
0.28422558307647705,1
0.3556741774082184,1
0.29200267791748047,1
0.4074975848197937,1
0.4057707190513611,1
0.34691256284713745,1
0.4261915981769562,1
0.31393125653266907,1
0.33227401971817017,1
0.3088300824165344,1
0.2243720293045044,1
0.3450853228569031,1
0.3104473352432251,1
0.3700394332408905,1
0.25708144903182983,1
0.38542017340660095,1
0.3956195116043091,1
0.33020102977752686,1
0.35729706287384033,1
0.412230908870697,1
0.3538026213645935,1
0.2748478651046753,1
0.27330172061920166,1
0.3329189121723175,1
0.2500405013561249,1
0.38335755467414856,1
0.34726351499557495,1
0.3905540108680725,1
0.2930296063423157,1
0.37286776304244995,1
0.3246520459651947,1
0.34135642647743225,1
0.39536160230636597,1
0.4035523533821106,1
0.2626381814479828,1
0.440681517124176,1
0.359162300825119,1
0.38381171226501465,1
0.2873802185058594,1
0.3710077106952667,1
0.4466935992240906,1
0.42029500007629395,1
0.4299933612346649,1
0.4454682469367981,1
0.40668362379074097,1
0.35665494203567505,1
0.34182241559028625,1
0.32507166266441345,1
0.2920840084552765,1
0.36722689867019653,1
0.33046501874923706,1
0.4023340940475464,1
0.2576674222946167,1
0.2649606764316559,1
0.32539498805999756,1
0.2987021207809448,1
0.254617840051651,1
0.4653499126434326,1
0.38881590962409973,1
0.3208148777484894,1
0.358715295791626,1
0.3603091239929199,1
0.38246843218803406,1
0.39399072527885437,1
0.3503193259239197,1
0.42946529388427734,1
0.34027647972106934,1
0.5046852827072144,1
0.2865828275680542,1
0.25150391459465027,1
0.3169494569301605,1
0.38293641805648804,1
0.40041330456733704,1
0.2626822590827942,1
0.3995644748210907,1
0.3263726830482483,1
0.2935187816619873,1
0.3719561994075775,1
0.2659849524497986,1
0.331079363822937,1
0.2779436409473419,1
0.37720176577568054,1
0.3689418435096741,1
0.39161914587020874,1
0.36743757128715515,1
0.36519211530685425,1
0.3322979509830475,1
0.46172210574150085,1
0.41553252935409546,1
0.3390440046787262,1
0.37268179655075073,1
0.3371490240097046,1
0.3600037693977356,1
0.3720952272415161,1
0.4079122245311737,1
0.3605012595653534,1
0.33896803855895996,1
0.4064125716686249,1
0.37918826937675476,1
0.4580751657485962,1
0.3659108281135559,1
0.27367573976516724,1
0.2892444133758545,1
0.3444078862667084,1
0.34997761249542236,1
0.29902195930480957,1
0.3957623839378357,1
0.3606927990913391,1
0.36346328258514404,1
0.2869652211666107,1
0.4622880518436432,1
0.28509780764579773,1
0.4161568880081177,1
0.5248367786407471,1
0.31071650981903076,1
0.4004131555557251,1
0.3997974991798401,1
0.3173750042915344,1
0.37843096256256104,1
0.26382336020469666,1
0.3303118050098419,1
0.35258498787879944,1
0.3605196475982666,1
0.36991313099861145,1
0.2553213834762573,1
0.27394765615463257,1
0.35429972410202026,1
0.23574179410934448,1
0.3839159607887268,1
0.4116981029510498,1
0.37889814376831055,1
0.33644890785217285,1
0.3201221227645874,1
0.2995397448539734,1
0.3562154769897461,1
0.299823135137558,1
0.2682054042816162,1
0.26562806963920593,1
0.3523367643356323,1
0.33577683568000793,1
0.38697001338005066,1
0.3098120093345642,1
0.2989189028739929,1
0.3685828447341919,1
0.4139251112937927,1
0.3857234716415405,1
0.3677728772163391,1
0.474235475063324,1
0.3562292456626892,1
0.3411845862865448,1
0.42491769790649414,1
0.3369418978691101,1
0.5497082471847534,1
0.3068573772907257,1
0.3320003151893616,1
0.31509944796562195,1
0.3566119968891144,1
0.3014163374900818,1
0.3039872348308563,1
0.46375712752342224,1
0.4767366349697113,1
0.4426761269569397,1
0.4070267975330353,1
0.2665446996688843,1
0.4032915234565735,1
0.3012218177318573,1
0.3770535886287689,1
0.3941252827644348,1
0.442049503326416,1
0.3681527078151703,1
0.36846473813056946,1
0.3489222824573517,1
0.30825328826904297,1
0.3351841866970062,1
0.3892630934715271,1
0.2977880537509918,1
0.2678709328174591,1
0.3406186103820801,1
0.4019618630409241,1
0.39519819617271423,1
0.2975207269191742,1
0.4102584421634674,1
0.3747618794441223,1
0.21209236979484558,1
0.37048935890197754,1
0.3155958354473114,1
0.4655269384384155,1
0.32006120681762695,1
0.3018624484539032,1
0.273714542388916,1
0.4622175097465515,1
0.38098958134651184,1
0.24576398730278015,1
0.45738089084625244,1
0.3427521884441376,1
0.201582670211792,1
0.26348423957824707,1
0.3119571805000305,1
0.4039289355278015,1
0.3305826783180237,1
0.30482983589172363,1
0.44091370701789856,1
0.45540887117385864,1
0.449882447719574,1
0.3501179814338684,1
0.3753642737865448,1
0.32786083221435547,1
0.3254338800907135,1
0.2935371696949005,1
0.4620642364025116,1
0.3227907717227936,1
0.304683119058609,1
0.291386216878891,1
0.3635569214820862,1
0.36122792959213257,1
0.31327080726623535,1
0.4685371518135071,1
0.31729409098625183,1
0.2584083080291748,1
0.46983960270881653,1
0.30929064750671387,1
0.3144878149032593,1
0.28827327489852905,1
0.4081389307975769,1
0.32503095269203186,1
0.33806461095809937,1
0.2755890488624573,1
0.36343201994895935,1
0.4130440056324005,1
0.34062257409095764,1
0.4197571277618408,1
0.31558701395988464,1
0.3403666615486145,1
0.35643258690834045,1
0.3094284236431122,1
0.268044114112854,1
0.3584918975830078,1
0.3449469804763794,1
0.32603567838668823,1
0.41049474477767944,1
0.3914586305618286,1
0.28212326765060425,1
0.2577477693557739,1
0.26431041955947876,1
0.3303460478782654,1
0.3655111491680145,1
0.29854637384414673,1
0.2653326392173767,1
0.3163837790489197,1
0.3176654279232025,1
0.36633211374282837,1
0.22407475113868713,1
0.41567569971084595,1
0.34621989727020264,1
0.40777450799942017,1
0.3107237219810486,1
0.42995765805244446,1
0.2924827039241791,1
0.43184834718704224,1
0.35022595524787903,1
0.231082484126091,1
0.23328235745429993,1
0.3105427920818329,1
0.4081995487213135,1
0.3052782714366913,1
0.32067012786865234,1
0.3774930238723755,1
0.3811367154121399,1
0.3103364109992981,1
0.3652154207229614,1
0.3021015226840973,1
0.4290766716003418,1
0.4287055432796478,1
0.3309831917285919,1
0.25528761744499207,1
0.35006383061408997,1
0.2841198444366455,1
0.4230290949344635,1
0.3865596652030945,1
0.2899557054042816,1
0.3386874496936798,1
0.2993544042110443,1
0.27640455961227417,1
0.29575875401496887,1
0.30460110306739807,1
0.36633753776550293,1
0.3896328806877136,1
0.38494354486465454,1
0.34127819538116455,1
0.30626845359802246,1
0.442486971616745,1
0.41873347759246826,1
0.2550542652606964,1
0.31754523515701294,1
0.32935234904289246,1
0.32320278882980347,1
0.3668667674064636,1
0.2317832112312317,1
0.4361302852630615,1
0.20681601762771606,1
0.4953000843524933,1
0.4981694221496582,1
0.401516854763031,1
0.3712690770626068,1
0.41486701369285583,1
0.39455220103263855,1
0.3317393660545349,1
0.3715723752975464,1
0.3134361505508423,1
0.2635844051837921,1
0.47049474716186523,1
0.3485393524169922,1
0.5169674754142761,1
0.3217727541923523,1
0.4295504093170166,1
0.35061946511268616,1
0.27846911549568176,1
0.39484867453575134,1
0.31783223152160645,1
0.33026549220085144,1
0.2973172068595886,1
0.4308631718158722,1
0.3085038959980011,1
0.398887574672699,1
0.369431734085083,1
0.30611035227775574,1
0.3906796872615814,1
0.2830770015716553,1
0.365807443857193,1
0.48047199845314026,1
0.2547444701194763,1
0.31597423553466797,1
0.3566041588783264,1
0.2972699999809265,1
0.3591090440750122,1
0.3158087432384491,1
0.4789479076862335,1
0.3662971258163452,1
0.2517707943916321,1
0.30356377363204956,1
0.3885471224784851,1
0.38104137778282166,1
0.3292979598045349,1
0.5395828485488892,1
0.4042831063270569,1
0.42832058668136597,1
0.5327761769294739,1
0.3571358025074005,1
0.3264577388763428,1
0.3565638065338135,1
0.29275187849998474,1
0.552384614944458,1
0.35606420040130615,1
0.3040996789932251,1
0.3316357731819153,1
0.28380775451660156,1
0.3785991966724396,1
0.3742592930793762,1
0.3330230414867401,1
0.3322598934173584,1
0.43744224309921265,1
0.26279228925704956,1
0.2374286651611328,1
0.39082425832748413,1
0.3740440011024475,1
0.3838046193122864,1
0.4771516025066376,1
0.3475942015647888,1
0.27943748235702515,1
0.2911996841430664,1
0.32703250646591187,1
0.4282000660896301,1
0.3953041434288025,1
0.34192657470703125,1
0.30148109793663025,1
0.4203028082847595,1
0.29139742255210876,1
0.32628992199897766,1
0.4067040681838989,1
0.371341347694397,1
0.43184277415275574,1
0.3065870404243469,1
0.37466731667518616,1
0.29833072423934937,1
0.24387162923812866,1
0.37708234786987305,1
0.35956424474716187,1
0.3131614923477173,1
0.3825218081474304,1
0.39394474029541016,1
0.37685728073120117,1
0.3618975281715393,1
0.37285688519477844,1
0.287186861038208,1
0.34079569578170776,1
0.3238363265991211,1
0.33064714074134827,1
0.2652454972267151,1
0.405507892370224,1
0.25588732957839966,1
0.4091868996620178,1
0.31595900654792786,1
0.463151216506958,1
0.43032532930374146,1
0.27136918902397156,1
0.3737834692001343,1
0.32316672801971436,1
0.4343719482421875,1
0.4686875343322754,1
0.3479638397693634,1
0.26652276515960693,1
0.3387152850627899,1
0.30667030811309814,1
0.38756340742111206,1
0.509253978729248,1
0.4329354166984558,1
0.4890288710594177,1
0.2763502299785614,1
0.35603052377700806,1
0.38441309332847595,1
0.4334944486618042,1
0.27926361560821533,1
0.3028916120529175,1
0.3776596188545227,1
0.3472738265991211,1
0.39973288774490356,1
0.33923476934432983,1
0.2970953583717346,1
0.2988220155239105,1
0.29333579540252686,1
0.5048081874847412,1
0.38173195719718933,1
0.28737348318099976,1
0.3287207782268524,1
0.3874049484729767,1
0.294341504573822,1
0.43075722455978394,1
0.41952648758888245,1
0.3257609009742737,1
0.5390688180923462,1
0.3318445384502411,1
0.2391148954629898,1
0.3931422829627991,1
0.4171745479106903,1
0.37713465094566345,1
0.3315122425556183,1
0.29950958490371704,1
0.370638370513916,1
0.3735429048538208,1
0.31321626901626587,1
0.3051277995109558,1
0.34917041659355164,1
0.3310219943523407,1
0.37381690740585327,1
0.38851797580718994,1
0.25580909848213196,1
0.3242237865924835,1
0.3516353666782379,1
0.2788105010986328,1
0.4052988588809967,1
0.3319944739341736,1
0.2830295264720917,1
0.3640407621860504,1
0.2662527561187744,1
0.3151668608188629,1
0.3146013915538788,1
0.3005509078502655,1
0.32033735513687134,1
0.329350084066391,1
0.20691896975040436,1
0.41351279616355896,1
0.29263827204704285,1
0.30941110849380493,1
0.35967785120010376,1
0.35624951124191284,1
0.5107799768447876,1
0.2922930121421814,1
0.34294232726097107,1
0.2892681956291199,1
0.4018744230270386,1
0.36160799860954285,1
0.2642333507537842,1
0.36151236295700073,1
0.35627222061157227,1
0.343402236700058,1
0.3626813292503357,1
0.25092315673828125,1
0.4152120053768158,1
0.3159739375114441,1
0.32634806632995605,1
0.42129993438720703,1
0.2713688611984253,1
0.340944766998291,1
0.4168766736984253,1
0.3563132882118225,1
0.2336958944797516,1
0.35171741247177124,1
0.37452831864356995,1
0.2992221415042877,1
0.3195464313030243,1
0.313882052898407,1
0.4957740902900696,1
0.4154431223869324,1
0.38772720098495483,1
0.3369526267051697,1
0.4637048840522766,1
0.36457574367523193,1
0.4032262861728668,1
0.31701382994651794,1
0.4010275602340698,1
0.2768283784389496,1
0.36075931787490845,1
0.357719361782074,1
0.34778040647506714,1
0.356456458568573,1
0.34909915924072266,1
0.40505340695381165,1
0.3959653079509735,1
0.31230342388153076,1
0.30627259612083435,1
0.30373528599739075,1
0.3868974447250366,1
0.2734684348106384,1
0.4038739800453186,1
0.35243767499923706,1
0.41918665170669556,1
0.3770068287849426,1
0.2857402265071869,1
0.35323548316955566,1
0.36437684297561646,1
0.27221500873565674,1
0.3345763385295868,1
0.2667737603187561,1
0.2622454762458801,1
0.27942073345184326,1
0.24553950130939484,1
0.44420766830444336,1
0.38544178009033203,1
0.3860366940498352,1
0.3795650601387024,1
0.38054412603378296,1
0.3107447624206543,1
0.2973288297653198,1
0.34432554244995117,1
0.35118567943573,1
0.23387038707733154,1
0.2612299919128418,1
0.29854071140289307,1
0.32557374238967896,1
0.32166439294815063,1
0.32721784710884094,1
0.35940030217170715,1
0.29232725501060486,1
0.33077090978622437,1
0.5599449872970581,1
0.32782721519470215,1
0.40781766176223755,1
0.4244230091571808,1
0.3891981542110443,1
0.32713720202445984,1
0.2672317624092102,1
0.3299728035926819,1
0.3065749704837799,1
0.3888050615787506,1
0.3482964038848877,1
0.47433847188949585,1
0.37008416652679443,1
0.44921573996543884,1
0.35338371992111206,1
0.2906840443611145,1
0.3505881428718567,1
0.33619049191474915,1
0.25125187635421753,1
0.2730802893638611,1
0.2762455940246582,1
0.42691925168037415,1
0.3175114393234253,1
0.36945781111717224,1
0.25159692764282227,1
0.3346289396286011,1
0.2926245331764221,1
0.367439329624176,1
0.38804757595062256,1
0.3020845949649811,1
0.3742443025112152,1
0.3014974594116211,1
0.3074442744255066,1
0.3841410279273987,1
0.473477840423584,1
0.5154126882553101,1
0.27804020047187805,1
0.46825292706489563,1
0.3545207977294922,1
0.32365238666534424,1
0.33361518383026123,1
0.5879862308502197,1
0.2865506410598755,1
0.4544624388217926,1
0.333205908536911,1
0.42118942737579346,1
0.33550700545310974,1
0.3518090546131134,1
0.349850594997406,1
0.37123581767082214,1
0.3490147590637207,1
0.2825661897659302,1
0.30771249532699585,1
0.35282090306282043,1
0.43056440353393555,1
0.4594354033470154,1
0.2642327845096588,1
0.26298776268959045,1
0.36049312353134155,1
0.40475690364837646,1
0.3493761420249939,1
0.3717494010925293,1
0.268673837184906,1
0.39733028411865234,1
0.33214303851127625,1
0.4020906984806061,1
0.3526564836502075,1
0.4557560682296753,1
0.3699056804180145,1
0.42615652084350586,1
0.3638654351234436,1
0.35742759704589844,1
0.30518442392349243,1
0.37815845012664795,1
0.340068519115448,1
0.3229515552520752,1
0.333856463432312,1
0.42262476682662964,1
0.4021769165992737,1
0.357260525226593,1
0.362669438123703,1
0.3272689878940582,1
0.3764333724975586,1
0.31756940484046936,1
0.2949199974536896,1
0.38088393211364746,1
0.36695337295532227,1
0.39490821957588196,1
0.31846684217453003,1
0.3245018422603607,1
0.5125870704650879,1
0.32783907651901245,1
0.35460883378982544,1
0.30355149507522583,1
0.4656118154525757,1
0.5147354602813721,1
0.2902548611164093,1
0.39464688301086426,1
0.3449426293373108,1
0.4180039167404175,1
0.3366304039955139,1
0.35253554582595825,1
0.29209670424461365,1
0.3290631175041199,1
0.341240257024765,1
0.3085099160671234,1
0.27599865198135376,1
0.37476253509521484,1
0.3983612656593323,1
0.4121740758419037,1
0.3250841796398163,1
0.3301588296890259,1
0.30981218814849854,1
0.5007922649383545,1
0.3189004063606262,1
0.34817034006118774,1
0.3023327887058258,1
0.2763829827308655,1
0.2625412940979004,1
0.364646315574646,1
0.4443303942680359,1
0.34907758235931396,1
0.2790895402431488,1
0.28037548065185547,1
0.47698140144348145,1
0.3918774127960205,1
0.4042011499404907,1
0.3276236355304718,1
0.35342949628829956,1
0.2445124089717865,1
0.398021399974823,1
0.2716958224773407,1
0.29252684116363525,1
0.32825812697410583,1
0.3670074939727783,1
0.39068910479545593,1
0.4094383716583252,1
0.39929884672164917,1
0.32360732555389404,1
0.38553905487060547,1
0.3717637062072754,1
0.3029821515083313,1
0.3454040586948395,1
0.3961222767829895,1
0.27230510115623474,1
0.3956138491630554,1
0.36735865473747253,1
0.4577603340148926,1
0.31681424379348755,1
0.24647893011569977,1
0.25845909118652344,1
0.29692161083221436,1
0.30649837851524353,1
0.379446804523468,1
0.34627875685691833,1
0.40849408507347107,1
0.2864973843097687,1
0.34482526779174805,1
0.44093623757362366,1
0.32913270592689514,1
0.4534350633621216,1
0.28299129009246826,1
0.3671598434448242,1
0.35042306780815125,1
0.32882630825042725,1
0.3841778039932251,1
0.3725554943084717,1
0.36022764444351196,1
0.5214060544967651,1
0.366672158241272,1
0.5191554427146912,1
0.38574400544166565,1
0.45425522327423096,1
0.31249886751174927,1
0.3309020400047302,1
0.4026879370212555,1
0.3908679783344269,1
0.3293876647949219,1
0.3740464448928833,1
0.2560780644416809,1
0.3583202660083771,1
0.28747305274009705,1
0.440894216299057,1
0.3756387233734131,1
0.366513192653656,1
0.37100163102149963,1
0.3800608515739441,1
0.41184675693511963,1
0.4510718584060669,1
0.3715250492095947,1
0.3203434348106384,1
0.3241576552391052,1
0.3672473430633545,1
0.3228035569190979,1
0.32775530219078064,1
0.35879331827163696,1
0.3559834957122803,1
0.3157394826412201,1
0.43441933393478394,1
0.3750351369380951,1
0.4024198055267334,1
0.37237614393234253,1
0.4061119556427002,1
0.3056909739971161,1
0.2972721755504608,1
0.2539963722229004,1
0.39905017614364624,1
0.35564136505126953,1
0.46585285663604736,1
0.41413623094558716,1
0.3012917935848236,1
0.36393916606903076,1
0.32100576162338257,1
0.39680173993110657,1
0.36210867762565613,1
0.3207630515098572,1
0.41631215810775757,1
0.2833520174026489,1
0.23261229693889618,1
0.34524238109588623,1
0.26708143949508667,1
0.2882230579853058,1
0.48299726843833923,1
0.3341602087020874,1
0.3004625141620636,1
0.4148693084716797,1
0.2728870213031769,1
0.3547607958316803,1
0.3721030354499817,1
0.3831474184989929,1
0.32204729318618774,1
0.35412830114364624,1
0.4380694031715393,1
0.3472217321395874,1
0.30636292695999146,1
0.36993032693862915,1
0.47212299704551697,1
0.3392485976219177,1
0.36906659603118896,1
0.24710853397846222,1
0.410844624042511,1
0.37977898120880127,1
0.31417030096054077,1
0.30536147952079773,1
0.2630746364593506,1
0.3192075490951538,1
0.35746103525161743,1
0.30908164381980896,1
0.4007551074028015,1
0.22687992453575134,1
0.30051320791244507,1
0.29257529973983765,1
0.3552985191345215,1
0.30516383051872253,1
0.24295838177204132,1
0.5149388313293457,1
0.29474517703056335,1
0.2596340477466583,1
0.3395276665687561,1
0.32234230637550354,1
0.3189971446990967,1
0.3230966031551361,1
0.47910192608833313,1
0.320354700088501,1
0.3097018897533417,1
0.4141084551811218,1
0.3219100832939148,1
0.32136303186416626,1
0.21757423877716064,1
0.30315136909484863,1
0.3938599228858948,1
0.37246769666671753,1
0.39984461665153503,1
0.31445568799972534,1
0.3144843578338623,1
0.49166178703308105,1
0.48758620023727417,1
0.41815540194511414,1
0.4170435667037964,1
0.34765660762786865,1
0.3429466485977173,1
0.30590125918388367,1
0.35966774821281433,1
0.33731335401535034,1
0.37000972032546997,1
0.3581392168998718,1
0.2537439167499542,1
0.32201874256134033,1
0.35334259271621704,1
0.2881297171115875,1
0.4108304977416992,1
0.3127251863479614,1
0.4643886089324951,1
0.2252504527568817,1
0.33918341994285583,1
0.2885582745075226,1
0.3289928138256073,1
0.2963132858276367,1
0.32314586639404297,1
0.43686115741729736,1
0.378827303647995,1
0.42645204067230225,1
0.4486365020275116,1
0.32723113894462585,1
0.3459283113479614,1
0.40429073572158813,1
0.2638368010520935,1
0.31732478737831116,1
0.30607473850250244,1
0.34390440583229065,1
0.34470611810684204,1
0.404262900352478,1
0.43414992094039917,1
0.2684778869152069,1
0.3585250675678253,1
0.46513575315475464,1
0.38493233919143677,1
0.3640486001968384,1
0.34695351123809814,1
0.5232944488525391,1
0.3183825612068176,1
0.4324741065502167,1
0.3218265473842621,1
0.3652592599391937,1
0.3282816708087921,1
0.32165539264678955,1
0.24465914070606232,1
0.3215077817440033,1
0.3242768943309784,1
0.3367840349674225,1
0.32577693462371826,1
0.4101886749267578,1
0.32765114307403564,1
0.2656214237213135,1
0.46078193187713623,1
0.3601057827472687,1
0.2781563997268677,1
0.4022618532180786,1
0.3805331289768219,1
0.3023035228252411,1
0.3087562322616577,1
0.24894896149635315,1
0.22721388936042786,1
0.3117973804473877,1
0.4241047203540802,1
0.3567885160446167,1
0.3284570872783661,1
0.40142950415611267,1
0.42874130606651306,1
0.35723450779914856,1
0.3026409149169922,1
0.42256495356559753,1
0.29885998368263245,1
0.2980378270149231,1
0.2564510405063629,1
0.38111549615859985,1
0.38906723260879517,1
0.41446417570114136,1
0.351487398147583,1
0.28532102704048157,1
0.44596827030181885,1
0.312261700630188,1
0.2983827590942383,1
0.411916583776474,1
0.4046512246131897,1
0.31612491607666016,1
0.3361791670322418,1
0.42727401852607727,1
0.24538463354110718,1
0.379216730594635,1
0.2512788772583008,1
0.38507869839668274,1
0.291509211063385,1
0.24300074577331543,1
0.44246265292167664,1
0.2590775787830353,1
0.3653715252876282,1
0.41396600008010864,1
0.40990132093429565,1
0.2562805712223053,1
0.34041157364845276,1
0.27388715744018555,1
0.4050508141517639,1
0.4713902175426483,1
0.32102257013320923,1
0.2391892969608307,1
0.33532434701919556,1
0.27190300822257996,1
0.3005080819129944,1
0.3255656957626343,1
0.3430618643760681,1
0.34523338079452515,1
0.2702120542526245,1
0.38102859258651733,1
0.3124580979347229,1
0.3974609076976776,1
0.2935391664505005,1
0.573103666305542,1
0.3963050842285156,1
0.4305769205093384,1
0.28624796867370605,1
0.40908190608024597,1
0.318962037563324,1
0.2944062352180481,1
0.25429004430770874,1
0.4674609303474426,1
0.5304834842681885,1
0.35314977169036865,1
0.3018004298210144,1
0.3582875430583954,1
0.3747071623802185,1
0.3867543935775757,1
0.3766327500343323,1
0.313589483499527,1
0.3429398834705353,1
0.313803493976593,1
0.3292444944381714,1
0.38180601596832275,1
0.29459118843078613,1
0.3645973801612854,1
0.31817975640296936,1
0.32518133521080017,1
0.40717804431915283,1
0.40404677391052246,1
0.32953009009361267,1
0.349767804145813,1
0.4149904251098633,1
0.41819241642951965,1
0.4264698028564453,1
0.24027694761753082,1
0.3961925804615021,1
0.33638501167297363,1
0.33451342582702637,1
0.3084217309951782,1
0.32788947224617004,1
0.4353979229927063,1
0.3057118058204651,1
0.40029484033584595,1
0.3705393075942993,1
0.318109393119812,1
0.3064499795436859,1
0.3286910951137543,1
0.29840609431266785,1
0.4565225839614868,1
0.3053967356681824,1
0.3743552565574646,1
0.42395415902137756,1
0.4066707491874695,1
0.2834457755088806,1
0.34134307503700256,1
0.38108617067337036,1
0.3781176805496216,1
0.3800964951515198,1
0.3722209930419922,1
0.3181305229663849,1
0.2983541786670685,1
0.3030802309513092,1
0.35912078619003296,1
0.30603039264678955,1
0.23511753976345062,1
0.3587675094604492,1
0.3872520625591278,1
0.44825509190559387,1
0.3243638873100281,1
0.3741159439086914,1
0.3144625425338745,1
0.3892144560813904,1
0.37382692098617554,1
0.41510072350502014,1
0.4601956903934479,1
0.46737855672836304,1
0.2876921594142914,1
0.3905044496059418,1
0.44208618998527527,1
0.36041679978370667,1
0.3525159955024719,1
0.2617326080799103,1
0.33027493953704834,1
0.28202131390571594,1
0.4335665702819824,1
0.3702338635921478,1
0.2573586702346802,1
0.3866609036922455,1
0.30937132239341736,1
0.3671397268772125,1
0.3272273540496826,1
0.33804967999458313,1
0.38808244466781616,1
0.4440488815307617,1
0.3172428607940674,1
0.3017122447490692,1
0.3036687672138214,1
0.3671116232872009,1
0.27291372418403625,1
0.35015419125556946,1
0.4110727906227112,1
0.2781539559364319,1
0.28468775749206543,1
0.30121535062789917,1
0.2846628725528717,1
0.40855735540390015,1
0.36703965067863464,1
0.3955495059490204,1
0.29961979389190674,1
0.3471074104309082,1
0.40264666080474854,1
0.39864787459373474,1
0.40784212946891785,1
0.3169099986553192,1
0.3390003740787506,1
0.4241134524345398,1
0.32610058784484863,1
0.3152020275592804,1
0.38567063212394714,1
0.2723619043827057,1
0.28390970826148987,1
0.32288089394569397,1
0.2546754479408264,1
0.4228082299232483,1
0.3293040692806244,1
0.38145875930786133,1
0.4139430820941925,1
0.3104874789714813,1
0.41705846786499023,1
0.3001077175140381,1
0.3332979083061218,1
0.3983590006828308,1
0.294772207736969,1
0.28078898787498474,1
0.29986560344696045,1
0.41441529989242554,1
0.4212645888328552,1
0.5169728398323059,1
0.24952813982963562,1
0.3142126798629761,1
0.306891530752182,1
0.27830976247787476,1
0.4106527268886566,1
0.317677766084671,1
0.4065934717655182,1
0.29320088028907776,1
0.36375752091407776,1
0.2918694317340851,1
0.2987663149833679,1
0.2774079144001007,1
0.3311691880226135,1
0.371326744556427,1
0.40562838315963745,1
0.4099505543708801,1
0.41399917006492615,1
0.4481559693813324,1
0.4454589784145355,1
0.3905295729637146,1
0.3234519064426422,1
0.3057917058467865,1
0.41699397563934326,1
0.4153326153755188,1
0.38546979427337646,1
0.37293320894241333,1
0.3876227140426636,1
0.3599722981452942,1
0.2897755205631256,1
0.27838942408561707,1
0.4160290062427521,1
0.3701710104942322,1
0.33213865756988525,1
0.399461567401886,1
0.3510337769985199,1
0.4267829954624176,1
0.42606261372566223,1
0.2956373989582062,1
0.32511839270591736,1
0.34163495898246765,1
0.38582512736320496,1
0.2934945225715637,1
0.33311349153518677,1
0.41901230812072754,1
0.33624404668807983,1
0.2521142363548279,1
0.3523809313774109,1
0.2985635995864868,1
0.26671138405799866,1
0.2333076298236847,1
0.46204960346221924,1
0.3285908102989197,1
0.26329919695854187,1
0.32438063621520996,1
0.3231043219566345,1
0.3986879587173462,1
0.37052786350250244,1
0.4245225191116333,1
0.3051530122756958,1
0.277407169342041,1
0.2773004174232483,1
0.5160179138183594,1
0.43593671917915344,1
0.27619659900665283,1
0.39891746640205383,1
0.42670929431915283,1
0.3143765926361084,1
0.42638206481933594,1
0.3747822046279907,1
0.26063457131385803,1
0.32039937376976013,1
0.3748784065246582,1
0.31606483459472656,1
0.28170686960220337,1
0.45819902420043945,1
0.40896761417388916,1
0.4673632085323334,1
0.3453734517097473,1
0.31891104578971863,1
0.40431535243988037,1
0.3427383005619049,1
0.33230870962142944,1
0.3931165933609009,1
0.31144076585769653,1
0.4904482662677765,1
0.49478521943092346,1
0.39194241166114807,1
0.34169942140579224,1
0.36413779854774475,1
0.31935933232307434,1
0.41546630859375,1
0.3852352201938629,1
0.3565465211868286,1
0.3968105912208557,1
0.5711351633071899,1
0.3669991195201874,1
0.35844799876213074,1
0.374666303396225,1
0.24134545028209686,1
0.31412220001220703,1
0.2135966420173645,1
0.3855084478855133,1
0.28886181116104126,1
0.332836776971817,1
0.27741649746894836,1
0.33472031354904175,1
0.3118657171726227,1
0.36539673805236816,1
0.35583746433258057,1
0.3538386821746826,1
0.40289878845214844,1
0.316250205039978,1
0.413274347782135,1
0.4399007558822632,1
0.3367201089859009,1
0.29399406909942627,1
0.3576435148715973,1
0.41098013520240784,1
0.2981640100479126,1
0.4797353148460388,1
0.37715351581573486,1
0.3257417678833008,1
0.2046092301607132,1
0.3271976113319397,1
0.34288161993026733,1
0.33134427666664124,1
0.2882668972015381,1
0.3110331892967224,1
0.3344672918319702,1
0.4849235415458679,1
0.40339377522468567,1
0.32116490602493286,1
0.35010844469070435,1
0.26562032103538513,1
0.31859689950942993,1
0.3148346543312073,1
0.45452168583869934,1
0.32025232911109924,1
0.3351128399372101,1
0.3499261438846588,1
0.3407759666442871,1
0.4314418435096741,1
0.30222806334495544,1
0.3540864884853363,1
0.48332512378692627,1
0.26337212324142456,1
0.36492493748664856,1
0.37576115131378174,1
0.47580063343048096,1
0.2838497757911682,1
0.38029366731643677,1
0.4665653109550476,1
0.37796133756637573,1
0.3730834722518921,1
0.3249438405036926,1
0.29634642601013184,1
0.33329835534095764,1
0.4045684039592743,1
0.2876277267932892,1
0.4250466227531433,1
0.2596141993999481,1
0.3537123203277588,1
0.38676461577415466,1
0.32503995299339294,1
0.2624015808105469,1
0.3698767423629761,1
0.40506505966186523,1
0.36678624153137207,1
0.48877161741256714,1
0.28651317954063416,1
0.3044840097427368,1
0.3962649703025818,1
0.31542834639549255,1
0.3591982126235962,1
0.21856138110160828,1
0.4920256733894348,1
0.4323962330818176,1
0.3752344846725464,1
0.29928943514823914,1
0.4022681415081024,1
0.2522270977497101,1
0.4654847979545593,1
0.2521757185459137,1
0.30167633295059204,1
0.3788222074508667,1
0.34317800402641296,1
0.370522677898407,1
0.4780045747756958,1
0.31382304430007935,1
0.367893785238266,1
0.3472433388233185,1
0.31740015745162964,1
0.3781670033931732,1
0.34728917479515076,1
0.36481985449790955,1
0.3674212098121643,1
0.3425966799259186,1
0.27648311853408813,1
0.3527742922306061,1
0.300986647605896,1
0.45387983322143555,1
0.34520959854125977,1
0.31045302748680115,1
0.4119793474674225,1
0.5081429481506348,1
0.3497387170791626,1
0.3197391927242279,1
0.47397580742836,1
0.32488948106765747,1
0.2794502377510071,1
0.3097681403160095,1
0.30963724851608276,1
0.45927345752716064,1
0.33401334285736084,1
0.40196874737739563,1
0.32089895009994507,1
0.352123498916626,1
0.30445143580436707,1
0.41683492064476013,1
0.36799243092536926,1
0.36463382840156555,1
0.327730268239975,1
0.4416612684726715,1
0.3825281262397766,1
0.27474042773246765,1
0.46474340558052063,1
0.25121742486953735,1
0.37703126668930054,1
0.4340563118457794,1
0.39853888750076294,1
0.36803919076919556,1
0.2711806297302246,1
0.3406694531440735,1
0.3791729211807251,1
0.3959314525127411,1
0.5275920629501343,1
0.36748477816581726,1
0.3877357840538025,1
0.36470168828964233,1
0.3477461040019989,1
0.3936668634414673,1
0.4001618027687073,1
0.30853384733200073,1
0.34066832065582275,1
0.29258638620376587,1
0.2861175835132599,1
0.32454314827919006,1
0.3243810832500458,1
0.3854562044143677,1
0.45923370122909546,1
0.302254855632782,1
0.2775142192840576,1
0.3578064441680908,1
0.3083544373512268,1
0.3542724847793579,1
0.46831080317497253,1
0.3159872889518738,1
0.26744887232780457,1
0.2822650969028473,1
0.27611368894577026,1
0.3659948706626892,1
0.30248352885246277,1
0.297579288482666,1
0.290454626083374,1
0.27106478810310364,1
0.32508131861686707,1
0.29464003443717957,1
0.3330407440662384,1
0.2756473422050476,1
0.3818868398666382,1
0.3396860957145691,1
0.32447385787963867,1
0.2999602258205414,1
0.30279621481895447,1
0.30308547616004944,1
0.2992885708808899,1
0.4650314450263977,1
0.39665818214416504,1
0.3597528338432312,1
0.299529492855072,1
0.3978796601295471,1
0.3019879460334778,1
0.36805129051208496,1
0.30365699529647827,1
0.3740057647228241,1
0.43362128734588623,1
0.3154095411300659,1
0.4122190475463867,1
0.3468158543109894,1
0.35323798656463623,1
0.3083387613296509,1
0.4707046449184418,1
0.34934765100479126,1
0.3094528615474701,1
0.3778422474861145,1
0.3158584535121918,1
0.35624459385871887,1
0.3720051050186157,1
0.36936742067337036,1
0.34437572956085205,1
0.32279425859451294,1
0.3014022707939148,1
0.32509154081344604,1
0.34604382514953613,1
0.26545342803001404,1
0.26719728112220764,1
0.3277989625930786,1
0.2654125690460205,1
0.2757616341114044,1
0.3427531123161316,1
0.4849427044391632,1
0.37372899055480957,1
0.3832850456237793,1
0.3346780240535736,1
0.3623785376548767,1
0.35506051778793335,1
0.4076070487499237,1
0.30033156275749207,1
0.23130729794502258,1
0.3816036581993103,1
0.36263981461524963,1
0.39781254529953003,1
0.28396254777908325,1
0.47162070870399475,1
0.49242281913757324,1
0.4047870635986328,1
0.3266390562057495,1
0.35804083943367004,1
0.31733277440071106,1
0.37473952770233154,1
0.337780237197876,1
0.38427734375,1
0.35359135270118713,1
0.3647460341453552,1
0.3698148727416992,1
0.3471587896347046,1
0.42511075735092163,1
0.40718168020248413,1
0.3794415593147278,1
0.3234291672706604,1
0.3564743399620056,1
0.366809606552124,1
0.4221686124801636,1
0.44700032472610474,1
0.3615260422229767,1
0.2878643870353699,1
0.27182573080062866,1
0.421450138092041,1
0.4560052752494812,1
0.2779063582420349,1
0.2516573667526245,1
0.3727908730506897,1
0.46448442339897156,1
0.38894397020339966,1
0.31842654943466187,1
0.3378918170928955,1
0.2967296540737152,1
0.478496789932251,1
0.32627761363983154,1
0.323515921831131,1
0.297929584980011,1
0.2978624701499939,1
0.41317853331565857,1
0.36038559675216675,1
0.3639572858810425,1
0.3987543284893036,1
0.3341418504714966,1
0.3914831578731537,1
0.48905298113822937,1
0.40959763526916504,1
0.4238215386867523,1
0.37510356307029724,1
0.3241729140281677,1
0.4114137887954712,1
0.3625071048736572,1
0.27403125166893005,1
0.36612945795059204,1
0.3844108581542969,1
0.30284833908081055,1
0.383530855178833,1
0.45800113677978516,1
0.3401760756969452,1
0.38655903935432434,1
0.30797237157821655,1
0.3424270749092102,1
0.3212660551071167,1
0.3540779650211334,1
0.31060582399368286,1
0.26195797324180603,1
0.45082592964172363,1
0.32932570576667786,1
0.32520154118537903,1
0.4085436463356018,1
0.35504886507987976,1
0.37087929248809814,1
0.25899815559387207,1
0.28645849227905273,1
0.33262380957603455,1
0.5036748647689819,1
0.5018696784973145,1
0.3840656280517578,1
0.38707345724105835,1
0.4498400092124939,1
0.3558657467365265,1
0.2850257158279419,1
0.32992005348205566,1
0.29127901792526245,1
0.2540251314640045,1
0.31601303815841675,1
0.30623865127563477,1
0.3603079915046692,1
0.2532428801059723,1
0.41642671823501587,1
0.5668519139289856,1
0.2980220317840576,1
0.3003406524658203,1
0.28184860944747925,1
0.3580474853515625,1
0.25512051582336426,1
0.3438428044319153,1
0.3318621516227722,1
0.3243507146835327,1
0.33964812755584717,1
0.410893976688385,1
0.44981515407562256,1
0.33997195959091187,1
0.4571044445037842,1
0.30170777440071106,1
0.3032976984977722,1
0.4519422948360443,1
0.3143455982208252,1
0.3766160309314728,1
0.3049263656139374,1
0.29206836223602295,1
0.3174545168876648,1
0.3787400722503662,1
0.3728598356246948,1
0.40539246797561646,1
0.3121960163116455,1
0.3556693494319916,1
0.32549071311950684,1
0.36150452494621277,1
0.3794965445995331,1
0.41654953360557556,1
0.37867408990859985,1
0.3363581895828247,1
0.4297068417072296,1
0.32336896657943726,1
0.4762134552001953,1
0.26695701479911804,1
0.4321006238460541,1
0.3507229685783386,1
0.2555249035358429,1
0.4527820944786072,1
0.3863660991191864,1
0.4049718379974365,1
0.33955371379852295,1
0.3697550892829895,1
0.34846556186676025,1
0.34147244691848755,1
0.3641010820865631,1
0.4271368384361267,1
0.3685445189476013,1
0.2552690804004669,1
0.35567352175712585,1
0.45093482732772827,1
0.4144602119922638,1
0.3413587510585785,1
0.37170684337615967,1
0.5412553548812866,1
0.36943885684013367,1
0.32321834564208984,1
0.37328439950942993,1
0.3310035467147827,1
0.4039951264858246,1
0.28784918785095215,1
0.3921964168548584,1
0.472468763589859,1
0.42825329303741455,1
0.33773520588874817,1
0.27646276354789734,1
0.41828709840774536,1
0.4198753237724304,1
0.33557790517807007,1
0.34599000215530396,1
0.4113805592060089,1
0.4001893997192383,1
0.34338727593421936,1
0.46006810665130615,1
0.33999955654144287,1
0.4803895354270935,1
0.3413317799568176,1
0.277994841337204,1
0.33109569549560547,1
0.3924521207809448,1
0.35708487033843994,1
0.40025264024734497,1
0.308634877204895,1
0.35083621740341187,1
0.3401898145675659,1
0.36863791942596436,1
0.2725842297077179,1
0.3768605887889862,1
0.3563736081123352,1
0.3697811961174011,1
0.21160519123077393,1
0.3697652220726013,1
0.4187304973602295,1
0.31199249625205994,1
0.337150901556015,1
0.2699068784713745,1
0.3530168831348419,1
0.32973015308380127,1
0.5088858604431152,1
0.37486013770103455,1
0.3613235354423523,1
0.36512431502342224,1
0.42284509539604187,1
0.4783897399902344,1
0.30494916439056396,1
0.2867322862148285,1
0.41299182176589966,1
0.3605770468711853,1
0.3152152895927429,1
0.3848484754562378,1
0.263709157705307,1
0.43579453229904175,1
0.4173070192337036,1
0.3017504811286926,1
0.22908636927604675,1
0.3624395728111267,1
0.278213769197464,1
0.3131678104400635,1
0.3750578463077545,1
0.28560614585876465,1
0.40855926275253296,1
0.33454716205596924,1
0.3643206059932709,1
0.35396307706832886,1
0.32241782546043396,1
0.42296600341796875,1
0.3180932104587555,1
0.2888798117637634,1
0.36485132575035095,1
0.30869805812835693,1
0.37348905205726624,1
0.36978113651275635,1
0.41945958137512207,1
0.43358349800109863,1
0.2879233956336975,1
0.4206432104110718,1
0.3864554762840271,1
0.3610025644302368,1
0.2675304710865021,1
0.3621075749397278,1
0.39527228474617004,1
0.3718118667602539,1
0.372872531414032,1
0.3332548141479492,1
0.32581204175949097,1
0.4058123826980591,1
0.37662237882614136,1
0.2559215724468231,1
0.3644099235534668,1
0.39546746015548706,1
0.4714127779006958,1
0.35683751106262207,1
0.30608004331588745,1
0.4000829756259918,1
0.33338648080825806,1
0.42865145206451416,1
0.31024688482284546,1
0.315119206905365,1
0.3486296236515045,1
0.2671786844730377,1
0.35169535875320435,1
0.36158013343811035,1
0.38016945123672485,1
0.38211438059806824,1
0.33025693893432617,1
0.3977473974227905,1
0.5128613710403442,1
0.3430010974407196,1
0.3089783489704132,1
0.42431020736694336,1
0.31876689195632935,1
0.42145565152168274,1
0.32303935289382935,1
0.2777809500694275,1
0.36560553312301636,1
0.4139820337295532,1
0.30979210138320923,1
0.48979753255844116,1
0.35245147347450256,1
0.4070355296134949,1
0.2500024735927582,1
0.3662042021751404,1
0.31652671098709106,1
0.3672288656234741,1
0.37286606431007385,1
0.4260448217391968,1
0.32761532068252563,1
0.3230780363082886,1
0.3694329857826233,1
0.3520629405975342,1
0.4120274484157562,1
0.22887775301933289,1
0.41655927896499634,1
0.42496782541275024,1
0.3742392361164093,1
0.2868724763393402,1
0.3096243441104889,1
0.41462135314941406,1
0.32576507329940796,1
0.2766885757446289,1
0.32402321696281433,1
0.2823356091976166,1
0.3883539140224457,1
0.45905953645706177,1
0.3965061902999878,1
0.29942503571510315,1
0.32668548822402954,1
0.37925097346305847,1
0.3015037178993225,1
0.38731759786605835,1
0.30586040019989014,1
0.2688118815422058,1
0.32735079526901245,1
0.32599061727523804,1
0.4500133991241455,1
0.30429166555404663,1
0.33458054065704346,1
0.3846786916255951,1
0.3536527752876282,1
0.3111690878868103,1
0.26840394735336304,1
0.3645709753036499,1
0.26749715209007263,1
0.3492142856121063,1
0.3826335668563843,1
0.26726430654525757,1
0.34330734610557556,1
0.3126785159111023,1
0.35520872473716736,1
0.33864155411720276,1
0.40996724367141724,1
0.26143938302993774,1
0.29856985807418823,1
0.34515881538391113,1
0.2980603873729706,1
0.41750192642211914,1
0.33440694212913513,1
0.287762850522995,1
0.37910306453704834,1
0.3048841953277588,1
0.3683587908744812,1
0.37169814109802246,1
0.36331602931022644,1
0.34195053577423096,1
0.2928047478199005,1
0.3246341943740845,1
0.33118581771850586,1
0.3139558434486389,1
0.27082303166389465,1
0.37877190113067627,1
0.32450443506240845,1
0.32447588443756104,1
0.3983418345451355,1
0.30396324396133423,1
0.5517466068267822,1
0.3731301426887512,1
0.38386961817741394,1
0.30727577209472656,1
0.4113674461841583,1
0.261721134185791,1
0.32516908645629883,1
0.30038103461265564,1
0.2856563627719879,1
0.3230717182159424,1
0.3629201650619507,1
0.2896919846534729,1
0.3292143940925598,1
0.3333563804626465,1
0.3527200222015381,1
0.23128502070903778,1
0.2969163656234741,1
0.42236611247062683,1
0.3698650896549225,1
0.3872874975204468,1
0.29068711400032043,1
0.30922847986221313,1
0.3046287000179291,1
0.47358977794647217,1
0.25679972767829895,1
0.36776745319366455,1
0.4002319276332855,1
0.37507858872413635,1
0.24639692902565002,1
0.36618953943252563,1
0.40771958231925964,1
0.34279558062553406,1
0.3490000367164612,1
0.3270445466041565,1
0.39944469928741455,1
0.3164200186729431,1
0.3343551754951477,1
0.2925063967704773,1
0.3425810933113098,1
0.2866424322128296,1
0.3454629182815552,1
0.3429763615131378,1
0.2812722325325012,1
0.464358389377594,1
0.4074775278568268,1
0.27896639704704285,1
0.29735496640205383,1
0.42661261558532715,1
0.272233784198761,1
0.3761492371559143,1
0.3099866807460785,1
0.41289418935775757,1
0.28894782066345215,1
0.4124285578727722,1
0.30821317434310913,1
0.3137319087982178,1
0.27035701274871826,1
0.31917572021484375,1
0.37622955441474915,1
0.3199128210544586,1
0.5207133889198303,1
0.3697865903377533,1
0.34193140268325806,1
0.4385129511356354,1
0.4567798376083374,1
0.3308354318141937,1
0.3150147795677185,1
0.2915549874305725,1
0.4447341859340668,1
0.3219035863876343,1
0.35989588499069214,1
0.351211816072464,1
0.3507358431816101,1
0.365231990814209,1
0.3951011896133423,1
0.2673070430755615,1
0.31928861141204834,1
0.3930895924568176,1
0.4525492489337921,1
0.25352346897125244,1
0.40178361535072327,1
0.36624854803085327,1
0.3959716856479645,1
0.36807870864868164,1
0.2863024175167084,1
0.34725314378738403,1
0.42479076981544495,1
0.18117782473564148,1
0.31292983889579773,1
0.3327574133872986,1
0.5254616737365723,1
0.3225366473197937,1
0.23171702027320862,1
0.2929321825504303,1
0.28344038128852844,1
0.34905627369880676,1
0.3373830318450928,1
0.31433817744255066,1
0.43549424409866333,1
0.3052166700363159,1
0.4149513244628906,1
0.28758084774017334,1
0.3141021430492401,1
0.24879340827465057,1
0.2972198724746704,1
0.29580825567245483,1
0.4772142469882965,1
0.3480432629585266,1
0.33008429408073425,1
0.351106196641922,1
0.41401439905166626,1
0.23296970129013062,1
0.351671040058136,1
0.348854124546051,1
0.30828383564949036,1
0.44926396012306213,1
0.3152657747268677,1
0.27353328466415405,1
0.5165147185325623,1
0.2844211161136627,1
0.3884293735027313,1
0.3374449610710144,1
0.32478734850883484,1
0.34483060240745544,1
0.28059887886047363,1
0.24616476893424988,1
0.24152478575706482,1
0.32986509799957275,1
0.32097578048706055,1
0.4251813292503357,1
0.3563345670700073,1
0.3336807191371918,1
0.42202335596084595,1
0.2906317114830017,1
0.4724568724632263,1
0.29975375533103943,1
0.28902316093444824,1
0.23976154625415802,1
0.29513007402420044,1
0.2953394651412964,1
0.38292720913887024,1
0.42836469411849976,1
0.4030728340148926,1
0.520305335521698,1
0.2566811740398407,1
0.3451208770275116,1
0.35083889961242676,1
0.3170904517173767,1
0.3765704929828644,1
0.290858656167984,1
0.5038033127784729,1
0.28238359093666077,1
0.27908802032470703,1
0.38997265696525574,1
0.31224337220191956,1
0.2808155119419098,1
0.3098154664039612,1
0.3157600164413452,1
0.24627110362052917,1
0.2852023243904114,1
0.5336986780166626,1
0.31253692507743835,1
0.2719203233718872,1
0.3820760250091553,1
0.33644217252731323,1
0.38613492250442505,1
0.2355453372001648,1
0.30193912982940674,1
0.23461350798606873,1
0.21278035640716553,1
0.25563377141952515,1
0.30207735300064087,1
0.2731412351131439,1
0.29332149028778076,1
0.3541325628757477,1
0.35604214668273926,1
0.32064658403396606,1
0.32305780053138733,1
0.28016969561576843,1
0.3740725815296173,1
0.42413628101348877,1
0.39212629199028015,1
0.40679001808166504,1
0.3867770731449127,1
0.33442962169647217,1
0.2685413956642151,1
0.3014789819717407,1
0.5028924942016602,1
0.3528369069099426,1
0.5716350078582764,1
0.2569116950035095,1
0.37162312865257263,1
0.40633171796798706,1
0.32772862911224365,1
0.3340568542480469,1
0.2929699420928955,1
0.18394316732883453,1
0.3637053370475769,1
0.29101312160491943,1
0.29748743772506714,1
0.44296228885650635,1
0.3028835654258728,1
0.2883237600326538,1
0.34146973490715027,1
0.301155686378479,1
0.35378938913345337,1
0.29169851541519165,1
0.3668902814388275,1
0.41668692231178284,1
0.452640175819397,1
0.2702857255935669,1
0.5252252221107483,1
0.4019472897052765,1
0.3326779007911682,1
0.28963518142700195,1
0.3689090609550476,1
0.26850393414497375,1
0.3191036581993103,1
0.44250354170799255,1
0.39780861139297485,1
0.23107360303401947,1
0.35555845499038696,1
0.2391001582145691,1
0.3138972818851471,1
0.33353888988494873,1
0.3721943199634552,1
0.3859872817993164,1
0.3726581335067749,1
0.3360334634780884,1
0.35710182785987854,1
0.27881109714508057,1
0.3040086627006531,1
0.3071729242801666,1
0.26510587334632874,1
0.4104101359844208,1
0.3835684359073639,1
0.3313368856906891,1
0.35090532898902893,1
0.2591998875141144,1
0.35198354721069336,1
0.34664037823677063,1
0.3742288053035736,1
0.23041267693042755,1
0.39200177788734436,1
0.34475886821746826,1
0.3983532190322876,1
0.4045830965042114,1
0.3693447709083557,1
0.3986746668815613,1
0.4137282371520996,1
0.2486266791820526,1
0.3407576084136963,1
0.26645559072494507,1
0.29758113622665405,1
0.2508739233016968,1
0.5572075843811035,1
0.32102274894714355,1
0.32308313250541687,1
0.30111655592918396,1
0.3430442810058594,1
0.2885386347770691,1
0.3054981827735901,1
0.369642436504364,1
0.49303150177001953,1
0.35814571380615234,1
0.3142908811569214,1
0.30245986580848694,1
0.29243677854537964,1
0.3207719922065735,1
0.5237147808074951,1
0.373197078704834,1
0.3556818962097168,1
0.37592852115631104,1
0.31726139783859253,1
0.39858120679855347,1
0.3198021650314331,1
0.5452135801315308,1
0.39825117588043213,1
0.36262083053588867,1
0.46658748388290405,1
0.3626099228858948,1
0.4119419455528259,1
0.36341142654418945,1
0.263243168592453,1
0.3847282826900482,1
0.28777262568473816,1
0.3620849847793579,1
0.27876439690589905,1
0.3447049856185913,1
0.3451644480228424,1
0.2754870057106018,1
0.33722972869873047,1
0.39006972312927246,1
0.33782675862312317,1
0.3993721008300781,1
0.3242970108985901,1
0.38132864236831665,1
0.28280436992645264,1
0.23192483186721802,1
0.24758823215961456,1
0.4098227620124817,1
0.37118375301361084,1
0.3068666160106659,1
0.19482417404651642,1
0.3134159743785858,1
0.5080176591873169,1
0.38710319995880127,1
0.42996108531951904,1
0.37662649154663086,1
0.24410852789878845,1
0.3553416132926941,1
0.2805447578430176,1
0.27625399827957153,1
0.3420472741127014,1
0.31957006454467773,1
0.3106682002544403,1
0.33632704615592957,1
0.2993433475494385,1
0.3249085545539856,1
0.3699144721031189,1
0.44764822721481323,1
0.3149108290672302,1
0.3149961829185486,1
0.28324252367019653,1
0.31291133165359497,1
0.35846129059791565,1
0.34916993975639343,1
0.2701301574707031,1
0.3348137140274048,1
0.3576124310493469,1
0.4024808704853058,1
0.2961243987083435,1
0.22122415900230408,1
0.43674004077911377,1
0.31723302602767944,1
0.2727281451225281,1
0.2789894640445709,1
0.34538108110427856,1
0.41456061601638794,1
0.4937012195587158,1
0.4698420763015747,1
0.29179996252059937,1
0.2888917326927185,1
0.3295464813709259,1
0.40424907207489014,1
0.34957900643348694,1
0.3138977289199829,1
0.35803574323654175,1
0.3727591633796692,1
0.3957865834236145,1
0.22377429902553558,1
0.2766772508621216,1
0.33998772501945496,1
0.2749761939048767,1
0.42449650168418884,1
0.33312052488327026,1
0.37417683005332947,1
0.3152797222137451,1
0.41599199175834656,1
0.3289150595664978,1
0.26172196865081787,1
0.38199180364608765,1
0.3475992679595947,1
0.38218551874160767,1
0.3869798481464386,1
0.31143173575401306,1
0.3566669225692749,1
0.3473660945892334,1
0.29402077198028564,1
0.2650083005428314,1
0.46811357140541077,1
0.3891603946685791,1
0.4267039895057678,1
0.3318224847316742,1
0.41145098209381104,1
0.3419190049171448,1
0.4063296318054199,1
0.37091535329818726,1
0.33578169345855713,1
0.2925688326358795,1
0.3767312169075012,1
0.3874448835849762,1
0.38919657468795776,1
0.3935612738132477,1
0.3150452971458435,1
0.31167489290237427,1
0.28311681747436523,1
0.2974761128425598,1
0.294973224401474,1
0.27487462759017944,1
0.3181717097759247,1
0.3650452494621277,1
0.43832555413246155,1
0.30537551641464233,1
0.40822476148605347,1
0.28401947021484375,1
0.35606566071510315,1
0.30951109528541565,1
0.3851296007633209,1
0.4431793987751007,1
0.30277135968208313,1
0.34476983547210693,1
0.39702391624450684,1
0.19839869439601898,1
0.2965444028377533,1
0.304446816444397,1
0.2730615437030792,1
0.47044530510902405,1
0.5055728554725647,1
0.3119983673095703,1
0.3221730589866638,1
0.2992652654647827,1
0.38729649782180786,1
0.4557441771030426,1
0.39724236726760864,1
0.31890350580215454,1
0.3728887140750885,1
0.29342758655548096,1
0.3167527914047241,1
0.361846923828125,1
0.2742401957511902,1
0.424298495054245,1
0.24372336268424988,1
0.340613454580307,1
0.34573739767074585,1
0.3529818058013916,1
0.2575443983078003,1
0.3390792906284332,1
0.265820175409317,1
0.40513089299201965,1
0.27400094270706177,1
0.4138467311859131,1
0.4027746617794037,1
0.43223392963409424,1
0.3828508257865906,1
0.3562406897544861,1
0.25948867201805115,1
0.33948230743408203,1
0.40802210569381714,1
0.29011255502700806,1
0.3528086841106415,1
0.3507096469402313,1
0.459152489900589,1
0.376660019159317,1
0.3795909881591797,1
0.3158072233200073,1
0.3381108045578003,1
0.33690837025642395,1
0.3249489665031433,1
0.27868956327438354,1
0.4259302020072937,1
0.24729809165000916,1
0.37441131472587585,1
0.34463977813720703,1
0.2772939205169678,1
0.3794381618499756,1
0.32689380645751953,1
0.358062744140625,1
0.35211679339408875,1
0.32341063022613525,1
0.37131932377815247,1
0.3623495399951935,1
0.34359675645828247,1
0.3458603024482727,1
0.3398649990558624,1
0.4634166955947876,1
0.33532559871673584,1
0.45397213101387024,1
0.36372214555740356,1
0.34507980942726135,1
0.3862708806991577,1
0.29304039478302,1
0.3125777244567871,1
0.4576341509819031,1
0.3729650676250458,1
0.28282424807548523,1
0.29204538464546204,1
0.4637901484966278,1
0.3581887483596802,1
0.5209316611289978,1
0.34018489718437195,1
0.4241425395011902,1
0.3740066587924957,1
0.24624231457710266,1
0.3271445035934448,1
0.28634557127952576,1
0.3061393201351166,1
0.31524598598480225,1
0.22583292424678802,1
0.26586514711380005,1
0.29548728466033936,1
0.4015001654624939,1
0.4450235962867737,1
0.4031057357788086,1
0.43113869428634644,1
0.5271741151809692,1
0.2551001310348511,1
0.3430447578430176,1
0.5056601762771606,1
0.47205767035484314,1
0.387048602104187,1
0.33441826701164246,1
0.4896785020828247,1
0.4204429090023041,1
0.4982364773750305,1
0.40022188425064087,1
0.3919258117675781,1
0.35559335350990295,1
0.26377880573272705,1
0.34624361991882324,1
0.48220422863960266,1
0.4565313458442688,1
0.34276843070983887,1
0.46567532420158386,1
0.35293740034103394,1
0.29296836256980896,1
0.4116220474243164,1
0.25397250056266785,1
0.4335208535194397,1
0.3185584545135498,1
0.4234338104724884,1
0.34300553798675537,1
0.3306274116039276,1
0.4093709886074066,1
0.400424599647522,1
0.33656248450279236,1
0.327872097492218,1
0.33261939883232117,1
0.4125415086746216,1
0.41441673040390015,1
0.28909528255462646,1
0.2940140962600708,1
0.37225210666656494,1
0.4118242859840393,1
0.42548978328704834,1
0.3833378553390503,1
0.42850351333618164,1
0.3706597089767456,1
0.30865478515625,1
0.3497728109359741,1
0.3137255311012268,1
0.386761337518692,1
0.4157317876815796,1
0.31122443079948425,1
0.3070269227027893,1
0.3539307117462158,1
0.41316139698028564,1
0.2854764461517334,1
0.35720980167388916,1
0.29055535793304443,1
0.3817133605480194,1
0.5767599940299988,1
0.2572926878929138,1
0.35053375363349915,1
0.3239147663116455,1
0.3986073136329651,1
0.31371358036994934,1
0.2954971194267273,1
0.47514230012893677,1
0.3524148464202881,1
0.3453938364982605,1
0.30743831396102905,1
0.36488011479377747,1
0.3338431119918823,1
0.4334369897842407,1
0.4269537329673767,1
0.32454341650009155,1
0.2536104917526245,1
0.29354944825172424,1
0.3751952052116394,1
0.38464945554733276,1
0.35217759013175964,1
0.5568410158157349,1
0.37050390243530273,1
0.3167225122451782,1
0.33102166652679443,1
0.331915944814682,1
0.37793177366256714,1
0.32738566398620605,1
0.3762251138687134,1
0.34484991431236267,1
0.4176430404186249,1
0.36883091926574707,1
0.37727051973342896,1
0.34566837549209595,1
0.32510778307914734,1
0.27100035548210144,1
0.30015382170677185,1
0.31805938482284546,1
0.4202890396118164,1
0.30287522077560425,1
0.3591512441635132,1
0.34681975841522217,1
0.34041720628738403,1
0.2982427775859833,1
0.3743463158607483,1
0.39903420209884644,1
0.25998711585998535,1
0.5012317299842834,1
0.3102699816226959,1
0.4226245880126953,1
0.3134188950061798,1
0.37880098819732666,1
0.3388490676879883,1
0.3584136366844177,1
0.42936843633651733,1
0.28346580266952515,1
0.39068084955215454,1
0.2645470201969147,1
0.2920041084289551,1
0.3627738952636719,1
0.3293338119983673,1
0.26052290201187134,1
0.4153044819831848,1
0.3153785765171051,1
0.4282416105270386,1
0.3598819673061371,1
0.45606982707977295,1
0.5170844793319702,1
0.3253159821033478,1
0.30128586292266846,1
0.32704126834869385,1
0.28671175241470337,1
0.30351582169532776,1
0.33396148681640625,1
0.3554832339286804,1
0.3522220253944397,1
0.3167373239994049,1
0.3669137954711914,1
0.35555827617645264,1
0.2299879789352417,1
0.42233285307884216,1
0.350631445646286,1
0.5062099695205688,1
0.30582407116889954,1
0.3089393079280853,1
0.4074012041091919,1
0.34127557277679443,1
0.2804860770702362,1
0.4699226915836334,1
0.3006592094898224,1
0.4119272828102112,1
0.32250577211380005,1
0.28395187854766846,1
0.36080318689346313,1
0.24541467428207397,1
0.2734677791595459,1
0.3920212984085083,1
0.41713887453079224,1
0.4461059272289276,1
0.4426047205924988,1
0.47531092166900635,1
0.3506353795528412,1
0.3729534149169922,1
0.3578423261642456,1
0.4139769673347473,1
0.43358302116394043,1
0.3169882893562317,1
0.30111631751060486,1
0.29921555519104004,1
0.3654802739620209,1
0.30683135986328125,1
0.3246045410633087,1
0.3844320774078369,1
0.41316789388656616,1
0.3396006226539612,1
0.2662542760372162,1
0.33534079790115356,1
0.3210386633872986,1
0.44346144795417786,1
0.3041859269142151,1
0.34242886304855347,1
0.34189626574516296,1
0.33692315220832825,1
0.38171517848968506,1
0.3960479199886322,1
0.34886518120765686,1
0.48028165102005005,1
0.3190150856971741,1
0.33658528327941895,1
0.30478495359420776,1
0.3718772828578949,1
0.42657995223999023,1
0.40232256054878235,1
0.24456225335597992,1
0.34692898392677307,1
0.5217129588127136,1
0.485036700963974,1
0.32691842317581177,1
0.3284560441970825,1
0.39569616317749023,1
0.30680346488952637,1
0.28078049421310425,1
0.4405539035797119,1
0.39733484387397766,1
0.3618031144142151,1
0.2479156255722046,1
0.3048255443572998,1
0.34174782037734985,1
0.31195732951164246,1
0.3685024380683899,1
0.2869418263435364,1
0.26811134815216064,1
0.41140425205230713,1
0.34860920906066895,1
0.2999520003795624,1
0.470921128988266,1
0.3511585593223572,1
0.38180142641067505,1
0.39276617765426636,1
0.35075944662094116,1
0.3080974221229553,1
0.5212090611457825,1
0.3633040189743042,1
0.3139095902442932,1
0.4326108396053314,1
0.39804306626319885,1
0.3953380584716797,1
0.3885062336921692,1
0.4069984257221222,1
0.3175243139266968,1
0.31979912519454956,1
0.3308505713939667,1
0.37712910771369934,1
0.3129328787326813,1
0.4047318398952484,1
0.3321561813354492,1
0.33376961946487427,1
0.34141555428504944,1
0.29207655787467957,1
0.3529784381389618,1
0.42692482471466064,1
0.2878894507884979,1
0.3526449501514435,1
0.3021065890789032,1
0.40726810693740845,1
0.4183371067047119,1
0.467515230178833,1
0.3212865889072418,1
0.3588562607765198,1
0.43755847215652466,1
0.313334584236145,1
0.3301450312137604,1
0.34358131885528564,1
0.4481135606765747,1
0.3432987630367279,1
0.4141882359981537,1
0.29723596572875977,1
0.4059075713157654,1
0.510773777961731,1
0.40328747034072876,1
0.336609423160553,1
0.38910922408103943,1
0.3387987017631531,1
0.25733593106269836,1
0.3553577661514282,1
0.3255433142185211,1
0.36734306812286377,1
0.4841448962688446,1
0.2670014798641205,1
0.4097331166267395,1
0.3044063150882721,1
0.30922022461891174,1
0.3782508373260498,1
0.39378800988197327,1
0.3352186977863312,1
0.37910014390945435,1
0.37776070833206177,1
0.4521730840206146,1
0.30255913734436035,1
0.3504343032836914,1
0.4772050380706787,1
0.4152936339378357,1
0.3720896244049072,1
0.3135243058204651,1
0.3636908531188965,1
0.25569427013397217,1
0.35434579849243164,1
0.326416552066803,1
0.3843767046928406,1
0.2462051808834076,1
0.424127995967865,1
0.291157603263855,1
0.29830455780029297,1
0.4497303366661072,1
0.34725964069366455,1
0.33183223009109497,1
0.30538034439086914,1
0.40003326535224915,1
0.3133985102176666,1
0.2637345790863037,1
0.4539167582988739,1
0.31458157300949097,1
0.4198472499847412,1
0.42417454719543457,1
0.5287469029426575,1
0.3944968283176422,1
0.3354802131652832,1
0.39381712675094604,1
0.4328104257583618,1
0.3618529736995697,1
0.3252356946468353,1
0.3791099786758423,1
0.3670271039009094,1
0.42370355129241943,1
0.33619168400764465,1
0.3231624364852905,1
0.27564722299575806,1
0.36376115679740906,1
0.27139851450920105,1
0.42929089069366455,1
0.2893853485584259,1
0.4299643635749817,1
0.39211201667785645,1
0.3702661991119385,1
0.34927892684936523,1
0.47005289793014526,1
0.29572951793670654,1
0.2938890755176544,1
0.2798519730567932,1
0.3148658871650696,1
0.2778075039386749,1
0.4356042444705963,1
0.3267275094985962,1
0.29978418350219727,1
0.39499813318252563,1
0.2611561119556427,1
0.4761585593223572,1
0.3971403241157532,1
0.42629125714302063,1
0.3985317647457123,1
0.3718379735946655,1
0.30541718006134033,1
0.28329771757125854,1
0.39430493116378784,1
0.33838069438934326,1
0.27342551946640015,1
0.32034191489219666,1
0.38215529918670654,1
0.36660343408584595,1
0.35809028148651123,1
0.3362738788127899,1
0.3200586438179016,1
0.37583640217781067,1
0.4196816086769104,1
0.45122796297073364,1
0.3462725877761841,1
0.341148316860199,1
0.41658222675323486,1
0.4557817280292511,1
0.3648790121078491,1
0.32342788577079773,1
0.34818387031555176,1
0.3921327590942383,1
0.24967285990715027,1
0.33632099628448486,1
0.3470537066459656,1
0.3515622317790985,1
0.3235640525817871,1
0.27111297845840454,1
0.3073424994945526,1
0.3581419587135315,1
0.35682937502861023,1
0.30878105759620667,1
0.3801111578941345,1
0.3167083263397217,1
0.36230751872062683,1
0.46632659435272217,1
0.40566539764404297,1
0.3115490674972534,1
0.32950475811958313,1
0.37526005506515503,1
0.41429054737091064,1
0.34066668152809143,1
0.2980375289916992,1
0.3034621477127075,1
0.259311318397522,1
0.28918254375457764,1
0.35747000575065613,1
0.3902164697647095,1
0.35129499435424805,1
0.26111966371536255,1
0.4388498067855835,1
0.3493422567844391,1
0.3896603584289551,1
0.43207627534866333,1
0.44360464811325073,1
0.3295396566390991,1
0.46290549635887146,1
0.30412039160728455,1
0.2433580607175827,1
0.30908462405204773,1
0.4397508502006531,1
0.28194108605384827,1
0.5434702634811401,1
0.3220081925392151,1
0.40102678537368774,1
0.28249624371528625,1
0.3992477059364319,1
0.3498685359954834,1
0.3261414170265198,1
0.3345944881439209,1
0.386799693107605,1
0.3736816942691803,1
0.3547094464302063,1
0.3701742887496948,1
0.3507876396179199,1
0.33231183886528015,1
0.3438172936439514,1
0.3253377676010132,1
0.32346194982528687,1
0.18928468227386475,1
0.30908188223838806,1
0.274215430021286,1
0.2946292757987976,1
0.3657762110233307,1
0.23385530710220337,1
0.2709442377090454,1
0.3238416314125061,1
0.34529754519462585,1
0.2957274615764618,1
0.4223290979862213,1
0.3671616315841675,1
0.2953280508518219,1
0.32606393098831177,1
0.2975492477416992,1
0.41277045011520386,1
0.37125253677368164,1
0.3531166911125183,1
0.4569275379180908,1
0.44765937328338623,1
0.34557852149009705,1
0.20700818300247192,1
0.38315343856811523,1
0.25269079208374023,1
0.2774727940559387,1
0.4152441918849945,1
0.3088988661766052,1
0.40215495228767395,1
0.32216495275497437,1
0.35671836137771606,1
0.3483940660953522,1
0.3641219139099121,1
0.3347160518169403,1
0.4143298864364624,1
0.3655771017074585,1
0.36347803473472595,1
0.323960542678833,1
0.3052482604980469,1
0.27260899543762207,1
0.3795962333679199,1
0.35481393337249756,1
0.4861222505569458,1
0.31372761726379395,1
0.39875084161758423,1
0.2778995931148529,1
0.3070943355560303,1
0.32718536257743835,1
0.29212281107902527,1
0.3602263033390045,1
0.48441922664642334,1
0.4053637683391571,1
0.4922216534614563,1
0.35068637132644653,1
0.4056987166404724,1
0.4054078161716461,1
0.2709246277809143,1
0.40468260645866394,1
0.2906453609466553,1
0.41683894395828247,1
0.44913214445114136,1
0.4034002125263214,1
0.4414069950580597,1
0.3380899727344513,1
0.3520933985710144,1
0.41697701811790466,1
0.4014585614204407,1
0.4442324638366699,1
0.4798542559146881,1
0.251120388507843,1
0.29571783542633057,1
0.3366716206073761,1
0.34671396017074585,1
0.3927859365940094,1
0.3529949188232422,1
0.3332015573978424,1
0.325778990983963,1
0.43291011452674866,1
0.34413179755210876,1
0.34157705307006836,1
0.28084638714790344,1
0.3295043408870697,1
0.2384232133626938,1
0.3256063163280487,1
0.41660887002944946,1
0.3898829221725464,1
0.41271013021469116,1
0.29541370272636414,1
0.3193497061729431,1
0.3917427659034729,1
0.34632083773612976,1
0.4783313274383545,1
0.35911351442337036,1
0.2184564769268036,1
0.30857083201408386,1
0.3301606774330139,1
0.2814098000526428,1
0.3437814712524414,1
0.4110982120037079,1
0.3331383168697357,1
0.18224366009235382,1
0.35632187128067017,1
0.23566649854183197,1
0.39740365743637085,1
0.41463643312454224,1
0.3169988989830017,1
0.40758538246154785,1
0.2825055420398712,1
0.32063955068588257,1
0.31968969106674194,1
0.3607739806175232,1
0.39960747957229614,1
0.29146456718444824,1
0.32282698154449463,1
0.3802890181541443,1
0.28791338205337524,1
0.2624761164188385,1
0.24609240889549255,1
0.38880008459091187,1
0.28689730167388916,1
0.35861146450042725,1
0.4055272340774536,1
0.2741289734840393,1
0.3754352331161499,1
0.40621599555015564,1
0.34487682580947876,1
0.330733060836792,1
0.2822263836860657,1
0.36052852869033813,1
0.40211552381515503,1
0.34069299697875977,1
0.3324304223060608,1
0.30733662843704224,1
0.27385377883911133,1
0.5180425643920898,1
0.31798505783081055,1
0.35286810994148254,1
0.45634377002716064,1
0.36734703183174133,1
0.3294332027435303,1
0.3463011085987091,1
0.3657127320766449,1
0.3045693635940552,1
0.3532361686229706,1
0.35496848821640015,1
0.3238625228404999,1
0.330596923828125,1
0.3720352053642273,1
0.20393523573875427,1
0.39963024854660034,1
0.32038989663124084,1
0.3059089779853821,1
0.30803531408309937,1
0.35848113894462585,1
0.3702542185783386,1
0.3819545805454254,1
0.5131270885467529,1
0.4017161726951599,1
0.4026452898979187,1
0.32452821731567383,1
0.2534354627132416,1
0.35186710953712463,1
0.3094310164451599,1
0.5080680251121521,1
0.4862191081047058,1
0.27191340923309326,1
0.33589592576026917,1
0.37080442905426025,1
0.28324079513549805,1
0.24791084229946136,1
0.3257797956466675,1
0.26395729184150696,1
0.3092265725135803,1
0.35885077714920044,1
0.2331133782863617,1
0.30537596344947815,1
0.5193723440170288,1
0.4240724444389343,1
0.24975839257240295,1
0.4024154245853424,1
0.26262807846069336,1
0.25851699709892273,1
0.3385768532752991,1
0.401991605758667,1
0.3466924726963043,1
0.23349198698997498,1
0.40866854786872864,1
0.3720482587814331,1
0.3619017004966736,1
0.3455568552017212,1
0.38275226950645447,1
0.3968771696090698,1
0.3836013972759247,1
0.3426837921142578,1
0.37717026472091675,1
0.3666863441467285,1
0.2915627658367157,1
0.40554794669151306,1
0.38829734921455383,1
0.3788035809993744,1
0.3126508891582489,1
0.3609344959259033,1
0.3138164281845093,1
0.3957516551017761,1
0.40416714549064636,1
0.4478498101234436,1
0.3597138524055481,1
0.3371545076370239,1
0.27269601821899414,1
0.3414947986602783,1
0.3987595736980438,1
0.31508493423461914,1
0.3263806104660034,1
0.28032541275024414,1
0.32236990332603455,1
0.34465283155441284,1
0.3403880000114441,1
0.3445204496383667,1
0.3324710726737976,1
0.3193715512752533,1
0.3092503547668457,1
0.3967128098011017,1
0.2853265702724457,1
0.2968347370624542,1
0.2656992971897125,1
0.41960251331329346,1
0.477691113948822,1
0.41900336742401123,1
0.35364872217178345,1
0.37422603368759155,1
0.40696534514427185,1
0.407989501953125,1
0.32273516058921814,1
0.3732149302959442,1
0.42707526683807373,1
0.5173975229263306,1
0.4089280366897583,1
0.33747223019599915,1
0.381326824426651,1
0.41283318400382996,1
0.31521791219711304,1
0.3549666404724121,1
0.4201100468635559,1
0.27391642332077026,1
0.3088640570640564,1
0.4122084975242615,1
0.24624191224575043,1
0.33088773488998413,1
0.3473900258541107,1
0.24876466393470764,1
0.3801030218601227,1
0.37715020775794983,1
0.43671804666519165,1
0.3511117696762085,1
0.4181519150733948,1
0.3651953637599945,1
0.35483843088150024,1
0.3296473026275635,1
0.3634651303291321,1
0.5671145915985107,1
0.2926460802555084,1
0.3295828104019165,1
0.2841370105743408,1
0.39364391565322876,1
0.5255785584449768,1
0.3838907480239868,1
0.3308066725730896,1
0.28556668758392334,1
0.3431518077850342,1
0.37592247128486633,1
0.3133300542831421,1
0.37973204255104065,1
0.29510462284088135,1
0.2750523090362549,1
0.3732641339302063,1
0.4505114257335663,1
0.3805093765258789,1
0.4478916525840759,1
0.28461605310440063,1
0.4203656315803528,1
0.34534385800361633,1
0.28968584537506104,1
0.3823598623275757,1
0.26655054092407227,1
0.38222187757492065,1
0.30075502395629883,1
0.29319238662719727,1
0.4016730487346649,1
0.3681047856807709,1
0.2701767385005951,1
0.26450425386428833,1
0.4400893747806549,1
0.3388385772705078,1
0.3141041100025177,1
0.3426397442817688,1
0.31241899728775024,1
0.37905919551849365,1
0.2909385561943054,1
0.3809996247291565,1
0.266998827457428,1
0.35626649856567383,1
0.16875329613685608,1
0.2387900948524475,1
0.39952608942985535,1
0.44186317920684814,1
0.2932947278022766,1
0.32347172498703003,1
0.37113329768180847,1
0.4214302897453308,1
0.3348417282104492,1
0.3739038109779358,1
0.37076205015182495,1
0.26991742849349976,1
0.33609604835510254,1
0.30651432275772095,1
0.48151761293411255,1
0.34767958521842957,1
0.27062398195266724,1
0.32277989387512207,1
0.353033185005188,1
0.4506000876426697,1
0.33022814989089966,1
0.37899792194366455,1
0.3247316777706146,1
0.29737406969070435,1
0.3413408100605011,1
0.38749003410339355,1
0.3159450590610504,1
0.3326947093009949,1
0.3904178738594055,1
0.3535349667072296,1
0.2909071445465088,1
0.40947216749191284,1
0.3325718641281128,1
0.3563651442527771,1
0.37521737813949585,1
0.2892687916755676,1
0.420685350894928,1
0.33036476373672485,1
0.3218042552471161,1
0.2802020013332367,1
0.4116266369819641,1
0.36344045400619507,1
0.25399571657180786,1
0.434164822101593,1
0.32548272609710693,1
0.3555164635181427,1
0.2293936312198639,1
0.215437650680542,1
0.32179442048072815,1
0.25729674100875854,1
0.39617720246315,1
0.3035251200199127,1
0.2950679063796997,1
0.3968239426612854,1
0.26217901706695557,1
0.3307585120201111,1
0.40141868591308594,1
0.2961650788784027,1
0.2832869589328766,1
0.3760709762573242,1
0.4203384518623352,1
0.36030566692352295,1
0.25321581959724426,1
0.43749091029167175,1
0.50196373462677,1
0.249623104929924,1
0.46663594245910645,1
0.3095756769180298,1
0.34652280807495117,1
0.3266332745552063,1
0.36355218291282654,1
0.35701173543930054,1
0.327275812625885,1
0.3811030387878418,1
0.44092145562171936,1
0.32754021883010864,1
0.45934778451919556,1
0.38823381066322327,1
0.2991028130054474,1
0.2366311401128769,1
0.2546916604042053,1
0.27443835139274597,1
0.3141937553882599,1
0.3975523114204407,1
0.47543731331825256,1
0.37086373567581177,1
0.37437689304351807,1
0.3690319061279297,1
0.4131712019443512,1
0.3631351590156555,1
0.3236853778362274,1
0.3437229096889496,1
0.439828097820282,1
0.3923988342285156,1
0.3804687559604645,1
0.2917287051677704,1
0.3331555128097534,1
0.5125685930252075,1
0.45008397102355957,1
0.2455032467842102,1
0.3491872549057007,1
0.27913427352905273,1
0.3212323486804962,1
0.32553035020828247,1
0.36444854736328125,1
0.38098081946372986,1
0.37268877029418945,1
0.38606560230255127,1
0.48245400190353394,1
0.3579561114311218,1
0.3482327461242676,1
0.45017993450164795,1
0.35923463106155396,1
0.3817216455936432,1
0.4331514239311218,1
0.3780992329120636,1
0.3243887424468994,1
0.48159924149513245,1
0.2839997410774231,1
0.21617290377616882,1
0.3209477663040161,1
0.3691861033439636,1
0.4102650284767151,1
0.3653810918331146,1
0.37449800968170166,1
0.326882928609848,1
0.3176369369029999,1
0.30570143461227417,1
0.2861274778842926,1
0.44149017333984375,1
0.35937798023223877,1
0.2778964638710022,1
0.34023189544677734,1
0.3565748333930969,1
0.4081072509288788,1
0.3578430712223053,1
0.37397387623786926,1
0.3313537836074829,1
0.33380916714668274,1
0.3563874363899231,1
0.40437018871307373,1
0.39090463519096375,1
0.40951859951019287,1
0.3320574462413788,1
0.4362877607345581,1
0.36785781383514404,1
0.3991796672344208,1
0.3063185513019562,1
0.3495878577232361,1
0.2768949270248413,1
0.3637354373931885,1
0.3927682042121887,1
0.28814586997032166,1
0.37838900089263916,1
0.460008442401886,1
0.2936265468597412,1
0.34012630581855774,1
0.3689822554588318,1
0.33310213685035706,1
0.3037174344062805,1
0.3753463625907898,1
0.30166706442832947,1
0.3158172070980072,1
0.538419783115387,1
0.3661986291408539,1
0.32414597272872925,1
0.3179972171783447,1
0.3380154073238373,1
0.32324719429016113,1
0.41644740104675293,1
0.4022212028503418,1
0.3380274176597595,1
0.3482027053833008,1
0.3330233693122864,1
0.41023510694503784,1
0.32276350259780884,1
0.3655242919921875,1
0.3387570381164551,1
0.34457463026046753,1
0.40464723110198975,1
0.41398146748542786,1
0.45845746994018555,1
0.33337950706481934,1
0.42090752720832825,1
0.3655686378479004,1
0.3632538914680481,1
0.31074613332748413,1
0.3483853042125702,1
0.3415642976760864,1
0.32882699370384216,1
0.45035240054130554,1
0.3780069947242737,1
0.33776676654815674,1
0.37990880012512207,1
0.35652729868888855,1
0.37380674481391907,1
0.341648668050766,1
0.5191672444343567,1
0.43325555324554443,1
0.39222484827041626,1
0.39194822311401367,1
0.28936687111854553,1
0.31440675258636475,1
0.4561561644077301,1
0.38549232482910156,1
0.3766538202762604,1
0.3556569516658783,1
0.43406790494918823,1
0.43553614616394043,1
0.3383016586303711,1
0.2696506977081299,1
0.34523463249206543,1
0.315574049949646,1
0.3192043602466583,1
0.20750898122787476,1
0.39953964948654175,1
0.23155876994132996,1
0.40918758511543274,1
0.3055136799812317,1
0.405224084854126,1
0.38063034415245056,1
0.3877107799053192,1
0.3774789273738861,1
0.28624141216278076,1
0.3439297080039978,1
0.36409759521484375,1
0.3008383512496948,1
0.42705315351486206,1
0.37383246421813965,1
0.32237309217453003,1
0.3966454863548279,1
0.3214724659919739,1
0.35663241147994995,1
0.2715643644332886,1
0.3923856317996979,1
0.36438533663749695,1
0.4201347231864929,1
0.3634287714958191,1
0.31006520986557007,1
0.3806225657463074,1
0.34800246357917786,1
0.2624533772468567,1
0.28782641887664795,1
0.33140671253204346,1
0.3243049383163452,1
0.3548942804336548,1
0.3090660870075226,1
0.23853126168251038,1
0.35003238916397095,1
0.35205385088920593,1
0.3413812220096588,1
0.4779176414012909,1
0.35036367177963257,1
0.4272657632827759,1
0.3174571394920349,1
0.33449840545654297,1
0.3644709289073944,1
0.33404871821403503,1
0.2986738681793213,1
0.3809428811073303,1
0.39636510610580444,1
0.23433643579483032,1
0.23177573084831238,1
0.4041913151741028,1
0.2357645034790039,1
0.28834348917007446,1
0.23871488869190216,1
0.2958926856517792,1
0.27233731746673584,1
0.36948728561401367,1
0.547675371170044,1
0.32669657468795776,1
0.4256516396999359,1
0.2806703448295593,1
0.2805570065975189,1
0.20502430200576782,1
0.32010653614997864,1
0.32176417112350464,1
0.345575213432312,1
0.38165539503097534,1
0.31905215978622437,1
0.3797402083873749,1
0.49726155400276184,1
0.347001850605011,1
0.3074190318584442,1
0.447939932346344,1
0.4529847800731659,1
0.4077567458152771,1
0.36585578322410583,1
0.35259461402893066,1
0.3639591932296753,1
0.3662145137786865,1
0.2675280272960663,1
0.34134960174560547,1
0.3833374083042145,1
0.4571855664253235,1
0.5343514084815979,1
0.3432549834251404,1
0.2571285367012024,1
0.3326093256473541,1
0.39969170093536377,1
0.32409289479255676,1
0.37308549880981445,1
0.4107014536857605,1
0.3144882917404175,1
0.3512793183326721,1
0.2982637584209442,1
0.45478883385658264,1
0.34962180256843567,1
0.26305484771728516,1
0.39458969235420227,1
0.31304803490638733,1
0.3554342985153198,1
0.3105114698410034,1
0.3264470100402832,1
0.3534785509109497,1
0.32452550530433655,1
0.39971327781677246,1
0.3253997564315796,1
0.3378318250179291,1
0.37123221158981323,1
0.33333760499954224,1
0.35557568073272705,1
0.2675037086009979,1
0.37279021739959717,1
0.3017546832561493,1
0.4005521535873413,1
0.40106990933418274,1
0.31400465965270996,1
0.31874483823776245,1
0.3248659372329712,1
0.3228311836719513,1
0.4297386407852173,1
0.38775357604026794,1
0.24032120406627655,1
0.4286501407623291,1
0.2579439878463745,1
0.28210747241973877,1
0.33734971284866333,1
0.36718910932540894,1
0.407502144575119,1
0.31839725375175476,1
0.45709457993507385,1
0.3549658954143524,1
0.3411538898944855,1
0.40472960472106934,1
0.4859902560710907,1
0.30273544788360596,1
0.3210929036140442,1
0.48188555240631104,1
0.2224763035774231,1
0.41123560070991516,1
0.3819599151611328,1
0.26707351207733154,1
0.2888595461845398,1
0.33591869473457336,1
0.35033178329467773,1
0.35126176476478577,1
0.40295445919036865,1
0.2892886996269226,1
0.3408421277999878,1
0.34626203775405884,1
0.3661126494407654,1
0.35879626870155334,1
0.29157331585884094,1
0.38979727029800415,1
0.3480072319507599,1
0.35074856877326965,1
0.3632083535194397,1
0.3489798605442047,1
0.34508466720581055,1
0.2175823450088501,1
0.3072489798069,1
0.407775342464447,1
0.2919369637966156,1
0.37019479274749756,1
0.40670323371887207,1
0.4060462713241577,1
0.32870301604270935,1
0.34598642587661743,1
0.3455536961555481,1
0.39816170930862427,1
0.36087721586227417,1
0.33733221888542175,1
0.3345426917076111,1
0.3869611620903015,1
0.34456223249435425,1
0.4317193627357483,1
0.3854207992553711,1
0.3477010130882263,1
0.4000970125198364,1
0.28130635619163513,1
0.36989814043045044,1
0.44879746437072754,1
0.37117141485214233,1
0.312875896692276,1
0.31808769702911377,1
0.3897244930267334,1
0.36562156677246094,1
0.4772827625274658,1
0.2735159397125244,1
0.27719324827194214,1
0.2609548270702362,1
0.31811192631721497,1
0.2094651460647583,1
0.42225247621536255,1
0.3119702935218811,1
0.3187059164047241,1
0.2992817163467407,1
0.2697642147541046,1
0.44277364015579224,1
0.40302276611328125,1
0.4165109097957611,1
0.3967247009277344,1
0.30556151270866394,1
0.29801085591316223,1
0.47131821513175964,1
0.18417824804782867,1
0.26863935589790344,1
0.24817372858524323,1
0.3555871248245239,1
0.3567920923233032,1
0.36164000630378723,1
0.48077109456062317,1
0.4297488033771515,1
0.4991612136363983,1
0.3981568217277527,1
0.2608479857444763,1
0.1928756833076477,1
0.5791198015213013,1
0.4319019317626953,1
0.2971837520599365,1
0.38259223103523254,1
0.3810131549835205,1
0.32027873396873474,1
0.38676348328590393,1
0.40490666031837463,1
0.3589889705181122,1
0.3299641013145447,1
0.37640517950057983,1
0.3971885144710541,1
0.32328203320503235,1
0.36769020557403564,1
0.5025679469108582,1
0.33870720863342285,1
0.3522768020629883,1
0.30159974098205566,1
0.33247244358062744,1
0.2747248113155365,1
0.4367927610874176,1
0.28787410259246826,1
0.28743401169776917,1
0.454095721244812,1
0.34693920612335205,1
0.44734811782836914,1
0.49007293581962585,1
0.3503721356391907,1
0.4191308617591858,1
0.4564318358898163,1
0.29722166061401367,1
0.4148803949356079,1
0.3403880298137665,1
0.3969072103500366,1
0.35269060730934143,1
0.350104957818985,1
0.4207335114479065,1
0.38053399324417114,1
0.3838852047920227,1
0.3428891897201538,1
0.3172609806060791,1
0.41933685541152954,1
0.25724709033966064,1
0.3988036513328552,1
0.29635292291641235,1
0.3908556401729584,1
0.3462202548980713,1
0.3070107102394104,1
0.23325584828853607,1
0.39043933153152466,1
0.2891066074371338,1
0.36595290899276733,1
0.4586105942726135,1
0.3687725067138672,1
0.40531501173973083,1
0.35796165466308594,1
0.30787330865859985,1
0.2599434554576874,1
0.31352752447128296,1
0.42062851786613464,1
0.4024691581726074,1
0.3746435344219208,1
0.37646228075027466,1
0.3436542749404907,1
0.32803407311439514,1
0.3760499656200409,1
0.4984856843948364,1
0.33177125453948975,1
0.3941717743873596,1
0.19335943460464478,1
0.4388016164302826,1
0.26048576831817627,1
0.27898043394088745,1
0.28646838665008545,1
0.41446805000305176,1
0.29435279965400696,1
0.2892257571220398,1
0.29641491174697876,1
0.29640018939971924,1
0.33031782507896423,1
0.37753820419311523,1
0.3444080948829651,1
0.33139586448669434,1
0.4067683219909668,1
0.29219529032707214,1
0.33873075246810913,1
0.47111213207244873,1
0.3092045485973358,1
0.3334447145462036,1
0.4209362268447876,1
0.3138590455055237,1
0.4231126010417938,1
0.4191363751888275,1
0.34861990809440613,1
0.42507392168045044,1
0.26850035786628723,1
0.3949681520462036,1
0.2639700174331665,1
0.3706011176109314,1
0.35826897621154785,1
0.2985798716545105,1
0.3901365399360657,1
0.33213478326797485,1
0.34771761298179626,1
0.37051552534103394,1
0.36648279428482056,1
0.31466302275657654,1
0.36237943172454834,1
0.2662399411201477,1
0.4110619127750397,1
0.4006464183330536,1
0.3906831741333008,1
0.3364127278327942,1
0.3330797553062439,1
0.408443808555603,1
0.40927714109420776,1
0.31657668948173523,1
0.27370569109916687,1
0.39136576652526855,1
0.2718343138694763,1
0.5460990071296692,1
0.4254362881183624,1
0.4442638158798218,1
0.30742985010147095,1
0.3390078544616699,1
0.27186810970306396,1
0.3422796428203583,1
0.5003038644790649,1
0.4235641360282898,1
0.28691062331199646,1
0.37265104055404663,1
0.32251599431037903,1
0.28946739435195923,1
0.25684255361557007,1
0.3006110191345215,1
0.3086682856082916,1
0.4384189546108246,1
0.3232322335243225,1
0.329797625541687,1
0.3179961144924164,1
0.3225668668746948,1
0.333823561668396,1
0.2974969148635864,1
0.3243994414806366,1
0.35298386216163635,1
0.4093836545944214,1
0.3456668257713318,1
0.35823023319244385,1
0.36924976110458374,1
0.48459765315055847,1
0.4501555562019348,1
0.30927425622940063,1
0.3650485873222351,1
0.3974096179008484,1
0.4320918321609497,1
0.3114069104194641,1
0.3009718954563141,1
0.32387521862983704,1
0.423552930355072,1
0.33828333020210266,1
0.34619277715682983,1
0.2889195680618286,1
0.40728461742401123,1
0.4205423593521118,1
0.32087433338165283,1
0.3319033086299896,1
0.3155529797077179,1
0.2765071988105774,1
0.31002819538116455,1
0.32995960116386414,1
0.31850650906562805,1
0.40343233942985535,1
0.3399432897567749,1
0.31578704714775085,1
0.33449408411979675,1
0.271831750869751,1
0.38481152057647705,1
0.2407771199941635,1
0.37603694200515747,1
0.3209821283817291,1
0.37251555919647217,1
0.258025586605072,1
0.29421526193618774,1
0.3134980797767639,1
0.4756532609462738,1
0.3352605104446411,1
0.4210445284843445,1
0.34401172399520874,1
0.33988600969314575,1
0.3620714247226715,1
0.4915025532245636,1
0.2832714915275574,1
0.39892661571502686,1
0.30140388011932373,1
0.3565535843372345,1
0.4728907346725464,1
0.30396008491516113,1
0.29678791761398315,1
0.41404491662979126,1
0.3537771701812744,1
0.46105965971946716,1
0.37902382016181946,1
0.27868717908859253,1
0.5022578835487366,1
0.4002518355846405,1
0.3247893452644348,1
0.30409926176071167,1
0.2889871597290039,1
0.43576180934906006,1
0.45248281955718994,1
0.3828994333744049,1
0.29878321290016174,1
0.3757728636264801,1
0.3683153986930847,1
0.32007619738578796,1
0.4255334734916687,1
0.3401428759098053,1
0.28442639112472534,1
0.3247365355491638,1
0.26491987705230713,1
0.3664563298225403,1
0.2463936060667038,1
0.37410905957221985,1
0.3466026782989502,1
0.3996782898902893,1
0.4003869891166687,1
0.28528928756713867,1
0.2551939785480499,1
0.2695780396461487,1
0.48564833402633667,1
0.3485336899757385,1
0.3597308397293091,1
0.35786324739456177,1
0.36720168590545654,1
0.413623571395874,1
0.338992178440094,1
0.3508419096469879,1
0.3751104474067688,1
0.36997419595718384,1
0.44485706090927124,1
0.3302360773086548,1
0.3343966007232666,1
0.34372633695602417,1
0.407356321811676,1
0.3103046715259552,1
0.33705461025238037,1
0.29865938425064087,1
0.23584823310375214,1
0.47289636731147766,1
0.3821302056312561,1
0.32820528745651245,1
0.3975236713886261,1
0.3888237178325653,1
0.27972936630249023,1
0.2446918785572052,1
0.34509068727493286,1
0.46798956394195557,1
0.34601351618766785,1
0.4230508506298065,1
0.39168834686279297,1
0.28756654262542725,1
0.32865142822265625,1
0.5831674337387085,1
0.3191797733306885,1
0.28372079133987427,1
0.26546815037727356,1
0.41277211904525757,1
0.36739444732666016,1
0.4589334726333618,1
0.3252319395542145,1
0.2936122715473175,1
0.4018896222114563,1
0.3319684863090515,1
0.2624662518501282,1
0.4312703013420105,1
0.33653903007507324,1
0.3487497568130493,1
0.33579176664352417,1
0.28505396842956543,1
0.4084155261516571,1
0.4265480637550354,1
0.4211164712905884,1
0.3195587694644928,1
0.36316025257110596,1
0.3694567084312439,1
0.3689768314361572,1
0.3041721284389496,1
0.36507952213287354,1
0.42686206102371216,1
0.5416101813316345,1
0.42854735255241394,1
0.39904648065567017,1
0.3652802109718323,1
0.36351126432418823,1
0.2976114749908447,1
0.4192107915878296,1
0.3443079888820648,1
0.44233688712120056,1
0.32283610105514526,1
0.361133337020874,1
0.49739494919776917,1
0.3933902382850647,1
0.4508373737335205,1
0.31107041239738464,1
0.21139925718307495,1
0.4391723871231079,1
0.3480857312679291,1
0.24675720930099487,1
0.3845396339893341,1
0.38423189520835876,1
0.3831900358200073,1
0.4688117206096649,1
0.37719500064849854,1
0.36504268646240234,1
0.27460286021232605,1
0.2600727677345276,1
0.3124031126499176,1
0.28878000378608704,1
0.45363980531692505,1
0.36068832874298096,1
0.34038054943084717,1
0.3823699355125427,1
0.34270012378692627,1
0.30186524987220764,1
0.5276704430580139,1
0.30908042192459106,1
0.350647896528244,1
0.2861509919166565,1
0.37561362981796265,1
0.35907673835754395,1
0.3119705319404602,1
0.3150734305381775,1
0.320549339056015,1
0.36214679479599,1
0.3130919635295868,1
0.2775018513202667,1
0.45433473587036133,1
0.35802748799324036,1
0.24580098688602448,1
0.3255133330821991,1
0.257473349571228,1
0.35088062286376953,1
0.29925739765167236,1
0.38051384687423706,1
0.31584614515304565,1
0.2923862040042877,1
0.4885227084159851,1
0.3476443588733673,1
0.32831212878227234,1
0.3016411364078522,1
0.3176550567150116,1
0.4497823417186737,1
0.2359866499900818,1
0.3987286686897278,1
0.339011013507843,1
0.30111637711524963,1
0.3583521842956543,1
0.33854031562805176,1
0.30794757604599,1
0.2932981848716736,1
0.38556796312332153,1
0.38870885968208313,1
0.3256875276565552,1
0.2653634250164032,1
0.2823069095611572,1
0.351930171251297,1
0.3391643762588501,1
0.3864556849002838,1
0.25943583250045776,1
0.32677388191223145,1
0.36742597818374634,1
0.4964824318885803,1
0.36824899911880493,1
0.42986494302749634,1
0.36253154277801514,1
0.4152297377586365,1
0.37806668877601624,1
0.3062453866004944,1
0.42359477281570435,1
0.3391339182853699,1
0.32522985339164734,1
0.33913570642471313,1
0.3284395635128021,1
0.37014317512512207,1
0.33377641439437866,1
0.40048134326934814,1
0.306168794631958,1
0.27435439825057983,1
0.30196091532707214,1
0.5341420769691467,1
0.3534066081047058,1
0.29566657543182373,1
0.3825019896030426,1
0.4154435992240906,1
0.3460346460342407,1
0.38081732392311096,1
0.2926623523235321,1
0.2974112033843994,1
0.2931765615940094,1
0.31531113386154175,1
0.31994009017944336,1
0.39397844672203064,1
0.3528990149497986,1
0.36347389221191406,1
0.29904991388320923,1
0.35194724798202515,1
0.2733174264431,1
0.3527102768421173,1
0.3314357101917267,1
0.44791534543037415,1
0.3569328784942627,1
0.41737183928489685,1
0.2723378539085388,1
0.36652129888534546,1
0.45815321803092957,1
0.2611955404281616,1
0.3512401282787323,1
0.38534027338027954,1
0.39156240224838257,1
0.3910500407218933,1
0.2825174331665039,1
0.41533708572387695,1
0.3893279731273651,1
0.3379821479320526,1
0.31422513723373413,1
0.32088175415992737,1
0.34903061389923096,1
0.32032620906829834,1
0.4371722936630249,1
0.42968112230300903,1
0.2324504256248474,1
0.35399800539016724,1
0.401164710521698,1
0.33540958166122437,1
0.39393943548202515,1
0.31275370717048645,1
0.3038851022720337,1
0.36032921075820923,1
0.34390243887901306,1
0.37220120429992676,1
0.31303948163986206,1
0.4108334481716156,1
0.3354209065437317,1
0.3087709844112396,1
0.35291367769241333,1
0.2735169529914856,1
0.2775728702545166,1
0.33859512209892273,1
0.3109791874885559,1
0.42197439074516296,1
0.30773937702178955,1
0.4097216725349426,1
0.2814883291721344,1
0.2958955764770508,1
0.4251805543899536,1
0.372173935174942,1
0.32162046432495117,1
0.3183419406414032,1
0.31921833753585815,1
0.5160596370697021,1
0.3268718719482422,1
0.3997230529785156,1
0.36366453766822815,1
0.41783976554870605,1
0.3755503296852112,1
0.3492174446582794,1
0.4480821490287781,1
0.30955684185028076,1
0.360308438539505,1
0.2665674090385437,1
0.45783179998397827,1
0.27920427918434143,1
0.21315231919288635,1
0.4018251299858093,1
0.4173012971878052,1
0.32746535539627075,1
0.3798696994781494,1
0.33401674032211304,1
0.35079705715179443,1
0.33891376852989197,1
0.24428443610668182,1
0.25573575496673584,1
0.27448904514312744,1
0.3624623417854309,1
0.3979579508304596,1
0.21009665727615356,1
0.2859114408493042,1
0.38688305020332336,1
0.30365097522735596,1
0.5192521810531616,1
0.2687937319278717,1
0.28528928756713867,1
0.3541319966316223,1
0.3835224211215973,1
0.38735461235046387,1
0.4750809073448181,1
0.4638732969760895,1
0.39299067854881287,1
0.2635486125946045,1
0.3377267122268677,1
0.3655315637588501,1
0.32505378127098083,1
0.4399574398994446,1
0.3367381691932678,1
0.3872191309928894,1
0.4013681411743164,1
0.389165461063385,1
0.25409600138664246,1
0.26874637603759766,1
0.3441426157951355,1
0.3126727342605591,1
0.3647753894329071,1
0.2768116891384125,1
0.29836907982826233,1
0.34719282388687134,1
0.34454166889190674,1
0.3759315609931946,1
0.4085458517074585,1
0.3571396768093109,1
0.41074541211128235,1
0.2892923951148987,1
0.32737797498703003,1
0.30560171604156494,1
0.37380892038345337,1
0.37304311990737915,1
0.3618016839027405,1
0.3903961777687073,1
0.2530517578125,1
0.3851291239261627,1
0.33517295122146606,1
0.41243457794189453,1
0.4364054799079895,1
0.34268736839294434,1
0.43326446413993835,1
0.23816470801830292,1
0.38191652297973633,1
0.3125353157520294,1
0.28203409910202026,1
0.3743170499801636,1
0.36745741963386536,1
0.35662540793418884,1
0.3307855725288391,1
0.2753576338291168,1
0.3780316710472107,1
0.3642221689224243,1
0.20334747433662415,1
0.43035387992858887,1
0.36259883642196655,1
0.36507636308670044,1
0.3639640212059021,1
0.3193061351776123,1
0.2727440893650055,1
0.26947295665740967,1
0.31550318002700806,1
0.3936358690261841,1
0.3286862373352051,1
0.2972208857536316,1
0.3853752613067627,1
0.2566247582435608,1
0.29360830783843994,1
0.3691989779472351,1
0.41774827241897583,1
0.3141119182109833,1
0.40132156014442444,1
0.5107523798942566,1
0.47546806931495667,1
0.3385823369026184,1
0.367608904838562,1
0.3739539086818695,1
0.44522154331207275,1
0.3466859459877014,1
0.31898975372314453,1
0.21993295848369598,1
0.321438193321228,1
0.38503187894821167,1
0.36827537417411804,1
0.29176992177963257,1
0.27377399802207947,1
0.32631850242614746,1
0.3529978394508362,1
0.3964840769767761,1
0.4182084798812866,1
0.31877845525741577,1
0.36175352334976196,1
0.3290218412876129,1
0.3896462321281433,1
0.37453514337539673,1
0.3917402923107147,1
0.3164953291416168,1
0.3078727424144745,1
0.34456121921539307,1
0.3103797733783722,1
0.46172115206718445,1
0.5179116129875183,1
0.36958909034729004,1
0.46636730432510376,1
0.3704708516597748,1
0.39419299364089966,1
0.32824620604515076,1
0.3355334997177124,1
0.3678743839263916,1
0.29336076974868774,1
0.3717793822288513,1
0.3296363353729248,1
0.31026220321655273,1
0.37305039167404175,1
0.3583487272262573,1
0.34407228231430054,1
0.21845901012420654,1
0.3512878715991974,1
0.3542984127998352,1
0.2743085026741028,1
0.23030677437782288,1
0.4416365325450897,1
0.3537142276763916,1
0.3846728503704071,1
0.3262481689453125,1
0.3191145658493042,1
0.48318684101104736,1
0.35917574167251587,1
0.3215947151184082,1
0.5333523154258728,1
0.3475470542907715,1
0.3289393484592438,1
0.37376755475997925,1
0.3252720534801483,1
0.3703653812408447,1
0.30118006467819214,1
0.39184847474098206,1
0.3750741481781006,1
0.22053304314613342,1
0.2910122275352478,1
0.43371590971946716,1
0.5262455940246582,1
0.40295177698135376,1
0.45193910598754883,1
0.32324153184890747,1
0.3454682230949402,1
0.36692649126052856,1
0.42541730403900146,1
0.4153652787208557,1
0.31925076246261597,1
0.4614604115486145,1
0.35139554738998413,1
0.32320302724838257,1
0.385082483291626,1
0.27143388986587524,1
0.3684985041618347,1
0.41389188170433044,1
0.39218950271606445,1
0.35795098543167114,1
0.30179715156555176,1
0.41114380955696106,1
0.37258589267730713,1
0.3174125552177429,1
0.4850999116897583,1
0.35130539536476135,1
0.3403847813606262,1
0.42409181594848633,1
0.33176344633102417,1
0.49818745255470276,1
0.37155988812446594,1
0.2707088589668274,1
0.5114928483963013,1
0.44226858019828796,1
0.4951821565628052,1
0.2939387261867523,1
0.3529942035675049,1
0.35545462369918823,1
0.3699018657207489,1
0.34396490454673767,1
0.303350031375885,1
0.36779892444610596,1
0.3580385148525238,1
0.36726874113082886,1
0.400494784116745,1
0.5247678756713867,1
0.3230806589126587,1
0.41976025700569153,1
0.38418638706207275,1
0.40771055221557617,1
0.4165042042732239,1
0.35373222827911377,1
0.35329723358154297,1
0.46484389901161194,1
0.2285207062959671,1
0.3305610418319702,1
0.3284779191017151,1
0.4471452832221985,1
0.3938264548778534,1
0.4302455186843872,1
0.43665826320648193,1
0.38213270902633667,1
0.33605873584747314,1
0.446513295173645,1
0.46407023072242737,1
0.4044100046157837,1
0.33197787404060364,1
0.2887430787086487,1
0.30414527654647827,1
0.3287200927734375,1
0.35071125626564026,1
0.3223109841346741,1
0.33352288603782654,1
0.38538387417793274,1
0.2938755750656128,1
0.249752476811409,1
0.32599660754203796,1
0.36680278182029724,1
0.2834193706512451,1
0.30444076657295227,1
0.32616904377937317,1
0.31499722599983215,1
0.28044480085372925,1
0.5081328749656677,1
0.2991245985031128,1
0.308603972196579,1
0.32609885931015015,1
0.4125532805919647,1
0.3351536989212036,1
0.2646573483943939,1
0.30053770542144775,1
0.36329418420791626,1
0.31743860244750977,1
0.42166203260421753,1
0.394090861082077,1
0.30238041281700134,1
0.32403290271759033,1
0.43074703216552734,1
0.34900206327438354,1
0.2722063660621643,1
0.44204631447792053,1
0.36665967106819153,1
0.34490975737571716,1
0.316123902797699,1
0.26614201068878174,1
0.26057377457618713,1
0.30012813210487366,1
0.3742128312587738,1
0.39002740383148193,1
0.3204864263534546,1
0.313420832157135,1
0.43601706624031067,1
0.4118373990058899,1
0.270233690738678,1
0.26914170384407043,1
0.36523866653442383,1
0.3065500855445862,1
0.4048711657524109,1
0.30008432269096375,1
0.3141822814941406,1
0.44375133514404297,1
0.27564144134521484,1
0.378689169883728,1
0.39094269275665283,1
0.3446331024169922,1
0.4062468707561493,1
0.2898716926574707,1
0.3796337842941284,1
0.3078140914440155,1
0.37905019521713257,1
0.34426429867744446,1
0.48992252349853516,1
0.30871203541755676,1
0.39248326420783997,1
0.39429664611816406,1
0.36096712946891785,1
0.2549334764480591,1
0.3878489136695862,1
0.25413060188293457,1
0.5258782505989075,1
0.375593900680542,1
0.38914257287979126,1
0.3587038815021515,1
0.3439207077026367,1
0.3695138990879059,1
0.2899153232574463,1
0.25584641098976135,1
0.2805574834346771,1
0.41696035861968994,1
0.3620869219303131,1
0.3523681163787842,1
0.27849650382995605,1
0.40079230070114136,1
0.3545463979244232,1
0.34885358810424805,1
0.378521591424942,1
0.3593234121799469,1
0.3263172507286072,1
0.37864023447036743,1
0.30614298582077026,1
0.32128944993019104,1
0.29978299140930176,1
0.29873761534690857,1
0.30962127447128296,1
0.4558131694793701,1
0.4340493083000183,1
0.40876516699790955,1
0.33594197034835815,1
0.41566699743270874,1
0.3352316915988922,1
0.28376320004463196,1
0.44605058431625366,1
0.33149486780166626,1
0.4064342975616455,1
0.36903083324432373,1
0.3433445692062378,1
0.5332608222961426,1
0.291380912065506,1
0.34045758843421936,1
0.39889204502105713,1
0.3230833411216736,1
0.38702118396759033,1
0.334585964679718,1
0.43541795015335083,1
0.3005920350551605,1
0.27308887243270874,1
0.42242002487182617,1
0.41901886463165283,1
0.26291030645370483,1
0.31392377614974976,1
0.31583279371261597,1
0.4234733283519745,1
0.3295403718948364,1
0.351583331823349,1
0.3610498905181885,1
0.4100401997566223,1
0.4258701801300049,1
0.266326904296875,1
0.3925265371799469,1
0.25471818447113037,1
0.34002429246902466,1
0.3328099846839905,1
0.40162038803100586,1
0.36827313899993896,1
0.30596619844436646,1
0.357538104057312,1
0.39596641063690186,1
0.34022149443626404,1
0.3749896287918091,1
0.37861669063568115,1
0.31593626737594604,1
0.27371177077293396,1
0.28438207507133484,1
0.3760073184967041,1
0.3877881169319153,1
0.43861493468284607,1
0.2781437337398529,1
0.2687363624572754,1
0.31986743211746216,1
0.42294949293136597,1
0.43228763341903687,1
0.28412118554115295,1
0.32082971930503845,1
0.2659132778644562,1
0.34151995182037354,1
0.4266364276409149,1
0.3663266897201538,1
0.44226640462875366,1
0.4093625843524933,1
0.2766677737236023,1
0.42360711097717285,1
0.3174952566623688,1
0.3761267364025116,1
0.3332041800022125,1
0.3254939615726471,1
0.484022855758667,1
0.32065582275390625,1
0.45036542415618896,1
0.3216289281845093,1
0.2892647385597229,1
0.3691897392272949,1
0.26756346225738525,1
0.26613613963127136,1
0.39338815212249756,1
0.4392455816268921,1
0.2534904479980469,1
0.4556608498096466,1
0.4619506597518921,1
0.4643855392932892,1
0.4330158829689026,1
0.44516313076019287,1
0.34386342763900757,1
0.4063081741333008,1
0.3899953365325928,1
0.31164199113845825,1
0.3295866549015045,1
0.4548088610172272,1
0.2890610694885254,1
0.3122187852859497,1
0.3753736615180969,1
0.36837849020957947,1
0.4136635363101959,1
0.35518795251846313,1
0.3858981728553772,1
0.24070066213607788,1
0.32514211535453796,1
0.4227335751056671,1
0.4027877151966095,1
0.3599759340286255,1
0.38677629828453064,1
0.2830202579498291,1
0.34258872270584106,1
0.4193071722984314,1
0.3944627642631531,1
0.3231441080570221,1
0.2672092914581299,1
0.40286776423454285,1
0.44313788414001465,1
0.32299381494522095,1
0.41979527473449707,1
0.35503625869750977,1
0.24861158430576324,1
0.3475722670555115,1
0.34886229038238525,1
0.28346091508865356,1
0.28681233525276184,1
0.26045793294906616,1
0.3157143294811249,1
0.326382577419281,1
0.2931969165802002,1
0.32381367683410645,1
0.4323556423187256,1
0.3724895119667053,1
0.31408530473709106,1
0.3745984435081482,1
0.24206113815307617,1
0.3109005391597748,1
0.2993338108062744,1
0.28219494223594666,1
0.3643655776977539,1
0.3218992054462433,1
0.31131184101104736,1
0.3347727656364441,1
0.3293357789516449,1
0.37546271085739136,1
0.41785332560539246,1
0.38541102409362793,1
0.2982504367828369,1
0.28387945890426636,1
0.3934851884841919,1
0.3662590980529785,1
0.33363020420074463,1
0.28572043776512146,1
0.39341410994529724,1
0.33336663246154785,1
0.4964293837547302,1
0.3858300447463989,1
0.3082922697067261,1
0.2801395058631897,1
0.3301827013492584,1
0.4492443799972534,1
0.36418914794921875,1
0.30478692054748535,1
0.3170868754386902,1
0.4177711606025696,1
0.3413296639919281,1
0.374703973531723,1
0.2364886999130249,1
0.2902611792087555,1
0.3847198486328125,1
0.433512806892395,1
0.3530641794204712,1
0.3579748272895813,1
0.3360389769077301,1
0.4000406861305237,1
0.44983524084091187,1
0.3442360460758209,1
0.2071208655834198,1
0.44545167684555054,1
0.27184590697288513,1
0.34769564867019653,1
0.35550493001937866,1
0.30250072479248047,1
0.32152095437049866,1
0.26984715461730957,1
0.41421228647232056,1
0.25927940011024475,1
0.39218592643737793,1
0.3170187473297119,1
0.38964226841926575,1
0.3316476047039032,1
0.42054468393325806,1
0.325806587934494,1
0.4272857904434204,1
0.3862816095352173,1
0.42973417043685913,1
0.35541385412216187,1
0.3636414408683777,1
0.3369987905025482,1
0.3724960386753082,1
0.39916592836380005,1
0.3974131941795349,1
0.37415894865989685,1
0.36559855937957764,1
0.27464649081230164,1
0.3736876845359802,1
0.31906259059906006,1
0.368825763463974,1
0.3228518068790436,1
0.3309600055217743,1
0.48181670904159546,1
0.30782660841941833,1
0.29562774300575256,1
0.36530596017837524,1
0.33398696780204773,1
0.5122693777084351,1
0.3187623918056488,1
0.40161705017089844,1
0.37444019317626953,1
0.4136285185813904,1
0.36689603328704834,1
0.27988871932029724,1
0.3879437744617462,1
0.4504294991493225,1
0.4179447293281555,1
0.388652503490448,1
0.3768174946308136,1
0.432359516620636,1
0.3294333815574646,1
0.4041028618812561,1
0.3110215365886688,1
0.3099627196788788,1
0.36957281827926636,1
0.2833436131477356,1
0.3229979872703552,1
0.4099510610103607,1
0.37545478343963623,1
0.5288145542144775,1
0.3830682635307312,1
0.3001568913459778,1
0.4063895344734192,1
0.3875705301761627,1
0.3394947052001953,1
0.3968993127346039,1
0.28169435262680054,1
0.45049190521240234,1
0.3497970402240753,1
0.4085073173046112,1
0.28986209630966187,1
0.3540113568305969,1
0.39940130710601807,1
0.315516859292984,1
0.4045666456222534,1
0.40996307134628296,1
0.31505826115608215,1
0.43174412846565247,1
0.27093565464019775,1
0.3807370066642761,1
0.3248289227485657,1
0.42557889223098755,1
0.435590922832489,1
0.38074779510498047,1
0.3810274600982666,1
0.3475421369075775,1
0.3636242747306824,1
0.3750983476638794,1
0.3260830342769623,1
0.4212857484817505,1
0.31597238779067993,1
0.4603997468948364,1
0.3877998888492584,1
0.30998966097831726,1
0.3095703721046448,1
0.33266210556030273,1
0.418060839176178,1
0.4159770607948303,1
0.37525370717048645,1
0.2772064208984375,1
0.274768590927124,1
0.3382501006126404,1
0.36404749751091003,1
0.3957693576812744,1
0.32595711946487427,1
0.39860785007476807,1
0.3150630593299866,1
0.2857973873615265,1
0.28721362352371216,1
0.28870561718940735,1
0.2858491539955139,1
0.3612677752971649,1
0.4079395532608032,1
0.4778522253036499,1
0.3295387625694275,1
0.3189140260219574,1
0.3185957074165344,1
0.2655447721481323,1
0.25607678294181824,1
0.3312961459159851,1
0.33600473403930664,1
0.32289716601371765,1
0.3907890319824219,1
0.37227657437324524,1
0.3498854339122772,1
0.3943864107131958,1
0.33544114232063293,1
0.4155391752719879,1
0.34327274560928345,1
0.3123689293861389,1
0.27971121668815613,1
0.36374467611312866,1
0.5514932870864868,1
0.3464324474334717,1
0.3796343207359314,1
0.3515479564666748,1
0.37230607867240906,1
0.2843095064163208,1
0.4472143054008484,1
0.27560049295425415,1
0.3196110129356384,1
0.3446502685546875,1
0.3969741463661194,1
0.36429664492607117,1
0.34013187885284424,1
0.3278465270996094,1
0.42237550020217896,1
0.41017621755599976,1
0.3341415524482727,1
0.42545098066329956,1
0.3399549126625061,1
0.3842328190803528,1
0.358146071434021,1
0.29026779532432556,1
0.3950381875038147,1
0.3617292046546936,1
0.3245125710964203,1
0.3668676018714905,1
0.32390621304512024,1
0.4210466146469116,1
0.3356173038482666,1
0.37527966499328613,1
0.33844855427742004,1
0.2660679221153259,1
0.24810808897018433,1
0.42196545004844666,1
0.3001161813735962,1
0.26823702454566956,1
0.26853421330451965,1
0.3762418031692505,1
0.3698093593120575,1
0.33147552609443665,1
0.3256140351295471,1
0.36317896842956543,1
0.31990185379981995,1
0.328698068857193,1
0.40716707706451416,1
0.43705809116363525,1
0.36330944299697876,1
0.2868773639202118,1
0.3573378324508667,1
0.38098055124282837,1
0.3708260655403137,1
0.289065420627594,1
0.33480435609817505,1
0.36301273107528687,1
0.3018343150615692,1
0.29502230882644653,1
0.37950873374938965,1
0.39185020327568054,1
0.4089317321777344,1
0.36587005853652954,1
0.32172930240631104,1
0.24834327399730682,1
0.2914945185184479,1
0.3341124355792999,1
0.33946096897125244,1
0.47873255610466003,1
0.3052866458892822,1
0.36824190616607666,1
0.36077821254730225,1
0.37019065022468567,1
0.32817044854164124,1
0.3430347144603729,1
0.32127705216407776,1
0.39940062165260315,1
0.2688814699649811,1
0.3866767883300781,1
0.3114616870880127,1
0.3220881521701813,1
0.29240021109580994,1
0.40052878856658936,1
0.36265429854393005,1
0.28732556104660034,1
0.4713806211948395,1
0.2642916738986969,1
0.2761629819869995,1
0.45900964736938477,1
0.35644108057022095,1
0.3301459848880768,1
0.3704497814178467,1
0.3751761019229889,1
0.41857829689979553,1
0.2719919681549072,1
0.443625807762146,1
0.3607649505138397,1
0.2808501124382019,1
0.4233056306838989,1
0.3001287877559662,1
0.48980197310447693,1
0.3527377247810364,1
0.32452937960624695,1
0.34324610233306885,1
0.3304128050804138,1
0.3893122673034668,1
0.3023000955581665,1
0.3115655779838562,1
0.309420108795166,1
0.3974357545375824,1
0.2994427978992462,1
0.28987714648246765,1
0.4766298234462738,1
0.27550673484802246,1
0.3557446002960205,1
0.3365672826766968,1
0.49499642848968506,1
0.3736061453819275,1
0.457996129989624,1
0.37414440512657166,1
0.36741557717323303,1
0.30157095193862915,1
0.2749684453010559,1
0.38635194301605225,1
0.3365766108036041,1
0.3638954162597656,1
0.3629102110862732,1
0.46022921800613403,1
0.29510870575904846,1
0.35649847984313965,1
0.3982999920845032,1
0.5078408718109131,1
0.24160082638263702,1
0.2823120355606079,1
0.3125278055667877,1
0.5545047521591187,1
0.3260525166988373,1
0.41790124773979187,1
0.3834778666496277,1
0.31569865345954895,1
0.3488333225250244,1
0.3364342153072357,1
0.33472874760627747,1
0.3791962265968323,1
0.3410971164703369,1
0.3820999264717102,1
0.3176804184913635,1
0.36365413665771484,1
0.3803843855857849,1
0.29114067554473877,1
0.32452651858329773,1
0.31624794006347656,1
0.3456634283065796,1
0.4011398255825043,1
0.2547295391559601,1
0.4691545367240906,1
0.37114831805229187,1
0.36998480558395386,1
0.40622568130493164,1
0.4243072271347046,1
0.3325905501842499,1
0.3114165663719177,1
0.5116882920265198,1
0.37248700857162476,1
0.43331393599510193,1
0.3141523003578186,1
0.45457974076271057,1
0.366272509098053,1
0.4516211152076721,1
0.34764206409454346,1
0.3078307509422302,1
0.28059545159339905,1
0.3080044388771057,1
0.2954100966453552,1
0.333160936832428,1
0.32907962799072266,1
0.3201231360435486,1
0.32217198610305786,1
0.37075912952423096,1
0.38848307728767395,1
0.2834714353084564,1
0.29015958309173584,1
0.36603593826293945,1
0.3101266324520111,1
0.32228249311447144,1
0.30002015829086304,1
0.34675031900405884,1
0.26553601026535034,1
0.4010024666786194,1
0.40938228368759155,1
0.32733792066574097,1
0.32842642068862915,1
0.4806886911392212,1
0.35762637853622437,1
0.3578118681907654,1
0.34482675790786743,1
0.4272706210613251,1
0.3241592049598694,1
0.25331419706344604,1
0.47504106163978577,1
0.39973002672195435,1
0.3657281994819641,1
0.40247464179992676,1
0.4489086866378784,1
0.36206337809562683,1
0.3751662075519562,1
0.4149567186832428,1
0.3322897255420685,1
0.3550248146057129,1
0.3328261375427246,1
0.4350115656852722,1
0.3823852837085724,1
0.38867515325546265,1
0.34697145223617554,1
0.30734556913375854,1
0.3332361578941345,1
0.37471407651901245,1
0.33179813623428345,1
0.35366880893707275,1
0.4837781488895416,1
0.3767165541648865,1
0.35401177406311035,1
0.26306042075157166,1
0.35382604598999023,1
0.2764778137207031,1
0.45337581634521484,1
0.3321995437145233,1
0.2518715262413025,1
0.1943688988685608,1
0.41632354259490967,1
0.386608362197876,1
0.3511771559715271,1
0.251719206571579,1
0.3072458505630493,1
0.3916509747505188,1
0.5071357488632202,1
0.4143054187297821,1
0.4402129054069519,1
0.3523091971874237,1
0.281301885843277,1
0.28207653760910034,1
0.3217889666557312,1
0.259040892124176,1
0.3414354622364044,1
0.372489869594574,1
0.3312563896179199,1
0.41670170426368713,1
0.25787049531936646,1
0.4320518374443054,1
0.43458572030067444,1
0.30296590924263,1
0.3293578624725342,1
0.332662969827652,1
0.30008405447006226,1
0.4313749670982361,1
0.24499019980430603,1
0.3173147439956665,1
0.3627880811691284,1
0.31382420659065247,1
0.348557710647583,1
0.2909002900123596,1
0.22596071660518646,1
0.3590224087238312,1
0.45884010195732117,1
0.371160626411438,1
0.31956493854522705,1
0.3156054615974426,1
0.37759163975715637,1
0.39387309551239014,1
0.2533078193664551,1
0.22910445928573608,1
0.34339791536331177,1
0.4730271100997925,1
0.33481651544570923,1
0.2917211651802063,1
0.2974039912223816,1
0.42264217138290405,1
0.35992753505706787,1
0.3547893762588501,1
0.28962579369544983,1
0.39717820286750793,1
0.3486655652523041,1
0.3211345374584198,1
0.29409849643707275,1
0.3831805884838104,1
0.3656553328037262,1
0.2875017821788788,1
0.2971585988998413,1
0.34544727206230164,1
0.3637951910495758,1
0.44356125593185425,1
0.23770035803318024,1
0.43954041600227356,1
0.24389013648033142,1
0.4491623640060425,1
0.35795989632606506,1
0.44028007984161377,1
0.3405682444572449,1
0.418366938829422,1
0.3889162242412567,1
0.2821650505065918,1
0.3438151478767395,1
0.3016101121902466,1
0.3510776162147522,1
0.32547277212142944,1
0.2776152491569519,1
0.35202696919441223,1
0.3577899932861328,1
0.3877466917037964,1
0.29404401779174805,1
0.3237937390804291,1
0.3659192621707916,1
0.3233999013900757,1
0.2981107831001282,1
0.36728495359420776,1
0.35248664021492004,1
0.3803216218948364,1
0.3005521297454834,1
0.34584376215934753,1
0.37918901443481445,1
0.44171932339668274,1
0.38117825984954834,1
0.4282996356487274,1
0.35493549704551697,1
0.29690471291542053,1
0.42351409792900085,1
0.25967758893966675,1
0.4322800040245056,1
0.356730580329895,1
0.2794737219810486,1
0.44969165325164795,1
0.28759780526161194,1
0.39539575576782227,1
0.32246842980384827,1
0.3416776657104492,1
0.3728335201740265,1
0.30625292658805847,1
0.4346376061439514,1
0.5084775686264038,1
0.42651551961898804,1
0.35101941227912903,1
0.5297292470932007,1
0.2941616177558899,1
0.503718376159668,1
0.41093844175338745,1
0.35360226035118103,1
0.2854578197002411,1
0.28128480911254883,1
0.34884321689605713,1
0.3163227438926697,1
0.39925310015678406,1
0.38884928822517395,1
0.33629852533340454,1
0.3223631680011749,1
0.2999754548072815,1
0.40823209285736084,1
0.447388231754303,1
0.3424679934978485,1
0.32087546586990356,1
0.3927328586578369,1
0.34951332211494446,1
0.32912731170654297,1
0.32896336913108826,1
0.34439021348953247,1
0.40137356519699097,1
0.43342188000679016,1
0.32157692313194275,1
0.4510011672973633,1
0.2859182357788086,1
0.3791992664337158,1
0.33203601837158203,1
0.3647778034210205,1
0.2922312915325165,1
0.20777422189712524,1
0.2690035104751587,1
0.4378975033760071,1
0.3871239125728607,1
0.397835910320282,1
0.38482600450515747,1
0.4708733558654785,1
0.3078405261039734,1
0.3064781427383423,1
0.3031822741031647,1
0.34618261456489563,1
0.345435231924057,1
0.31151410937309265,1
0.3364892601966858,1
0.3655043840408325,1
0.3154279291629791,1
0.34363695979118347,1
0.32158297300338745,1
0.3972783088684082,1
0.33808112144470215,1
0.3193047046661377,1
0.3081497251987457,1
0.28738024830818176,1
0.388749361038208,1
0.34948715567588806,1
0.4576456546783447,1
0.3309083878993988,1
0.5140132904052734,1
0.29127946496009827,1
0.30996906757354736,1
0.4185548424720764,1
0.3136288523674011,1
0.290682852268219,1
0.39079001545906067,1
0.28306010365486145,1
0.34175655245780945,1
0.45325568318367004,1
0.46602094173431396,1
0.2714647650718689,1
0.3502967357635498,1
0.3481285572052002,1
0.3079965114593506,1
0.4104854166507721,1
0.3318633735179901,1
0.3024209141731262,1
0.3274182975292206,1
0.290965735912323,1
0.2868454158306122,1
0.31782448291778564,1
0.313441663980484,1
0.250420480966568,1
0.3472406566143036,1
0.3187065124511719,1
0.35841941833496094,1
0.3675142228603363,1
0.3550882935523987,1
0.32181888818740845,1
0.5148138999938965,1
0.46986132860183716,1
0.4140986204147339,1
0.35258233547210693,1
0.28874707221984863,1
0.3520698845386505,1
0.430844783782959,1
0.3581959009170532,1
0.37187671661376953,1
0.318537175655365,1
0.4096803665161133,1
0.2740155756473541,1
0.3799893260002136,1
0.2981034815311432,1
0.32610246539115906,1
0.3223333954811096,1
0.35177361965179443,1
0.26517176628112793,1
0.44681161642074585,1
0.44737762212753296,1
0.304685115814209,1
0.25577741861343384,1
0.21479743719100952,1
0.3462480306625366,1
0.2895582318305969,1
0.37579137086868286,1
0.3582781255245209,1
0.36372828483581543,1
0.3493531346321106,1
0.3787423372268677,1
0.28179821372032166,1
0.382310152053833,1
0.2930605709552765,1
0.3254309594631195,1
0.2795019745826721,1
0.4012548327445984,1
0.3333744406700134,1
0.3728612959384918,1
0.29475998878479004,1
0.36086463928222656,1
0.3512115478515625,1
0.37812861800193787,1
0.4191703498363495,1
0.3609943389892578,1
0.3537454903125763,1
0.2810358703136444,1
0.41136330366134644,1
0.33669883012771606,1
0.4198996424674988,1
0.3469598591327667,1
0.3310181796550751,1
0.5085711479187012,1
0.22853043675422668,1
0.37939685583114624,1
0.42276474833488464,1
0.295706182718277,1
0.34950846433639526,1
0.29180023074150085,1
0.30512091517448425,1
0.38406479358673096,1
0.23511311411857605,1
0.4460884928703308,1
0.3589443564414978,1
0.2898443043231964,1
0.43449097871780396,1
0.35613077878952026,1
0.3149522542953491,1
0.36249807476997375,1
0.3385399580001831,1
0.386399507522583,1
0.3391786217689514,1
0.3274659812450409,1
0.412708044052124,1
0.3695228099822998,1
0.41265344619750977,1
0.35285624861717224,1
0.35569116473197937,1
0.22761864960193634,1
0.3216044306755066,1
0.38134077191352844,1
0.3185611665248871,1
0.28572583198547363,1
0.3560671806335449,1
0.41892319917678833,1
0.34943947196006775,1
0.3041309714317322,1
0.30671608448028564,1
0.36734914779663086,1
0.3740893006324768,1
0.23330090939998627,1
0.3870756924152374,1
0.3672863245010376,1
0.4218926727771759,1
0.37243661284446716,1
0.3475954234600067,1
0.3732905685901642,1
0.430571049451828,1
0.3415953516960144,1
0.3824006915092468,1
0.3776758909225464,1
0.2487660050392151,1
0.28208887577056885,1
0.3117031157016754,1
0.3160317838191986,1
0.5231152772903442,1
0.3692900240421295,1
0.34431594610214233,1
0.33372676372528076,1
0.3389086127281189,1
0.465227335691452,1
0.3874337077140808,1
0.24453267455101013,1
0.2981316149234772,1
0.27544620633125305,1
0.3900650441646576,1
0.4502177834510803,1
0.4143429398536682,1
0.4399155378341675,1
0.2483656108379364,1
0.34322482347488403,1
0.4459839463233948,1
0.32552552223205566,1
0.3086996078491211,1
0.4280085861682892,1
0.33236953616142273,1
0.4462461769580841,1
0.3625781536102295,1
0.3205513060092926,1
0.20920701324939728,1
0.3904828727245331,1
0.27240461111068726,1
0.3448423445224762,1
0.33298248052597046,1
0.4857011139392853,1
0.29173773527145386,1
0.33659827709198,1
0.37649664282798767,1
0.3700575828552246,1
0.22908209264278412,1
0.25702351331710815,1
0.37437254190444946,1
0.39848393201828003,1
0.38432061672210693,1
0.36364731192588806,1
0.23901769518852234,1
0.36577901244163513,1
0.4595182538032532,1
0.40050598978996277,1
0.3099078834056854,1
0.3602098524570465,1
0.39411675930023193,1
0.2828045189380646,1
0.4771997928619385,1
0.3091740906238556,1
0.32251042127609253,1
0.32306158542633057,1
0.2548360824584961,1
0.27922606468200684,1
0.4051760137081146,1
0.3802125155925751,1
0.4371917247772217,1
0.4507789611816406,1
0.40885844826698303,1
0.3448494076728821,1
0.3348442018032074,1
0.3643815815448761,1
0.436348021030426,1
0.36248308420181274,1
0.4304804503917694,1
0.2833358943462372,1
0.34814661741256714,1
0.28508350253105164,1
0.3745808005332947,1
0.5196802020072937,1
0.29437124729156494,1
0.2659587264060974,1
0.48134586215019226,1
0.2072017341852188,1
0.3448832631111145,1
0.3545271158218384,1
0.4097423851490021,1
0.49664929509162903,1
0.24774545431137085,1
0.28383415937423706,1
0.3233110308647156,1
0.32981473207473755,1
0.35330384969711304,1
0.4571400284767151,1
0.3739866614341736,1
0.2945415675640106,1
0.4104498326778412,1
0.3521046042442322,1
0.3017684519290924,1
0.35162484645843506,1
0.3697534203529358,1
0.2966533303260803,1
0.4339143633842468,1
0.30428987741470337,1
0.35936298966407776,1
0.4664303660392761,1
0.29842865467071533,1
0.38186487555503845,1
0.3718422055244446,1
0.3043936491012573,1
0.35290661454200745,1
0.35363340377807617,1
0.3760445713996887,1
0.43132269382476807,1
0.4640032649040222,1
0.40759986639022827,1
0.3831082880496979,1
0.34919291734695435,1
0.3316105008125305,1
0.3697550892829895,1
0.3127906322479248,1
0.26783010363578796,1
0.3555562496185303,1
0.3580312728881836,1
0.2327229380607605,1
0.3456959128379822,1
0.33978015184402466,1
0.3550889194011688,1
0.42840543389320374,1
0.20286114513874054,1
0.24548277258872986,1
0.3345925807952881,1
0.32851940393447876,1
0.3288497030735016,1
0.3596803545951843,1
0.3860156834125519,1
0.24733886122703552,1
0.35355454683303833,1
0.31346291303634644,1
0.38697677850723267,1
0.42564183473587036,1
0.28828591108322144,1
0.46175116300582886,1
0.3628838062286377,1
0.29346203804016113,1
0.3161934018135071,1
0.3210163712501526,1
0.43596890568733215,1
0.3020496964454651,1
0.31472912430763245,1
0.4457501173019409,1
0.4763147234916687,1
0.33914172649383545,1
0.40798434615135193,1
0.36373382806777954,1
0.34841015934944153,1
0.3898930251598358,1
0.47720399498939514,1
0.26581814885139465,1
0.44014260172843933,1
0.46794942021369934,1
0.29240426421165466,1
0.35070326924324036,1
0.329969197511673,1
0.3146326541900635,1
0.2662833631038666,1
0.3001393675804138,1
0.3629051744937897,1
0.22236621379852295,1
0.35332709550857544,1
0.3699083626270294,1
0.32469049096107483,1
0.3784649074077606,1
0.28477105498313904,1
0.3773243725299835,1
0.32287466526031494,1
0.39989832043647766,1
0.3543362617492676,1
0.356685608625412,1
0.2775186002254486,1
0.40255680680274963,1
0.342931866645813,1
0.3057122230529785,1
0.3041436970233917,1
0.428663432598114,1
0.45856016874313354,1
0.380628377199173,1
0.601405143737793,1
0.3806661367416382,1
0.28602105379104614,1
0.38222789764404297,1
0.42192763090133667,1
0.40850454568862915,1
0.4223816692829132,1
0.3171321153640747,1
0.4012657403945923,1
0.30316072702407837,1
0.3566989004611969,1
0.31024372577667236,1
0.2536534070968628,1
0.3844057619571686,1
0.37454119324684143,1
0.2527575194835663,1
0.2537481188774109,1
0.3193187713623047,1
0.32460588216781616,1
0.3502572774887085,1
0.3033246099948883,1
0.38546454906463623,1
0.30820879340171814,1
0.32240399718284607,1
0.3413446545600891,1
0.34851178526878357,1
0.33022332191467285,1
0.31078144907951355,1
0.3009795844554901,1
0.4109148383140564,1
0.37478360533714294,1
0.32623881101608276,1
0.42097437381744385,1
0.31207576394081116,1
0.37424102425575256,1
0.3780237138271332,1
0.3665039539337158,1
0.31482529640197754,1
0.4392445683479309,1
0.3339245021343231,1
0.4676520526409149,1
0.4965693950653076,1
0.38853931427001953,1
0.31547296047210693,1
0.280818372964859,1
0.37142178416252136,1
0.2675214409828186,1
0.34504005312919617,1
0.4562380909919739,1
0.4913008511066437,1
0.3777696490287781,1
0.4714336395263672,1
0.37237411737442017,1
0.2680569291114807,1
0.2823808193206787,1
0.3917831778526306,1
0.37001222372055054,1
0.17296935617923737,1
0.4235060513019562,1
0.3024647831916809,1
0.46989905834198,1
0.4379887580871582,1
0.3961583971977234,1
0.3890005052089691,1
0.36526167392730713,1
0.38656407594680786,1
0.3099784851074219,1
0.3527979850769043,1
0.38949960470199585,1
0.382775217294693,1
0.33583202958106995,1
0.3655347228050232,1
0.3663393259048462,1
0.26796430349349976,1
0.33863529562950134,1
0.41069018840789795,1
0.38368844985961914,1
0.3263058066368103,1
0.37682387232780457,1
0.4541752338409424,1
0.4029630720615387,1
0.3298138380050659,1
0.2680509388446808,1
0.26589563488960266,1
0.34726256132125854,1
0.33748337626457214,1
0.40437206625938416,1
0.2942965626716614,1
0.34215793013572693,1
0.3223007917404175,1
0.36560702323913574,1
0.384439080953598,1
0.3109298646450043,1
0.4137880802154541,1
0.3978559970855713,1
0.35857322812080383,1
0.3225024938583374,1
0.3423548936843872,1
0.4465793967247009,1
0.2930220663547516,1
0.3278033137321472,1
0.32541510462760925,1
0.4392322301864624,1
0.32913780212402344,1
0.31935903429985046,1
0.3251612186431885,1
0.3397917151451111,1
0.4092023968696594,1
0.3826780915260315,1
0.34220391511917114,1
0.36484864354133606,1
0.35774073004722595,1
0.4497583508491516,1
0.3704453110694885,1
0.3362205922603607,1
0.33944836258888245,1
0.3924016058444977,1
0.33486273884773254,1
0.2855581045150757,1
0.44355088472366333,1
0.3295046389102936,1
0.40069591999053955,1
0.2885165512561798,1
0.35786688327789307,1
0.4047495126724243,1
0.32873910665512085,1
0.3664190173149109,1
0.4171895384788513,1
0.2502041161060333,1
0.37351933121681213,1
0.40178796648979187,1
0.43167734146118164,1
0.26491111516952515,1
0.2663511633872986,1
0.35221153497695923,1
0.5655437111854553,1
0.37469780445098877,1
0.4750627279281616,1
0.3078022003173828,1
0.26941978931427,1
0.29476138949394226,1
0.43566209077835083,1
0.3995344638824463,1
0.3920701742172241,1
0.34826216101646423,1
0.30544349551200867,1
0.3506265878677368,1
0.2934832274913788,1
0.2805826961994171,1
0.29199331998825073,1
0.3742944598197937,1
0.341001033782959,1
0.35580068826675415,1
0.34853821992874146,1
0.3367973268032074,1
0.32528162002563477,1
0.4088136553764343,1
0.37755095958709717,1
0.28328365087509155,1
0.35904815793037415,1
0.3697487711906433,1
0.42258262634277344,1
0.40686601400375366,1
0.36567413806915283,1
0.30158326029777527,1
0.30931639671325684,1
0.34296032786369324,1
0.29890739917755127,1
0.309783935546875,1
0.3625947833061218,1
0.28553059697151184,1
0.3209686875343323,1
0.24971804022789001,1
0.325459748506546,1
0.4208354353904724,1
0.418291300535202,1
0.22248828411102295,1
0.28370803594589233,1
0.24942821264266968,1
0.48083001375198364,1
0.4055495858192444,1
0.3645572066307068,1
0.2057953178882599,1
0.35256898403167725,1
0.31891655921936035,1
0.3119181990623474,1
0.3011235296726227,1
0.32227078080177307,1
0.3655296564102173,1
0.45209476351737976,1
0.38276809453964233,1
0.4273287355899811,1
0.41769784688949585,1
0.3376117944717407,1
0.26973655819892883,1
0.49155193567276,1
0.4850406050682068,1
0.3318829834461212,1
0.38978350162506104,1
0.34003400802612305,1
0.3143060803413391,1
0.2772282361984253,1
0.2719183564186096,1
0.3261503577232361,1
0.3581552803516388,1
0.34577134251594543,1
0.31455838680267334,1
0.2853613495826721,1
0.4487137794494629,1
0.32262611389160156,1
0.3828602731227875,1
0.336751252412796,1
0.2950027585029602,1
0.45654651522636414,1
0.30678385496139526,1
0.4020877778530121,1
0.3927622139453888,1
0.35865533351898193,1
0.47389447689056396,1
0.37984681129455566,1
0.33597445487976074,1
0.4063701927661896,1
0.469364196062088,1
0.3639396131038666,1
0.3455656170845032,1
0.2975125312805176,1
0.3262903690338135,1
0.3301076889038086,1
0.27238568663597107,1
0.2993288040161133,1
0.427567720413208,1
0.29063335061073303,1
0.29665911197662354,1
0.4234437346458435,1
0.3655996322631836,1
0.34800493717193604,1
0.4422105848789215,1
0.4135158061981201,1
0.38243842124938965,1
0.263355016708374,1
0.3791813254356384,1
0.40899303555488586,1
0.4470879137516022,1
0.3837079107761383,1
0.3276693522930145,1
0.4568219780921936,1
0.29277676343917847,1
0.4908897876739502,1
0.273933082818985,1
0.35351184010505676,1
0.3235282301902771,1
0.3859183192253113,1
0.343639075756073,1
0.32260096073150635,1
0.3632723093032837,1
0.35392478108406067,1
0.3557835817337036,1
0.3457038104534149,1
0.29596924781799316,1
0.37605395913124084,1
0.35993528366088867,1
0.35388457775115967,1
0.36627376079559326,1
0.2819053530693054,1
0.34068065881729126,1
0.5031019449234009,1
0.2540326714515686,1
0.3245737552642822,1
0.43737825751304626,1
0.28621694445610046,1
0.46521615982055664,1
0.39703187346458435,1
0.3218986690044403,1
0.4430668354034424,1
0.4287181496620178,1
0.35350170731544495,1
0.34062355756759644,1
0.37861865758895874,1
0.4076228439807892,1
0.39590346813201904,1
0.294485867023468,1
0.28704485297203064,1
0.35544151067733765,1
0.3643864393234253,1
0.34684568643569946,1
0.34998762607574463,1
0.4609314203262329,1
0.23247209191322327,1
0.32284000515937805,1
0.33323124051094055,1
0.28756147623062134,1
0.37781792879104614,1
0.33118969202041626,1
0.3116789758205414,1
0.41631072759628296,1
0.3230583667755127,1
0.33870816230773926,1
0.3728668689727783,1
0.3534538745880127,1
0.3148006796836853,1
0.3710588812828064,1
0.3058817386627197,1
0.4070253372192383,1
0.3468630611896515,1
0.3703039884567261,1
0.4737723469734192,1
0.29761916399002075,1
0.24336174130439758,1
0.3424021601676941,1
0.32596391439437866,1
0.34949594736099243,1
0.4492794871330261,1
0.2898702621459961,1
0.4424656629562378,1
0.39538443088531494,1
0.2409997433423996,1
0.30597567558288574,1
0.3552898168563843,1
0.45768237113952637,1
0.46437403559684753,1
0.41704556345939636,1
0.5294119119644165,1
0.31791970133781433,1
0.3385564088821411,1
0.44253239035606384,1
0.3409173786640167,1
0.38035252690315247,1
0.3705519437789917,1
0.29247206449508667,1
0.2911856770515442,1
0.251334547996521,1
0.3479562997817993,1
0.3567289710044861,1
0.28568366169929504,1
0.4111362099647522,1
0.39153173565864563,1
0.36375415325164795,1
0.349939227104187,1
0.41321027278900146,1
0.4119412302970886,1
0.37714681029319763,1
0.38886770606040955,1
0.38366466760635376,1
0.24578441679477692,1
0.2504499554634094,1
0.3701539933681488,1
0.2771430015563965,1
0.3253902196884155,1
0.255783349275589,1
0.34638386964797974,1
0.32124021649360657,1
0.24203890562057495,1
0.32100313901901245,1
0.39067643880844116,1
0.4050404131412506,1
0.30687564611434937,1
0.4289408028125763,1
0.35824519395828247,1
0.4168197512626648,1
0.3483440577983856,1
0.4311797618865967,1
0.3079942464828491,1
0.2304431051015854,1
0.30733442306518555,1
0.36801278591156006,1
0.41305065155029297,1
0.39821657538414,1
0.4056152105331421,1
0.36037591099739075,1
0.3775477409362793,1
0.46876201033592224,1
0.31304118037223816,1
0.3777908384799957,1
0.3354681730270386,1
0.31901052594184875,1
0.3326447606086731,1
0.300658255815506,1
0.37128347158432007,1
0.35903164744377136,1
0.3294670581817627,1
0.3928048610687256,1
0.32508978247642517,1
0.38526612520217896,1
0.28120070695877075,1
0.39613327383995056,1
0.3569546639919281,1
0.40345877408981323,1
0.32353559136390686,1
0.38212519884109497,1
0.3321164846420288,1
0.39113277196884155,1
0.4133480191230774,1
0.3055105209350586,1
0.4001743495464325,1
0.41395142674446106,1
0.34681904315948486,1
0.2915491461753845,1
0.3076367974281311,1
0.24499765038490295,1
0.36846494674682617,1
0.31227290630340576,1
0.28334566950798035,1
0.3576847016811371,1
0.3665968179702759,1
0.3422209322452545,1
0.32127004861831665,1
0.3368212580680847,1
0.36915862560272217,1
0.2710687518119812,1
0.43149086833000183,1
0.3807772099971771,1
0.32601627707481384,1
0.5401622653007507,1
0.42048701643943787,1
0.4778466522693634,1
0.28631290793418884,1
0.40468376874923706,1
0.3898823857307434,1
0.21460428833961487,1
0.3609786927700043,1
0.3345228433609009,1
0.3403066396713257,1
0.2349482774734497,1
0.4278436601161957,1
0.39329850673675537,1
0.3474963903427124,1
0.33834272623062134,1
0.33125048875808716,1
0.3137235939502716,1
0.33761921525001526,1
0.36543500423431396,1
0.48314589262008667,1
0.24808408319950104,1
0.305365651845932,1
0.3680787980556488,1
0.2969437539577484,1
0.32956433296203613,1
0.35104432702064514,1
0.3866407871246338,1
0.3530743718147278,1
0.28040453791618347,1
0.3812848925590515,1
0.31504929065704346,1
0.38690292835235596,1
0.36542102694511414,1
0.332759290933609,1
0.3124094605445862,1
0.3314957022666931,1
0.3155905604362488,1
0.390407919883728,1
0.34330523014068604,1
0.42141327261924744,1
0.26391032338142395,1
0.3619421124458313,1
0.4284229874610901,1
0.3452373743057251,1
0.3069256544113159,1
0.3147193491458893,1
0.2814903259277344,1
0.2792681157588959,1
0.37552863359451294,1
0.3159380555152893,1
0.2695764899253845,1
0.2156047224998474,1
0.34443119168281555,1
0.348741352558136,1
0.29854899644851685,1
0.31559866666793823,1
0.357162207365036,1
0.3086056709289551,1
0.3316190540790558,1
0.38494041562080383,1
0.4606732726097107,1
0.30790573358535767,1
0.28560760617256165,1
0.24792206287384033,1
0.3030100464820862,1
0.40845873951911926,1
0.4126940369606018,1
0.40759962797164917,1
0.30128392577171326,1
0.38901287317276,1
0.27796217799186707,1
0.4040449261665344,1
0.3146730065345764,1
0.35899585485458374,1
0.33081209659576416,1
0.4047629237174988,1
0.37539440393447876,1
0.34232550859451294,1
0.33815622329711914,1
0.19543007016181946,1
0.3367639183998108,1
0.39040449261665344,1
0.3135191798210144,1
0.3130786120891571,1
0.36613744497299194,1
0.4212527275085449,1
0.3817155957221985,1
0.31892937421798706,1
0.42920902371406555,1
0.4087679386138916,1
0.2801995873451233,1
0.30967795848846436,1
0.28249987959861755,1
0.3983297348022461,1
0.22297143936157227,1
0.46935057640075684,1
0.3200562000274658,1
0.3636431396007538,1
0.4486262798309326,1
0.39162325859069824,1
0.33204883337020874,1
0.3226300776004791,1
0.3467729985713959,1
0.39831632375717163,1
0.1951182782649994,1
0.30693063139915466,1
0.35297688841819763,1
0.34855812788009644,1
0.5037702918052673,1
0.2693055272102356,1
0.46702054142951965,1
0.37117043137550354,1
0.3342745304107666,1
0.30339521169662476,1
0.43086129426956177,1
0.45945847034454346,1
0.3815535604953766,1
0.3795250654220581,1
0.3008453845977783,1
0.2850086987018585,1
0.40471458435058594,1
0.337885320186615,1
0.35330355167388916,1
0.39347055554389954,1
0.34715065360069275,1
0.39491745829582214,1
0.317719966173172,1
0.3882613480091095,1
0.35634666681289673,1
0.4028560519218445,1
0.5009058117866516,1
0.34009093046188354,1
0.3297737240791321,1
0.4194098711013794,1
0.31932055950164795,1
0.2958044707775116,1
0.4175751805305481,1
0.3218851387500763,1
0.39830273389816284,1
0.3160433769226074,1
0.42914873361587524,1
0.3761284649372101,1
0.3997320532798767,1
0.31900903582572937,1
0.2941855192184448,1
0.32115182280540466,1
0.3414195775985718,1
0.37863868474960327,1
0.5127041935920715,1
0.2684555649757385,1
0.24293285608291626,1
0.30889785289764404,1
0.3189484477043152,1
0.3524653911590576,1
0.33871179819107056,1
0.3786669969558716,1
0.35210102796554565,1
0.37566035985946655,1
0.341191828250885,1
0.25170889496803284,1
0.41506150364875793,1
0.3950496315956116,1
0.44457992911338806,1
0.2992323935031891,1
0.3182247281074524,1
0.3158740997314453,1
0.24066698551177979,1
0.294974148273468,1
0.3448767364025116,1
0.3162267506122589,1
0.2949952483177185,1
0.44263756275177,1
0.3968571722507477,1
0.3814471662044525,1
0.35673314332962036,1
0.3067363500595093,1
0.3551880419254303,1
0.41897889971733093,1
0.37702950835227966,1
0.26092368364334106,1
0.26192399859428406,1
0.30915167927742004,1
0.43701043725013733,1
0.3098207116127014,1
0.4562004804611206,1
0.49347472190856934,1
0.3254421651363373,1
0.3207767605781555,1
0.2891786992549896,1
0.29656144976615906,1
0.29236289858818054,1
0.31551599502563477,1
0.2667493522167206,1
0.29574054479599,1
0.27901315689086914,1
0.4257147014141083,1
0.28105464577674866,1
0.49425700306892395,1
0.40167906880378723,1
0.3312406539916992,1
0.3636936545372009,1
0.32819685339927673,1
0.34211164712905884,1
0.3753235340118408,1
0.3493006229400635,1
0.33314353227615356,1
0.41635218262672424,1
0.3263131380081177,1
0.337457537651062,1
0.3831574022769928,1
0.3064737617969513,1
0.34774523973464966,1
0.3243281841278076,1
0.2804260849952698,1
0.3969249725341797,1
0.38645321130752563,1
0.3214697539806366,1
0.31237828731536865,1
0.2743412256240845,1
0.5086795091629028,1
0.3902096152305603,1
0.28580161929130554,1
0.4439394474029541,1
0.32149210572242737,1
0.3383708596229553,1
0.44295060634613037,1
0.31859052181243896,1
0.34125733375549316,1
0.36746057868003845,1
0.45320186018943787,1
0.3254905343055725,1
0.3576638996601105,1
0.45316997170448303,1
0.3241591453552246,1
0.3364415466785431,1
0.4069535732269287,1
0.23812490701675415,1
0.27403193712234497,1
0.42701756954193115,1
0.3195874094963074,1
0.2236071527004242,1
0.4512416124343872,1
0.3884944021701813,1
0.29168206453323364,1
0.35675758123397827,1
0.3813249468803406,1
0.47013968229293823,1
0.3131662607192993,1
0.3405233323574066,1
0.31375497579574585,1
0.30737826228141785,1
0.33915525674819946,1
0.3420220911502838,1
0.29895567893981934,1
0.28537094593048096,1
0.3567596673965454,1
0.2277500331401825,1
0.2711251974105835,1
0.4195809066295624,1
0.28502440452575684,1
0.25403180718421936,1
0.4305066466331482,1
0.3883412778377533,1
0.40975499153137207,1
0.35102757811546326,1
0.3125842809677124,1
0.37912625074386597,1
0.4640367925167084,1
0.27421799302101135,1
0.4379364848136902,1
0.2559318244457245,1
0.3890252709388733,1
0.3806503415107727,1
0.30043166875839233,1
0.4218687117099762,1
0.38382142782211304,1
0.34801051020622253,1
0.3165649175643921,1
0.25933194160461426,1
0.38554006814956665,1
0.27331146597862244,1
0.4273427724838257,1
0.27758294343948364,1
0.4297759234905243,1
0.3531320095062256,1
0.38762548565864563,1
0.3726591169834137,1
0.3272852897644043,1
0.23743903636932373,1
0.5004663467407227,1
0.3674958348274231,1
0.2930666506290436,1
0.32262542843818665,1
0.4570249617099762,1
0.42205867171287537,1
0.3283305764198303,1
0.2861821949481964,1
0.37886127829551697,1
0.354331910610199,1
0.3118939995765686,1
0.24083957076072693,1
0.36997196078300476,1
0.3215405344963074,1
0.3556777834892273,1
0.3056763708591461,1
0.28160715103149414,1
0.3480095863342285,1
0.39685317873954773,1
0.23801851272583008,1
0.4016585946083069,1
0.3699606657028198,1
0.35883796215057373,1
0.3370254635810852,1
0.28124627470970154,1
0.3818175196647644,1
0.5087624788284302,1
0.3938549757003784,1
0.36489778757095337,1
0.2947373390197754,1
0.3326963186264038,1
0.3594190776348114,1
0.45415621995925903,1
0.23521393537521362,1
0.42632490396499634,1
0.332651823759079,1
0.3040499985218048,1
0.47354722023010254,1
0.4333534836769104,1
0.46162015199661255,1
0.2954949736595154,1
0.3984406590461731,1
0.2954719364643097,1
0.3899621069431305,1
0.33068108558654785,1
0.47401052713394165,1
0.28482866287231445,1
0.35872727632522583,1
0.3525293469429016,1
0.323137104511261,1
0.3392927646636963,1
0.3198414146900177,1
0.26036787033081055,1
0.3163961172103882,1
0.32463541626930237,1
0.46362847089767456,1
0.3163718581199646,1
0.31094664335250854,1
0.36330217123031616,1
0.35445281863212585,1
0.47768235206604004,1
0.43572086095809937,1
0.30016374588012695,1
0.44030746817588806,1
0.35701364278793335,1
0.3795546293258667,1
0.407237708568573,1
0.29154378175735474,1
0.44768670201301575,1
0.36648496985435486,1
0.31155088543891907,1
0.2683344781398773,1
0.34408101439476013,1
0.42543619871139526,1
0.3312457799911499,1
0.47234147787094116,1
0.36495405435562134,1
0.3632298707962036,1
0.33080729842185974,1
0.38433608412742615,1
0.27591967582702637,1
0.316143274307251,1
0.30302292108535767,1
0.3720312714576721,1
0.30572664737701416,1
0.3020251989364624,1
0.33549264073371887,1
0.4787115454673767,1
0.2930620312690735,1
0.37074291706085205,1
0.3723245859146118,1
0.3261183500289917,1
0.34735655784606934,1
0.3556329011917114,1
0.35092055797576904,1
0.3965073823928833,1
0.30468595027923584,1
0.3127214312553406,1
0.38158106803894043,1
0.49121367931365967,1
0.3106554448604584,1
0.2624737620353699,1
0.23080147802829742,1
0.35091373324394226,1
0.3044423758983612,1
0.3682440519332886,1
0.3457889258861542,1
0.3378606140613556,1
0.3142853379249573,1
0.3260442018508911,1
0.29279589653015137,1
0.3411324620246887,1
0.28455039858818054,1
0.2782159447669983,1
0.48426535725593567,1
0.3256591558456421,1
0.33746445178985596,1
0.31112369894981384,1
0.46640488505363464,1
0.41415935754776,1
0.41537749767303467,1
0.3500916361808777,1
0.26752397418022156,1
0.2812049388885498,1
0.30901989340782166,1
0.3674869239330292,1
0.3852425217628479,1
0.3552245497703552,1
0.3522592782974243,1
0.30548322200775146,1
0.32994115352630615,1
0.1784418225288391,1
0.2740646302700043,1
0.3454183340072632,1
0.3049057424068451,1
0.37785691022872925,1
0.40377742052078247,1
0.31512874364852905,1
0.3504694402217865,1
0.3493883013725281,1
0.3259235620498657,1
0.33889973163604736,1
0.28399261832237244,1
0.31837648153305054,1
0.515019416809082,1
0.26995736360549927,1
0.3008577227592468,1
0.24825875461101532,1
0.3970355689525604,1
0.34157800674438477,1
0.39991217851638794,1
0.4471639096736908,1
0.3208525478839874,1
0.25490549206733704,1
0.28164350986480713,1
0.3818010985851288,1
0.4270363450050354,1
0.3002690076828003,1
0.383872926235199,1
0.3538186550140381,1
0.29271572828292847,1
0.3900947570800781,1
0.42692479491233826,1
0.3704676330089569,1
0.3153635263442993,1
0.41199925541877747,1
0.34265652298927307,1
0.3303827941417694,1
0.24454191327095032,1
0.2926133871078491,1
0.37298938632011414,1
0.3676580786705017,1
0.2915070652961731,1
0.33413031697273254,1
0.4484044909477234,1
0.40584588050842285,1
0.35550177097320557,1
0.24722599983215332,1
0.40346843004226685,1
0.38359472155570984,1
0.3516356647014618,1
0.27383968234062195,1
0.361944317817688,1
0.34097540378570557,1
0.318925142288208,1
0.31149524450302124,1
0.29342204332351685,1
0.29733699560165405,1
0.39648211002349854,1
0.3014374375343323,1
0.2601221799850464,1
0.3962862491607666,1
0.30540353059768677,1
0.27287936210632324,1
0.37597203254699707,1
0.22298792004585266,1
0.3177684545516968,1
0.39577949047088623,1
0.3669368028640747,1
0.324871301651001,1
0.35340452194213867,1
0.346039354801178,1
0.37590909004211426,1
0.3876281976699829,1
0.23611493408679962,1
0.36304932832717896,1
0.3055851459503174,1
0.4009197950363159,1
0.34057968854904175,1
0.3309258222579956,1
0.3137272596359253,1
0.38822081685066223,1
0.30958306789398193,1
0.4560997784137726,1
0.31974607706069946,1
0.3848557472229004,1
0.5577371120452881,1
0.30168062448501587,1
0.3348322808742523,1
0.3094240725040436,1
0.2806549668312073,1
0.33757370710372925,1
0.3742791414260864,1
0.37527015805244446,1
0.3357629179954529,1
0.30883610248565674,1
0.35621577501296997,1
0.37280648946762085,1
0.37394416332244873,1
0.42958706617355347,1
0.2865075469017029,1
0.3462883234024048,1
0.2907416820526123,1
0.3157975673675537,1
0.3525228500366211,1
0.30219221115112305,1
0.25681814551353455,1
0.3402041792869568,1
0.35294491052627563,1
0.4044651389122009,1
0.37974125146865845,1
0.26112666726112366,1
0.3237878084182739,1
0.3360981345176697,1
0.3665955066680908,1
0.41903990507125854,1
0.24129259586334229,1
0.4748165011405945,1
0.42452487349510193,1
0.5077332258224487,1
0.30638042092323303,1
0.3585472106933594,1
0.36923789978027344,1
0.4044739007949829,1
0.24295803904533386,1
0.4819282293319702,1
0.3938167691230774,1
0.21679918467998505,1
0.3306231200695038,1
0.41698509454727173,1
0.28653281927108765,1
0.42578789591789246,1
0.39396658539772034,1
0.45918580889701843,1
0.29020625352859497,1
0.27065426111221313,1
0.4534582495689392,1
0.30012571811676025,1
0.5817707777023315,1
0.4214271903038025,1
0.2765503227710724,1
0.32067254185676575,1
0.4220196008682251,1
0.39713433384895325,1
0.3364899754524231,1
0.3130825459957123,1
0.4844854474067688,1
0.4506303668022156,1
0.2568644881248474,1
0.26158323884010315,1
0.32938873767852783,1
0.43986976146698,1
0.4572056531906128,1
0.28756266832351685,1
0.4775482416152954,1
0.23720157146453857,1
0.4430278241634369,1
0.3517289161682129,1
0.4238817095756531,1
0.3662738800048828,1
0.39996787905693054,1
0.24945463240146637,1
0.41561359167099,1
0.32680803537368774,1
0.32265907526016235,1
0.26668399572372437,1
0.3564496338367462,1
0.3283497393131256,1
0.44990575313568115,1
0.34322965145111084,1
0.3423820436000824,1
0.3268163502216339,1
0.3994252681732178,1
0.28272533416748047,1
0.38155096769332886,1
0.3663594722747803,1
0.31832224130630493,1
0.3178003430366516,1
0.31415045261383057,1
0.2827417552471161,1
0.3550155758857727,1
0.42818763852119446,1
0.31958502531051636,1
0.37987709045410156,1
0.35640984773635864,1
0.41187751293182373,1
0.27571094036102295,1
0.49149391055107117,1
0.366100013256073,1
0.3092832565307617,1
0.3424215018749237,1
0.325093537569046,1
0.34980320930480957,1
0.33357515931129456,1
0.26516053080558777,1
0.3749156892299652,1
0.4292334318161011,1
0.3617100417613983,1
0.42726975679397583,1
0.4632032513618469,1
0.34984517097473145,1
0.35978811979293823,1
0.3603004813194275,1
0.4224054515361786,1
0.27771884202957153,1
0.2664540112018585,1
0.31774115562438965,1
0.27856114506721497,1
0.5278849005699158,1
0.40373367071151733,1
0.35550159215927124,1
0.42060303688049316,1
0.2684039771556854,1
0.3584664463996887,1
0.3289165496826172,1
0.37471771240234375,1
0.40723085403442383,1
0.41666048765182495,1
0.4567069411277771,1
0.27144452929496765,1
0.2642640471458435,1
0.41947057843208313,1
0.28425392508506775,1
0.33395856618881226,1
0.31174877285957336,1
0.34959495067596436,1
0.29396191239356995,1
0.3516917824745178,1
0.2708204984664917,1
0.4544423818588257,1
0.24708357453346252,1
0.35823115706443787,1
0.3206092417240143,1
0.38528943061828613,1
0.39491280913352966,1
0.34224024415016174,1
0.4001619219779968,1
0.41711896657943726,1
0.37122485041618347,1
0.22035866975784302,1
0.3005101680755615,1
0.39326193928718567,1
0.3487529158592224,1
0.33874785900115967,1
0.24818550050258636,1
0.4059569537639618,1
0.3262823820114136,1
0.3881697654724121,1
0.3315207362174988,1
0.41847509145736694,1
0.5218047499656677,1
0.325533926486969,1
0.30672186613082886,1
0.3365787863731384,1
0.31454259157180786,1
0.35296064615249634,1
0.3328290283679962,1
0.44503507018089294,1
0.4135945737361908,1
0.32263070344924927,1
0.3079786002635956,1
0.3913208842277527,1
0.37418609857559204,1
0.3741409480571747,1
0.4074972867965698,1
0.3462926149368286,1
0.3206902742385864,1
0.3200302720069885,1
0.4279401898384094,1
0.27952584624290466,1
0.39796242117881775,1
0.3577340245246887,1
0.3882683515548706,1
0.4040226936340332,1
0.3108378052711487,1
0.32880595326423645,1
0.45677444338798523,1
0.3145643174648285,1
0.4060029983520508,1
0.38514965772628784,1
0.3717736601829529,1
0.4190014898777008,1
0.3514551818370819,1
0.2868926525115967,1
0.3795846104621887,1
0.42059391736984253,1
0.4173656404018402,1
0.34085574746131897,1
0.2823373079299927,1
0.5113438963890076,1
0.3371211886405945,1
0.298915296792984,1
0.3246925175189972,1
0.37512147426605225,1
0.42515450716018677,1
0.31296318769454956,1
0.40769562125205994,1
0.41906988620758057,1
0.29851317405700684,1
0.2732308804988861,1
0.3717392086982727,1
0.3234650194644928,1
0.4352796673774719,1
0.43447065353393555,1
0.3411194682121277,1
0.4403555989265442,1
0.3801547884941101,1
0.3225959539413452,1
0.24572312831878662,1
0.3281056880950928,1
0.33148646354675293,1
0.3816184997558594,1
0.40850505232810974,1
0.2438352108001709,1
0.37530943751335144,1
0.3290052115917206,1
0.3394308090209961,1
0.3521955609321594,1
0.32302483916282654,1
0.4318111836910248,1
0.3871007263660431,1
0.31005242466926575,1
0.21589359641075134,1
0.31776174902915955,1
0.2986258864402771,1
0.33669963479042053,1
0.46444210410118103,1
0.4669501781463623,1
0.2694244682788849,1
0.30405911803245544,1
0.22353781759738922,1
0.31533196568489075,1
0.29709744453430176,1
0.3628849983215332,1
0.29463523626327515,1
0.3685644865036011,1
0.4142764210700989,1
0.4707242250442505,1
0.29677194356918335,1
0.23232679069042206,1
0.2520197331905365,1
0.32923078536987305,1
0.34035974740982056,1
0.27060943841934204,1
0.3243894577026367,1
0.32785093784332275,1
0.31006965041160583,1
0.27371057868003845,1
0.298521488904953,1
0.5507538318634033,1
0.24611610174179077,1
0.40043142437934875,1
0.44035759568214417,1
0.4826276898384094,1
0.3423492908477783,1
0.2785928249359131,1
0.31910383701324463,1
0.298329621553421,1
0.3457627296447754,1
0.2510027289390564,1
0.29095694422721863,1
0.3601319491863251,1
0.3889766335487366,1
0.27726197242736816,1
0.26791879534721375,1
0.4181246757507324,1
0.3634984791278839,1
0.3919893503189087,1
0.3536549210548401,1
0.3706457018852234,1
0.3511970341205597,1
0.36330950260162354,1
0.3826802968978882,1
0.4170871376991272,1
0.40784400701522827,1
0.2991117238998413,1
0.32938873767852783,1
0.49809926748275757,1
0.34285175800323486,1
0.3726676106452942,1
0.24121780693531036,1
0.3547481894493103,1
0.4710979461669922,1
0.4905686378479004,1
0.3959210515022278,1
0.39217162132263184,1
0.4486807584762573,1
0.3443729877471924,1
0.349828839302063,1
0.35525548458099365,1
0.27544739842414856,1
0.32693904638290405,1
0.3604961633682251,1
0.38932114839553833,1
0.36784154176712036,1
0.33519241213798523,1
0.31030210852622986,1
0.2691158950328827,1
0.3284139931201935,1
0.29356151819229126,1
0.3312080502510071,1
0.4351314902305603,1
0.2949824333190918,1
0.1962217539548874,1
0.4582187235355377,1
0.36056292057037354,1
0.35941335558891296,1
0.34709984064102173,1
0.4122834801673889,1
0.405872106552124,1
0.33256995677948,1
0.32813164591789246,1
0.4704650342464447,1
0.26799777150154114,1
0.3406016528606415,1
0.3388488292694092,1
0.39526861906051636,1
0.4018497169017792,1
0.29595983028411865,1
0.2725376486778259,1
0.3350112736225128,1
0.2904430329799652,1
0.37682804465293884,1
0.38803818821907043,1
0.27221158146858215,1
0.4134957194328308,1
0.4693213701248169,1
0.28603237867355347,1
0.4961766302585602,1
0.3254569172859192,1
0.4598754644393921,1
0.3985289931297302,1
0.3461930453777313,1
0.414658784866333,1
0.3041248023509979,1
0.3391735255718231,1
0.3113490343093872,1
0.29343682527542114,1
0.41997793316841125,1
0.3575737178325653,1
0.27441373467445374,1
0.4462764859199524,1
0.3794485032558441,1
0.3751688003540039,1
0.29531463980674744,1
0.3816811442375183,1
0.4683348834514618,1
0.3460342288017273,1
0.3838127553462982,1
0.449745774269104,1
0.40086525678634644,1
0.36483779549598694,1
0.33750927448272705,1
0.31005796790122986,1
0.3562503457069397,1
0.21492499113082886,1
0.3907051384449005,1
0.38731515407562256,1
0.47782379388809204,1
0.36573919653892517,1
0.3645288646221161,1
0.328654021024704,1
0.4349313974380493,1
0.3971218168735504,1
0.4216221868991852,1
0.26731249690055847,1
0.36259031295776367,1
0.33447015285491943,1
0.41507893800735474,1
0.5429328083992004,1
0.40866589546203613,1
0.2850099802017212,1
0.3120092749595642,1
0.37626489996910095,1
0.3762199282646179,1
0.22805292904376984,1
0.29165104031562805,1
0.28244566917419434,1
0.2716660499572754,1
0.30065593123435974,1
0.37729430198669434,1
0.2061927318572998,1
0.33830803632736206,1
0.43802589178085327,1
0.3069944977760315,1
0.3465755581855774,1
0.3629832863807678,1
0.3455902934074402,1
0.28931254148483276,1
0.43192216753959656,1
0.40953829884529114,1
0.3577938675880432,1
0.35091036558151245,1
0.2661329209804535,1
0.3658585548400879,1
0.2838977575302124,1
0.2403392493724823,1
0.36266255378723145,1
0.4199722409248352,1
0.2944115996360779,1
0.3241106867790222,1
0.37132152915000916,1
0.4491769075393677,1
0.347128301858902,1
0.3492673933506012,1
0.40627747774124146,1
0.5085679888725281,1
0.350924551486969,1
0.35585540533065796,1
0.34366875886917114,1
0.4043051302433014,1
0.37188419699668884,1
0.3466399312019348,1
0.3817829489707947,1
0.28858327865600586,1
0.2544322609901428,1
0.40239349007606506,1
0.42862850427627563,1
0.395200252532959,1
0.3459300994873047,1
0.3061560094356537,1
0.48182669281959534,1
0.2965760827064514,1
0.3131636381149292,1
0.30565929412841797,1
0.449168860912323,1
0.3495965003967285,1
0.2995913624763489,1
0.45904815196990967,1
0.37605899572372437,1
0.3860059678554535,1
0.2888321280479431,1
0.5251696109771729,1
0.297821044921875,1
0.42629724740982056,1
0.37339770793914795,1
0.33999156951904297,1
0.36859893798828125,1
0.47985339164733887,1
0.4542030990123749,1
0.3653008043766022,1
0.3934174180030823,1
0.27869176864624023,1
0.4439281225204468,1
0.3111191689968109,1
0.3393555283546448,1
0.2967621684074402,1
0.44384297728538513,1
0.33769118785858154,1
0.4548801779747009,1
0.2847272455692291,1
0.26643550395965576,1
0.3758493661880493,1
0.3990454077720642,1
0.28858861327171326,1
0.337889164686203,1
0.3085097670555115,1
0.4927017092704773,1
0.32776767015457153,1
0.40530791878700256,1
0.4495815634727478,1
0.40571123361587524,1
0.2747640609741211,1
0.4887450337409973,1
0.39963436126708984,1
0.25397005677223206,1
0.37843793630599976,1
0.3641178607940674,1
0.3214356303215027,1
0.3413476049900055,1
0.4151637852191925,1
0.48629283905029297,1
0.4142293334007263,1
0.491382896900177,1
0.24177661538124084,1
0.39256811141967773,1
0.36169368028640747,1
0.45132237672805786,1
0.4169669449329376,1
0.4183298647403717,1
0.3162696361541748,1
0.41520535945892334,1
0.4511353671550751,1
0.33318158984184265,1
0.39149269461631775,1
0.44280606508255005,1
0.23012545704841614,1
0.36351823806762695,1
0.3062768280506134,1
0.3788474202156067,1
0.2973552644252777,1
0.3334991931915283,1
0.2927899956703186,1
0.3727285861968994,1
0.5115984678268433,1
0.41330745816230774,1
0.3279065787792206,1
0.3379933834075928,1
0.3826694190502167,1
0.2970643639564514,1
0.3244131803512573,1
0.33592426776885986,1
0.3159562945365906,1
0.3432283103466034,1
0.33175426721572876,1
0.41901952028274536,1
0.3959687352180481,1
0.31643879413604736,1
0.35741740465164185,1
0.3420122265815735,1
0.31473273038864136,1
0.414072185754776,1
0.40639713406562805,1
0.3658490777015686,1
0.32704052329063416,1
0.40931037068367004,1
0.32835984230041504,1
0.38852980732917786,1
0.3734095096588135,1
0.357330322265625,1
0.3522142171859741,1
0.288634717464447,1
0.3575173020362854,1
0.2853955328464508,1
0.2715296745300293,1
0.3667016625404358,1
0.2941599488258362,1
0.3724183440208435,1
0.3002234995365143,1
0.33842581510543823,1
0.4143199920654297,1
0.43623360991477966,1
0.36594295501708984,1
0.38259461522102356,1
0.26416051387786865,1
0.521824061870575,1
0.3455280065536499,1
0.38255688548088074,1
0.2783415615558624,1
0.2724185585975647,1
0.371322900056839,1
0.3498789668083191,1
0.2585730254650116,1
0.38000792264938354,1
0.3928981125354767,1
0.35482966899871826,1
0.46611493825912476,1
0.2648818790912628,1
0.2740238904953003,1
0.23741041123867035,1
0.4144865870475769,1
0.30065250396728516,1
0.31085771322250366,1
0.26989060640335083,1
0.31982648372650146,1
0.3053957521915436,1
0.3343261480331421,1
0.33654895424842834,1
0.30262288451194763,1
0.37241309881210327,1
0.36165866255760193,1
0.41812843084335327,1
0.30351442098617554,1
0.2795490324497223,1
0.33844614028930664,1
0.49438029527664185,1
0.2776767313480377,1
0.3640195429325104,1
0.3528299629688263,1
0.3806535303592682,1
0.3097641170024872,1
0.2990015745162964,1
0.4006267786026001,1
0.33559736609458923,1
0.3879234194755554,1
0.37809449434280396,1
0.3653741478919983,1
0.42229288816452026,1
0.4567485749721527,1
0.33848410844802856,1
0.2896285653114319,1
0.3704066872596741,1
0.3655188977718353,1
0.3503842055797577,1
0.36998793482780457,1
0.36756592988967896,1
0.34340399503707886,1
0.2672231197357178,1
0.3676661252975464,1
0.4087222218513489,1
0.34592491388320923,1
0.3754030466079712,1
0.2540324926376343,1
0.4009094834327698,1
0.4464353322982788,1
0.2826625406742096,1
0.3160315454006195,1
0.4262564778327942,1
0.3113039433956146,1
0.4241141676902771,1
0.3832330107688904,1
0.3901599049568176,1
0.3447641432285309,1
0.35177403688430786,1
0.49228435754776,1
0.43211057782173157,1
0.31313303112983704,1
0.3917706310749054,1
0.3475877642631531,1
0.37049758434295654,1
0.4291177988052368,1
0.49663245677948,1
0.23908564448356628,1
0.45242995023727417,1
0.25362682342529297,1
0.3709554970264435,1
0.421764999628067,1
0.275888592004776,1
0.36714914441108704,1
0.31864064931869507,1
0.44246190786361694,1
0.2857745289802551,1
0.3479574918746948,1
0.2072184979915619,1
0.3980007767677307,1
0.3138194680213928,1
0.285025417804718,1
0.4338900148868561,1
0.36993640661239624,1
0.4030913710594177,1
0.27802813053131104,1
0.3815465271472931,1
0.32395440340042114,1
0.33708399534225464,1
0.4521307945251465,1
0.3835598826408386,1
0.23215645551681519,1
0.307887464761734,1
0.26605796813964844,1
0.4047960638999939,1
0.3686254620552063,1
0.3623161315917969,1
0.32391831278800964,1
0.36194249987602234,1
0.3132498264312744,1
0.28839820623397827,1
0.33933308720588684,1
0.22265665233135223,1
0.25087544322013855,1
0.4235554039478302,1
0.28111088275909424,1
0.2342851758003235,1
0.2678419351577759,1
0.23779869079589844,1
0.30090540647506714,1
0.46117138862609863,1
0.36803966760635376,1
0.363457053899765,1
0.3309599757194519,1
0.3620516061782837,1
0.3277195394039154,1
0.41524261236190796,1
0.5089139938354492,1
0.4330925941467285,1
0.36650270223617554,1
0.3768700957298279,1
0.3775637447834015,1
0.3593384027481079,1
0.3773878216743469,1
0.49519193172454834,1
0.40031227469444275,1
0.3716871738433838,1
0.30760884284973145,1
0.2792447805404663,1
0.36519941687583923,1
0.43199753761291504,1
0.28937554359436035,1
0.4082407057285309,1
0.32702770829200745,1
0.3488743305206299,1
0.3900691568851471,1
0.397195428609848,1
0.44614043831825256,1
0.32484662532806396,1
0.41894155740737915,1
0.3136768937110901,1
0.34254759550094604,1
0.33090901374816895,1
0.3788633644580841,1
0.33995139598846436,1
0.3043554425239563,1
0.3117917776107788,1
0.30507734417915344,1
0.47792723774909973,1
0.2978723645210266,1
0.33426356315612793,1
0.298997163772583,1
0.4676532745361328,1
0.3953830897808075,1
0.24754145741462708,1
0.37422510981559753,1
0.26958146691322327,1
0.3564668595790863,1
0.29905930161476135,1
0.41671228408813477,1
0.38317108154296875,1
0.3874586224555969,1
0.5421223640441895,1
0.44160225987434387,1
0.4198557436466217,1
0.27997732162475586,1
0.4070410430431366,1
0.2767132520675659,1
0.2802685499191284,1
0.3627903163433075,1
0.349666953086853,1
0.3402741551399231,1
0.40504100918769836,1
0.28941917419433594,1
0.34724146127700806,1
0.32851189374923706,1
0.30782750248908997,1
0.36010798811912537,1
0.4038548469543457,1
0.41948601603507996,1
0.3441387712955475,1
0.3374793827533722,1
0.3733968734741211,1
0.29565170407295227,1
0.33299747109413147,1
0.37168988585472107,1
0.4019402265548706,1
0.3550475239753723,1
0.40254390239715576,1
0.36402428150177,1
0.35079675912857056,1
0.42968612909317017,1
0.278631329536438,1
0.2361208200454712,1
0.3320036828517914,1
0.29084745049476624,1
0.40141957998275757,1
0.3820262551307678,1
0.2919819951057434,1
0.3327072262763977,1
0.3230934739112854,1
0.4679579436779022,1
0.2481784224510193,1
0.33957403898239136,1
0.3781653940677643,1
0.36621350049972534,1
0.4063436985015869,1
0.45687171816825867,1
0.4306907653808594,1
0.3240339159965515,1
0.390813946723938,1
0.3472684323787689,1
0.3955611288547516,1
0.3057748079299927,1
0.4641924500465393,1
0.21695125102996826,1
0.2796989977359772,1
0.36766377091407776,1
0.3773370683193207,1
0.37021806836128235,1
0.4626298248767853,1
0.3820481598377228,1
0.30776822566986084,1
0.3031349182128906,1
0.2626848518848419,1
0.3997502028942108,1
0.3164868950843811,1
0.30770209431648254,1
0.4082423746585846,1
0.3818143308162689,1
0.40376579761505127,1
0.45848578214645386,1
0.28992223739624023,1
0.5140745639801025,1
0.28832942247390747,1
0.26984673738479614,1
0.25833240151405334,1
0.2720702290534973,1
0.2433825433254242,1
0.3052448332309723,1
0.387058824300766,1
0.40780800580978394,1
0.4637019634246826,1
0.3566032350063324,1
0.2624877691268921,1
0.4315505623817444,1
0.37760618329048157,1
0.34081998467445374,1
0.3656608462333679,1
0.22641974687576294,1
0.2982894480228424,1
0.34413984417915344,1
0.3087068796157837,1
0.4686572551727295,1
0.24359643459320068,1
0.45517653226852417,1
0.2506849467754364,1
0.3885730504989624,1
0.34004464745521545,1
0.41022199392318726,1
0.22474901378154755,1
0.3094500005245209,1
0.38640356063842773,1
0.29615655541419983,1
0.3512665033340454,1
0.28396785259246826,1
0.2549806833267212,1
0.33265748620033264,1
0.37779074907302856,1
0.3584216833114624,1
0.3296763300895691,1
0.37989872694015503,1
0.28735846281051636,1
0.36443156003952026,1
0.35596564412117004,1
0.3029441833496094,1
0.49194788932800293,1
0.42433643341064453,1
0.3789554834365845,1
0.27139991521835327,1
0.36409950256347656,1
0.4639117419719696,1
0.30683767795562744,1
0.3414820730686188,1
0.3065841794013977,1
0.24370555579662323,1
0.3131287097930908,1
0.3826201558113098,1
0.3083098530769348,1
0.4204865097999573,1
0.3889874815940857,1
0.36759766936302185,1
0.4040694832801819,1
0.4195050001144409,1
0.5466445088386536,1
0.26767462491989136,1
0.33825910091400146,1
0.3490450084209442,1
0.3850901424884796,1
0.3395780920982361,1
0.33284103870391846,1
0.32462453842163086,1
0.3708495497703552,1
0.3279988169670105,1
0.3804383873939514,1
0.4220001697540283,1
0.3421538174152374,1
0.45612576603889465,1
0.3635171055793762,1
0.3833531141281128,1
0.27824869751930237,1
0.27018973231315613,1
0.38660168647766113,1
0.43052011728286743,1
0.2759941518306732,1
0.26676368713378906,1
0.296933650970459,1
0.43722036480903625,1
0.3392641544342041,1
0.44826555252075195,1
0.3451870083808899,1
0.4061448574066162,1
0.39660853147506714,1
0.34734243154525757,1
0.3476160764694214,1
0.34307318925857544,1
0.36598265171051025,1
0.5077806711196899,1
0.32414448261260986,1
0.4596048593521118,1
0.3579200208187103,1
0.44371551275253296,1
0.3560280203819275,1
0.281756192445755,1
0.3887018859386444,1
0.26448187232017517,1
0.3445676565170288,1
0.3781092166900635,1
0.2538115680217743,1
0.3181428909301758,1
0.2846100330352783,1
0.32740408182144165,1
0.29621973633766174,1
0.2538749575614929,1
0.4076874852180481,1
0.36346006393432617,1
0.2891078293323517,1
0.31442737579345703,1
0.41052550077438354,1
0.3485507667064667,1
0.36902064085006714,1
0.2860669493675232,1
0.32902219891548157,1
0.3672562539577484,1
0.41129258275032043,1
0.37855300307273865,1
0.3354435861110687,1
0.27278468012809753,1
0.30864566564559937,1
0.47748392820358276,1
0.3566390573978424,1
0.32867708802223206,1
0.4516323208808899,1
0.40091192722320557,1
0.33729857206344604,1
0.3807756304740906,1
0.36122551560401917,1
0.42004838585853577,1
0.27113163471221924,1
0.44912490248680115,1
0.6145498752593994,1
0.3272244334220886,1
0.29718631505966187,1
0.37225690484046936,1
0.3178215026855469,1
0.4346572756767273,1
0.3199012577533722,1
0.3969464898109436,1
0.3954514265060425,1
0.5495937466621399,1
0.3846796154975891,1
0.2840399742126465,1
0.2907591462135315,1
0.3210594058036804,1
0.3242637813091278,1
0.270636647939682,1
0.3892455995082855,1
0.3128233253955841,1
0.31104129552841187,1
0.3588314354419708,1
0.44537869095802307,1
0.4813445806503296,1
0.29159995913505554,1
0.27480989694595337,1
0.36209577322006226,1
0.4712138772010803,1
0.32180899381637573,1
0.40086811780929565,1
0.5761715173721313,1
0.4025113582611084,1
0.3155016601085663,1
0.3901328146457672,1
0.36091065406799316,1
0.40871864557266235,1
0.3851787745952606,1
0.3678167760372162,1
0.3618263006210327,1
0.4074253737926483,1
0.451402485370636,1
0.2869698703289032,1
0.3559611141681671,1
0.45256802439689636,1
0.3185694217681885,1
0.45413973927497864,1
0.3041323721408844,1
0.2923577129840851,1
0.2974139451980591,1
0.3953317701816559,1
0.3343685567378998,1
0.35488489270210266,1
0.4366215765476227,1
0.33464157581329346,1
0.3015747368335724,1
0.4072253704071045,1
0.35756850242614746,1
0.42705124616622925,1
0.4099665880203247,1
0.2471499741077423,1
0.39067256450653076,1
0.4190177917480469,1
0.3691614866256714,1
0.4156736433506012,1
0.3390810489654541,1
0.2799704372882843,1
0.4197571277618408,1
0.2782631814479828,1
0.40778815746307373,1
0.3260033428668976,1
0.3449741005897522,1
0.4939165413379669,1
0.3642635643482208,1
0.28520601987838745,1
0.3976529538631439,1
0.3821772634983063,1
0.3758736848831177,1
0.4018341600894928,1
0.42875558137893677,1
0.3304087221622467,1
0.32263845205307007,1
0.22334127128124237,1
0.37323346734046936,1
0.39825987815856934,1
0.35073307156562805,1
0.3371729254722595,1
0.35254228115081787,1
0.44282132387161255,1
0.3378612995147705,1
0.27560263872146606,1
0.41709181666374207,1
0.3790808320045471,1
0.37835875153541565,1
0.3243288993835449,1
0.48300671577453613,1
0.36026355624198914,1
0.3780854344367981,1
0.41201019287109375,1
0.3921436667442322,1
0.44114193320274353,1
0.3915649354457855,1
0.31072860956192017,1
0.35395464301109314,1
0.39579203724861145,1
0.41726335883140564,1
0.3004834055900574,1
0.26041802763938904,1
0.3226359188556671,1
0.33317404985427856,1
0.27551212906837463,1
0.2880910336971283,1
0.4154658317565918,1
0.3808029294013977,1
0.335655152797699,1
0.4344112277030945,1
0.3070604205131531,1
0.32073327898979187,1
0.27360379695892334,1
0.4244709610939026,1
0.3172178864479065,1
0.29138675332069397,1
0.39788132905960083,1
0.3963082432746887,1
0.297718346118927,1
0.47850072383880615,1
0.3202492296695709,1
0.3182387053966522,1
0.2840976417064667,1
0.36555662751197815,1
0.29565349221229553,1
0.4380233585834503,1
0.3249598741531372,1
0.4454364478588104,1
0.28698092699050903,1
0.3931121230125427,1
0.3643420934677124,1
0.4373372793197632,1
0.3218388855457306,1
0.32462725043296814,1
0.37999773025512695,1
0.2926695942878723,1
0.47115182876586914,1
0.27073922753334045,1
0.2618138790130615,1
0.4400841295719147,1
0.39704006910324097,1
0.42750775814056396,1
0.5578487515449524,1
0.43836286664009094,1
0.4141189455986023,1
0.4371042847633362,1
0.3704821467399597,1
0.3143880069255829,1
0.3602958917617798,1
0.2807210683822632,1
0.22675758600234985,1
0.2934728264808655,1
0.42437994480133057,1
0.3169313967227936,1
0.4074079990386963,1
0.3095324635505676,1
0.306160569190979,1
0.5113061666488647,1
0.292957603931427,1
0.3570615351200104,1
0.3143821060657501,1
0.3539696931838989,1
0.35562777519226074,1
0.27917054295539856,1
0.3787914514541626,1
0.36904603242874146,1
0.26784735918045044,1
0.33322399854660034,1
0.3785843253135681,1
0.4736986756324768,1
0.3911038041114807,1
0.34240156412124634,1
0.32797497510910034,1
0.4129536747932434,1
0.3542482852935791,1
0.36031439900398254,1
0.28304430842399597,1
0.3380870521068573,1
0.3705331087112427,1
0.42020362615585327,1
0.3354031443595886,1
0.228587806224823,1
0.30713680386543274,1
0.26262545585632324,1
0.30518168210983276,1
0.34949439764022827,1
0.4538876414299011,1
0.3829948306083679,1
0.3085571825504303,1
0.37584811449050903,1
0.34210893511772156,1
0.47458913922309875,1
0.313169002532959,1
0.32795262336730957,1
0.4278554320335388,1
0.4501360058784485,1
0.35348600149154663,1
0.2903347611427307,1
0.39238569140434265,1
0.23806509375572205,1
0.3824753761291504,1
0.39231130480766296,1
0.33639103174209595,1
0.37518131732940674,1
0.37160032987594604,1
0.30223599076271057,1
0.30964896082878113,1
0.3438042402267456,1
0.31783825159072876,1
0.3989448547363281,1
0.381306916475296,1
0.30536946654319763,1
0.4945945739746094,1
0.32956671714782715,1
0.3782152533531189,1
0.34761372208595276,1
0.3659780025482178,1
0.3215738534927368,1
0.4131360948085785,1
0.3462464213371277,1
0.37506020069122314,1
0.3978945314884186,1
0.33810484409332275,1
0.343915194272995,1
0.3665670156478882,1
0.3266332149505615,1
0.30338403582572937,1
0.30959606170654297,1
0.4045496881008148,1
0.3384101986885071,1
0.35654139518737793,1
0.3370211720466614,1
0.4529745578765869,1
0.25203561782836914,1
0.2824796438217163,1
0.4484128952026367,1
0.43149203062057495,1
0.5059416890144348,1
0.2536427974700928,1
0.408600389957428,1
0.5311211347579956,1
0.39377105236053467,1
0.2786322236061096,1
0.45275992155075073,1
0.29690122604370117,1
0.4062015116214752,1
0.25399699807167053,1
0.23977480828762054,1
0.39267000555992126,1
0.3549765646457672,1
0.31336158514022827,1
0.35861343145370483,1
0.3893275558948517,1
0.3949947953224182,1
0.4456273317337036,1
0.3364117741584778,1
0.39497947692871094,1
0.3723054826259613,1
0.32930880784988403,1
0.394927978515625,1
0.4623716473579407,1
0.39888861775398254,1
0.3243747055530548,1
0.31112053990364075,1
0.35116448998451233,1
0.3613833785057068,1
0.41038286685943604,1
0.3436577320098877,1
0.4157923758029938,1
0.5003258585929871,1
0.3585706949234009,1
0.3981230854988098,1
0.3143109381198883,1
0.42392435669898987,1
0.3754987120628357,1
0.25600433349609375,1
0.31989967823028564,1
0.28176480531692505,1
0.3814234435558319,1
0.3162790536880493,1
0.5816826820373535,1
0.2876107692718506,1
0.36874330043792725,1
0.3236767649650574,1
0.44098079204559326,1
0.20695343613624573,1
0.3472856879234314,1
0.2552698254585266,1
0.3655412495136261,1
0.36403217911720276,1
0.38683632016181946,1
0.46809592843055725,1
0.44449663162231445,1
0.39653170108795166,1
0.3463360667228699,1
0.42848408222198486,1
0.39807480573654175,1
0.27843910455703735,1
0.4529767632484436,1
0.31969237327575684,1
0.31512510776519775,1
0.3714289665222168,1
0.4084523320198059,1
0.24270828068256378,1
0.3969809114933014,1
0.3710687458515167,1
0.34173914790153503,1
0.3350200653076172,1
0.386560320854187,1
0.3184358477592468,1
0.45265698432922363,1
0.4508090615272522,1
0.34569883346557617,1
0.3213370740413666,1
0.4007318317890167,1
0.25813889503479004,1
0.3913640081882477,1
0.39425423741340637,1
0.33332353830337524,1
0.31853073835372925,1
0.24402441084384918,1
0.31254851818084717,1
0.32300931215286255,1
0.3681908845901489,1
0.3527487516403198,1
0.45401087403297424,1
0.35959869623184204,1
0.374764084815979,1
0.3664071261882782,1
0.2550077438354492,1
0.3761306405067444,1
0.3605455756187439,1
0.35442519187927246,1
0.46078580617904663,1
0.3779802620410919,1
0.3865830898284912,1
0.3378732204437256,1
0.4456157386302948,1
0.3486212491989136,1
0.3718664050102234,1
0.3660423755645752,1
0.3918974995613098,1
0.4117615520954132,1
0.38017064332962036,1
0.4103858768939972,1
0.4028034210205078,1
0.3900124430656433,1
0.2728516757488251,1
0.34014642238616943,1
0.22404828667640686,1
0.3265254497528076,1
0.3534814715385437,1
0.3188323378562927,1
0.3122459352016449,1
0.40426549315452576,1
0.26312851905822754,1
0.3899640440940857,1
0.24056613445281982,1
0.40689602494239807,1
0.4045717716217041,1
0.4136481285095215,1
0.3984088897705078,1
0.34951698780059814,1
0.3098713755607605,1
0.36645448207855225,1
0.413822740316391,1
0.3100219964981079,1
0.3181835114955902,1
0.4470392167568207,1
0.494870662689209,1
0.3151736259460449,1
0.33037322759628296,1
0.27953004837036133,1
0.38495585322380066,1
0.41567713022232056,1
0.3602519929409027,1
0.3671303689479828,1
0.3309677243232727,1
0.38742464780807495,1
0.4001990854740143,1
0.31989625096321106,1
0.4446408450603485,1
0.38597095012664795,1
0.3704299330711365,1
0.3462052345275879,1
0.34902310371398926,1
0.340961754322052,1
0.2610986828804016,1
0.3925290107727051,1
0.39145150780677795,1
0.3311699628829956,1
0.3269791007041931,1
0.2638196051120758,1
0.3493257462978363,1
0.4606677293777466,1
0.26491716504096985,1
0.2854700982570648,1
0.3398987054824829,1
0.41618072986602783,1
0.3674246668815613,1
0.4145309329032898,1
0.24429789185523987,1
0.4866611361503601,1
0.3120949864387512,1
0.3301544785499573,1
0.38291993737220764,1
0.4831279516220093,1
0.25952446460723877,1
0.3632305860519409,1
0.29444533586502075,1
0.24369049072265625,1
0.38451510667800903,1
0.4085201323032379,1
0.41719287633895874,1
0.389504998922348,1
0.3253069221973419,1
0.3551524579524994,1
0.5037367343902588,1
0.29451438784599304,1
0.3270055949687958,1
0.33415457606315613,1
0.3665732443332672,1
0.2669573426246643,1
0.42017191648483276,1
0.24931776523590088,1
0.4480159282684326,1
0.446969598531723,1
0.40077245235443115,1
0.3886716663837433,1
0.36012518405914307,1
0.3433542847633362,1
0.39144569635391235,1
0.36573275923728943,1
0.3487010598182678,1
0.3193318247795105,1
0.3610297441482544,1
0.41803890466690063,1
0.4246891438961029,1
0.25420716404914856,1
0.38771146535873413,1
0.2709365785121918,1
0.4126650393009186,1
0.4634596109390259,1
0.37816736102104187,1
0.4879344403743744,1
0.3280264139175415,1
0.35996556282043457,1
0.4186948537826538,1
0.36673426628112793,1
0.33636075258255005,1
0.34270602464675903,1
0.3096480369567871,1
0.3924678564071655,1
0.2921106815338135,1
0.29701244831085205,1
0.3894411623477936,1
0.2465279996395111,1
0.3400193452835083,1
0.3782426118850708,1
0.3467312753200531,1
0.18199977278709412,1
0.4116256833076477,1
0.3389222323894501,1
0.29872554540634155,1
0.5099435448646545,1
0.31753525137901306,1
0.2936220169067383,1
0.3342060446739197,1
0.2993723750114441,1
0.3264707922935486,1
0.4074925184249878,1
0.29991835355758667,1
0.30201154947280884,1
0.36087435483932495,1
0.33678412437438965,1
0.3838542103767395,1
0.320757657289505,1
0.29407575726509094,1
0.33716368675231934,1
0.4344451129436493,1
0.30439257621765137,1
0.2496732771396637,1
0.34335118532180786,1
0.42252492904663086,1
0.363841712474823,1
0.41038697957992554,1
0.40055495500564575,1
0.4152541756629944,1
0.41981780529022217,1
0.371517539024353,1
0.3826814293861389,1
0.3995664417743683,1
0.3730713427066803,1
0.30379414558410645,1
0.3828803598880768,1
0.2729078233242035,1
0.3073676824569702,1
0.28682026267051697,1
0.3299923539161682,1
0.3818991482257843,1
0.3787251114845276,1
0.2797216475009918,1
0.19822581112384796,1
0.5477995276451111,1
0.36484453082084656,1
0.2539323568344116,1
0.3909144401550293,1
0.3717327117919922,1
0.27883031964302063,1
0.4045606255531311,1
0.48719704151153564,1
0.33272433280944824,1
0.4209233224391937,1
0.3636210858821869,1
0.45999449491500854,1
0.3035490810871124,1
0.35661330819129944,1
0.37613385915756226,1
0.5003262758255005,1
0.2916521430015564,1
0.30176854133605957,1
0.3242790699005127,1
0.2865242660045624,1
0.33777207136154175,1
0.3216986358165741,1
0.28847742080688477,1
0.3496134877204895,1
0.37422364950180054,1
0.44714945554733276,1
0.363101989030838,1
0.2945484519004822,1
0.34127169847488403,1
0.36626386642456055,1
0.28648266196250916,1
0.4283837080001831,1
0.49243903160095215,1
0.3807915151119232,1
0.3098841905593872,1
0.3218116760253906,1
0.3497985601425171,1
0.4718739986419678,1
0.35334569215774536,1
0.25163784623146057,1
0.5093457698822021,1
0.3315914273262024,1
0.2663297951221466,1
0.3255200982093811,1
0.3226126730442047,1
0.27503886818885803,1
0.2941751182079315,1
0.28593170642852783,1
0.32038384675979614,1
0.3712325096130371,1
0.24714994430541992,1
0.30871909856796265,1
0.2853086590766907,1
0.4178321957588196,1
0.28972476720809937,1
0.35905197262763977,1
0.3930642008781433,1
0.42150387167930603,1
0.35628336668014526,1
0.2758418917655945,1
0.3842672109603882,1
0.3441360592842102,1
0.27944013476371765,1
0.37482139468193054,1
0.3330707252025604,1
0.31759461760520935,1
0.44004198908805847,1
0.42562320828437805,1
0.3775444030761719,1
0.3562018871307373,1
0.3402925431728363,1
0.3359265923500061,1
0.2725643217563629,1
0.40634799003601074,1
0.28033286333084106,1
0.38438981771469116,1
0.3336077332496643,1
0.2646947503089905,1
0.34217149019241333,1
0.33465060591697693,1
0.38598889112472534,1
0.4833538234233856,1
0.28664666414260864,1
0.35967373847961426,1
0.4205297529697418,1
0.3893581032752991,1
0.32376736402511597,1
0.4425331652164459,1
0.3840433359146118,1
0.42306652665138245,1
0.32093530893325806,1
0.3673507571220398,1
0.42053109407424927,1
0.3930029273033142,1
0.2195684313774109,1
0.3800168037414551,1
0.2891956567764282,1
0.30529266595840454,1
0.3858320713043213,1
0.349259614944458,1
0.39900970458984375,1
0.3847041726112366,1
0.42499685287475586,1
0.42715856432914734,1
0.250703901052475,1
0.2831159830093384,1
0.33354076743125916,1
0.5218837857246399,1
0.42769524455070496,1
0.3926693797111511,1
0.40647590160369873,1
0.3548339009284973,1
0.24460899829864502,1
0.2885311245918274,1
0.46840164065361023,1
0.2926584780216217,1
0.45690667629241943,1
0.34899044036865234,1
0.3621068298816681,1
0.32909253239631653,1
0.4036595821380615,1
0.42228609323501587,1
0.3534337282180786,1
0.4041348695755005,1
0.29558008909225464,1
0.2983036935329437,1
0.2900746166706085,1
0.376384437084198,1
0.3082384467124939,1
0.3968103528022766,1
0.4616498649120331,1
0.4059852361679077,1
0.34104204177856445,1
0.34834811091423035,1
0.36277905106544495,1
0.2939751148223877,1
0.35169726610183716,1
0.37927642464637756,1
0.39862456917762756,1
0.36787301301956177,1
0.3070794939994812,1
0.3859882950782776,1
0.39282435178756714,1
0.3943161368370056,1
0.4647664725780487,1
0.3855091333389282,1
0.27870896458625793,1
0.29499366879463196,1
0.3502849340438843,1
0.5795263648033142,1
0.40197205543518066,1
0.4209279716014862,1
0.3357336223125458,1
0.30647534132003784,1
0.4250679314136505,1
0.31798601150512695,1
0.400287002325058,1
0.36450836062431335,1
0.3161439299583435,1
0.34816890954971313,1
0.3668361008167267,1
0.32643944025039673,1
0.40987858176231384,1
0.31126856803894043,1
0.2790624797344208,1
0.3137582242488861,1
0.28648728132247925,1
0.4104864299297333,1
0.35469850897789,1
0.4026795029640198,1
0.2854284346103668,1
0.42610853910446167,1
0.39028793573379517,1
0.39701783657073975,1
0.31143346428871155,1
0.3051486313343048,1
0.2820398211479187,1
0.2795177698135376,1
0.3300618827342987,1
0.39075493812561035,1
0.3685821294784546,1
0.2754211723804474,1
0.451204776763916,1
0.3529612720012665,1
0.3035006821155548,1
0.3601093888282776,1
0.30335208773612976,1
0.33813902735710144,1
0.4413263201713562,1
0.3360345661640167,1
0.3928278684616089,1
0.30365777015686035,1
0.3760520815849304,1
0.2723301947116852,1
0.39731013774871826,1
0.41884225606918335,1
0.2645875811576843,1
0.47777289152145386,1
0.4181552529335022,1
0.3323681652545929,1
0.30859389901161194,1
0.41658565402030945,1
0.3608822822570801,1
0.2659270167350769,1
0.34757137298583984,1
0.3340911865234375,1
0.3256148099899292,1
0.32007086277008057,1
0.310532808303833,1
0.35059070587158203,1
0.4588930308818817,1
0.43273353576660156,1
0.3866981267929077,1
0.3418175280094147,1
0.29652535915374756,1
0.38213589787483215,1
0.5883976221084595,1
0.2786279022693634,1
0.2875642776489258,1
0.47649869322776794,1
0.34499651193618774,1
0.30859658122062683,1
0.4398384988307953,1
0.3585366904735565,1
0.26597943902015686,1
0.2908399701118469,1
0.5659209489822388,1
0.3505937457084656,1
0.3334815800189972,1
0.3371632695198059,1
0.456815630197525,1
0.38984566926956177,1
0.3498987853527069,1
0.17994798719882965,1
0.3689461350440979,1
0.27873721718788147,1
0.2201211154460907,1
0.3479599356651306,1
0.3578784465789795,1
0.32496294379234314,1
0.3528396487236023,1
0.31588509678840637,1
0.492511510848999,1
0.4664888381958008,1
0.25447744131088257,1
0.4319263696670532,1
0.3509153723716736,1
0.3852621614933014,1
0.37717199325561523,1
0.3303752541542053,1
0.35543587803840637,1
0.2769131660461426,1
0.33523231744766235,1
0.2674427032470703,1
0.30177080631256104,1
0.2666531801223755,1
0.3072141110897064,1
0.34056562185287476,1
0.39697131514549255,1
0.43883466720581055,1
0.3816901445388794,1
0.33134281635284424,1
0.3327518701553345,1
0.2916117012500763,1
0.33750689029693604,1
0.31358638405799866,1
0.3999001383781433,1
0.43053922057151794,1
0.32082894444465637,1
0.3125718832015991,1
0.36269545555114746,1
0.3461792767047882,1
0.31300804018974304,1
0.24660789966583252,1
0.41654932498931885,1
0.3139972388744354,1
0.31831610202789307,1
0.5240925550460815,1
0.2705227732658386,1
0.3523823320865631,1
0.31855276226997375,1
0.3147032856941223,1
0.4067232608795166,1
0.40969154238700867,1
0.4069628119468689,1
0.30096447467803955,1
0.2690553069114685,1
0.38808873295783997,1
0.4460333287715912,1
0.3529166281223297,1
0.3692134618759155,1
0.3226677477359772,1
0.3925520181655884,1
0.2599489390850067,1
0.4196023941040039,1
0.4453030228614807,1
0.2818859815597534,1
0.24637705087661743,1
0.39272838830947876,1
0.3617774248123169,1
0.2971348464488983,1
0.2864823639392853,1
0.3245869278907776,1
0.36270320415496826,1
0.34728333353996277,1
0.2398940920829773,1
0.3335524797439575,1
0.3379892408847809,1
0.3625432252883911,1
0.3709428906440735,1
0.4593077301979065,1
0.29970741271972656,1
0.3435184359550476,1
0.38250675797462463,1
0.2636915445327759,1
0.4370562732219696,1
0.28617793321609497,1
0.2868358790874481,1
0.37011101841926575,1
0.3723262548446655,1
0.3142562806606293,1
0.3834308981895447,1
0.2527838945388794,1
0.37862569093704224,1
0.38737964630126953,1
0.30271056294441223,1
0.2502971887588501,1
0.3678632080554962,1
0.19466930627822876,1
0.3124607503414154,1
0.3253461420536041,1
0.38091087341308594,1
0.25865086913108826,1
0.3505409061908722,1
0.34907960891723633,1
0.3804272413253784,1
0.37242937088012695,1
0.40624576807022095,1
0.2264581322669983,1
0.28756025433540344,1
0.5959482789039612,1
0.35575661063194275,1
0.25997990369796753,1
0.3902182877063751,1
0.3723880648612976,1
0.303182452917099,1
0.30382826924324036,1
0.24535557627677917,1
0.24769780039787292,1
0.3390728831291199,1
0.4280913770198822,1
0.3976716995239258,1
0.37137290835380554,1
0.31097909808158875,1
0.3609347641468048,1
0.30883243680000305,1
0.32863858342170715,1
0.3455614447593689,1
0.31325051188468933,1
0.3589301109313965,1
0.2809297740459442,1
0.3672322630882263,1
0.22645707428455353,1
0.35928836464881897,1
0.31592515110969543,1
0.40592196583747864,1
0.33433109521865845,1
0.2883509695529938,1
0.33303046226501465,1
0.37810152769088745,1
0.31947657465934753,1
0.33376479148864746,1
0.3553555905818939,1
0.41143855452537537,1
0.2544512152671814,1
0.4009799361228943,1
0.37311244010925293,1
0.34159332513809204,1
0.3812156319618225,1
0.40375828742980957,1
0.22949674725532532,1
0.4182053208351135,1
0.3678551912307739,1
0.45829710364341736,1
0.4339215159416199,1
0.4062548875808716,1
0.3085225820541382,1
0.2948225736618042,1
0.25433605909347534,1
0.387914776802063,1
0.36222878098487854,1
0.45414793491363525,1
0.3720362186431885,1
0.42585211992263794,1
0.34207868576049805,1
0.4395865797996521,1
0.3803866505622864,1
0.35983720421791077,1
0.29365718364715576,1
0.32733309268951416,1
0.422827810049057,1
0.41894859075546265,1
0.3762236535549164,1
0.3687494397163391,1
0.33133381605148315,1
0.366361528635025,1
0.3567213714122772,1
0.21118120849132538,1
0.2989063858985901,1
0.406074196100235,1
0.4315708577632904,1
0.3842235803604126,1
0.513573169708252,1
0.37544721364974976,1
0.27815014123916626,1
0.35877978801727295,1
0.42236757278442383,1
0.2999742031097412,1
0.30330348014831543,1
0.37843918800354004,1
0.360450804233551,1
0.3797416388988495,1
0.3780268430709839,1
0.3803395926952362,1
0.32634878158569336,1
0.4926709830760956,1
0.41214054822921753,1
0.2543545067310333,1
0.34502583742141724,1
0.4051841199398041,1
0.42871952056884766,1
0.2971518635749817,1
0.3060780167579651,1
0.32716113328933716,1
0.3633456230163574,1
0.4429452419281006,1
0.4097069203853607,1
0.39406028389930725,1
0.31509336829185486,1
0.301960289478302,1
0.33377373218536377,1
0.3279110789299011,1
0.4299485683441162,1
0.28662732243537903,1
0.307829886674881,1
0.3459773063659668,1
0.27662068605422974,1
0.3850359320640564,1
0.35391852259635925,1
0.37880825996398926,1
0.3786994218826294,1
0.34205877780914307,1
0.41017571091651917,1
0.4404376149177551,1
0.3442261219024658,1
0.30000919103622437,1
0.30242523550987244,1
0.35717666149139404,1
0.30792710185050964,1
0.36716723442077637,1
0.2365109920501709,1
0.3719433844089508,1
0.35074177384376526,1
0.39060699939727783,1
0.5448073148727417,1
0.26763537526130676,1
0.40879714488983154,1
0.40094536542892456,1
0.3043915629386902,1
0.40360045433044434,1
0.49001818895339966,1
0.3414398729801178,1
0.4178586006164551,1
0.3583053946495056,1
0.32840633392333984,1
0.36271432042121887,1
0.2845163941383362,1
0.3531927466392517,1
0.32677435874938965,1
0.4428381025791168,1
0.40823230147361755,1
0.4264267683029175,1
0.36250996589660645,1
0.26237666606903076,1
0.3867962956428528,1
0.32608020305633545,1
0.47178900241851807,1
0.4218066930770874,1
0.36824142932891846,1
0.3419070839881897,1
0.23907554149627686,1
0.4038272500038147,1
0.373174250125885,1
0.2887045741081238,1
0.27256643772125244,1
0.30245131254196167,1
0.403582364320755,1
0.36752283573150635,1
0.3740723133087158,1
0.30217209458351135,1
0.39296865463256836,1
0.3374873101711273,1
0.35523736476898193,1
0.2634655237197876,1
0.3443012535572052,1
0.2213907241821289,1
0.42581090331077576,1
0.345370352268219,1
0.4972223937511444,1
0.30136847496032715,1
0.43211397528648376,1
0.3240094780921936,1
0.32797005772590637,1
0.36306726932525635,1
0.3345971405506134,1
0.46491268277168274,1
0.30036789178848267,1
0.3939552903175354,1
0.3363509774208069,1
0.44203439354896545,1
0.38008683919906616,1
0.4626253843307495,1
0.23792387545108795,1
0.37402787804603577,1
0.2584579586982727,1
0.3527340292930603,1
0.4681524336338043,1
0.41143402457237244,1
0.32542452216148376,1
0.3170316815376282,1
0.4655790627002716,1
0.324296772480011,1
0.49361860752105713,1
0.41820770502090454,1
0.31047523021698,1
0.33753544092178345,1
0.311410129070282,1
0.28282397985458374,1
0.3738035559654236,1
0.3289986848831177,1
0.31634604930877686,1
0.3662808835506439,1
0.31777286529541016,1
0.4491395354270935,1
0.3972334861755371,1
0.3583582937717438,1
0.3352334797382355,1
0.3131696581840515,1
0.2837572991847992,1
0.3401479423046112,1
0.3973701596260071,1
0.2937958836555481,1
0.4080504775047302,1
0.33728915452957153,1
0.46322256326675415,1
0.40167778730392456,1
0.3741636872291565,1
0.2806972563266754,1
0.37478816509246826,1
0.3943157196044922,1
0.33063846826553345,1
0.40609368681907654,1
0.4551257789134979,1
0.33290502429008484,1
0.29021668434143066,1
0.3325127363204956,1
0.30009976029396057,1
0.3956742286682129,1
0.3637843430042267,1
0.23513975739479065,1
0.38203608989715576,1
0.3823024332523346,1
0.24634180963039398,1
0.25706997513771057,1
0.42455363273620605,1
0.28926584124565125,1
0.382629930973053,1
0.3066120147705078,1
0.3628003001213074,1
0.34924712777137756,1
0.30918601155281067,1
0.3413237929344177,1
0.4375084638595581,1
0.319965660572052,1
0.34097975492477417,1
0.30237478017807007,1
0.31272828578948975,1
0.4087744951248169,1
0.32061195373535156,1
0.31843695044517517,1
0.37794068455696106,1
0.2898271679878235,1
0.34306836128234863,1
0.38082730770111084,1
0.2562217116355896,1
0.3465065658092499,1
0.35169661045074463,1
0.4317586421966553,1
0.3147794306278229,1
0.41639062762260437,1
0.4277415871620178,1
0.27094390988349915,1
0.5219853520393372,1
0.4038049280643463,1
0.2521612048149109,1
0.4544733166694641,1
0.35391560196876526,1
0.4644138514995575,1
0.3806478977203369,1
0.33809879422187805,1
0.3721010088920593,1
0.4677608907222748,1
0.4038935899734497,1
0.4477960467338562,1
0.3192023038864136,1
0.31784918904304504,1
0.3710581660270691,1
0.31921806931495667,1
0.41954120993614197,1
0.3097189664840698,1
0.35263723134994507,1
0.43180733919143677,1
0.36427605152130127,1
0.2650350332260132,1
0.30581772327423096,1
0.3678581416606903,1
0.34224140644073486,1
0.4135242700576782,1
0.24603302776813507,1
0.3594100773334503,1
0.3834877610206604,1
0.3482646346092224,1
0.3659511208534241,1
0.31482553482055664,1
0.35608282685279846,1
0.4030109643936157,1
0.36160963773727417,1
0.34039929509162903,1
0.28222474455833435,1
0.341885507106781,1
0.24496597051620483,1
0.28503039479255676,1
0.3195454776287079,1
0.39212191104888916,1
0.39483121037483215,1
0.33951637148857117,1
0.3324826955795288,1
0.3700180649757385,1
0.39272043108940125,1
0.33448708057403564,1
0.34874558448791504,1
0.38400134444236755,1
0.390308141708374,1
0.3652282953262329,1
0.34855684638023376,1
0.3691282272338867,1
0.37898313999176025,1
0.37719276547431946,1
0.27098309993743896,1
0.3593716025352478,1
0.42574286460876465,1
0.3937722444534302,1
0.4275255799293518,1
0.4057469964027405,1
0.3106493651866913,1
0.46292948722839355,1
0.3373633027076721,1
0.4823935329914093,1
0.3367888927459717,1
0.3036964237689972,1
0.2812497317790985,1
0.3595876693725586,1
0.29203492403030396,1
0.3978841304779053,1
0.4230992794036865,1
0.3690190315246582,1
0.4564189910888672,1
0.30628204345703125,1
0.3030586242675781,1
0.28375667333602905,1
0.2815532982349396,1
0.4881703853607178,1
0.29508328437805176,1
0.4090350270271301,1
0.3192031681537628,1
0.3570791482925415,1
0.37482506036758423,1
0.40037229657173157,1
0.4855387806892395,1
0.45423752069473267,1
0.23369573056697845,1
0.47028470039367676,1
0.32879510521888733,1
0.37494203448295593,1
0.285971999168396,1
0.2973516583442688,1
0.355380654335022,1
0.4804264008998871,1
0.4246435761451721,1
0.3571341037750244,1
0.3680579960346222,1
0.3652779757976532,1
0.32065272331237793,1
0.31229138374328613,1
0.3877829313278198,1
0.32703498005867004,1
0.3659375309944153,1
0.32554370164871216,1
0.3709900975227356,1
0.3146476745605469,1
0.314841091632843,1
0.3935147523880005,1
0.34768855571746826,1
0.3077087998390198,1
0.39523833990097046,1
0.32253605127334595,1
0.31628820300102234,1
0.4302394390106201,1
0.35139200091362,1
0.4330735206604004,1
0.3357149064540863,1
0.3837617039680481,1
0.3061912953853607,1
0.3681744635105133,1
0.30455678701400757,1
0.40261781215667725,1
0.3206542730331421,1
0.24838042259216309,1
0.36929991841316223,1
0.3974556624889374,1
0.39254915714263916,1
0.33978572487831116,1
0.3975761830806732,1
0.37913572788238525,1
0.4095365107059479,1
0.4300115704536438,1
0.33776402473449707,1
0.2330600768327713,1
0.3134957551956177,1
0.35767602920532227,1
0.3171733319759369,1
0.3814758062362671,1
0.27018481492996216,1
0.39972537755966187,1
0.5039616823196411,1
0.3310542404651642,1
0.2999313473701477,1
0.24719581007957458,1
0.3033839166164398,1
0.32229700684547424,1
0.3410847783088684,1
0.4414198696613312,1
0.34332603216171265,1
0.48749351501464844,1
0.2882436513900757,1
0.30421969294548035,1
0.3221951127052307,1
0.3308001756668091,1
0.3497554659843445,1
0.26276057958602905,1
0.34014955163002014,1
0.23898905515670776,1
0.3336094617843628,1
0.33429840207099915,1
0.3370755910873413,1
0.31262025237083435,1
0.21810606122016907,1
0.34967273473739624,1
0.3839377164840698,1
0.2542046904563904,1
0.2845573425292969,1
0.48103511333465576,1
0.37597668170928955,1
0.26363858580589294,1
0.25851380825042725,1
0.4088591933250427,1
0.27115553617477417,1
0.32552170753479004,1
0.28925058245658875,1
0.37248915433883667,1
0.3041475713253021,1
0.35050472617149353,1
0.32136088609695435,1
0.5030419826507568,1
0.33707964420318604,1
0.25532087683677673,1
0.29559922218322754,1
0.36680442094802856,1
0.3847172260284424,1
0.3539704382419586,1
0.398434579372406,1
0.30005210638046265,1
0.31765830516815186,1
0.24627341330051422,1
0.30382075905799866,1
0.36052995920181274,1
0.3337951600551605,1
0.3986748158931732,1
0.39542996883392334,1
0.33615991473197937,1
0.2934524118900299,1
0.24226151406764984,1
0.2817438542842865,1
0.34928667545318604,1
0.285734087228775,1
0.26173803210258484,1
0.3292698264122009,1
0.2892465591430664,1
0.3285331130027771,1
0.3076421022415161,1
0.40694576501846313,1
0.2651441693305969,1
0.46193501353263855,1
0.44757798314094543,1
0.418332576751709,1
0.29383599758148193,1
0.3209508955478668,1
0.3600931763648987,1
0.47204411029815674,1
0.3588207960128784,1
0.2380247414112091,1
0.35239502787590027,1
0.33916693925857544,1
0.33562520146369934,1
0.3088703453540802,1
0.49576258659362793,1
0.37407758831977844,1
0.43755781650543213,1
0.32058659195899963,1
0.24339237809181213,1
0.3524523675441742,1
0.39222007989883423,1
0.44808268547058105,1
0.43160948157310486,1
0.3202260732650757,1
0.47575056552886963,1
0.3311276435852051,1
0.3991684317588806,1
0.43866485357284546,1
0.48422011733055115,1
0.3174951374530792,1
0.2203640639781952,1
0.3295632600784302,1
0.360151469707489,1
0.31289657950401306,1
0.31596753001213074,1
0.2837786078453064,1
0.5165016055107117,1
0.4152173101902008,1
0.29102712869644165,1
0.3852424621582031,1
0.4157885015010834,1
0.33843758702278137,1
0.28256744146347046,1
0.29919761419296265,1
0.34850138425827026,1
0.3140958547592163,1
0.3323251008987427,1
0.2957387864589691,1
0.4045138955116272,1
0.3321012556552887,1
0.37913778424263,1
0.40959885716438293,1
0.29340848326683044,1
0.26016944646835327,1
0.3501458168029785,1
0.3726228177547455,1
0.37913984060287476,1
0.3403717279434204,1
0.3092562258243561,1
0.3169024586677551,1
0.4239253103733063,1
0.44433972239494324,1
0.365983784198761,1
0.26789623498916626,1
0.44063103199005127,1
0.2796887159347534,1
0.41385960578918457,1
0.3234463334083557,1
0.40783149003982544,1
0.27794012427330017,1
0.33316507935523987,1
0.40683507919311523,1
0.2353828400373459,1
0.3444454073905945,1
0.2162301242351532,1
0.2733737826347351,1
0.3030582666397095,1
0.3835640549659729,1
0.24845632910728455,1
0.4780902564525604,1
0.3592667877674103,1
0.35712316632270813,1
0.24676498770713806,1
0.3630801737308502,1
0.3090866804122925,1
0.26336997747421265,1
0.351317822933197,1
0.39599674940109253,1
0.47646963596343994,1
0.3838515877723694,1
0.3800637125968933,1
0.35868194699287415,1
0.26314932107925415,1
0.3542739152908325,1
0.34113559126853943,1
0.35540539026260376,1
0.27395686507225037,1
0.29587915539741516,1
0.3293417692184448,1
0.33560943603515625,1
0.28625863790512085,1
0.3494391441345215,1
0.3157796859741211,1
0.499271035194397,1
0.3139396905899048,1
0.1839222013950348,1
0.2559977173805237,1
0.4169284999370575,1
0.428712397813797,1
0.4311056137084961,1
0.25496459007263184,1
0.3459201455116272,1
0.4179582893848419,1
0.33171188831329346,1
0.2903808653354645,1
0.2530934810638428,1
0.2948267459869385,1
0.2815815508365631,1
0.5027906894683838,1
0.3353293836116791,1
0.35346564650535583,1
0.38441598415374756,1
0.31688427925109863,1
0.3843899965286255,1
0.29598551988601685,1
0.35031694173812866,1
0.44440340995788574,1
0.42472702264785767,1
0.4606432318687439,1
0.31693971157073975,1
0.41100993752479553,1
0.35125577449798584,1
0.3308011293411255,1
0.30719852447509766,1
0.3133707642555237,1
0.45845848321914673,1
0.4477839469909668,1
0.3989095687866211,1
0.3054402768611908,1
0.32226383686065674,1
0.38018468022346497,1
0.46241050958633423,1
0.3494133949279785,1
0.3035642206668854,1
0.2675416171550751,1
0.3444843292236328,1
0.2954411208629608,1
0.37648850679397583,1
0.347276508808136,1
0.3655378818511963,1
0.4254334568977356,1
0.388482928276062,1
0.34530913829803467,1
0.34641867876052856,1
0.26117709279060364,1
0.3612228035926819,1
0.3739408254623413,1
0.33913856744766235,1
0.3650100827217102,1
0.3630026578903198,1
0.42712724208831787,1
0.3944019675254822,1
0.3362625241279602,1
0.3725801110267639,1
0.47801631689071655,1
0.36390188336372375,1
0.2996538579463959,1
0.4025653004646301,1
0.3631996810436249,1
0.28988829255104065,1
0.40888410806655884,1
0.31589993834495544,1
0.2953445315361023,1
0.4670983850955963,1
0.32316991686820984,1
0.39382240176200867,1
0.2394760251045227,1
0.23341214656829834,1
0.30790042877197266,1
0.3937169313430786,1
0.3994079828262329,1
0.33451661467552185,1
0.3311915993690491,1
0.2564097046852112,1
0.3394845128059387,1
0.2834736108779907,1
0.4508143663406372,1
0.43932947516441345,1
0.47289857268333435,1
0.37542521953582764,1
0.38229790329933167,1
0.2905057668685913,1
0.32833001017570496,1
0.39213937520980835,1
0.2622094452381134,1
0.321382999420166,1
0.3011516332626343,1
0.4667383134365082,1
0.48856717348098755,1
0.25954166054725647,1
0.2745603919029236,1
0.3414391577243805,1
0.30261003971099854,1
0.29955267906188965,1
0.377377450466156,1
0.33211416006088257,1
0.3969809114933014,1
0.330409973859787,1
0.34267592430114746,1
0.4301222860813141,1
0.28709954023361206,1
0.3962898254394531,1
0.34274280071258545,1
0.2691023647785187,1
0.34134358167648315,1
0.24410760402679443,1
0.33694225549697876,1
0.3785249888896942,1
0.3279968798160553,1
0.38189709186553955,1
0.25444236397743225,1
0.26515939831733704,1
0.3744239807128906,1
0.3417283296585083,1
0.2887391746044159,1
0.3626088500022888,1
0.43466717004776,1
0.34741050004959106,1
0.29773399233818054,1
0.36109983921051025,1
0.32160043716430664,1
0.3964638113975525,1
0.43176013231277466,1
0.38957086205482483,1
0.4549262821674347,1
0.4199274778366089,1
0.312217652797699,1
0.3466886579990387,1
0.3847213089466095,1
0.351116806268692,1
0.32660967111587524,1
0.4724326729774475,1
0.3633664846420288,1
0.4495752155780792,1
0.2751568555831909,1
0.29593491554260254,1
0.5310351848602295,1
0.36756762862205505,1
0.3921683132648468,1
0.36508214473724365,1
0.5038411021232605,1
0.38506752252578735,1
0.3479323387145996,1
0.3230645954608917,1
0.36606037616729736,1
0.42241501808166504,1
0.36720195412635803,1
0.5030952095985413,1
0.2995561361312866,1
0.31460297107696533,1
0.3159455955028534,1
0.38887542486190796,1
0.28188174962997437,1
0.4088595509529114,1
0.40869641304016113,1
0.4289136230945587,1
0.3289765417575836,1
0.3994266390800476,1
0.3178659677505493,1
0.3534387946128845,1
0.35168272256851196,1
0.3810728192329407,1
0.4792654812335968,1
0.46771013736724854,1
0.46535542607307434,1
0.3681237995624542,1
0.4434560537338257,1
0.39316755533218384,1
0.45285582542419434,1
0.3778601586818695,1
0.3285147249698639,1
0.2666340172290802,1
0.3065118193626404,1
0.3585062325000763,1
0.290444940328598,1
0.37169283628463745,1
0.3711816966533661,1
0.35835614800453186,1
0.37729865312576294,1
0.2732487618923187,1
0.38349419832229614,1
0.35632163286209106,1
0.27543747425079346,1
0.37237489223480225,1
0.33456000685691833,1
0.4330345690250397,1
0.33782798051834106,1
0.3498777151107788,1
0.28842148184776306,1
0.41520076990127563,1
0.3905763030052185,1
0.4032023549079895,1
0.4352705776691437,1
0.3515487313270569,1
0.34204843640327454,1
0.2684216797351837,1
0.3914855718612671,1
0.5446088314056396,1
0.40261298418045044,1
0.31469082832336426,1
0.27108269929885864,1
0.3020157814025879,1
0.3442562222480774,1
0.4372907876968384,1
0.3039039671421051,1
0.30536437034606934,1
0.30180519819259644,1
0.3162645697593689,1
0.42317795753479004,1
0.3906310796737671,1
0.31368327140808105,1
0.3074740767478943,1
0.30672937631607056,1
0.3494664132595062,1
0.4513929486274719,1
0.362684965133667,1
0.2716277241706848,1
0.38413482904434204,1
0.299513578414917,1
0.3604847490787506,1
0.33328869938850403,1
0.4746643304824829,1
0.5115242004394531,1
0.42731937766075134,1
0.41821426153182983,1
0.293684184551239,1
0.41247788071632385,1
0.40508216619491577,1
0.46729305386543274,1
0.4350415766239166,1
0.28337323665618896,1
0.34592047333717346,1
0.35148003697395325,1
0.3313582241535187,1
0.33250507712364197,1
0.34923088550567627,1
0.32330629229545593,1
0.29765644669532776,1
0.26397445797920227,1
0.47508496046066284,1
0.3992675542831421,1
0.32388418912887573,1
0.3807550072669983,1
0.36063164472579956,1
0.19087067246437073,1
0.3459497392177582,1
0.28727442026138306,1
0.32911425828933716,1
0.2696690857410431,1
0.5106422305107117,1
0.35601118206977844,1
0.32540881633758545,1
0.3014194071292877,1
0.2808023691177368,1
0.332023948431015,1
0.4165419936180115,1
0.36969131231307983,1
0.28339946269989014,1
0.3842936158180237,1
0.4046369194984436,1
0.3862980306148529,1
0.3125694990158081,1
0.32082340121269226,1
0.3570142686367035,1
0.33182159066200256,1
0.3595319986343384,1
0.45662039518356323,1
0.3260583281517029,1
0.5265015959739685,1
0.3265141248703003,1
0.34083735942840576,1
0.37560340762138367,1
0.4085935950279236,1
0.38864585757255554,1
0.39715775847435,1
0.2936847507953644,1
0.3846215009689331,1
0.27519428730010986,1
0.3741338849067688,1
0.3666587471961975,1
0.3297331631183624,1
0.3640517592430115,1
0.32418254017829895,1
0.3982505202293396,1
0.3999912738800049,1
0.3278809189796448,1
0.24084129929542542,1
0.3266812562942505,1
0.3536691665649414,1
0.4037194848060608,1
0.35004255175590515,1
0.34871116280555725,1
0.4446350336074829,1
0.3684605360031128,1
0.3451657295227051,1
0.3212006390094757,1
0.4860554039478302,1
0.38760581612586975,1
0.33459028601646423,1
0.31853199005126953,1
0.3223535120487213,1
0.33830544352531433,1
0.39702069759368896,1
0.3761141896247864,1
0.2449808418750763,1
0.4659244120121002,1
0.4368562698364258,1
0.41067373752593994,1
0.36665886640548706,1
0.42039453983306885,1
0.2763645052909851,1
0.3849443197250366,1
0.29813796281814575,1
0.4015983045101166,1
0.28589826822280884,1
0.4005471467971802,1
0.3872092664241791,1
0.335678368806839,1
0.34281736612319946,1
0.43764758110046387,1
0.3466525673866272,1
0.32241302728652954,1
0.4666889011859894,1
0.28918614983558655,1
0.3574732840061188,1
0.26546910405158997,1
0.3495405614376068,1
0.30042552947998047,1
0.34018462896347046,1
0.41294461488723755,1
0.324722558259964,1
0.23154282569885254,1
0.4128856658935547,1
0.3558416962623596,1
0.3531957268714905,1
0.39141845703125,1
0.4082639813423157,1
0.290539026260376,1
0.4344126582145691,1
0.30784791707992554,1
0.5035603642463684,1
0.3567914068698883,1
0.3937365710735321,1
0.3065783679485321,1
0.3862464129924774,1
0.4682922959327698,1
0.3272099792957306,1
0.3847501873970032,1
0.3563031554222107,1
0.3419308066368103,1
0.3663509488105774,1
0.2410501390695572,1
0.5940935611724854,1
0.31683823466300964,1
0.29805484414100647,1
0.34203672409057617,1
0.5267430543899536,1
0.36426886916160583,1
0.26713767647743225,1
0.3071342706680298,1
0.4070345163345337,1
0.5048711895942688,1
0.38073429465293884,1
0.3264240622520447,1
0.42454150319099426,1
0.33323782682418823,1
0.39835935831069946,1
0.28262507915496826,1
0.30639946460723877,1
0.359517365694046,1
0.26049917936325073,1
0.2520802617073059,1
0.3871338665485382,1
0.37844932079315186,1
0.30869439244270325,1
0.35287630558013916,1
0.3990035653114319,1
0.39387837052345276,1
0.2800224721431732,1
0.32821154594421387,1
0.49025410413742065,1
0.3858351707458496,1
0.3797646760940552,1
0.42960476875305176,1
0.2490299493074417,1
0.324124276638031,1
0.34876543283462524,1
0.47499921917915344,1
0.2831759750843048,1
0.5846601724624634,1
0.3318485915660858,1
0.39650896191596985,1
0.33454808592796326,1
0.31273478269577026,1
0.3992997407913208,1
0.41671955585479736,1
0.30111566185951233,1
0.39312097430229187,1
0.3012731969356537,1
0.39615604281425476,1
0.36110568046569824,1
0.4376232624053955,1
0.5021292567253113,1
0.3071722090244293,1
0.36173325777053833,1
0.29790589213371277,1
0.3194189667701721,1
0.38183659315109253,1
0.2991708517074585,1
0.24911260604858398,1
0.2723132371902466,1
0.4243536591529846,1
0.3738243579864502,1
0.3820372521877289,1
0.33566755056381226,1
0.4324305057525635,1
0.2675992250442505,1
0.3415285348892212,1
0.34083884954452515,1
0.3827057480812073,1
0.522208571434021,1
0.37679940462112427,1
0.2505962550640106,1
0.3439019024372101,1
0.4067736268043518,1
0.29624277353286743,1
0.34873196482658386,1
0.29665160179138184,1
0.2943519353866577,1
0.4684552550315857,1
0.3810482621192932,1
0.34845250844955444,1
0.41033557057380676,1
0.40359073877334595,1
0.4304869771003723,1
0.29992473125457764,1
0.4417537450790405,1
0.4236784875392914,1
0.328590452671051,1
0.4033145010471344,1
0.3415217995643616,1
0.3144006133079529,1
0.3175470232963562,1
0.33772021532058716,1
0.3774559497833252,1
0.29928237199783325,1
0.29841768741607666,1
0.35604384541511536,1
0.25078263878822327,1
0.4010075032711029,1
0.4718324840068817,1
0.5840787887573242,1
0.36474674940109253,1
0.29311686754226685,1
0.3143939971923828,1
0.3416973650455475,1
0.43733689188957214,1
0.3269093334674835,1
0.2582874298095703,1
0.300166517496109,1
0.3059151768684387,1
0.45754390954971313,1
0.3014976680278778,1
0.33311110734939575,1
0.3438910245895386,1
0.3312208652496338,1
0.3650864064693451,1
0.2945259213447571,1
0.3558824360370636,1
0.3555213212966919,1
0.3148457407951355,1
0.38147902488708496,1
0.35454291105270386,1
0.3716732859611511,1
0.37513720989227295,1
0.3124275207519531,1
0.33249205350875854,1
0.3820568323135376,1
0.3992978632450104,1
0.28387683629989624,1
0.3930177390575409,1
0.36371076107025146,1
0.48637062311172485,1
0.40371572971343994,1
0.31156718730926514,1
0.3106157183647156,1
0.4363880157470703,1
0.4944263994693756,1
0.3910544216632843,1
0.2637539207935333,1
0.4938509166240692,1
0.3980201482772827,1
0.401096373796463,1
0.27628669142723083,1
0.4636366367340088,1
0.32778677344322205,1
0.24151863157749176,1
0.301652193069458,1
0.5166258215904236,1
0.3106178045272827,1
0.34103938937187195,1
0.33823251724243164,1
0.3970913290977478,1
0.44255340099334717,1
0.3397066593170166,1
0.43769246339797974,1
0.39812779426574707,1
0.40149492025375366,1
0.26478806138038635,1
0.38379836082458496,1
0.32035714387893677,1
0.3922346830368042,1
0.2521057724952698,1
0.36363375186920166,1
0.3380085229873657,1
0.3116731345653534,1
0.33522528409957886,1
0.35836777091026306,1
0.39548224210739136,1
0.2491832673549652,1
0.40126141905784607,1
0.33838018774986267,1
0.2992912828922272,1
0.32219478487968445,1
0.4160631000995636,1
0.39272966980934143,1
0.25673168897628784,1
0.4140048623085022,1
0.47231242060661316,1
0.3483416438102722,1
0.39100372791290283,1
0.20759278535842896,1
0.3252258002758026,1
0.41437697410583496,1
0.3622925281524658,1
0.3492641746997833,1
0.32458633184432983,1
0.3335666060447693,1
0.34888753294944763,1
0.3433852791786194,1
0.4608556628227234,1
0.3164570927619934,1
0.3417574167251587,1
0.3617076277732849,1
0.45796963572502136,1
0.43252357840538025,1
0.3579607307910919,1
0.36263176798820496,1
0.38517236709594727,1
0.41711992025375366,1
0.44495582580566406,1
0.23083774745464325,1
0.3611331582069397,1
0.18575602769851685,1
0.2547765374183655,1
0.3034907281398773,1
0.2843668460845947,1
0.4640465974807739,1
0.3708465099334717,1
0.36826348304748535,1
0.2699028253555298,1
0.3847326338291168,1
0.40856489539146423,1
0.3142384886741638,1
0.3971863090991974,1
0.3236677050590515,1
0.35687723755836487,1
0.27310994267463684,1
0.3618081510066986,1
0.3567659854888916,1
0.27110016345977783,1
0.3448610305786133,1
0.44211065769195557,1
0.26596903800964355,1
0.3708597421646118,1
0.5242414474487305,1
0.39173007011413574,1
0.36105117201805115,1
0.286425918340683,1
0.22374853491783142,1
0.2955734133720398,1
0.2872318923473358,1
0.3312109112739563,1
0.3440408408641815,1
0.3162822425365448,1
0.3837186098098755,1
0.4319816827774048,1
0.3288790285587311,1
0.3047296106815338,1
0.40501829981803894,1
0.3102456033229828,1
0.35565680265426636,1
0.4452585279941559,1
0.32310160994529724,1
0.38400837779045105,1
0.2770955264568329,1
0.42769092321395874,1
0.4115239381790161,1
0.49611181020736694,1
0.3305244445800781,1
0.3257860243320465,1
0.3279998302459717,1
0.3579140305519104,1
0.4081276059150696,1
0.4240403175354004,1
0.3980633020401001,1
0.39942100644111633,1
0.41920047998428345,1
0.367575466632843,1
0.3991239070892334,1
0.4323764145374298,1
0.3407183885574341,1
0.32589706778526306,1
0.24317550659179688,1
0.37943515181541443,1
0.2779519259929657,1
0.3250163197517395,1
0.36179304122924805,1
0.29276567697525024,1
0.351058691740036,1
0.4045538902282715,1
0.29706528782844543,1
0.41451385617256165,1
0.36845433712005615,1
0.43999963998794556,1
0.4156423807144165,1
0.3797581195831299,1
0.35363101959228516,1
0.28018784523010254,1
0.43291598558425903,1
0.417980432510376,1
0.3575116991996765,1
0.3787669539451599,1
0.33233264088630676,1
0.47647786140441895,1
0.3528118431568146,1
0.3899424970149994,1
0.42145809531211853,1
0.46874427795410156,1
0.3002076745033264,1
0.3594846725463867,1
0.23595896363258362,1
0.3977060616016388,1
0.36961042881011963,1
0.2791583836078644,1
0.41032737493515015,1
0.3477608263492584,1
0.4897953271865845,1
0.3169000744819641,1
0.3622886538505554,1
0.44694074988365173,1
0.40471529960632324,1
0.38615456223487854,1
0.25589656829833984,1
0.3068132996559143,1
0.2636828124523163,1
0.3250037431716919,1
0.44189220666885376,1
0.3284255862236023,1
0.2740415334701538,1
0.413911908864975,1
0.2550966739654541,1
0.3080052137374878,1
0.39275062084198,1
0.3037751317024231,1
0.3439611792564392,1
0.4119962453842163,1
0.4200056791305542,1
0.4006686210632324,1
0.3039266765117645,1
0.3674558401107788,1
0.2883574366569519,1
0.2767711877822876,1
0.325804203748703,1
0.3174503743648529,1
0.3170270621776581,1
0.3782220780849457,1
0.2761661112308502,1
0.3676632046699524,1
0.30046766996383667,1
0.2880185842514038,1
0.3182457983493805,1
0.40824365615844727,1
0.3556928038597107,1
0.3100450932979584,1
0.372936487197876,1
0.3346179127693176,1
0.32605087757110596,1
0.32512906193733215,1
0.36123496294021606,1
0.32163548469543457,1
0.2821218967437744,1
0.2993873953819275,1
0.3212783932685852,1
0.4495833218097687,1
0.35823431611061096,1
0.3942052125930786,1
0.30789679288864136,1
0.2536184787750244,1
0.36564457416534424,1
0.2852248549461365,1
0.31550467014312744,1
0.3836943805217743,1
0.45438966155052185,1
0.44117337465286255,1
0.4143924117088318,1
0.39359045028686523,1
0.46690404415130615,1
0.3298594355583191,1
0.31058961153030396,1
0.2781769335269928,1
0.2851763963699341,1
0.43999162316322327,1
0.3799734115600586,1
0.4512764811515808,1
0.38850781321525574,1
0.35662728548049927,1
0.40942591428756714,1
0.3899841606616974,1
0.34561413526535034,1
0.25585439801216125,1
0.3924306631088257,1
0.3318447172641754,1
0.43730342388153076,1
0.3297998607158661,1
0.34472858905792236,1
0.3032362461090088,1
0.29868224263191223,1
0.36311617493629456,1
0.402739554643631,1
0.3719694912433624,1
0.3428942561149597,1
0.3427847921848297,1
0.3959014415740967,1
0.35921990871429443,1
0.26999861001968384,1
0.3882078528404236,1
0.37364462018013,1
0.42007628083229065,1
0.3225333094596863,1
0.34286147356033325,1
0.33015573024749756,1
0.3261028528213501,1
0.38971376419067383,1
0.33730649948120117,1
0.31326523423194885,1
0.40707603096961975,1
0.2872929573059082,1
0.40375494956970215,1
0.324431836605072,1
0.3894686698913574,1
0.38420215249061584,1
0.33765149116516113,1
0.3667171597480774,1
0.3512670397758484,1
0.24234482645988464,1
0.2842021584510803,1
0.35486453771591187,1
0.503446638584137,1
0.370296835899353,1
0.3378649353981018,1
0.4736635088920593,1
0.3274275064468384,1
0.30061960220336914,1
0.3416494131088257,1
0.19291914999485016,1
0.30411407351493835,1
0.30727627873420715,1
0.32993200421333313,1
0.3781674802303314,1
0.23766116797924042,1
0.33828750252723694,1
0.35967910289764404,1
0.30568549036979675,1
0.29901474714279175,1
0.46276068687438965,1
0.37996840476989746,1
0.4065697193145752,1
0.44819051027297974,1
0.3197709918022156,1
0.4442920386791229,1
0.36800557374954224,1
0.35294806957244873,1
0.43698543310165405,1
0.33464813232421875,1
0.31440097093582153,1
0.31696128845214844,1
0.3065848648548126,1
0.3327558636665344,1
0.21359500288963318,1
0.3682142496109009,1
0.34817907214164734,1
0.3762531578540802,1
0.33831843733787537,1
0.35869815945625305,1
0.27936089038848877,1
0.28136444091796875,1
0.3119105398654938,1
0.3511119484901428,1
0.3605392873287201,1
0.36384108662605286,1
0.33312398195266724,1
0.48297661542892456,1
0.3247131109237671,1
0.40704768896102905,1
0.27037137746810913,1
0.31915706396102905,1
0.2933903634548187,1
0.29144373536109924,1
0.4378620684146881,1
0.34163209795951843,1
0.41121771931648254,1
0.3744055926799774,1
0.43362322449684143,1
0.27282389998435974,1
0.33141380548477173,1
0.3433566987514496,1
0.509634256362915,1
0.3936695456504822,1
0.41254374384880066,1
0.5087226629257202,1
0.3777780532836914,1
0.30987706780433655,1
0.3939266502857208,1
0.4448564052581787,1
0.40050408244132996,1
0.33800187706947327,1
0.329933226108551,1
0.32408663630485535,1
0.35906800627708435,1
0.37452131509780884,1
0.2910923361778259,1
0.3618208169937134,1
0.31853586435317993,1
0.35410207509994507,1
0.3980203866958618,1
0.24955210089683533,1
0.3620434105396271,1
0.3536801040172577,1
0.40635016560554504,1
0.41561663150787354,1
0.31365904211997986,1
0.3617629408836365,1
0.3443964123725891,1
0.4623352587223053,1
0.33864057064056396,1
0.3782006502151489,1
0.3657265305519104,1
0.3720445930957794,1
0.521456241607666,1
0.3294052183628082,1
0.3540717363357544,1
0.3231479823589325,1
0.35479941964149475,1
0.37092137336730957,1
0.3022252917289734,1
0.352390855550766,1
0.33241006731987,1
0.34887605905532837,1
0.3405510187149048,1
0.33658531308174133,1
0.42682045698165894,1
0.39054593443870544,1
0.40842950344085693,1
0.3999168872833252,1
0.2500050365924835,1
0.2765643298625946,1
0.4106549918651581,1
0.2475322186946869,1
0.2939761281013489,1
0.3013266324996948,1
0.3407176733016968,1
0.2784993350505829,1
0.3483319878578186,1
0.30842724442481995,1
0.32083553075790405,1
0.3825911283493042,1
0.36465564370155334,1
0.3174114227294922,1
0.43281254172325134,1
0.41447800397872925,1
0.33412331342697144,1
0.335955947637558,1
0.3743385970592499,1
0.5274609923362732,1
0.42051559686660767,1
0.45186129212379456,1
0.43411117792129517,1
0.38451269268989563,1
0.2898716926574707,1
0.3334800601005554,1
0.28072118759155273,1
0.4318362772464752,1
0.24896273016929626,1
0.3183519244194031,1
0.42587965726852417,1
0.3258880376815796,1
0.3325466513633728,1
0.3838042914867401,1
0.2683914303779602,1
0.45404309034347534,1
0.2969554364681244,1
0.37389957904815674,1
0.30421948432922363,1
0.30005428194999695,1
0.26058948040008545,1
0.28311604261398315,1
0.37853971123695374,1
0.28299570083618164,1
0.39962658286094666,1
0.2527990937232971,1
0.33786436915397644,1
0.3753952980041504,1
0.3145228922367096,1
0.42161551117897034,1
0.3337424397468567,1
0.32515794038772583,1
0.31693196296691895,1
0.32258033752441406,1
0.39291033148765564,1
0.363385945558548,1
0.3483051657676697,1
0.44646841287612915,1
0.4021205008029938,1
0.3756949305534363,1
0.3765999674797058,1
0.4123157858848572,1
0.2947363257408142,1
0.37185192108154297,1
0.33669865131378174,1
0.32512548565864563,1
0.38601282238960266,1
0.35186877846717834,1
0.3057015836238861,1
0.2796870172023773,1
0.3222905397415161,1
0.35322847962379456,1
0.3691849112510681,1
0.26187431812286377,1
0.4056148827075958,1
0.28724929690361023,1
0.16422274708747864,1
0.32866615056991577,1
0.29597726464271545,1
0.40303850173950195,1
0.387066125869751,1
0.5004163980484009,1
0.4128950238227844,1
0.43527257442474365,1
0.3760875165462494,1
0.39574873447418213,1
0.36839041113853455,1
0.30411502718925476,1
0.3682361841201782,1
0.34082600474357605,1
0.3510265648365021,1
0.3614899218082428,1
0.4302188754081726,1
0.32945704460144043,1
0.446724534034729,1
0.3126333951950073,1
0.4831159710884094,1
0.4275585114955902,1
0.3023374676704407,1
0.31358227133750916,1
0.33117377758026123,1
0.43228650093078613,1
0.28754350543022156,1
0.30275940895080566,1
0.30354052782058716,1
0.37028807401657104,1
0.3516135811805725,1
0.3350179195404053,1
0.40672358870506287,1
0.32941949367523193,1
0.4355636537075043,1
0.43820318579673767,1
0.35480111837387085,1
0.2951355278491974,1
0.4340437352657318,1
0.3436908721923828,1
0.33442220091819763,1
0.386765718460083,1
0.3599250912666321,1
0.46722203493118286,1
0.2830578684806824,1
0.37571054697036743,1
0.3053039312362671,1
0.2622246742248535,1
0.3578553795814514,1
0.3968450427055359,1
0.24627594649791718,1
0.3987634778022766,1
0.2728259563446045,1
0.33925676345825195,1
0.3025042414665222,1
0.35276615619659424,1
0.37491822242736816,1
0.4584072232246399,1
0.2686094045639038,1
0.44584429264068604,1
0.3363310694694519,1
0.45934227108955383,1
0.2689085602760315,1
0.36185139417648315,1
0.4035685360431671,1
0.3896034359931946,1
0.269603431224823,1
0.2848377227783203,1
0.38436001539230347,1
0.29866963624954224,1
0.39727482199668884,1
0.2424851506948471,1
0.2927412986755371,1
0.4002617299556732,1
0.3282393217086792,1
0.2746671438217163,1
0.3286770284175873,1
0.30366581678390503,1
0.49375107884407043,1
0.2632858157157898,1
0.34391504526138306,1
0.27257871627807617,1
0.41510963439941406,1
0.3120095133781433,1
0.28287655115127563,1
0.3278939723968506,1
0.28362345695495605,1
0.3101338744163513,1
0.37100082635879517,1
0.2799651026725769,1
0.40166470408439636,1
0.3154301941394806,1
0.2968451678752899,1
0.4185619354248047,1
0.3210221827030182,1
0.4648035764694214,1
0.23219521343708038,1
0.5397896766662598,1
0.37598270177841187,1
0.38180625438690186,1
0.26866400241851807,1
0.32447549700737,1
0.4364691972732544,1
0.32160699367523193,1
0.3601333796977997,1
0.2960009276866913,1
0.34480538964271545,1
0.25820302963256836,1
0.4085140824317932,1
0.4592406153678894,1
0.2470567524433136,1
0.29791808128356934,1
0.3051275908946991,1
0.3013102412223816,1
0.33009183406829834,1
0.2653096914291382,1
0.41094067692756653,1
0.33633190393447876,1
0.40903663635253906,1
0.44009512662887573,1
0.37629953026771545,1
0.4040224254131317,1
0.35758331418037415,1
0.3205563724040985,1
0.43360233306884766,1
0.29994216561317444,1
0.34738391637802124,1
0.3877323269844055,1
0.4046277105808258,1
0.3739437758922577,1
0.3151865005493164,1
0.24782177805900574,1
0.334591805934906,1
0.2981724441051483,1
0.45502060651779175,1
0.35440298914909363,1
0.30522799491882324,1
0.5104610323905945,1
0.24087172746658325,1
0.2807736396789551,1
0.386272668838501,1
0.2918563783168793,1
0.3457680940628052,1
0.31001442670822144,1
0.36036187410354614,1
0.33020877838134766,1
0.4116489589214325,1
0.5010679364204407,1
0.2822132706642151,1
0.44002166390419006,1
0.34491026401519775,1
0.4626886248588562,1
0.4019406735897064,1
0.30720624327659607,1
0.43225058913230896,1
0.41668933629989624,1
0.38193196058273315,1
0.3526906967163086,1
0.3227244019508362,1
0.3700323700904846,1
0.330608606338501,1
0.28343361616134644,1
0.3507661819458008,1
0.34330928325653076,1
0.42604804039001465,1
0.38001760840415955,1
0.3505558967590332,1
0.407375305891037,1
0.2954319417476654,1
0.34972843527793884,1
0.2866414785385132,1
0.27626660466194153,1
0.21860429644584656,1
0.38227909803390503,1
0.3032623827457428,1
0.24971988797187805,1
0.34639912843704224,1
0.4558585286140442,1
0.37947213649749756,1
0.3226538300514221,1
0.28993290662765503,1
0.3121665120124817,1
0.3426503539085388,1
0.3811172842979431,1
0.3695695996284485,1
0.359694242477417,1
0.381026953458786,1
0.37489748001098633,1
0.36117199063301086,1
0.397794246673584,1
0.34874409437179565,1
0.3032315969467163,1
0.4326273798942566,1
0.3952934741973877,1
0.3657963275909424,1
0.3851756453514099,1
0.3898455500602722,1
0.3114444613456726,1
0.47270435094833374,1
0.33825576305389404,1
0.31977012753486633,1
0.3385985493659973,1
0.35736238956451416,1
0.27011045813560486,1
0.38814619183540344,1
0.3077700436115265,1
0.42933642864227295,1
0.31717807054519653,1
0.23855769634246826,1
0.3468836545944214,1
0.4498715102672577,1
0.33981141448020935,1
0.37888023257255554,1
0.32987260818481445,1
0.34048992395401,1
0.333359956741333,1
0.3673345148563385,1
0.4255529046058655,1
0.3040125370025635,1
0.47676223516464233,1
0.28986960649490356,1
0.29488739371299744,1
0.33290335536003113,1
0.3842180073261261,1
0.42908531427383423,1
0.38286498188972473,1
0.4114106297492981,1
0.322742760181427,1
0.2791599631309509,1
0.3890005946159363,1
0.38338977098464966,1
0.3175615072250366,1
0.31723466515541077,1
0.32472744584083557,1
0.3324800729751587,1
0.34021562337875366,1
0.300798237323761,1
0.3873703181743622,1
0.38655179738998413,1
0.2768882215023041,1
0.4016490578651428,1
0.4006422758102417,1
0.3944719135761261,1
0.31977471709251404,1
0.505395233631134,1
0.41460663080215454,1
0.3250892460346222,1
0.27337217330932617,1
0.32605355978012085,1
0.4531537890434265,1
0.28978657722473145,1
0.3571692705154419,1
0.30543243885040283,1
0.42539602518081665,1
0.38781100511550903,1
0.35309234261512756,1
0.31843167543411255,1
0.34651216864585876,1
0.3820713460445404,1
0.3951449990272522,1
0.4348236620426178,1
0.2938409149646759,1
0.3385035991668701,1
0.4229610860347748,1
0.32405418157577515,1
0.362786203622818,1
0.39754295349121094,1
0.3714253008365631,1
0.37182676792144775,1
0.30187341570854187,1
0.47443968057632446,1
0.4034552574157715,1
0.33861979842185974,1
0.3817369043827057,1
0.3700329661369324,1
0.2993581295013428,1
0.3963789641857147,1
0.3152148723602295,1
0.31606030464172363,1
0.31709834933280945,1
0.3974670171737671,1
0.3867623209953308,1
0.5405371189117432,1
0.256487101316452,1
0.34103867411613464,1
0.30228736996650696,1
0.36558961868286133,1
0.45113736391067505,1
0.36860159039497375,1
0.3881642520427704,1
0.246403306722641,1
0.2309948205947876,1
0.33375078439712524,1
0.37182319164276123,1
0.36326467990875244,1
0.303377240896225,1
0.46379244327545166,1
0.4064936637878418,1
0.38052845001220703,1
0.38772761821746826,1
0.35620516538619995,1
0.2929445207118988,1
0.36887335777282715,1
0.2521573305130005,1
0.41568857431411743,1
0.24575753509998322,1
0.33802786469459534,1
0.4079784154891968,1
0.46346306800842285,1
0.21639826893806458,1
0.3527308702468872,1
0.33771657943725586,1
0.45377692580223083,1
0.459347665309906,1
0.48663800954818726,1
0.41509148478507996,1
0.33703315258026123,1
0.29165810346603394,1
0.3597339689731598,1
0.3339003324508667,1
0.34618908166885376,1
0.3905300498008728,1
0.2864421606063843,1
0.45496857166290283,1
0.3753242492675781,1
0.2597249448299408,1
0.5589484572410583,1
0.3122659921646118,1
0.34607401490211487,1
0.4014461934566498,1
0.29856207966804504,1
0.36599433422088623,1
0.28981903195381165,1
0.3114941716194153,1
0.283708393573761,1
0.31663447618484497,1
0.34026309847831726,1
0.40350499749183655,1
0.29330286383628845,1
0.376326322555542,1
0.38187068700790405,1
0.30095675587654114,1
0.574527382850647,1
0.4043145477771759,1
0.3125320076942444,1
0.35412174463272095,1
0.4375682771205902,1
0.4352670907974243,1
0.35585150122642517,1
0.5066896677017212,1
0.3896459937095642,1
0.3815965950489044,1
0.4589948356151581,1
0.24448873102664948,1
0.4321475327014923,1
0.3571546673774719,1
0.2929055690765381,1
0.3746318221092224,1
0.37212854623794556,1
0.39122918248176575,1
0.49135178327560425,1
0.3028082251548767,1
0.4909507930278778,1
0.29336294531822205,1
0.3909912705421448,1
0.39423874020576477,1
0.3088638186454773,1
0.33860185742378235,1
0.188373863697052,1
0.37256920337677,1
0.4893763065338135,1
0.3656970262527466,1
0.3155273199081421,1
0.3371671438217163,1
0.21492895483970642,1
0.28694379329681396,1
0.4384961724281311,1
0.407393217086792,1
0.3094385266304016,1
0.28286322951316833,1
0.27516284584999084,1
0.30969691276550293,1
0.2745736241340637,1
0.38708174228668213,1
0.35824406147003174,1
0.3846513330936432,1
0.5643177032470703,1
0.3480798006057739,1
0.32928723096847534,1
0.2723359167575836,1
0.30214977264404297,1
0.3117023706436157,1
0.33758604526519775,1
0.3363202214241028,1
0.42194926738739014,1
0.35008150339126587,1
0.32552582025527954,1
0.30935347080230713,1
0.2696759104728699,1
0.3770885169506073,1
0.4154833257198334,1
0.2815653085708618,1
0.29720771312713623,1
0.3868550658226013,1
0.5044101476669312,1
0.24577534198760986,1
0.34155914187431335,1
0.2854592204093933,1
0.4555979073047638,1
0.4320685565471649,1
0.36734676361083984,1
0.24433298408985138,1
0.3854769170284271,1
0.35456812381744385,1
0.33564990758895874,1
0.4172123074531555,1
0.29846715927124023,1
0.37134015560150146,1
0.33566534519195557,1
0.36822745203971863,1
0.33222949504852295,1
0.5215871334075928,1
0.29335206747055054,1
0.33097532391548157,1
0.30514925718307495,1
0.32183945178985596,1
0.31722256541252136,1
0.4671061635017395,1
0.27004849910736084,1
0.38806021213531494,1
0.3572659492492676,1
0.36119961738586426,1
0.3435739278793335,1
0.3908778429031372,1
0.31431421637535095,1
0.314833402633667,1
0.3951847553253174,1
0.33478039503097534,1
0.3469730317592621,1
0.3200480341911316,1
0.30451256036758423,1
0.2518421411514282,1
0.42865246534347534,1
0.495627760887146,1
0.3355792164802551,1
0.3885108232498169,1
0.3283015489578247,1
0.2194991409778595,1
0.36420392990112305,1
0.34524962306022644,1
0.2722216546535492,1
0.3863041400909424,1
0.44228601455688477,1
0.37997835874557495,1
0.32974088191986084,1
0.43026867508888245,1
0.3766986131668091,1
0.3700024485588074,1
0.4064178466796875,1
0.2763391137123108,1
0.43997567892074585,1
0.3310025930404663,1
0.37194398045539856,1
0.3313817083835602,1
0.400093674659729,1
0.29862889647483826,1
0.2519592344760895,1
0.32691800594329834,1
0.3552044928073883,1
0.3905010223388672,1
0.34206295013427734,1
0.4628617763519287,1
0.34297704696655273,1
0.4032559096813202,1
0.4203219711780548,1
0.23449113965034485,1
0.40192291140556335,1
0.36235660314559937,1
0.30832189321517944,1
0.45998847484588623,1
0.45416176319122314,1
0.405343234539032,1
0.41175803542137146,1
0.44551998376846313,1
0.3436339795589447,1
0.30308863520622253,1
0.41622376441955566,1
0.2911897599697113,1
0.45675307512283325,1
0.331813246011734,1
0.3988260328769684,1
0.4390084147453308,1
0.2890855073928833,1
0.3323200047016144,1
0.26000526547431946,1
0.3409445285797119,1
0.2654140591621399,1
0.29214853048324585,1
0.42330658435821533,1
0.23756152391433716,1
0.42139214277267456,1
0.3600984215736389,1
0.3808862566947937,1
0.24006839096546173,1
0.3463357090950012,1
0.3724313974380493,1
0.43597882986068726,1
0.38983267545700073,1
0.4830920696258545,1
0.5605383515357971,1
0.36540254950523376,1
0.3713793456554413,1
0.4503706097602844,1
0.35414817929267883,1
0.2522010803222656,1
0.31147316098213196,1
0.37308400869369507,1
0.40368732810020447,1
0.3136236071586609,1
0.34023618698120117,1
0.3739609122276306,1
0.2632482945919037,1
0.3435675799846649,1
0.27476996183395386,1
0.295068621635437,1
0.35486477613449097,1
0.44534772634506226,1
0.3904697000980377,1
0.3081955909729004,1
0.4089173376560211,1
0.4251602292060852,1
0.3878002166748047,1
0.44742339849472046,1
0.32600030303001404,1
0.3967510759830475,1
0.3972150683403015,1
0.4818267524242401,1
0.4386141896247864,1
0.3612067699432373,1
0.3191443979740143,1
0.30177366733551025,1
0.21203257143497467,1
0.4007055163383484,1
0.4009191393852234,1
0.2706789970397949,1
0.299316942691803,1
0.5641293525695801,1
0.41590455174446106,1
0.4063648283481598,1
0.39276236295700073,1
0.32122987508773804,1
0.36103811860084534,1
0.3320777118206024,1
0.41344544291496277,1
0.32380735874176025,1
0.3051655888557434,1
0.32299453020095825,1
0.2965422570705414,1
0.31623512506484985,1
0.2667032480239868,1
0.460857629776001,1
0.42858895659446716,1
0.36855486035346985,1
0.2927177846431732,1
0.4070993661880493,1
0.5595654845237732,1
0.33063408732414246,1
0.35625016689300537,1
0.34177106618881226,1
0.3739584684371948,1
0.3445545434951782,1
0.3498729467391968,1
0.4338432550430298,1
0.3171994686126709,1
0.44698432087898254,1
0.42329099774360657,1
0.44337332248687744,1
0.3409702777862549,1
0.41710683703422546,1
0.2764889895915985,1
0.3303758502006531,1
0.39843907952308655,1
0.32354533672332764,1
0.38660353422164917,1
0.32882052659988403,1
0.34897416830062866,1
0.5127795338630676,1
0.33331286907196045,1
0.40217894315719604,1
0.31912457942962646,1
0.2909218966960907,1
0.39934617280960083,1
0.4776497781276703,1
0.3762144148349762,1
0.3233245015144348,1
0.3462373614311218,1
0.2733891010284424,1
0.3776646852493286,1
0.3766370415687561,1
0.41091713309288025,1
0.37310492992401123,1
0.3305135667324066,1
0.493147075176239,1
0.3395582437515259,1
0.5389576554298401,1
0.32495272159576416,1
0.38274839520454407,1
0.3717344403266907,1
0.4531320631504059,1
0.2952040433883667,1
0.4055517911911011,1
0.2737152576446533,1
0.2687295079231262,1
0.3561732769012451,1
0.26573503017425537,1
0.28719058632850647,1
0.42007678747177124,1
0.43388572335243225,1
0.3464428782463074,1
0.35071861743927,1
0.36942312121391296,1
0.4211564362049103,1
0.3721136152744293,1
0.32021135091781616,1
0.3084903955459595,1
0.3634149432182312,1
0.33312949538230896,1
0.39360982179641724,1
0.36633217334747314,1
0.4268963932991028,1
0.36946508288383484,1
0.47802942991256714,1
0.3717924952507019,1
0.3388062119483948,1
0.4480759799480438,1
0.39057984948158264,1
0.25523707270622253,1
0.42047592997550964,1
0.4138522148132324,1
0.36702126264572144,1
0.3768033981323242,1
0.36501654982566833,1
0.3823261857032776,1
0.3550916612148285,1
0.38529253005981445,1
0.3954057991504669,1
0.33878254890441895,1
0.3728055953979492,1
0.42684587836265564,1
0.3300286531448364,1
0.3405364453792572,1
0.40182140469551086,1
0.46194517612457275,1
0.42065441608428955,1
0.30415424704551697,1
0.40395596623420715,1
0.27441900968551636,1
0.34580644965171814,1
0.34521517157554626,1
0.4464556574821472,1
0.3754626214504242,1
0.41131603717803955,1
0.27145832777023315,1
0.43697023391723633,1
0.271958589553833,1
0.39673200249671936,1
0.45621705055236816,1
0.3538571000099182,1
0.3615691363811493,1
0.39252641797065735,1
0.2867888808250427,1
0.40734875202178955,1
0.43262916803359985,1
0.38120004534721375,1
0.46038341522216797,1
0.3692827820777893,1
0.3899446129798889,1
0.3155081272125244,1
0.3786742687225342,1
0.41717222332954407,1
0.4360664486885071,1
0.3466361165046692,1
0.445182204246521,1
0.40850645303726196,1
0.36724984645843506,1
0.3107563853263855,1
0.3474912643432617,1
0.36617910861968994,1
0.2961629331111908,1
0.3791023790836334,1
0.31634268164634705,1
0.398029088973999,1
0.1696355789899826,1
0.5664879083633423,1
0.3786510229110718,1
0.4504898488521576,1
0.3060763478279114,1
0.3034740686416626,1
0.3482133448123932,1
0.35403722524642944,1
0.34791481494903564,1
0.3370671272277832,1
0.3800758719444275,1
0.3275551497936249,1
0.4058936834335327,1
0.44751620292663574,1
0.26313304901123047,1
0.4071301221847534,1
0.2008148580789566,1
0.3443295955657959,1
0.30063605308532715,1
0.4790455996990204,1
0.35308799147605896,1
0.4880770444869995,1
0.34562110900878906,1
0.3644924759864807,1
0.32188156247138977,1
0.38865068554878235,1
0.417734831571579,1
0.32456010580062866,1
0.38640424609184265,1
0.3759848177433014,1
0.35665640234947205,1
0.35492756962776184,1
0.33410418033599854,1
0.4865363538265228,1
0.48475608229637146,1
0.25070422887802124,1
0.3301258087158203,1
0.37893813848495483,1
0.4439576268196106,1
0.1975279450416565,1
0.38407355546951294,1
0.44214534759521484,1
0.39696937799453735,1
0.3002872169017792,1
0.34003114700317383,1
0.3517330586910248,1
0.30398687720298767,1
0.2907716929912567,1
0.31911754608154297,1
0.4026893973350525,1
0.3473999798297882,1
0.2030378133058548,1
0.3376287817955017,1
0.3109908998012543,1
0.42095881700515747,1
0.326511025428772,1
0.3865944743156433,1
0.3583325445652008,1
0.35729512572288513,1
0.4003949761390686,1
0.42559465765953064,1
0.3585749864578247,1
0.3482663035392761,1
0.30603599548339844,1
0.2761743664741516,1
0.40675538778305054,1
0.36080893874168396,1
0.3867463767528534,1
0.4028286933898926,1
0.3872684836387634,1
0.39582741260528564,1
0.3827873170375824,1
0.3760869801044464,1
0.4217841327190399,1
0.324618935585022,1
0.3548535108566284,1
0.2847049832344055,1
0.3743862807750702,1
0.36379489302635193,1
0.4567335844039917,1
0.23698467016220093,1
0.3830442428588867,1
0.3053604066371918,1
0.397935152053833,1
0.3981948494911194,1
0.38328197598457336,1
0.2836422324180603,1
0.3058609664440155,1
0.3293832540512085,1
0.3961893320083618,1
0.29976439476013184,1
0.2747073769569397,1
0.46143287420272827,1
0.39544549584388733,1
0.2668670415878296,1
0.28396472334861755,1
0.3093109726905823,1
0.3772144615650177,1
0.35942432284355164,1
0.3212018311023712,1
0.4433431923389435,1
0.384696364402771,1
0.4350690245628357,1
0.38985100388526917,1
0.40112364292144775,1
0.26992374658584595,1
0.24283258616924286,1
0.41126835346221924,1
0.25722745060920715,1
0.37460780143737793,1
0.2978411018848419,1
0.3366897702217102,1
0.3536146879196167,1
0.304103821516037,1
0.47260794043540955,1
0.4797482192516327,1
0.31906604766845703,1
0.3592420220375061,1
0.3718847930431366,1
0.30206412076950073,1
0.27336394786834717,1
0.31776663661003113,1
0.35675227642059326,1
0.338298499584198,1
0.3980942964553833,1
0.3950807452201843,1
0.47955936193466187,1
0.3641585409641266,1
0.40289968252182007,1
0.4072723984718323,1
0.33256253600120544,1
0.4185144603252411,1
0.37679141759872437,1
0.43331465125083923,1
0.4028070867061615,1
0.23372280597686768,1
0.3806214928627014,1
0.534092903137207,1
0.40684348344802856,1
0.44706612825393677,1
0.27181607484817505,1
0.28093934059143066,1
0.30059438943862915,1
0.3842659890651703,1
0.2993265986442566,1
0.2513982355594635,1
0.32628655433654785,1
0.34566864371299744,1
0.48575812578201294,1
0.308342307806015,1
0.2860686779022217,1
0.43685823678970337,1
0.28307726979255676,1
0.3930971920490265,1
0.3748258948326111,1
0.3577839732170105,1
0.23015761375427246,1
0.3739539682865143,1
0.3385155200958252,1
0.3236929774284363,1
0.22625860571861267,1
0.44759559631347656,1
0.4202144742012024,1
0.4555702209472656,1
0.2508734464645386,1
0.379926472902298,1
0.3182496130466461,1
0.5223580598831177,1
0.287094384431839,1
0.37162044644355774,1
0.34482789039611816,1
0.6448026895523071,1
0.30418169498443604,1
0.24372096359729767,1
0.3605250418186188,1
0.34854280948638916,1
0.3109363913536072,1
0.3055564761161804,1
0.32758378982543945,1
0.38425296545028687,1
0.36300644278526306,1
0.2999388575553894,1
0.35204750299453735,1
0.3526894450187683,1
0.2826162576675415,1
0.3917413651943207,1
0.3438244163990021,1
0.2785123884677887,1
0.26315218210220337,1
0.46901243925094604,1
0.33358821272850037,1
0.32807549834251404,1
0.31336647272109985,1
0.380809485912323,1
0.2692725956439972,1
0.2991499900817871,1
0.39887291193008423,1
0.3612271547317505,1
0.3286047577857971,1
0.3182210922241211,1
0.2852487564086914,1
0.3956388533115387,1
0.3421696722507477,1
0.40613478422164917,1
0.34200209379196167,1
0.4130590856075287,1
0.35643285512924194,1
0.3564053773880005,1
0.2943967282772064,1
0.3383447825908661,1
0.3971406817436218,1
0.31704771518707275,1
0.3384712338447571,1
0.392143577337265,1
0.28254273533821106,1
0.3597312569618225,1
0.44255030155181885,1
0.3425588309764862,1
0.38348233699798584,1
0.41245025396347046,1
0.4007757008075714,1
0.3602416515350342,1
0.35516905784606934,1
0.3788178265094757,1
0.3179554343223572,1
0.3924802243709564,1
0.40390902757644653,1
0.40584179759025574,1
0.32187870144844055,1
0.29780113697052,1
0.3244822919368744,1
0.2868143320083618,1
0.4647063612937927,1
0.3808831572532654,1
0.3220478892326355,1
0.46399006247520447,1
0.3831246793270111,1
0.655689537525177,1
0.30128049850463867,1
0.34259703755378723,1
0.3584638833999634,1
0.3507826328277588,1
0.41315287351608276,1
0.33804458379745483,1
0.4114280343055725,1
0.42939966917037964,1
0.3568422496318817,1
0.26217910647392273,1
0.42674246430397034,1
0.39161816239356995,1
0.3776852786540985,1
0.49447137117385864,1
0.27040398120880127,1
0.42768049240112305,1
0.34452080726623535,1
0.33587008714675903,1
0.34680378437042236,1
0.3605489134788513,1
0.2934390604496002,1
0.3579912483692169,1
0.43733951449394226,1
0.41982898116111755,1
0.3531261086463928,1
0.38656169176101685,1
0.28790825605392456,1
0.2714504301548004,1
0.34226006269454956,1
0.4269944429397583,1
0.3312176764011383,1
0.34219294786453247,1
0.29676562547683716,1
0.2963198125362396,1
0.4916002154350281,1
0.4434974491596222,1
0.26188260316848755,1
0.2835160195827484,1
0.3534327745437622,1
0.44365569949150085,1
0.3188537359237671,1
0.2681114077568054,1
0.29073432087898254,1
0.3041400611400604,1
0.3191879093647003,1
0.39982226490974426,1
0.39453378319740295,1
0.5147824287414551,1
0.3476789891719818,1
0.3038691282272339,1
0.34020519256591797,1
0.3559298515319824,1
0.45554882287979126,1
0.21217313408851624,1
0.38852354884147644,1
0.25823312997817993,1
0.44947686791419983,1
0.3640681803226471,1
0.32947784662246704,1
0.40666669607162476,1
0.4550294280052185,1
0.28820937871932983,1
0.388095498085022,1
0.4734118580818176,1
0.38300561904907227,1
0.33505797386169434,1
0.27993378043174744,1
0.37614500522613525,1
0.35031020641326904,1
0.30105751752853394,1
0.4492332339286804,1
0.34145623445510864,1
0.31679999828338623,1
0.36343276500701904,1
0.3197622299194336,1
0.4154971241950989,1
0.2876008450984955,1
0.34049662947654724,1
0.3351270258426666,1
0.38883301615715027,1
0.29857999086380005,1
0.40089401602745056,1
0.3928525447845459,1
0.2832096219062805,1
0.35127004981040955,1
0.4629071056842804,1
0.4057580232620239,1
0.34949058294296265,1
0.33900606632232666,1
0.4103354215621948,1
0.32921940088272095,1
0.37648144364356995,1
0.3104630410671234,1
0.5312830805778503,1
0.4351399838924408,1
0.3720247149467468,1
0.3036706745624542,1
0.3831462264060974,1
0.3882397413253784,1
0.27883610129356384,1
0.34416913986206055,1
0.4242130517959595,1
0.21988266706466675,1
0.44423189759254456,1
0.31715622544288635,1
0.38456907868385315,1
0.2566509246826172,1
0.328242689371109,1
0.3367505371570587,1
0.35918939113616943,1
0.3832675516605377,1
0.32693251967430115,1
0.4323626458644867,1
0.4211249053478241,1
0.4057461619377136,1
0.4243992865085602,1
0.29329270124435425,1
0.26977524161338806,1
0.3273475766181946,1
0.4191364049911499,1
0.2989501357078552,1
0.32712382078170776,1
0.38380447030067444,1
0.3838925361633301,1
0.4772997796535492,1
0.37401121854782104,1
0.36931440234184265,1
0.24142368137836456,1
0.48284435272216797,1
0.3578007221221924,1
0.41190826892852783,1
0.45094335079193115,1
0.37023526430130005,1
0.33917927742004395,1
0.34817683696746826,1
0.2746718227863312,1
0.3660251498222351,1
0.274063378572464,1
0.26764267683029175,1
0.3040608763694763,1
0.388663649559021,1
0.30424824357032776,1
0.3257908225059509,1
0.29735225439071655,1
0.3499242663383484,1
0.26493772864341736,1
0.3292631506919861,1
0.3851567208766937,1
0.44515717029571533,1
0.39537230134010315,1
0.43624091148376465,1
0.3191109597682953,1
0.37737566232681274,1
0.4298597574234009,1
0.3030221164226532,1
0.3442646265029907,1
0.439096599817276,1
0.26077473163604736,1
0.3812435567378998,1
0.4062773585319519,1
0.3101380169391632,1
0.33722686767578125,1
0.3418812155723572,1
0.2996494174003601,1
0.3092849552631378,1
0.3690621554851532,1
0.3173234462738037,1
0.2963007092475891,1
0.2651285231113434,1
0.46575504541397095,1
0.4484972357749939,1
0.46562671661376953,1
0.3636017143726349,1
0.33691340684890747,1
0.40723586082458496,1
0.34688812494277954,1
0.3581914007663727,1
0.36539047956466675,1
0.3371821641921997,1
0.3640531897544861,1
0.34108197689056396,1
0.34318557381629944,1
0.3592609763145447,1
0.3807777166366577,1
0.4617689251899719,1
0.4574434757232666,1
0.3052745461463928,1
0.3711584508419037,1
0.31646767258644104,1
0.4257916808128357,1
0.4664745330810547,1
0.22038236260414124,1
0.34141844511032104,1
0.2882133722305298,1
0.39374643564224243,1
0.37328872084617615,1
0.4261748790740967,1
0.27732908725738525,1
0.537263810634613,1
0.4255642294883728,1
0.3454569876194,1
0.37318405508995056,1
0.37641751766204834,1
0.42241284251213074,1
0.48553451895713806,1
0.5222671031951904,1
0.4689909815788269,1
0.31925666332244873,1
0.340301513671875,1
0.2597385346889496,1
0.2686985433101654,1
0.30704182386398315,1
0.35196420550346375,1
0.3530001640319824,1
0.39596033096313477,1
0.3827357590198517,1
0.4182589054107666,1
0.3909899592399597,1
0.3312563896179199,1
0.42570969462394714,1
0.28875190019607544,1
0.31830257177352905,1
0.3675679564476013,1
0.34823542833328247,1
0.35682716965675354,1
0.4188486337661743,1
0.39369314908981323,1
0.29752129316329956,1
0.3486666977405548,1
0.29231515526771545,1
0.29809534549713135,1
0.4063258767127991,1
0.40433722734451294,1
0.43335026502609253,1
0.31098175048828125,1
0.3944277763366699,1
0.2506643235683441,1
0.33451318740844727,1
0.36928868293762207,1
0.29986849427223206,1
0.26049402356147766,1
0.1988653540611267,1
0.2979283034801483,1
0.3936750292778015,1
0.3467077612876892,1
0.3105858564376831,1
0.23927676677703857,1
0.33445441722869873,1
0.22924815118312836,1
0.39680156111717224,1
0.33923715353012085,1
0.4077824354171753,1
0.3366866707801819,1
0.2559090554714203,1
0.21746361255645752,1
0.37653622031211853,1
0.5097044110298157,1
0.38027799129486084,1
0.39695510268211365,1
0.3568788170814514,1
0.2829430401325226,1
0.3186909854412079,1
0.31675323843955994,1
0.37837669253349304,1
0.3901881277561188,1
0.3825569748878479,1
0.3547811210155487,1
0.33200615644454956,1
0.3189280927181244,1
0.29777517914772034,1
0.29395657777786255,1
0.26295799016952515,1
0.4048125445842743,1
0.4763873517513275,1
0.2815016508102417,1
0.3253868818283081,1
0.40204015374183655,1
0.29746636748313904,1
0.3226255178451538,1
0.36003077030181885,1
0.4026089310646057,1
0.277023047208786,1
0.2652842700481415,1
0.43293142318725586,1
0.3112463057041168,1
0.4333741366863251,1
0.37834376096725464,1
0.40045762062072754,1
0.4068100154399872,1
0.35437873005867004,1
0.35492318868637085,1
0.41373661160469055,1
0.3785229027271271,1
0.241141676902771,1
0.4471490979194641,1
0.3103514313697815,1
0.3807811737060547,1
0.3804377317428589,1
0.32303908467292786,1
0.38671642541885376,1
0.28641974925994873,1
0.2763691842556,1
0.3182859420776367,1
0.32354992628097534,1
0.3208457827568054,1
0.4657503068447113,1
0.43939828872680664,1
0.29456183314323425,1
0.3408184349536896,1
0.3589904308319092,1
0.32077932357788086,1
0.2950116693973541,1
0.2733519375324249,1
0.2807815372943878,1
0.34374570846557617,1
0.4144432544708252,1
0.28096216917037964,1
0.3580772876739502,1
0.3571015000343323,1
0.3107066750526428,1
0.39694666862487793,1
0.36261630058288574,1
0.3989502191543579,1
0.37606385350227356,1
0.3008245825767517,1
0.3266407251358032,1
0.42200174927711487,1
0.297529935836792,1
0.44178739190101624,1
0.36645078659057617,1
0.33826977014541626,1
0.3095289170742035,1
0.4369688034057617,1
0.22434093058109283,1
0.4027932286262512,1
0.48263469338417053,1
0.3479324281215668,1
0.4568592607975006,1
0.5170167684555054,1
0.23227432370185852,1
0.30662381649017334,1
0.36241135001182556,1
0.4398810863494873,1
0.34551355242729187,1
0.37090617418289185,1
0.4191058278083801,1
0.35321593284606934,1
0.3557221293449402,1
0.3204096555709839,1
0.36793065071105957,1
0.363397479057312,1
0.24774867296218872,1
0.23430302739143372,1
0.3014921247959137,1
0.4643833041191101,1
0.32153186202049255,1
0.3626633882522583,1
0.34476494789123535,1
0.4212131202220917,1
0.30762648582458496,1
0.34496361017227173,1
0.4354921579360962,1
0.405841201543808,1
0.29997092485427856,1
0.337596595287323,1
0.24853122234344482,1
0.3285800814628601,1
0.3086647689342499,1
0.314159631729126,1
0.35260263085365295,1
0.4404401481151581,1
0.34141209721565247,1
0.2859128415584564,1
0.47765031456947327,1
0.3910202085971832,1
0.3015657365322113,1
0.3117430806159973,1
0.4756619930267334,1
0.3464379608631134,1
0.34247249364852905,1
0.4590781033039093,1
0.42767342925071716,1
0.35789650678634644,1
0.3583892583847046,1
0.42003631591796875,1
0.38070428371429443,1
0.3128352165222168,1
0.375047892332077,1
0.2926059067249298,1
0.3550994396209717,1
0.35029277205467224,1
0.26325953006744385,1
0.42104628682136536,1
0.22599944472312927,1
0.3512060046195984,1
0.34935277700424194,1
0.3082500696182251,1
0.32186564803123474,1
0.28760242462158203,1
0.3705720901489258,1
0.33880186080932617,1
0.3759227991104126,1
0.39022496342658997,1
0.3526601195335388,1
0.3616955280303955,1
0.31493204832077026,1
0.33239251375198364,1
0.4720531105995178,1
0.3936684727668762,1
0.3816572427749634,1
0.33083632588386536,1
0.30603450536727905,1
0.4092329740524292,1
0.2339727282524109,1
0.2969644069671631,1
0.3122190535068512,1
0.5072604417800903,1
0.44132000207901,1
0.3294452428817749,1
0.2976270914077759,1
0.36791110038757324,1
0.46959900856018066,1
0.3774321675300598,1
0.2578984797000885,1
0.4749983549118042,1
0.43143507838249207,1
0.4252750277519226,1
0.26704758405685425,1
0.3553415536880493,1
0.3507721722126007,1
0.37730157375335693,1
0.42675459384918213,1
0.23240400850772858,1
0.366115927696228,1
0.38697928190231323,1
0.3363341987133026,1
0.38751813769340515,1
0.35383689403533936,1
0.3393245339393616,1
0.4170355796813965,1
0.3014841377735138,1
0.402199387550354,1
0.27756640315055847,1
0.4165515899658203,1
0.37897032499313354,1
0.4672304391860962,1
0.2682264447212219,1
0.40098142623901367,1
0.46247050166130066,1
0.41863036155700684,1
0.22791962325572968,1
0.2596180737018585,1
0.2754356861114502,1
0.42233800888061523,1
0.34026601910591125,1
0.37953981757164,1
0.38209211826324463,1
0.3161134719848633,1
0.35387492179870605,1
0.4110832214355469,1
0.3263092339038849,1
0.2958827018737793,1
0.3534274697303772,1
0.2226346880197525,1
0.3917013704776764,1
0.33279871940612793,1
0.34615975618362427,1
0.3790391981601715,1
0.40543755888938904,1
0.3487568497657776,1
0.39429157972335815,1
0.45837196707725525,1
0.35783329606056213,1
0.428557813167572,1
0.2642390727996826,1
0.3575478494167328,1
0.2630153298377991,1
0.3506218194961548,1
0.3871590793132782,1
0.3128262758255005,1
0.3659978210926056,1
0.3122400641441345,1
0.48280802369117737,1
0.3573920726776123,1
0.3185395300388336,1
0.2653835415840149,1
0.42969104647636414,1
0.30520305037498474,1
0.4908939599990845,1
0.36308029294013977,1
0.30341866612434387,1
0.3593238294124603,1
0.40325039625167847,1
0.31804192066192627,1
0.27847787737846375,1
0.3191662132740021,1
0.2936478853225708,1
0.39758431911468506,1
0.3418930768966675,1
0.36504048109054565,1
0.3336261212825775,1
0.3364090919494629,1
0.4022713303565979,1
0.37727969884872437,1
0.2961234748363495,1
0.4072573184967041,1
0.2610819637775421,1
0.41744670271873474,1
0.39369815587997437,1
0.41128090023994446,1
0.32249003648757935,1
0.4136524796485901,1
0.42211687564849854,1
0.3170992434024811,1
0.31465670466423035,1
0.2561805248260498,1
0.2602787911891937,1
0.4086553454399109,1
0.44796639680862427,1
0.31858500838279724,1
0.2866871654987335,1
0.27002158761024475,1
0.34239786863327026,1
0.4340396523475647,1
0.21705208718776703,1
0.3332957625389099,1
0.4174202084541321,1
0.3879072070121765,1
0.3492882549762726,1
0.25190404057502747,1
0.3527514934539795,1
0.3580115735530853,1
0.35231316089630127,1
0.3469848036766052,1
0.2972700595855713,1
0.2732319235801697,1
0.28957921266555786,1
0.24679484963417053,1
0.3138415217399597,1
0.3703497052192688,1
0.3951437473297119,1
0.2776092290878296,1
0.4438442587852478,1
0.26627928018569946,1
0.40436238050460815,1
0.36989033222198486,1
0.4278774857521057,1
0.33051368594169617,1
0.3275778889656067,1
0.42672115564346313,1
0.35436853766441345,1
0.45187532901763916,1
0.31051546335220337,1
0.27308017015457153,1
0.40504762530326843,1
0.3051180839538574,1
0.37460756301879883,1
0.41629788279533386,1
0.4615701138973236,1
0.3862442970275879,1
0.26969993114471436,1
0.40896284580230713,1
0.3196207284927368,1
0.5210232138633728,1
0.35362640023231506,1
0.2663460373878479,1
0.34361568093299866,1
0.38291484117507935,1
0.3571362793445587,1
0.28292524814605713,1
0.3577781319618225,1
0.4040738642215729,1
0.3052234351634979,1
0.3326434791088104,1
0.255437970161438,1
0.2429252713918686,1
0.285053014755249,1
0.39400455355644226,1
0.356294184923172,1
0.417325496673584,1
0.3058762550354004,1
0.24306263029575348,1
0.3855193257331848,1
0.368061363697052,1
0.34322917461395264,1
0.36346665024757385,1
0.41493284702301025,1
0.2761034369468689,1
0.2636517286300659,1
0.27449846267700195,1
0.28947287797927856,1
0.24340179562568665,1
0.2763991951942444,1
0.2708190381526947,1
0.36493223905563354,1
0.32245346903800964,1
0.41426366567611694,1
0.3722420334815979,1
0.304350346326828,1
0.2728312611579895,1
0.3847475051879883,1
0.29923656582832336,1
0.32964229583740234,1
0.2850436568260193,1
0.35200318694114685,1
0.39612722396850586,1
0.33482983708381653,1
0.3224329352378845,1
0.37888434529304504,1
0.41357362270355225,1
0.3601767420768738,1
0.34067776799201965,1
0.41060832142829895,1
0.16581791639328003,1
0.2482893466949463,1
0.43399083614349365,1
0.34445062279701233,1
0.4319360852241516,1
0.35575002431869507,1
0.3530271053314209,1
0.2551979124546051,1
0.43594157695770264,1
0.2685328423976898,1
0.37347686290740967,1
0.41377079486846924,1
0.4459812343120575,1
0.35471832752227783,1
0.385031521320343,1
0.3081111013889313,1
0.22985219955444336,1
0.35217034816741943,1
0.3485617935657501,1
0.30408886075019836,1
0.3057568669319153,1
0.40023496747016907,1
0.3481642007827759,1
0.314204603433609,1
0.42703568935394287,1
0.41944408416748047,1
0.40515533089637756,1
0.2252371907234192,1
0.3495010435581207,1
0.35542285442352295,1
0.34727632999420166,1
0.3973873257637024,1
0.2574886679649353,1
0.43935853242874146,1
0.2876547574996948,1
0.4262850880622864,1
0.406615674495697,1
0.3491332232952118,1
0.46379709243774414,1
0.368170827627182,1
0.337933212518692,1
0.37432706356048584,1
0.3653140664100647,1
0.27553802728652954,1
0.37601348757743835,1
0.41595155000686646,1
0.35501375794410706,1
0.411693811416626,1
0.25521254539489746,1
0.3957049548625946,1
0.34345537424087524,1
0.377422034740448,1
0.3880975842475891,1
0.35460034012794495,1
0.2972642183303833,1
0.24040919542312622,1
0.3537188768386841,1
0.33054399490356445,1
0.5364370942115784,1
0.47927993535995483,1
0.32331493496894836,1
0.4075469970703125,1
0.2802031636238098,1
0.3942250907421112,1
0.32838401198387146,1
0.29015374183654785,1
0.35123854875564575,1
0.3398604989051819,1
0.28384146094322205,1
0.31551873683929443,1
0.3966731131076813,1
0.28315332531929016,1
0.3555693030357361,1
0.3588140308856964,1
0.2720550000667572,1
0.2895534634590149,1
0.36155667901039124,1
0.427188903093338,1
0.300531268119812,1
0.32861122488975525,1
0.30753687024116516,1
0.3254266381263733,1
0.28084322810173035,1
0.3879757225513458,1
0.33156758546829224,1
0.30785703659057617,1
0.409786581993103,1
0.3820056915283203,1
0.3175939619541168,1
0.6117504239082336,1
0.34724533557891846,1
0.4275299310684204,1
0.31410807371139526,1
0.3039454221725464,1
0.3316887617111206,1
0.2935634255409241,1
0.32065120339393616,1
0.26629385352134705,1
0.28397321701049805,1
0.3677200376987457,1
0.46065753698349,1
0.3225339353084564,1
0.37515419721603394,1
0.4294193983078003,1
0.41109687089920044,1
0.41260117292404175,1
0.36000505089759827,1
0.29142099618911743,1
0.3374711871147156,1
0.33182933926582336,1
0.4769921898841858,1
0.28651368618011475,1
0.4125722050666809,1
0.4124595820903778,1
0.38537299633026123,1
0.28381961584091187,1
0.3864002823829651,1
0.40403109788894653,1
0.4112824499607086,1
0.3500952422618866,1
0.35527920722961426,1
0.2588053047657013,1
0.4140866696834564,1
0.3792613446712494,1
0.39234092831611633,1
0.34175407886505127,1
0.40725618600845337,1
0.397533118724823,1
0.48954305052757263,1
0.3353962302207947,1
0.33834245800971985,1
0.34437280893325806,1
0.33185675740242004,1
0.46824759244918823,1
0.38759639859199524,1
0.4344257712364197,1
0.3276726007461548,1
0.3575710356235504,1
0.4050845503807068,1
0.37642180919647217,1
0.40635600686073303,1
0.38620245456695557,1
0.4133419990539551,1
0.30717724561691284,1
0.3457065224647522,1
0.26699012517929077,1
0.3236303925514221,1
0.36695224046707153,1
0.4017418622970581,1
0.3487841486930847,1
0.37690889835357666,1
0.4614705443382263,1
0.30763882398605347,1
0.31399232149124146,1
0.38555705547332764,1
0.3260010778903961,1
0.2884766459465027,1
0.3518761694431305,1
0.3221498429775238,1
0.3329077363014221,1
0.35736969113349915,1
0.37842854857444763,1
0.29080986976623535,1
0.3538849353790283,1
0.3550463914871216,1
0.31819331645965576,1
0.3161501884460449,1
0.41149985790252686,1
0.5042885541915894,1
0.24668148159980774,1
0.4039463400840759,1
0.2921982407569885,1
0.34294599294662476,1
0.37209951877593994,1
0.37248748540878296,1
0.3535177409648895,1
0.32870885729789734,1
0.3590162694454193,1
0.33865711092948914,1
0.3043413758277893,1
0.2807157039642334,1
0.44577452540397644,1
0.3703625202178955,1
0.4071994721889496,1
0.36285462975502014,1
0.40493571758270264,1
0.2659338414669037,1
0.33669254183769226,1
0.370591938495636,1
0.30212050676345825,1
0.4266238808631897,1
0.34204769134521484,1
0.25652116537094116,1
0.30592191219329834,1
0.2740488648414612,1
0.2804546654224396,1
0.36176764965057373,1
0.31380578875541687,1
0.34912437200546265,1
0.3147597014904022,1
0.2673734426498413,1
0.5396094918251038,1
0.48348820209503174,1
0.4333711266517639,1
0.38044989109039307,1
0.4465278685092926,1
0.3448500633239746,1
0.2983190417289734,1
0.35697659850120544,1
0.2585013508796692,1
0.4117905795574188,1
0.40803712606430054,1
0.45341435074806213,1
0.4867490530014038,1
0.2717183232307434,1
0.3241626024246216,1
0.3808475732803345,1
0.3808746933937073,1
0.3137684464454651,1
0.37044548988342285,1
0.40330255031585693,1
0.3632960915565491,1
0.34072139859199524,1
0.34881219267845154,1
0.41115567088127136,1
0.36541128158569336,1
0.3090799152851105,1
0.32314205169677734,1
0.39351925253868103,1
0.3420379161834717,1
0.3139497637748718,1
0.42078059911727905,1
0.2608758211135864,1
0.3378421366214752,1
0.3873918652534485,1
0.39455491304397583,1
0.3148263692855835,1
0.3881499171257019,1
0.32351815700531006,1
0.38361024856567383,1
0.35774728655815125,1
0.35593080520629883,1
0.3638323247432709,1
0.34947073459625244,1
0.36113986372947693,1
0.5727989673614502,1
0.31821656227111816,1
0.3804783821105957,1
0.2859826385974884,1
0.32685303688049316,1
0.43739545345306396,1
0.4131818115711212,1
0.3271166682243347,1
0.3258611559867859,1
0.3418092727661133,1
0.4075489044189453,1
0.2805047333240509,1
0.4554283022880554,1
0.38348644971847534,1
0.3097769618034363,1
0.28271958231925964,1
0.4304865896701813,1
0.40740326046943665,1
0.2967126965522766,1
0.5150973796844482,1
0.3469248414039612,1
0.31131285429000854,1
0.31522029638290405,1
0.28083011507987976,1
0.3685362935066223,1
0.38412606716156006,1
0.3667113482952118,1
0.3128449618816376,1
0.45570382475852966,1
0.4308837056159973,1
0.3622139096260071,1
0.34648871421813965,1
0.359031081199646,1
0.3005697429180145,1
0.2988797724246979,1
0.3850191831588745,1
0.325944185256958,1
0.3210133910179138,1
0.42778122425079346,1
0.23752407729625702,1
0.3721737265586853,1
0.3371027410030365,1
0.37871846556663513,1
0.378526508808136,1
0.3865185081958771,1
0.3841775059700012,1
0.3478010892868042,1
0.28955328464508057,1
0.4892570376396179,1
0.3347811698913574,1
0.29639846086502075,1
0.2689765393733978,1
0.34800389409065247,1
0.3594682216644287,1
0.3652600049972534,1
0.2597590386867523,1
0.4106968939304352,1
0.331511527299881,1
0.34368231892585754,1
0.31952184438705444,1
0.4252910614013672,1
0.4314824342727661,1
0.41691315174102783,1
0.28573620319366455,1
0.3328787088394165,1
0.28504350781440735,1
0.33207303285598755,1
0.2940089702606201,1
0.32254892587661743,1
0.27960920333862305,1
0.37856757640838623,1
0.3692763149738312,1
0.21815092861652374,1
0.40453124046325684,1
0.41843563318252563,1
0.3715547025203705,1
0.4587444067001343,1
0.302288681268692,1
0.4185716509819031,1
0.28879886865615845,1
0.4221189022064209,1
0.3885507881641388,1
0.34209662675857544,1
0.3044990599155426,1
0.3012656569480896,1
0.3537834584712982,1
0.32443109154701233,1
0.32901298999786377,1
0.2694319486618042,1
0.4190606474876404,1
0.24143870174884796,1
0.3484778106212616,1
0.36678120493888855,1
0.2684016823768616,1
0.3339467942714691,1
0.46968549489974976,1
0.35568296909332275,1
0.3478957414627075,1
0.3977484107017517,1
0.40559494495391846,1
0.36457186937332153,1
0.3964676260948181,1
0.2637939751148224,1
0.34469664096832275,1
0.26134246587753296,1
0.28208231925964355,1
0.3279852569103241,1
0.41110530495643616,1
0.47752252221107483,1
0.26672428846359253,1
0.40058282017707825,1
0.26313555240631104,1
0.3976173400878906,1
0.5476868748664856,1
0.36227214336395264,1
0.36469295620918274,1
0.4151504635810852,1
0.4108547270298004,1
0.27499860525131226,1
0.43866878747940063,1
0.29390114545822144,1
0.22924020886421204,1
0.5128565430641174,1
0.43921563029289246,1
0.3443682789802551,1
0.5496612787246704,1
0.3675128221511841,1
0.41354450583457947,1
0.37625229358673096,1
0.32604846358299255,1
0.4015999138355255,1
0.39339959621429443,1
0.4037690758705139,1
0.33858808875083923,1
0.3215409815311432,1
0.27208465337753296,1
0.3960266709327698,1
0.4766412377357483,1
0.28664082288742065,1
0.3634927570819855,1
0.3524428606033325,1
0.3648533821105957,1
0.32560989260673523,1
0.332571804523468,1
0.34147271513938904,1
0.3520579934120178,1
0.2576780617237091,1
0.32698702812194824,1
0.3917582631111145,1
0.419985830783844,1
0.4967932105064392,1
0.5340304374694824,1
0.22080707550048828,1
0.33114343881607056,1
0.3239062428474426,1
0.36281687021255493,1
0.39822453260421753,1
0.33717259764671326,1
0.32264313101768494,1
0.21422675251960754,1
0.3595949411392212,1
0.3748590052127838,1
0.24619075655937195,1
0.33063405752182007,1
0.36484387516975403,1
0.3766704201698303,1
0.2706473469734192,1
0.3243238031864166,1
0.400632381439209,1
0.3760097920894623,1
0.40223991870880127,1
0.2856728136539459,1
0.3383828401565552,1
0.41762229800224304,1
0.3309825360774994,1
0.323922336101532,1
0.37693530321121216,1
0.32896196842193604,1
0.33771181106567383,1
0.4683247208595276,1
0.38750749826431274,1
0.3784765601158142,1
0.333052396774292,1
0.3550240695476532,1
0.36028140783309937,1
0.2944188416004181,1
0.35938936471939087,1
0.32604873180389404,1
0.3306869566440582,1
0.3088093400001526,1
0.39860033988952637,1
0.33756983280181885,1
0.41629084944725037,1
0.3837231397628784,1
0.31244397163391113,1
0.38557857275009155,1
0.2847750782966614,1
0.37071970105171204,1
0.3559827506542206,1
0.31764400005340576,1
0.3201931416988373,1
0.43719804286956787,1
0.40222734212875366,1
0.4199063777923584,1
0.43758636713027954,1
0.2796344757080078,1
0.37029707431793213,1
0.4214429259300232,1
0.31290125846862793,1
0.4097580313682556,1
0.3485875129699707,1
0.29575175046920776,1
0.4056379497051239,1
0.3743240237236023,1
0.31377655267715454,1
0.4128011167049408,1
0.23924317955970764,1
0.33030563592910767,1
0.40898269414901733,1
0.4046724736690521,1
0.45309847593307495,1
0.3917847275733948,1
0.29730546474456787,1
0.3249024450778961,1
0.3137381672859192,1
0.4414381682872772,1
0.34926798939704895,1
0.39363181591033936,1
0.40048909187316895,1
0.39400699734687805,1
0.30103111267089844,1
0.33712440729141235,1
0.4308837652206421,1
0.2731213867664337,1
0.4342324733734131,1
0.412958025932312,1
0.3313767910003662,1
0.32334694266319275,1
0.36194801330566406,1
0.34925007820129395,1
0.284976601600647,1
0.3919876515865326,1
0.36308103799819946,1
0.37467503547668457,1
0.2944842576980591,1
0.4299182593822479,1
0.2502985894680023,1
0.35366272926330566,1
0.3417060077190399,1
0.3486896753311157,1
0.34140321612358093,1
0.44299793243408203,1
0.4426742196083069,1
0.36914655566215515,1
0.2998098134994507,1
0.5056480765342712,1
0.33450156450271606,1
0.3409779369831085,1
0.3564613461494446,1
0.2446613311767578,1
0.2950485348701477,1
0.30053967237472534,1
0.30615440011024475,1
0.40115776658058167,1
0.34806525707244873,1
0.3441033363342285,1
0.33397480845451355,1
0.413230299949646,1
0.3230462372303009,1
0.3720400333404541,1
0.28753605484962463,1
0.3275146484375,1
0.36860978603363037,1
0.3413883447647095,1
0.3598671853542328,1
0.3323493003845215,1
0.40161651372909546,1
0.32996809482574463,1
0.3472534716129303,1
0.4744774401187897,1
0.3648974895477295,1
0.28351476788520813,1
0.29238206148147583,1
0.2592430114746094,1
0.3303857743740082,1
0.3449532389640808,1
0.3752346336841583,1
0.30035221576690674,1
0.3233339190483093,1
0.35855525732040405,1
0.3357354700565338,1
0.49093708395957947,1
0.3759777843952179,1
0.31850090622901917,1
0.3747301697731018,1
0.3202279806137085,1
0.2592430114746094,1
0.3785445988178253,1
0.45733019709587097,1
0.3095259666442871,1
0.41994762420654297,1
0.2788195312023163,1
0.29687273502349854,1
0.362026572227478,1
0.3638138175010681,1
0.41287553310394287,1
0.36409494280815125,1
0.33301201462745667,1
0.366612046957016,1
0.272405743598938,1
0.2580682039260864,1
0.34475135803222656,1
0.3788731098175049,1
0.34171950817108154,1
0.35406696796417236,1
0.3472215533256531,1
0.34986087679862976,1
0.3755358159542084,1
0.23571082949638367,1
0.3603140115737915,1
0.357646644115448,1
0.4468182921409607,1
0.39080628752708435,1
0.385955274105072,1
0.3418324887752533,1
0.4464969336986542,1
0.4156736135482788,1
0.31573519110679626,1
0.3325185477733612,1
0.3703719973564148,1
0.31500697135925293,1
0.42210274934768677,1
0.2761068642139435,1
0.28549689054489136,1
0.3709595799446106,1
0.3096095621585846,1
0.36572515964508057,1
0.2849595546722412,1
0.32687902450561523,1
0.38098791241645813,1
0.3288626968860626,1
0.32629692554473877,1
0.2727152705192566,1
0.3951074481010437,1
0.31935229897499084,1
0.3521496653556824,1
0.3837350904941559,1
0.27599024772644043,1
0.2881283164024353,1
0.32492977380752563,1
0.336624413728714,1
0.31150031089782715,1
0.47810980677604675,1
0.3519741892814636,1
0.42327016592025757,1
0.39236903190612793,1
0.34314295649528503,1
0.43395981192588806,1
0.30020907521247864,1
0.3232177495956421,1
0.35270804166793823,1
0.283529669046402,1
0.3065296709537506,1
0.3548421263694763,1
0.2955513596534729,1
0.3300475478172302,1
0.24244345724582672,1
0.2918044328689575,1
0.3323269784450531,1
0.32709720730781555,1
0.389556884765625,1
0.4324359595775604,1
0.4061695337295532,1
0.306013286113739,1
0.30067411065101624,1
0.21602201461791992,1
0.39666348695755005,1
0.46397459506988525,1
0.23942196369171143,1
0.41614070534706116,1
0.27977731823921204,1
0.36056798696517944,1
0.4037691354751587,1
0.3867826461791992,1
0.37162357568740845,1
0.382756769657135,1
0.3120911121368408,1
0.30826693773269653,1
0.30226439237594604,1
0.31873250007629395,1
0.4383695721626282,1
0.39157217741012573,1
0.36354222893714905,1
0.3676668107509613,1
0.3707070052623749,1
0.2931402325630188,1
0.3438572287559509,1
0.42160114645957947,1
0.33504217863082886,1
0.39243775606155396,1
0.3097904324531555,1
0.23400989174842834,1
0.3317950963973999,1
0.3595626652240753,1
0.5116806030273438,1
0.32669058442115784,1
0.3260626196861267,1
0.3991730809211731,1
0.39649245142936707,1
0.26669561862945557,1
0.4577300548553467,1
0.31463623046875,1
0.2741281986236572,1
0.36908209323883057,1
0.34994515776634216,1
0.3315925598144531,1
0.38025525212287903,1
0.3666102886199951,1
0.36772656440734863,1
0.4191199541091919,1
0.32606756687164307,1
0.36936742067337036,1
0.40511831641197205,1
0.2880956530570984,1
0.43387407064437866,1
0.4606931209564209,1
0.34559378027915955,1
0.3484649360179901,1
0.41308099031448364,1
0.22319398820400238,1
0.3118358254432678,1
0.37044578790664673,1
0.273378849029541,1
0.3489114046096802,1
0.2608832120895386,1
0.3390136957168579,1
0.36997532844543457,1
0.3472055196762085,1
0.3510579466819763,1
0.3471439480781555,1
0.3038294017314911,1
0.3010900020599365,1
0.39341145753860474,1
0.29630106687545776,1
0.35184675455093384,1
0.3394591212272644,1
0.3943350613117218,1
0.42440974712371826,1
0.37963998317718506,1
0.23583000898361206,1
0.4703127443790436,1
0.33633315563201904,1
0.3896752595901489,1
0.40100422501564026,1
0.31353285908699036,1
0.4220089316368103,1
0.2901962995529175,1
0.29638242721557617,1
0.3735641837120056,1
0.26769524812698364,1
0.3591754734516144,1
0.34030500054359436,1
0.3736093044281006,1
0.4817882776260376,1
0.2797909080982208,1
0.3117464780807495,1
0.3095066547393799,1
0.3441244959831238,1
0.3697178363800049,1
0.36542630195617676,1
0.3005579710006714,1
0.3234798014163971,1
0.2762639820575714,1
0.3315468430519104,1
0.41398143768310547,1
0.24392752349376678,1
0.35058459639549255,1
0.31314629316329956,1
0.34052833914756775,1
0.4068828225135803,1
0.3798113763332367,1
0.25157856941223145,1
0.3612055778503418,1
0.317952036857605,1
0.31654974818229675,1
0.3591969907283783,1
0.28642645478248596,1
0.43934834003448486,1
0.4567927420139313,1
0.419843852519989,1
0.4322507977485657,1
0.423736035823822,1
0.3316926956176758,1
0.36188921332359314,1
0.37066981196403503,1
0.34858885407447815,1
0.3492201268672943,1
0.3646186292171478,1
0.2751067876815796,1
0.352456659078598,1
0.39755019545555115,1
0.29090553522109985,1
0.254751056432724,1
0.3612990081310272,1
0.32959607243537903,1
0.29331082105636597,1
0.25379279255867004,1
0.36373984813690186,1
0.3454853594303131,1
0.33860111236572266,1
0.29536619782447815,1
0.38588806986808777,1
0.39271408319473267,1
0.38935330510139465,1
0.5098158121109009,1
0.35270804166793823,1
0.3067653179168701,1
0.31013065576553345,1
0.23537471890449524,1
0.2743150591850281,1
0.46595996618270874,1
0.3461078107357025,1
0.3182078003883362,1
0.3358612060546875,1
0.42858797311782837,1
0.3230976462364197,1
0.37716326117515564,1
0.3142988681793213,1
0.4258815348148346,1
0.3840508759021759,1
0.30030953884124756,1
0.4626999497413635,1
0.3268871307373047,1
0.395321249961853,1
0.48048052191734314,1
0.29159945249557495,1
0.2983124852180481,1
0.3005184531211853,1
0.25909268856048584,1
0.5401265621185303,1
0.38040536642074585,1
0.4097452461719513,1
0.37352752685546875,1
0.339816153049469,1
0.38051652908325195,1
0.3565278649330139,1
0.46530476212501526,1
0.35026246309280396,1
0.3899047374725342,1
0.3165779113769531,1
0.30516737699508667,1
0.4987242519855499,1
0.4441748261451721,1
0.4148600697517395,1
0.4431704580783844,1
0.29249128699302673,1
0.3643023371696472,1
0.37078675627708435,1
0.421009361743927,1
0.3672031760215759,1
0.4299949109554291,1
0.23504638671875,1
0.38344472646713257,1
0.4021870493888855,1
0.45204782485961914,1
0.31602609157562256,1
0.34572985768318176,1
0.3956720232963562,1
0.2116185426712036,1
0.2718946635723114,1
0.36482492089271545,1
0.28110170364379883,1
0.2835158705711365,1
0.30331188440322876,1
0.3676253855228424,1
0.43772411346435547,1
0.37558573484420776,1
0.3885616362094879,1
0.3896505832672119,1
0.2845781445503235,1
0.2571021318435669,1
0.2875852584838867,1
0.3427865505218506,1
0.2665475904941559,1
0.337213397026062,1
0.28275468945503235,1
0.3039657175540924,1
0.5752639770507813,1
0.3339581787586212,1
0.3834068179130554,1
0.4640663266181946,1
0.40537822246551514,1
0.27728956937789917,1
0.34707212448120117,1
0.3397444486618042,1
0.3451935946941376,1
0.31438758969306946,1
0.3271363079547882,1
0.35603779554367065,1
0.26079219579696655,1
0.25199079513549805,1
0.30843469500541687,1
0.2612140476703644,1
0.27036041021347046,1
0.3347910940647125,1
0.35432156920433044,1
0.26613858342170715,1
0.34186241030693054,1
0.3769136667251587,1
0.3695428669452667,1
0.27628961205482483,1
0.28566738963127136,1
0.35571038722991943,1
0.43388599157333374,1
0.35140901803970337,1
0.4412480890750885,1
0.34448620676994324,1
0.30161842703819275,1
0.27361080050468445,1
0.2932373583316803,1
0.29085853695869446,1
0.3268372416496277,1
0.5105404853820801,1
0.37565919756889343,1
0.43480825424194336,1
0.3630281090736389,1
0.4332278370857239,1
0.3299546241760254,1
0.33087050914764404,1
0.3843366801738739,1
0.31622445583343506,1
0.3022048771381378,1
0.3105941712856293,1
0.3913196623325348,1
0.315530925989151,1
0.4491119086742401,1
0.3689139783382416,1
0.4243693947792053,1
0.41737374663352966,1
0.4938468039035797,1
0.27598923444747925,1
0.2752929925918579,1
0.3216106593608856,1
0.24931183457374573,1
0.25668591260910034,1
0.2779521644115448,1
0.4017450213432312,1
0.3997596204280853,1
0.32403039932250977,1
0.48834502696990967,1
0.32474058866500854,1
0.4519556164741516,1
0.5207929015159607,1
0.33083289861679077,1
0.26631247997283936,1
0.5093783140182495,1
0.28185713291168213,1
0.3622305393218994,1
0.338037371635437,1
0.33864301443099976,1
0.3517458438873291,1
0.3124508261680603,1
0.37848344445228577,1
0.38452762365341187,1
0.40959811210632324,1
0.2691860795021057,1
0.2667079269886017,1
0.24770431220531464,1
0.42224109172821045,1
0.3620844781398773,1
0.3339402675628662,1
0.5123953819274902,1
0.2964692711830139,1
0.4401744604110718,1
0.40193575620651245,1
0.3126722574234009,1
0.31847599148750305,1
0.3448162376880646,1
0.36266836524009705,1
0.4188075661659241,1
0.3396373987197876,1
0.46009182929992676,1
0.28998613357543945,1
0.26863184571266174,1
0.28031450510025024,1
0.347339391708374,1
0.3840833902359009,1
0.3444691002368927,1
0.3728008568286896,1
0.3793981075286865,1
0.3000348210334778,1
0.48004257678985596,1
0.24792662262916565,1
0.4551498591899872,1
0.3562544584274292,1
0.3384084701538086,1
0.24767960608005524,1
0.3684629797935486,1
0.3413507342338562,1
0.33317285776138306,1
0.37265777587890625,1
0.3298749327659607,1
0.35361215472221375,1
0.3367536962032318,1
0.38002732396125793,1
0.32548052072525024,1
0.369671493768692,1
0.30164018273353577,1
0.3195174038410187,1
0.3299371004104614,1
0.3649390637874603,1
0.24868673086166382,1
0.4041091501712799,1
0.2887786030769348,1
0.35375142097473145,1
0.2973625063896179,1
0.33193254470825195,1
0.3050405979156494,1
0.4181324243545532,1
0.34980636835098267,1
0.3398456573486328,1
0.3120851218700409,1
0.2287922501564026,1
0.3558823764324188,1
0.36841222643852234,1
0.4070131480693817,1
0.31868240237236023,1
0.26484033465385437,1
0.24010011553764343,1
0.3599705696105957,1
0.34170639514923096,1
0.31873437762260437,1
0.3598038852214813,1
0.2954126000404358,1
0.4219789505004883,1
0.3239729404449463,1
0.29466477036476135,1
0.3500514030456543,1
0.3088091015815735,1
0.25041523575782776,1
0.4030361771583557,1
0.3454716205596924,1
0.3682088255882263,1
0.3085651695728302,1
0.40503841638565063,1
0.34070873260498047,1
0.47580814361572266,1
0.3979014456272125,1
0.3668811619281769,1
0.38027122616767883,1
0.3791719079017639,1
0.30115875601768494,1
0.33698081970214844,1
0.3633449673652649,1
0.31026750802993774,1
0.25328320264816284,1
0.3639746308326721,1
0.36944442987442017,1
0.3777577877044678,1
0.33095598220825195,1
0.4364994466304779,1
0.32770484685897827,1
0.3828999400138855,1
0.4335753321647644,1
0.2964843511581421,1
0.4166238009929657,1
0.29199379682540894,1
0.2781384289264679,1
0.3566819429397583,1
0.431541383266449,1
0.281995952129364,1
0.2891646921634674,1
0.4311123490333557,1
0.31770381331443787,1
0.4359038174152374,1
0.33225128054618835,1
0.35509899258613586,1
0.2832244038581848,1
0.3436525762081146,1
0.34252697229385376,1
0.34396082162857056,1
0.2938036024570465,1
0.25392231345176697,1
0.3773445188999176,1
0.44786959886550903,1
0.407714307308197,1
0.35808366537094116,1
0.3665310740470886,1
0.3271561861038208,1
0.3675629198551178,1
0.4766994118690491,1
0.4114161729812622,1
0.4565884470939636,1
0.29846012592315674,1
0.360818475484848,1
0.3397003412246704,1
0.27392175793647766,1
0.3058658242225647,1
0.3404393196105957,1
0.2975684106349945,1
0.38809025287628174,1
0.3695570230484009,1
0.3462511897087097,1
0.294942706823349,1
0.2758420705795288,1
0.34583500027656555,1
0.435177206993103,1
0.3470066785812378,1
0.3685501217842102,1
0.30641889572143555,1
0.28741151094436646,1
0.37428539991378784,1
0.3535643517971039,1
0.48386266827583313,1
0.2940346598625183,1
0.3498401343822479,1
0.3341561555862427,1
0.24400943517684937,1
0.4114561080932617,1
0.2740650177001953,1
0.3554342985153198,1
0.38477689027786255,1
0.3819272518157959,1
0.4342381954193115,1
0.44873106479644775,1
0.40684935450553894,1
0.29923975467681885,1
0.3838016390800476,1
0.2702992260456085,1
0.34928569197654724,1
0.30745622515678406,1
0.2703436017036438,1
0.32423949241638184,1
0.2361699640750885,1
0.2828226685523987,1
0.30628642439842224,1
0.4291653633117676,1
0.3263798952102661,1
0.2997173070907593,1
0.40120792388916016,1
0.3082350790500641,1
0.24662438035011292,1
0.35248908400535583,1
0.4073779284954071,1
0.2489558905363083,1
0.3375949263572693,1
0.29157036542892456,1
0.2962173819541931,1
0.45619672536849976,1
0.3806430995464325,1
0.3074676990509033,1
0.3085691034793854,1
0.41406893730163574,1
0.4108167886734009,1
0.2680124342441559,1
0.40396541357040405,1
0.29269278049468994,1
0.3936256170272827,1
0.3230230212211609,1
0.4002244472503662,1
0.2907751500606537,1
0.2937752902507782,1
0.4009672999382019,1
0.3423241078853607,1
0.4753558933734894,1
0.3981795907020569,1
0.501629650592804,1
0.38168054819107056,1
0.41061845421791077,1
0.2658047080039978,1
0.42720186710357666,1
0.4160812795162201,1
0.42340320348739624,1
0.25486159324645996,1
0.38752833008766174,1
0.4699079990386963,1
0.42296600341796875,1
0.3367835283279419,1
0.3832079768180847,1
0.343875527381897,1
0.36239585280418396,1
0.36962267756462097,1
0.3948643207550049,1
0.3795985281467438,1
0.4255678653717041,1
0.2978369891643524,1
0.2566280961036682,1
0.4505678415298462,1
0.3609713017940521,1
0.37458235025405884,1
0.3856671452522278,1
0.38833940029144287,1
0.3969278931617737,1
0.3887365758419037,1
0.39901673793792725,1
0.47171640396118164,1
0.3048027753829956,1
0.3510156571865082,1
0.3027462065219879,1
0.28970685601234436,1
0.4129161834716797,1
0.43963438272476196,1
0.3266286253929138,1
0.35307571291923523,1
0.40321195125579834,1
0.43663108348846436,1
0.26148927211761475,1
0.29765450954437256,1
0.3668699860572815,1
0.3821680545806885,1
0.3196348547935486,1
0.3560868501663208,1
0.29590538144111633,1
0.32518666982650757,1
0.39325299859046936,1
0.3561527729034424,1
0.29226255416870117,1
0.3754345774650574,1
0.3108079731464386,1
0.3424338102340698,1
0.29091280698776245,1
0.39069032669067383,1
0.36859986186027527,1
0.35236507654190063,1
0.37074336409568787,1
0.37781137228012085,1
0.23377647995948792,1
0.3100440204143524,1
0.39373916387557983,1
0.36980295181274414,1
0.3351529836654663,1
0.34153714776039124,1
0.28636616468429565,1
0.3786298632621765,1
0.2868330180644989,1
0.37311670184135437,1
0.3249739706516266,1
0.3428305983543396,1
0.29734233021736145,1
0.35178253054618835,1
0.3247499167919159,1
0.2959204912185669,1
0.33665746450424194,1
0.2750706076622009,1
0.2590882182121277,1
0.3820391297340393,1
0.3186722993850708,1
0.35696715116500854,1
0.31387001276016235,1
0.3344258666038513,1
0.26514896750450134,1
0.4036857783794403,1
0.31776148080825806,1
0.26936212182044983,1
0.48466795682907104,1
0.3757428824901581,1
0.3249768912792206,1
0.34245556592941284,1
0.3177536427974701,1
0.35096946358680725,1
0.3675330877304077,1
0.3989955484867096,1
0.3913159966468811,1
0.2587202191352844,1
0.39912980794906616,1
0.3458085060119629,1
0.32247596979141235,1
0.35929542779922485,1
0.3330877125263214,1
0.3589165210723877,1
0.41636985540390015,1
0.3547207713127136,1
0.2519245743751526,1
0.3864864706993103,1
0.2737480700016022,1
0.34231647849082947,1
0.3507237434387207,1
0.4887896478176117,1
0.4006595015525818,1
0.3481521010398865,1
0.36819493770599365,1
0.44160178303718567,1
0.3706839680671692,1
0.4180945158004761,1
0.3079783022403717,1
0.42329201102256775,1
0.3313750624656677,1
0.3834719657897949,1
0.44607725739479065,1
0.2884855568408966,1
0.3495321273803711,1
0.3536887466907501,1
0.3358210325241089,1
0.48045670986175537,1
0.40930861234664917,1
0.27111393213272095,1
0.3467416763305664,1
0.36175766587257385,1
0.4221757650375366,1
0.39018237590789795,1
0.4108642637729645,1
0.41677337884902954,1
0.2836105525493622,1
0.34578531980514526,1
0.3287878930568695,1
0.4135444760322571,1
0.38121330738067627,1
0.3982647657394409,1
0.33602672815322876,1
0.3864387571811676,1
0.22923782467842102,1
0.34328100085258484,1
0.23133733868598938,1
0.38097861409187317,1
0.346945583820343,1
0.46242624521255493,1
0.38245242834091187,1
0.3845011591911316,1
0.25018489360809326,1
0.4327083230018616,1
0.40740734338760376,1
0.28232353925704956,1
0.5897967219352722,1
0.39962801337242126,1
0.3843136131763458,1
0.3155723512172699,1
0.28795790672302246,1
0.29405832290649414,1
0.37900426983833313,1
0.3319607079029083,1
0.46124228835105896,1
0.3520216941833496,1
0.29457607865333557,1
0.41082918643951416,1
0.40314725041389465,1
0.36495256423950195,1
0.27656373381614685,1
0.46311700344085693,1
0.3430846035480499,1
0.3257516026496887,1
0.3675573766231537,1
0.4382818937301636,1
0.3424588143825531,1
0.4301367402076721,1
0.3696478307247162,1
0.4101134240627289,1
0.336759477853775,1
0.3148791491985321,1
0.34960106015205383,1
0.30450019240379333,1
0.386269211769104,1
0.2401464581489563,1
0.34245094656944275,1
0.5066591501235962,1
0.4342406690120697,1
0.3686761260032654,1
0.3740767240524292,1
0.32943153381347656,1
0.24902553856372833,1
0.48520904779434204,1
0.43418070673942566,1
0.4013105034828186,1
0.3073602318763733,1
0.3353947401046753,1
0.3640519976615906,1
0.3628051280975342,1
0.4852212071418762,1
0.2573140859603882,1
0.37366783618927,1
0.33872151374816895,1
0.2942373752593994,1
0.2232826203107834,1
0.3334161043167114,1
0.42690396308898926,1
0.4061337113380432,1
0.4249477982521057,1
0.4067075848579407,1
0.36905041337013245,1
0.33197247982025146,1
0.34985142946243286,1
0.2806747853755951,1
0.38591861724853516,1
0.35260483622550964,1
0.3987050950527191,1
0.375244677066803,1
0.3939993977546692,1
0.40037810802459717,1
0.31294533610343933,1
0.33768177032470703,1
0.3017059564590454,1
0.3395034074783325,1
0.38580456376075745,1
0.3284536600112915,1
0.33122676610946655,1
0.27111923694610596,1
0.28683051466941833,1
0.3663964867591858,1
0.37856435775756836,1
0.2904612720012665,1
0.35088521242141724,1
0.32876893877983093,1
0.47075533866882324,1
0.2903318405151367,1
0.4384305477142334,1
0.32649102807044983,1
0.2677712142467499,1
0.41804689168930054,1
0.25490257143974304,1
0.3163143992424011,1
0.3783297836780548,1
0.3693348169326782,1
0.27945131063461304,1
0.4249194264411926,1
0.3273904621601105,1
0.3275235891342163,1
0.29217529296875,1
0.2750987112522125,1
0.3080986738204956,1
0.3699640929698944,1
0.397802472114563,1
0.4854796826839447,1
0.48435622453689575,1
0.3705940842628479,1
0.4414595365524292,1
0.4050217866897583,1
0.4137811064720154,1
0.30258119106292725,1
0.34140288829803467,1
0.3880813717842102,1
0.3683765232563019,1
0.3290538191795349,1
0.4086959958076477,1
0.3740353286266327,1
0.32902586460113525,1
0.3694450855255127,1
0.3439403772354126,1
0.31969237327575684,1
0.3026443123817444,1
0.3370043635368347,1
0.4150695204734802,1
0.355130672454834,1
0.2933484613895416,1
0.38230380415916443,1
0.3342166543006897,1
0.4054861068725586,1
0.35848313570022583,1
0.31407079100608826,1
0.3731173276901245,1
0.3992014527320862,1
0.26420724391937256,1
0.37518006563186646,1
0.43239834904670715,1
0.3480929136276245,1
0.378693550825119,1
0.28623053431510925,1
0.3978345990180969,1
0.3428150713443756,1
0.35313981771469116,1
0.31168487668037415,1
0.4102766513824463,1
0.3465026617050171,1
0.4003993272781372,1
0.34293562173843384,1
0.3386117219924927,1
0.34124213457107544,1
0.38123345375061035,1
0.3822999596595764,1
0.4243621826171875,1
0.32994940876960754,1
0.3665112853050232,1
0.3371976315975189,1
0.2998802065849304,1
0.40281593799591064,1
0.2672675848007202,1
0.3536834418773651,1
0.30557864904403687,1
0.41657623648643494,1
0.37695983052253723,1
0.4121946692466736,1
0.29687368869781494,1
0.23932266235351563,1
0.2306196093559265,1
0.4659927189350128,1
0.37535202503204346,1
0.41475170850753784,1
0.37452566623687744,1
0.38183414936065674,1
0.2996510863304138,1
0.23321375250816345,1
0.44894975423812866,1
0.4223007261753082,1
0.357269287109375,1
0.37018558382987976,1
0.42680585384368896,1
0.3311774730682373,1
0.394369900226593,1
0.3810875117778778,1
0.3643517792224884,1
0.3904781937599182,1
0.3327375054359436,1
0.2861363887786865,1
0.2715030014514923,1
0.4687472879886627,1
0.44547510147094727,1
0.4461515247821808,1
0.336276113986969,1
0.2788914144039154,1
0.2902582585811615,1
0.5352884531021118,1
0.3400784730911255,1
0.32320863008499146,1
0.40385931730270386,1
0.40763092041015625,1
0.346473753452301,1
0.3163825273513794,1
0.3622458279132843,1
0.3085560202598572,1
0.25099992752075195,1
0.3380146622657776,1
0.3936830759048462,1
0.37229496240615845,1
0.34987741708755493,1
0.33855992555618286,1
0.3496602773666382,1
0.4336589276790619,1
0.3355608582496643,1
0.2755698263645172,1
0.4411618709564209,1
0.34734150767326355,1
0.2891896963119507,1
0.34184032678604126,1
0.3167703151702881,1
0.27598848938941956,1
0.312813937664032,1
0.2881111204624176,1
0.29246318340301514,1
0.2675894498825073,1
0.40281230211257935,1
0.3391684293746948,1
0.2751213014125824,1
0.29246002435684204,1
0.35069718956947327,1
0.3482723832130432,1
0.30823415517807007,1
0.2975628077983856,1
0.40359795093536377,1
0.3777325749397278,1
0.32130545377731323,1
0.37732207775115967,1
0.3970988988876343,1
0.23382049798965454,1
0.36262595653533936,1
0.3558686375617981,1
0.2961082458496094,1
0.24036461114883423,1
0.3615608811378479,1
0.29695066809654236,1
0.39213621616363525,1
0.2883046269416809,1
0.2950214445590973,1
0.38217636942863464,1
0.2859669327735901,1
0.378107488155365,1
0.3474530279636383,1
0.34833937883377075,1
0.35798725485801697,1
0.39189258217811584,1
0.39357781410217285,1
0.45095470547676086,1
0.469826877117157,1
0.3066096305847168,1
0.358938604593277,1
0.34140318632125854,1
0.35346126556396484,1
0.4495224356651306,1
0.3770665228366852,1
0.31118595600128174,1
0.38499560952186584,1
0.2561783790588379,1
0.4893636703491211,1
0.4223947823047638,1
0.3472791314125061,1
0.3467899560928345,1
0.32276082038879395,1
0.30939364433288574,1
0.4151340425014496,1
0.39546728134155273,1
0.28280916810035706,1
0.2614070177078247,1
0.39548957347869873,1
0.2645494341850281,1
0.29647019505500793,1
0.41859281063079834,1
0.4031735956668854,1
0.25774574279785156,1
0.4055967330932617,1
0.3382994532585144,1
0.35762274265289307,1
0.30330488085746765,1
0.43743428587913513,1
0.3777037560939789,1
0.2741561233997345,1
0.32698604464530945,1
0.44031983613967896,1
0.4528777599334717,1
0.3453071117401123,1
0.4812721014022827,1
0.40579819679260254,1
0.43640053272247314,1
0.2915927469730377,1
0.2933236062526703,1
0.36765116453170776,1
0.3413936197757721,1
0.35443487763404846,1
0.34991195797920227,1
0.4287570118904114,1
0.3777996003627777,1
0.381104052066803,1
0.26559895277023315,1
0.3960602879524231,1
0.35451292991638184,1
0.3478294610977173,1
0.2729600965976715,1
0.32590028643608093,1
0.35971367359161377,1
0.3683096766471863,1
0.40013933181762695,1
0.3166882395744324,1
0.44093066453933716,1
0.3096403479576111,1
0.33851879835128784,1
0.39547422528266907,1
0.2510327696800232,1
0.35169586539268494,1
0.38399961590766907,1
0.33827483654022217,1
0.3132820725440979,1
0.3631870746612549,1
0.5009563565254211,1
0.37556540966033936,1
0.2842634916305542,1
0.2749767005443573,1
0.4003758728504181,1
0.27958816289901733,1
0.2985188663005829,1
0.282025545835495,1
0.2438848316669464,1
0.28221145272254944,1
0.35338371992111206,1
0.3890984058380127,1
0.432339608669281,1
0.3267271816730499,1
0.35691651701927185,1
0.4357263147830963,1
0.30650147795677185,1
0.4276024401187897,1
0.283915638923645,1
0.3357546031475067,1
0.3828592300415039,1
0.3394206166267395,1
0.31866997480392456,1
0.3584900200366974,1
0.35767602920532227,1
0.29876455664634705,1
0.30353474617004395,1
0.37859585881233215,1
0.3639678359031677,1
0.3555060923099518,1
0.37473323941230774,1
0.27757182717323303,1
0.24045833945274353,1
0.41905033588409424,1
0.2615744471549988,1
0.35861751437187195,1
0.4066135287284851,1
0.2687598466873169,1
0.46216490864753723,1
0.28296583890914917,1
0.4263179302215576,1
0.39318421483039856,1
0.33233389258384705,1
0.3656483292579651,1
0.353867769241333,1
0.37413954734802246,1
0.4077436029911041,1
0.3464271128177643,1
0.39591658115386963,1
0.2838321626186371,1
0.23125281929969788,1
0.40035203099250793,1
0.30154865980148315,1
0.2935994267463684,1
0.3531060516834259,1
0.3369400203227997,1
0.40952372550964355,1
0.3650963604450226,1
0.30298298597335815,1
0.461667537689209,1
0.3518469035625458,1
0.39105820655822754,1
0.37557095289230347,1
0.4074353277683258,1
0.4078807234764099,1
0.3916257619857788,1
0.29630041122436523,1
0.4342699646949768,1
0.31729090213775635,1
0.4013744592666626,1
0.4019191861152649,1
0.4130759835243225,1
0.33001792430877686,1
0.5492699146270752,1
0.35469239950180054,1
0.346358060836792,1
0.3373730778694153,1
0.3946320414543152,1
0.41420966386795044,1
0.3675360679626465,1
0.2756514549255371,1
0.38586223125457764,1
0.2519757151603699,1
0.34818631410598755,1
0.37571725249290466,1
0.3437405228614807,1
0.26206210255622864,1
0.368213027715683,1
0.4363331198692322,1
0.3635626435279846,1
0.26328539848327637,1
0.28245222568511963,1
0.5243380665779114,1
0.36208897829055786,1
0.34499743580818176,1
0.31968164443969727,1
0.30472883582115173,1
0.2874535620212555,1
0.31846439838409424,1
0.328922837972641,1
0.3350178301334381,1
0.3195749521255493,1
0.3619181215763092,1
0.42115235328674316,1
0.3088388442993164,1
0.28214746713638306,1
0.33067068457603455,1
0.29739460349082947,1
0.25674083828926086,1
0.2893064022064209,1
0.3467985689640045,1
0.40732342004776,1
0.2887686491012573,1
0.2642408311367035,1
0.3574954867362976,1
0.41738635301589966,1
0.4031713306903839,1
0.2604055404663086,1
0.34450703859329224,1
0.4001292586326599,1
0.3732721209526062,1
0.39270883798599243,1
0.24475762248039246,1
0.36708465218544006,1
0.22409629821777344,1
0.3493235111236572,1
0.4559229016304016,1
0.2949347198009491,1
0.27224189043045044,1
0.3364890217781067,1
0.40961259603500366,1
0.3708609938621521,1
0.40029874444007874,1
0.5268245935440063,1
0.35738107562065125,1
0.28486326336860657,1
0.2845585346221924,1
0.3866463601589203,1
0.2944634258747101,1
0.40766775608062744,1
0.24478644132614136,1
0.3030039072036743,1
0.5077562928199768,1
0.29351377487182617,1
0.26784127950668335,1
0.40505319833755493,1
0.3532241880893707,1
0.4214448630809784,1
0.2887575030326843,1
0.30779868364334106,1
0.28377261757850647,1
0.5327461361885071,1
0.31434231996536255,1
0.31116676330566406,1
0.2901960015296936,1
0.3397984206676483,1
0.3323495388031006,1
0.4270808696746826,1
0.30751481652259827,1
0.28684088587760925,1
0.28933772444725037,1
0.342678427696228,1
0.3267245590686798,1
0.28031259775161743,1
0.585881233215332,1
0.31837067008018494,1
0.372111976146698,1
0.3779129981994629,1
0.3627369999885559,1
0.35893625020980835,1
0.3346816897392273,1
0.34123748540878296,1
0.4882878065109253,1
0.2984910309314728,1
0.3194291591644287,1
0.33229953050613403,1
0.30940642952919006,1
0.34388673305511475,1
0.25069403648376465,1
0.3392466604709625,1
0.3162212371826172,1
0.27899232506752014,1
0.28107520937919617,1
0.3401085138320923,1
0.3857698440551758,1
0.38118255138397217,1
0.38142630457878113,1
0.3323597013950348,1
0.33018040657043457,1
0.38560932874679565,1
0.26287776231765747,1
0.30124422907829285,1
0.27901315689086914,1
0.32247576117515564,1
0.21954981982707977,1
0.3288770318031311,1
0.39364147186279297,1
0.4525148570537567,1
0.5002606511116028,1
0.3475768566131592,1
0.2954443097114563,1
0.3399480879306793,1
0.3101758658885956,1
0.2885235846042633,1
0.3018850088119507,1
0.4246695339679718,1
0.24134117364883423,1
0.4363020062446594,1
0.3366590440273285,1
0.25967997312545776,1
0.4181206226348877,1
0.38546112179756165,1
0.29946374893188477,1
0.40365660190582275,1
0.3862110674381256,1
0.2704530656337738,1
0.35601621866226196,1
0.3432926535606384,1
0.27888596057891846,1
0.42174676060676575,1
0.3296348452568054,1
0.29841744899749756,1
0.29925766587257385,1
0.3278992176055908,1
0.2707862854003906,1
0.38567811250686646,1
0.31531578302383423,1
0.3040158152580261,1
0.33949828147888184,1
0.3725764751434326,1
0.3875981569290161,1
0.38731569051742554,1
0.4341925382614136,1
0.3551992177963257,1
0.35007810592651367,1
0.36036378145217896,1
0.3250933289527893,1
0.42823025584220886,1
0.3082299828529358,1
0.3498310446739197,1
0.3156109154224396,1
0.3563406765460968,1
0.29823020100593567,1
0.34447982907295227,1
0.25705015659332275,1
0.48407816886901855,1
0.4745245575904846,1
0.4068657159805298,1
0.3442026376724243,1
0.35060974955558777,1
0.3004956543445587,1
0.2722838521003723,1
0.36631709337234497,1
0.3149961829185486,1
0.3598518967628479,1
0.25784510374069214,1
0.4057264029979706,1
0.410259485244751,1
0.3147306442260742,1
0.3953671455383301,1
0.368665874004364,1
0.3760712146759033,1
0.26366448402404785,1
0.4264531433582306,1
0.37945327162742615,1
0.4793021082878113,1
0.2942870259284973,1
0.24063006043434143,1
0.4572247564792633,1
0.31264954805374146,1
0.34491264820098877,1
0.32572615146636963,1
0.4354652166366577,1
0.4627531170845032,1
0.44575944542884827,1
0.4490247368812561,1
0.35608363151550293,1
0.34904366731643677,1
0.35692477226257324,1
0.2809664309024811,1
0.3509504199028015,1
0.3514125645160675,1
0.3562471270561218,1
0.43773242831230164,1
0.31917136907577515,1
0.251761257648468,1
0.3335666060447693,1
0.5239136219024658,1
0.41344428062438965,1
0.44457581639289856,1
0.25190961360931396,1
0.3501396179199219,1
0.2895768880844116,1
0.33710741996765137,1
0.3752496838569641,1
0.41807156801223755,1
0.3849449157714844,1
0.3203573226928711,1
0.39794787764549255,1
0.39653804898262024,1
0.4946622848510742,1
0.4436137080192566,1
0.312897652387619,1
0.28233107924461365,1
0.315351665019989,1
0.2626660168170929,1
0.427739679813385,1
0.2674887776374817,1
0.42373740673065186,1
0.3959712088108063,1
0.36579298973083496,1
0.38294434547424316,1
0.31414055824279785,1
0.439503014087677,1
0.46952927112579346,1
0.4463917016983032,1
0.2921445071697235,1
0.28667861223220825,1
0.29697126150131226,1
0.39298567175865173,1
0.338870644569397,1
0.2798168659210205,1
0.3138609230518341,1
0.2964228391647339,1
0.39819490909576416,1
0.42979109287261963,1
0.34597188234329224,1
0.30520328879356384,1
0.383012056350708,1
0.4476061165332794,1
0.246383398771286,1
0.2995794415473938,1
0.26921048760414124,1
0.3260858356952667,1
0.3851800262928009,1
0.3526744544506073,1
0.4693034887313843,1
0.4170873165130615,1
0.36673539876937866,1
0.40583503246307373,1
0.329511821269989,1
0.33758485317230225,1
0.3850007951259613,1
0.34650588035583496,1
0.348829448223114,1
0.3255122900009155,1
0.37074363231658936,1
0.4162924289703369,1
0.32777559757232666,1
0.3561972975730896,1
0.31504344940185547,1
0.3191210627555847,1
0.27650320529937744,1
0.382466197013855,1
0.3987116813659668,1
0.29867738485336304,1
0.39411211013793945,1
0.3358516991138458,1
0.48278874158859253,1
0.3829457461833954,1
0.3317500650882721,1
0.46457165479660034,1
0.32430487871170044,1
0.34143054485321045,1
0.26944124698638916,1
0.2790064811706543,1
0.30159926414489746,1
0.3596659302711487,1
0.30531546473503113,1
0.4343207776546478,1
0.3856368362903595,1
0.3565963804721832,1
0.30931758880615234,1
0.35533276200294495,1
0.29757845401763916,1
0.2414272129535675,1
0.37177008390426636,1
0.3113839030265808,1
0.45437851548194885,1
0.41422438621520996,1
0.29654988646507263,1
0.3241328001022339,1
0.2458619475364685,1
0.39075106382369995,1
0.430416464805603,1
0.26819390058517456,1
0.34474247694015503,1
0.3792441487312317,1
0.5644047856330872,1
0.3432118594646454,1
0.29075223207473755,1
0.29421302676200867,1
0.3102445602416992,1
0.2710900902748108,1
0.4281083345413208,1
0.37825533747673035,1
0.3789973258972168,1
0.37589049339294434,1
0.34225621819496155,1
0.4056335687637329,1
0.33070051670074463,1
0.3300764560699463,1
0.46173492074012756,1
0.447140634059906,1
0.39303356409072876,1
0.30517640709877014,1
0.4033936858177185,1
0.37473180890083313,1
0.45638182759284973,1
0.3256840109825134,1
0.423679381608963,1
0.29731959104537964,1
0.2786145508289337,1
0.41030067205429077,1
0.3104556202888489,1
0.5018053650856018,1
0.3954285979270935,1
0.3521864414215088,1
0.3602009415626526,1
0.2919187545776367,1
0.46592748165130615,1
0.4017142057418823,1
0.35087043046951294,1
0.3068816363811493,1
0.42125287652015686,1
0.38144856691360474,1
0.24627521634101868,1
0.2895861268043518,1
0.25728437304496765,1
0.27202722430229187,1
0.5079847574234009,1
0.4163241982460022,1
0.3920237123966217,1
0.450520396232605,1
0.3697725534439087,1
0.563318133354187,1
0.30231451988220215,1
0.3602559566497803,1
0.2774706482887268,1
0.3565414249897003,1
0.238736093044281,1
0.35797014832496643,1
0.3202452063560486,1
0.3662114143371582,1
0.3115667700767517,1
0.30843478441238403,1
0.3073333501815796,1
0.2834545075893402,1
0.29081159830093384,1
0.3907497823238373,1
0.3036004900932312,1
0.34147822856903076,1
0.3217638432979584,1
0.3184059262275696,1
0.461966872215271,1
0.42457976937294006,1
0.353534460067749,1
0.3288325369358063,1
0.3078315258026123,1
0.2812745273113251,1
0.372680127620697,1
0.36779525876045227,1
0.3577963709831238,1
0.41844606399536133,1
0.30883121490478516,1
0.3660937547683716,1
0.39502352476119995,1
0.4083549976348877,1
0.39719969034194946,1
0.4497159421443939,1
0.4047255516052246,1
0.35949498414993286,1
0.3691602349281311,1
0.270854115486145,1
0.42485734820365906,1
0.3209424316883087,1
0.2865244150161743,1
0.27649620175361633,1
0.42039790749549866,1
0.3213520646095276,1
0.3654637038707733,1
0.3776671290397644,1
0.41147175431251526,1
0.3899006247520447,1
0.34663984179496765,1
0.38519996404647827,1
0.40784013271331787,1
0.28324437141418457,1
0.3577776551246643,1
0.3650583028793335,1
0.34673815965652466,1
0.2871485650539398,1
0.2688051462173462,1
0.366977721452713,1
0.3514561951160431,1
0.2892424762248993,1
0.40984779596328735,1
0.3907095193862915,1
0.28420138359069824,1
0.43739864230155945,1
0.4237036108970642,1
0.4315747618675232,1
0.39824312925338745,1
0.45819732546806335,1
0.40179330110549927,1
0.3585246801376343,1
0.3462996482849121,1
0.31239256262779236,1
0.32700660824775696,1
0.3940519690513611,1
0.3413270115852356,1
0.3892867863178253,1
0.2869639992713928,1
0.3727932572364807,1
0.3784274756908417,1
0.29044076800346375,1
0.32475122809410095,1
0.32706621289253235,1
0.2867777645587921,1
0.37793371081352234,1
0.26097792387008667,1
0.3472197651863098,1
0.24041816592216492,1
0.44017910957336426,1
0.3371374011039734,1
0.3405039608478546,1
0.40526288747787476,1
0.3409544825553894,1
0.3477526307106018,1
0.4303548336029053,1
0.35765883326530457,1
0.4243967533111572,1
0.39612138271331787,1
0.24379536509513855,1
0.2778781056404114,1
0.3907209634780884,1
0.3210204243659973,1
0.27792248129844666,1
0.26411277055740356,1
0.29788243770599365,1
0.3455332815647125,1
0.29583901166915894,1
0.7928236722946167,1
0.2890518307685852,1
0.3162247836589813,1
0.35057660937309265,1
0.45683878660202026,1
0.4169764518737793,1
0.3076695203781128,1
0.29618996381759644,1
0.41857385635375977,1
0.4425103962421417,1
0.5025094747543335,1
0.32127904891967773,1
0.4190247058868408,1
0.29197362065315247,1
0.38005512952804565,1
0.3513387441635132,1
0.3230781853199005,1
0.5068944692611694,1
0.39248308539390564,1
0.34356802701950073,1
0.3290044665336609,1
0.3296668827533722,1
0.3296383023262024,1
0.30256763100624084,1
0.4213898181915283,1
0.30216342210769653,1
0.4003759026527405,1
0.4414598345756531,1
0.4058043956756592,1
0.3595738112926483,1
0.3379179835319519,1
0.38378432393074036,1
0.396214097738266,1
0.33789485692977905,1
0.32720258831977844,1
0.372258722782135,1
0.3057103753089905,1
0.3393859267234802,1
0.4182330369949341,1
0.39889973402023315,1
0.43524232506752014,1
0.41378000378608704,1
0.34280484914779663,1
0.4394349157810211,1
0.34730514883995056,1
0.3288707137107849,1
0.3024791479110718,1
0.41314515471458435,1
0.33021584153175354,1
0.39356285333633423,1
0.3611826002597809,1
0.3394893705844879,1
0.2618865966796875,1
0.34631580114364624,1
0.45195963978767395,1
0.4391551613807678,1
0.3332079350948334,1
0.3707309365272522,1
0.34053313732147217,1
0.23085922002792358,1
0.3338715434074402,1
0.48644334077835083,1
0.3681132197380066,1
0.2822893261909485,1
0.3321980834007263,1
0.24237839877605438,1
0.40857070684432983,1
0.32943472266197205,1
0.30022960901260376,1
0.3948313891887665,1
0.3453335464000702,1
0.3038199543952942,1
0.30898112058639526,1
0.3168255686759949,1
0.3813234269618988,1
0.44348686933517456,1
0.27688199281692505,1
0.39637285470962524,1
0.34159189462661743,1
0.2857211232185364,1
0.36252713203430176,1
0.45658034086227417,1
0.2995031774044037,1
0.40932849049568176,1
0.37848010659217834,1
0.3812270164489746,1
0.42789149284362793,1
0.3441586494445801,1
0.3337945342063904,1
0.4031142294406891,1
0.2610301375389099,1
0.3317840099334717,1
0.36658549308776855,1
0.4390595853328705,1
0.36353981494903564,1
0.40429553389549255,1
0.28664085268974304,1
0.38559359312057495,1
0.3733189105987549,1
0.3998529314994812,1
0.4573097825050354,1
0.4718169867992401,1
0.3378303050994873,1
0.3234272599220276,1
0.38584792613983154,1
0.28799939155578613,1
0.5341761112213135,1
0.33521634340286255,1
0.43640974164009094,1
0.4474771320819855,1
0.39065825939178467,1
0.35526177287101746,1
0.24235567450523376,1
0.30032482743263245,1
0.352460116147995,1
0.39628469944000244,1
0.34889495372772217,1
0.2304576337337494,1
0.32163888216018677,1
0.3806878924369812,1
0.29748064279556274,1
0.4121161997318268,1
0.3413711190223694,1
0.268338143825531,1
0.3368038535118103,1
0.31478431820869446,1
0.37260088324546814,1
0.3008478879928589,1
0.34390026330947876,1
0.4080812931060791,1
0.35292762517929077,1
0.4383109509944916,1
0.5551373958587646,1
0.35869529843330383,1
0.5431381464004517,1
0.37787875533103943,1
0.2721279561519623,1
0.32200539112091064,1
0.31840047240257263,1
0.3212358057498932,1
0.46662411093711853,1
0.43753528594970703,1
0.41224539279937744,1
0.3053135275840759,1
0.4485570788383484,1
0.3780827820301056,1
0.2969802916049957,1
0.352216899394989,1
0.2760084867477417,1
0.26147979497909546,1
0.4342859983444214,1
0.41612952947616577,1
0.42653828859329224,1
0.2505885660648346,1
0.3218022584915161,1
0.34050795435905457,1
0.36678212881088257,1
0.39909303188323975,1
0.32733821868896484,1
0.35107389092445374,1
0.24302911758422852,1
0.3863714337348938,1
0.361264705657959,1
0.37762534618377686,1
0.4024381637573242,1
0.34605973958969116,1
0.41081202030181885,1
0.3708430528640747,1
0.3911929130554199,1
0.26338624954223633,1
0.2736329138278961,1
0.3530169427394867,1
0.35860639810562134,1
0.4126877188682556,1
0.2556542754173279,1
0.44813796877861023,1
0.4503840506076813,1
0.33814316987991333,1
0.38497379422187805,1
0.3325945734977722,1
0.4051181674003601,1
0.35938432812690735,1
0.31208720803260803,1
0.35209065675735474,1
0.3704257607460022,1
0.30154603719711304,1
0.23101355135440826,1
0.3830985426902771,1
0.2574290633201599,1
0.29864177107810974,1
0.3477899730205536,1
0.524541974067688,1
0.34598642587661743,1
0.2400473803281784,1
0.25638893246650696,1
0.36787617206573486,1
0.3459892272949219,1
0.337474524974823,1
0.32630741596221924,1
0.4273585081100464,1
0.3867455720901489,1
0.42086875438690186,1
0.2782477140426636,1
0.32117536664009094,1
0.36415308713912964,1
0.35235077142715454,1
0.4182127118110657,1
0.29787296056747437,1
0.2912455201148987,1
0.2722799777984619,1
0.29696905612945557,1
0.4506126344203949,1
0.333442747592926,1
0.35981258749961853,1
0.42684394121170044,1
0.3622802197933197,1
0.3316628336906433,1
0.365771621465683,1
0.3821612596511841,1
0.2638847529888153,1
0.30158182978630066,1
0.38930684328079224,1
0.39548030495643616,1
0.3051875829696655,1
0.3192005753517151,1
0.37909746170043945,1
0.3028768301010132,1
0.3730717599391937,1
0.3443945646286011,1
0.3652789294719696,1
0.3233279287815094,1
0.31555798649787903,1
0.41955509781837463,1
0.3174927234649658,1
0.3115496337413788,1
0.3633368909358978,1
0.3055989146232605,1
0.4380113184452057,1
0.3793094754219055,1
0.4371754229068756,1
0.2994084060192108,1
0.3040260672569275,1
0.4700624942779541,1
0.3180922269821167,1
0.38926994800567627,1
0.3568340837955475,1
0.374287486076355,1
0.2920432388782501,1
0.406243234872818,1
0.2906724810600281,1
0.4461841285228729,1
0.41024500131607056,1
0.36405038833618164,1
0.3425348401069641,1
0.3467092514038086,1
0.37535712122917175,1
0.4259728193283081,1
0.3432019054889679,1
0.36795738339424133,1
0.3748010993003845,1
0.31775712966918945,1
0.35095882415771484,1
0.39612632989883423,1
0.38970065116882324,1
0.4156881272792816,1
0.41501984000205994,1
0.2838365137577057,1
0.36911579966545105,1
0.3841443657875061,1
0.35085251927375793,1
0.3220318555831909,1
0.3055858314037323,1
0.44374072551727295,1
0.2746486961841583,1
0.3793649673461914,1
0.27802830934524536,1
0.2189141809940338,1
0.2627030909061432,1
0.3648655116558075,1
0.3189625144004822,1
0.29938697814941406,1
0.4425976276397705,1
0.2977578043937683,1
0.33318349719047546,1
0.4386402368545532,1
0.2249893844127655,1
0.3855744004249573,1
0.4904065728187561,1
0.3633052706718445,1
0.43466103076934814,1
0.2614724636077881,1
0.4311419725418091,1
0.43087291717529297,1
0.21005204319953918,1
0.32829761505126953,1
0.2865249514579773,1
0.3186766505241394,1
0.3501262664794922,1
0.35139596462249756,1
0.31526365876197815,1
0.44851985573768616,1
0.2731603682041168,1
0.35883602499961853,1
0.36135900020599365,1
0.39162659645080566,1
0.3173685371875763,1
0.32525762915611267,1
0.4064394235610962,1
0.4393431544303894,1
0.3427202105522156,1
0.3424072861671448,1
0.39370620250701904,1
0.313961923122406,1
0.3112965524196625,1
0.2709275484085083,1
0.301724374294281,1
0.31861525774002075,1
0.3010798692703247,1
0.4696168899536133,1
0.2927343249320984,1
0.300442099571228,1
0.32600486278533936,1
0.27273064851760864,1
0.336190789937973,1
0.4412335753440857,1
0.32025447487831116,1
0.3552098870277405,1
0.2780011296272278,1
0.24526862800121307,1
0.3336552679538727,1
0.2816609740257263,1
0.2722856104373932,1
0.26494187116622925,1
0.3228573501110077,1
0.43826234340667725,1
0.38682878017425537,1
0.25673291087150574,1
0.29288941621780396,1
0.23472049832344055,1
0.43210214376449585,1
0.23034785687923431,1
0.24501200020313263,1
0.3090500831604004,1
0.40440797805786133,1
0.31386101245880127,1
0.30404525995254517,1
0.36890044808387756,1
0.25090503692626953,1
0.45668482780456543,1
0.26982492208480835,1
0.4067930579185486,1
0.3051033616065979,1
0.3266504406929016,1
0.38523489236831665,1
0.2604592442512512,1
0.38889485597610474,1
0.34889641404151917,1
0.31224074959754944,1
0.40942955017089844,1
0.3398261070251465,1
0.33384940028190613,1
0.3306065499782562,1
0.30580592155456543,1
0.30023688077926636,1
0.27166104316711426,1
0.38560953736305237,1
0.3164390027523041,1
0.3762863874435425,1
0.3858691155910492,1
0.3774736821651459,1
0.4003335237503052,1
0.28229302167892456,1
0.35521426796913147,1
0.35763758420944214,1
0.38216665387153625,1
0.34963899850845337,1
0.33569782972335815,1
0.3576151132583618,1
0.3669135868549347,1
0.30174368619918823,1
0.3781004846096039,1
0.30752426385879517,1
0.37963759899139404,1
0.398809015750885,1
0.2745761275291443,1
0.28325995802879333,1
0.2874494791030884,1
0.38897791504859924,1
0.434489905834198,1
0.34836456179618835,1
0.26020482182502747,1
0.30303069949150085,1
0.28471049666404724,1
0.2716965675354004,1
0.32700496912002563,1
0.28782543540000916,1
0.3237229585647583,1
0.2751322090625763,1
0.2465219795703888,1
0.34513431787490845,1
0.2918701767921448,1
0.43395426869392395,1
0.3755796551704407,1
0.3239825367927551,1
0.29785478115081787,1
0.27631181478500366,1
0.25881218910217285,1
0.3206597566604614,1
0.53376305103302,1
0.4395754337310791,1
0.3391033709049225,1
0.32049399614334106,1
0.39135345816612244,1
0.5064478516578674,1
0.39286237955093384,1
0.31246793270111084,1
0.37838730216026306,1
0.3035472631454468,1
0.3145692050457001,1
0.3265519142150879,1
0.4009709358215332,1
0.44212114810943604,1
0.3468656539916992,1
0.2946092486381531,1
0.4078434705734253,1
0.4220350980758667,1
0.2290736436843872,1
0.3066367506980896,1
0.34252893924713135,1
0.3337000608444214,1
0.24137216806411743,1
0.37216657400131226,1
0.31313854455947876,1
0.4748036861419678,1
0.3545607924461365,1
0.33863693475723267,1
0.311371386051178,1
0.3861737847328186,1
0.25610584020614624,1
0.3419434726238251,1
0.3266964554786682,1
0.3379420042037964,1
0.3657909035682678,1
0.23875516653060913,1
0.32697954773902893,1
0.4356522560119629,1
0.23784178495407104,1
0.32720714807510376,1
0.330472856760025,1
0.3291667699813843,1
0.4134961664676666,1
0.22912365198135376,1
0.4044826030731201,1
0.2724127471446991,1
0.3291756510734558,1
0.3017224669456482,1
0.44032204151153564,1
0.5084549188613892,1
0.3447324335575104,1
0.4952792525291443,1
0.3623960018157959,1
0.31820282340049744,1
0.33596450090408325,1
0.40248197317123413,1
0.3978513479232788,1
0.36928409337997437,1
0.47220519185066223,1
0.29285284876823425,1
0.3662824034690857,1
0.40055978298187256,1
0.319411039352417,1
0.2971859276294708,1
0.32921069860458374,1
0.33008092641830444,1
0.3045492172241211,1
0.3097894489765167,1
0.2407902181148529,1
0.3269204795360565,1
0.34844326972961426,1
0.3657644987106323,1
0.2523741126060486,1
0.43278777599334717,1
0.37951725721359253,1
0.3695562779903412,1
0.3006752133369446,1
0.3597947955131531,1
0.268292635679245,1
0.38930678367614746,1
0.3336952328681946,1
0.3617715835571289,1
0.37575167417526245,1
0.35430124402046204,1
0.4044380187988281,1
0.279177188873291,1
0.3138608932495117,1
0.5120639801025391,1
0.3660828173160553,1
0.30265894532203674,1
0.3624664843082428,1
0.285588800907135,1
0.3667601943016052,1
0.421414852142334,1
0.32775816321372986,1
0.3622991442680359,1
0.3224204182624817,1
0.37997153401374817,1
0.503147542476654,1
0.2861515283584595,1
0.42875033617019653,1
0.28318968415260315,1
0.3267383575439453,1
0.25815320014953613,1
0.2933083176612854,1
0.3558008670806885,1
0.36025136709213257,1
0.2964635491371155,1
0.3365679979324341,1
0.2938372492790222,1
0.34565627574920654,1
0.3783625066280365,1
0.37114647030830383,1
0.4447782039642334,1
0.371288001537323,1
0.40580663084983826,1
0.2829134166240692,1
0.42383813858032227,1
0.3920060098171234,1
0.24366198480129242,1
0.3193623721599579,1
0.28080230951309204,1
0.34920942783355713,1
0.3199484944343567,1
0.3037509024143219,1
0.4091995358467102,1
0.2842484712600708,1
0.3526669144630432,1
0.38090062141418457,1
0.3157479166984558,1
0.3709387481212616,1
0.40546730160713196,1
0.3946661055088043,1
0.3027278780937195,1
0.4651276767253876,1
0.34208279848098755,1
0.3494783639907837,1
0.32553529739379883,1
0.3721758723258972,1
0.28862690925598145,1
0.3227635324001312,1
0.4529375433921814,1
0.4501979351043701,1
0.4645214080810547,1
0.3424692749977112,1
0.24426263570785522,1
0.3408668041229248,1
0.34047043323516846,1
0.34439900517463684,1
0.34567052125930786,1
0.2880980670452118,1
0.33705994486808777,1
0.28067973256111145,1
0.2917877733707428,1
0.3036034107208252,1
0.33650660514831543,1
0.45863211154937744,1
0.3130287528038025,1
0.26002463698387146,1
0.40310150384902954,1
0.4696043133735657,1
0.3065524399280548,1
0.4741484522819519,1
0.3136436939239502,1
0.2960188090801239,1
0.28714388608932495,1
0.37299010157585144,1
0.30764681100845337,1
0.2883128821849823,1
0.3607684373855591,1
0.31185662746429443,1
0.362528532743454,1
0.3376309871673584,1
0.30419930815696716,1
0.41703736782073975,1
0.3109820485115051,1
0.4315216541290283,1
0.26935988664627075,1
0.4020513892173767,1
0.2772185206413269,1
0.33633720874786377,1
0.37361031770706177,1
0.3541019856929779,1
0.3881775438785553,1
0.3021656572818756,1
0.4595155119895935,1
0.3876343369483948,1
0.34384000301361084,1
0.40191492438316345,1
0.3372361660003662,1
0.39250633120536804,1
0.33717960119247437,1
0.2732451856136322,1
0.27793562412261963,1
0.33235394954681396,1
0.2907716929912567,1
0.2531241774559021,1
0.3192178010940552,1
0.2811797857284546,1
0.27970755100250244,1
0.37469354271888733,1
0.3987134099006653,1
0.2606441378593445,1
0.26622021198272705,1
0.3128259778022766,1
0.38507044315338135,1
0.3930511772632599,1
0.38705208897590637,1
0.4106413722038269,1
0.35643115639686584,1
0.3199724853038788,1
0.3821626305580139,1
0.40841615200042725,1
0.39423778653144836,1
0.2954542636871338,1
0.44081681966781616,1
0.34838879108428955,1
0.26267752051353455,1
0.3630083203315735,1
0.42708277702331543,1
0.3449094891548157,1
0.27379900217056274,1
0.49562835693359375,1
0.3960297703742981,1
0.32373690605163574,1
0.34720826148986816,1
0.3215230107307434,1
0.23599576950073242,1
0.2971956133842468,1
0.3090176582336426,1
0.33166390657424927,1
0.34209364652633667,1
0.3887583613395691,1
0.2826957106590271,1
0.3808130621910095,1
0.25187939405441284,1
0.3327138125896454,1
0.33214372396469116,1
0.41375869512557983,1
0.47568678855895996,1
0.38123130798339844,1
0.36530187726020813,1
0.3684726655483246,1
0.40645110607147217,1
0.32207828760147095,1
0.48174676299095154,1
0.31582707166671753,1
0.3059946298599243,1
0.35645484924316406,1
0.2199709713459015,1
0.296891987323761,1
0.27034956216812134,1
0.31464385986328125,1
0.31685081124305725,1
0.34838157892227173,1
0.32051610946655273,1
0.4454365670681,1
0.40047138929367065,1
0.3342950940132141,1
0.20297157764434814,1
0.36719566583633423,1
0.3001077175140381,1
0.29193779826164246,1
0.3121985197067261,1
0.2665005326271057,1
0.3098612427711487,1
0.458106130361557,1
0.42298048734664917,1
0.2607673704624176,1
0.3954668343067169,1
0.33605682849884033,1
0.3638130724430084,1
0.30781832337379456,1
0.2866222858428955,1
0.3694859445095062,1
0.3910999894142151,1
0.31356608867645264,1
0.4300995469093323,1
0.34279873967170715,1
0.3495507538318634,1
0.3195274770259857,1
0.40506303310394287,1
0.4111270308494568,1
0.4086543023586273,1
0.34426772594451904,1
0.2901254892349243,1
0.31447720527648926,1
0.3804801106452942,1
0.2884656488895416,1
0.3313642740249634,1
0.31036248803138733,1
0.3628743886947632,1
0.4255937933921814,1
0.3209244906902313,1
0.29112887382507324,1
0.3893941342830658,1
0.2981988191604614,1
0.32468146085739136,1
0.4021417498588562,1
0.35084858536720276,1
0.508110761642456,1
0.33882397413253784,1
0.4478454291820526,1
0.39184537529945374,1
0.4245237708091736,1
0.3701634407043457,1
0.4177016019821167,1
0.43937432765960693,1
0.3558351397514343,1
0.4163590967655182,1
0.35304155945777893,1
0.3108154833316803,1
0.3721250295639038,1
0.4369901120662689,1
0.43549880385398865,1
0.30923405289649963,1
0.34575051069259644,1
0.35067522525787354,1
0.37016165256500244,1
0.4193829596042633,1
0.3625980615615845,1
0.3570108413696289,1
0.3699496388435364,1
0.3120878040790558,1
0.33662480115890503,1
0.38550475239753723,1
0.18319664895534515,1
0.39906954765319824,1
0.3711632788181305,1
0.2903482913970947,1
0.3855997323989868,1
0.30909717082977295,1
0.3882494270801544,1
0.36943861842155457,1
0.362870991230011,1
0.29499366879463196,1
0.28920263051986694,1
0.48251935839653015,1
0.32521456480026245,1
0.3649754524230957,1
0.28685569763183594,1
0.27065572142601013,1
0.24719840288162231,1
0.46776238083839417,1
0.4000703692436218,1
0.4019661545753479,1
0.38031938672065735,1
0.3493662476539612,1
0.4217533767223358,1
0.4405273199081421,1
0.33658918738365173,1
0.31592410802841187,1
0.2990160286426544,1
0.5075423121452332,1
0.33198219537734985,1
0.3012494146823883,1
0.44842973351478577,1
0.33691057562828064,1
0.29138416051864624,1
0.21813282370567322,1
0.32846125960350037,1
0.2887139916419983,1
0.304915189743042,1
0.28894737362861633,1
0.6102045774459839,1
0.4359409213066101,1
0.3702642321586609,1
0.3527136743068695,1
0.33795785903930664,1
0.29449957609176636,1
0.5230752229690552,1
0.3222723603248596,1
0.31887510418891907,1
0.31202322244644165,1
0.32413601875305176,1
0.4238414168357849,1
0.2470584213733673,1
0.3288058936595917,1
0.2266579121351242,1
0.3872278332710266,1
0.39698469638824463,1
0.2798847556114197,1
0.250076025724411,1
0.3740423321723938,1
0.3717121183872223,1
0.3732215464115143,1
0.3334455192089081,1
0.3317415714263916,1
0.38559991121292114,1
0.3577035367488861,1
0.4239486753940582,1
0.32990944385528564,1
0.37690818309783936,1
0.3217736482620239,1
0.317165732383728,1
0.28865325450897217,1
0.34012144804000854,1
0.23505301773548126,1
0.36540165543556213,1
0.3579893708229065,1
0.2987223267555237,1
0.41999930143356323,1
0.33842185139656067,1
0.3890839219093323,1
0.35599440336227417,1
0.27064049243927,1
0.36162132024765015,1
0.30677610635757446,1
0.3190755248069763,1
0.4033578336238861,1
0.3636986017227173,1
0.3707514703273773,1
0.4273553490638733,1
0.3000349700450897,1
0.4686683416366577,1
0.2725938558578491,1
0.38817036151885986,1
0.4112122654914856,1
0.33537814021110535,1
0.3307231068611145,1
0.3426610827445984,1
0.2590848207473755,1
0.26333796977996826,1
0.4035279154777527,1
0.17167100310325623,1
0.40518254041671753,1
0.23716560006141663,1
0.38703495264053345,1
0.30418795347213745,1
0.36730799078941345,1
0.41821014881134033,1
0.41593998670578003,1
0.40533000230789185,1
0.2341195046901703,1
0.2903948128223419,1
0.3446907103061676,1
0.38197070360183716,1
0.2591589093208313,1
0.34150180220603943,1
0.2906022071838379,1
0.32543879747390747,1
0.2958377003669739,1
0.4043029248714447,1
0.3872907757759094,1
0.38500577211380005,1
0.3043639659881592,1
0.4601787030696869,1
0.3766503632068634,1
0.2776881456375122,1
0.4281502068042755,1
0.32364606857299805,1
0.3887948989868164,1
0.40883058309555054,1
0.35705268383026123,1
0.2774616479873657,1
0.477531373500824,1
0.3526760935783386,1
0.3330571949481964,1
0.3070325255393982,1
0.3804011344909668,1
0.34636998176574707,1
0.31591516733169556,1
0.3872217535972595,1
0.39392951130867004,1
0.38988196849823,1
0.17810982465744019,1
0.38291847705841064,1
0.29973530769348145,1
0.24279385805130005,1
0.31420841813087463,1
0.3849252462387085,1
0.3828372061252594,1
0.28660205006599426,1
0.35097578167915344,1
0.3044945001602173,1
0.3212721645832062,1
0.3684581518173218,1
0.4211684465408325,1
0.3448907732963562,1
0.4459479749202728,1
0.46806660294532776,1
0.517320454120636,1
0.4222189784049988,1
0.3662624657154083,1
0.2739928960800171,1
0.37638211250305176,1
0.32535719871520996,1
0.3482290208339691,1
0.2762053608894348,1
0.2967156171798706,1
0.28332892060279846,1
0.361785352230072,1
0.23469921946525574,1
0.3179476261138916,1
0.38202449679374695,1
0.31839853525161743,1
0.4595339298248291,1
0.3031468391418457,1
0.28614163398742676,1
0.3018559217453003,1
0.2932802438735962,1
0.33170998096466064,1
0.37368065118789673,1
0.3451261520385742,1
0.466431587934494,1
0.4043259024620056,1
0.39625877141952515,1
0.3130842447280884,1
0.333065390586853,1
0.2882441282272339,1
0.3045544922351837,1
0.31509825587272644,1
0.36324071884155273,1
0.313947856426239,1
0.40080636739730835,1
0.41474074125289917,1
0.32459524273872375,1
0.3308001458644867,1
0.3352721929550171,1
0.2856541574001312,1
0.3659009039402008,1
0.22926300764083862,1
0.3910822868347168,1
0.37635713815689087,1
0.2752923369407654,1
0.2722180187702179,1
0.3619866967201233,1
0.45913806557655334,1
0.3107813596725464,1
0.31436887383461,1
0.3840107321739197,1
0.33280447125434875,1
0.3317009210586548,1
0.3625592887401581,1
0.3136189877986908,1
0.2832334041595459,1
0.2314511388540268,1
0.3398827016353607,1
0.3661789298057556,1
0.3320092558860779,1
0.32281070947647095,1
0.48178431391716003,1
0.32196107506752014,1
0.3437957167625427,1
0.5189468860626221,1
0.3577561378479004,1
0.3546655774116516,1
0.3314170837402344,1
0.3195539116859436,1
0.331926167011261,1
0.36461925506591797,1
0.34151431918144226,1
0.580112874507904,1
0.3350342810153961,1
0.2285303920507431,1
0.42340245842933655,1
0.2788408100605011,1
0.3801939785480499,1
0.30637621879577637,1
0.46922075748443604,1
0.38099437952041626,1
0.29472360014915466,1
0.39643359184265137,1
0.4317324459552765,1
0.46455273032188416,1
0.4123871326446533,1
0.35740968585014343,1
0.34397178888320923,1
0.3346928358078003,1
0.3110690712928772,1
0.2690443992614746,1
0.284311980009079,1
0.36885637044906616,1
0.5762619376182556,1
0.3617297410964966,1
0.317939817905426,1
0.40137261152267456,1
0.4459969103336334,1
0.2353297770023346,1
0.3652021288871765,1
0.22722764313220978,1
0.42007002234458923,1
0.4054829478263855,1
0.39736294746398926,1
0.2699873447418213,1
0.34944242238998413,1
0.3464842438697815,1
0.36606377363204956,1
0.4416390657424927,1
0.3252245783805847,1
0.29066893458366394,1
0.368998646736145,1
0.3099127411842346,1
0.3464497923851013,1
0.34211617708206177,1
0.3645712733268738,1
0.3718745708465576,1
0.35970550775527954,1
0.2985115647315979,1
0.3214581310749054,1
0.37450194358825684,1
0.32914984226226807,1
0.4081825017929077,1
0.4439699649810791,1
0.277072012424469,1
0.4790220260620117,1
0.29561203718185425,1
0.393166720867157,1
0.29123443365097046,1
0.3419336974620819,1
0.3584197759628296,1
0.36097174882888794,1
0.3295731246471405,1
0.39407384395599365,1
0.32738274335861206,1
0.3513437509536743,1
0.490969717502594,1
0.43144333362579346,1
0.33236825466156006,1
0.3982440233230591,1
0.3617849349975586,1
0.3913217782974243,1
0.3732464909553528,1
0.39000701904296875,1
0.4099659323692322,1
0.37577736377716064,1
0.31702035665512085,1
0.290510356426239,1
0.3283633291721344,1
0.4393973648548126,1
0.4945116341114044,1
0.45720475912094116,1
0.3608551323413849,1
0.4104095697402954,1
0.349295437335968,1
0.3881921172142029,1
0.42281287908554077,1
0.4055030345916748,1
0.460570752620697,1
0.36771079897880554,1
0.23739278316497803,1
0.38677725195884705,1
0.37790295481681824,1
0.3299899101257324,1
0.2930452823638916,1
0.3319997191429138,1
0.3620035946369171,1
0.37278804183006287,1
0.37347978353500366,1
0.3346728980541229,1
0.277421772480011,1
0.37129348516464233,1
0.3334790766239166,1
0.2960685193538666,1
0.4330878257751465,1
0.44137564301490784,1
0.31710341572761536,1
0.38627028465270996,1
0.34919828176498413,1
0.3278880715370178,1
0.28288713097572327,1
0.30200105905532837,1
0.2802237272262573,1
0.29958876967430115,1
0.40232497453689575,1
0.32164764404296875,1
0.29959169030189514,1
0.28823378682136536,1
0.434956431388855,1
0.2993667423725128,1
0.3419392704963684,1
0.35382890701293945,1
0.3873060345649719,1
0.35240450501441956,1
0.31017306447029114,1
0.3323422074317932,1
0.3613426089286804,1
0.26507264375686646,1
0.37580153346061707,1
0.37882938981056213,1
0.3118603229522705,1
0.216374933719635,1
0.2799157500267029,1
0.36560627818107605,1
0.3974592089653015,1
0.398772656917572,1
0.3878258466720581,1
0.42619872093200684,1
0.29024460911750793,1
0.376639187335968,1
0.5195032358169556,1
0.4180592894554138,1
0.3254527747631073,1
0.2814040780067444,1
0.287675678730011,1
0.4028216302394867,1
0.2693437933921814,1
0.2909455895423889,1
0.44451281428337097,1
0.4198932647705078,1
0.4730569124221802,1
0.3292209506034851,1
0.29310137033462524,1
0.46362221240997314,1
0.34866178035736084,1
0.38366928696632385,1
0.38163474202156067,1
0.43131521344184875,1
0.37091001868247986,1
0.30603206157684326,1
0.3749280571937561,1
0.2925472855567932,1
0.44178131222724915,1
0.3866088092327118,1
0.3226018249988556,1
0.32776474952697754,1
0.3256205916404724,1
0.32124215364456177,1
0.37922245264053345,1
0.30440911650657654,1
0.3794081211090088,1
0.3187602162361145,1
0.3430972099304199,1
0.3265112042427063,1
0.45896923542022705,1
0.25031253695487976,1
0.36960285902023315,1
0.33434101939201355,1
0.4001898169517517,1
0.3839760422706604,1
0.31412309408187866,1
0.3347192704677582,1
0.32417064905166626,1
0.4305226802825928,1
0.36346563696861267,1
0.2728974223136902,1
0.42012906074523926,1
0.3415299355983734,1
0.30067071318626404,1
0.3673073947429657,1
0.36659201979637146,1
0.42008382081985474,1
0.3392673134803772,1
0.34871092438697815,1
0.33063703775405884,1
0.33648890256881714,1
0.35219383239746094,1
0.34280282258987427,1
0.3712581396102905,1
0.3394815921783447,1
0.3539663553237915,1
0.28473106026649475,1
0.41555023193359375,1
0.3081997036933899,1
0.448100745677948,1
0.33797526359558105,1
0.3760649263858795,1
0.2542584538459778,1
0.4269421100616455,1
0.30602648854255676,1
0.32741594314575195,1
0.23905247449874878,1
0.46113792061805725,1
0.426734983921051,1
0.2869185209274292,1
0.22253382205963135,1
0.3897380232810974,1
0.41772329807281494,1
0.3978429436683655,1
0.31546810269355774,1
0.4302533268928528,1
0.17394915223121643,1
0.32174262404441833,1
0.34342503547668457,1
0.3786253035068512,1
0.4889471232891083,1
0.40071558952331543,1
0.4167932868003845,1
0.41026949882507324,1
0.4227907657623291,1
0.32022416591644287,1
0.2879955768585205,1
0.3909415602684021,1
0.3311433494091034,1
0.2369554489850998,1
0.3056449890136719,1
0.36853182315826416,1
0.35444414615631104,1
0.48932328820228577,1
0.3079845905303955,1
0.2495066225528717,1
0.41564109921455383,1
0.406856894493103,1
0.3751455247402191,1
0.38950347900390625,1
0.32793307304382324,1
0.4445367455482483,1
0.3353171646595001,1
0.4434279203414917,1
0.3662111461162567,1
0.4906634986400604,1
0.4327809810638428,1
0.35349953174591064,1
0.2700905203819275,1
0.2303994596004486,1
0.305270791053772,1
0.25953420996665955,1
0.3748707175254822,1
0.35366731882095337,1
0.3526863157749176,1
0.31336337327957153,1
0.3351747393608093,1
0.29959338903427124,1
0.41150158643722534,1
0.3915253281593323,1
0.3784147799015045,1
0.34768813848495483,1
0.3271222710609436,1
0.3523072898387909,1
0.41864246129989624,1
0.42436546087265015,1
0.34903383255004883,1
0.3513941764831543,1
0.37754717469215393,1
0.31545817852020264,1
0.23718541860580444,1
0.2595449984073639,1
0.29731494188308716,1
0.3361153304576874,1
0.3729120194911957,1
0.44844457507133484,1
0.3735524117946625,1
0.5181809663772583,1
0.3486979603767395,1
0.33256760239601135,1
0.33369654417037964,1
0.2955338954925537,1
0.30662667751312256,1
0.42222610116004944,1
0.32600173354148865,1
0.25490307807922363,1
0.3499467670917511,1
0.3111779987812042,1
0.33557891845703125,1
0.2941255271434784,1
0.4651278257369995,1
0.40199655294418335,1
0.43711012601852417,1
0.3358467221260071,1
0.3928990960121155,1
0.32150930166244507,1
0.31595852971076965,1
0.31914666295051575,1
0.297906756401062,1
0.38358864188194275,1
0.388431191444397,1
0.3250606060028076,1
0.360412061214447,1
0.3425830006599426,1
0.37823885679244995,1
0.2981094717979431,1
0.278281033039093,1
0.39432480931282043,1
0.2725480794906616,1
0.314282089471817,1
0.31047964096069336,1
0.3409977853298187,1
0.3194832503795624,1
0.33038079738616943,1
0.3188926875591278,1
0.2627440392971039,1
0.37004196643829346,1
0.36254119873046875,1
0.47626492381095886,1
0.3431643843650818,1
0.40268078446388245,1
0.2917335033416748,1
0.29350581765174866,1
0.362249493598938,1
0.26106277108192444,1
0.38872790336608887,1
0.31268274784088135,1
0.4134390950202942,1
0.34329503774642944,1
0.3598270118236542,1
0.44978609681129456,1
0.2800288498401642,1
0.22443681955337524,1
0.20532405376434326,1
0.48389318585395813,1
0.40606290102005005,1
0.28434157371520996,1
0.3467721939086914,1
0.3379300832748413,1
0.2985173165798187,1
0.40955233573913574,1
0.3483979105949402,1
0.3177555203437805,1
0.37276333570480347,1
0.5143877863883972,1
0.24490439891815186,1
0.27418649196624756,1
0.3773632049560547,1
0.3094596564769745,1
0.3481527864933014,1
0.3761593699455261,1
0.3415280878543854,1
0.39618217945098877,1
0.29240596294403076,1
0.357099324464798,1
0.35361939668655396,1
0.35479432344436646,1
0.40022748708724976,1
0.25982144474983215,1
0.28600913286209106,1
0.3445998430252075,1
0.27314281463623047,1
0.2992248833179474,1
0.3393833041191101,1
0.2558450698852539,1
0.3960425853729248,1
0.44712311029434204,1
0.3355492949485779,1
0.3815933167934418,1
0.3988608717918396,1
0.2531394064426422,1
0.34399569034576416,1
0.24864234030246735,1
0.27649253606796265,1
0.26178982853889465,1
0.40843871235847473,1
0.3025592565536499,1
0.30109789967536926,1
0.45774275064468384,1
0.3471425771713257,1
0.33488744497299194,1
0.4444614052772522,1
0.31885644793510437,1
0.3798728287220001,1
0.3669217824935913,1
0.3221741318702698,1
0.28953981399536133,1
0.3138679265975952,1
0.2950150966644287,1
0.31735631823539734,1
0.5227054953575134,1
0.28606680035591125,1
0.3650832772254944,1
0.40909022092819214,1
0.3071240782737732,1
0.2538704574108124,1
0.3587742745876312,1
0.35387668013572693,1
0.24587813019752502,1
0.38833141326904297,1
0.4029015004634857,1
0.3729303479194641,1
0.3555987775325775,1
0.2321060746908188,1
0.32291606068611145,1
0.26163020730018616,1
0.3392295241355896,1
0.3709663450717926,1
0.3354015350341797,1
0.25221920013427734,1
0.34831833839416504,1
0.3296162784099579,1
0.4851408004760742,1
0.3914964497089386,1
0.3017432689666748,1
0.3624321520328522,1
0.2765614092350006,1
0.4335205554962158,1
0.29711365699768066,1
0.35159677267074585,1
0.38281959295272827,1
0.3736986219882965,1
0.39247530698776245,1
0.43265724182128906,1
0.3710442781448364,1
0.32713279128074646,1
0.30056139826774597,1
0.2610023021697998,1
0.35243070125579834,1
0.369380384683609,1
0.3127811551094055,1
0.3216387629508972,1
0.32592371106147766,1
0.3390671908855438,1
0.3624844551086426,1
0.3972705006599426,1
0.32785940170288086,1
0.4328957796096802,1
0.2996240556240082,1
0.3185513913631439,1
0.3634638786315918,1
0.4217524528503418,1
0.2995753884315491,1
0.35870519280433655,1
0.36987119913101196,1
0.5092775225639343,1
0.41405192017555237,1
0.3346886932849884,1
0.25942498445510864,1
0.4329032301902771,1
0.41421034932136536,1
0.3697826862335205,1
0.36414217948913574,1
0.31766727566719055,1
0.3958963453769684,1
0.3868783116340637,1
0.3101930618286133,1
0.4400516748428345,1
0.5126306414604187,1
0.2990151047706604,1
0.35596323013305664,1
0.3811355233192444,1
0.35086971521377563,1
0.28630831837654114,1
0.41821813583374023,1
0.3873346447944641,1
0.31757882237434387,1
0.2711877226829529,1
0.34150388836860657,1
0.3748258054256439,1
0.3288536071777344,1
0.35842031240463257,1
0.3520066738128662,1
0.454035222530365,1
0.32343631982803345,1
0.2710017263889313,1
0.375876247882843,1
0.43343091011047363,1
0.32232847809791565,1
0.2677542567253113,1
0.33135324716567993,1
0.3819500207901001,1
0.38083064556121826,1
0.26187533140182495,1
0.3225305676460266,1
0.38169795274734497,1
0.39767730236053467,1
0.4183911979198456,1
0.2793537974357605,1
0.4978243112564087,1
0.34818458557128906,1
0.21738895773887634,1
0.3748886287212372,1
0.3872252106666565,1
0.3305332660675049,1
0.30961328744888306,1
0.3782045245170593,1
0.2912241220474243,1
0.29475778341293335,1
0.4072982668876648,1
0.45784783363342285,1
0.36333778500556946,1
0.29645097255706787,1
0.31456178426742554,1
0.43728941679000854,1
0.372017502784729,1
0.405722975730896,1
0.3293675184249878,1
0.3518308401107788,1
0.4207553565502167,1
0.4127354919910431,1
0.38406187295913696,1
0.34787774085998535,1
0.35267674922943115,1
0.2468477487564087,1
0.2741512060165405,1
0.37349945306777954,1
0.4435901343822479,1
0.39084482192993164,1
0.40183085203170776,1
0.2479732632637024,1
0.3380904495716095,1
0.3247183561325073,1
0.30529144406318665,1
0.3695387840270996,1
0.3535897135734558,1
0.43231236934661865,1
0.30546677112579346,1
0.239659383893013,1
0.4129047989845276,1
0.47244784235954285,1
0.33433228731155396,1
0.2922823131084442,1
0.2779237627983093,1
0.3523021936416626,1
0.40843039751052856,1
0.3136681914329529,1
0.3607446849346161,1
0.30734485387802124,1
0.3566674590110779,1
0.45845311880111694,1
0.3483739495277405,1
0.3116743266582489,1
0.2790924906730652,1
0.3007262945175171,1
0.36614668369293213,1
0.3697519302368164,1
0.390218585729599,1
0.2979777753353119,1
0.4014277458190918,1
0.3907875418663025,1
0.4084882140159607,1
0.28139305114746094,1
0.3906152546405792,1
0.25765153765678406,1
0.32181087136268616,1
0.4169538617134094,1
0.3194284439086914,1
0.42258280515670776,1
0.3643398582935333,1
0.32294049859046936,1
0.4174071252346039,1
0.4176851511001587,1
0.384082168340683,1
0.34149324893951416,1
0.3396066129207611,1
0.4182654321193695,1
0.3040097653865814,1
0.3414457142353058,1
0.31416311860084534,1
0.46781760454177856,1
0.3324815630912781,1
0.2560606002807617,1
0.291694700717926,1
0.3567056953907013,1
0.38621819019317627,1
0.38948920369148254,1
0.48627015948295593,1
0.21673697233200073,1
0.3235189616680145,1
0.4127710163593292,1
0.3044753670692444,1
0.2902469336986542,1
0.32520607113838196,1
0.35683590173721313,1
0.3656855821609497,1
0.460742712020874,1
0.35075777769088745,1
0.4121972322463989,1
0.2588230073451996,1
0.38086652755737305,1
0.3473445177078247,1
0.2786408066749573,1
0.3556532561779022,1
0.4285047650337219,1
0.32706698775291443,1
0.3499969244003296,1
0.3669924736022949,1
0.29604631662368774,1
0.39289775490760803,1
0.24424304068088531,1
0.439799964427948,1
0.37916162610054016,1
0.3083287179470062,1
0.36941826343536377,1
0.4614408314228058,1
0.39393287897109985,1
0.2982199192047119,1
0.39808565378189087,1
0.37186968326568604,1
0.35391294956207275,1
0.41339075565338135,1
0.4613910913467407,1
0.3632911741733551,1
0.30995041131973267,1
0.37495166063308716,1
0.3753929138183594,1
0.38878318667411804,1
0.4132547378540039,1
0.39596158266067505,1
0.32436323165893555,1
0.47465699911117554,1
0.35692161321640015,1
0.35054323077201843,1
0.3174991011619568,1
0.3754357695579529,1
0.3572085499763489,1
0.37492358684539795,1
0.29440420866012573,1
0.2413705289363861,1
0.3456619381904602,1
0.3850218951702118,1
0.3611975908279419,1
0.38927263021469116,1
0.4120940864086151,1
0.4727303981781006,1
0.5605157017707825,1
0.2704944610595703,1
0.34501633048057556,1
0.44409769773483276,1
0.3611738085746765,1
0.2612914443016052,1
0.2683573067188263,1
0.31533586978912354,1
0.41878339648246765,1
0.38394755125045776,1
0.41416674852371216,1
0.3928423225879669,1
0.4716941714286804,1
0.31963858008384705,1
0.2923911213874817,1
0.38460737466812134,1
0.2877729833126068,1
0.40794193744659424,1
0.3326781094074249,1
0.37152108550071716,1
0.32112839818000793,1
0.37523603439331055,1
0.3877720832824707,1
0.30363255739212036,1
0.41462811827659607,1
0.2975947856903076,1
0.35913118720054626,1
0.2743857800960541,1
0.4067555069923401,1
0.3469963073730469,1
0.4242892265319824,1
0.35933852195739746,1
0.4579662084579468,1
0.32878217101097107,1
0.3924136161804199,1
0.42995041608810425,1
0.30081307888031006,1
0.2870848476886749,1
0.3138125240802765,1
0.31108927726745605,1
0.29073530435562134,1
0.2653796076774597,1
0.33245107531547546,1
0.39037299156188965,1
0.38297396898269653,1
0.443692147731781,1
0.34755247831344604,1
0.3126547336578369,1
0.3385803699493408,1
0.38043761253356934,1
0.3620833456516266,1
0.3596367835998535,1
0.28646740317344666,1
0.3853808343410492,1
0.3901721239089966,1
0.2856396436691284,1
0.33753401041030884,1
0.35256874561309814,1
0.28538382053375244,1
0.3203335702419281,1
0.3414795696735382,1
0.38132917881011963,1
0.2663727104663849,1
0.2835293412208557,1
0.36259129643440247,1
0.4313991069793701,1
0.45111310482025146,1
0.32608044147491455,1
0.3296163082122803,1
0.29920268058776855,1
0.3862719237804413,1
0.36553850769996643,1
0.4444291591644287,1
0.36532527208328247,1
0.42019975185394287,1
0.28634020686149597,1
0.42118871212005615,1
0.4930611252784729,1
0.3361794054508209,1
0.3206768035888672,1
0.26482897996902466,1
0.37941044569015503,1
0.3601636290550232,1
0.3592410683631897,1
0.33991003036499023,1
0.3031781017780304,1
0.29626789689064026,1
0.30603381991386414,1
0.3477783203125,1
0.39620083570480347,1
0.3438379764556885,1
0.3738393783569336,1
0.3101613223552704,1
0.357313871383667,1
0.33084264397621155,1
0.3740062713623047,1
0.3912930190563202,1
0.3593389689922333,1
0.3270132541656494,1
0.3326587975025177,1
0.3872044086456299,1
0.31371989846229553,1
0.2984433174133301,1
0.35159093141555786,1
0.26003506779670715,1
0.33907490968704224,1
0.3275286853313446,1
0.31483131647109985,1
0.39140862226486206,1
0.29099956154823303,1
0.27303147315979004,1
0.4119238555431366,1
0.28853678703308105,1
0.295923113822937,1
0.47425639629364014,1
0.4402751326560974,1
0.3466101288795471,1
0.3576176166534424,1
0.3364596664905548,1
0.2963103950023651,1
0.36436206102371216,1
0.2613641619682312,1
0.4281069040298462,1
0.38061270117759705,1
0.382787823677063,1
0.2621018588542938,1
0.3849305510520935,1
0.37555551528930664,1
0.6014919281005859,1
0.4411463141441345,1
0.32941001653671265,1
0.42001873254776,1
0.44535166025161743,1
0.31468677520751953,1
0.4008828401565552,1
0.29042303562164307,1
0.42385369539260864,1
0.31270530819892883,1
0.2634952962398529,1
0.2677324116230011,1
0.34324994683265686,1
0.35236644744873047,1
0.31467336416244507,1
0.26299700140953064,1
0.28460827469825745,1
0.41141945123672485,1
0.44235578179359436,1
0.28381621837615967,1
0.36877283453941345,1
0.32692286372184753,1
0.252786785364151,1
0.3486655354499817,1
0.35688745975494385,1
0.3772733807563782,1
0.36461037397384644,1
0.4004210829734802,1
0.34246519207954407,1
0.3843207061290741,1
0.2648666799068451,1
0.2811438739299774,1
0.4358539581298828,1
0.26624923944473267,1
0.2950645387172699,1
0.48511743545532227,1
0.2959081828594208,1
0.35127538442611694,1
0.3815433979034424,1
0.3045404851436615,1
0.34856557846069336,1
0.37170183658599854,1
0.3268261253833771,1
0.29309356212615967,1
0.3869519829750061,1
0.3682974874973297,1
0.28299689292907715,1
0.31382274627685547,1
0.41546207666397095,1
0.4456357955932617,1
0.3949589431285858,1
0.30947476625442505,1
0.38769835233688354,1
0.41592052578926086,1
0.19489696621894836,1
0.4661291241645813,1
0.36290329694747925,1
0.29680800437927246,1
0.38659119606018066,1
0.32505568861961365,1
0.3276008367538452,1
0.3650946617126465,1
0.2649478018283844,1
0.34883615374565125,1
0.3749937117099762,1
0.36354607343673706,1
0.3199009895324707,1
0.28289902210235596,1
0.27080440521240234,1
0.29317203164100647,1
0.40534400939941406,1
0.44579434394836426,1
0.3592730760574341,1
0.30570054054260254,1
0.3686907887458801,1
0.27320054173469543,1
0.33034372329711914,1
0.4158640503883362,1
0.28377488255500793,1
0.4130244851112366,1
0.3005426228046417,1
0.5141350030899048,1
0.3858914375305176,1
0.38164517283439636,1
0.45938214659690857,1
0.3486340045928955,1
0.19755856692790985,1
0.38060373067855835,1
0.37373870611190796,1
0.4132205843925476,1
0.31608495116233826,1
0.38086074590682983,1
0.33943894505500793,1
0.27174001932144165,1
0.4173690676689148,1
0.32780149579048157,1
0.38380494713783264,1
0.3847045302391052,1
0.2705518305301666,1
0.44790416955947876,1
0.31511133909225464,1
0.33097150921821594,1
0.33392608165740967,1
0.34702813625335693,1
0.321094274520874,1
0.31079158186912537,1
0.540034294128418,1
0.29297351837158203,1
0.31653836369514465,1
0.27870872616767883,1
0.38907235860824585,1
0.26821422576904297,1
0.2595978379249573,1
0.3556536138057709,1
0.4045427739620209,1
0.4664996266365051,1
0.3483990728855133,1
0.46140360832214355,1
0.28900378942489624,1
0.44053494930267334,1
0.3443776071071625,1
0.35598063468933105,1
0.25264278054237366,1
0.32614749670028687,1
0.4031679630279541,1
0.32586050033569336,1
0.44116634130477905,1
0.3960558772087097,1
0.32730811834335327,1
0.410942941904068,1
0.39648303389549255,1
0.2200268805027008,1
0.3691714406013489,1
0.44262081384658813,1
0.4480856657028198,1
0.3000032901763916,1
0.3043535351753235,1
0.3533541262149811,1
0.3123907446861267,1
0.40171390771865845,1
0.44769471883773804,1
0.3685159385204315,1
0.34808483719825745,1
0.3281509280204773,1
0.42895179986953735,1
0.3891177475452423,1
0.3966965675354004,1
0.33443501591682434,1
0.28497615456581116,1
0.4339582622051239,1
0.34073370695114136,1
0.33049672842025757,1
0.31282180547714233,1
0.32464301586151123,1
0.4062083959579468,1
0.4551756978034973,1
0.2535932660102844,1
0.27430883049964905,1
0.31183043122291565,1
0.3528253138065338,1
0.43573811650276184,1
0.3713570237159729,1
0.327997624874115,1
0.2785413861274719,1
0.3016729950904846,1
0.34042632579803467,1
0.39387428760528564,1
0.35361090302467346,1
0.3276795446872711,1
0.40625137090682983,1
0.3919156491756439,1
0.3841874301433563,1
0.2546048164367676,1
0.42699041962623596,1
0.33369186520576477,1
0.2775050699710846,1
0.4439534842967987,1
0.34883546829223633,1
0.36122891306877136,1
0.24986480176448822,1
0.4168233275413513,1
0.3387671113014221,1
0.3418235182762146,1
0.41448697447776794,1
0.3224678337574005,1
0.29946115612983704,1
0.3150186538696289,1
0.27443087100982666,1
0.4401434063911438,1
0.360276997089386,1
0.32030925154685974,1
0.34965670108795166,1
0.40352168679237366,1
0.4596206545829773,1
0.3332999348640442,1
0.36886468529701233,1
0.4006459414958954,1
0.35032838582992554,1
0.408982515335083,1
0.23564769327640533,1
0.3963025212287903,1
0.4108767807483673,1
0.3256026804447174,1
0.3245530426502228,1
0.431729257106781,1
0.36075490713119507,1
0.3252171277999878,1
0.41119617223739624,1
0.3307240605354309,1
0.4301559627056122,1
0.2983596622943878,1
0.44055670499801636,1
0.30513790249824524,1
0.18878085911273956,1
0.33488553762435913,1
0.345615029335022,1
0.2518685758113861,1
0.3992408514022827,1
0.4018532633781433,1
0.4498181939125061,1
0.37443211674690247,1
0.30059579014778137,1
0.3915030360221863,1
0.2902762293815613,1
0.3252042829990387,1
0.3153885304927826,1
0.2493649125099182,1
0.28735411167144775,1
0.3786519169807434,1
0.4843764305114746,1
0.529392421245575,1
0.28769707679748535,1
0.329132616519928,1
0.43602168560028076,1
0.4479488730430603,1
0.37901461124420166,1
0.3956301808357239,1
0.3892015218734741,1
0.5153844356536865,1
0.40234312415122986,1
0.39424630999565125,1
0.3696346879005432,1
0.27810949087142944,1
0.33187955617904663,1
0.36497175693511963,1
0.497566282749176,1
0.3939899504184723,1
0.3540705442428589,1
0.37041786313056946,1
0.29306864738464355,1
0.3709704279899597,1
0.34077826142311096,1
0.3432733714580536,1
0.37450355291366577,1
0.40021812915802,1
0.2886476516723633,1
0.4163484275341034,1
0.3137623369693756,1
0.4272465109825134,1
0.4190906882286072,1
0.3553008437156677,1
0.3664284944534302,1
0.3038090169429779,1
0.4332517981529236,1
0.3334923982620239,1
0.4619128704071045,1
0.38026320934295654,1
0.37099722027778625,1
0.38723480701446533,1
0.3242054581642151,1
0.5010970830917358,1
0.34372273087501526,1
0.3024365305900574,1
0.5027444958686829,1
0.3006887137889862,1
0.3112269341945648,1
0.2528908848762512,1
0.4669739007949829,1
0.3466258943080902,1
0.3087718188762665,1
0.25574034452438354,1
0.3640686869621277,1
0.3844173848628998,1
0.3669716715812683,1
0.2615496814250946,1
0.357590913772583,1
0.297573059797287,1
0.3273744583129883,1
0.5124885439872742,1
0.4249974489212036,1
0.37711188197135925,1
0.446596622467041,1
0.39816105365753174,1
0.21142053604125977,1
0.4335150718688965,1
0.27729249000549316,1
0.31427133083343506,1
0.3618336319923401,1
0.3252623677253723,1
0.43570488691329956,1
0.30802884697914124,1
0.2752077877521515,1
0.28735506534576416,1
0.4684274196624756,1
0.36279118061065674,1
0.3345407247543335,1
0.34741291403770447,1
0.332576185464859,1
0.36899760365486145,1
0.38637039065361023,1
0.36333727836608887,1
0.35653018951416016,1
0.3264276683330536,1
0.28956297039985657,1
0.25278908014297485,1
0.6145548224449158,1
0.26518601179122925,1
0.4376508891582489,1
0.3569228947162628,1
0.4089643061161041,1
0.28716009855270386,1
0.3426913619041443,1
0.31315964460372925,1
0.4111015498638153,1
0.3271937370300293,1
0.4503832459449768,1
0.329005628824234,1
0.2937561273574829,1
0.3042626976966858,1
0.4120335578918457,1
0.31069791316986084,1
0.47102704644203186,1
0.2664424180984497,1
0.38399776816368103,1
0.4955626130104065,1
0.4315691292285919,1
0.4386650323867798,1
0.3251354694366455,1
0.3257920444011688,1
0.26848354935646057,1
0.35522598028182983,1
0.369265615940094,1
0.3599146604537964,1
0.3241780400276184,1
0.33091726899147034,1
0.4241161048412323,1
0.41223084926605225,1
0.31696799397468567,1
0.40709933638572693,1
0.37205979228019714,1
0.29680559039115906,1
0.27906331419944763,1
0.29985618591308594,1
0.3871464729309082,1
0.43507635593414307,1
0.3247063457965851,1
0.23182490468025208,1
0.3232922852039337,1
0.38597559928894043,1
0.35565418004989624,1
0.44363248348236084,1
0.2958705723285675,1
0.32355383038520813,1
0.40162450075149536,1
0.32327529788017273,1
0.41618555784225464,1
0.4289906919002533,1
0.3197709918022156,1
0.34962600469589233,1
0.36590397357940674,1
0.38161224126815796,1
0.36417001485824585,1
0.25287333130836487,1
0.35199376940727234,1
0.3512817919254303,1
0.33899375796318054,1
0.39626526832580566,1
0.45437920093536377,1
0.36915892362594604,1
0.3787286579608917,1
0.43569493293762207,1
0.4034680128097534,1
0.3716779053211212,1
0.2810000479221344,1
0.3006863594055176,1
0.3068036437034607,1
0.3018670976161957,1
0.34196922183036804,1
0.3059499263763428,1
0.26180651783943176,1
0.36380714178085327,1
0.4209166467189789,1
0.38570457696914673,1
0.347668319940567,1
0.30453652143478394,1
0.3711148500442505,1
0.46255409717559814,1
0.3876112997531891,1
0.3358348608016968,1
0.3747236132621765,1
0.3697459101676941,1
0.3076370358467102,1
0.47410500049591064,1
0.2957391142845154,1
0.40625688433647156,1
0.3307684659957886,1
0.3105179965496063,1
0.33716851472854614,1
0.33529236912727356,1
0.3513045012950897,1
0.35843026638031006,1
0.2816101908683777,1
0.3991750478744507,1
0.2818923890590668,1
0.34755033254623413,1
0.41390344500541687,1
0.317710816860199,1
0.4303973913192749,1
0.2886866331100464,1
0.5045262575149536,1
0.40211981534957886,1
0.34853243827819824,1
0.2543639540672302,1
0.27520066499710083,1
0.36292797327041626,1
0.34885257482528687,1
0.2766978442668915,1
0.48979616165161133,1
0.3684540390968323,1
0.42019903659820557,1
0.2590470016002655,1
0.37743937969207764,1
0.35660073161125183,1
0.2884143888950348,1
0.3182736337184906,1
0.2782483696937561,1
0.31544169783592224,1
0.40179044008255005,1
0.2826281189918518,1
0.41325706243515015,1
0.39375704526901245,1
0.28582441806793213,1
0.3370693624019623,1
0.3201906979084015,1
0.35582247376441956,1
0.3082579970359802,1
0.3521541953086853,1
0.3126384913921356,1
0.31744664907455444,1
0.3531154692173004,1
0.29331403970718384,1
0.24614590406417847,1
0.3581239581108093,1
0.3408324122428894,1
0.3679199814796448,1
0.3950241804122925,1
0.283639520406723,1
0.2852412760257721,1
0.384645015001297,1
0.421680748462677,1
0.3763788342475891,1
0.3367408215999603,1
0.29292336106300354,1
0.35059788823127747,1
0.4230179190635681,1
0.4867134392261505,1
0.21847495436668396,1
0.35015925765037537,1
0.4842246174812317,1
0.3432806134223938,1
0.34488582611083984,1
0.3296396732330322,1
0.2538427412509918,1
0.39244920015335083,1
0.26144227385520935,1
0.3035541772842407,1
0.38912680745124817,1
0.33209526538848877,1
0.45341187715530396,1
0.32709449529647827,1
0.2839551866054535,1
0.4461321234703064,1
0.32958588004112244,1
0.27114376425743103,1
0.39186760783195496,1
0.35582229495048523,1
0.18117186427116394,1
0.357199490070343,1
0.2679814100265503,1
0.3113858997821808,1
0.34659045934677124,1
0.2580547332763672,1
0.25576284527778625,1
0.291129469871521,1
0.3800126612186432,1
0.3779110908508301,1
0.36941564083099365,1
0.35878509283065796,1
0.3024950623512268,1
0.3101173937320709,1
0.21093550324440002,1
0.3712814152240753,1
0.2911199629306793,1
0.4529343545436859,1
0.3359873294830322,1
0.3145211935043335,1
0.4245370030403137,1
0.27126118540763855,1
0.3324071764945984,1
0.3450896143913269,1
0.37428802251815796,1
0.4973842203617096,1
0.21580255031585693,1
0.3357234597206116,1
0.31825536489486694,1
0.36674100160598755,1
0.29547563195228577,1
0.33231228590011597,1
0.32690438628196716,1
0.3871142268180847,1
0.35029563307762146,1
0.3423556685447693,1
0.37139856815338135,1
0.2685278654098511,1
0.3415223956108093,1
0.2801310122013092,1
0.3314233422279358,1
0.2840650975704193,1
0.29746171832084656,1
0.41470280289649963,1
0.2982175946235657,1
0.27917006611824036,1
0.26150381565093994,1
0.326876163482666,1
0.40419334173202515,1
0.3788738548755646,1
0.3675053119659424,1
0.381561815738678,1
0.27255064249038696,1
0.45725545287132263,1
0.4123721122741699,1
0.4182318150997162,1
0.5040279626846313,1
0.3532038629055023,1
0.36264052987098694,1
0.4112248420715332,1
0.47966957092285156,1
0.30783286690711975,1
0.3700348734855652,1
0.4701348543167114,1
0.3724188506603241,1
0.33852633833885193,1
0.3263317048549652,1
0.31468671560287476,1
0.3698042035102844,1
0.3453274965286255,1
0.3417342007160187,1
0.353352427482605,1
0.28092262148857117,1
0.29550623893737793,1
0.3604273796081543,1
0.3845592141151428,1
0.33748769760131836,1
0.4132271409034729,1
0.27006036043167114,1
0.33940744400024414,1
0.25715917348861694,1
0.36236870288848877,1
0.4150601029396057,1
0.3318701386451721,1
0.3327118754386902,1
0.44760656356811523,1
0.33195269107818604,1
0.3101252317428589,1
0.259676992893219,1
0.35977673530578613,1
0.3747432231903076,1
0.35750311613082886,1
0.4677353501319885,1
0.3646446168422699,1
0.3959861099720001,1
0.33218422532081604,1
0.3794142007827759,1
0.27117952704429626,1
0.36306071281433105,1
0.2804527282714844,1
0.27968114614486694,1
0.43759968876838684,1
0.4119400978088379,1
0.3747940957546234,1
0.3295593857765198,1
0.3515383303165436,1
0.38441628217697144,1
0.36423638463020325,1
0.28814223408699036,1
0.4260377883911133,1
0.3159988522529602,1
0.2719438076019287,1
0.4120803475379944,1
0.3742723762989044,1
0.3123820424079895,1
0.3332096338272095,1
0.3803257346153259,1
0.256405234336853,1
0.41692522168159485,1
0.2837366461753845,1
0.35902297496795654,1
0.297636479139328,1
0.4824325442314148,1
0.3617887794971466,1
0.3601396083831787,1
0.394022673368454,1
0.44748109579086304,1
0.33689701557159424,1
0.23869186639785767,1
0.3178933262825012,1
0.33752989768981934,1
0.3043213188648224,1
0.37089303135871887,1
0.290586918592453,1
0.2640535235404968,1
0.3477923274040222,1
0.42412152886390686,1
0.30690738558769226,1
0.382350891828537,1
0.3808037042617798,1
0.3157263994216919,1
0.42224302887916565,1
0.3227541744709015,1
0.5717933177947998,1
0.3064086437225342,1
0.5039809346199036,1
0.30978015065193176,1
0.3900567591190338,1
0.2639284133911133,1
0.4816499352455139,1
0.41344547271728516,1
0.2695411741733551,1
0.3922034502029419,1
0.404460072517395,1
0.29004961252212524,1
0.353086918592453,1
0.2944597601890564,1
0.29328203201293945,1
0.3351652920246124,1
0.35733914375305176,1
0.3311145305633545,1
0.3377997875213623,1
0.35739946365356445,1
0.32056331634521484,1
0.35385847091674805,1
0.3502277135848999,1
0.4207484722137451,1
0.5092845559120178,1
0.4511917531490326,1
0.487758994102478,1
0.38147860765457153,1
0.31492188572883606,1
0.373832106590271,1
0.3320089876651764,1
0.3608545660972595,1
0.4626328647136688,1
0.3016951382160187,1
0.26744544506073,1
0.4513894021511078,1
0.2945351004600525,1
0.2792096734046936,1
0.3865970969200134,1
0.2931517958641052,1
0.29233425855636597,1
0.353309690952301,1
0.3524152636528015,1
0.2650550901889801,1
0.3275631070137024,1
0.3716902732849121,1
0.3609720468521118,1
0.5046656131744385,1
0.38761651515960693,1
0.2642040550708771,1
0.363181471824646,1
0.4251228868961334,1
0.43880584836006165,1
0.47073328495025635,1
0.34426581859588623,1
0.46826884150505066,1
0.3645905554294586,1
0.4167710542678833,1
0.3579910695552826,1
0.30062565207481384,1
0.33197206258773804,1
0.3761900067329407,1
0.449737012386322,1
0.38583922386169434,1
0.2659396529197693,1
0.3541151285171509,1
0.3179094195365906,1
0.38512277603149414,1
0.2886269688606262,1
0.2892748713493347,1
0.34037432074546814,1
0.3542955815792084,1
0.35745492577552795,1
0.3107350468635559,1
0.3174327611923218,1
0.29871881008148193,1
0.41505470871925354,1
0.2825765609741211,1
0.3793129324913025,1
0.34011346101760864,1
0.3633883595466614,1
0.2355392724275589,1
0.3640604019165039,1
0.3506433367729187,1
0.3205955922603607,1
0.34367603063583374,1
0.3852424621582031,1
0.29774415493011475,1
0.38899803161621094,1
0.31350937485694885,1
0.3406022787094116,1
0.40648502111434937,1
0.32421672344207764,1
0.39783206582069397,1
0.3419879674911499,1
0.34938448667526245,1
0.3600980043411255,1
0.33479970693588257,1
0.43474650382995605,1
0.3354334235191345,1
0.42522063851356506,1
0.3999761939048767,1
0.2643829882144928,1
0.2610461115837097,1
0.31608936190605164,1
0.345427542924881,1
0.39960384368896484,1
0.39576253294944763,1
0.44040292501449585,1
0.5200552344322205,1
0.3021588921546936,1
0.4022407531738281,1
0.3673873841762543,1
0.3659234046936035,1
0.30544400215148926,1
0.4069984555244446,1
0.39498934149742126,1
0.28014951944351196,1
0.39758485555648804,1
0.3484899401664734,1
0.39297911524772644,1
0.3585844039916992,1
0.4312841296195984,1
0.3791676163673401,1
0.3226636052131653,1
0.36163443326950073,1
0.41054409742355347,1
0.5139371156692505,1
0.381728857755661,1
0.4513520896434784,1
0.3575246334075928,1
0.6056147217750549,1
0.4431106150150299,1
0.3459027111530304,1
0.41977930068969727,1
0.4331095814704895,1
0.4261411428451538,1
0.2710505425930023,1
0.36602190136909485,1
0.38776811957359314,1
0.34644001722335815,1
0.2517097294330597,1
0.30499616265296936,1
0.27146437764167786,1
0.4114746153354645,1
0.3717549443244934,1
0.35062289237976074,1
0.30793890357017517,1
0.2831323742866516,1
0.42024657130241394,1
0.38193026185035706,1
0.3087354600429535,1
0.326304167509079,1
0.35535138845443726,1
0.24566495418548584,1
0.4042595326900482,1
0.24649588763713837,1
0.2529866099357605,1
0.34096652269363403,1
0.41223961114883423,1
0.3092881143093109,1
0.3230411112308502,1
0.5232020616531372,1
0.35661831498146057,1
0.4046943485736847,1
0.35622113943099976,1
0.3965962529182434,1
0.4787226915359497,1
0.3698870837688446,1
0.3437393009662628,1
0.33030667901039124,1
0.3603808879852295,1
0.2439316064119339,1
0.23800429701805115,1
0.33204448223114014,1
0.3850714862346649,1
0.40775421261787415,1
0.2816283702850342,1
0.34116029739379883,1
0.31937623023986816,1
0.33551135659217834,1
0.3392752707004547,1
0.4422612190246582,1
0.3290879726409912,1
0.35262924432754517,1
0.4755699038505554,1
0.3088190257549286,1
0.47029268741607666,1
0.40501463413238525,1
0.41215360164642334,1
0.2697533667087555,1
0.40095970034599304,1
0.34372594952583313,1
0.30346906185150146,1
0.25880008935928345,1
0.33771514892578125,1
0.3692707121372223,1
0.263427734375,1
0.341403603553772,1
0.3616437315940857,1
0.3101383149623871,1
0.3521162271499634,1
0.3232121467590332,1
0.3818609416484833,1
0.34915676712989807,1
0.43105247616767883,1
0.3780684769153595,1
0.3517974019050598,1
0.27929097414016724,1
0.40038856863975525,1
0.30451518297195435,1
0.36072874069213867,1
0.36414456367492676,1
0.335962176322937,1
0.41161835193634033,1
0.3350781202316284,1
0.3811531662940979,1
0.27349621057510376,1
0.3658449649810791,1
0.3372407853603363,1
0.3130633533000946,1
0.2407919466495514,1
0.28150686621665955,1
0.3535253703594208,1
0.3563217520713806,1
0.4170188009738922,1
0.35555940866470337,1
0.367027223110199,1
0.21870166063308716,1
0.3317791223526001,1
0.22881373763084412,1
0.28252801299095154,1
0.32234275341033936,1
0.19575095176696777,1
0.29976052045822144,1
0.36779752373695374,1
0.3077906370162964,1
0.4442145526409149,1
0.34080052375793457,1
0.3415161967277527,1
0.30055272579193115,1
0.3774564266204834,1
0.2869184911251068,1
0.2639978229999542,1
0.32368260622024536,1
0.3519648313522339,1
0.3511659502983093,1
0.3186054229736328,1
0.4269174337387085,1
0.3029106855392456,1
0.31326454877853394,1
0.27922457456588745,1
0.3710595369338989,1
0.3681504428386688,1
0.3275490403175354,1
0.3936809003353119,1
0.4729672074317932,1
0.39257898926734924,1
0.30471569299697876,1
0.4496905207633972,1
0.37519389390945435,1
0.4861920475959778,1
0.3956010341644287,1
0.3125382959842682,1
0.4041818678379059,1
0.4191034138202667,1
0.30615225434303284,1
0.3267087936401367,1
0.3190605640411377,1
0.36465829610824585,1
0.20570886135101318,1
0.31101033091545105,1
0.3729402422904968,1
0.3398418128490448,1
0.381123423576355,1
0.3105928897857666,1
0.4451534152030945,1
0.43477848172187805,1
0.3248870372772217,1
0.40516841411590576,1
0.45906147360801697,1
0.3123050332069397,1
0.3139841556549072,1
0.30788224935531616,1
0.35614970326423645,1
0.31824570894241333,1
0.4037988781929016,1
0.4017585217952728,1
0.2987005114555359,1
0.222431018948555,1
0.41716277599334717,1
0.38697049021720886,1
0.4047664403915405,1
0.4228155016899109,1
0.35717469453811646,1
0.3765562176704407,1
0.2976740896701813,1
0.39096492528915405,1
0.28972214460372925,1
0.4200524091720581,1
0.45277291536331177,1
0.42142701148986816,1
0.4010193347930908,1
0.35164377093315125,1
0.33129334449768066,1
0.37147119641304016,1
0.38582921028137207,1
0.3589622378349304,1
0.3467104434967041,1
0.3604832887649536,1
0.5148516893386841,1
0.3211739659309387,1
0.331245094537735,1
0.33909088373184204,1
0.308230996131897,1
0.32750195264816284,1
0.284981369972229,1
0.3559079170227051,1
0.3789876103401184,1
0.29152870178222656,1
0.24318236112594604,1
0.27620095014572144,1
0.4385254979133606,1
0.460043728351593,1
0.3564368188381195,1
0.40436995029449463,1
0.2699890732765198,1
0.24051178991794586,1
0.40783220529556274,1
0.4075735807418823,1
0.29685893654823303,1
0.2840861976146698,1
0.40481895208358765,1
0.3816208839416504,1
0.36727654933929443,1
0.3869316875934601,1
0.29018980264663696,1
0.36633265018463135,1
0.43754321336746216,1
0.34295809268951416,1
0.2748061418533325,1
0.28750520944595337,1
0.3685820698738098,1
0.39268338680267334,1
0.3417917490005493,1
0.3813900351524353,1
0.435458779335022,1
0.37307143211364746,1
0.3793662190437317,1
0.4389413297176361,1
0.281087726354599,1
0.30569931864738464,1
0.2647550106048584,1
0.36365240812301636,1
0.39020872116088867,1
0.47883373498916626,1
0.3311595022678375,1
0.41453468799591064,1
0.32445773482322693,1
0.33973395824432373,1
0.4103739857673645,1
0.43340685963630676,1
0.32100093364715576,1
0.21442973613739014,1
0.35319793224334717,1
0.4112655520439148,1
0.34592774510383606,1
0.2955109477043152,1
0.3105107247829437,1
0.3190688490867615,1
0.27931874990463257,1
0.21626868844032288,1
0.4118554890155792,1
0.3746313154697418,1
0.29262128472328186,1
0.3370756208896637,1
0.2823639512062073,1
0.3854981064796448,1
0.42213618755340576,1
0.3174678087234497,1
0.3651387691497803,1
0.4079938530921936,1
0.31588542461395264,1
0.3991903066635132,1
0.3923289477825165,1
0.3938951790332794,1
0.3513459861278534,1
0.3578922152519226,1
0.3628855347633362,1
0.3750094175338745,1
0.3923490643501282,1
0.39368805289268494,1
0.2824881672859192,1
0.38653668761253357,1
0.3520236909389496,1
0.47002771496772766,1
0.38451939821243286,1
0.41565215587615967,1
0.39614298939704895,1
0.30050942301750183,1
0.24113473296165466,1
0.31451332569122314,1
0.4537331759929657,1
0.2541760504245758,1
0.27647945284843445,1
0.30879825353622437,1
0.30558112263679504,1
0.2996346056461334,1
0.38951796293258667,1
0.3885503113269806,1
0.32053476572036743,1
0.3394550085067749,1
0.3178631663322449,1
0.2866196036338806,1
0.2960766553878784,1
0.30267682671546936,1
0.3449384570121765,1
0.3767801523208618,1
0.4513075649738312,1
0.28882426023483276,1
0.26348674297332764,1
0.3183191418647766,1
0.3914158344268799,1
0.4229569435119629,1
0.3820854425430298,1
0.3904101848602295,1
0.2585793733596802,1
0.49352753162384033,1
0.4109647274017334,1
0.37124139070510864,1
0.4285684823989868,1
0.35224875807762146,1
0.2938218414783478,1
0.3029591143131256,1
0.3575083911418915,1
0.4349859654903412,1
0.27941280603408813,1
0.3288087844848633,1
0.46081769466400146,1
0.3249359726905823,1
0.40369778871536255,1
0.3012915253639221,1
0.3726782500743866,1
0.36248287558555603,1
0.30631744861602783,1
0.361264169216156,1
0.33827507495880127,1
0.39690476655960083,1
0.405132919549942,1
0.29450830817222595,1
0.4693980813026428,1
0.5503650903701782,1
0.26972728967666626,1
0.25834763050079346,1
0.3833840489387512,1
0.4494711756706238,1
0.4180420935153961,1
0.311623752117157,1
0.5459067225456238,1
0.39683815836906433,1
0.2156093418598175,1
0.28353866934776306,1
0.3440810441970825,1
0.34264111518859863,1
0.2965313792228699,1
0.3389003276824951,1
0.4146193861961365,1
0.3733685612678528,1
0.40035587549209595,1
0.2997647225856781,1
0.2560836970806122,1
0.2341439425945282,1
0.2787638306617737,1
0.3676057457923889,1
0.505914568901062,1
0.3742971122264862,1
0.42387309670448303,1
0.3728116750717163,1
0.38749930262565613,1
0.29407334327697754,1
0.3441036343574524,1
0.39043495059013367,1
0.35636210441589355,1
0.5431123971939087,1
0.4189531207084656,1
0.5783523321151733,1
0.3903222680091858,1
0.22056107223033905,1
0.3647075593471527,1
0.3401959538459778,1
0.3206716775894165,1
0.3862970471382141,1
0.3632284700870514,1
0.2806129455566406,1
0.3561359941959381,1
0.2720694839954376,1
0.34429094195365906,1
0.4229370355606079,1
0.4023978114128113,1
0.29282259941101074,1
0.39217478036880493,1
0.32000821828842163,1
0.3650346100330353,1
0.34396547079086304,1
0.39705193042755127,1
0.28371790051460266,1
0.40746814012527466,1
0.24103102087974548,1
0.3412783741950989,1
0.3208433985710144,1
0.36567893624305725,1
0.33653801679611206,1
0.31596726179122925,1
0.2595854103565216,1
0.551297664642334,1
0.3686642646789551,1
0.4018701910972595,1
0.3305945098400116,1
0.4048473834991455,1
0.27394944429397583,1
0.43112602829933167,1
0.30790477991104126,1
0.3001241087913513,1
0.4292795658111572,1
0.41675588488578796,1
0.47225016355514526,1
0.42236220836639404,1
0.37364259362220764,1
0.3307766318321228,1
0.33071839809417725,1
0.4389333128929138,1
0.49986180663108826,1
0.36827075481414795,1
0.31219959259033203,1
0.40238699316978455,1
0.29530954360961914,1
0.21795925498008728,1
0.22287967801094055,1
0.5086989402770996,1
0.3782522976398468,1
0.2879112958908081,1
0.4056991636753082,1
0.3900368809700012,1
0.4044182598590851,1
0.27846387028694153,1
0.3968627154827118,1
0.36654213070869446,1
0.39485228061676025,1
0.29148557782173157,1
0.3078908622264862,1
0.41025421023368835,1
0.3271428346633911,1
0.32943418622016907,1
0.3614514470100403,1
0.3239233195781708,1
0.5674729943275452,1
0.371477335691452,1
0.23918955028057098,1
0.425916850566864,1
0.3197355270385742,1
0.3057324290275574,1
0.30112794041633606,1
0.31500372290611267,1
0.45384809374809265,1
0.30415093898773193,1
0.39856889843940735,1
0.46213406324386597,1
0.35420483350753784,1
0.32958588004112244,1
0.32343995571136475,1
0.2846998870372772,1
0.2075428068637848,1
0.31293612718582153,1
0.40828055143356323,1
0.33669212460517883,1
0.264271080493927,1
0.3497253954410553,1
0.32821884751319885,1
0.3303441107273102,1
0.5026208162307739,1
0.35624706745147705,1
0.4962766170501709,1
0.4731597602367401,1
0.34124210476875305,1
0.3222509026527405,1
0.27679672837257385,1
0.3023812174797058,1
0.33533257246017456,1
0.3506681025028229,1
0.33818256855010986,1
0.3334730267524719,1
0.3393896520137787,1
0.2922303080558777,1
0.4344087839126587,1
0.520173966884613,1
0.3794471323490143,1
0.2945864796638489,1
0.33807533979415894,1
0.42660099267959595,1
0.290656179189682,1
0.331002414226532,1
0.36647656559944153,1
0.28041180968284607,1
0.3778432309627533,1
0.35761839151382446,1
0.27889350056648254,1
0.397615909576416,1
0.37081098556518555,1
0.3656128942966461,1
0.2660478353500366,1
0.3546059727668762,1
0.40809357166290283,1
0.3425666093826294,1
0.2743828296661377,1
0.3311760425567627,1
0.37048304080963135,1
0.4128133952617645,1
0.2548828125,1
0.33317500352859497,1
0.296325147151947,1
0.30942702293395996,1
0.3620009124279022,1
0.28973835706710815,1
0.370099812746048,1
0.44215914607048035,1
0.3627251088619232,1
0.33186018466949463,1
0.4885433316230774,1
0.32103389501571655,1
0.2656429708003998,1
0.36933213472366333,1
0.30551207065582275,1
0.3685075640678406,1
0.3457995057106018,1
0.3468039333820343,1
0.37778228521347046,1
0.2883804738521576,1
0.3595832884311676,1
0.3337346911430359,1
0.4049226641654968,1
0.4401077628135681,1
0.3418347239494324,1
0.3712175786495209,1
0.37980741262435913,1
0.34833961725234985,1
0.317257821559906,1
0.33259546756744385,1
0.35684746503829956,1
0.27695232629776,1
0.28574302792549133,1
0.3637421727180481,1
0.22712531685829163,1
0.3375742435455322,1
0.32698380947113037,1
0.5943570137023926,1
0.278046190738678,1
0.3382420837879181,1
0.3792193830013275,1
0.33151519298553467,1
0.3451458215713501,1
0.369711697101593,1
0.2990969717502594,1
0.35633498430252075,1
0.42153438925743103,1
0.27783167362213135,1
0.49782562255859375,1
0.38590651750564575,1
0.360224187374115,1
0.34738558530807495,1
0.39789462089538574,1
0.3256608247756958,1
0.32070815563201904,1
0.3847178816795349,1
0.3150601387023926,1
0.290323942899704,1
0.46608978509902954,1
0.270510733127594,1
0.3355115056037903,1
0.3919264078140259,1
0.32389768958091736,1
0.34570062160491943,1
0.3130357265472412,1
0.3129367530345917,1
0.3193087577819824,1
0.3854414224624634,1
0.28815168142318726,1
0.3680466413497925,1
0.3620139956474304,1
0.43437156081199646,1
0.3778004050254822,1
0.2807450294494629,1
0.43137186765670776,1
0.421390563249588,1
0.38744640350341797,1
0.27137190103530884,1
0.3001103699207306,1
0.4298534691333771,1
0.2561732828617096,1
0.2821280360221863,1
0.338783323764801,1
0.3762029707431793,1
0.24824389815330505,1
0.3455342650413513,1
0.3548363149166107,1
0.36562520265579224,1
0.3735300302505493,1
0.5090427398681641,1
0.3850823640823364,1
0.3426440954208374,1
0.4239848554134369,1
0.33057910203933716,1
0.33995091915130615,1
0.39000600576400757,1
0.34886616468429565,1
0.3904861807823181,1
0.2746385931968689,1
0.33634865283966064,1
0.39716827869415283,1
0.5692151784896851,1
0.33524200320243835,1
0.29696834087371826,1
0.3489733934402466,1
0.30889493227005005,1
0.3459165692329407,1
0.36325860023498535,1
0.3049064874649048,1
0.5163562297821045,1
0.3324856162071228,1
0.3300093114376068,1
0.3927023708820343,1
0.4480515122413635,1
0.2779579162597656,1
0.3589485287666321,1
0.3256959915161133,1
0.3223508298397064,1
0.24242955446243286,1
0.3093515634536743,1
0.36741021275520325,1
0.4068460166454315,1
0.3860628604888916,1
0.35905948281288147,1
0.3965234160423279,1
0.35789725184440613,1
0.4039720892906189,1
0.27011093497276306,1
0.4265604615211487,1
0.3833906650543213,1
0.42422688007354736,1
0.30339479446411133,1
0.3110480308532715,1
0.4100572466850281,1
0.4814528524875641,1
0.4004512429237366,1
0.435278058052063,1
0.30644547939300537,1
0.36527568101882935,1
0.41296637058258057,1
0.27934202551841736,1
0.37615424394607544,1
0.3890685439109802,1
0.33703047037124634,1
0.44234204292297363,1
0.41516387462615967,1
0.3846518397331238,1
0.27133217453956604,1
0.4025927782058716,1
0.5167132616043091,1
0.29525455832481384,1
0.3268219828605652,1
0.46966129541397095,1
0.2956477403640747,1
0.3933074474334717,1
0.4673157334327698,1
0.41480135917663574,1
0.3469415605068207,1
0.3549584150314331,1
0.3721734881401062,1
0.34959328174591064,1
0.37685006856918335,1
0.32264089584350586,1
0.38155674934387207,1
0.3749103248119354,1
0.322950541973114,1
0.36369645595550537,1
0.3960527181625366,1
0.4473649859428406,1
0.4235507547855377,1
0.4002359211444855,1
0.34743717312812805,1
0.37521079182624817,1
0.26476386189460754,1
0.34530287981033325,1
0.3311317563056946,1
0.267894446849823,1
0.3838810324668884,1
0.3280564546585083,1
0.35061773657798767,1
0.38840073347091675,1
0.28897398710250854,1
0.4402819275856018,1
0.3872705101966858,1
0.32541006803512573,1
0.34896570444107056,1
0.36461710929870605,1
0.47768059372901917,1
0.527655303478241,1
0.23587507009506226,1
0.40485286712646484,1
0.41331857442855835,1
0.4321943521499634,1
0.4107539653778076,1
0.41961532831192017,1
0.4773128926753998,1
0.37328433990478516,1
0.4588487148284912,1
0.3007321357727051,1
0.3140820562839508,1
0.2992499768733978,1
0.43436241149902344,1
0.44784754514694214,1
0.28308233618736267,1
0.3168756365776062,1
0.37519097328186035,1
0.2968677580356598,1
0.2972721755504608,1
0.2846916615962982,1
0.2867511808872223,1
0.41632455587387085,1
0.5263203978538513,1
0.3104124665260315,1
0.3782871961593628,1
0.472186416387558,1
0.3282542824745178,1
0.5823299884796143,1
0.33584463596343994,1
0.3511522114276886,1
0.25541889667510986,1
0.30151495337486267,1
0.3247511386871338,1
0.452384889125824,1
0.37184005975723267,1
0.39399510622024536,1
0.4126579761505127,1
0.37050002813339233,1
0.40321969985961914,1
0.34868890047073364,1
0.37202781438827515,1
0.2692776322364807,1
0.33756208419799805,1
0.4752555191516876,1
0.3564497232437134,1
0.4874323904514313,1
0.3059613108634949,1
0.37730643153190613,1
0.35073572397232056,1
0.41425061225891113,1
0.4439612925052643,1
0.30807551741600037,1
0.25386878848075867,1
0.3749675750732422,1
0.3922635316848755,1
0.39406079053878784,1
0.39865708351135254,1
0.39613181352615356,1
0.3620094358921051,1
0.3237558603286743,1
0.3046308159828186,1
0.34078291058540344,1
0.3310399651527405,1
0.339220255613327,1
0.324154794216156,1
0.2815706133842468,1
0.3620074391365051,1
0.44046035408973694,1
0.29841703176498413,1
0.3266926109790802,1
0.31662681698799133,1
0.39226698875427246,1
0.4561392664909363,1
0.5100781321525574,1
0.44696104526519775,1
0.2960280179977417,1
0.2834318280220032,1
0.30922800302505493,1
0.25722071528434753,1
0.37825337052345276,1
0.3300625681877136,1
0.4446426033973694,1
0.3707641661167145,1
0.45808106660842896,1
0.38972580432891846,1
0.3794185519218445,1
0.22116851806640625,1
0.3013150095939636,1
0.3666391670703888,1
0.2516716718673706,1
0.3483567237854004,1
0.3224221467971802,1
0.25832444429397583,1
0.35527247190475464,1
0.4169713258743286,1
0.33811691403388977,1
0.3718075454235077,1
0.3099845051765442,1
0.39886611700057983,1
0.4984843134880066,1
0.3775438070297241,1
0.29692721366882324,1
0.4658384919166565,1
0.281209260225296,1
0.49875950813293457,1
0.3390021026134491,1
0.4006274342536926,1
0.3535400331020355,1
0.32522347569465637,1
0.27221426367759705,1
0.36037904024124146,1
0.29053544998168945,1
0.5396547317504883,1
0.4526025652885437,1
0.4052630066871643,1
0.3378545045852661,1
0.33148685097694397,1
0.35320791602134705,1
0.2909632921218872,1
0.3137509822845459,1
0.38730233907699585,1
0.25111284852027893,1
0.4387962818145752,1
0.28274932503700256,1
0.4411768317222595,1
0.29103124141693115,1
0.35006892681121826,1
0.41955453157424927,1
0.34858930110931396,1
0.3334871530532837,1
0.33191871643066406,1
0.3262939751148224,1
0.20607441663742065,1
0.3180679678916931,1
0.31516003608703613,1
0.31447312235832214,1
0.24201709032058716,1
0.3629714846611023,1
0.4206555187702179,1
0.3427830934524536,1
0.3503339886665344,1
0.38047656416893005,1
0.28654947876930237,1
0.32382553815841675,1
0.3037238121032715,1
0.41725775599479675,1
0.40504729747772217,1
0.2895435392856598,1
0.2910025715827942,1
0.20505361258983612,1
0.3031734228134155,1
0.28930386900901794,1
0.44481605291366577,1
0.43891823291778564,1
0.3351724147796631,1
0.4093594551086426,1
0.38474541902542114,1
0.32930701971054077,1
0.35566985607147217,1
0.3486366868019104,1
0.3195763826370239,1
0.42639005184173584,1
0.3831978142261505,1
0.39251112937927246,1
0.3262787461280823,1
0.2939627170562744,1
0.3297194242477417,1
0.3569446802139282,1
0.36138445138931274,1
0.32991933822631836,1
0.3304823040962219,1
0.378217488527298,1
0.27255257964134216,1
0.37885433435440063,1
0.31622314453125,1
0.24026639759540558,1
0.352096825838089,1
0.37873202562332153,1
0.2625865936279297,1
0.3415626585483551,1
0.4166867136955261,1
0.3470383286476135,1
0.3665826916694641,1
0.41222137212753296,1
0.4580206274986267,1
0.3382004499435425,1
0.23797400295734406,1
0.31713491678237915,1
0.4483327865600586,1
0.2907169461250305,1
0.2853430509567261,1
0.3844525218009949,1
0.3458651304244995,1
0.393804132938385,1
0.3342136740684509,1
0.3295266628265381,1
0.27046316862106323,1
0.3382487893104553,1
0.26394784450531006,1
0.33469611406326294,1
0.3245465159416199,1
0.3344109058380127,1
0.2838447093963623,1
0.2832884192466736,1
0.4016653001308441,1
0.41308706998825073,1
0.4419708847999573,1
0.34665489196777344,1
0.3680175244808197,1
0.29508018493652344,1
0.4046080708503723,1
0.3957587480545044,1
0.3959946930408478,1
0.2825137674808502,1
0.5577391386032104,1
0.42017337679862976,1
0.3354889452457428,1
0.32544490694999695,1
0.32822558283805847,1
0.36567628383636475,1
0.35215288400650024,1
0.5057662129402161,1
0.2984040677547455,1
0.34580934047698975,1
0.3574654757976532,1
0.23640413582324982,1
0.3209814429283142,1
0.2794575095176697,1
0.38783887028694153,1
0.13424932956695557,1
0.36498403549194336,1
0.3847881257534027,1
0.28876179456710815,1
0.3015598654747009,1
0.2871418595314026,1
0.46519723534584045,1
0.4737238883972168,1
0.25269150733947754,1
0.33234283328056335,1
0.33006787300109863,1
0.33645862340927124,1
0.3730577230453491,1
0.5127178430557251,1
0.40695053339004517,1
0.3310536742210388,1
0.26281294226646423,1
0.4784731864929199,1
0.423972487449646,1
0.28281277418136597,1
0.3486679196357727,1
0.32221052050590515,1
0.3787454068660736,1
0.29471880197525024,1
0.3807509243488312,1
0.40519386529922485,1
0.3443688154220581,1
0.338924765586853,1
0.3341870903968811,1
0.2534657418727875,1
0.3572946786880493,1
0.3706267774105072,1
0.2690243422985077,1
0.3709082007408142,1
0.35246384143829346,1
0.38994479179382324,1
0.3695448040962219,1
0.47669440507888794,1
0.2970702648162842,1
0.3856900930404663,1
0.3975498378276825,1
0.31284162402153015,1
0.33501216769218445,1
0.3349010944366455,1
0.2906397879123688,1
0.3973207473754883,1
0.3540452718734741,1
0.28038889169692993,1
0.40440142154693604,1
0.3186231553554535,1
0.39505502581596375,1
0.3885585069656372,1
0.3695916533470154,1
0.33172816038131714,1
0.2991710901260376,1
0.34906503558158875,1
0.40777838230133057,1
0.3718375563621521,1
0.3510032296180725,1
0.4952411651611328,1
0.4286642074584961,1
0.2234649956226349,1
0.2933143079280853,1
0.3563306927680969,1
0.36334919929504395,1
0.28553497791290283,1
0.4113810062408447,1
0.2945733666419983,1
0.47023338079452515,1
0.4128768742084503,1
0.371128648519516,1
0.4097079336643219,1
0.40033721923828125,1
0.4376346468925476,1
0.24204260110855103,1
0.3241015076637268,1
0.3836684823036194,1
0.3623044788837433,1
0.40278369188308716,1
0.3511567711830139,1
0.33529147505760193,1
0.28724464774131775,1
0.330591082572937,1
0.32107165455818176,1
0.3145086467266083,1
0.37052446603775024,1
0.373792439699173,1
0.285339891910553,1
0.3135509490966797,1
0.45300549268722534,1
0.463496595621109,1
0.28115829825401306,1
0.3466547727584839,1
0.3280538320541382,1
0.3047388195991516,1
0.33778122067451477,1
0.3053869307041168,1
0.40700381994247437,1
0.30822619795799255,1
0.3664191663265228,1
0.38334330916404724,1
0.22964930534362793,1
0.47167205810546875,1
0.2654414474964142,1
0.38552629947662354,1
0.33987531065940857,1
0.3271501660346985,1
0.3847602307796478,1
0.3851386308670044,1
0.3405238389968872,1
0.27230995893478394,1
0.3384256660938263,1
0.2990351915359497,1
0.2879618704319,1
0.3744978606700897,1
0.40962105989456177,1
0.2926786541938782,1
0.34127068519592285,1
0.3960181176662445,1
0.353143572807312,1
0.4099915623664856,1
0.26139405369758606,1
0.3402877449989319,1
0.287050724029541,1
0.36068055033683777,1
0.39390426874160767,1
0.3555617332458496,1
0.2578698694705963,1
0.44980788230895996,1
0.337531715631485,1
0.39511770009994507,1
0.29846644401550293,1
0.32829588651657104,1
0.22113746404647827,1
0.2923876941204071,1
0.38645654916763306,1
0.3156370520591736,1
0.3239056169986725,1
0.41701972484588623,1
0.4250897169113159,1
0.3333176374435425,1
0.3800080418586731,1
0.4297283887863159,1
0.3591848313808441,1
0.3221220076084137,1
0.31907179951667786,1
0.3953973352909088,1
0.32554614543914795,1
0.4387301802635193,1
0.38615792989730835,1
0.4457201361656189,1
0.3593675494194031,1
0.4923432767391205,1
0.3493800163269043,1
0.3439958691596985,1
0.40126460790634155,1
0.32549867033958435,1
0.4898386001586914,1
0.32160308957099915,1
0.40218448638916016,1
0.4521116018295288,1
0.29198208451271057,1
0.25157487392425537,1
0.40587401390075684,1
0.3522084951400757,1
0.33438634872436523,1
0.31162506341934204,1
0.461609423160553,1
0.28743526339530945,1
0.3252204656600952,1
0.30316904187202454,1
0.2910846173763275,1
0.320525586605072,1
0.4326733648777008,1
0.30162811279296875,1
0.34617602825164795,1
0.538858950138092,1
0.3330099582672119,1
0.3647793233394623,1
0.32695573568344116,1
0.34304940700531006,1
0.36791732907295227,1
0.4113810360431671,1
0.49879398941993713,1
0.36488819122314453,1
0.38445568084716797,1
0.39503705501556396,1
0.3686153292655945,1
0.38526982069015503,1
0.26783114671707153,1
0.33145827054977417,1
0.280500590801239,1
0.44146132469177246,1
0.4199405312538147,1
0.4107320010662079,1
0.33090728521347046,1
0.4654005169868469,1
0.3144432306289673,1
0.3461395800113678,1
0.37633538246154785,1
0.3456963002681732,1
0.36657261848449707,1
0.3216853737831116,1
0.35354626178741455,1
0.37175461649894714,1
0.31586864590644836,1
0.39070001244544983,1
0.3734307587146759,1
0.31946051120758057,1
0.31468629837036133,1
0.2700382471084595,1
0.4045899510383606,1
0.4136269688606262,1
0.48577606678009033,1
0.3326271176338196,1
0.37984219193458557,1
0.3433821499347687,1
0.3823484778404236,1
0.35775452852249146,1
0.3609097898006439,1
0.2875192165374756,1
0.5383535623550415,1
0.3739262521266937,1
0.3295420706272125,1
0.2936238646507263,1
0.4331807494163513,1
0.30046048760414124,1
0.32650721073150635,1
0.3054313361644745,1
0.37881332635879517,1
0.26044169068336487,1
0.44310903549194336,1
0.4217867851257324,1
0.3527070879936218,1
0.281311571598053,1
0.36713749170303345,1
0.3411233425140381,1
0.308071494102478,1
0.3851830065250397,1
0.2694573700428009,1
0.2939065098762512,1
0.37032607197761536,1
0.2998855412006378,1
0.3139427900314331,1
0.2477073073387146,1
0.28096798062324524,1
0.3938140571117401,1
0.35378721356391907,1
0.39073145389556885,1
0.3746405839920044,1
0.44622328877449036,1
0.41935980319976807,1
0.32671791315078735,1
0.3778523802757263,1
0.41047385334968567,1
0.3577841520309448,1
0.2960274815559387,1
0.20860490202903748,1
0.392821729183197,1
0.34787222743034363,1
0.3969622254371643,1
0.37956684827804565,1
0.30045363306999207,1
0.2838630676269531,1
0.41201120615005493,1
0.30482181906700134,1
0.24071422219276428,1
0.2942352592945099,1
0.30633023381233215,1
0.2736549973487854,1
0.4041147232055664,1
0.39679214358329773,1
0.3364102244377136,1
0.3253703713417053,1
0.2793847620487213,1
0.4924227297306061,1
0.3517012298107147,1
0.36205682158470154,1
0.2781935930252075,1
0.5723139643669128,1
0.3687950372695923,1
0.3627569079399109,1
0.3353806138038635,1
0.35465142130851746,1
0.34951138496398926,1
0.406277060508728,1
0.5091782808303833,1
0.3714839518070221,1
0.3098677694797516,1
0.3684999644756317,1
0.341153621673584,1
0.45717212557792664,1
0.3776029944419861,1
0.30434781312942505,1
0.3214609622955322,1
0.40240657329559326,1
0.372295618057251,1
0.2985033690929413,1
0.3387831449508667,1
0.4052679240703583,1
0.2880443036556244,1
0.29233020544052124,1
0.3474125862121582,1
0.35966163873672485,1
0.34519121050834656,1
0.3695615828037262,1
0.4803142547607422,1
0.2976229190826416,1
0.4122719466686249,1
0.36710891127586365,1
0.3651367425918579,1
0.18942289054393768,1
0.3377191126346588,1
0.423932284116745,1
0.4294355511665344,1
0.2436840832233429,1
0.4287126958370209,1
0.5113357901573181,1
0.3403025269508362,1
0.5155618190765381,1
0.36944374442100525,1
0.32687878608703613,1
0.32545045018196106,1
0.404482364654541,1
0.42765378952026367,1
0.33479058742523193,1
0.22572053968906403,1
0.4284350872039795,1
0.3283592164516449,1
0.40135735273361206,1
0.3665256202220917,1
0.42747753858566284,1
0.306132435798645,1
0.3370974659919739,1
0.3306831121444702,1
0.36517706513404846,1
0.33669766783714294,1
0.2784113883972168,1
0.4376756250858307,1
0.3010725975036621,1
0.4014619290828705,1
0.42417141795158386,1
0.356166273355484,1
0.25789332389831543,1
0.3428211808204651,1
0.2717001438140869,1
0.45475518703460693,1
0.3784976005554199,1
0.3270493447780609,1
0.3625025153160095,1
0.43442612886428833,1
0.3504246473312378,1
0.32735952734947205,1
0.39976462721824646,1
0.3826732933521271,1
0.3900449872016907,1
0.36312082409858704,1
0.3884813189506531,1
0.3535115420818329,1
0.38813266158103943,1
0.3323860764503479,1
0.4282667934894562,1
0.32311034202575684,1
0.36348479986190796,1
0.4101465940475464,1
0.3870641589164734,1
0.37222304940223694,1
0.33908000588417053,1
0.37103646993637085,1
0.3984149098396301,1
0.3277471959590912,1
0.3474394679069519,1
0.33608749508857727,1
0.3538704812526703,1
0.3534276783466339,1
0.4393269419670105,1
0.3612065315246582,1
0.39289841055870056,1
0.30016031861305237,1
0.3384667634963989,1
0.43498679995536804,1
0.33920639753341675,1
0.34421148896217346,1
0.45119649171829224,1
0.3812674880027771,1
0.3025970458984375,1
0.2722890079021454,1
0.20994922518730164,1
0.34337809681892395,1
0.30009257793426514,1
0.3606109619140625,1
0.48534366488456726,1
0.35893186926841736,1
0.36200496554374695,1
0.3735828399658203,1
0.37073493003845215,1
0.27366903424263,1
0.33219391107559204,1
0.3258417248725891,1
0.30769336223602295,1
0.4025392234325409,1
0.257577508687973,1
0.3123892545700073,1
0.4069887399673462,1
0.255740761756897,1
0.28504815697669983,1
0.3079822361469269,1
0.23460914194583893,1
0.3243429362773895,1
0.34865283966064453,1
0.40679895877838135,1
0.35415413975715637,1
0.5025137662887573,1
0.26745355129241943,1
0.3377375900745392,1
0.36592480540275574,1
0.3043461740016937,1
0.35274985432624817,1
0.26177987456321716,1
0.3391801118850708,1
0.37070780992507935,1
0.339402973651886,1
0.364785373210907,1
0.2983163297176361,1
0.4537512958049774,1
0.36655372381210327,1
0.3845295310020447,1
0.33652037382125854,1
0.42133796215057373,1
0.36201369762420654,1
0.34487640857696533,1
0.29807689785957336,1
0.3113669157028198,1
0.4536193013191223,1
0.34796082973480225,1
0.4405100643634796,1
0.34373924136161804,1
0.30246442556381226,1
0.42334023118019104,1
0.4185272455215454,1
0.29088982939720154,1
0.3617762625217438,1
0.33434176445007324,1
0.27446573972702026,1
0.4087698459625244,1
0.39544880390167236,1
0.3092203736305237,1
0.30579113960266113,1
0.31971272826194763,1
0.365012526512146,1
0.3695456385612488,1
0.280094712972641,1
0.2758060395717621,1
0.33600500226020813,1
0.37404656410217285,1
0.32123082876205444,1
0.27026230096817017,1
0.33872705698013306,1
0.36286866664886475,1
0.3435707986354828,1
0.3435376286506653,1
0.5024575591087341,1
0.40969616174697876,1
0.2716014087200165,1
0.31126725673675537,1
0.42160847783088684,1
0.268136203289032,1
0.307689368724823,1
0.43044495582580566,1
0.23748722672462463,1
0.4740507900714874,1
0.5247699618339539,1
0.3704019784927368,1
0.26008734107017517,1
0.33999019861221313,1
0.2756274342536926,1
0.3686583340167999,1
0.3400403559207916,1
0.39191752672195435,1
0.36801135540008545,1
0.32478684186935425,1
0.3654736280441284,1
0.3620457649230957,1
0.4094190299510956,1
0.40313467383384705,1
0.24041585624217987,1
0.29709768295288086,1
0.32480061054229736,1
0.34223616123199463,1
0.2717248499393463,1
0.37982624769210815,1
0.28200286626815796,1
0.312111496925354,1
0.29030993580818176,1
0.3725506365299225,1
0.40879809856414795,1
0.33322831988334656,1
0.3772440254688263,1
0.3123762309551239,1
0.3957924544811249,1
0.38484498858451843,1
0.32102513313293457,1
0.35524532198905945,1
0.36844050884246826,1
0.3522220253944397,1
0.41356009244918823,1
0.273770272731781,1
0.3901411294937134,1
0.4107220768928528,1
0.37647897005081177,1
0.3152739703655243,1
0.3416934907436371,1
0.24018467962741852,1
0.49308937788009644,1
0.37404507398605347,1
0.41790416836738586,1
0.3291541337966919,1
0.41756516695022583,1
0.2738775312900543,1
0.4202938675880432,1
0.3180725872516632,1
0.23616239428520203,1
0.41325265169143677,1
0.37466540932655334,1
0.320963054895401,1
0.46075010299682617,1
0.34779760241508484,1
0.4369411766529083,1
0.3416673243045807,1
0.3621959388256073,1
0.3644106686115265,1
0.3710874319076538,1
0.31256431341171265,1
0.2842012941837311,1
0.3385190963745117,1
0.33256423473358154,1
0.29505160450935364,1
0.29003363847732544,1
0.35872581601142883,1
0.47234195470809937,1
0.39331018924713135,1
0.24213409423828125,1
0.3222143352031708,1
0.3536810278892517,1
0.31851911544799805,1
0.3450715243816376,1
0.3213062286376953,1
0.45531541109085083,1
0.338588684797287,1
0.368583619594574,1
0.4399212598800659,1
0.24789007008075714,1
0.5067455768585205,1
0.4333628714084625,1
0.2532895505428314,1
0.39090320467948914,1
0.46273502707481384,1
0.3761724829673767,1
0.38438642024993896,1
0.2679426074028015,1
0.3375769853591919,1
0.3647301197052002,1
0.28910359740257263,1
0.35002073645591736,1
0.3077883720397949,1
0.36661094427108765,1
0.3792918622493744,1
0.5149246454238892,1
0.3659847378730774,1
0.2805500328540802,1
0.39183318614959717,1
0.41843634843826294,1
0.26979348063468933,1
0.30987268686294556,1
0.37445324659347534,1
0.2508593201637268,1
0.3752216696739197,1
0.44879770278930664,1
0.37995848059654236,1
0.3271321952342987,1
0.3639465272426605,1
0.3321039080619812,1
0.3693602979183197,1
0.38244980573654175,1
0.36462366580963135,1
0.2519301474094391,1
0.46051931381225586,1
0.22983556985855103,1
0.3152824938297272,1
0.35535794496536255,1
0.4082091450691223,1
0.41536596417427063,1
0.41052794456481934,1
0.3669528365135193,1
0.3121560215950012,1
0.30576610565185547,1
0.3320198655128479,1
0.4028928577899933,1
0.3362180292606354,1
0.31785210967063904,1
0.32138437032699585,1
0.41222748160362244,1
0.24816951155662537,1
0.2838408946990967,1
0.40957745909690857,1
0.39440715312957764,1
0.4282730221748352,1
0.36050572991371155,1
0.3512074947357178,1
0.27701857686042786,1
0.2320263385772705,1
0.3717845678329468,1
0.294203519821167,1
0.29337137937545776,1
0.35828375816345215,1
0.4153391718864441,1
0.34081387519836426,1
0.3315490484237671,1
0.4079321622848511,1
0.32201921939849854,1
0.27687492966651917,1
0.24487222731113434,1
0.37997686862945557,1
0.35695743560791016,1
0.34361618757247925,1
0.32828739285469055,1
0.2799246609210968,1
0.37745189666748047,1
0.36369186639785767,1
0.39260199666023254,1
0.3995855152606964,1
0.21915264427661896,1
0.34291350841522217,1
0.3140069842338562,1
0.4082203507423401,1
0.3382585644721985,1
0.2695087194442749,1
0.26546037197113037,1
0.34268197417259216,1
0.4539338946342468,1
0.5123115181922913,1
0.3181200623512268,1
0.46066153049468994,1
0.3329513370990753,1
0.2808440327644348,1
0.4025125503540039,1
0.351743221282959,1
0.38469672203063965,1
0.29557693004608154,1
0.2227637767791748,1
0.43534740805625916,1
0.42005348205566406,1
0.4686216711997986,1
0.3200529217720032,1
0.3181394934654236,1
0.3479735255241394,1
0.4043278694152832,1
0.3672159016132355,1
0.38439616560935974,1
0.2533532977104187,1
0.37219637632369995,1
0.40666207671165466,1
0.3768502473831177,1
0.4171697795391083,1
0.3121076226234436,1
0.3761577010154724,1
0.30238616466522217,1
0.3636385202407837,1
0.41964179277420044,1
0.44739606976509094,1
0.36094987392425537,1
0.32834067940711975,1
0.4893620014190674,1
0.32946497201919556,1
0.3471445143222809,1
0.40995073318481445,1
0.49082058668136597,1
0.460021048784256,1
0.3422199785709381,1
0.2863111197948456,1
0.38323143124580383,1
0.3657427728176117,1
0.39427387714385986,1
0.3654913306236267,1
0.2868824303150177,1
0.34489527344703674,1
0.3054637610912323,1
0.4227168560028076,1
0.27027255296707153,1
0.4306360185146332,1
0.3702721893787384,1
0.3390544056892395,1
0.3589855134487152,1
0.25122952461242676,1
0.39084097743034363,1
0.3979562222957611,1
0.32269400358200073,1
0.37849414348602295,1
0.32030558586120605,1
0.36149701476097107,1
0.3610934913158417,1
0.40024277567863464,1
0.36037975549697876,1
0.4145478904247284,1
0.36947813630104065,1
0.4335414171218872,1
0.4357917308807373,1
0.34685587882995605,1
0.25265371799468994,1
0.3404618501663208,1
0.3223646283149719,1
0.21409370005130768,1
0.4876165986061096,1
0.31531816720962524,1
0.29552584886550903,1
0.3837431073188782,1
0.3428826928138733,1
0.3733885884284973,1
0.40197044610977173,1
0.32623177766799927,1
0.24918097257614136,1
0.2643967568874359,1
0.40129274129867554,1
0.2941853404045105,1
0.572844922542572,1
0.388952374458313,1
0.3242532014846802,1
0.351553738117218,1
0.2927800118923187,1
0.496926486492157,1
0.4580652117729187,1
0.38759952783584595,1
0.3460979163646698,1
0.4698818325996399,1
0.34216633439064026,1
0.38318127393722534,1
0.4057021141052246,1
0.3800552189350128,1
0.3535642623901367,1
0.35615596175193787,1
0.4386889338493347,1
0.37836623191833496,1
0.27966997027397156,1
0.356867253780365,1
0.2433493733406067,1
0.36437708139419556,1
0.2710201144218445,1
0.3931999206542969,1
0.27143338322639465,1
0.37345415353775024,1
0.3012382686138153,1
0.32836148142814636,1
0.40173545479774475,1
0.3385103940963745,1
0.22962242364883423,1
0.3320925831794739,1
0.21268422901630402,1
0.30548080801963806,1
0.2983396649360657,1
0.24117490649223328,1
0.2804388403892517,1
0.3403450846672058,1
0.37813377380371094,1
0.3728886544704437,1
0.40182071924209595,1
0.28289419412612915,1
0.37094739079475403,1
0.3031797707080841,1
0.26785746216773987,1
0.3211877644062042,1
0.3233186602592468,1
0.31118154525756836,1
0.4471272826194763,1
0.27889275550842285,1
0.25027355551719666,1
0.33571183681488037,1
0.3333396315574646,1
0.5519932508468628,1
0.31042829155921936,1
0.41746383905410767,1
0.36641934514045715,1
0.3477022349834442,1
0.3764176368713379,1
0.2858571410179138,1
0.42351439595222473,1
0.33187049627304077,1
0.3023122549057007,1
0.23632165789604187,1
0.35752275586128235,1
0.3251972198486328,1
0.3453328013420105,1
0.4440348446369171,1
0.3949217200279236,1
0.3098811209201813,1
0.541883111000061,1
0.2946074306964874,1
0.3348327875137329,1
0.28563418984413147,1
0.31578391790390015,1
0.4336065649986267,1
0.24228063225746155,1
0.3752645254135132,1
0.40242528915405273,1
0.44118940830230713,1
0.32176387310028076,1
0.4542091488838196,1
0.31150180101394653,1
0.3780484199523926,1
0.36557626724243164,1
0.3285771310329437,1
0.3499499559402466,1
0.35912907123565674,1
0.3327617645263672,1
0.39052116870880127,1
0.2922537922859192,1
0.3055950105190277,1
0.3524054288864136,1
0.30632781982421875,1
0.3422279953956604,1
0.36362186074256897,1
0.3149382770061493,1
0.3770434260368347,1
0.3857397735118866,1
0.26887544989585876,1
0.4135543704032898,1
0.3001778721809387,1
0.29948341846466064,1
0.33040404319763184,1
0.4036828577518463,1
0.3054310977458954,1
0.41329583525657654,1
0.3670346736907959,1
0.26868700981140137,1
0.30752262473106384,1
0.2806521952152252,1
0.27256935834884644,1
0.36117085814476013,1
0.26190322637557983,1
0.33684849739074707,1
0.3203018009662628,1
0.5456503629684448,1
0.33336183428764343,1
0.391211599111557,1
0.32366040349006653,1
0.2870834469795227,1
0.34401935338974,1
0.34003663063049316,1
0.32336193323135376,1
0.4380874037742615,1
0.33557426929473877,1
0.421908974647522,1
0.3836914002895355,1
0.40278762578964233,1
0.42263007164001465,1
0.4050860106945038,1
0.40235432982444763,1
0.3739853501319885,1
0.37347039580345154,1
0.35709279775619507,1
0.24459995329380035,1
0.36852559447288513,1
0.3481304943561554,1
0.4043349027633667,1
0.48881399631500244,1
0.29869797825813293,1
0.2671554386615753,1
0.23046615719795227,1
0.3379201292991638,1
0.3209521174430847,1
0.31842923164367676,1
0.3537113070487976,1
0.319613516330719,1
0.4684658348560333,1
0.531022846698761,1
0.3313782811164856,1
0.3228946328163147,1
0.3990755081176758,1
0.2619748115539551,1
0.40495070815086365,1
0.38639742136001587,1
0.4676513671875,1
0.25374218821525574,1
0.2370619773864746,1
0.3744860291481018,1
0.29852497577667236,1
0.32847854495048523,1
0.27464690804481506,1
0.40636777877807617,1
0.3980714678764343,1
0.3197906017303467,1
0.4312460422515869,1
0.5165640115737915,1
0.31374943256378174,1
0.2800493538379669,1
0.4058993458747864,1
0.2710983157157898,1
0.525919497013092,1
0.3418937623500824,1
0.3727499842643738,1
0.4144665598869324,1
0.3590821623802185,1
0.41427284479141235,1
0.3362717926502228,1
0.37226560711860657,1
0.38119035959243774,1
0.3415001928806305,1
0.3421264588832855,1
0.3835889995098114,1
0.3899543583393097,1
0.4322821795940399,1
0.41665083169937134,1
0.2583886384963989,1
0.44407644867897034,1
0.5092522501945496,1
0.30202752351760864,1
0.2407848834991455,1
0.2352190911769867,1
0.37038522958755493,1
0.39083945751190186,1
0.31026753783226013,1
0.3140663504600525,1
0.3489469289779663,1
0.24183008074760437,1
0.52986079454422,1
0.31167417764663696,1
0.5443006157875061,1
0.4637150764465332,1
0.3328571319580078,1
0.39106008410453796,1
0.3828585743904114,1
0.5183441638946533,1
0.3267274498939514,1
0.4112264811992645,1
0.4589840769767761,1
0.3031347692012787,1
0.2792639136314392,1
0.23750950396060944,1
0.3665068745613098,1
0.403003990650177,1
0.2052226960659027,1
0.3727470934391022,1
0.3535885512828827,1
0.34188443422317505,1
0.35818132758140564,1
0.3953608572483063,1
0.2899720072746277,1
0.3708222210407257,1
0.45118480920791626,1
0.46676722168922424,1
0.2855634391307831,1
0.4551770091056824,1
0.3151000738143921,1
0.3995581269264221,1
0.3710826635360718,1
0.41448506712913513,1
0.39376455545425415,1
0.44295817613601685,1
0.34528085589408875,1
0.28926241397857666,1
0.4229094088077545,1
0.291882187128067,1
0.4499330520629883,1
0.32821568846702576,1
0.40489909052848816,1
0.3791945278644562,1
0.31764307618141174,1
0.45624828338623047,1
0.3349270522594452,1
0.46826115250587463,1
0.38288936018943787,1
0.367887020111084,1
0.2283117175102234,1
0.3661176562309265,1
0.3701525926589966,1
0.288850873708725,1
0.32337647676467896,1
0.3198876976966858,1
0.4112812876701355,1
0.3028765022754669,1
0.46684321761131287,1
0.3481881618499756,1
0.4120037257671356,1
0.395907998085022,1
0.33071237802505493,1
0.3368879556655884,1
0.3547496497631073,1
0.29512661695480347,1
0.3597177267074585,1
0.2835502028465271,1
0.26773110032081604,1
0.4208087921142578,1
0.2851170003414154,1
0.3441333472728729,1
0.4267616271972656,1
0.4280112385749817,1
0.3739446699619293,1
0.38642358779907227,1
0.38858842849731445,1
0.2651745080947876,1
0.3996737599372864,1
0.32339271903038025,1
0.33813363313674927,1
0.4179553687572479,1
0.2709837555885315,1
0.39029911160469055,1
0.3533534109592438,1
0.3625980019569397,1
0.40738579630851746,1
0.40685099363327026,1
0.32318130135536194,1
0.47014129161834717,1
0.33085188269615173,1
0.42219239473342896,1
0.3155628442764282,1
0.330137699842453,1
0.38862383365631104,1
0.27263402938842773,1
0.3471989333629608,1
0.29702624678611755,1
0.3696366548538208,1
0.37810832262039185,1
0.34611940383911133,1
0.3546609878540039,1
0.3932114243507385,1
0.35821861028671265,1
0.4113471508026123,1
0.33637046813964844,1
0.3896476626396179,1
0.3964459002017975,1
0.32841774821281433,1
0.3086525797843933,1
0.28322863578796387,1
0.34052184224128723,1
0.4115246534347534,1
0.39224377274513245,1
0.2903406023979187,1
0.28241774439811707,1
0.2970871329307556,1
0.40331679582595825,1
0.268459677696228,1
0.3625299334526062,1
0.3428012728691101,1
0.44471919536590576,1
0.4037964940071106,1
0.318179726600647,1
0.43156445026397705,1
0.3279160261154175,1
0.3668285608291626,1
0.3220401704311371,1
0.5158563852310181,1
0.4235057830810547,1
0.4486629068851471,1
0.3345016539096832,1
0.4180968999862671,1
0.2245142012834549,1
0.30164575576782227,1
0.32113081216812134,1
0.326859712600708,1
0.3429701328277588,1
0.3543754816055298,1
0.2706928849220276,1
0.28300589323043823,1
0.37143829464912415,1
0.39327049255371094,1
0.4716286361217499,1
0.3590663969516754,1
0.29943975806236267,1
0.35375213623046875,1
0.3913572430610657,1
0.42731544375419617,1
0.3526946008205414,1
0.2673329710960388,1
0.39654821157455444,1
0.355621874332428,1
0.4107837677001953,1
0.28535693883895874,1
0.2705775499343872,1
0.34789687395095825,1
0.2903830409049988,1
0.38204389810562134,1
0.4811209440231323,1
0.44883865118026733,1
0.2793947756290436,1
0.2851221561431885,1
0.31254205107688904,1
0.34787440299987793,1
0.3810711205005646,1
0.3966420888900757,1
0.3943049907684326,1
0.31225669384002686,1
0.30808860063552856,1
0.40289849042892456,1
0.43986502289772034,1
0.41913869976997375,1
0.2860172390937805,1
0.44284167885780334,1
0.35078832507133484,1
0.37685108184814453,1
0.26796838641166687,1
0.4567479193210602,1
0.28206804394721985,1
0.334330677986145,1
0.4236387014389038,1
0.36204832792282104,1
0.3425788879394531,1
0.47062548995018005,1
0.5216784477233887,1
0.21476852893829346,1
0.37046265602111816,1
0.323135107755661,1
0.24109211564064026,1
0.41423922777175903,1
0.4072200655937195,1
0.2618591785430908,1
0.3313431143760681,1
0.2926516532897949,1
0.25799816846847534,1
0.30395233631134033,1
0.4373757839202881,1
0.38843971490859985,1
0.2530372440814972,1
0.34175971150398254,1
0.3643887937068939,1
0.4043623208999634,1
0.3598182201385498,1
0.3180106282234192,1
0.2730652689933777,1
0.36479073762893677,1
0.33300766348838806,1
0.3880898058414459,1
0.2873956561088562,1
0.4208168685436249,1
0.328064501285553,1
0.35664576292037964,1
0.3991129398345947,1
0.3804008662700653,1
0.3264874815940857,1
0.34912407398223877,1
0.38151097297668457,1
0.2905121147632599,1
0.34910380840301514,1
0.40166914463043213,1
0.2918318510055542,1
0.38121673464775085,1
0.42347878217697144,1
0.39514991641044617,1
0.3761516511440277,1
0.27671337127685547,1
0.3482353389263153,1
0.35720211267471313,1
0.26224058866500854,1
0.3428235352039337,1
0.41704806685447693,1
0.35347849130630493,1
0.34487786889076233,1
0.3351752758026123,1
0.3462905287742615,1
0.32484179735183716,1
0.4041373133659363,1
0.30676835775375366,1
0.37507951259613037,1
0.40425777435302734,1
0.4576610326766968,1
0.31720560789108276,1
0.24215997755527496,1
0.2665768563747406,1
0.35967376828193665,1
0.36242592334747314,1
0.2672676146030426,1
0.34011027216911316,1
0.3496042788028717,1
0.34813177585601807,1
0.32072746753692627,1
0.3988044261932373,1
0.504334568977356,1
0.35568156838417053,1
0.2956360876560211,1
0.3187152147293091,1
0.3871970474720001,1
0.3870267868041992,1
0.353804349899292,1
0.23729178309440613,1
0.21831664443016052,1
0.4085625410079956,1
0.31099674105644226,1
0.2890397310256958,1
0.3319967985153198,1
0.3276994228363037,1
0.2927490472793579,1
0.3980470597743988,1
0.5262848138809204,1
0.40048742294311523,1
0.3913133144378662,1
0.29930341243743896,1
0.3047971725463867,1
0.3315117061138153,1
0.3853566646575928,1
0.4178403317928314,1
0.2595210671424866,1
0.2979152798652649,1
0.30825233459472656,1
0.4434417188167572,1
0.3073457181453705,1
0.3044585585594177,1
0.2927766442298889,1
0.2895670533180237,1
0.41877442598342896,1
0.39342373609542847,1
0.2167101502418518,1
0.3647988438606262,1
0.2468339502811432,1
0.3526206314563751,1
0.30346864461898804,1
0.43233421444892883,1
0.25751346349716187,1
0.5293974280357361,1
0.5297525525093079,1
0.3966398239135742,1
0.45559895038604736,1
0.3330167531967163,1
0.3933902084827423,1
0.42307084798812866,1
0.39986708760261536,1
0.23749394714832306,1
0.4534643590450287,1
0.3917115330696106,1
0.3654077649116516,1
0.3640470504760742,1
0.3446023762226105,1
0.420646071434021,1
0.45307332277297974,1
0.33884021639823914,1
0.27812376618385315,1
0.3433162271976471,1
0.5045435428619385,1
0.29420435428619385,1
0.35363349318504333,1
0.267927348613739,1
0.2793978750705719,1
0.43669483065605164,1
0.34544533491134644,1
0.44385242462158203,1
0.48227372765541077,1
0.42161303758621216,1
0.2546091675758362,1
0.2898869216442108,1
0.3701145648956299,1
0.4132004678249359,1
0.30378013849258423,1
0.3531411290168762,1
0.3360818028450012,1
0.3002100884914398,1
0.30919405817985535,1
0.2952328622341156,1
0.39234599471092224,1
0.4061861038208008,1
0.37536701560020447,1
0.5833020210266113,1
0.2812821567058563,1
0.3504815101623535,1
0.3384133279323578,1
0.48929470777511597,1
0.34907400608062744,1
0.33082956075668335,1
0.323834627866745,1
0.4053565561771393,1
0.3177414536476135,1
0.3364581763744354,1
0.4614068567752838,1
0.40509095788002014,1
0.3336903154850006,1
0.3869816064834595,1
0.34084582328796387,1
0.5239622592926025,1
0.4072737693786621,1
0.3330323100090027,1
0.33953657746315,1
0.32211801409721375,1
0.35875099897384644,1
0.36568647623062134,1
0.36442288756370544,1
0.2840087413787842,1
0.2674027681350708,1
0.48023244738578796,1
0.43859830498695374,1
0.28846871852874756,1
0.37599998712539673,1
0.38444411754608154,1
0.3097079396247864,1
0.36274856328964233,1
0.3668750524520874,1
0.3396868109703064,1
0.36651375889778137,1
0.425726056098938,1
0.2949531674385071,1
0.2873929738998413,1
0.2814291715621948,1
0.34764552116394043,1
0.2860097587108612,1
0.3576308488845825,1
0.30165576934814453,1
0.31997358798980713,1
0.4041726291179657,1
0.3983382284641266,1
0.35188499093055725,1
0.3868180513381958,1
0.2556173801422119,1
0.32620304822921753,1
0.41409480571746826,1
0.3032982349395752,1
0.42217743396759033,1
0.3887121379375458,1
0.32945379614830017,1
0.29061269760131836,1
0.3689255714416504,1
0.3886532485485077,1
0.48554956912994385,1
0.2388884425163269,1
0.4384283721446991,1
0.35143572092056274,1
0.35566428303718567,1
0.45613691210746765,1
0.35209470987319946,1
0.3537512421607971,1
0.27676087617874146,1
0.40880364179611206,1
0.40122124552726746,1
0.3617395758628845,1
0.36574670672416687,1
0.342567503452301,1
0.39847156405448914,1
0.3845999538898468,1
0.2865648567676544,1
0.4624038338661194,1
0.36764389276504517,1
0.2270735204219818,1
0.3710068464279175,1
0.318244993686676,1
0.4103372097015381,1
0.33420488238334656,1
0.43452930450439453,1
0.49380236864089966,1
0.30469048023223877,1
0.3650551438331604,1
0.3698884844779968,1
0.3837972581386566,1
0.34978216886520386,1
0.4609229564666748,1
0.25130218267440796,1
0.34687018394470215,1
0.2998194098472595,1
0.33853185176849365,1
0.36950039863586426,1
0.2879202663898468,1
0.4363250732421875,1
0.3441033959388733,1
0.3851296305656433,1
0.29147350788116455,1
0.3740297555923462,1
0.43189460039138794,1
0.2997840344905853,1
0.31330934166908264,1
0.369101345539093,1
0.401897668838501,1
0.27097058296203613,1
0.3828096091747284,1
0.43257471919059753,1
0.3659123182296753,1
0.33322322368621826,1
0.324125736951828,1
0.5556656718254089,1
0.2783111333847046,1
0.3158676326274872,1
0.36161988973617554,1
0.31237125396728516,1
0.36460626125335693,1
0.2997363209724426,1
0.4094216227531433,1
0.39468926191329956,1
0.305222749710083,1
0.45902183651924133,1
0.34591245651245117,1
0.32419639825820923,1
0.32729828357696533,1
0.2641873359680176,1
0.4157794415950775,1
0.3293111324310303,1
0.3785560429096222,1
0.3943333029747009,1
0.3007752299308777,1
0.21248739957809448,1
0.3607449531555176,1
0.4188276529312134,1
0.38516756892204285,1
0.3329634368419647,1
0.41509148478507996,1
0.33987903594970703,1
0.4967266321182251,1
0.41496241092681885,1
0.38755303621292114,1
0.29648587107658386,1
0.4283459782600403,1
0.33259981870651245,1
0.34998032450675964,1
0.36536985635757446,1
0.33708319067955017,1
0.25504904985427856,1
0.4548256993293762,1
0.3138793408870697,1
0.33091893792152405,1
0.485575407743454,1
0.3630164861679077,1
0.2802869975566864,1
0.37605249881744385,1
0.3270229995250702,1
0.38271772861480713,1
0.39102691411972046,1
0.3129822313785553,1
0.2963067591190338,1
0.3848629593849182,1
0.39375174045562744,1
0.3780359625816345,1
0.45152318477630615,1
0.32487404346466064,1
0.30864202976226807,1
0.30661123991012573,1
0.4840048849582672,1
0.31143349409103394,1
0.20080682635307312,1
0.3128153383731842,1
0.2763517200946808,1
0.35545283555984497,1
0.46884673833847046,1
0.2988625764846802,1
0.33377605676651,1
0.27852559089660645,1
0.3254961371421814,1
0.38595354557037354,1
0.42476099729537964,1
0.2844007909297943,1
0.3497215807437897,1
0.43212592601776123,1
0.4085924029350281,1
0.29520511627197266,1
0.2521493434906006,1
0.45063653588294983,1
0.34339258074760437,1
0.3752936124801636,1
0.30258914828300476,1
0.2592688202857971,1
0.3701920509338379,1
0.3837427496910095,1
0.36071085929870605,1
0.25112903118133545,1
0.2258756458759308,1
0.3289363980293274,1
0.30885016918182373,1
0.43136128783226013,1
0.2631892263889313,1
0.2783699631690979,1
0.25077804923057556,1
0.38632291555404663,1
0.32327085733413696,1
0.4283590614795685,1
0.34325137734413147,1
0.3971017301082611,1
0.4651390314102173,1
0.39671045541763306,1
0.4099271297454834,1
0.42164433002471924,1
0.34981366991996765,1
0.5319366455078125,1
0.38405072689056396,1
0.29879653453826904,1
0.39294108748435974,1
0.3711838126182556,1
0.2710222899913788,1
0.27823275327682495,1
0.36809319257736206,1
0.4568951725959778,1
0.30282342433929443,1
0.3753826320171356,1
0.2934739291667938,1
0.4634484648704529,1
0.3560166656970978,1
0.2726728618144989,1
0.4046373963356018,1
0.30206143856048584,1
0.3018084466457367,1
0.3126716911792755,1
0.30650168657302856,1
0.3829854428768158,1
0.3683028221130371,1
0.350532591342926,1
0.3716754615306854,1
0.2168325036764145,1
0.38714852929115295,1
0.28399956226348877,1
0.3238646388053894,1
0.3491547107696533,1
0.34523236751556396,1
0.3279155492782593,1
0.37610840797424316,1
0.33078518509864807,1
0.2826140224933624,1
0.4158239960670471,1
0.3304492235183716,1
0.3216836452484131,1
0.28987357020378113,1
0.4024636149406433,1
0.4359171390533447,1
0.42043668031692505,1
0.23871642351150513,1
0.2699772119522095,1
0.32100918889045715,1
0.4015027582645416,1
0.46623340249061584,1
0.3352973163127899,1
0.34576499462127686,1
0.30834656953811646,1
0.33852195739746094,1
0.3669986128807068,1
0.2841835021972656,1
0.3454807996749878,1
0.44628801941871643,1
0.39770379662513733,1
0.446164071559906,1
0.3533196449279785,1
0.3418753147125244,1
0.3338596522808075,1
0.3837456703186035,1
0.4065667390823364,1
0.31194138526916504,1
0.36126619577407837,1
0.3863830864429474,1
0.3043326735496521,1
0.3105999231338501,1
0.35425108671188354,1
0.3835609555244446,1
0.372785747051239,1
0.37830373644828796,1
0.29287630319595337,1
0.3310290575027466,1
0.4148871898651123,1
0.4598771333694458,1
0.23355558514595032,1
0.3339863717556,1
0.39409148693084717,1
0.26700112223625183,1
0.3572560250759125,1
0.38517582416534424,1
0.32781699299812317,1
0.30020833015441895,1
0.42234134674072266,1
0.39569154381752014,1
0.3909136652946472,1
0.27844542264938354,1
0.5454064607620239,1
0.3820837140083313,1
0.27023884654045105,1
0.42266368865966797,1
0.30712977051734924,1
0.4126088619232178,1
0.4105609953403473,1
0.2454187572002411,1
0.4576721489429474,1
0.3787385821342468,1
0.3965453505516052,1
0.2866843044757843,1
0.3063729703426361,1
0.41932669281959534,1
0.4099854826927185,1
0.4283825159072876,1
0.40665847063064575,1
0.3297257125377655,1
0.39414989948272705,1
0.2794392704963684,1
0.4104922413825989,1
0.3183779716491699,1
0.26142409443855286,1
0.30228322744369507,1
0.3237076699733734,1
0.3465762734413147,1
0.29684096574783325,1
0.34905099868774414,1
0.38521698117256165,1
0.35437631607055664,1
0.3240959048271179,1
0.33992865681648254,1
0.33321499824523926,1
0.3465573489665985,1
0.32254135608673096,1
0.2877758741378784,1
0.382367879152298,1
0.3971707820892334,1
0.2915725111961365,1
0.2916995882987976,1
0.43585696816444397,1
0.2517054080963135,1
0.4214615225791931,1
0.4089961051940918,1
0.3779045045375824,1
0.3751470744609833,1
0.3275100588798523,1
0.26561951637268066,1
0.32667964696884155,1
0.3484213948249817,1
0.33464378118515015,1
0.30810338258743286,1
0.3183205723762512,1
0.3195308744907379,1
0.27983686327934265,1
0.3471899628639221,1
0.25699788331985474,1
0.4232155382633209,1
0.35788261890411377,1
0.4031730592250824,1
0.2772611081600189,1
0.30323904752731323,1
0.3017057180404663,1
0.2739560604095459,1
0.3534739017486572,1
0.4159272313117981,1
0.36428409814834595,1
0.35346344113349915,1
0.4757084250450134,1
0.33003556728363037,1
0.4415571093559265,1
0.28602659702301025,1
0.4959654211997986,1
0.24236446619033813,1
0.4266645908355713,1
0.260572224855423,1
0.3144981563091278,1
0.3399163484573364,1
0.3068738579750061,1
0.39122694730758667,1
0.35017791390419006,1
0.34341880679130554,1
0.35136356949806213,1
0.34804534912109375,1
0.2484719455242157,1
0.4331834614276886,1
0.3470202684402466,1
0.18585903942584991,1
0.43221554160118103,1
0.27497607469558716,1
0.34544339776039124,1
0.3161032497882843,1
0.262886643409729,1
0.356458842754364,1
0.41269350051879883,1
0.41664233803749084,1
0.32192569971084595,1
0.2956446409225464,1
0.2455621063709259,1
0.3297271728515625,1
0.37391197681427,1
0.3375023305416107,1
0.3053521513938904,1
0.26746273040771484,1
0.32169443368911743,1
0.37213003635406494,1
0.46852248907089233,1
0.4377402663230896,1
0.28755059838294983,1
0.45025521516799927,1
0.2605867385864258,1
0.4531850516796112,1
0.40475788712501526,1
0.3544965982437134,1
0.4338165521621704,1
0.4668436050415039,1
0.41479361057281494,1
0.42117244005203247,1
0.4367956817150116,1
0.31241148710250854,1
0.38322386145591736,1
0.3861367404460907,1
0.26506373286247253,1
0.3193854093551636,1
0.28725743293762207,1
0.2444022297859192,1
0.39133816957473755,1
0.31717294454574585,1
0.37195757031440735,1
0.34478771686553955,1
0.3246675133705139,1
0.38491711020469666,1
0.26778048276901245,1
0.3405148684978485,1
0.3552095890045166,1
0.3293739855289459,1
0.4209342300891876,1
0.32865020632743835,1
0.2903378903865814,1
0.290251225233078,1
0.5225675106048584,1
0.33945584297180176,1
0.2485126256942749,1
0.31250596046447754,1
0.31452304124832153,1
0.2636990547180176,1
0.3511284291744232,1
0.3134075105190277,1
0.34604257345199585,1
0.39403030276298523,1
0.4531545341014862,1
0.37066155672073364,1
0.3373374044895172,1
0.2995562255382538,1
0.3972967565059662,1
0.42533206939697266,1
0.40968090295791626,1
0.3613039255142212,1
0.3599224090576172,1
0.3276861608028412,1
0.327634334564209,1
0.4105116128921509,1
0.307661771774292,1
0.35527312755584717,1
0.2788352966308594,1
0.40022599697113037,1
0.34527409076690674,1
0.2872591018676758,1
0.3139995038509369,1
0.34901273250579834,1
0.38440489768981934,1
0.3559533357620239,1
0.3534102737903595,1
0.32650986313819885,1
0.2947932481765747,1
0.3495088815689087,1
0.38242870569229126,1
0.37561091780662537,1
0.36835116147994995,1
0.35395485162734985,1
0.49277228116989136,1
0.258729487657547,1
0.32917970418930054,1
0.437893271446228,1
0.3770351707935333,1
0.34358251094818115,1
0.24624323844909668,1
0.34354090690612793,1
0.33138754963874817,1
0.35172325372695923,1
0.3555639088153839,1
0.34686946868896484,1
0.468200147151947,1
0.39741015434265137,1
0.2337484061717987,1
0.3473091423511505,1
0.36360180377960205,1
0.3648940324783325,1
0.24960985779762268,1
0.39640137553215027,1
0.3191819190979004,1
0.3601743280887604,1
0.4067392945289612,1
0.3123447895050049,1
0.30693694949150085,1
0.40259963274002075,1
0.28892165422439575,1
0.34823480248451233,1
0.4894949793815613,1
0.36394283175468445,1
0.3363320529460907,1
0.37450361251831055,1
0.35541123151779175,1
0.4032389521598816,1
0.2628495693206787,1
0.4693400263786316,1
0.2964203655719757,1
0.3367781341075897,1
0.342494934797287,1
0.3845154047012329,1
0.3024636507034302,1
0.349629282951355,1
0.4688064455986023,1
0.27452024817466736,1
0.433243989944458,1
0.32607153058052063,1
0.3771214485168457,1
0.42845380306243896,1
0.36499106884002686,1
0.255337655544281,1
0.34773534536361694,1
0.296787828207016,1
0.3164636492729187,1
0.38863062858581543,1
0.31063708662986755,1
0.3520392179489136,1
0.4459463655948639,1
0.4243853688240051,1
0.36235636472702026,1
0.3071678876876831,1
0.3004268407821655,1
0.3949097990989685,1
0.3565961420536041,1
0.4654501676559448,1
0.2889442443847656,1
0.2561032176017761,1
0.3986701965332031,1
0.3705708086490631,1
0.4010990262031555,1
0.37242263555526733,1
0.33843615651130676,1
0.3312581181526184,1
0.33682385087013245,1
0.30467426776885986,1
0.41125866770744324,1
0.3345872163772583,1
0.3774910569190979,1
0.41827958822250366,1
0.31084370613098145,1
0.2979251444339752,1
0.3145023584365845,1
0.42857450246810913,1
0.31626731157302856,1
0.42433619499206543,1
0.31365782022476196,1
0.2718621492385864,1
0.32696542143821716,1
0.36327219009399414,1
0.42864033579826355,1
0.5390979051589966,1
0.24076765775680542,1
0.4133107662200928,1
0.3001577854156494,1
0.37539297342300415,1
0.27764037251472473,1
0.4185980558395386,1
0.33367788791656494,1
0.4059140682220459,1
0.34049659967422485,1
0.3491392731666565,1
0.3630368113517761,1
0.4026029706001282,1
0.4069918096065521,1
0.31033340096473694,1
0.4699855148792267,1
0.4143141508102417,1
0.43210387229919434,1
0.30186206102371216,1
0.3309577405452728,1
0.3260900676250458,1
0.4225459694862366,1
0.38015216588974,1
0.4789518713951111,1
0.35203486680984497,1
0.37713995575904846,1
0.31559720635414124,1
0.3633328378200531,1
0.35999223589897156,1
0.39665281772613525,1
0.31875360012054443,1
0.3296276926994324,1
0.22302189469337463,1
0.3164328336715698,1
0.26423996686935425,1
0.26334697008132935,1
0.34778541326522827,1
0.3407749533653259,1
0.35020139813423157,1
0.2870785593986511,1
0.32316768169403076,1
0.3752773404121399,1
0.2800723910331726,1
0.30353793501853943,1
0.25518977642059326,1
0.3725566267967224,1
0.3250710964202881,1
0.38159579038619995,1
0.3312874436378479,1
0.3895516097545624,1
0.349998414516449,1
0.31004470586776733,1
0.370719313621521,1
0.32615435123443604,1
0.3067867159843445,1
0.3717878460884094,1
0.3772982954978943,1
0.33999699354171753,1
0.3185604512691498,1
0.26755326986312866,1
0.3412524461746216,1
0.4855513870716095,1
0.44872015714645386,1
0.2535350024700165,1
0.29858529567718506,1
0.3373571038246155,1
0.3475310206413269,1
0.39896559715270996,1
0.2939302921295166,1
0.41354724764823914,1
0.3358979821205139,1
0.3050229251384735,1
0.2801947593688965,1
0.34475159645080566,1
0.38036155700683594,1
0.31768694519996643,1
0.35211873054504395,1
0.43139612674713135,1
0.3144581913948059,1
0.35069283843040466,1
0.2697106599807739,1
0.43134158849716187,1
0.37167420983314514,1
0.3271985650062561,1
0.3922085464000702,1
0.3740251362323761,1
0.3662463426589966,1
0.34244272112846375,1
0.3058513402938843,1
0.32567089796066284,1
0.3504619598388672,1
0.28543782234191895,1
0.39675575494766235,1
0.22960826754570007,1
0.3476647138595581,1
0.2856380343437195,1
0.3077062666416168,1
0.42371201515197754,1
0.5187121629714966,1
0.3398599624633789,1
0.25376319885253906,1
0.37821322679519653,1
0.29988527297973633,1
0.4657486081123352,1
0.317047119140625,1
0.4179632067680359,1
0.1432400345802307,1
0.4762718379497528,1
0.3608136475086212,1
0.3597344160079956,1
0.4633233845233917,1
0.3636727035045624,1
0.2605770528316498,1
0.2580534517765045,1
0.3348315954208374,1
0.3630320727825165,1
0.23478902876377106,1
0.3150666356086731,1
0.2585065960884094,1
0.30460110306739807,1
0.3382095694541931,1
0.35965877771377563,1
0.41337037086486816,1
0.32352209091186523,1
0.4336566925048828,1
0.3305978775024414,1
0.43990904092788696,1
0.28079819679260254,1
0.28721100091934204,1
0.23322249948978424,1
0.28262799978256226,1
0.3965250253677368,1
0.33543384075164795,1
0.31294751167297363,1
0.4295949935913086,1
0.33765101432800293,1
0.24506241083145142,1
0.3167325258255005,1
0.3559066951274872,1
0.37418219447135925,1
0.3235265016555786,1
0.47707414627075195,1
0.35130465030670166,1
0.4720470905303955,1
0.43735963106155396,1
0.3680911064147949,1
0.3115321695804596,1
0.2527127265930176,1
0.3733304440975189,1
0.3201279938220978,1
0.4355413019657135,1
0.29963767528533936,1
0.41302919387817383,1
0.30840542912483215,1
0.3096389174461365,1
0.4223290979862213,1
0.3859853744506836,1
0.46962738037109375,1
0.3891142010688782,1
0.2535308003425598,1
0.37021082639694214,1
0.3688991963863373,1
0.34805023670196533,1
0.4233739376068115,1
0.24396847188472748,1
0.3135799169540405,1
0.3946991264820099,1
0.394294798374176,1
0.3144133985042572,1
0.41502851247787476,1
0.3992807865142822,1
0.2684191167354584,1
0.3631667494773865,1
0.37160930037498474,1
0.3192465305328369,1
0.2797119915485382,1
0.4323970079421997,1
0.36017292737960815,1
0.3557378649711609,1
0.35649538040161133,1
0.2763444781303406,1
0.33397090435028076,1
0.2618122696876526,1
0.33856382966041565,1
0.3506196141242981,1
0.3442782163619995,1
0.3659229278564453,1
0.3976392447948456,1
0.3509059548377991,1
0.2277749925851822,1
0.3699915111064911,1
0.35522764921188354,1
0.4155050218105316,1
0.3061246871948242,1
0.3231872618198395,1
0.4603438973426819,1
0.2584444284439087,1
0.4497165083885193,1
0.25977665185928345,1
0.38955825567245483,1
0.29185202717781067,1
0.3972301483154297,1
0.3487764894962311,1
0.2847059965133667,1
0.31380024552345276,1
0.3639979362487793,1
0.2790827453136444,1
0.2860119342803955,1
0.30339935421943665,1
0.42708975076675415,1
0.34398287534713745,1
0.5449248552322388,1
0.35997477173805237,1
0.33056721091270447,1
0.4350707232952118,1
0.3322139382362366,1
0.33623021841049194,1
0.375480055809021,1
0.41595834493637085,1
0.27963101863861084,1
0.39310306310653687,1
0.3244199752807617,1
0.4086541533470154,1
0.31459611654281616,1
0.4081432819366455,1
0.3609278202056885,1
0.3013908267021179,1
0.3867717981338501,1
0.35409682989120483,1
0.30424976348876953,1
0.3852795660495758,1
0.30078765749931335,1
0.26117780804634094,1
0.4380790591239929,1
0.27005013823509216,1
0.42061400413513184,1
0.34686967730522156,1
0.3657682538032532,1
0.31561920046806335,1
0.3182205259799957,1
0.4037137031555176,1
0.4856155514717102,1
0.44661182165145874,1
0.33296942710876465,1
0.34356191754341125,1
0.3202618360519409,1
0.355898380279541,1
0.3599586486816406,1
0.3974551856517792,1
0.3193790912628174,1
0.43678155541419983,1
0.32696449756622314,1
0.45578667521476746,1
0.27758723497390747,1
0.2716030478477478,1
0.35959941148757935,1
0.3139849901199341,1
0.3431437611579895,1
0.3110535144805908,1
0.43651527166366577,1
0.30601170659065247,1
0.4508739113807678,1
0.31908437609672546,1
0.41549432277679443,1
0.34480950236320496,1
0.37520334124565125,1
0.3712614178657532,1
0.36262381076812744,1
0.356800377368927,1
0.28590846061706543,1
0.2933497726917267,1
0.32742375135421753,1
0.2754354476928711,1
0.3557209372520447,1
0.3287082612514496,1
0.3750663101673126,1
0.3572109341621399,1
0.2984396815299988,1
0.31946757435798645,1
0.3990701735019684,1
0.3402440547943115,1
0.3584802746772766,1
0.4054456353187561,1
0.2966410517692566,1
0.34488046169281006,1
0.347724050283432,1
0.371147096157074,1
0.3953404128551483,1
0.4027952551841736,1
0.3268469572067261,1
0.3533676266670227,1
0.36673814058303833,1
0.35583850741386414,1
0.2878596782684326,1
0.4835890233516693,1
0.30241659283638,1
0.3179379999637604,1
0.4362757205963135,1
0.3447108864784241,1
0.43459397554397583,1
0.3623427152633667,1
0.35766294598579407,1
0.38006532192230225,1
0.3067547380924225,1
0.27167415618896484,1
0.35662198066711426,1
0.2838454246520996,1
0.3363780975341797,1
0.4668222665786743,1
0.4028680920600891,1
0.33920982480049133,1
0.32396620512008667,1
0.3187606930732727,1
0.39936718344688416,1
0.3191520571708679,1
0.3686618506908417,1
0.3993677496910095,1
0.32037851214408875,1
0.33033227920532227,1
0.3446860611438751,1
0.41398337483406067,1
0.38563668727874756,1
0.3231721520423889,1
0.3052545487880707,1
0.39203494787216187,1
0.424030065536499,1
0.34603387117385864,1
0.22668519616127014,1
0.3384922742843628,1
0.4062774181365967,1
0.4004487097263336,1
0.38184916973114014,1
0.3087870478630066,1
0.41672182083129883,1
0.358437716960907,1
0.39025628566741943,1
0.33652257919311523,1
0.44820788502693176,1
0.3298705518245697,1
0.3713620901107788,1
0.34384259581565857,1
0.25839322805404663,1
0.40254950523376465,1
0.36007988452911377,1
0.29661038517951965,1
0.38210487365722656,1
0.3780719041824341,1
0.36612197756767273,1
0.36827465891838074,1
0.3636402487754822,1
0.3240360617637634,1
0.3319762945175171,1
0.2824958860874176,1
0.3230651617050171,1
0.3654971122741699,1
0.3572905361652374,1
0.4606325626373291,1
0.32159411907196045,1
0.3661244511604309,1
0.21427695453166962,1
0.2953758239746094,1
0.3142552077770233,1
0.2806318998336792,1
0.2969733476638794,1
0.2811046540737152,1
0.4520479440689087,1
0.3453308343887329,1
0.3935568630695343,1
0.2593216896057129,1
0.33709484338760376,1
0.3587413430213928,1
0.5177344083786011,1
0.29378557205200195,1
0.3165408968925476,1
0.38742828369140625,1
0.3238317370414734,1
0.2530154883861542,1
0.3794655203819275,1
0.3742336928844452,1
0.2984817922115326,1
0.38416752219200134,1
0.30713561177253723,1
0.22743675112724304,1
0.28813326358795166,1
0.3007213771343231,1
0.41941699385643005,1
0.3470555245876312,1
0.3230445981025696,1
0.28774937987327576,1
0.36942213773727417,1
0.3759393095970154,1
0.3480832576751709,1
0.3630354404449463,1
0.35875844955444336,1
0.32299500703811646,1
0.44772085547447205,1
0.325082004070282,1
0.304317831993103,1
0.34594324231147766,1
0.43580952286720276,1
0.43812957406044006,1
0.38612157106399536,1
0.39251646399497986,1
0.32351022958755493,1
0.5089540481567383,1
0.2823016047477722,1
0.32715681195259094,1
0.3495386838912964,1
0.3992123603820801,1
0.29894158244132996,1
0.24722927808761597,1
0.3499350845813751,1
0.37162530422210693,1
0.3403916358947754,1
0.33005082607269287,1
0.28588175773620605,1
0.3068200349807739,1
0.3751518726348877,1
0.4780799448490143,1
0.371095210313797,1
0.38071316480636597,1
0.37178683280944824,1
0.39418739080429077,1
0.256965696811676,1
0.39229488372802734,1
0.3712133467197418,1
0.26549553871154785,1
0.48393166065216064,1
0.3443220257759094,1
0.34032514691352844,1
0.3522048592567444,1
0.3242919147014618,1
0.25627636909484863,1
0.31759655475616455,1
0.44618868827819824,1
0.4096195697784424,1
0.3487584590911865,1
0.26428258419036865,1
0.33287474513053894,1
0.33988824486732483,1
0.24088788032531738,1
0.36084091663360596,1
0.30693519115448,1
0.29253315925598145,1
0.4495652914047241,1
0.32108303904533386,1
0.3081999719142914,1
0.46052223443984985,1
0.4389701783657074,1
0.38863077759742737,1
0.35413533449172974,1
0.30315932631492615,1
0.4122685492038727,1
0.3333723545074463,1
0.2396368682384491,1
0.32180464267730713,1
0.24046798050403595,1
0.33366161584854126,1
0.3163580298423767,1
0.4826083183288574,1
0.5127045512199402,1
0.3159376382827759,1
0.5697525143623352,1
0.40068861842155457,1
0.3385356664657593,1
0.28996825218200684,1
0.44220465421676636,1
0.34343403577804565,1
0.3251614570617676,1
0.2663695812225342,1
0.2690719962120056,1
0.37413686513900757,1
0.29900169372558594,1
0.2285141497850418,1
0.3232104778289795,1
0.3199843168258667,1
0.33716702461242676,1
0.4030567705631256,1
0.30777955055236816,1
0.4648560881614685,1
0.26539304852485657,1
0.43103405833244324,1
0.2572186291217804,1
0.307157039642334,1
0.48834070563316345,1
0.3697877824306488,1
0.2892807722091675,1
0.3401498794555664,1
0.37007927894592285,1
0.3067153990268707,1
0.3739757537841797,1
0.45006120204925537,1
0.3247280716896057,1
0.3002060055732727,1
0.3114689588546753,1
0.2587794065475464,1
0.3782757520675659,1
0.49077534675598145,1
0.21475261449813843,1
0.3499446511268616,1
0.45359018445014954,1
0.3858647644519806,1
0.3540050983428955,1
0.3245537281036377,1
0.4712921977043152,1
0.3814544677734375,1
0.33957934379577637,1
0.27946972846984863,1
0.27269116044044495,1
0.5057815313339233,1
0.3675558865070343,1
0.3553925156593323,1
0.26628369092941284,1
0.3001076877117157,1
0.3659181296825409,1
0.28416404128074646,1
0.312202513217926,1
0.36410871148109436,1
0.24767839908599854,1
0.3476758599281311,1
0.2968362867832184,1
0.3889211118221283,1
0.3784607946872711,1
0.43774640560150146,1
0.296827495098114,1
0.4253677427768707,1
0.2872990667819977,1
0.5241114497184753,1
0.34236425161361694,1
0.3447116017341614,1
0.4082263112068176,1
0.258330374956131,1
0.2857334017753601,1
0.289374440908432,1
0.4073390066623688,1
0.31175994873046875,1
0.3920477628707886,1
0.41492760181427,1
0.3175134062767029,1
0.38945716619491577,1
0.33750879764556885,1
0.465353786945343,1
0.3594738841056824,1
0.4399036765098572,1
0.42389148473739624,1
0.35624030232429504,1
0.36965274810791016,1
0.39735737442970276,1
0.2681894898414612,1
0.2594844102859497,1
0.2861195504665375,1
0.32592305541038513,1
0.3682671785354614,1
0.3898538649082184,1
0.2710544168949127,1
0.3796732425689697,1
0.269492506980896,1
0.32542312145233154,1
0.3653228282928467,1
0.3735048174858093,1
0.2610141336917877,1
0.31802231073379517,1
0.2844695746898651,1
0.29857581853866577,1
0.3394501209259033,1
0.3900243043899536,1
0.3931718170642853,1
0.41578909754753113,1
0.3286252021789551,1
0.3159903883934021,1
0.32552313804626465,1
0.365013062953949,1
0.3632224202156067,1
0.4249765872955322,1
0.35215818881988525,1
0.3931805491447449,1
0.3035842776298523,1
0.3448598384857178,1
0.4266551733016968,1
0.3858623206615448,1
0.27613821625709534,1
0.4161009192466736,1
0.31566569209098816,1
0.3001594543457031,1
0.3959500789642334,1
0.23964788019657135,1
0.2678993344306946,1
0.22872599959373474,1
0.28204718232154846,1
0.3068707585334778,1
0.435298353433609,1
0.3547442555427551,1
0.279802143573761,1
0.19542333483695984,1
0.3909188210964203,1
0.27002623677253723,1
0.38487207889556885,1
0.4714595675468445,1
0.2867150902748108,1
0.4197341203689575,1
0.3379335403442383,1
0.3561568260192871,1
0.4116532504558563,1
0.3790060877799988,1
0.36228010058403015,1
0.284878671169281,1
0.26456964015960693,1
0.38434308767318726,1
0.31761473417282104,1
0.3533610999584198,1
0.3460124135017395,1
0.3209182918071747,1
0.34941744804382324,1
0.34245532751083374,1
0.4003009498119354,1
0.32887792587280273,1
0.27198147773742676,1
0.3079672157764435,1
0.25030654668807983,1
0.3303542733192444,1
0.32250869274139404,1
0.32253721356391907,1
0.3530590832233429,1
0.33138635754585266,1
0.32239359617233276,1
0.33081474900245667,1
0.2670285999774933,1
0.44206464290618896,1
0.4774762690067291,1
0.5337494015693665,1
0.2924681007862091,1
0.4157179594039917,1
0.3127005696296692,1
0.4356113076210022,1
0.34539663791656494,1
0.46946585178375244,1
0.30623114109039307,1
0.2473427653312683,1
0.35111960768699646,1
0.4066265821456909,1
0.4550473093986511,1
0.36471423506736755,1
0.24998235702514648,1
0.3531738221645355,1
0.32809385657310486,1
0.36752137541770935,1
0.3096780776977539,1
0.4176029562950134,1
0.30690455436706543,1
0.23908457159996033,1
0.3095795512199402,1
0.3881109952926636,1
0.4063253402709961,1
0.42186975479125977,1
0.30820000171661377,1
0.3346959948539734,1
0.420086145401001,1
0.33304327726364136,1
0.3888629078865051,1
0.3567483723163605,1
0.31066006422042847,1
0.34669268131256104,1
0.2164783477783203,1
0.4729553163051605,1
0.3347102403640747,1
0.24404160678386688,1
0.3678455948829651,1
0.4081776738166809,1
0.3941667377948761,1
0.3511661887168884,1
0.49065735936164856,1
0.37123507261276245,1
0.38020244240760803,1
0.4200373589992523,1
0.38110876083374023,1
0.29261934757232666,1
0.5101619362831116,1
0.33812180161476135,1
0.2600899934768677,1
0.3559733033180237,1
0.2795952558517456,1
0.2827671468257904,1
0.24764509499073029,1
0.301874577999115,1
0.30009621381759644,1
0.39002668857574463,1
0.5290896892547607,1
0.3226851224899292,1
0.37098929286003113,1
0.2763335704803467,1
0.41127562522888184,1
0.2857542335987091,1
0.2328646183013916,1
0.33387747406959534,1
0.3013700246810913,1
0.37890613079071045,1
0.33092981576919556,1
0.27535903453826904,1
0.33820706605911255,1
0.4033183455467224,1
0.331999808549881,1
0.3013014793395996,1
0.32767173647880554,1
0.44634494185447693,1
0.4158456027507782,1
0.39208388328552246,1
0.6021283864974976,1
0.3047363758087158,1
0.42375698685646057,1
0.4097587466239929,1
0.3297741413116455,1
0.40400809049606323,1
0.2780192494392395,1
0.35006624460220337,1
0.31897857785224915,1
0.5005394220352173,1
0.39507144689559937,1
0.24843859672546387,1
0.31243613362312317,1
0.3647751212120056,1
0.4082162082195282,1
0.3845597207546234,1
0.4257814884185791,1
0.33637088537216187,1
0.3999447524547577,1
0.36715635657310486,1
0.3293422758579254,1
0.3337271511554718,1
0.366240918636322,1
0.3595278561115265,1
0.32369542121887207,1
0.3218737840652466,1
0.394317090511322,1
0.32178863883018494,1
0.43691137433052063,1
0.3387675881385803,1
0.40692663192749023,1
0.25929611921310425,1
0.5314569473266602,1
0.34561872482299805,1
0.3000897467136383,1
0.38401979207992554,1
0.22381389141082764,1
0.4482041597366333,1
0.3624218702316284,1
0.405979186296463,1
0.3289034366607666,1
0.29395151138305664,1
0.3330121338367462,1
0.34401842951774597,1
0.3914497494697571,1
0.3619135618209839,1
0.5321729779243469,1
0.446103036403656,1
0.30118271708488464,1
0.303859144449234,1
0.5122194290161133,1
0.27861183881759644,1
0.3334728479385376,1
0.4007987976074219,1
0.27740126848220825,1
0.34796255826950073,1
0.36905965209007263,1
0.38615596294403076,1
0.4663622975349426,1
0.3173748552799225,1
0.3209973871707916,1
0.32821711897850037,1
0.3569886088371277,1
0.3694971799850464,1
0.4342381954193115,1
0.44724878668785095,1
0.46275103092193604,1
0.24304401874542236,1
0.4290202558040619,1
0.37273108959198,1
0.4355483949184418,1
0.33560293912887573,1
0.33228573203086853,1
0.32191595435142517,1
0.2817589044570923,1
0.3930283784866333,1
0.39717012643814087,1
0.2622367739677429,1
0.4588591456413269,1
0.2790663540363312,1
0.4190812408924103,1
0.3730619549751282,1
0.2962079644203186,1
0.38705599308013916,1
0.38840919733047485,1
0.38767218589782715,1
0.414325475692749,1
0.34549424052238464,1
0.49274182319641113,1
0.3188377022743225,1
0.3258415460586548,1
0.33719223737716675,1
0.31848129630088806,1
0.3808196783065796,1
0.3816777765750885,1
0.3860350549221039,1
0.4741576910018921,1
0.38345396518707275,1
0.2734256386756897,1
0.26739561557769775,1
0.3795349895954132,1
0.30526208877563477,1
0.3750302791595459,1
0.3679050803184509,1
0.34041881561279297,1
0.3874020576477051,1
0.28366193175315857,1
0.22779500484466553,1
0.4112774729728699,1
0.3223935067653656,1
0.25722020864486694,1
0.34099671244621277,1
0.3733372986316681,1
0.2985791265964508,1
0.34380626678466797,1
0.4194999039173126,1
0.4229776859283447,1
0.3260611295700073,1
0.3338879644870758,1
0.37041768431663513,1
0.34520527720451355,1
0.30182522535324097,1
0.27384012937545776,1
0.37150809168815613,1
0.41607344150543213,1
0.3321574628353119,1
0.37098783254623413,1
0.32177966833114624,1
0.3897433578968048,1
0.3698495328426361,1
0.37291890382766724,1
0.26611748337745667,1
0.3065258264541626,1
0.18302838504314423,1
0.3640855848789215,1
0.3334142863750458,1
0.40199464559555054,1
0.2660634219646454,1
0.48114871978759766,1
0.3389320373535156,1
0.3672725558280945,1
0.429293692111969,1
0.30389827489852905,1
0.36224034428596497,1
0.25897347927093506,1
0.45835137367248535,1
0.32448965311050415,1
0.31959962844848633,1
0.3099369406700134,1
0.30121588706970215,1
0.390764057636261,1
0.40666666626930237,1
0.32473093271255493,1
0.42874616384506226,1
0.28586623072624207,1
0.39485225081443787,1
0.3290973901748657,1
0.3637223243713379,1
0.34571170806884766,1
0.5465514063835144,1
0.3811096251010895,1
0.36981120705604553,1
0.46210527420043945,1
0.3102428913116455,1
0.352971613407135,1
0.3082374632358551,1
0.33008891344070435,1
0.35024404525756836,1
0.4132160246372223,1
0.32058286666870117,1
0.43673157691955566,1
0.3010241985321045,1
0.3568961024284363,1
0.3217892050743103,1
0.3431597948074341,1
0.3336758613586426,1
0.31216180324554443,1
0.2610706090927124,1
0.42929601669311523,1
0.4447055459022522,1
0.3620007634162903,1
0.4514123797416687,1
0.30775055289268494,1
0.3655051589012146,1
0.36115410923957825,1
0.32931965589523315,1
0.39532458782196045,1
0.33159834146499634,1
0.2964330315589905,1
0.3123181164264679,1
0.3078957498073578,1
0.4356299638748169,1
0.3255031704902649,1
0.39755547046661377,1
0.29311302304267883,1
0.42706507444381714,1
0.36001256108283997,1
0.36426615715026855,1
0.5071897506713867,1
0.2413552850484848,1
0.4475834369659424,1
0.4282867908477783,1
0.3611343204975128,1
0.2884482145309448,1
0.5329536199569702,1
0.30375200510025024,1
0.46657079458236694,1
0.33611825108528137,1
0.4595898389816284,1
0.2998969852924347,1
0.3102800250053406,1
0.32889318466186523,1
0.29752612113952637,1
0.29642733931541443,1
0.2913549542427063,1
0.4339495897293091,1
0.30018436908721924,1
0.3235827684402466,1
0.47028830647468567,1
0.36320340633392334,1
0.39834412932395935,1
0.3538471758365631,1
0.4307842254638672,1
0.35073888301849365,1
0.3867388963699341,1
0.2997307777404785,1
0.3055364787578583,1
0.47746336460113525,1
0.3639293313026428,1
0.3423270583152771,1
0.3789241313934326,1
0.31528139114379883,1
0.43608397245407104,1
0.22477778792381287,1
0.3021036386489868,1
0.3419697880744934,1
0.30556154251098633,1
0.5788915157318115,1
0.21616622805595398,1
0.29210779070854187,1
0.3932330012321472,1
0.41894933581352234,1
0.2937788665294647,1
0.5537312030792236,1
0.43808943033218384,1
0.390340656042099,1
0.3994131088256836,1
0.46343424916267395,1
0.3433365523815155,1
0.3233291506767273,1
0.38923200964927673,1
0.32165879011154175,1
0.3080407679080963,1
0.41944420337677,1
0.4851412773132324,1
0.2577483057975769,1
0.3021713197231293,1
0.22259484231472015,1
0.4713192582130432,1
0.31564754247665405,1
0.33046144247055054,1
0.31360119581222534,1
0.38940000534057617,1
0.3230096399784088,1
0.2960609495639801,1
0.34127891063690186,1
0.3511253297328949,1
0.3593556880950928,1
0.40423810482025146,1
0.4250643253326416,1
0.3511348366737366,1
0.3491916358470917,1
0.440998375415802,1
0.3738560676574707,1
0.4408312141895294,1
0.4233987331390381,1
0.3131200075149536,1
0.36655449867248535,1
0.3812696933746338,1
0.24451519548892975,1
0.33255791664123535,1
0.3221803307533264,1
0.432969868183136,1
0.2875046133995056,1
0.31155291199684143,1
0.3219960033893585,1
0.30838102102279663,1
0.40498554706573486,1
0.3048292100429535,1
0.3828716278076172,1
0.37377893924713135,1
0.3882836103439331,1
0.324317067861557,1
0.34190210700035095,1
0.38142284750938416,1
0.3028203845024109,1
0.31679078936576843,1
0.451992005109787,1
0.34542790055274963,1
0.3634588122367859,1
0.39495527744293213,1
0.3855441212654114,1
0.3699239492416382,1
0.3805662989616394,1
0.4629489779472351,1
0.3530369699001312,1
0.2901481091976166,1
0.3643665313720703,1
0.35586225986480713,1
0.287828266620636,1
0.3689454197883606,1
0.2891843318939209,1
0.28770262002944946,1
0.4173355996608734,1
0.31985050439834595,1
0.40038979053497314,1
0.33715951442718506,1
0.4483879506587982,1
0.37630605697631836,1
0.2559455633163452,1
0.3438834846019745,1
0.26370710134506226,1
0.37684178352355957,1
0.2458067685365677,1
0.3854212164878845,1
0.259136438369751,1
0.3530822992324829,1
0.3378305435180664,1
0.33333975076675415,1
0.39338237047195435,1
0.4558669328689575,1
0.38179129362106323,1
0.4394632875919342,1
0.283480167388916,1
0.3573343753814697,1
0.281755268573761,1
0.3277100920677185,1
0.353670597076416,1
0.3915804922580719,1
0.3754975199699402,1
0.2532503604888916,1
0.3172745108604431,1
0.3420372009277344,1
0.3130332827568054,1
0.5091700553894043,1
0.43058469891548157,1
0.40968000888824463,1
0.30979639291763306,1
0.32197582721710205,1
0.4651140570640564,1
0.31734466552734375,1
0.37002015113830566,1
0.3370739221572876,1
0.5054721832275391,1
0.42722368240356445,1
0.3099250793457031,1
0.21673142910003662,1
0.4219500422477722,1
0.45328229665756226,1
0.3662245273590088,1
0.33952394127845764,1
0.33932745456695557,1
0.30319446325302124,1
0.27007830142974854,1
0.3904985785484314,1
0.4822605550289154,1
0.30640822649002075,1
0.32378077507019043,1
0.4398498237133026,1
0.34297510981559753,1
0.3846357762813568,1
0.2933310568332672,1
0.3435680568218231,1
0.3648947477340698,1
0.3310466706752777,1
0.23457318544387817,1
0.32714301347732544,1
0.25164341926574707,1
0.35963696241378784,1
0.3098870515823364,1
0.3371477723121643,1
0.40109068155288696,1
0.3555760383605957,1
0.30767709016799927,1
0.25632184743881226,1
0.32921671867370605,1
0.216029092669487,1
0.46679753065109253,1
0.4163704812526703,1
0.2874593138694763,1
0.386421799659729,1
0.441256582736969,1
0.3044935464859009,1
0.3208279013633728,1
0.3936065137386322,1
0.28288400173187256,1
0.3398931622505188,1
0.423733115196228,1
0.3954789638519287,1
0.34863054752349854,1
0.2732212543487549,1
0.42480042576789856,1
0.37103646993637085,1
0.2898404598236084,1
0.31468120217323303,1
0.30317020416259766,1
0.31786656379699707,1
0.3159317672252655,1
0.3312308192253113,1
0.31486570835113525,1
0.33440160751342773,1
0.3323046565055847,1
0.4440227746963501,1
0.4317795932292938,1
0.2721797525882721,1
0.3574603199958801,1
0.2730495035648346,1
0.32583293318748474,1
0.422423779964447,1
0.2415313720703125,1
0.3325055241584778,1
0.40538692474365234,1
0.2934439778327942,1
0.2944386601448059,1
0.38788098096847534,1
0.4035145938396454,1
0.43423208594322205,1
0.27399590611457825,1
0.3707679510116577,1
0.29279273748397827,1
0.43700090050697327,1
0.2357933223247528,1
0.32055234909057617,1
0.286604642868042,1
0.5752175450325012,1
0.3480311632156372,1
0.34128811955451965,1
0.28458371758461,1
0.4304019808769226,1
0.3260450065135956,1
0.3647014796733856,1
0.2050119787454605,1
0.41763657331466675,1
0.4269845485687256,1
0.28370845317840576,1
0.3439033627510071,1
0.32065433263778687,1
0.29108381271362305,1
0.4076494872570038,1
0.287858247756958,1
0.3681212067604065,1
0.348084032535553,1
0.4120563268661499,1
0.2935687005519867,1
0.3784509301185608,1
0.43458348512649536,1
0.3023046851158142,1
0.32122862339019775,1
0.3570514917373657,1
0.4619675874710083,1
0.37983784079551697,1
0.3553370237350464,1
0.333160400390625,1
0.3788464665412903,1
0.3628476858139038,1
0.3494296967983246,1
0.31972575187683105,1
0.3036175072193146,1
0.413735032081604,1
0.3734912574291229,1
0.24960190057754517,1
0.38360583782196045,1
0.4145893156528473,1
0.2641761898994446,1
0.27643537521362305,1
0.26855942606925964,1
0.2780941128730774,1
0.38151681423187256,1
0.31484705209732056,1
0.319330632686615,1
0.41239988803863525,1
0.3695932626724243,1
0.2573722302913666,1
0.3970251977443695,1
0.29884326457977295,1
0.3904864490032196,1
0.34933900833129883,1
0.4019056558609009,1
0.3379901945590973,1
0.26569947600364685,1
0.3212725520133972,1
0.39709246158599854,1
0.31577467918395996,1
0.291480153799057,1
0.31097090244293213,1
0.291380375623703,1
0.3483413755893707,1
0.4727206826210022,1
0.28435319662094116,1
0.3505455255508423,1
0.27173087000846863,1
0.4390474557876587,1
0.3735772669315338,1
0.5043742656707764,1
0.28414344787597656,1
0.2783639132976532,1
0.4089849591255188,1
0.3086986243724823,1
0.36982592940330505,1
0.37240177392959595,1
0.2848936915397644,1
0.29833805561065674,1
0.36411720514297485,1
0.34081465005874634,1
0.40463507175445557,1
0.3358076810836792,1
0.37369853258132935,1
0.2875683307647705,1
0.30134421586990356,1
0.323224812746048,1
0.3914426565170288,1
0.3038828372955322,1
0.30851560831069946,1
0.3808923363685608,1
0.49071717262268066,1
0.26103368401527405,1
0.41264909505844116,1
0.32485365867614746,1
0.4350391626358032,1
0.45791861414909363,1
0.41498786211013794,1
0.36028432846069336,1
0.31210383772850037,1
0.3568679988384247,1
0.37532320618629456,1
0.426738977432251,1
0.3468908369541168,1
0.393647700548172,1
0.3550443947315216,1
0.4423980712890625,1
0.3279796838760376,1
0.2910679578781128,1
0.3571469485759735,1
0.35050642490386963,1
0.39151453971862793,1
0.3732200264930725,1
0.21922889351844788,1
0.47573423385620117,1
0.298079252243042,1
0.3433161675930023,1
0.250715434551239,1
0.37352654337882996,1
0.39447152614593506,1
0.3485538363456726,1
0.3867441713809967,1
0.38594070076942444,1
0.2896735668182373,1
0.31077656149864197,1
0.3589930534362793,1
0.44325047731399536,1
0.3959197402000427,1
0.4027308225631714,1
0.4000547528266907,1
0.2690507769584656,1
0.25665709376335144,1
0.45245110988616943,1
0.31292492151260376,1
0.3805714547634125,1
0.3110485374927521,1
0.32906606793403625,1
0.4306713342666626,1
0.35273584723472595,1
0.2683035731315613,1
0.37898752093315125,1
0.399928480386734,1
0.3955076336860657,1
0.4275411367416382,1
0.46200767159461975,1
0.4293915629386902,1
0.3188072144985199,1
0.4540807604789734,1
0.3604470193386078,1
0.3588545620441437,1
0.35840922594070435,1
0.42908257246017456,1
0.32367411255836487,1
0.2967710494995117,1
0.3411236107349396,1
0.3111562728881836,1
0.36504819989204407,1
0.298747181892395,1
0.24383270740509033,1
0.3246847987174988,1
0.3798264265060425,1
0.3848068416118622,1
0.4077495038509369,1
0.3605615496635437,1
0.3786623775959015,1
0.34476667642593384,1
0.4551870822906494,1
0.33213815093040466,1
0.3146308362483978,1
0.2984949052333832,1
0.32770195603370667,1
0.47837767004966736,1
0.3503963053226471,1
0.41902971267700195,1
0.41319847106933594,1
0.2477216124534607,1
0.48224374651908875,1
0.3018338084220886,1
0.40651485323905945,1
0.29069045186042786,1
0.3617590367794037,1
0.32822924852371216,1
0.27347537875175476,1
0.3139781951904297,1
0.39735743403434753,1
0.30605846643447876,1
0.3098808526992798,1
0.29850152134895325,1
0.34832441806793213,1
0.36766278743743896,1
0.33055806159973145,1
0.4795759916305542,1
0.37065625190734863,1
0.2501389980316162,1
0.3170878291130066,1
0.2949887216091156,1
0.3584924340248108,1
0.38662540912628174,1
0.32425281405448914,1
0.3639277219772339,1
0.4067903757095337,1
0.37851667404174805,1
0.3578079342842102,1
0.3025401830673218,1
0.2807365357875824,1
0.39465752243995667,1
0.3432244658470154,1
0.3581542372703552,1
0.3494924306869507,1
0.2703370451927185,1
0.2893655598163605,1
0.288374662399292,1
0.35238879919052124,1
0.3907794654369354,1
0.2923451066017151,1
0.33983302116394043,1
0.34334060549736023,1
0.3469844460487366,1
0.3190264105796814,1
0.3225753903388977,1
0.2713543176651001,1
0.344713032245636,1
0.34584224224090576,1
0.28139930963516235,1
0.3731977939605713,1
0.3323667049407959,1
0.2920984625816345,1
0.32207873463630676,1
0.293702632188797,1
0.41292816400527954,1
0.33338919281959534,1
0.37803155183792114,1
0.35361066460609436,1
0.2708425521850586,1
0.33969414234161377,1
0.4225805997848511,1
0.4481121599674225,1
0.39817437529563904,1
0.30489540100097656,1
0.3881445527076721,1
0.3153710961341858,1
0.308415025472641,1
0.3921782970428467,1
0.3307192027568817,1
0.33768603205680847,1
0.2701109051704407,1
0.5301162600517273,1
0.46051305532455444,1
0.38769519329071045,1
0.322115421295166,1
0.3340631127357483,1
0.3606157600879669,1
0.4383868873119354,1
0.29517316818237305,1
0.41177064180374146,1
0.3699824810028076,1
0.3134653568267822,1
0.35973310470581055,1
0.2808159589767456,1
0.2909812927246094,1
0.37419891357421875,1
0.3781365752220154,1
0.2556769847869873,1
0.43888768553733826,1
0.42528730630874634,1
0.3546161651611328,1
0.33179745078086853,1
0.35374701023101807,1
0.5036802291870117,1
0.37742629647254944,1
0.32261329889297485,1
0.38225483894348145,1
0.5030543804168701,1
0.3097984492778778,1
0.3494372069835663,1
0.3317437767982483,1
0.41424697637557983,1
0.2376028597354889,1
0.3393736779689789,1
0.3270960748195648,1
0.30516642332077026,1
0.30119553208351135,1
0.3374690115451813,1
0.252638578414917,1
0.42113664746284485,1
0.27444663643836975,1
0.3903261125087738,1
0.42776256799697876,1
0.4316655993461609,1
0.4003292918205261,1
0.3875800371170044,1
0.2765851616859436,1
0.40301376581192017,1
0.40066754817962646,1
0.3112024664878845,1
0.47072428464889526,1
0.5435659289360046,1
0.3967021107673645,1
0.3574909269809723,1
0.3678836226463318,1
0.36381644010543823,1
0.3860495686531067,1
0.3265427350997925,1
0.3642701208591461,1
0.390126496553421,1
0.29951709508895874,1
0.276946485042572,1
0.42921388149261475,1
0.482696533203125,1
0.32646140456199646,1
0.30279260873794556,1
0.36056071519851685,1
0.3899248242378235,1
0.3377813696861267,1
0.38083159923553467,1
0.38522404432296753,1
0.4008006453514099,1
0.4263449013233185,1
0.3246059715747833,1
0.35679757595062256,1
0.5040919780731201,1
0.3846028447151184,1
0.28035733103752136,1
0.40373921394348145,1
0.3901495337486267,1
0.36718472838401794,1
0.20879623293876648,1
0.30030879378318787,1
0.3095415234565735,1
0.28806373476982117,1
0.3884049654006958,1
0.45463427901268005,1
0.4126468300819397,1
0.3589470684528351,1
0.34125569462776184,1
0.3776865601539612,1
0.32578638195991516,1
0.3477601110935211,1
0.4370725452899933,1
0.2594640851020813,1
0.34610262513160706,1
0.4019882082939148,1
0.3639388978481293,1
0.3341047763824463,1
0.2987000346183777,1
0.3482412099838257,1
0.4287227988243103,1
0.29885023832321167,1
0.3344231843948364,1
0.4542464017868042,1
0.3514373004436493,1
0.36499470472335815,1
0.3078787326812744,1
0.3228522837162018,1
0.31887087225914,1
0.3437582552433014,1
0.34879618883132935,1
0.30452799797058105,1
0.36875513195991516,1
0.3425413966178894,1
0.4049680531024933,1
0.36035585403442383,1
0.2756884694099426,1
0.3254404067993164,1
0.3423386812210083,1
0.38873860239982605,1
0.3899684250354767,1
0.4202095568180084,1
0.3757692277431488,1
0.31280142068862915,1
0.3460969924926758,1
0.3945685923099518,1
0.2614946663379669,1
0.47349685430526733,1
0.31841176748275757,1
0.37175658345222473,1
0.3640011250972748,1
0.3293132185935974,1
0.27080172300338745,1
0.4855199456214905,1
0.299335241317749,1
0.4075685441493988,1
0.37801527976989746,1
0.3447360396385193,1
0.3414629101753235,1
0.43274056911468506,1
0.4266013503074646,1
0.42582637071609497,1
0.40330684185028076,1
0.47947102785110474,1
0.2902478873729706,1
0.27948424220085144,1
0.2778250575065613,1
0.3753359317779541,1
0.3244618773460388,1
0.39118528366088867,1
0.30620747804641724,1
0.37119415402412415,1
0.2897588610649109,1
0.3278009593486786,1
0.2618499994277954,1
0.361763060092926,1
0.26922371983528137,1
0.3855724632740021,1
0.4178348481655121,1
0.3933703303337097,1
0.4508852958679199,1
0.37074896693229675,1
0.3138836622238159,1
0.3425721228122711,1
0.41189172863960266,1
0.3895125091075897,1
0.32626956701278687,1
0.3900047540664673,1
0.3917006552219391,1
0.3753449022769928,1
0.3747698664665222,1
0.43351906538009644,1
0.4111146628856659,1
0.41098690032958984,1
0.39895182847976685,1
0.3349967300891876,1
0.44571009278297424,1
0.3618605434894562,1
0.4878898859024048,1
0.4495100677013397,1
0.2673927843570709,1
0.36396121978759766,1
0.3086746335029602,1
0.38489019870758057,1
0.31326350569725037,1
0.2643270194530487,1
0.3173500597476959,1
0.27992552518844604,1
0.35906174778938293,1
0.30067676305770874,1
0.43303346633911133,1
0.3626248836517334,1
0.4008025527000427,1
0.4563567042350769,1
0.36466968059539795,1
0.5067145824432373,1
0.372128427028656,1
0.3925418257713318,1
0.4530937969684601,1
0.41855570673942566,1
0.37703248858451843,1
0.30655622482299805,1
0.27835267782211304,1
0.3771434426307678,1
0.24908995628356934,1
0.3083619773387909,1
0.35343897342681885,1
0.29040783643722534,1
0.2562817931175232,1
0.4107568860054016,1
0.35487088561058044,1
0.38405293226242065,1
0.3442251682281494,1
0.2809028625488281,1
0.36809593439102173,1
0.4129498600959778,1
0.36380642652511597,1
0.3245956301689148,1
0.24325376749038696,1
0.396086186170578,1
0.562877357006073,1
0.2795727550983429,1
0.36699777841567993,1
0.3344416916370392,1
0.3942640423774719,1
0.29100483655929565,1
0.40446436405181885,1
0.275704562664032,1
0.30117619037628174,1
0.35159826278686523,1
0.30174559354782104,1
0.3623414933681488,1
0.3423486351966858,1
0.3006003499031067,1
0.3322356045246124,1
0.4317711591720581,1
0.401281476020813,1
0.43306148052215576,1
0.3741329610347748,1
0.32619091868400574,1
0.47535717487335205,1
0.3729446232318878,1
0.39728620648384094,1
0.3502368927001953,1
0.39685001969337463,1
0.2815875709056854,1
0.4511820077896118,1
0.31191012263298035,1
0.3041321933269501,1
0.41657373309135437,1
0.3486228287220001,1
0.32122963666915894,1
0.4803047776222229,1
0.3342747092247009,1
0.555146336555481,1
0.248623788356781,1
0.37589359283447266,1
0.42788898944854736,1
0.49065959453582764,1
0.31006932258605957,1
0.34238454699516296,1
0.4422619938850403,1
0.3281647861003876,1
0.3992449939250946,1
0.3177734613418579,1
0.443597674369812,1
0.33811795711517334,1
0.305769681930542,1
0.33495771884918213,1
0.363659143447876,1
0.2917866110801697,1
0.4112740755081177,1
0.4228847622871399,1
0.4371424913406372,1
0.40699976682662964,1
0.3027091324329376,1
0.35773301124572754,1
0.28391242027282715,1
0.34146177768707275,1
0.3277055621147156,1
0.29760801792144775,1
0.4225248694419861,1
0.3554363250732422,1
0.3472749888896942,1
0.38625216484069824,1
0.33666229248046875,1
0.43439990282058716,1
0.3618758022785187,1
0.3553175628185272,1
0.3000824451446533,1
0.3340834975242615,1
0.38561850786209106,1
0.325839102268219,1
0.2949139475822449,1
0.3232206702232361,1
0.3241029977798462,1
0.3115442991256714,1
0.3444649577140808,1
0.4234808683395386,1
0.3949606120586395,1
0.3319282531738281,1
0.4151695966720581,1
0.3351459503173828,1
0.3113153576850891,1
0.4024272859096527,1
0.3948606550693512,1
0.3427640199661255,1
0.36755818128585815,1
0.3947414755821228,1
0.2521158456802368,1
0.2733319401741028,1
0.301312655210495,1
0.33313417434692383,1
0.40767180919647217,1
0.39927738904953003,1
0.32599174976348877,1
0.3309714198112488,1
0.42878490686416626,1
0.3271096348762512,1
0.4318199157714844,1
0.29906147718429565,1
0.36562737822532654,1
0.41541269421577454,1
0.42826125025749207,1
0.3114553689956665,1
0.37559080123901367,1
0.3407820761203766,1
0.30966004729270935,1
0.3655722737312317,1
0.3395799398422241,1
0.3449932336807251,1
0.28793078660964966,1
0.300392746925354,1
0.39506494998931885,1
0.30932337045669556,1
0.33640235662460327,1
0.2886106073856354,1
0.34835219383239746,1
0.3276371955871582,1
0.31199151277542114,1
0.3229711651802063,1
0.2528970539569855,1
0.35873889923095703,1
0.4235456883907318,1
0.30929034948349,1
0.4519570767879486,1
0.31007224321365356,1
0.2914324402809143,1
0.30964195728302,1
0.24888399243354797,1
0.39686885476112366,1
0.36038917303085327,1
0.3748778700828552,1
0.2985275387763977,1
0.3240590989589691,1
0.3745371401309967,1
0.3165174722671509,1
0.3375462591648102,1
0.36999863386154175,1
0.34965261816978455,1
0.34557783603668213,1
0.33948633074760437,1
0.2133665382862091,1
0.35378795862197876,1
0.3721042275428772,1
0.3717460632324219,1
0.3281204104423523,1
0.3629964590072632,1
0.2624565362930298,1
0.27737969160079956,1
0.4666489362716675,1
0.398717999458313,1
0.31323814392089844,1
0.34492170810699463,1
0.41962945461273193,1
0.3560165762901306,1
0.3527706265449524,1
0.362981915473938,1
0.3371468186378479,1
0.3079099655151367,1
0.4114205539226532,1
0.35502275824546814,1
0.42440056800842285,1
0.30114614963531494,1
0.40391865372657776,1
0.3798607885837555,1
0.26748597621917725,1
0.3338778018951416,1
0.34871530532836914,1
0.2468942105770111,1
0.4378400444984436,1
0.29820555448532104,1
0.3843591809272766,1
0.32886287569999695,1
0.3266216814517975,1
0.30876168608665466,1
0.32708343863487244,1
0.3808702826499939,1
0.2809640169143677,1
0.33783549070358276,1
0.295963853597641,1
0.26839184761047363,1
0.35890597105026245,1
0.49654442071914673,1
0.2894577980041504,1
0.32436832785606384,1
0.4020351469516754,1
0.385184109210968,1
0.3558911681175232,1
0.3156178891658783,1
0.2977437674999237,1
0.3847893178462982,1
0.4170103073120117,1
0.27174925804138184,1
0.45353683829307556,1
0.3385830521583557,1
0.38327887654304504,1
0.3918861746788025,1
0.3995083272457123,1
0.2255362570285797,1
0.34804797172546387,1
0.29636695981025696,1
0.28534287214279175,1
0.3164590895175934,1
0.3502018451690674,1
0.3272922933101654,1
0.33618825674057007,1
0.30829206109046936,1
0.34485191106796265,1
0.35346657037734985,1
0.29673781991004944,1
0.24225249886512756,1
0.5489716529846191,1
0.38363558053970337,1
0.4375939965248108,1
0.42321252822875977,1
0.3590385913848877,1
0.28455689549446106,1
0.3687298893928528,1
0.3938677906990051,1
0.4029332101345062,1
0.22109195590019226,1
0.3589460849761963,1
0.3758121728897095,1
0.35610926151275635,1
0.3626428246498108,1
0.5039429664611816,1
0.4189941883087158,1
0.34028446674346924,1
0.3669317960739136,1
0.3592875897884369,1
0.36417916417121887,1
0.5190581679344177,1
0.35462382435798645,1
0.33170199394226074,1
0.3307781219482422,1
0.30087214708328247,1
0.3451131582260132,1
0.3481180667877197,1
0.40777114033699036,1
0.2327333390712738,1
0.4085504114627838,1
0.3469112515449524,1
0.35983604192733765,1
0.5089170336723328,1
0.36378014087677,1
0.37699398398399353,1
0.315962553024292,1
0.3914746940135956,1
0.27225857973098755,1
0.4268125295639038,1
0.3211035430431366,1
0.346199631690979,1
0.39441025257110596,1
0.43769675493240356,1
0.3222210109233856,1
0.3759461045265198,1
0.36549240350723267,1
0.36700716614723206,1
0.3835914731025696,1
0.3315122425556183,1
0.3407827913761139,1
0.3247297406196594,1
0.34952855110168457,1
0.36783456802368164,1
0.40208399295806885,1
0.5183960199356079,1
0.2796925902366638,1
0.3254372179508209,1
0.3530239164829254,1
0.404823362827301,1
0.47005271911621094,1
0.46647393703460693,1
0.40060219168663025,1
0.3946048617362976,1
0.38035717606544495,1
0.4404006004333496,1
0.3323710262775421,1
0.3159036636352539,1
0.4445006251335144,1
0.4756518602371216,1
0.5219320058822632,1
0.30451536178588867,1
0.3102610111236572,1
0.3215925395488739,1
0.35793837904930115,1
0.35305923223495483,1
0.2602486312389374,1
0.33498966693878174,1
0.28613370656967163,1
0.3488716185092926,1
0.25198259949684143,1
0.36487701535224915,1
0.28913819789886475,1
0.31020504236221313,1
0.48900848627090454,1
0.49247127771377563,1
0.33971744775772095,1
0.33394962549209595,1
0.3203059434890747,1
0.3833925127983093,1
0.31937235593795776,1
0.31951242685317993,1
0.36634737253189087,1
0.4396298825740814,1
0.22452270984649658,1
0.48133137822151184,1
0.3481011390686035,1
0.38614970445632935,1
0.39135903120040894,1
0.3539060652256012,1
0.4211353063583374,1
0.39867061376571655,1
0.2770410478115082,1
0.2879358232021332,1
0.31568223237991333,1
0.3224959969520569,1
0.3721979260444641,1
0.28446638584136963,1
0.30061376094818115,1
0.2826627194881439,1
0.4297085404396057,1
0.49092036485671997,1
0.3000273108482361,1
0.33284205198287964,1
0.35334518551826477,1
0.30042722821235657,1
0.4685685336589813,1
0.34683701395988464,1
0.40544211864471436,1
0.39861536026000977,1
0.34103620052337646,1
0.2984776496887207,1
0.31792402267456055,1
0.3815247416496277,1
0.37854403257369995,1
0.27810245752334595,1
0.2865316867828369,1
0.3145664632320404,1
0.3272515535354614,1
0.41082650423049927,1
0.3317439556121826,1
0.34185412526130676,1
0.28602659702301025,1
0.35107553005218506,1
0.3581967055797577,1
0.2861256003379822,1
0.2644299268722534,1
0.34395647048950195,1
0.3167509436607361,1
0.32840496301651,1
0.42002007365226746,1
0.4878932237625122,1
0.3483501374721527,1
0.279829204082489,1
0.2006755769252777,1
0.3248336613178253,1
0.43718987703323364,1
0.5105958580970764,1
0.24010752141475677,1
0.2548148036003113,1
0.31220752000808716,1
0.44798755645751953,1
0.42140793800354004,1
0.3095730245113373,1
0.27476364374160767,1
0.4608985483646393,1
0.4752280116081238,1
0.3668392598628998,1
0.3673487901687622,1
0.36636602878570557,1
0.2900199294090271,1
0.38798755407333374,1
0.3214111030101776,1
0.4052504897117615,1
0.36825692653656006,1
0.400907039642334,1
0.5045825242996216,1
0.2659049332141876,1
0.3479883074760437,1
0.37323299050331116,1
0.4669755697250366,1
0.25877249240875244,1
0.43700042366981506,1
0.3822261691093445,1
0.2928568124771118,1
0.326783686876297,1
0.3714052438735962,1
0.30576950311660767,1
0.3128821551799774,1
0.445712685585022,1
0.35721898078918457,1
0.31461620330810547,1
0.33839139342308044,1
0.2899041771888733,1
0.2258690446615219,1
0.3721129894256592,1
0.36901894211769104,1
0.34900861978530884,1
0.22494381666183472,1
0.27541178464889526,1
0.4390546679496765,1
0.3222995102405548,1
0.4031743109226227,1
0.3027333617210388,1
0.2869512438774109,1
0.36043423414230347,1
0.3576558828353882,1
0.42175549268722534,1
0.29150763154029846,1
0.44304805994033813,1
0.2541041374206543,1
0.32600829005241394,1
0.34606075286865234,1
0.43065938353538513,1
0.2778947651386261,1
0.3922762870788574,1
0.32376715540885925,1
0.3172363042831421,1
0.4341731369495392,1
0.3135431706905365,1
0.3834807276725769,1
0.33967486023902893,1
0.2530595660209656,1
0.3928869962692261,1
0.37508004903793335,1
0.5369810461997986,1
0.28316423296928406,1
0.49104374647140503,1
0.33452096581459045,1
0.3042195439338684,1
0.37949395179748535,1
0.31493228673934937,1
0.36966171860694885,1
0.2542738616466522,1
0.29396575689315796,1
0.37734878063201904,1
0.24802635610103607,1
0.2961231768131256,1
0.391012042760849,1
0.311990350484848,1
0.41989952325820923,1
0.32546213269233704,1
0.29808151721954346,1
0.28655192255973816,1
0.3222300708293915,1
0.2481309175491333,1
0.25382763147354126,1
0.22981923818588257,1
0.26263850927352905,1
0.47058790922164917,1
0.46189844608306885,1
0.2787092626094818,1
0.38308754563331604,1
0.44030359387397766,1
0.33820536732673645,1
0.4019887447357178,1
0.3498494029045105,1
0.3172220289707184,1
0.3333069086074829,1
0.304487407207489,1
0.34898245334625244,1
0.3709616959095001,1
0.4426426291465759,1
0.3960404098033905,1
0.34271976351737976,1
0.3909582495689392,1
0.3317826986312866,1
0.41936981678009033,1
0.37018853425979614,1
0.3557131886482239,1
0.40998661518096924,1
0.2874999940395355,1
0.3215153217315674,1
0.31869736313819885,1
0.2948572635650635,1
0.24383588135242462,1
0.33671197295188904,1
0.3283316195011139,1
0.2962161898612976,1
0.3275400400161743,1
0.35102349519729614,1
0.30169129371643066,1
0.4023306369781494,1
0.27399230003356934,1
0.3123629689216614,1
0.3725968897342682,1
0.39954668283462524,1
0.355612576007843,1
0.4091566205024719,1
0.4132067859172821,1
0.4271749258041382,1
0.36408665776252747,1
0.3453099727630615,1
0.31396687030792236,1
0.3283659815788269,1
0.30804359912872314,1
0.3266500234603882,1
0.2955038547515869,1
0.3150346577167511,1
0.2763630449771881,1
0.3572845458984375,1
0.2980378270149231,1
0.3591446876525879,1
0.36108678579330444,1
0.44199544191360474,1
0.3591184914112091,1
0.3317922353744507,1
0.3816518783569336,1
0.35377728939056396,1
0.3329055607318878,1
0.3874567449092865,1
0.341975599527359,1
0.2559584975242615,1
0.31703823804855347,1
0.2972317636013031,1
0.386597603559494,1
0.40657252073287964,1
0.34968501329421997,1
0.3377408981323242,1
0.4686506390571594,1
0.37206149101257324,1
0.32800135016441345,1
0.48461639881134033,1
0.41242653131484985,1
0.36971718072891235,1
0.370496928691864,1
0.3676449954509735,1
0.3696161210536957,1
0.42375296354293823,1
0.3763788342475891,1
0.4397866725921631,1
0.3344581127166748,1
0.29042625427246094,1
0.31177979707717896,1
0.3643109202384949,1
0.2850921154022217,1
0.4370802044868469,1
0.34277433156967163,1
0.4015127420425415,1
0.4410403072834015,1
0.46680670976638794,1
0.3945118486881256,1
0.39408862590789795,1
0.39571887254714966,1
0.31665268540382385,1
0.3757992386817932,1
0.4254668056964874,1
0.4830501973628998,1
0.4110620617866516,1
0.3873308002948761,1
0.3279452621936798,1
0.31604471802711487,1
0.24586349725723267,1
0.42583686113357544,1
0.40150928497314453,1
0.241063192486763,1
0.34282436966896057,1
0.3964359164237976,1
0.4246971011161804,1
0.29987621307373047,1
0.3511943519115448,1
0.3327089846134186,1
0.2848150134086609,1
0.3171352446079254,1
0.3070105314254761,1
0.41643765568733215,1
0.30577248334884644,1
0.2873673737049103,1
0.3865978717803955,1
0.3028433322906494,1
0.3597385287284851,1
0.29735150933265686,1
0.2828517556190491,1
0.2484952211380005,1
0.3530232012271881,1
0.2749316394329071,1
0.3621283769607544,1
0.33962196111679077,1
0.3495602309703827,1
0.4127706289291382,1
0.3305327594280243,1
0.3812251389026642,1
0.3772508502006531,1
0.3886488080024719,1
0.34267324209213257,1
0.3768003582954407,1
0.38722318410873413,1
0.3224014639854431,1
0.3625210225582123,1
0.458916574716568,1
0.34547609090805054,1
0.2813912630081177,1
0.2665252685546875,1
0.3867087662220001,1
0.37875646352767944,1
0.47520509362220764,1
0.4582878649234772,1
0.31416839361190796,1
0.3319583535194397,1
0.3279150724411011,1
0.3016608953475952,1
0.3652857542037964,1
0.35471534729003906,1
0.3599770665168762,1
0.4542754888534546,1
0.35968896746635437,1
0.4385986328125,1
0.34784114360809326,1
0.3545795679092407,1
0.27236154675483704,1
0.3882712721824646,1
0.3315987288951874,1
0.3393170237541199,1
0.3741306662559509,1
0.42153626680374146,1
0.3741183280944824,1
0.398590624332428,1
0.44910264015197754,1
0.2331145703792572,1
0.39393866062164307,1
0.3265538215637207,1
0.33864450454711914,1
0.3466830253601074,1
0.2771143615245819,1
0.42710572481155396,1
0.3067167401313782,1
0.307874470949173,1
0.35584768652915955,1
0.3597600758075714,1
0.4375983476638794,1
0.2939132750034332,1
0.34927377104759216,1
0.3080085515975952,1
0.37838834524154663,1
0.40573784708976746,1
0.3775500953197479,1
0.42615360021591187,1
0.3964032530784607,1
0.4534514248371124,1
0.3685147166252136,1
0.35552284121513367,1
0.306880921125412,1
0.39123404026031494,1
0.4878973960876465,1
0.27012884616851807,1
0.3557405471801758,1
0.47937360405921936,1
0.3142004609107971,1
0.30539804697036743,1
0.31959623098373413,1
0.4293856620788574,1
0.325354665517807,1
0.36784037947654724,1
0.3753850758075714,1
0.3752916753292084,1
0.37868598103523254,1
0.4297805726528168,1
0.3492848873138428,1
0.3578019440174103,1
0.31260377168655396,1
0.28358471393585205,1
0.2896270751953125,1
0.4996747672557831,1
0.3347533047199249,1
0.3745976686477661,1
0.2857678234577179,1
0.38616082072257996,1
0.3135680556297302,1
0.37517690658569336,1
0.44373804330825806,1
0.35961252450942993,1
0.3381052315235138,1
0.3649981617927551,1
0.40590059757232666,1
0.28924188017845154,1
0.33764728903770447,1
0.2174566388130188,1
0.4841223657131195,1
0.3570149540901184,1
0.31812769174575806,1
0.2738321125507355,1
0.29653361439704895,1
0.411140501499176,1
0.332100510597229,1
0.2837219536304474,1
0.36017411947250366,1
0.320206880569458,1
0.340509831905365,1
0.40754079818725586,1
0.3392851650714874,1
0.4168125092983246,1
0.47311145067214966,1
0.4449508786201477,1
0.2534750998020172,1
0.3783668279647827,1
0.3355446755886078,1
0.4047028422355652,1
0.25645819306373596,1
0.3768784999847412,1
0.49657735228538513,1
0.3571038842201233,1
0.3558153212070465,1
0.37496277689933777,1
0.3063117563724518,1
0.32515856623649597,1
0.3439638614654541,1
0.28569740056991577,1
0.4143093228340149,1
0.3519461452960968,1
0.4996700882911682,1
0.32350367307662964,1
0.39426305890083313,1
0.34361007809638977,1
0.2969241738319397,1
0.3605317175388336,1
0.38956987857818604,1
0.36666440963745117,1
0.3760019540786743,1
0.40427249670028687,1
0.31124359369277954,1
0.3221592605113983,1
0.31115812063217163,1
0.2954696714878082,1
0.35417884588241577,1
0.30201399326324463,1
0.3263441026210785,1
0.3584578037261963,1
0.3328370749950409,1
0.3157137930393219,1
0.36332425475120544,1
0.3266345262527466,1
0.3561169505119324,1
0.45336979627609253,1
0.3586576581001282,1
0.32418185472488403,1
0.325959175825119,1
0.31595465540885925,1
0.290458083152771,1
0.4400215744972229,1
0.40261197090148926,1
0.3282882571220398,1
0.3179317116737366,1
0.6167377233505249,1
0.26430070400238037,1
0.3561866879463196,1
0.3037757873535156,1
0.41141465306282043,1
0.4884409010410309,1
0.3997122645378113,1
0.3332451581954956,1
0.42664194107055664,1
0.3666265606880188,1
0.310859739780426,1
0.39392122626304626,1
0.24345727264881134,1
0.3486112058162689,1
0.3121679723262787,1
0.363992303609848,1
0.3136550784111023,1
0.3882301151752472,1
0.35510730743408203,1
0.4858439564704895,1
0.3963426351547241,1
0.44233185052871704,1
0.3518962264060974,1
0.3317292332649231,1
0.32881489396095276,1
0.29927387833595276,1
0.3605482280254364,1
0.3186064064502716,1
0.542235791683197,1
0.2906835973262787,1
0.3567657470703125,1
0.2996079623699188,1
0.4934174120426178,1
0.306637167930603,1
0.3922646939754486,1
0.3167645335197449,1
0.30968621373176575,1
0.31192463636398315,1
0.4385630488395691,1
0.3972975015640259,1
0.30236852169036865,1
0.31688985228538513,1
0.3382108807563782,1
0.23969846963882446,1
0.3501947820186615,1
0.39048105478286743,1
0.5369340777397156,1
0.3909931182861328,1
0.300233393907547,1
0.3958657383918762,1
0.3694998323917389,1
0.4845547080039978,1
0.28904807567596436,1
0.2965410053730011,1
0.34125253558158875,1
0.2602185010910034,1
0.40552854537963867,1
0.4177566170692444,1
0.35674118995666504,1
0.29542815685272217,1
0.30521339178085327,1
0.33527886867523193,1
0.3583572804927826,1
0.3405219316482544,1
0.34589847922325134,1
0.31910091638565063,1
0.24494901299476624,1
0.3492600917816162,1
0.2942311763763428,1
0.3072298467159271,1
0.32116490602493286,1
0.3271504044532776,1
0.2816997170448303,1
0.34218829870224,1
0.4258628785610199,1
0.22267553210258484,1
0.29167822003364563,1
0.3771263062953949,1
0.4523249566555023,1
0.45522642135620117,1
0.33069029450416565,1
0.4526956081390381,1
0.3609446883201599,1
0.3540268838405609,1
0.3723466992378235,1
0.4275587797164917,1
0.4741659462451935,1
0.31386250257492065,1
0.25888490676879883,1
0.3642089068889618,1
0.3403836786746979,1
0.39395788311958313,1
0.37102603912353516,1
0.5340428352355957,1
0.44118016958236694,1
0.4305036962032318,1
0.3332199454307556,1
0.4109098017215729,1
0.32111817598342896,1
0.44071251153945923,1
0.4632803797721863,1
0.28060615062713623,1
0.38368499279022217,1
0.30734267830848694,1
0.3925948739051819,1
0.34655261039733887,1
0.39289796352386475,1
0.3780982494354248,1
0.3622741997241974,1
0.3269532322883606,1
0.27560240030288696,1
0.36689168214797974,1
0.32255616784095764,1
0.3167070150375366,1
0.34144338965415955,1
0.4408760368824005,1
0.21279838681221008,1
0.31518852710723877,1
0.4255542755126953,1
0.37045198678970337,1
0.4882325530052185,1
0.3628624975681305,1
0.4365290403366089,1
0.3512724041938782,1
0.40252888202667236,1
0.34269145131111145,1
0.34047502279281616,1
0.32392290234565735,1
0.49229979515075684,1
0.43808454275131226,1
0.35079702734947205,1
0.3519953489303589,1
0.29901206493377686,1
0.37339258193969727,1
0.3316744565963745,1
0.364398717880249,1
0.3564426302909851,1
0.2644622325897217,1
0.384770929813385,1
0.35011568665504456,1
0.4067835807800293,1
0.3590271472930908,1
0.21773764491081238,1
0.3566703796386719,1
0.33477985858917236,1
0.3582780659198761,1
0.3642287850379944,1
0.33820199966430664,1
0.4434864819049835,1
0.2901182174682617,1
0.343278706073761,1
0.4545418918132782,1
0.3558194041252136,1
0.4748833179473877,1
0.2970595061779022,1
0.23305150866508484,1
0.41014158725738525,1
0.4121377468109131,1
0.3890208899974823,1
0.39748111367225647,1
0.35365724563598633,1
0.30900052189826965,1
0.40373045206069946,1
0.34630173444747925,1
0.4679614305496216,1
0.21038103103637695,1
0.3575487434864044,1
0.3336276710033417,1
0.286560982465744,1
0.30740252137184143,1
0.44311773777008057,1
0.36196213960647583,1
0.3208868205547333,1
0.33617886900901794,1
0.2751809358596802,1
0.3058321177959442,1
0.27192622423171997,1
0.3201431632041931,1
0.529720664024353,1
0.26778119802474976,1
0.42035597562789917,1
0.34814876317977905,1
0.27560660243034363,1
0.34322863817214966,1
0.42500975728034973,1
0.29823851585388184,1
0.2894006371498108,1
0.3910578787326813,1
0.25170519948005676,1
0.39523160457611084,1
0.38369134068489075,1
0.3972471356391907,1
0.33828628063201904,1
0.22856824100017548,1
0.38178643584251404,1
0.2699515223503113,1
0.3274634778499603,1
0.21527789533138275,1
0.30266073346138,1
0.3792653977870941,1
0.43826210498809814,1
0.4553268551826477,1
0.31023484468460083,1
0.2869536280632019,1
0.43174272775650024,1
0.35468631982803345,1
0.3303428888320923,1
0.23953990638256073,1
0.34080126881599426,1
0.4007154107093811,1
0.37299519777297974,1
0.3808090090751648,1
0.31222963333129883,1
0.33341848850250244,1
0.3540363907814026,1
0.3245694041252136,1
0.3135923147201538,1
0.2740369439125061,1
0.3934387266635895,1
0.377551794052124,1
0.346897155046463,1
0.31573450565338135,1
0.29229384660720825,1
0.3083922266960144,1
0.3993454575538635,1
0.4666469097137451,1
0.3785545229911804,1
0.37937983870506287,1
0.24836793541908264,1
0.2960573434829712,1
0.38737383484840393,1
0.3052252531051636,1
0.47456055879592896,1
0.44368964433670044,1
0.4033622145652771,1
0.496268630027771,1
0.4062080681324005,1
0.274176687002182,1
0.3242913484573364,1
0.348195344209671,1
0.2834163308143616,1
0.38463160395622253,1
0.2738068401813507,1
0.3856106698513031,1
0.5657006502151489,1
0.5063048005104065,1
0.4080098867416382,1
0.30026817321777344,1
0.43688198924064636,1
0.3211790919303894,1
0.33013445138931274,1
0.36353886127471924,1
0.3075602054595947,1
0.3283213973045349,1
0.3484627604484558,1
0.32160937786102295,1
0.2716251611709595,1
0.2974739670753479,1
0.42499127984046936,1
0.38236916065216064,1
0.48381268978118896,1
0.352471262216568,1
0.3609376847743988,1
0.38534677028656006,1
0.4283960461616516,1
0.3175504803657532,1
0.3393976092338562,1
0.4290199279785156,1
0.4630303382873535,1
0.44145143032073975,1
0.24700592458248138,1
0.3887897729873657,1
0.36876142024993896,1
0.37807580828666687,1
0.39054426550865173,1
0.41688671708106995,1
0.3689807653427124,1
0.2632545828819275,1
0.3329021632671356,1
0.4418478012084961,1
0.32388657331466675,1
0.2802463173866272,1
0.4430679678916931,1
0.36911463737487793,1
0.35239657759666443,1
0.37962114810943604,1
0.31359586119651794,1
0.43823108077049255,1
0.32524287700653076,1
0.319906622171402,1
0.38339313864707947,1
0.2950654625892639,1
0.33285021781921387,1
0.289279580116272,1
0.4075899124145508,1
0.3279644846916199,1
0.3229074478149414,1
0.3805735409259796,1
0.29288068413734436,1
0.3305519223213196,1
0.30492857098579407,1
0.40083837509155273,1
0.38189443945884705,1
0.31531816720962524,1
0.3622850179672241,1
0.2829093635082245,1
0.3506426215171814,1
0.3737337589263916,1
0.2458934187889099,1
0.4111769199371338,1
0.31371963024139404,1
0.32018744945526123,1
0.35945039987564087,1
0.41534000635147095,1
0.4283439517021179,1
0.4142027497291565,1
0.4724571108818054,1
0.5021951198577881,1
0.4004315137863159,1
0.3980609178543091,1
0.3181132972240448,1
0.46648627519607544,1
0.26794663071632385,1
0.40981483459472656,1
0.3347882330417633,1
0.3458290994167328,1
0.2708642780780792,1
0.46601855754852295,1
0.3699692189693451,1
0.3425483703613281,1
0.3345140218734741,1
0.32406458258628845,1
0.2934054732322693,1
0.4407750368118286,1
0.3529307246208191,1
0.3404250144958496,1
0.436560720205307,1
0.38531437516212463,1
0.3825950622558594,1
0.3924714922904968,1
0.2834933400154114,1
0.3512725830078125,1
0.2802359163761139,1
0.3018462657928467,1
0.3530493378639221,1
0.3682730197906494,1
0.32869473099708557,1
0.46988749504089355,1
0.3456956744194031,1
0.45348823070526123,1
0.37431538105010986,1
0.4410163164138794,1
0.3334217369556427,1
0.2967481017112732,1
0.3925526738166809,1
0.3581467568874359,1
0.34892240166664124,1
0.37285715341567993,1
0.44122180342674255,1
0.2904759645462036,1
0.3554203510284424,1
0.3820391893386841,1
0.4115467667579651,1
0.39120858907699585,1
0.3254382014274597,1
0.316847026348114,1
0.3168404996395111,1
0.4277835488319397,1
0.3453059792518616,1
0.26905056834220886,1
0.38653695583343506,1
0.4193597435951233,1
0.33708417415618896,1
0.373544842004776,1
0.42117756605148315,1
0.3629613518714905,1
0.4214542806148529,1
0.32159945368766785,1
0.4777911901473999,1
0.2963178753852844,1
0.39632219076156616,1
0.3063896596431732,1
0.2703860104084015,1
0.32835859060287476,1
0.3407304286956787,1
0.38338014483451843,1
0.44088712334632874,1
0.2954065799713135,1
0.4282214939594269,1
0.34345823526382446,1
0.38328254222869873,1
0.3162234425544739,1
0.3400510847568512,1
0.27804040908813477,1
0.415435254573822,1
0.41044390201568604,1
0.3731640577316284,1
0.34077155590057373,1
0.3289600908756256,1
0.4112043082714081,1
0.33439940214157104,1
0.37824851274490356,1
0.2552017867565155,1
0.39081472158432007,1
0.2039337009191513,1
0.38247960805892944,1
0.36525824666023254,1
0.22167830169200897,1
0.32089298963546753,1
0.3307603895664215,1
0.27684491872787476,1
0.3931724429130554,1
0.28498849272727966,1
0.41177141666412354,1
0.29531484842300415,1
0.2938510775566101,1
0.32541021704673767,1
0.37896835803985596,1
0.32254114747047424,1
0.3875121474266052,1
0.38528114557266235,1
0.28874126076698303,1
0.3383886218070984,1
0.42836660146713257,1
0.40682661533355713,1
0.2852003574371338,1
0.3091880679130554,1
0.2906360626220703,1
0.40909039974212646,1
0.36987921595573425,1
0.3701128363609314,1
0.24778763949871063,1
0.30221912264823914,1
0.43173936009407043,1
0.36986202001571655,1
0.3887330889701843,1
0.24877429008483887,1
0.38069218397140503,1
0.32613545656204224,1
0.3535696566104889,1
0.35016459226608276,1
0.4025263488292694,1
0.4062574505805969,1
0.4609377980232239,1
0.34334173798561096,1
0.2716994285583496,1
0.4303722381591797,1
0.35449671745300293,1
0.2447025030851364,1
0.27759623527526855,1
0.37565770745277405,1
0.34549763798713684,1
0.31473222374916077,1
0.36007940769195557,1
0.36705151200294495,1
0.24366658926010132,1
0.39516758918762207,1
0.2813980281352997,1
0.27935969829559326,1
0.33486542105674744,1
0.28961771726608276,1
0.37677109241485596,1
0.3481302261352539,1
0.425882488489151,1
0.4734709560871124,1
0.3451628088951111,1
0.3486127257347107,1
0.4298081696033478,1
0.4555119574069977,1
0.2567141652107239,1
0.3482833802700043,1
0.31048956513404846,1
0.4303421080112457,1
0.3548259139060974,1
0.31368252635002136,1
0.3563383221626282,1
0.28795719146728516,1
0.3050403594970703,1
0.40615570545196533,1
0.3627207577228546,1
0.3233664631843567,1
0.36406490206718445,1
0.32554054260253906,1
0.49272966384887695,1
0.3777143359184265,1
0.3702476918697357,1
0.343914657831192,1
0.445377379655838,1
0.385193407535553,1
0.34113144874572754,1
0.2776198089122772,1
0.35309404134750366,1
0.3149751126766205,1
0.30317258834838867,1
0.3855043649673462,1
0.4402259886264801,1
0.2700470983982086,1
0.5121914148330688,1
0.32007426023483276,1
0.4190235733985901,1
0.42699021100997925,1
0.34266042709350586,1
0.2653721868991852,1
0.38365232944488525,1
0.3603331446647644,1
0.3695889711380005,1
0.3438388407230377,1
0.40968987345695496,1
0.2642676830291748,1
0.33860859274864197,1
0.40013474225997925,1
0.5005953907966614,1
0.29771411418914795,1
0.4559277892112732,1
0.35156288743019104,1
0.300027072429657,1
0.3329160511493683,1
0.5328490734100342,1
0.32817786931991577,1
0.43176305294036865,1
0.2402130514383316,1
0.22555579245090485,1
0.3063216209411621,1
0.33177411556243896,1
0.32952404022216797,1
0.34780365228652954,1
0.3006659746170044,1
0.3025863766670227,1
0.3178313076496124,1
0.4575672745704651,1
0.3250023126602173,1
0.3932829201221466,1
0.2518937587738037,1
0.3700334429740906,1
0.44057226181030273,1
0.3097127079963684,1
0.2652844786643982,1
0.3375796675682068,1
0.27860304713249207,1
0.2422792613506317,1
0.34357231855392456,1
0.36207807064056396,1
0.2774766981601715,1
0.28225550055503845,1
0.4368601143360138,1
0.3002614974975586,1
0.3647720217704773,1
0.4240862727165222,1
0.3401637077331543,1
0.3549126088619232,1
0.5175521969795227,1
0.3124825358390808,1
0.40711355209350586,1
0.41959089040756226,1
0.28295961022377014,1
0.395677387714386,1
0.41337159276008606,1
0.3859931230545044,1
0.36384379863739014,1
0.3365910053253174,1
0.3936712443828583,1
0.32816290855407715,1
0.4416840672492981,1
0.34858882427215576,1
0.4104866087436676,1
0.3230743110179901,1
0.3990301191806793,1
0.43813517689704895,1
0.34068870544433594,1
0.2933248281478882,1
0.26937246322631836,1
0.35008442401885986,1
0.2827588617801666,1
0.38235461711883545,1
0.31088319420814514,1
0.42014080286026,1
0.3088127076625824,1
0.3244941234588623,1
0.4007805585861206,1
0.33307406306266785,1
0.29532840847969055,1
0.31477147340774536,1
0.3985452950000763,1
0.4178660809993744,1
0.27698227763175964,1
0.2520752549171448,1
0.33827733993530273,1
0.36012017726898193,1
0.3656006455421448,1
0.2910730242729187,1
0.3505997061729431,1
0.288623571395874,1
0.2808888256549835,1
0.36353856325149536,1
0.32100170850753784,1
0.26722222566604614,1
0.32911190390586853,1
0.25410985946655273,1
0.294584184885025,1
0.34960973262786865,1
0.33742988109588623,1
0.40058350563049316,1
0.349288672208786,1
0.4790927767753601,1
0.5021154880523682,1
0.4374690651893616,1
0.29497694969177246,1
0.2765238881111145,1
0.3608379065990448,1
0.49624061584472656,1
0.35522162914276123,1
0.35030055046081543,1
0.31423649191856384,1
0.38915884494781494,1
0.27492275834083557,1
0.30227720737457275,1
0.3153036832809448,1
0.40945252776145935,1
0.2521900236606598,1
0.2848716676235199,1
0.35046687722206116,1
0.48987430334091187,1
0.32338064908981323,1
0.3931153118610382,1
0.3279115557670593,1
0.3568507134914398,1
0.3856205940246582,1
0.34927088022232056,1
0.35767871141433716,1
0.33237600326538086,1
0.38952869176864624,1
0.2867113947868347,1
0.22320982813835144,1
0.45039188861846924,1
0.4110751152038574,1
0.325047105550766,1
0.3255503177642822,1
0.26893457770347595,1
0.31283989548683167,1
0.3773251175880432,1
0.3771587312221527,1
0.46542125940322876,1
0.39124417304992676,1
0.4207170605659485,1
0.25046369433403015,1
0.49733299016952515,1
0.3456876575946808,1
0.418512761592865,1
0.2917199730873108,1
0.3788454830646515,1
0.31601741909980774,1
0.34116408228874207,1
0.4339867830276489,1
0.3400329351425171,1
0.4210035800933838,1
0.4132348299026489,1
0.29310399293899536,1
0.2920687794685364,1
0.3674522638320923,1
0.353758841753006,1
0.3537552058696747,1
0.3946791887283325,1
0.3334119915962219,1
0.3478271961212158,1
0.3447329103946686,1
0.3020632565021515,1
0.3323940932750702,1
0.25781071186065674,1
0.3850628435611725,1
0.41857561469078064,1
0.30543315410614014,1
0.3422788381576538,1
0.312522292137146,1
0.399306982755661,1
0.31446942687034607,1
0.29157450795173645,1
0.3124350309371948,1
0.43186745047569275,1
0.29508817195892334,1
0.2887077033519745,1
0.31179189682006836,1
0.40009140968322754,1
0.27443498373031616,1
0.35464757680892944,1
0.2451198399066925,1
0.3992510735988617,1
0.2763115167617798,1
0.3548021912574768,1
0.3121461868286133,1
0.5363311767578125,1
0.2574213147163391,1
0.3044247627258301,1
0.2770546078681946,1
0.3497741222381592,1
0.3257634937763214,1
0.31675177812576294,1
0.35005706548690796,1
0.23710699379444122,1
0.42595672607421875,1
0.30378246307373047,1
0.29489684104919434,1
0.4294140040874481,1
0.3514190912246704,1
0.3371269702911377,1
0.3292209506034851,1
0.5065790414810181,1
0.3067300021648407,1
0.2638052999973297,1
0.3230701982975006,1
0.34390735626220703,1
0.317055881023407,1
0.3075851798057556,1
0.3938828706741333,1
0.2866831421852112,1
0.27260202169418335,1
0.5493432283401489,1
0.2969376742839813,1
0.39881521463394165,1
0.49572986364364624,1
0.39776110649108887,1
0.36749494075775146,1
0.39949560165405273,1
0.24804191291332245,1
0.2642379105091095,1
0.3222252428531647,1
0.3040004074573517,1
0.38745933771133423,1
0.3277595043182373,1
0.389912486076355,1
0.4659990966320038,1
0.3078905940055847,1
0.40056902170181274,1
0.39651453495025635,1
0.4163043200969696,1
0.40397900342941284,1
0.44346773624420166,1
0.2876371145248413,1
0.3470674455165863,1
0.3152042627334595,1
0.2995644807815552,1
0.3372517228126526,1
0.34261205792427063,1
0.290015310049057,1
0.3330044150352478,1
0.3104509711265564,1
0.5394436717033386,1
0.34398752450942993,1
0.28121232986450195,1
0.2552809417247772,1
0.3190852701663971,1
0.44666311144828796,1
0.3347964584827423,1
0.3570401072502136,1
0.4547232985496521,1
0.3056259751319885,1
0.40311598777770996,1
0.4853997230529785,1
0.33668190240859985,1
0.3325653672218323,1
0.27145469188690186,1
0.3042070269584656,1
0.3206220269203186,1
0.37773123383522034,1
0.38910967111587524,1
0.2723850607872009,1
0.28095707297325134,1
0.39093470573425293,1
0.4166547954082489,1
0.44865381717681885,1
0.3966774046421051,1
0.46301016211509705,1
0.3704124689102173,1
0.21993741393089294,1
0.43290671706199646,1
0.33179938793182373,1
0.3711310029029846,1
0.287832111120224,1
0.49265119433403015,1
0.44801169633865356,1
0.3911391496658325,1
0.4323708415031433,1
0.401980996131897,1
0.40337005257606506,1
0.3092273473739624,1
0.3049841523170471,1
0.32561272382736206,1
0.26933056116104126,1
0.352475643157959,1
0.4041363000869751,1
0.34275054931640625,1
0.2911554276943207,1
0.4528268277645111,1
0.35908910632133484,1
0.2832886874675751,1
0.33195000886917114,1
0.3644043207168579,1
0.414993554353714,1
0.3799114227294922,1
0.34829437732696533,1
0.3273858428001404,1
0.28280171751976013,1
0.3214901089668274,1
0.2874331772327423,1
0.2676831781864166,1
0.373131662607193,1
0.3593749403953552,1
0.4050300121307373,1
0.3226601481437683,1
0.40160325169563293,1
0.43795502185821533,1
0.2834186553955078,1
0.36032235622406006,1
0.3559500575065613,1
0.2997950613498688,1
0.34385019540786743,1
0.29901570081710815,1
0.39721083641052246,1
0.39272597432136536,1
0.31141647696495056,1
0.4121343195438385,1
0.3462345004081726,1
0.352385550737381,1
0.36626365780830383,1
0.3200596272945404,1
0.2586822807788849,1
0.39127251505851746,1
0.3611434996128082,1
0.3599640429019928,1
0.40705451369285583,1
0.36808115243911743,1
0.370869517326355,1
0.47178155183792114,1
0.24749498069286346,1
0.35151201486587524,1
0.3586500883102417,1
0.3527982831001282,1
0.36501872539520264,1
0.4374542832374573,1
0.4141625165939331,1
0.3848177194595337,1
0.42344722151756287,1
0.3279569149017334,1
0.47611650824546814,1
0.41717174649238586,1
0.33624210953712463,1
0.35404300689697266,1
0.3382475972175598,1
0.3677493631839752,1
0.3353676199913025,1
0.39139223098754883,1
0.37361592054367065,1
0.3519155979156494,1
0.28150686621665955,1
0.37129074335098267,1
0.45192164182662964,1
0.45389455556869507,1
0.3428885340690613,1
0.2802707552909851,1
0.35876360535621643,1
0.37067711353302,1
0.33649489283561707,1
0.31002718210220337,1
0.5258143544197083,1
0.34655851125717163,1
0.4884110391139984,1
0.3712700307369232,1
0.3525197505950928,1
0.27528759837150574,1
0.31453174352645874,1
0.35116997361183167,1
0.25582462549209595,1
0.336620032787323,1
0.3596845865249634,1
0.360365092754364,1
0.27177923917770386,1
0.3956262469291687,1
0.4320531189441681,1
0.378803014755249,1
0.3261333107948303,1
0.3171173334121704,1
0.3945309519767761,1
0.4213906228542328,1
0.4066759943962097,1
0.32375797629356384,1
0.2751257121562958,1
0.34098929166793823,1
0.32821717858314514,1
0.3438989520072937,1
0.35588258504867554,1
0.32256269454956055,1
0.2898574769496918,1
0.3830035626888275,1
0.32797276973724365,1
0.3062167167663574,1
0.4030824601650238,1
0.30719229578971863,1
0.3578445613384247,1
0.41792726516723633,1
0.40002167224884033,1
0.3880089819431305,1
0.29545027017593384,1
0.4145968556404114,1
0.383760005235672,1
0.36330774426460266,1
0.3048287630081177,1
0.27951985597610474,1
0.38950222730636597,1
0.30692946910858154,1
0.2913739085197449,1
0.3527204394340515,1
0.3376878499984741,1
0.36349472403526306,1
0.44013237953186035,1
0.3465060591697693,1
0.2955170273780823,1
0.2606465816497803,1
0.31053006649017334,1
0.25320106744766235,1
0.35490453243255615,1
0.3578181564807892,1
0.30815890431404114,1
0.47280654311180115,1
0.332617849111557,1
0.3012658357620239,1
0.3626009523868561,1
0.3374161124229431,1
0.34987735748291016,1
0.37859001755714417,1
0.30713802576065063,1
0.23086993396282196,1
0.38685205578804016,1
0.3198639750480652,1
0.32369667291641235,1
0.36172616481781006,1
0.3490506410598755,1
0.30536797642707825,1
0.3083809018135071,1
0.2467576563358307,1
0.3565060496330261,1
0.3873388469219208,1
0.2732730507850647,1
0.3495890498161316,1
0.4060683250427246,1
0.28284382820129395,1
0.29261669516563416,1
0.38895750045776367,1
0.3463258743286133,1
0.4536277651786804,1
0.3210484981536865,1
0.3881738483905792,1
0.3741554617881775,1
0.28293633460998535,1
0.4126846194267273,1
0.31840527057647705,1
0.31052207946777344,1
0.364690363407135,1
0.43271875381469727,1
0.31210240721702576,1
0.2872040867805481,1
0.39559945464134216,1
0.42068547010421753,1
0.3271632790565491,1
0.4100848436355591,1
0.43124616146087646,1
0.4570372700691223,1
0.348259299993515,1
0.2676132023334503,1
0.1905486285686493,1
0.3832298815250397,1
0.35446763038635254,1
0.2517589032649994,1
0.33892884850502014,1
0.44091054797172546,1
0.3660848140716553,1
0.30637967586517334,1
0.3632601797580719,1
0.33473867177963257,1
0.31999099254608154,1
0.319733202457428,1
0.47120317816734314,1
0.2719924747943878,1
0.22319045662879944,1
0.3631177246570587,1
0.37689343094825745,1
0.2729530334472656,1
0.26329073309898376,1
0.3680230379104614,1
0.3672807514667511,1
0.29520466923713684,1
0.2701161503791809,1
0.34270036220550537,1
0.3964012861251831,1
0.26006996631622314,1
0.38734686374664307,1
0.3591809868812561,1
0.4944872260093689,1
0.3613147735595703,1
0.32269686460494995,1
0.303329199552536,1
0.3039981424808502,1
0.3981558382511139,1
0.4890208840370178,1
0.48274824023246765,1
0.40326568484306335,1
0.3473004102706909,1
0.33098912239074707,1
0.3927750587463379,1
0.37921860814094543,1
0.2906385660171509,1
0.29266420006752014,1
0.5104793310165405,1
0.43555575609207153,1
0.26937979459762573,1
0.47241097688674927,1
0.2730824947357178,1
0.33384278416633606,1
0.2293035089969635,1
0.2961570918560028,1
0.3724937438964844,1
0.34998300671577454,1
0.2635841965675354,1
0.3438846468925476,1
0.41769880056381226,1
0.6477899551391602,1
0.28745174407958984,1
0.3586735725402832,1
0.3814929723739624,1
0.34977853298187256,1
0.2734174132347107,1
0.3191375136375427,1
0.4079154431819916,1
0.406454861164093,1
0.31596043705940247,1
0.2873363494873047,1
0.3597080111503601,1
0.32349926233291626,1
0.4242902994155884,1
0.48467302322387695,1
0.41834020614624023,1
0.25734007358551025,1
0.29828548431396484,1
0.3403416872024536,1
0.388558566570282,1
0.2443842887878418,1
0.4451533854007721,1
0.39040178060531616,1
0.40649715065956116,1
0.41325676441192627,1
0.2778051495552063,1
0.32050928473472595,1
0.4278096556663513,1
0.316472589969635,1
0.3681281507015228,1
0.3630650043487549,1
0.45785319805145264,1
0.26022934913635254,1
0.3147071301937103,1
0.3528728783130646,1
0.2848256230354309,1
0.26083311438560486,1
0.3536347448825836,1
0.3191239833831787,1
0.46527794003486633,1
0.27381661534309387,1
0.4949926435947418,1
0.3497949242591858,1
0.38419103622436523,1
0.2395348846912384,1
0.3840201795101166,1
0.2668411135673523,1
0.34864649176597595,1
0.5019903779029846,1
0.3100087344646454,1
0.44257766008377075,1
0.37380993366241455,1
0.34292227029800415,1
0.4583500623703003,1
0.35039302706718445,1
0.3062722980976105,1
0.3811810612678528,1
0.3067206144332886,1
0.44310101866722107,1
0.3758789300918579,1
0.443989634513855,1
0.3899257183074951,1
0.22685140371322632,1
0.44044774770736694,1
0.3513121008872986,1
0.26037922501564026,1
0.3395196795463562,1
0.3193374276161194,1
0.38909539580345154,1
0.4667384922504425,1
0.4038640856742859,1
0.29935982823371887,1
0.32473140954971313,1
0.3115064799785614,1
0.3784746527671814,1
0.3416833281517029,1
0.43464958667755127,1
0.2604760527610779,1
0.2489674836397171,1
0.25513145327568054,1
0.3081892728805542,1
0.37311190366744995,1
0.29986679553985596,1
0.3651885390281677,1
0.3894292712211609,1
0.42521440982818604,1
0.37533557415008545,1
0.29086846113204956,1
0.24935704469680786,1
0.4861300587654114,1
0.3162234127521515,1
0.47298645973205566,1
0.34435248374938965,1
0.40401214361190796,1
0.474852591753006,1
0.4110863506793976,1
0.47842937707901,1
0.4009690284729004,1
0.3327735364437103,1
0.325527161359787,1
0.4038313031196594,1
0.3033297657966614,1
0.4204421639442444,1
0.38268446922302246,1
0.4143296778202057,1
0.33560293912887573,1
0.2889077961444855,1
0.3799094557762146,1
0.26289525628089905,1
0.35768264532089233,1
0.47898077964782715,1
0.46128401160240173,1
0.3138176202774048,1
0.39710861444473267,1
0.3009765148162842,1
0.44377392530441284,1
0.34219837188720703,1
0.450349897146225,1
0.3950899839401245,1
0.4969736337661743,1
0.34765782952308655,1
0.40075984597206116,1
0.28604352474212646,1
0.30166977643966675,1
0.3605794310569763,1
0.3648952841758728,1
0.4106827974319458,1
0.34374749660491943,1
0.27969497442245483,1
0.3149547576904297,1
0.37854400277137756,1
0.4135212302207947,1
0.42891260981559753,1
0.3430239260196686,1
0.36210012435913086,1
0.3700268864631653,1
0.38417214155197144,1
0.41212746500968933,1
0.3828553855419159,1
0.3701280355453491,1
0.3633621335029602,1
0.25262510776519775,1
0.31660038232803345,1
0.458468496799469,1
0.37839579582214355,1
0.44389158487319946,1
0.338787317276001,1
0.3898948132991791,1
0.3428017497062683,1
0.3662986755371094,1
0.45610687136650085,1
0.37997156381607056,1
0.3925783038139343,1
0.35214120149612427,1
0.36807459592819214,1
0.3526129722595215,1
0.32492655515670776,1
0.20767700672149658,1
0.2269606739282608,1
0.376165509223938,1
0.3770179748535156,1
0.31349748373031616,1
0.3650827407836914,1
0.45768314599990845,1
0.3798755407333374,1
0.3422633707523346,1
0.32754167914390564,1
0.40640801191329956,1
0.4190327525138855,1
0.3241277039051056,1
0.34308624267578125,1
0.36913448572158813,1
0.4275093376636505,1
0.4305311441421509,1
0.3099987506866455,1
0.25640952587127686,1
0.3129092752933502,1
0.30591055750846863,1
0.3806573450565338,1
0.37984782457351685,1
0.34594494104385376,1
0.39843904972076416,1
0.2923313081264496,1
0.35077953338623047,1
0.3899964690208435,1
0.416038453578949,1
0.29467055201530457,1
0.3662572205066681,1
0.2777942419052124,1
0.3518540561199188,1
0.2985178232192993,1
0.34414881467819214,1
0.3446338474750519,1
0.27037370204925537,1
0.3349016308784485,1
0.37151819467544556,1
0.3861122131347656,1
0.36264723539352417,1
0.27127593755722046,1
0.36363914608955383,1
0.33940428495407104,1
0.31413477659225464,1
0.24264174699783325,1
0.4002622663974762,1
0.35093581676483154,1
0.2742260992527008,1
0.4997482895851135,1
0.39033713936805725,1
0.44346654415130615,1
0.49669355154037476,1
0.33065852522850037,1
0.31126320362091064,1
0.4472276568412781,1
0.39791634678840637,1
0.4033001661300659,1
0.2110525220632553,1
0.31526750326156616,1
0.31419092416763306,1
0.3180091381072998,1
0.471848726272583,1
0.3820655345916748,1
0.30047404766082764,1
0.45078229904174805,1
0.2841310203075409,1
0.4013894200325012,1
0.37235379219055176,1
0.36939147114753723,1
0.44631388783454895,1
0.3793647289276123,1
0.35814788937568665,1
0.3939441442489624,1
0.37595027685165405,1
0.4652513265609741,1
0.385343074798584,1
0.39142128825187683,1
0.33096182346343994,1
0.366041362285614,1
0.3325556814670563,1
0.27181515097618103,1
0.32835593819618225,1
0.3429218530654907,1
0.35922759771347046,1
0.5033711194992065,1
0.3220575749874115,1
0.4037929177284241,1
0.33879798650741577,1
0.28579363226890564,1
0.3203696310520172,1
0.34565865993499756,1
0.2487800121307373,1
0.3914933204650879,1
0.27380621433258057,1
0.2866849899291992,1
0.31478554010391235,1
0.4414868950843811,1
0.2876906991004944,1
0.3298812806606293,1
0.363198846578598,1
0.2617640197277069,1
0.33824974298477173,1
0.352026104927063,1
0.2982524037361145,1
0.36283454298973083,1
0.35611093044281006,1
0.3546570837497711,1
0.35041314363479614,1
0.25570112466812134,1
0.40531855821609497,1
0.29047346115112305,1
0.27925223112106323,1
0.3075467348098755,1
0.2766478359699249,1
0.3646840453147888,1
0.2840134799480438,1
0.3221023678779602,1
0.44473719596862793,1
0.3412013053894043,1
0.3097107410430908,1
0.2402099072933197,1
0.5195911526679993,1
0.2417348474264145,1
0.42824187874794006,1
0.3943917155265808,1
0.37577372789382935,1
0.38124632835388184,1
0.27721837162971497,1
0.3272421956062317,1
0.27644267678260803,1
0.388410747051239,1
0.42238226532936096,1
0.3715844452381134,1
0.3167538046836853,1
0.2846326529979706,1
0.38397443294525146,1
0.37022876739501953,1
0.41160768270492554,1
0.33957797288894653,1
0.3206838369369507,1
0.30500784516334534,1
0.41108617186546326,1
0.28712236881256104,1
0.45489388704299927,1
0.3943157494068146,1
0.36016806960105896,1
0.2272597998380661,1
0.30130115151405334,1
0.38897421956062317,1
0.25727641582489014,1
0.31012797355651855,1
0.34725669026374817,1
0.25299328565597534,1
0.37976786494255066,1
0.3075403571128845,1
0.3907749354839325,1
0.35948121547698975,1
0.3302874267101288,1
0.4396744966506958,1
0.3673778772354126,1
0.29371267557144165,1
0.29153433442115784,1
0.4296465516090393,1
0.3896421790122986,1
0.348859578371048,1
0.3559432327747345,1
0.35718125104904175,1
0.33136966824531555,1
0.2881534695625305,1
0.2931441068649292,1
0.34069210290908813,1
0.3649086356163025,1
0.37388917803764343,1
0.3097442388534546,1
0.34581315517425537,1
0.2861148416996002,1
0.41026508808135986,1
0.4614516496658325,1
0.40396493673324585,1
0.37390631437301636,1
0.30848824977874756,1
0.3823460340499878,1
0.2802462577819824,1
0.3383300006389618,1
0.2832355201244354,1
0.4088767468929291,1
0.3682599663734436,1
0.30684009194374084,1
0.4012954533100128,1
0.3601047992706299,1
0.3871135115623474,1
0.3939816653728485,1
0.2902151048183441,1
0.44137799739837646,1
0.36437898874282837,1
0.3058066964149475,1
0.3386320173740387,1
0.3542831540107727,1
0.4968011677265167,1
0.42611294984817505,1
0.3405997157096863,1
0.320257306098938,1
0.35623085498809814,1
0.34731271862983704,1
0.3240026831626892,1
0.3869114816188812,1
0.27586063742637634,1
0.44463059306144714,1
0.42147350311279297,1
0.41030067205429077,1
0.35362958908081055,1
0.4696885943412781,1
0.31686779856681824,1
0.3990235924720764,1
0.36280882358551025,1
0.331284761428833,1
0.304792582988739,1
0.2586633563041687,1
0.4472002387046814,1
0.2680705785751343,1
0.42208611965179443,1
0.31343984603881836,1
0.3092695474624634,1
0.29859858751296997,1
0.4294690489768982,1
0.29389074444770813,1
0.361171156167984,1
0.3772278130054474,1
0.31375110149383545,1
0.305568128824234,1
0.3144904375076294,1
0.380374938249588,1
0.3407534062862396,1
0.3263925015926361,1
0.48482879996299744,1
0.3958497643470764,1
0.24297361075878143,1
0.504866361618042,1
0.3942992091178894,1
0.30228865146636963,1
0.42002439498901367,1
0.4746425151824951,1
0.29159319400787354,1
0.45051440596580505,1
0.429137259721756,1
0.4188995361328125,1
0.33044183254241943,1
0.47431957721710205,1
0.28969305753707886,1
0.38893210887908936,1
0.3509308993816376,1
0.3419800400733948,1
0.42369407415390015,1
0.3144170343875885,1
0.43492627143859863,1
0.30691030621528625,1
0.35702404379844666,1
0.29853272438049316,1
0.37907373905181885,1
0.4355756342411041,1
0.35529249906539917,1
0.384803831577301,1
0.33149078488349915,1
0.3934595584869385,1
0.3117346167564392,1
0.4374387562274933,1
0.37487733364105225,1
0.4328567087650299,1
0.31737297773361206,1
0.35726937651634216,1
0.3252193033695221,1
0.4362500011920929,1
0.3283649981021881,1
0.30577990412712097,1
0.3419424295425415,1
0.3958435356616974,1
0.35688674449920654,1
0.3159691095352173,1
0.46382778882980347,1
0.31914734840393066,1
0.3119516372680664,1
0.3603125214576721,1
0.30653175711631775,1
0.4405662417411804,1
0.40042954683303833,1
0.29194894433021545,1
0.4091777205467224,1
0.5517615079879761,1
0.4565066993236542,1
0.319034606218338,1
0.27526623010635376,1
0.3344776928424835,1
0.2762655019760132,1
0.3824763894081116,1
0.34612178802490234,1
0.4216183125972748,1
0.44574224948883057,1
0.426909863948822,1
0.38705289363861084,1
0.2860172688961029,1
0.2766540050506592,1
0.4026494026184082,1
0.4101825952529907,1
0.3707661032676697,1
0.46715831756591797,1
0.3358711004257202,1
0.41831958293914795,1
0.4132488965988159,1
0.3707162141799927,1
0.25725114345550537,1
0.36632245779037476,1
0.34045231342315674,1
0.3555457293987274,1
0.35198357701301575,1
0.3170623183250427,1
0.4920109808444977,1
0.2620101571083069,1
0.465636670589447,1
0.34133970737457275,1
0.4944235682487488,1
0.3452795147895813,1
0.3401064872741699,1
0.3766179084777832,1
0.5702766180038452,1
0.367861807346344,1
0.3095136880874634,1
0.438789427280426,1
0.33090662956237793,1
0.2876109182834625,1
0.2708430588245392,1
0.36184704303741455,1
0.3445274829864502,1
0.3483107089996338,1
0.1915571540594101,1
0.3269895911216736,1
0.27402830123901367,1
0.37694281339645386,1
0.2675940990447998,1
0.33109167218208313,1
0.26406896114349365,1
0.2893529236316681,1
0.2825056314468384,1
0.3795977532863617,1
0.3024117648601532,1
0.3223069906234741,1
0.3423604369163513,1
0.3836628794670105,1
0.2960304319858551,1
0.34215670824050903,1
0.3636077046394348,1
0.30065906047821045,1
0.4593389928340912,1
0.37057238817214966,1
0.3035331964492798,1
0.3540380001068115,1
0.4245372414588928,1
0.3503475785255432,1
0.45763081312179565,1
0.4401250183582306,1
0.28905901312828064,1
0.32720765471458435,1
0.29077020287513733,1
0.45084381103515625,1
0.4393080174922943,1
0.38654035329818726,1
0.3324397802352905,1
0.2710481286048889,1
0.2841547429561615,1
0.3894270658493042,1
0.36812692880630493,1
0.3769569396972656,1
0.3213898539543152,1
0.2855047583580017,1
0.3819544017314911,1
0.3776310086250305,1
0.4157813489437103,1
0.4537380337715149,1
0.30410531163215637,1
0.2800617814064026,1
0.2920997440814972,1
0.2981182038784027,1
0.2761017680168152,1
0.4712429642677307,1
0.2879405617713928,1
0.3550645112991333,1
0.40569007396698,1
0.4351455271244049,1
0.4475816488265991,1
0.324213445186615,1
0.3719106912612915,1
0.3023674190044403,1
0.39585015177726746,1
0.34409773349761963,1
0.3711162209510803,1
0.32916104793548584,1
0.3503727912902832,1
0.35032588243484497,1
0.39946892857551575,1
0.35168105363845825,1
0.36524146795272827,1
0.36200934648513794,1
0.2766466736793518,1
0.33712583780288696,1
0.4144829213619232,1
0.23668769001960754,1
0.42670387029647827,1
0.35139375925064087,1
0.31141337752342224,1
0.22451266646385193,1
0.38856446743011475,1
0.2933475971221924,1
0.43857914209365845,1
0.40086835622787476,1
0.27414703369140625,1
0.3418191969394684,1
0.3396434187889099,1
0.3124256134033203,1
0.319343626499176,1
0.3988521099090576,1
0.35463404655456543,1
0.3934103548526764,1
0.5027132034301758,1
0.3289922773838043,1
0.32152891159057617,1
0.2928300201892853,1
0.29662221670150757,1
0.4190100133419037,1
0.36093318462371826,1
0.29486650228500366,1
0.29000645875930786,1
0.2798607051372528,1
0.3091449439525604,1
0.2978680729866028,1
0.4181767702102661,1
0.4695000648498535,1
0.3305507302284241,1
0.434842586517334,1
0.35633397102355957,1
0.25111567974090576,1
0.32298290729522705,1
0.40554189682006836,1
0.42004260420799255,1
0.35985633730888367,1
0.36968109011650085,1
0.3143737316131592,1
0.3516484498977661,1
0.42942920327186584,1
0.35512226819992065,1
0.5324792861938477,1
0.41604894399642944,1
0.465287983417511,1
0.31308048963546753,1
0.3029353618621826,1
0.40094444155693054,1
0.44877147674560547,1
0.4067992568016052,1
0.29399731755256653,1
0.43652403354644775,1
0.45033323764801025,1
0.28992271423339844,1
0.3183075189590454,1
0.3915024995803833,1
0.4945649802684784,1
0.493099182844162,1
0.3439006805419922,1
0.31311675906181335,1
0.3459940552711487,1
0.3302406072616577,1
0.3019835948944092,1
0.35032474994659424,1
0.3346666693687439,1
0.4954940676689148,1
0.2661032974720001,1
0.28292322158813477,1
0.3056167960166931,1
0.3040408194065094,1
0.42508813738822937,1
0.40996164083480835,1
0.3492032289505005,1
0.2911205291748047,1
0.3846493065357208,1
0.3197331428527832,1
0.34816083312034607,1
0.3281034231185913,1
0.33324068784713745,1
0.37025314569473267,1
0.5678912401199341,1
0.29291337728500366,1
0.35717111825942993,1
0.3589707612991333,1
0.3877664804458618,1
0.3008449077606201,1
0.47906941175460815,1
0.3751402795314789,1
0.30259424448013306,1
0.3952435553073883,1
0.4129641652107239,1
0.32368069887161255,1
0.4535609185695648,1
0.45701420307159424,1
0.39282935857772827,1
0.2706416845321655,1
0.29963868856430054,1
0.32350656390190125,1
0.3727409243583679,1
0.3254556655883789,1
0.3456271290779114,1
0.33968406915664673,1
0.39287346601486206,1
0.30708688497543335,1
0.2931857705116272,1
0.46307867765426636,1
0.36425185203552246,1
0.30132830142974854,1
0.36358362436294556,1
0.29549622535705566,1
0.31038227677345276,1
0.2994374632835388,1
0.49173909425735474,1
0.41408786177635193,1
0.33500969409942627,1
0.37414732575416565,1
0.36751341819763184,1
0.23731382191181183,1
0.26140254735946655,1
0.38002049922943115,1
0.216089129447937,1
0.3450469970703125,1
0.2700645625591278,1
0.4127708673477173,1
0.3911447525024414,1
0.33231431245803833,1
0.3486587405204773,1
0.4178904891014099,1
0.3213782012462616,1
0.35967278480529785,1
0.33313804864883423,1
0.31551629304885864,1
0.34257185459136963,1
0.4380870461463928,1
0.3865435719490051,1
0.4136575758457184,1
0.45396408438682556,1
0.3111056089401245,1
0.28543564677238464,1
0.3790287971496582,1
0.4723318815231323,1
0.3393362760543823,1
0.3366272449493408,1
0.24944940209388733,1
0.3718339204788208,1
0.2934342324733734,1
0.3748742938041687,1
0.4419342577457428,1
0.2929958701133728,1
0.3070714473724365,1
0.3280890882015228,1
0.3448548913002014,1
0.39843106269836426,1
0.33916401863098145,1
0.373861700296402,1
0.36544689536094666,1
0.3091868758201599,1
0.4372810125350952,1
0.3114292621612549,1
0.32344934344291687,1
0.37872594594955444,1
0.428093820810318,1
0.4747745394706726,1
0.30876216292381287,1
0.3320853114128113,1
0.3634380102157593,1
0.436609148979187,1
0.3046996593475342,1
0.3623853325843811,1
0.34424468874931335,1
0.2838433086872101,1
0.4857974052429199,1
0.3394201993942261,1
0.4019160568714142,1
0.3772293031215668,1
0.3873845338821411,1
0.482391357421875,1
0.32401618361473083,1
0.3346633315086365,1
0.3697686195373535,1
0.3625521659851074,1
0.4115392565727234,1
0.38672176003456116,1
0.49410057067871094,1
0.39707618951797485,1
0.414675772190094,1
0.4085700511932373,1
0.23843470215797424,1
0.4397618770599365,1
0.3745931386947632,1
0.29592785239219666,1
0.27292677760124207,1
0.3976217806339264,1
0.3416539430618286,1
0.33935001492500305,1
0.3139669895172119,1
0.24362830817699432,1
0.3197869062423706,1
0.3849029242992401,1
0.36302101612091064,1
0.43219420313835144,1
0.42231619358062744,1
0.2671129107475281,1
0.47149547934532166,1
0.23652508854866028,1
0.36340221762657166,1
0.3537171185016632,1
0.4103800058364868,1
0.3759240210056305,1
0.32536065578460693,1
0.45081520080566406,1
0.5439110994338989,1
0.33748456835746765,1
0.26048481464385986,1
0.29462990164756775,1
0.31969431042671204,1
0.3372591733932495,1
0.37012118101119995,1
0.2687065303325653,1
0.41160374879837036,1
0.3855011761188507,1
0.2821945250034332,1
0.31578969955444336,1
0.4189259707927704,1
0.3330067992210388,1
0.3170434236526489,1
0.3304428160190582,1
0.2782549560070038,1
0.36131349205970764,1
0.2640112638473511,1
0.28050437569618225,1
0.3062203526496887,1
0.23871704936027527,1
0.27984941005706787,1
0.32076939940452576,1
0.3882567882537842,1
0.36138638854026794,1
0.3065301179885864,1
0.4768025875091553,1
0.33858972787857056,1
0.3785589337348938,1
0.273088663816452,1
0.4306069016456604,1
0.31275928020477295,1
0.3369797468185425,1
0.5571999549865723,1
0.2665436267852783,1
0.23053193092346191,1
0.34006625413894653,1
0.2807163894176483,1
0.30020639300346375,1
0.5270584225654602,1
0.4030768871307373,1
0.34978732466697693,1
0.29638105630874634,1
0.2808809280395508,1
0.30510759353637695,1
0.41396433115005493,1
0.3909229338169098,1
0.310405433177948,1
0.31288301944732666,1
0.3839668333530426,1
0.45008498430252075,1
0.38519442081451416,1
0.37361711263656616,1
0.2423713505268097,1
0.34364649653434753,1
0.29922229051589966,1
0.3473988175392151,1
0.3883681297302246,1
0.3421613872051239,1
0.3728596568107605,1
0.3399779796600342,1
0.31203505396842957,1
0.3418882489204407,1
0.3463963270187378,1
0.24020704627037048,1
0.27747493982315063,1
0.24872972071170807,1
0.36372828483581543,1
0.3902544379234314,1
0.2820125222206116,1
0.34481900930404663,1
0.4670599102973938,1
0.30898869037628174,1
0.35923606157302856,1
0.441520094871521,1
0.4080904722213745,1
0.2439175248146057,1
0.35355237126350403,1
0.4029628336429596,1
0.36427611112594604,1
0.2938082218170166,1
0.35596659779548645,1
0.2961063086986542,1
0.3005916178226471,1
0.3908442556858063,1
0.5586202144622803,1
0.3564402163028717,1
0.3643396496772766,1
0.4615967869758606,1
0.38791242241859436,1
0.2903294563293457,1
0.2795995771884918,1
0.33766961097717285,1
0.36134323477745056,1
0.40525496006011963,1
0.3323966860771179,1
0.31354719400405884,1
0.30669671297073364,1
0.36833637952804565,1
0.32843124866485596,1
0.28630945086479187,1
0.29490646719932556,1
0.35570597648620605,1
0.31084465980529785,1
0.22996783256530762,1
0.31985557079315186,1
0.3624480366706848,1
0.5819075703620911,1
0.47097247838974,1
0.33338719606399536,1
0.41490450501441956,1
0.38384029269218445,1
0.38429585099220276,1
0.3537065386772156,1
0.34401553869247437,1
0.46470218896865845,1
0.4148263931274414,1
0.4144238531589508,1
0.23637187480926514,1
0.368600070476532,1
0.49530139565467834,1
0.2909807562828064,1
0.30361199378967285,1
0.2873491942882538,1
0.31233224272727966,1
0.3320585787296295,1
0.27270638942718506,1
0.4655083417892456,1
0.33214229345321655,1
0.35867154598236084,1
0.36087340116500854,1
0.3936261236667633,1
0.2559549808502197,1
0.34090930223464966,1
0.4385647773742676,1
0.45407551527023315,1
0.38975125551223755,1
0.36421769857406616,1
0.28487077355384827,1
0.34250497817993164,1
0.37882256507873535,1
0.25881725549697876,1
0.34163594245910645,1
0.29726865887641907,1
0.46225860714912415,1
0.4426185190677643,1
0.24193733930587769,1
0.495297908782959,1
0.36376479268074036,1
0.31052297353744507,1
0.36734187602996826,1
0.3833544850349426,1
0.3922659158706665,1
0.3239833414554596,1
0.4056015610694885,1
0.38970208168029785,1
0.39542943239212036,1
0.3369427025318146,1
0.3881511986255646,1
0.43151336908340454,1
0.3509259819984436,1
0.3324447274208069,1
0.33902454376220703,1
0.3621506690979004,1
0.35030806064605713,1
0.3192986845970154,1
0.48968011140823364,1
0.35062581300735474,1
0.426743745803833,1
0.3023955225944519,1
0.2828845977783203,1
0.28927090764045715,1
0.3103633522987366,1
0.418032169342041,1
0.2874610424041748,1
0.3530469536781311,1
0.4161025881767273,1
0.4501543939113617,1
0.34665846824645996,1
0.3694291412830353,1
0.49337854981422424,1
0.45272567868232727,1
0.3350808620452881,1
0.31670039892196655,1
0.34932780265808105,1
0.27428027987480164,1
0.37587112188339233,1
0.2989882826805115,1
0.3808993399143219,1
0.3565421402454376,1
0.40616506338119507,1
0.2957614064216614,1
0.4128758907318115,1
0.38647133111953735,1
0.27660098671913147,1
0.3626266419887543,1
0.33512938022613525,1
0.2847316265106201,1
0.2921310067176819,1
0.30497118830680847,1
0.22493284940719604,1
0.31168311834335327,1
0.3486812114715576,1
0.3010166883468628,1
0.4789056181907654,1
0.3235248923301697,1
0.5133030414581299,1
0.2968165874481201,1
0.29137828946113586,1
0.29192614555358887,1
0.4020978808403015,1
0.2833385169506073,1
0.3987981677055359,1
0.2647243142127991,1
0.2660071551799774,1
0.3574400544166565,1
0.4310064911842346,1
0.35850000381469727,1
0.29751279950141907,1
0.3288695514202118,1
0.32016435265541077,1
0.2892844080924988,1
0.33620530366897583,1
0.2864099442958832,1
0.36819902062416077,1
0.3251168727874756,1
0.4414813220500946,1
0.39603617787361145,1
0.36836177110671997,1
0.3534204363822937,1
0.3204662799835205,1
0.3008679747581482,1
0.40316998958587646,1
0.2582052946090698,1
0.33521923422813416,1
0.32874947786331177,1
0.4167022705078125,1
0.36670494079589844,1
0.40098780393600464,1
0.33699101209640503,1
0.3578015863895416,1
0.3652690649032593,1
0.37100112438201904,1
0.38320305943489075,1
0.3093009889125824,1
0.41744354367256165,1
0.22968503832817078,1
0.3570830523967743,1
0.3211556375026703,1
0.30879098176956177,1
0.46985000371932983,1
0.39815741777420044,1
0.5059114098548889,1
0.2766277492046356,1
0.37858644127845764,1
0.39708614349365234,1
0.37219706177711487,1
0.32135140895843506,1
0.30313634872436523,1
0.4712018668651581,1
0.3579099774360657,1
0.34808415174484253,1
0.35926973819732666,1
0.37183672189712524,1
0.22483786940574646,1
0.2729145884513855,1
0.4115627110004425,1
0.4109717011451721,1
0.45797979831695557,1
0.3278483748435974,1
0.3873729407787323,1
0.25133538246154785,1
0.38082167506217957,1
0.33651596307754517,1
0.2852559983730316,1
0.2994080185890198,1
0.4096965193748474,1
0.29287058115005493,1
0.34953922033309937,1
0.3218201696872711,1
0.33845508098602295,1
0.33293408155441284,1
0.37995046377182007,1
0.2507352828979492,1
0.32458773255348206,1
0.3366336524486542,1
0.3782009184360504,1
0.40272727608680725,1
0.3237699270248413,1
0.4119325876235962,1
0.40596064925193787,1
0.4142874479293823,1
0.5024428367614746,1
0.34983330965042114,1
0.36277222633361816,1
0.43910521268844604,1
0.3485149145126343,1
0.3528876006603241,1
0.2954348921775818,1
0.3503956198692322,1
0.2160329520702362,1
0.35706451535224915,1
0.41366657614707947,1
0.3090134859085083,1
0.3363284468650818,1
0.321569561958313,1
0.35512587428092957,1
0.33312249183654785,1
0.4547794461250305,1
0.46439117193222046,1
0.3235734701156616,1
0.48082849383354187,1
0.3527200222015381,1
0.36697009205818176,1
0.31717997789382935,1
0.41592153906822205,1
0.4578590393066406,1
0.4601356089115143,1
0.3202081024646759,1
0.2856099605560303,1
0.3785938024520874,1
0.3253529369831085,1
0.2821347713470459,1
0.4515572786331177,1
0.31203243136405945,1
0.44372549653053284,1
0.41276365518569946,1
0.3188554644584656,1
0.3290613293647766,1
0.37496674060821533,1
0.39213764667510986,1
0.372933030128479,1
0.3080986738204956,1
0.3711032271385193,1
0.2727244198322296,1
0.5226230025291443,1
0.26303714513778687,1
0.40087956190109253,1
0.44081056118011475,1
0.3506580889225006,1
0.3346497416496277,1
0.39605849981307983,1
0.2442445456981659,1
0.2923020124435425,1
0.30806607007980347,1
0.384016215801239,1
0.3382916748523712,1
0.37646952271461487,1
0.2300889939069748,1
0.3414391279220581,1
0.35041970014572144,1
0.447265088558197,1
0.27251216769218445,1
0.29898619651794434,1
0.38800686597824097,1
0.31166279315948486,1
0.47265344858169556,1
0.30211299657821655,1
0.5571316480636597,1
0.43158262968063354,1
0.35674750804901123,1
0.5422293543815613,1
0.3204665780067444,1
0.43872418999671936,1
0.3997616469860077,1
0.29791557788848877,1
0.2944334149360657,1
0.3026247024536133,1
0.36894068121910095,1
0.3117143213748932,1
0.3285122811794281,1
0.3451542258262634,1
0.3080241084098816,1
0.27214276790618896,1
0.3603784441947937,1
0.3441654443740845,1
0.37380853295326233,1
0.2637332081794739,1
0.26102501153945923,1
0.3546505570411682,1
0.38183319568634033,1
0.3353176414966583,1
0.3691491484642029,1
0.476276159286499,1
0.35798364877700806,1
0.4801063537597656,1
0.31375718116760254,1
0.37710335850715637,1
0.36277106404304504,1
0.31577107310295105,1
0.531794548034668,1
0.32021188735961914,1
0.2996060848236084,1
0.402687668800354,1
0.3787629306316376,1
0.28716447949409485,1
0.3135216236114502,1
0.23432941734790802,1
0.39289966225624084,1
0.33185699582099915,1
0.239919513463974,1
0.2969275712966919,1
0.38873356580734253,1
0.4339792728424072,1
0.46283891797065735,1
0.3871004283428192,1
0.34551286697387695,1
0.3617858290672302,1
0.41907933354377747,1
0.46781378984451294,1
0.377880334854126,1
0.30491000413894653,1
0.3569350838661194,1
0.2017669677734375,1
0.4526899755001068,1
0.3933696746826172,1
0.4094811677932739,1
0.5271177291870117,1
0.3329806327819824,1
0.3403729498386383,1
0.393461674451828,1
0.2849070429801941,1
0.29999035596847534,1
0.26645395159721375,1
0.5187063813209534,1
0.3026675879955292,1
0.3398563265800476,1
0.3033106327056885,1
0.27924293279647827,1
0.3070726990699768,1
0.2988174557685852,1
0.38219988346099854,1
0.3476613759994507,1
0.21925820410251617,1
0.2403538078069687,1
0.43519365787506104,1
0.281345009803772,1
0.32553818821907043,1
0.18838252127170563,1
0.3865968585014343,1
0.2747313976287842,1
0.43424367904663086,1
0.36116716265678406,1
0.508836567401886,1
0.381736695766449,1
0.3474881649017334,1
0.23843303322792053,1
0.3323606252670288,1
0.3557471036911011,1
0.25112253427505493,1
0.45468389987945557,1
0.3946993947029114,1
0.31185612082481384,1
0.42435282468795776,1
0.23544742166996002,1
0.33235329389572144,1
0.38095277547836304,1
0.27889227867126465,1
0.3580563962459564,1
0.35051900148391724,1
0.42421501874923706,1
0.40456488728523254,1
0.38944774866104126,1
0.31214821338653564,1
0.2857050597667694,1
0.41048112511634827,1
0.34043779969215393,1
0.21884575486183167,1
0.3718429207801819,1
0.3610050082206726,1
0.3576129972934723,1
0.36244529485702515,1
0.2989721894264221,1
0.3698348104953766,1
0.41874638199806213,1
0.3035161793231964,1
0.37928134202957153,1
0.5403966903686523,1
0.3175787329673767,1
0.3242477476596832,1
0.3607785105705261,1
0.4197547435760498,1
0.3951737582683563,1
0.2767297625541687,1
0.32575881481170654,1
0.3005827069282532,1
0.3028634190559387,1
0.3219705820083618,1
0.31573984026908875,1
0.4177926182746887,1
0.2900501787662506,1
0.31732702255249023,1
0.4246370196342468,1
0.2795095145702362,1
0.32008785009384155,1
0.3774690628051758,1
0.2590600848197937,1
0.35146868228912354,1
0.3621003031730652,1
0.4334743618965149,1
0.3779970407485962,1
0.42591485381126404,1
0.35005253553390503,1
0.3343220055103302,1
0.43919986486434937,1
0.2848517894744873,1
0.40732553601264954,1
0.2973795533180237,1
0.29242873191833496,1
0.41626542806625366,1
0.28065404295921326,1
0.4703020453453064,1
0.2650047838687897,1
0.4461604952812195,1
0.31811290979385376,1
0.4290488362312317,1
0.2711856961250305,1
0.3907720744609833,1
0.4877656400203705,1
0.37469905614852905,1
0.4020470976829529,1
0.37768667936325073,1
0.2897867262363434,1
0.2614527940750122,1
0.40176093578338623,1
0.2802695333957672,1
0.33668971061706543,1
0.2601799964904785,1
0.36441564559936523,1
0.2873575985431671,1
0.3228592574596405,1
0.27632880210876465,1
0.3955613076686859,1
0.4922608733177185,1
0.3459969758987427,1
0.2350633144378662,1
0.31257444620132446,1
0.2787250876426697,1
0.23087391257286072,1
0.33579766750335693,1
0.4690091907978058,1
0.479264497756958,1
0.46695226430892944,1
0.37815433740615845,1
0.46251097321510315,1
0.4271007180213928,1
0.36162233352661133,1
0.3187412619590759,1
0.48807671666145325,1
0.38024380803108215,1
0.35587233304977417,1
0.35077139735221863,1
0.37241071462631226,1
0.36241668462753296,1
0.4268327057361603,1
0.3366195559501648,1
0.37643539905548096,1
0.30240264534950256,1
0.4239972233772278,1
0.3317025601863861,1
0.3883509635925293,1
0.3947907090187073,1
0.35874712467193604,1
0.4662077724933624,1
0.42459753155708313,1
0.3871535062789917,1
0.394776850938797,1
0.22009700536727905,1
0.3847297430038452,1
0.3998793959617615,1
0.5770928263664246,1
0.30114421248435974,1
0.5003721714019775,1
0.4100693464279175,1
0.375796377658844,1
0.3300270438194275,1
0.4045914113521576,1
0.2890166640281677,1
0.29838240146636963,1
0.3695686459541321,1
0.37119215726852417,1
0.37789881229400635,1
0.4480375647544861,1
0.49226289987564087,1
0.30445536971092224,1
0.4530497193336487,1
0.3816606402397156,1
0.3864199221134186,1
0.2815440893173218,1
0.32541289925575256,1
0.32802140712738037,1
0.2977536916732788,1
0.42531657218933105,1
0.2626992464065552,1
0.31675970554351807,1
0.33169177174568176,1
0.287822425365448,1
0.2734391987323761,1
0.3936106860637665,1
0.44742512702941895,1
0.30733972787857056,1
0.40302515029907227,1
0.37900683283805847,1
0.4324145019054413,1
0.3248029947280884,1
0.2636728286743164,1
0.3531467616558075,1
0.27092039585113525,1
0.37300100922584534,1
0.3773605525493622,1
0.3576744496822357,1
0.21078652143478394,1
0.46890074014663696,1
0.4157631993293762,1
0.30274343490600586,1
0.36588719487190247,1
0.36044538021087646,1
0.29415637254714966,1
0.2736244797706604,1
0.41304680705070496,1
0.361423134803772,1
0.35756224393844604,1
0.4446204900741577,1
0.42535319924354553,1
0.44959068298339844,1
0.30276328325271606,1
0.3615317940711975,1
0.35384416580200195,1
0.42530161142349243,1
0.28476381301879883,1
0.3466147184371948,1
0.3224252760410309,1
0.3139065206050873,1
0.5736446976661682,1
0.385253369808197,1
0.40639010071754456,1
0.36616000533103943,1
0.3807889223098755,1
0.28749632835388184,1
0.3221086263656616,1
0.4583676755428314,1
0.4150053858757019,1
0.3444356918334961,1
0.36547625064849854,1
0.3761175870895386,1
0.3889756500720978,1
0.27482008934020996,1
0.3464939594268799,1
0.32940593361854553,1
0.31610479950904846,1
0.3554114103317261,1
0.4726499617099762,1
0.46774381399154663,1
0.309706449508667,1
0.3396714925765991,1
0.44507795572280884,1
0.3311454653739929,1
0.30790412425994873,1
0.297439306974411,1
0.305427610874176,1
0.36663222312927246,1
0.3843451142311096,1
0.34162992238998413,1
0.46084272861480713,1
0.4152092933654785,1
0.3235277235507965,1
0.31046223640441895,1
0.3759732246398926,1
0.27504026889801025,1
0.28999799489974976,1
0.29061222076416016,1
0.40146926045417786,1
0.3274393081665039,1
0.29351088404655457,1
0.21549297869205475,1
0.4313664436340332,1
0.2803511321544647,1
0.3157517910003662,1
0.37971481680870056,1
0.2934574782848358,1
0.3337715268135071,1
0.28624123334884644,1
0.3578908443450928,1
0.33591869473457336,1
0.395558625459671,1
0.37365424633026123,1
0.3142956793308258,1
0.4824554920196533,1
0.4841337502002716,1
0.30176207423210144,1
0.4454479515552521,1
0.33955639600753784,1
0.5623286366462708,1
0.4834272265434265,1
0.39658674597740173,1
0.3859848380088806,1
0.3182395100593567,1
0.26908600330352783,1
0.37826400995254517,1
0.2836580276489258,1
0.27541297674179077,1
0.3000611662864685,1
0.28578996658325195,1
0.2657839059829712,1
0.34966403245925903,1
0.37368935346603394,1
0.3575773239135742,1
0.42404747009277344,1
0.41078251600265503,1
0.3229767680168152,1
0.3537300229072571,1
0.3012377619743347,1
0.3756137788295746,1
0.3185005187988281,1
0.39753955602645874,1
0.5802619457244873,1
0.30971527099609375,1
0.46495339274406433,1
0.30034729838371277,1
0.29558372497558594,1
0.33189263939857483,1
0.3079592287540436,1
0.4202319383621216,1
0.30117267370224,1
0.3770015835762024,1
0.2955777049064636,1
0.42858245968818665,1
0.3769298195838928,1
0.2789219915866852,1
0.2998971939086914,1
0.31768447160720825,1
0.40345656871795654,1
0.3830219507217407,1
0.3810168504714966,1
0.27105915546417236,1
0.3245062232017517,1
0.2943577170372009,1
0.2837302088737488,1
0.28779131174087524,1
0.3636865019798279,1
0.3498096168041229,1
0.27966681122779846,1
0.36066216230392456,1
0.2637428045272827,1
0.25676438212394714,1
0.4936063885688782,1
0.24505692720413208,1
0.3961218595504761,1
0.3991793394088745,1
0.29099100828170776,1
0.3750442862510681,1
0.28275221586227417,1
0.43543779850006104,1
0.34743568301200867,1
0.31374847888946533,1
0.4119246006011963,1
0.4092043340206146,1
0.32801300287246704,1
0.3127886652946472,1
0.24406583607196808,1
0.37762314081192017,1
0.31537944078445435,1
0.3240255117416382,1
0.22641538083553314,1
0.2963148057460785,1
0.44154080748558044,1
0.4204555153846741,1
0.3520115315914154,1
0.3747192323207855,1
0.3732914626598358,1
0.4204120934009552,1
0.4364641606807709,1
0.3050907254219055,1
0.3435118496417999,1
0.3947725296020508,1
0.39746466279029846,1
0.28042030334472656,1
0.3728516399860382,1
0.37965017557144165,1
0.39922839403152466,1
0.2952287495136261,1
0.3289389908313751,1
0.4907229244709015,1
0.32061684131622314,1
0.3863963186740875,1
0.38625508546829224,1
0.38648536801338196,1
0.30224156379699707,1
0.4382852613925934,1
0.28071802854537964,1
0.41547536849975586,1
0.4696704149246216,1
0.3000587224960327,1
0.39614880084991455,1
0.395857572555542,1
0.3704996705055237,1
0.34277188777923584,1
0.4191947877407074,1
0.3438311219215393,1
0.3033131957054138,1
0.4101828932762146,1
0.3716067671775818,1
0.334524005651474,1
0.3763015568256378,1
0.4369717836380005,1
0.2660525143146515,1
0.26173892617225647,1
0.27950388193130493,1
0.4338463544845581,1
0.3613368570804596,1
0.38065508008003235,1
0.25860220193862915,1
0.33174869418144226,1
0.3869451880455017,1
0.20893031358718872,1
0.29307347536087036,1
0.4212471544742584,1
0.32246530055999756,1
0.35491231083869934,1
0.32552802562713623,1
0.4729226231575012,1
0.3290473222732544,1
0.219082772731781,1
0.3321852684020996,1
0.26068469882011414,1
0.3689967393875122,1
0.34795454144477844,1
0.26948463916778564,1
0.37309327721595764,1
0.28541481494903564,1
0.34202849864959717,1
0.3206416368484497,1
0.3053244352340698,1
0.3130442202091217,1
0.41117024421691895,1
0.24762769043445587,1
0.3439813256263733,1
0.3821616470813751,1
0.35653460025787354,1
0.2657225728034973,1
0.2539096474647522,1
0.34918832778930664,1
0.34349775314331055,1
0.4242493212223053,1
0.38051190972328186,1
0.4051709473133087,1
0.38661590218544006,1
0.4354988932609558,1
0.28095561265945435,1
0.3456141948699951,1
0.40781110525131226,1
0.3978980481624603,1
0.30989980697631836,1
0.37662753462791443,1
0.3384525179862976,1
0.3387422561645508,1
0.3301239013671875,1
0.33757156133651733,1
0.3020016849040985,1
0.3963393270969391,1
0.31989768147468567,1
0.40661558508872986,1
0.3284631073474884,1
0.4025236964225769,1
0.3130621910095215,1
0.284716933965683,1
0.39551419019699097,1
0.2781071662902832,1
0.3733440041542053,1
0.4060267210006714,1
0.40255895256996155,1
0.35152775049209595,1
0.31395822763442993,1
0.35394665598869324,1
0.34266823530197144,1
0.37981417775154114,1
0.35139620304107666,1
0.2876318693161011,1
0.43146437406539917,1
0.4203232526779175,1
0.31599509716033936,1
0.3874875009059906,1
0.4076805114746094,1
0.381850004196167,1
0.32438790798187256,1
0.3299008905887604,1
0.39203691482543945,1
0.27233973145484924,1
0.2697742283344269,1
0.3923557996749878,1
0.3571116328239441,1
0.38719332218170166,1
0.3905450701713562,1
0.4447914958000183,1
0.3156028389930725,1
0.35571354627609253,1
0.4647129774093628,1
0.3514276146888733,1
0.3750510513782501,1
0.41910603642463684,1
0.2812798023223877,1
0.2691807448863983,1
0.3708963692188263,1
0.3685835897922516,1
0.3544161021709442,1
0.3911111652851105,1
0.41438764333724976,1
0.33598965406417847,1
0.3570074141025543,1
0.2968791127204895,1
0.2785604000091553,1
0.2410484254360199,1
0.34281662106513977,1
0.34170714020729065,1
0.41299566626548767,1
0.37971192598342896,1
0.3232307434082031,1
0.3825284242630005,1
0.4651153087615967,1
0.3727768361568451,1
0.33128106594085693,1
0.3203897178173065,1
0.35777705907821655,1
0.3786548674106598,1
0.35217639803886414,1
0.3401792645454407,1
0.28846150636672974,1
0.37173885107040405,1
0.26620298624038696,1
0.412524551153183,1
0.3678441643714905,1
0.4002401828765869,1
0.22646337747573853,1
0.3766788840293884,1
0.3031536042690277,1
0.404215544462204,1
0.3196071982383728,1
0.4056629538536072,1
0.38007572293281555,1
0.35130971670150757,1
0.3752165734767914,1
0.46714839339256287,1
0.28407829999923706,1
0.45642194151878357,1
0.3993973135948181,1
0.35539448261260986,1
0.3856649398803711,1
0.37621861696243286,1
0.4814267158508301,1
0.4272112250328064,1
0.2714649438858032,1
0.4462328255176544,1
0.2644137442111969,1
0.3000810146331787,1
0.4437260627746582,1
0.4177437424659729,1
0.3211596608161926,1
0.3281577229499817,1
0.38688185811042786,1
0.33808407187461853,1
0.3087550103664398,1
0.2918170094490051,1
0.2609780728816986,1
0.3375064730644226,1
0.4390266239643097,1
0.37746596336364746,1
0.26619088649749756,1
0.32572269439697266,1
0.4838615655899048,1
0.3701576292514801,1
0.27274030447006226,1
0.326114296913147,1
0.29024940729141235,1
0.37707191705703735,1
0.37484100461006165,1
0.3437289297580719,1
0.3740983009338379,1
0.3095100522041321,1
0.40930721163749695,1
0.36550387740135193,1
0.2725439667701721,1
0.35897982120513916,1
0.5458196401596069,1
0.30252477526664734,1
0.3001633286476135,1
0.32853662967681885,1
0.3589209020137787,1
0.3315606713294983,1
0.2797836661338806,1
0.3196137845516205,1
0.37963443994522095,1
0.3092125654220581,1
0.34216853976249695,1
0.35114961862564087,1
0.29635104537010193,1
0.32670843601226807,1
0.34074127674102783,1
0.36073994636535645,1
0.33998551964759827,1
0.32012835144996643,1
0.37089836597442627,1
0.3845835328102112,1
0.39257338643074036,1
0.5245283246040344,1
0.3690892457962036,1
0.3803514242172241,1
0.3625999987125397,1
0.3571309447288513,1
0.35534951090812683,1
0.33385080099105835,1
0.33326706290245056,1
0.36577510833740234,1
0.38868144154548645,1
0.28504642844200134,1
0.3427414298057556,1
0.3652547001838684,1
0.3895420730113983,1
0.3546663820743561,1
0.39538347721099854,1
0.4564352333545685,1
0.4352385401725769,1
0.4027612805366516,1
0.2542093098163605,1
0.33952081203460693,1
0.31946414709091187,1
0.41486167907714844,1
0.32903730869293213,1
0.3584083616733551,1
0.32111695408821106,1
0.39842480421066284,1
0.27886468172073364,1
0.3169918358325958,1
0.33116596937179565,1
0.3311013877391815,1
0.42573004961013794,1
0.3469827175140381,1
0.33174097537994385,1
0.4337694048881531,1
0.39586108922958374,1
0.3600177466869354,1
0.41499435901641846,1
0.2914046049118042,1
0.40405702590942383,1
0.3430381119251251,1
0.33152246475219727,1
0.3069913685321808,1
0.3579457998275757,1
0.41907399892807007,1
0.3639865517616272,1
0.3283906877040863,1
0.31540238857269287,1
0.2863771915435791,1
0.37626874446868896,1
0.39713388681411743,1
0.2343934178352356,1
0.41686058044433594,1
0.46485525369644165,1
0.42293813824653625,1
0.49491798877716064,1
0.353274405002594,1
0.3601764738559723,1
0.2910642921924591,1
0.47936487197875977,1
0.4385060966014862,1
0.39777395129203796,1
0.3775103688240051,1
0.35765624046325684,1
0.27808791399002075,1
0.38715243339538574,1
0.26507970690727234,1
0.33093181252479553,1
0.30241990089416504,1
0.35715383291244507,1
0.42024433612823486,1
0.21223761141300201,1
0.37884387373924255,1
0.4371882975101471,1
0.24100667238235474,1
0.4399351477622986,1
0.27964702248573303,1
0.3113991618156433,1
0.3232561945915222,1
0.46509432792663574,1
0.3234412670135498,1
0.290429025888443,1
0.3818998634815216,1
0.3446602523326874,1
0.3278126120567322,1
0.3714529573917389,1
0.26362520456314087,1
0.4260692596435547,1
0.4021170139312744,1
0.41810908913612366,1
0.3260168433189392,1
0.3063358664512634,1
0.26760876178741455,1
0.3267195224761963,1
0.3923967480659485,1
0.3400287330150604,1
0.3607425093650818,1
0.34257471561431885,1
0.27054768800735474,1
0.3441450595855713,1
0.36578047275543213,1
0.43236100673675537,1
0.33636385202407837,1
0.3547714650630951,1
0.4689319133758545,1
0.3405338227748871,1
0.3882037103176117,1
0.3705710768699646,1
0.256053626537323,1
0.4608860909938812,1
0.3874724507331848,1
0.29274171590805054,1
0.3412970006465912,1
0.28677424788475037,1
0.3617296516895294,1
0.3112705945968628,1
0.3147326707839966,1
0.4296150803565979,1
0.2769162356853485,1
0.3659669756889343,1
0.4266003668308258,1
0.3369704782962799,1
0.40223243832588196,1
0.3953402638435364,1
0.34495922923088074,1
0.3545687198638916,1
0.3991057872772217,1
0.3365177810192108,1
0.32443714141845703,1
0.34993281960487366,1
0.3674187660217285,1
0.3667854368686676,1
0.2473769634962082,1
0.4463541805744171,1
0.24238327145576477,1
0.3076056241989136,1
0.2616139054298401,1
0.35183778405189514,1
0.38692906498908997,1
0.401944637298584,1
0.3529079556465149,1
0.34176039695739746,1
0.3472368121147156,1
0.48333579301834106,1
0.427267849445343,1
0.3796534836292267,1
0.44025635719299316,1
0.28191685676574707,1
0.4200677275657654,1
0.36523109674453735,1
0.3172658085823059,1
0.26925551891326904,1
0.37307101488113403,1
0.3001253008842468,1
0.34051477909088135,1
0.3251906931400299,1
0.3661007285118103,1
0.39880120754241943,1
0.2839980721473694,1
0.29577428102493286,1
0.36311864852905273,1
0.4039357900619507,1
0.3326752781867981,1
0.32573699951171875,1
0.2306973934173584,1
0.44392138719558716,1
0.37667256593704224,1
0.2895578145980835,1
0.23772111535072327,1
0.34845107793807983,1
0.4724003076553345,1
0.22041058540344238,1
0.3155161738395691,1
0.43473881483078003,1
0.3984029293060303,1
0.23498527705669403,1
0.327028751373291,1
0.33366358280181885,1
0.2656244933605194,1
0.33913230895996094,1
0.4589388370513916,1
0.36643028259277344,1
0.40365082025527954,1
0.4005368947982788,1
0.3274484872817993,1
0.31416448950767517,1
0.39048606157302856,1
0.39267072081565857,1
0.3428843021392822,1
0.34504878520965576,1
0.29982757568359375,1
0.31201815605163574,1
0.3228476345539093,1
0.34664279222488403,1
0.47227269411087036,1
0.2700541317462921,1
0.40325769782066345,1
0.45427435636520386,1
0.33462512493133545,1
0.2920033931732178,1
0.3985031247138977,1
0.24969732761383057,1
0.19994382560253143,1
0.4192105829715729,1
0.375504732131958,1
0.2762664556503296,1
0.2616432309150696,1
0.3753890097141266,1
0.43386879563331604,1
0.3226131796836853,1
0.3763312101364136,1
0.2975088953971863,1
0.29688170552253723,1
0.4302653670310974,1
0.4950583875179291,1
0.3863377571105957,1
0.4406990706920624,1
0.3144546151161194,1
0.35613399744033813,1
0.2846589982509613,1
0.27185603976249695,1
0.35292717814445496,1
0.24907973408699036,1
0.3187350332736969,1
0.24747154116630554,1
0.3003661036491394,1
0.26377439498901367,1
0.43070659041404724,1
0.44095370173454285,1
0.4208349585533142,1
0.41164451837539673,1
0.29256266355514526,1
0.35270556807518005,1
0.3745409846305847,1
0.37833932042121887,1
0.31379300355911255,1
0.4098314642906189,1
0.3857380747795105,1
0.317413866519928,1
0.38989800214767456,1
0.360975444316864,1
0.30962300300598145,1
0.3293944001197815,1
0.37775272130966187,1
0.29887673258781433,1
0.3676733374595642,1
0.31115928292274475,1
0.40564313530921936,1
0.47433412075042725,1
0.24468892812728882,1
0.24055534601211548,1
0.4204883277416229,1
0.493037611246109,1
0.37503039836883545,1
0.2770422101020813,1
0.39304614067077637,1
0.28577283024787903,1
0.29354625940322876,1
0.2725633382797241,1
0.37667301297187805,1
0.3594525456428528,1
0.25128281116485596,1
0.32620111107826233,1
0.4323387145996094,1
0.3698835074901581,1
0.4189985990524292,1
0.38920798897743225,1
0.40913355350494385,1
0.3302287459373474,1
0.2714541554450989,1
0.3849305212497711,1
0.3811612129211426,1
0.34889107942581177,1
0.43245816230773926,1
0.24020607769489288,1
0.34588199853897095,1
0.3903750777244568,1
0.282092809677124,1
0.31903088092803955,1
0.3826459050178528,1
0.2981272339820862,1
0.2728765606880188,1
0.3203548192977905,1
0.3508310914039612,1
0.254228800535202,1
0.274391233921051,1
0.1987510770559311,1
0.3783431053161621,1
0.2595488429069519,1
0.37300124764442444,1
0.3737056255340576,1
0.37629348039627075,1
0.4027003049850464,1
0.27464842796325684,1
0.3161720633506775,1
0.3145899474620819,1
0.3349609971046448,1
0.2229420393705368,1
0.4211108088493347,1
0.40815287828445435,1
0.2817370295524597,1
0.2774209976196289,1
0.36103737354278564,1
0.3226277530193329,1
0.33251243829727173,1
0.2633604109287262,1
0.33586230874061584,1
0.4500409662723541,1
0.36538124084472656,1
0.32312560081481934,1
0.41177141666412354,1
0.24391087889671326,1
0.36421293020248413,1
0.2767575979232788,1
0.30620187520980835,1
0.3543805480003357,1
0.3379870057106018,1
0.4151647090911865,1
0.3382178246974945,1
0.25602471828460693,1
0.40621769428253174,1
0.28437650203704834,1
0.36389344930648804,1
0.3644018769264221,1
0.3765137195587158,1
0.4400409460067749,1
0.2762318551540375,1
0.3399140238761902,1
0.3198721408843994,1
0.45179665088653564,1
0.27829745411872864,1
0.30396026372909546,1
0.35755443572998047,1
0.28479939699172974,1
0.3073323965072632,1
0.4311707317829132,1
0.3883177936077118,1
0.3544149398803711,1
0.37734904885292053,1
0.3169347643852234,1
0.3270444869995117,1
0.3484755754470825,1
0.3435400128364563,1
0.3455333113670349,1
0.42873597145080566,1
0.4381982386112213,1
0.3718370795249939,1
0.36822646856307983,1
0.3279707431793213,1
0.36152946949005127,1
0.29284587502479553,1
0.445351243019104,1
0.3775603175163269,1
0.30369672179222107,1
0.34109389781951904,1
0.279861718416214,1
0.37524300813674927,1
0.28247326612472534,1
0.2843118906021118,1
0.37483590841293335,1
0.31713271141052246,1
0.3500119149684906,1
0.3422234356403351,1
0.2596176862716675,1
0.3158265948295593,1
0.31837010383605957,1
0.36386239528656006,1
0.26416632533073425,1
0.30750975012779236,1
0.3974795341491699,1
0.39541780948638916,1
0.4013611674308777,1
0.29355013370513916,1
0.378853976726532,1
0.3398233652114868,1
0.38184654712677,1
0.45133596658706665,1
0.27903059124946594,1
0.36715763807296753,1
0.35147425532341003,1
0.3221878707408905,1
0.36914002895355225,1
0.37419646978378296,1
0.3200780749320984,1
0.3476905822753906,1
0.3293710947036743,1
0.33676573634147644,1
0.38480114936828613,1
0.45488330721855164,1
0.3219221234321594,1
0.3163873255252838,1
0.29347553849220276,1
0.33092519640922546,1
0.3777387738227844,1
0.4583171606063843,1
0.3046381175518036,1
0.29053929448127747,1
0.39209622144699097,1
0.5054373741149902,1
0.3995160758495331,1
0.2667085528373718,1
0.37599149346351624,1
0.4437180459499359,1
0.2519931495189667,1
0.5510926842689514,1
0.361754834651947,1
0.4295412600040436,1
0.386320561170578,1
0.4270978569984436,1
0.439871609210968,1
0.3292245864868164,1
0.3322036862373352,1
0.2385958582162857,1
0.25619274377822876,1
0.3583957850933075,1
0.3816194236278534,1
0.2863439917564392,1
0.380031555891037,1
0.37226372957229614,1
0.4008044898509979,1
0.2814118266105652,1
0.3696654140949249,1
0.38752758502960205,1
0.37280094623565674,1
0.378858745098114,1
0.4222031235694885,1
0.36837005615234375,1
0.26249396800994873,1
0.2923383116722107,1
0.4141181707382202,1
0.27583152055740356,1
0.32140034437179565,1
0.46063876152038574,1
0.3533981442451477,1
0.4754663109779358,1
0.338270366191864,1
0.41505342721939087,1
0.39774900674819946,1
0.31503748893737793,1
0.3447437584400177,1
0.28660422563552856,1
0.36321693658828735,1
0.37269067764282227,1
0.3240469694137573,1
0.30389726161956787,1
0.3519377112388611,1
0.38547781109809875,1
0.3475987911224365,1
0.3541961908340454,1
0.3562676012516022,1
0.4113469123840332,1
0.40578359365463257,1
0.3807201683521271,1
0.3739856481552124,1
0.40862756967544556,1
0.28767767548561096,1
0.28661131858825684,1
0.3893493115901947,1
0.3340727984905243,1
0.3194385766983032,1
0.3006250858306885,1
0.35817909240722656,1
0.47360488772392273,1
0.30053019523620605,1
0.3150845468044281,1
0.4289010763168335,1
0.48685622215270996,1
0.32749712467193604,1
0.3674170970916748,1
0.32882094383239746,1
0.4136334955692291,1
0.47934871912002563,1
0.3936433792114258,1
0.33291733264923096,1
0.3295241594314575,1
0.33294999599456787,1
0.28651511669158936,1
0.2648249566555023,1
0.3455800712108612,1
0.4115304946899414,1
0.375545471906662,1
0.3262508511543274,1
0.3260088264942169,1
0.33167049288749695,1
0.3027474284172058,1
0.2761266231536865,1
0.3737921118736267,1
0.3411124050617218,1
0.30393144488334656,1
0.31693482398986816,1
0.3173561096191406,1
0.3279981315135956,1
0.3642103672027588,1
0.2979791462421417,1
0.29853612184524536,1
0.31918057799339294,1
0.3141788840293884,1
0.3905944228172302,1
0.3644195795059204,1
0.3551620841026306,1
0.24841289222240448,1
0.3251338005065918,1
0.2797834575176239,1
0.43736785650253296,1
0.33596205711364746,1
0.24589978158473969,1
0.39607465267181396,1
0.32760846614837646,1
0.32176533341407776,1
0.35671553015708923,1
0.36560890078544617,1
0.2529231011867523,1
0.29204419255256653,1
0.46679219603538513,1
0.3515512943267822,1
0.41267359256744385,1
0.31360316276550293,1
0.3122732937335968,1
0.3649284243583679,1
0.3277595043182373,1
0.39349672198295593,1
0.33458665013313293,1
0.35428449511528015,1
0.37973758578300476,1
0.37846481800079346,1
0.34341272711753845,1
0.3598750829696655,1
0.31866219639778137,1
0.47366005182266235,1
0.4290199875831604,1
0.32292428612709045,1
0.29624995589256287,1
0.38762351870536804,1
0.32946664094924927,1
0.37867471575737,1
0.33212313055992126,1
0.30081355571746826,1
0.4235442876815796,1
0.4014506936073303,1
0.3259583115577698,1
0.3060285449028015,1
0.3606679439544678,1
0.4318515658378601,1
0.39451688528060913,1
0.3591974377632141,1
0.4169464111328125,1
0.3188399076461792,1
0.3216274082660675,1
0.27334362268447876,1
0.2536207437515259,1
0.3019114136695862,1
0.3873409628868103,1
0.28748491406440735,1
0.3235412836074829,1
0.3899291157722473,1
0.2835577726364136,1
0.3952396512031555,1
0.3010295033454895,1
0.3133526146411896,1
0.31962084770202637,1
0.3479044437408447,1
0.4696231484413147,1
0.40948325395584106,1
0.4429583251476288,1
0.3701547086238861,1
0.3260767161846161,1
0.2667793035507202,1
0.30859747529029846,1
0.3477277457714081,1
0.2975088655948639,1
0.3546672463417053,1
0.39296919107437134,1
0.3921174108982086,1
0.36595815420150757,1
0.4134679436683655,1
0.42324012517929077,1
0.30380555987358093,1
0.31092947721481323,1
0.3734857439994812,1
0.3401382863521576,1
0.3837684392929077,1
0.35648077726364136,1
0.4605124592781067,1
0.3628596365451813,1
0.2618257999420166,1
0.418119341135025,1
0.4744587540626526,1
0.3789682388305664,1
0.2715737819671631,1
0.40230298042297363,1
0.4216811954975128,1
0.395663857460022,1
0.31940004229545593,1
0.40238475799560547,1
0.28796425461769104,1
0.45427343249320984,1
0.37192898988723755,1
0.30853548645973206,1
0.39070504903793335,1
0.41352614760398865,1
0.48949146270751953,1
0.402846097946167,1
0.47686147689819336,1
0.3368443548679352,1
0.4010353684425354,1
0.3513364791870117,1
0.3851255774497986,1
0.26049578189849854,1
0.27287524938583374,1
0.3528282642364502,1
0.34547027945518494,1
0.3428841829299927,1
0.3444479703903198,1
0.29870936274528503,1
0.40741872787475586,1
0.34810885787010193,1
0.37084347009658813,1
0.2694084644317627,1
0.2746197283267975,1
0.2964305281639099,1
0.3155851364135742,1
0.29876935482025146,1
0.3281388282775879,1
0.3979814946651459,1
0.3165982663631439,1
0.3515111804008484,1
0.389280766248703,1
0.41221654415130615,1
0.3202275037765503,1
0.3806535601615906,1
0.45483461022377014,1
0.40457409620285034,1
0.4215543568134308,1
0.28305235505104065,1
0.3056688904762268,1
0.26891249418258667,1
0.23228493332862854,1
0.40057194232940674,1
0.43648338317871094,1
0.35924360156059265,1
0.2173355519771576,1
0.29530876874923706,1
0.4718405306339264,1
0.3829115927219391,1
0.42655548453330994,1
0.328372061252594,1
0.46564972400665283,1
0.22592301666736603,1
0.35197150707244873,1
0.2796415686607361,1
0.43223902583122253,1
0.1941716969013214,1
0.3123338222503662,1
0.3333631753921509,1
0.36617982387542725,1
0.2784865200519562,1
0.37218788266181946,1
0.3183322548866272,1
0.3771698474884033,1
0.32302847504615784,1
0.3130985498428345,1
0.3495961129665375,1
0.31917017698287964,1
0.3138948678970337,1
0.3066020607948303,1
0.33790498971939087,1
0.25711438059806824,1
0.44177332520484924,1
0.4010937511920929,1
0.31534379720687866,1
0.3210625648498535,1
0.5102019906044006,1
0.3772652745246887,1
0.4555451571941376,1
0.2765233516693115,1
0.3288555443286896,1
0.4162246584892273,1
0.43034642934799194,1
0.32427898049354553,1
0.4249608516693115,1
0.19625918567180634,1
0.3206295073032379,1
0.35389387607574463,1
0.38931703567504883,1
0.28158849477767944,1
0.308333158493042,1
0.3767407536506653,1
0.3028571903705597,1
0.38242754340171814,1
0.2960755228996277,1
0.3070533275604248,1
0.2582339942455292,1
0.37385255098342896,1
0.36289775371551514,1
0.3166115880012512,1
0.34290239214897156,1
0.3608132004737854,1
0.3011252284049988,1
0.41592299938201904,1
0.4154285490512848,1
0.32927268743515015,1
0.30468881130218506,1
0.4278303384780884,1
0.326471745967865,1
0.4334447979927063,1
0.3073630630970001,1
0.3841562271118164,1
0.4516620635986328,1
0.23031266033649445,1
0.29937371611595154,1
0.3739028871059418,1
0.3050990104675293,1
0.3930661678314209,1
0.3420068621635437,1
0.3419775366783142,1
0.2611037492752075,1
0.3923209011554718,1
0.27007395029067993,1
0.30926090478897095,1
0.4966159760951996,1
0.4231240451335907,1
0.3231969177722931,1
0.3343932628631592,1
0.3022378385066986,1
0.387752503156662,1
0.33487337827682495,1
0.5044393539428711,1
0.30298781394958496,1
0.46775949001312256,1
0.3987191617488861,1
0.32678765058517456,1
0.3562406897544861,1
0.3276909589767456,1
0.28911370038986206,1
0.32762908935546875,1
0.4133967161178589,1
0.30992358922958374,1
0.37416061758995056,1
0.2793117165565491,1
0.36180955171585083,1
0.3376252353191376,1
0.3510016202926636,1
0.3501357436180115,1
0.34293681383132935,1
0.35006099939346313,1
0.46756628155708313,1
0.3653278946876526,1
0.4027680456638336,1
0.4353254437446594,1
0.3049127459526062,1
0.3460967242717743,1
0.3785356283187866,1
0.2751288414001465,1
0.34518155455589294,1
0.3061165511608124,1
0.4391632378101349,1
0.2777920961380005,1
0.3843156695365906,1
0.27092641592025757,1
0.33897656202316284,1
0.3069447875022888,1
0.3796706795692444,1
0.3609371483325958,1
0.31371498107910156,1
0.39134296774864197,1
0.466310977935791,1
0.324711412191391,1
0.309617280960083,1
0.42236006259918213,1
0.34689709544181824,1
0.26789262890815735,1
0.4511246383190155,1
0.4319911599159241,1
0.37668412923812866,1
0.3487928807735443,1
0.39971834421157837,1
0.363290011882782,1
0.2834051847457886,1
0.3442760407924652,1
0.3083474636077881,1
0.3713074326515198,1
0.3296580910682678,1
0.30644702911376953,1
0.40612679719924927,1
0.3575335443019867,1
0.35883477330207825,1
0.4281337857246399,1
0.4451632499694824,1
0.30937427282333374,1
0.3990851640701294,1
0.36127138137817383,1
0.29664283990859985,1
0.33414745330810547,1
0.3377077281475067,1
0.35802361369132996,1
0.32010042667388916,1
0.42202645540237427,1
0.3578173518180847,1
0.43106216192245483,1
0.3241359293460846,1
0.42449143528938293,1
0.32520270347595215,1
0.38820329308509827,1
0.21417896449565887,1
0.38255658745765686,1
0.4080045819282532,1
0.3536417782306671,1
0.39667996764183044,1
0.46567317843437195,1
0.2820588946342468,1
0.3444874882698059,1
0.3847420811653137,1
0.33017629384994507,1
0.3175869584083557,1
0.41132616996765137,1
0.3730320930480957,1
0.30780038237571716,1
0.31040018796920776,1
0.3240688443183899,1
0.43576064705848694,1
0.45578932762145996,1
0.33178937435150146,1
0.490723580121994,1
0.3709806799888611,1
0.3424052596092224,1
0.4203144609928131,1
0.2168371081352234,1
0.43604356050491333,1
0.3032507300376892,1
0.3247028887271881,1
0.299289345741272,1
0.38580256700515747,1
0.48446375131607056,1
0.33952122926712036,1
0.39463645219802856,1
0.36449766159057617,1
0.2597269117832184,1
0.4265108108520508,1
0.35220569372177124,1
0.32879722118377686,1
0.42060965299606323,1
0.2728593349456787,1
0.29550912976264954,1
0.42288702726364136,1
0.4265510141849518,1
0.32847464084625244,1
0.38011735677719116,1
0.4175824522972107,1
0.4391857981681824,1
0.26530107855796814,1
0.32256993651390076,1
0.36740225553512573,1
0.299938827753067,1
0.26152288913726807,1
0.3445191979408264,1
0.446452260017395,1
0.35196375846862793,1
0.40100419521331787,1
0.39705824851989746,1
0.36820119619369507,1
0.3838900923728943,1
0.3932381868362427,1
0.258727103471756,1
0.266114741563797,1
0.31403279304504395,1
0.38897383213043213,1
0.3675917387008667,1
0.3363727927207947,1
0.44160643219947815,1
0.33906713128089905,1
0.3294578790664673,1
0.29172271490097046,1
0.2839861512184143,1
0.24988305568695068,1
0.3712349534034729,1
0.4477947950363159,1
0.30657604336738586,1
0.3244515061378479,1
0.27747294306755066,1
0.3447314500808716,1
0.3844888210296631,1
0.42093026638031006,1
0.4295928478240967,1
0.22398270666599274,1
0.4148867726325989,1
0.24522161483764648,1
0.3321869969367981,1
0.27263134717941284,1
0.2046905755996704,1
0.36536937952041626,1
0.33231502771377563,1
0.2788273096084595,1
0.36510270833969116,1
0.2800082266330719,1
0.39770764112472534,1
0.4416041076183319,1
0.35011106729507446,1
0.38027137517929077,1
0.4010295271873474,1
0.3003411591053009,1
0.32128292322158813,1
0.41354596614837646,1
0.3295367658138275,1
0.3873174488544464,1
0.30856049060821533,1
0.3614474833011627,1
0.34594056010246277,1
0.3775731921195984,1
0.336772084236145,1
0.31288179755210876,1
0.23905517160892487,1
0.28669318556785583,1
0.47942572832107544,1
0.3335873782634735,1
0.3408743143081665,1
0.47289401292800903,1
0.2640157639980316,1
0.41563138365745544,1
0.5266261100769043,1
0.33886104822158813,1
0.2834482789039612,1
0.37859103083610535,1
0.358352392911911,1
0.31380030512809753,1
0.3055828809738159,1
0.41366639733314514,1
0.3987763822078705,1
0.24243703484535217,1
0.35619285702705383,1
0.2597721815109253,1
0.3372277617454529,1
0.4286879003047943,1
0.4491842985153198,1
0.3707089424133301,1
0.24824821949005127,1
0.3920575976371765,1
0.28537604212760925,1
0.36007314920425415,1
0.3964135944843292,1
0.30658483505249023,1
0.34994736313819885,1
0.37853193283081055,1
0.3233017027378082,1
0.4416957497596741,1
0.3291420340538025,1
0.3188563287258148,1
0.40223580598831177,1
0.30636417865753174,1
0.3722725510597229,1
0.33656659722328186,1
0.4621689021587372,1
0.39559024572372437,1
0.39200493693351746,1
0.3326635956764221,1
0.3760220408439636,1
0.26625916361808777,1
0.34044766426086426,1
0.3477998673915863,1
0.36662325263023376,1
0.3250463902950287,1
0.32532408833503723,1
0.3600008487701416,1
0.2784357964992523,1
0.38845086097717285,1
0.44427207112312317,1
0.2969495952129364,1
0.3598814308643341,1
0.4040004312992096,1
0.31170445680618286,1
0.5064201354980469,1
0.35608577728271484,1
0.3835311532020569,1
0.3041282296180725,1
0.338707834482193,1
0.2964947521686554,1
0.3111041784286499,1
0.34520670771598816,1
0.3699585199356079,1
0.33027008175849915,1
0.3904062807559967,1
0.290548712015152,1
0.4764423668384552,1
0.3707028031349182,1
0.28159093856811523,1
0.29550841450691223,1
0.2508009076118469,1
0.332008421421051,1
0.4235129952430725,1
0.32258400321006775,1
0.3682248592376709,1
0.2708861231803894,1
0.40270543098449707,1
0.2604753077030182,1
0.2623334228992462,1
0.5391591787338257,1
0.45840269327163696,1
0.2650999426841736,1
0.36725282669067383,1
0.4407601058483124,1
0.2030661255121231,1
0.3181033134460449,1
0.33762162923812866,1
0.41425788402557373,1
0.4653777778148651,1
0.3793346583843231,1
0.3121633529663086,1
0.4447275400161743,1
0.3606245219707489,1
0.35537564754486084,1
0.34452182054519653,1
0.3600746691226959,1
0.3301185369491577,1
0.28441932797431946,1
0.4465995132923126,1
0.4310793876647949,1
0.3755195736885071,1
0.3151581287384033,1
0.3455107808113098,1
0.292660653591156,1
0.3013068437576294,1
0.3540239930152893,1
0.36868542432785034,1
0.3737143874168396,1
0.3652859926223755,1
0.3239796757698059,1
0.47195419669151306,1
0.36126571893692017,1
0.3257042169570923,1
0.3360944390296936,1
0.2941834032535553,1
0.3406667411327362,1
0.3373371362686157,1
0.3446446657180786,1
0.37069201469421387,1
0.3621825575828552,1
0.4065254330635071,1
0.26294973492622375,1
0.3258974552154541,1
0.41693443059921265,1
0.38537824153900146,1
0.3278854191303253,1
0.3280707001686096,1
0.3306173086166382,1
0.2454751878976822,1
0.3508898913860321,1
0.3141389787197113,1
0.3406904339790344,1
0.37941455841064453,1
0.29884588718414307,1
0.41379255056381226,1
0.30856603384017944,1
0.2638494074344635,1
0.27434080839157104,1
0.3474859595298767,1
0.32235586643218994,1
0.3169732689857483,1
0.3566267192363739,1
0.2413792610168457,1
0.31274545192718506,1
0.41913989186286926,1
0.32417285442352295,1
0.40761038661003113,1
0.2675943374633789,1
0.3217066526412964,1
0.4223202168941498,1
0.34655725955963135,1
0.3089267909526825,1
0.2627487778663635,1
0.25921034812927246,1
0.29309988021850586,1
0.3242681920528412,1
0.4120662212371826,1
0.37812161445617676,1
0.39418551325798035,1
0.41881561279296875,1
0.398503839969635,1
0.4146793484687805,1
0.3846066892147064,1
0.4306553304195404,1
0.34015676379203796,1
0.38704046607017517,1
0.3735101521015167,1
0.32982558012008667,1
0.3565089702606201,1
0.34153854846954346,1
0.3161431550979614,1
0.33137568831443787,1
0.35792115330696106,1
0.33244645595550537,1
0.3777841329574585,1
0.29335445165634155,1
0.3618989586830139,1
0.31000006198883057,1
0.4404469430446625,1
0.5074213147163391,1
0.3947681188583374,1
0.3249669075012207,1
0.38969236612319946,1
0.33391112089157104,1
0.33833909034729004,1
0.3249988555908203,1
0.35931259393692017,1
0.32616928219795227,1
0.4013356864452362,1
0.21895134449005127,1
0.329497754573822,1
0.47915610671043396,1
0.36531180143356323,1
0.42843854427337646,1
0.3022242784500122,1
0.42568790912628174,1
0.33186712861061096,1
0.43818774819374084,1
0.3182636797428131,1
0.32802078127861023,1
0.2710023522377014,1
0.38156139850616455,1
0.34404346346855164,1
0.38054025173187256,1
0.4031837582588196,1
0.4130982756614685,1
0.3889486491680145,1
0.3331468105316162,1
0.36816850304603577,1
0.3391883373260498,1
0.4424687623977661,1
0.4537315368652344,1
0.24408569931983948,1
0.47249093651771545,1
0.282128244638443,1
0.3233066201210022,1
0.4689082205295563,1
0.3698117733001709,1
0.35184234380722046,1
0.3951129913330078,1
0.3857966661453247,1
0.37054532766342163,1
0.4296109676361084,1
0.37803950905799866,1
0.27369609475135803,1
0.3897581696510315,1
0.428274005651474,1
0.4527701139450073,1
0.32233861088752747,1
0.3283262848854065,1
0.3691776692867279,1
0.36935484409332275,1
0.4024536609649658,1
0.35486143827438354,1
0.3231751322746277,1
0.3705493211746216,1
0.29777848720550537,1
0.30414897203445435,1
0.4056116044521332,1
0.38782012462615967,1
0.29910778999328613,1
0.3131324052810669,1
0.30006009340286255,1
0.4475993514060974,1
0.36983171105384827,1
0.33249157667160034,1
0.3165411949157715,1
0.3898860812187195,1
0.30246707797050476,1
0.34980353713035583,1
0.3175916373729706,1
0.35483139753341675,1
0.35899922251701355,1
0.3535342812538147,1
0.35784465074539185,1
0.3546745479106903,1
0.28065362572669983,1
0.43747425079345703,1
0.36294078826904297,1
0.36778804659843445,1
0.4860020875930786,1
0.2980518937110901,1
0.31782829761505127,1
0.40281933546066284,1
0.43514081835746765,1
0.2506449520587921,1
0.5424939393997192,1
0.46660685539245605,1
0.40588366985321045,1
0.35883426666259766,1
0.274709552526474,1
0.3653295040130615,1
0.3696052134037018,1
0.26631829142570496,1
0.3575580418109894,1
0.31547605991363525,1
0.3514595031738281,1
0.38409125804901123,1
0.3996104598045349,1
0.3739578127861023,1
0.2834758162498474,1
0.22980082035064697,1
0.3474302589893341,1
0.2976444959640503,1
0.32842135429382324,1
0.31190478801727295,1
0.2794477343559265,1
0.49870264530181885,1
0.3815845251083374,1
0.5213370323181152,1
0.388195276260376,1
0.3749600648880005,1
0.35253944993019104,1
0.2821660041809082,1
0.37171196937561035,1
0.37532639503479004,1
0.4412580132484436,1
0.35117465257644653,1
0.3445202708244324,1
0.44931238889694214,1
0.2883630394935608,1
0.3176559805870056,1
0.38134244084358215,1
0.36930474638938904,1
0.292965829372406,1
0.4012657105922699,1
0.46140336990356445,1
0.42630401253700256,1
0.3407195210456848,1
0.44846466183662415,1
0.29313385486602783,1
0.3866582214832306,1
0.3648943305015564,1
0.316694974899292,1
0.32152387499809265,1
0.41368311643600464,1
0.3814343810081482,1
0.4095475971698761,1
0.3708416819572449,1
0.3395708501338959,1
0.28194481134414673,1
0.3353082835674286,1
0.39052432775497437,1
0.3176748752593994,1
0.32474154233932495,1
0.3683799207210541,1
0.3792039453983307,1
0.42866215109825134,1
0.45261862874031067,1
0.36221975088119507,1
0.28594744205474854,1
0.31403639912605286,1
0.2953774631023407,1
0.2865590453147888,1
0.4552435278892517,1
0.41819310188293457,1
0.23810327053070068,1
0.2802237570285797,1
0.3955047130584717,1
0.47454410791397095,1
0.2819509208202362,1
0.49658796191215515,1
0.43570101261138916,1
0.37293869256973267,1
0.31034302711486816,1
0.4864526391029358,1
0.29356613755226135,1
0.5016375780105591,1
0.3798002600669861,1
0.38826459646224976,1
0.3737177848815918,1
0.2886089086532593,1
0.293648362159729,1
0.2714933156967163,1
0.37504953145980835,1
0.30139750242233276,1
0.28762611746788025,1
0.3236222267150879,1
0.33155056834220886,1
0.30618131160736084,1
0.4724045991897583,1
0.3971844017505646,1
0.34695082902908325,1
0.3562456965446472,1
0.3740099370479584,1
0.29302412271499634,1
0.4588485360145569,1
0.28192850947380066,1
0.4500580430030823,1
0.4111444354057312,1
0.4165881276130676,1
0.3502199053764343,1
0.44599592685699463,1
0.2805972695350647,1
0.3901801109313965,1
0.3205854892730713,1
0.32327428460121155,1
0.290522038936615,1
0.38859033584594727,1
0.30699318647384644,1
0.4444025754928589,1
0.41196438670158386,1
0.3659728765487671,1
0.3961799442768097,1
0.3832162022590637,1
0.37045982480049133,1
0.3728633224964142,1
0.42323437333106995,1
0.39376378059387207,1
0.3432338237762451,1
0.3288708031177521,1
0.3826976418495178,1
0.4103412330150604,1
0.36279457807540894,1
0.4539716839790344,1
0.49267929792404175,1
0.3269137144088745,1
0.291004478931427,1
0.3213399648666382,1
0.34932172298431396,1
0.355629563331604,1
0.28242841362953186,1
0.3242989778518677,1
0.4170733392238617,1
0.3363226056098938,1
0.30120202898979187,1
0.3357420265674591,1
0.3170720636844635,1
0.2677338719367981,1
0.2906985878944397,1
0.27075427770614624,1
0.37695616483688354,1
0.3776683211326599,1
0.3336677849292755,1
0.29813405871391296,1
0.2998479902744293,1
0.3347915709018707,1
0.3568044602870941,1
0.3215590715408325,1
0.3972422480583191,1
0.36293503642082214,1
0.2876397669315338,1
0.37587663531303406,1
0.38626402616500854,1
0.2905532717704773,1
0.36605605483055115,1
0.28734803199768066,1
0.37470391392707825,1
0.3293933868408203,1
0.36717236042022705,1
0.30689164996147156,1
0.46410736441612244,1
0.2748069167137146,1
0.350844144821167,1
0.3769727349281311,1
0.38534998893737793,1
0.49429523944854736,1
0.3874015212059021,1
0.3518855571746826,1
0.37410202622413635,1
0.5241274833679199,1
0.3586600422859192,1
0.4278973340988159,1
0.27945074439048767,1
0.3320484757423401,1
0.332943856716156,1
0.21252453327178955,1
0.27987033128738403,1
0.37236806750297546,1
0.3186282813549042,1
0.29483067989349365,1
0.3303816318511963,1
0.37291213870048523,1
0.2993861734867096,1
0.26877424120903015,1
0.30858319997787476,1
0.41549402475357056,1
0.45765364170074463,1
0.3383866846561432,1
0.46611660718917847,1
0.3959958851337433,1
0.42315271496772766,1
0.41930270195007324,1
0.337326318025589,1
0.35229963064193726,1
0.2704468369483948,1
0.39923566579818726,1
0.3860397934913635,1
0.34960657358169556,1
0.3759259581565857,1
0.30626553297042847,1
0.32061904668807983,1
0.4051741361618042,1
0.34414273500442505,1
0.3712773323059082,1
0.360893189907074,1
0.3386836051940918,1
0.4050758183002472,1
0.41504696011543274,1
0.34081608057022095,1
0.3259294331073761,1
0.45945626497268677,1
0.3714695870876312,1
0.29006391763687134,1
0.42121273279190063,1
0.26115331053733826,1
0.39764583110809326,1
0.30723708868026733,1
0.34327203035354614,1
0.2751462459564209,1
0.3250359296798706,1
0.3881499171257019,1
0.32239627838134766,1
0.36800485849380493,1
0.34933969378471375,1
0.29261553287506104,1
0.34006166458129883,1
0.22496777772903442,1
0.398800253868103,1
0.44893375039100647,1
0.34878721833229065,1
0.33888930082321167,1
0.3121275007724762,1
0.3348635137081146,1
0.30492129921913147,1
0.39443665742874146,1
0.26228880882263184,1
0.30866342782974243,1
0.38472676277160645,1
0.2992140054702759,1
0.33862653374671936,1
0.3612910211086273,1
0.2518419921398163,1
0.3757401704788208,1
0.44553324580192566,1
0.34990477561950684,1
0.34822094440460205,1
0.35957643389701843,1
0.2871149778366089,1
0.3090406656265259,1
0.29502224922180176,1
0.37730029225349426,1
0.4998847544193268,1
0.36448436975479126,1
0.3850524425506592,1
0.3133993446826935,1
0.36746516823768616,1
0.3792727589607239,1
0.33152085542678833,1
0.35662758350372314,1
0.33176279067993164,1
0.39596354961395264,1
0.31958863139152527,1
0.2986622154712677,1
0.2506711184978485,1
0.2808924913406372,1
0.3672162592411041,1
0.40182486176490784,1
0.3093041479587555,1
0.41633379459381104,1
0.3681488037109375,1
0.28705471754074097,1
0.3218563497066498,1
0.3550240397453308,1
0.33436498045921326,1
0.3952457904815674,1
0.3905726671218872,1
0.31839805841445923,1
0.33226314187049866,1
0.29376477003097534,1
0.32614976167678833,1
0.2682131826877594,1
0.2925257682800293,1
0.38563311100006104,1
0.41346797347068787,1
0.40489861369132996,1
0.2803594768047333,1
0.23154740035533905,1
0.3015984892845154,1
0.32945340871810913,1
0.366414338350296,1
0.3280179500579834,1
0.4165347218513489,1
0.3585931658744812,1
0.3347376585006714,1
0.3781358599662781,1
0.39379817247390747,1
0.37953078746795654,1
0.4348469376564026,1
0.3562217950820923,1
0.4521411061286926,1
0.4104977250099182,1
0.2894141972064972,1
0.321877658367157,1
0.36992645263671875,1
0.4079814553260803,1
0.291778564453125,1
0.32009685039520264,1
0.38470444083213806,1
0.30660301446914673,1
0.5255659222602844,1
0.35690560936927795,1
0.319644570350647,1
0.3900454342365265,1
0.4539743661880493,1
0.31022655963897705,1
0.3334806561470032,1
0.3287465572357178,1
0.3233639597892761,1
0.5479259490966797,1
0.3353962302207947,1
0.3118671774864197,1
0.34131669998168945,1
0.2940696179866791,1
0.3288367986679077,1
0.35107433795928955,1
0.2679128050804138,1
0.5125648975372314,1
0.33162933588027954,1
0.40089744329452515,1
0.32225173711776733,1
0.32651466131210327,1
0.327987939119339,1
0.2824576497077942,1
0.2989855408668518,1
0.525983452796936,1
0.33395519852638245,1
0.42048460245132446,1
0.3926714062690735,1
0.3749461770057678,1
0.3506525158882141,1
0.28759846091270447,1
0.4203508198261261,1
0.31293344497680664,1
0.2655934989452362,1
0.3383154273033142,1
0.3787423074245453,1
0.4609876871109009,1
0.33858877420425415,1
0.3244572877883911,1
0.34438464045524597,1
0.30418702960014343,1
0.42108386754989624,1
0.3318997323513031,1
0.3193243443965912,1
0.33866366744041443,1
0.40163129568099976,1
0.33005228638648987,1
0.31892403960227966,1
0.44001999497413635,1
0.4369664192199707,1
0.4497185945510864,1
0.33233824372291565,1
0.40707406401634216,1
0.38025230169296265,1
0.27913492918014526,1
0.33678773045539856,1
0.29371845722198486,1
0.38660094141960144,1
0.3216407895088196,1
0.3381301760673523,1
0.3417220413684845,1
0.377319872379303,1
0.33188968896865845,1
0.4330127537250519,1
0.3016689717769623,1
0.37885338068008423,1
0.373918354511261,1
0.45860907435417175,1
0.3234651982784271,1
0.3804504871368408,1
0.411617636680603,1
0.3332017958164215,1
0.31473779678344727,1
0.38485071063041687,1
0.4559834897518158,1
0.3608856499195099,1
0.24752502143383026,1
0.36745157837867737,1
0.381877064704895,1
0.4103553593158722,1
0.3890035152435303,1
0.30745506286621094,1
0.316883385181427,1
0.31707602739334106,1
0.29967257380485535,1
0.3408491015434265,1
0.49041232466697693,1
0.30894607305526733,1
0.25440606474876404,1
0.39014434814453125,1
0.3471614122390747,1
0.33362430334091187,1
0.36600714921951294,1
0.4132060110569,1
0.3292437195777893,1
0.3104437589645386,1
0.4621317684650421,1
0.33476778864860535,1
0.32918936014175415,1
0.2787839472293854,1
0.31533774733543396,1
0.3866058588027954,1
0.3252071142196655,1
0.35267478227615356,1
0.2912966012954712,1
0.4521546959877014,1
0.37873172760009766,1
0.45804405212402344,1
0.4219527244567871,1
0.3582073450088501,1
0.4229617714881897,1
0.37897735834121704,1
0.4129337668418884,1
0.36362653970718384,1
0.2956196665763855,1
0.3246763348579407,1
0.3818313777446747,1
0.3135729134082794,1
0.35090529918670654,1
0.2758098244667053,1
0.34993481636047363,1
0.3029838800430298,1
0.2924841046333313,1
0.3113851547241211,1
0.35482126474380493,1
0.3953072428703308,1
0.2785682678222656,1
0.43985575437545776,1
0.45014625787734985,1
0.31450915336608887,1
0.47077301144599915,1
0.353427916765213,1
0.3708387017250061,1
0.3531479239463806,1
0.36126264929771423,1
0.25063449144363403,1
0.4478524625301361,1
0.34664005041122437,1
0.41921794414520264,1
0.40115466713905334,1
0.36448219418525696,1
0.3645550608634949,1
0.23204131424427032,1
0.41791781783103943,1
0.22675666213035583,1
0.4189927279949188,1
0.29326295852661133,1
0.29634928703308105,1
0.26391881704330444,1
0.2949703335762024,1
0.28491488099098206,1
0.428977370262146,1
0.1559629887342453,1
0.2849256694316864,1
0.37628063559532166,1
0.33462172746658325,1
0.25321316719055176,1
0.32776546478271484,1
0.43515127897262573,1
0.3677063584327698,1
0.2786839008331299,1
0.27079370617866516,1
0.3413460850715637,1
0.44214385747909546,1
0.2989545464515686,1
0.34141024947166443,1
0.3789479732513428,1
0.38247591257095337,1
0.3171541690826416,1
0.4035925567150116,1
0.5259308815002441,1
0.3112969994544983,1
0.42995685338974,1
0.46521809697151184,1
0.38560307025909424,1
0.3515207767486572,1
0.423203706741333,1
0.3471432626247406,1
0.3819561302661896,1
0.33001387119293213,1
0.3142463266849518,1
0.38355737924575806,1
0.370861291885376,1
0.4456477165222168,1
0.4667738080024719,1
0.31365445256233215,1
0.3233259320259094,1
0.4435317814350128,1
0.35022979974746704,1
0.4582464098930359,1
0.3709610104560852,1
0.35355252027511597,1
0.3718792796134949,1
0.403705894947052,1
0.4299542009830475,1
0.31876200437545776,1
0.341167688369751,1
0.3175545036792755,1
0.3971182405948639,1
0.21798920631408691,1
0.37036576867103577,1
0.35178661346435547,1
0.33894410729408264,1
0.32162919640541077,1
0.3598654270172119,1
0.27177804708480835,1
0.4071963429450989,1
0.37161457538604736,1
0.35376274585723877,1
0.2709052562713623,1
0.2825602889060974,1
0.4059688448905945,1
0.39393115043640137,1
0.37477320432662964,1
0.324702650308609,1
0.3533288240432739,1
0.2955337464809418,1
0.28111228346824646,1
0.3385500907897949,1
0.32128944993019104,1
0.4952274262905121,1
0.2793649733066559,1
0.366727352142334,1
0.36017343401908875,1
0.5006281733512878,1
0.25471436977386475,1
0.357118159532547,1
0.27304691076278687,1
0.27194008231163025,1
0.2956429123878479,1
0.26450014114379883,1
0.3551633954048157,1
0.2976430356502533,1
0.32690614461898804,1
0.30986106395721436,1
0.30776000022888184,1
0.2937346398830414,1
0.38891297578811646,1
0.30950927734375,1
0.3353801667690277,1
0.34258103370666504,1
0.339389443397522,1
0.29770100116729736,1
0.4166901409626007,1
0.3606497347354889,1
0.41425925493240356,1
0.3772324323654175,1
0.34300124645233154,1
0.3627309501171112,1
0.4936124086380005,1
0.4483959674835205,1
0.30356767773628235,1
0.3770635724067688,1
0.4502532482147217,1
0.39084306359291077,1
0.25563928484916687,1
0.3002012073993683,1
0.35894978046417236,1
0.3667689859867096,1
0.3501232862472534,1
0.3855658173561096,1
0.32199251651763916,1
0.3016054928302765,1
0.35648036003112793,1
0.3782409727573395,1
0.39134371280670166,1
0.37824827432632446,1
0.3870551288127899,1
0.47581949830055237,1
0.4457944929599762,1
0.2666829228401184,1
0.4480587840080261,1
0.2888876795768738,1
0.4321722388267517,1
0.2914102077484131,1
0.38566386699676514,1
0.43997010588645935,1
0.3290809392929077,1
0.42927086353302,1
0.3507121801376343,1
0.4060376286506653,1
0.17489108443260193,1
0.41254258155822754,1
0.2994876205921173,1
0.40197667479515076,1
0.29639360308647156,1
0.4140137732028961,1
0.3661193251609802,1
0.4123457372188568,1
0.3414224684238434,1
0.32328298687934875,1
0.295116126537323,1
0.43174800276756287,1
0.41976580023765564,1
0.2884289026260376,1
0.31132203340530396,1
0.3361717462539673,1
0.36813631653785706,1
0.37255197763442993,1
0.36898624897003174,1
0.3963465988636017,1
0.29868215322494507,1
0.4490986764431,1
0.3500217795372009,1
0.2969394624233246,1
0.3481198847293854,1
0.3611565828323364,1
0.47273263335227966,1
0.3831535875797272,1
0.44485601782798767,1
0.5257484912872314,1
0.3891525864601135,1
0.3404722511768341,1
0.36853063106536865,1
0.2734531760215759,1
0.29398849606513977,1
0.2992183566093445,1
0.3538356423377991,1
0.45565229654312134,1
0.3011070489883423,1
0.3355553150177002,1
0.45717325806617737,1
0.326028972864151,1
0.2987828254699707,1
0.39958247542381287,1
0.3148157000541687,1
0.2858352065086365,1
0.3472328782081604,1
0.31282296776771545,1
0.2866969108581543,1
0.3436870574951172,1
0.3166862428188324,1
0.4500519037246704,1
0.2847495675086975,1
0.34344977140426636,1
0.3672363758087158,1
0.37113362550735474,1
0.37863191962242126,1
0.3469509184360504,1
0.3836781978607178,1
0.2947969138622284,1
0.33653634786605835,1
0.2818809151649475,1
0.3095186948776245,1
0.3195415139198303,1
0.3549863398075104,1
0.4738352596759796,1
0.3466079533100128,1
0.4460934102535248,1
0.3005340099334717,1
0.4829845428466797,1
0.37276193499565125,1
0.2988134026527405,1
0.33282536268234253,1
0.31752660870552063,1
0.2725602984428406,1
0.2994130849838257,1
0.3043898344039917,1
0.45056718587875366,1
0.2872317433357239,1
0.3675094544887543,1
0.29643338918685913,1
0.3611605167388916,1
0.39834845066070557,1
0.3322973847389221,1
0.31292057037353516,1
0.31404393911361694,1
0.3911130726337433,1
0.4305739998817444,1
0.29134422540664673,1
0.31377676129341125,1
0.29179906845092773,1
0.4407682418823242,1
0.47329437732696533,1
0.35546594858169556,1
0.2576863467693329,1
0.2795184850692749,1
0.35610806941986084,1
0.26619604229927063,1
0.32363399863243103,1
0.35234335064888,1
0.37495356798171997,1
0.37036997079849243,1
0.34230971336364746,1
0.37901538610458374,1
0.32724785804748535,1
0.29534733295440674,1
0.33381786942481995,1
0.3397247791290283,1
0.27058881521224976,1
0.46404409408569336,1
0.38148897886276245,1
0.3734079599380493,1
0.2981065511703491,1
0.28992921113967896,1
0.28544121980667114,1
0.3245285451412201,1
0.2496616244316101,1
0.337821364402771,1
0.3246944546699524,1
0.41580334305763245,1
0.32608768343925476,1
0.25722333788871765,1
0.3744235038757324,1
0.2904587984085083,1
0.2679980993270874,1
0.32258927822113037,1
0.3577640652656555,1
0.356689453125,1
0.3226248025894165,1
0.38506564497947693,1
0.3960035443305969,1
0.395823210477829,1
0.35325008630752563,1
0.37269681692123413,1
0.37525132298469543,1
0.4451512098312378,1
0.4471445083618164,1
0.44871413707733154,1
0.36477065086364746,1
0.3799610137939453,1
0.3132626414299011,1
0.43366196751594543,1
0.32125920057296753,1
0.388065904378891,1
0.3063085675239563,1
0.4036772549152374,1
0.3019176721572876,1
0.3168659806251526,1
0.35650762915611267,1
0.3419002890586853,1
0.3103881776332855,1
0.35342729091644287,1
0.34203484654426575,1
0.4117470681667328,1
0.27210962772369385,1
0.32112887501716614,1
0.26732268929481506,1
0.3577790856361389,1
0.3838648200035095,1
0.4382935166358948,1
0.30657199025154114,1
0.3244639039039612,1
0.2611670196056366,1
0.35707104206085205,1
0.41310417652130127,1
0.44037821888923645,1
0.45612403750419617,1
0.3075007200241089,1
0.22265496850013733,1
0.4060976803302765,1
0.33374762535095215,1
0.32670027017593384,1
0.2904425859451294,1
0.39633387327194214,1
0.3609199821949005,1
0.2861741781234741,1
0.414906769990921,1
0.30894923210144043,1
0.3003017008304596,1
0.26461532711982727,1
0.5025916695594788,1
0.27829259634017944,1
0.36457791924476624,1
0.4214678108692169,1
0.317454993724823,1
0.359980970621109,1
0.3178897202014923,1
0.24566727876663208,1
0.3054940104484558,1
0.35134613513946533,1
0.31369084119796753,1
0.24520912766456604,1
0.2961120009422302,1
0.30974051356315613,1
0.4421361982822418,1
0.45980650186538696,1
0.3968019187450409,1
0.4850667119026184,1
0.3902270495891571,1
0.3201196789741516,1
0.33516067266464233,1
0.3805229663848877,1
0.38382184505462646,1
0.3844112753868103,1
0.33905041217803955,1
0.30387216806411743,1
0.2554543614387512,1
0.4324173927307129,1
0.35912200808525085,1
0.33021846413612366,1
0.4453350305557251,1
0.3725602924823761,1
0.32604771852493286,1
0.3012365400791168,1
0.27690356969833374,1
0.2992451786994934,1
0.37571069598197937,1
0.335208535194397,1
0.3946475386619568,1
0.45199984312057495,1
0.23902687430381775,1
0.35126835107803345,1
0.3346882462501526,1
0.2896907925605774,1
0.3085653781890869,1
0.2975466549396515,1
0.34048840403556824,1
0.3208771049976349,1
0.39596354961395264,1
0.38403430581092834,1
0.29721304774284363,1
0.3040047883987427,1
0.25632351636886597,1
0.2171410322189331,1
0.37649595737457275,1
0.29564112424850464,1
0.2573937773704529,1
0.34017032384872437,1
0.31006598472595215,1
0.4798068404197693,1
0.35580170154571533,1
0.30753570795059204,1
0.3582233190536499,1
0.42575401067733765,1
0.39164695143699646,1
0.2795383930206299,1
0.3529985547065735,1
0.26868632435798645,1
0.34522637724876404,1
0.41344213485717773,1
0.28053203225135803,1
0.34318360686302185,1
0.2909564673900604,1
0.38331183791160583,1
0.3894658386707306,1
0.4766247272491455,1
0.28348398208618164,1
0.32229000329971313,1
0.3452053666114807,1
0.36286911368370056,1
0.3243163228034973,1
0.3623290956020355,1
0.31824997067451477,1
0.4113999903202057,1
0.382322758436203,1
0.35400915145874023,1
0.41212892532348633,1
0.3438771367073059,1
0.4781303405761719,1
0.281448632478714,1
0.4310916066169739,1
0.2802092432975769,1
0.3129735589027405,1
0.36198121309280396,1
0.23613914847373962,1
0.38807249069213867,1
0.38411688804626465,1
0.37174132466316223,1
0.31952914595603943,1
0.2853274345397949,1
0.21388885378837585,1
0.3409643769264221,1
0.5548683404922485,1
0.2629743814468384,1
0.364918053150177,1
0.29477983713150024,1
0.38828355073928833,1
0.3134441077709198,1
0.33173227310180664,1
0.4743044078350067,1
0.4034847021102905,1
0.3743506669998169,1
0.36613374948501587,1
0.29280343651771545,1
0.4008273780345917,1
0.4389891028404236,1
0.3254390358924866,1
0.46366357803344727,1
0.4439934492111206,1
0.31243693828582764,1
0.38806331157684326,1
0.39431557059288025,1
0.32124024629592896,1
0.3445390462875366,1
0.3836744427680969,1
0.34407860040664673,1
0.3935632109642029,1
0.34687870740890503,1
0.3294934034347534,1
0.4374774694442749,1
0.260782390832901,1
0.4585692286491394,1
0.3989121615886688,1
0.36604487895965576,1
0.3694506883621216,1
0.30535241961479187,1
0.46895632147789,1
0.3580903112888336,1
0.3212892711162567,1
0.2813044786453247,1
0.34212377667427063,1
0.385065495967865,1
0.3888843059539795,1
0.3975211977958679,1
0.3652583062648773,1
0.3303788900375366,1
0.3667858839035034,1
0.33260518312454224,1
0.3444070518016815,1
0.46833497285842896,1
0.3536706268787384,1
0.3962084650993347,1
0.36055809259414673,1
0.2857675850391388,1
0.39121389389038086,1
0.29518362879753113,1
0.41269248723983765,1
0.2835041284561157,1
0.3410734236240387,1
0.2975459694862366,1
0.36803874373435974,1
0.4622322916984558,1
0.2448909431695938,1
0.3787476718425751,1
0.40458226203918457,1
0.441891074180603,1
0.39274269342422485,1
0.43395182490348816,1
0.3635818362236023,1
0.3482550382614136,1
0.39032942056655884,1
0.40153950452804565,1
0.5163152813911438,1
0.27182537317276,1
0.2836129069328308,1
0.3371795415878296,1
0.37578192353248596,1
0.3609504699707031,1
0.3209042251110077,1
0.31510087847709656,1
0.2768683433532715,1
0.3316015601158142,1
0.31183531880378723,1
0.2976120710372925,1
0.27602237462997437,1
0.3115345537662506,1
0.32710152864456177,1
0.3460395932197571,1
0.31636953353881836,1
0.28942400217056274,1
0.31220734119415283,1
0.388069212436676,1
0.3403903841972351,1
0.3823812007904053,1
0.3134826421737671,1
0.4146687090396881,1
0.30102068185806274,1
0.27235275506973267,1
0.3568216562271118,1
0.3637937307357788,1
0.3021394610404968,1
0.4010687470436096,1
0.5032126903533936,1
0.37901127338409424,1
0.28616267442703247,1
0.26114127039909363,1
0.41462960839271545,1
0.40519875288009644,1
0.34096795320510864,1
0.3182883858680725,1
0.378487229347229,1
0.2927527129650116,1
0.3606621026992798,1
0.38259977102279663,1
0.3404078483581543,1
0.35814064741134644,1
0.24450872838497162,1
0.32672107219696045,1
0.3334648609161377,1
0.4948227107524872,1
0.3910142183303833,1
0.3809409737586975,1
0.27117234468460083,1
0.38075166940689087,1
0.4113267958164215,1
0.32732677459716797,1
0.4150462746620178,1
0.25525838136672974,1
0.39530158042907715,1
0.250820517539978,1
0.3637298047542572,1
0.34703001379966736,1
0.3036673069000244,1
0.4566363990306854,1
0.3130963444709778,1
0.29731065034866333,1
0.3668864071369171,1
0.2909865975379944,1
0.4174868166446686,1
0.3355211019515991,1
0.4431575536727905,1
0.3293616473674774,1
0.2970414161682129,1
0.319502592086792,1
0.3353233337402344,1
0.3140118420124054,1
0.3910159468650818,1
0.22914116084575653,1
0.3269791603088379,1
0.4340624511241913,1
0.38790544867515564,1
0.3446352481842041,1
0.30593517422676086,1
0.2822684347629547,1
0.3473641872406006,1
0.3396936058998108,1
0.3605455458164215,1
0.3742695152759552,1
0.40947210788726807,1
0.5840364694595337,1
0.31403815746307373,1
0.42504310607910156,1
0.3427007496356964,1
0.46178820729255676,1
0.42109382152557373,1
0.3287040591239929,1
0.3128817081451416,1
0.3995715379714966,1
0.4837798774242401,1
0.30895230174064636,1
0.3534497320652008,1
0.29616236686706543,1
0.31819427013397217,1
0.29204508662223816,1
0.4428064823150635,1
0.3005449175834656,1
0.41242510080337524,1
0.3291158974170685,1
0.22772908210754395,1
0.2441658079624176,1
0.37349727749824524,1
0.45315295457839966,1
0.2574363350868225,1
0.37611687183380127,1
0.38116511702537537,1
0.26314401626586914,1
0.3388001322746277,1
0.33087706565856934,1
0.2892419695854187,1
0.297899454832077,1
0.36821264028549194,1
0.3666630983352661,1
0.26961371302604675,1
0.33637484908103943,1
0.3787204325199127,1
0.3322256803512573,1
0.2793119251728058,1
0.4310033321380615,1
0.32717156410217285,1
0.3287461996078491,1
0.29273855686187744,1
0.3452685475349426,1
0.3072114586830139,1
0.28010401129722595,1
0.3796781897544861,1
0.3753894567489624,1
0.4867595434188843,1
0.40495920181274414,1
0.35796430706977844,1
0.34128379821777344,1
0.4418352246284485,1
0.3120228350162506,1
0.27449464797973633,1
0.33387723565101624,1
0.2837222218513489,1
0.3012157082557678,1
0.5188392400741577,1
0.3956649899482727,1
0.31791952252388,1
0.44434991478919983,1
0.3444017767906189,1
0.4112361669540405,1
0.2591458857059479,1
0.20193526148796082,1
0.2254219651222229,1
0.4126375913619995,1
0.45303893089294434,1
0.318875253200531,1
0.45127612352371216,1
0.29921555519104004,1
0.3284848928451538,1
0.40053853392601013,1
0.35331130027770996,1
0.254909873008728,1
0.30673354864120483,1
0.375408798456192,1
0.3596632182598114,1
0.37945348024368286,1
0.29099762439727783,1
0.34454500675201416,1
0.37911534309387207,1
0.33116796612739563,1
0.2408970445394516,1
0.3510400652885437,1
0.3678056299686432,1
0.35601481795310974,1
0.3947867453098297,1
0.37643668055534363,1
0.3370288014411926,1
0.39056146144866943,1
0.2975695729255676,1
0.36689120531082153,1
0.22175292670726776,1
0.3229615092277527,1
0.3451170325279236,1
0.2844032943248749,1
0.3639926314353943,1
0.3069109320640564,1
0.4151327610015869,1
0.34479716420173645,1
0.3018069863319397,1
0.2577955722808838,1
0.39959681034088135,1
0.38054925203323364,1
0.3487924337387085,1
0.3669440746307373,1
0.2805370092391968,1
0.30492115020751953,1
0.3650546073913574,1
0.34110796451568604,1
0.23799766600131989,1
0.4243382215499878,1
0.27629679441452026,1
0.31002330780029297,1
0.3617205321788788,1
0.3326437473297119,1
0.3361240029335022,1
0.41441822052001953,1
0.38300079107284546,1
0.39325469732284546,1
0.2990184724330902,1
0.3455387353897095,1
0.32021409273147583,1
0.5363403558731079,1
0.3246909976005554,1
0.344314843416214,1
0.27296918630599976,1
0.464316725730896,1
0.395344078540802,1
0.2646609842777252,1
0.4276016354560852,1
0.3541792631149292,1
0.28329288959503174,1
0.4851781129837036,1
0.38657018542289734,1
0.3701074719429016,1
0.411335289478302,1
0.3785070478916168,1
0.32289552688598633,1
0.3931669592857361,1
0.4110864996910095,1
0.28830868005752563,1
0.36172202229499817,1
0.35927870869636536,1
0.35026949644088745,1
0.36166054010391235,1
0.3363167643547058,1
0.4024215638637543,1
0.28657326102256775,1
0.36184486746788025,1
0.4561971426010132,1
0.2592836618423462,1
0.28955256938934326,1
0.25306811928749084,1
0.2697811424732208,1
0.3668833076953888,1
0.2829192578792572,1
0.29436445236206055,1
0.3175809979438782,1
0.3407227098941803,1
0.3618179261684418,1
0.3411775231361389,1
0.2225561887025833,1
0.35533368587493896,1
0.48362502455711365,1
0.2621656656265259,1
0.5293755531311035,1
0.32807156443595886,1
0.37037402391433716,1
0.376264363527298,1
0.3986910581588745,1
0.25479835271835327,1
0.41644760966300964,1
0.33738821744918823,1
0.4165835678577423,1
0.313742995262146,1
0.3543230891227722,1
0.3638654947280884,1
0.4005366563796997,1
0.3970866799354553,1
0.45513302087783813,1
0.3322235941886902,1
0.40464332699775696,1
0.3470781445503235,1
0.320271372795105,1
0.3086921274662018,1
0.4205307960510254,1
0.3442287743091583,1
0.36090409755706787,1
0.31361353397369385,1
0.3096959590911865,1
0.27529188990592957,1
0.47029656171798706,1
0.25105100870132446,1
0.3008669316768646,1
0.293207585811615,1
0.3902708888053894,1
0.32661372423171997,1
0.521601676940918,1
0.3389870524406433,1
0.3424482047557831,1
0.3124151825904846,1
0.382816344499588,1
0.36996525526046753,1
0.3078457713127136,1
0.33735254406929016,1
0.391003280878067,1
0.36949649453163147,1
0.41281577944755554,1
0.38168302178382874,1
0.37572982907295227,1
0.31649065017700195,1
0.368129700422287,1
0.2920314371585846,1
0.449248731136322,1
0.38677355647087097,1
0.27378150820732117,1
0.27258366346359253,1
0.4618699550628662,1
0.2672816216945648,1
0.2849484086036682,1
0.3620620667934418,1
0.462570458650589,1
0.3514989912509918,1
0.37861040234565735,1
0.3997504711151123,1
0.4199486970901489,1
0.4053543508052826,1
0.2878292202949524,1
0.33928346633911133,1
0.44138574600219727,1
0.5123690366744995,1
0.3398359417915344,1
0.24611692130565643,1
0.37343934178352356,1
0.356071412563324,1
0.3636291027069092,1
0.2739681601524353,1
0.5305543541908264,1
0.4028109908103943,1
0.36528337001800537,1
0.3138148784637451,1
0.3043971657752991,1
0.45709946751594543,1
0.3481576442718506,1
0.36741650104522705,1
0.42395099997520447,1
0.36259725689888,1
0.26863598823547363,1
0.3873884081840515,1
0.37633952498435974,1
0.36031150817871094,1
0.3979722261428833,1
0.32115569710731506,1
0.4780738949775696,1
0.3597709834575653,1
0.2032400518655777,1
0.4219328761100769,1
0.3931983709335327,1
0.35857856273651123,1
0.28190815448760986,1
0.5132187604904175,1
0.34668439626693726,1
0.3050867021083832,1
0.3207187354564667,1
0.3656957447528839,1
0.2916550636291504,1
0.5556125640869141,1
0.3043823540210724,1
0.3460685908794403,1
0.40725114941596985,1
0.32701611518859863,1
0.366228312253952,1
0.3436158001422882,1
0.25792449712753296,1
0.33124202489852905,1
0.3266139626502991,1
0.3919340968132019,1
0.3090093731880188,1
0.3790546655654907,1
0.44610604643821716,1
0.3594492971897125,1
0.36506330966949463,1
0.39867809414863586,1
0.2811042070388794,1
0.34269392490386963,1
0.308535099029541,1
0.3496313989162445,1
0.33105677366256714,1
0.29234641790390015,1
0.3513813018798828,1
0.39545345306396484,1
0.32009994983673096,1
0.5071049928665161,1
0.3068750202655792,1
0.28072530031204224,1
0.3114158511161804,1
0.353372186422348,1
0.5194206833839417,1
0.3179280161857605,1
0.35534143447875977,1
0.340790331363678,1
0.2721783518791199,1
0.4795025587081909,1
0.30340492725372314,1
0.4496733248233795,1
0.30952611565589905,1
0.38168802857398987,1
0.34954002499580383,1
0.3658941686153412,1
0.3595135807991028,1
0.3935942053794861,1
0.27869167923927307,1
0.5887466073036194,1
0.3888123631477356,1
0.3231550455093384,1
0.368892639875412,1
0.26931557059288025,1
0.3528814911842346,1
0.43217843770980835,1
0.273777037858963,1
0.5224498510360718,1
0.3394416570663452,1
0.32837679982185364,1
0.4082486629486084,1
0.29918932914733887,1
0.40817809104919434,1
0.3315827250480652,1
0.28200867772102356,1
0.36945468187332153,1
0.36107900738716125,1
0.36841869354248047,1
0.3317214250564575,1
0.3347526788711548,1
0.2647014856338501,1
0.5368006229400635,1
0.33455216884613037,1
0.2982841730117798,1
0.3898210823535919,1
0.6032381057739258,1
0.340760201215744,1
0.36951035261154175,1
0.3842739164829254,1
0.3247750401496887,1
0.3284330368041992,1
0.2986246347427368,1
0.42011120915412903,1
0.3381337523460388,1
0.3391299843788147,1
0.3301870822906494,1
0.4328698515892029,1
0.40289849042892456,1
0.428371787071228,1
0.3864782452583313,1
0.3468763828277588,1
0.3404463827610016,1
0.3913414776325226,1
0.29857999086380005,1
0.2655239701271057,1
