0.42609769105911255,1
0.30749833583831787,1
0.4482076168060303,1
0.3571551442146301,1
0.4492735266685486,1
0.23584899306297302,1
0.2821776568889618,1
0.3482593894004822,1
0.36712825298309326,1
0.39041852951049805,1
0.42334702610969543,1
0.35648849606513977,1
0.46270644664764404,1
0.28636983036994934,1
0.2624044418334961,1
0.3294566869735718,1
0.39759695529937744,1
0.48853081464767456,1
0.3418086767196655,1
0.39870864152908325,1
0.35545864701271057,1
0.48218655586242676,1
0.34805381298065186,1
0.3841051459312439,1
0.32280153036117554,1
0.3380950093269348,1
0.25109681487083435,1
0.3285636901855469,1
0.5396984815597534,1
0.3538396954536438,1
0.28391432762145996,1
0.35745692253112793,1
0.33030879497528076,1
0.3498060405254364,1
0.3088044822216034,1
0.2686787247657776,1
0.3162030875682831,1
0.3454035818576813,1
0.49755021929740906,1
0.35177090764045715,1
0.3204525411128998,1
0.2741752564907074,1
0.42635899782180786,1
0.3662238121032715,1
0.3914870619773865,1
0.37461137771606445,1
0.2684246301651001,1
0.5120803117752075,1
0.27637478709220886,1
0.3514411449432373,1
0.5630850791931152,1
0.3120998442173004,1
0.3655897378921509,1
0.44413113594055176,1
0.3423755168914795,1
0.3588504195213318,1
0.29076069593429565,1
0.3510877788066864,1
0.4314396381378174,1
0.4112996459007263,1
0.3090500235557556,1
0.27592140436172485,1
0.4068264663219452,1
0.24413186311721802,1
0.28362202644348145,1
0.30544131994247437,1
0.3002978563308716,1
0.3872419595718384,1
0.35219085216522217,1
0.47522687911987305,1
0.31862592697143555,1
0.43146204948425293,1
0.3981859087944031,1
0.35872024297714233,1
0.2779928743839264,1
0.28162381052970886,1
0.3316354751586914,1
0.3509764075279236,1
0.38596203923225403,1
0.3611350357532501,1
0.26019006967544556,1
0.3603769838809967,1
0.23196691274642944,1
0.4115929901599884,1
0.4067337214946747,1
0.4273484945297241,1
0.32879579067230225,1
0.4117649793624878,1
0.4316865801811218,1
0.3965564966201782,1
0.3511800169944763,1
0.31649625301361084,1
0.46705591678619385,1
0.3646818995475769,1
0.40667372941970825,1
0.2966967225074768,1
0.3577888309955597,1
0.35375094413757324,1
0.35804277658462524,1
0.35163021087646484,1
0.38238394260406494,1
0.44033029675483704,1
0.33926165103912354,1
0.41205039620399475,1
0.24203988909721375,1
0.43268316984176636,1
0.4100980758666992,1
0.25949302315711975,1
0.450547456741333,1
0.3290473222732544,1
0.24753102660179138,1
0.36981749534606934,1
0.37582555413246155,1
0.3905923664569855,1
0.3910541534423828,1
0.4570293128490448,1
0.29642900824546814,1
0.36494967341423035,1
0.32101452350616455,1
0.31740397214889526,1
0.3229735791683197,1
0.39447614550590515,1
0.3331684172153473,1
0.20373384654521942,1
0.29985642433166504,1
0.3336455225944519,1
0.3881659507751465,1
0.4609525203704834,1
0.4527585804462433,1
0.4635981321334839,1
0.308296799659729,1
0.35920047760009766,1
0.3265635073184967,1
0.29926204681396484,1
0.40784502029418945,1
0.39707839488983154,1
0.3135603070259094,1
0.3914070129394531,1
0.40535736083984375,1
0.3433550298213959,1
0.41758841276168823,1
0.33345192670822144,1
0.49505814909935,1
0.3975015878677368,1
0.44770246744155884,1
0.3278818130493164,1
0.387961745262146,1
0.503197431564331,1
0.3292246460914612,1
0.49297064542770386,1
0.30471834540367126,1
0.26438310742378235,1
0.1964942216873169,1
0.32507625222206116,1
0.3703843653202057,1
0.3480839133262634,1
0.23413868248462677,1
0.3783985376358032,1
0.36891818046569824,1
0.4182891249656677,1
0.3590952754020691,1
0.370705783367157,1
0.44206979870796204,1
0.35457825660705566,1
0.4775751829147339,1
0.44985416531562805,1
0.4256306290626526,1
0.29223525524139404,1
0.3683798909187317,1
0.3409222364425659,1
0.48361778259277344,1
0.3886861801147461,1
0.21626462042331696,1
0.3550836443901062,1
0.28746384382247925,1
0.3559321165084839,1
0.4601428508758545,1
0.4656810760498047,1
0.3061915338039398,1
0.3069516122341156,1
0.32185098528862,1
0.3554913401603699,1
0.3075488805770874,1
0.34517723321914673,1
0.41899392008781433,1
0.44265103340148926,1
0.4013496935367584,1
0.27798184752464294,1
0.35336506366729736,1
0.40866556763648987,1
0.34368839859962463,1
0.2402118444442749,1
0.38904184103012085,1
0.3133368492126465,1
0.5329843163490295,1
0.5035592317581177,1
0.423431396484375,1
0.3895672559738159,1
0.4017025828361511,1
0.47312769293785095,1
0.4127054214477539,1
0.3480251729488373,1
0.3543584644794464,1
0.29523736238479614,1
0.3445625901222229,1
0.3718274235725403,1
0.36464306712150574,1
0.4393864572048187,1
0.3682042062282562,1
0.3944966793060303,1
0.4082024395465851,1
0.32209068536758423,1
0.33659911155700684,1
0.3766869306564331,1
0.4367275834083557,1
0.31115084886550903,1
0.34190577268600464,1
0.34139740467071533,1
0.4039602279663086,1
0.4593614935874939,1
0.3243967890739441,1
0.36233198642730713,1
0.35694772005081177,1
0.39869388937950134,1
0.41709035634994507,1
0.33693188428878784,1
0.32554152607917786,1
0.28733891248703003,1
0.3129836320877075,1
0.3521985411643982,1
0.39283519983291626,1
0.3319910168647766,1
0.3764601945877075,1
0.369035542011261,1
0.36544254422187805,1
0.37915700674057007,1
0.30053120851516724,1
0.3252585232257843,1
0.3923214077949524,1
0.4046551287174225,1
0.5057373046875,1
0.31922686100006104,1
0.3618409037590027,1
0.3258517384529114,1
0.40216225385665894,1
0.3843059539794922,1
0.4330328702926636,1
0.3411811590194702,1
0.31586754322052,1
0.302974671125412,1
0.3905692994594574,1
0.33051419258117676,1
0.47924700379371643,1
0.36321017146110535,1
0.4598712921142578,1
0.29700547456741333,1
0.30627381801605225,1
0.26823562383651733,1
0.4017757773399353,1
0.35234177112579346,1
0.39987051486968994,1
0.3853199779987335,1
0.3945949971675873,1
0.2859134376049042,1
0.44406288862228394,1
0.3537400960922241,1
0.3977484703063965,1
0.3617287278175354,1
0.31826847791671753,1
0.32589203119277954,1
0.3680230975151062,1
0.29326075315475464,1
0.28988325595855713,1
0.30182012915611267,1
0.44724011421203613,1
0.4611487090587616,1
0.2522808015346527,1
0.46587681770324707,1
0.3885214626789093,1
0.34142038226127625,1
0.4545345902442932,1
0.42832720279693604,1
0.4053969383239746,1
0.31613627076148987,1
0.3517369329929352,1
0.34462034702301025,1
0.32596805691719055,1
0.28767257928848267,1
0.3061342239379883,1
0.2953867018222809,1
0.2918151617050171,1
0.37134817242622375,1
0.43369871377944946,1
0.31492602825164795,1
0.38354262709617615,1
0.33635008335113525,1
0.385497510433197,1
0.3576964735984802,1
0.42283159494400024,1
0.34157508611679077,1
0.28929996490478516,1
0.3929816782474518,1
0.30949079990386963,1
0.3518970310688019,1
0.3099924921989441,1
0.2856127619743347,1
0.38093218207359314,1
0.2974342703819275,1
0.3834763467311859,1
0.2940372824668884,1
0.40461575984954834,1
0.28444793820381165,1
0.40262916684150696,1
0.41961991786956787,1
0.37094396352767944,1
0.49453920125961304,1
0.3270925283432007,1
0.3934190571308136,1
0.27708446979522705,1
0.3797290325164795,1
0.3016258180141449,1
0.3004608750343323,1
0.41605210304260254,1
0.25279366970062256,1
0.4106103777885437,1
0.3287908136844635,1
0.3914802074432373,1
0.36722415685653687,1
0.3251954913139343,1
0.45874035358428955,1
0.36298197507858276,1
0.4223248064517975,1
0.5484166145324707,1
0.3947734534740448,1
0.42475247383117676,1
0.30805703997612,1
0.3321782648563385,1
0.2677578330039978,1
0.2815714478492737,1
0.3266523778438568,1
0.44888317584991455,1
0.308884859085083,1
0.3754796087741852,1
0.3037847876548767,1
0.3889118731021881,1
0.28576961159706116,1
0.4519270658493042,1
0.3889278471469879,1
0.5145462155342102,1
0.38709157705307007,1
0.3511366546154022,1
0.3294678330421448,1
0.4024180769920349,1
0.34131842851638794,1
0.2883729934692383,1
0.3606548309326172,1
0.3734879493713379,1
0.3515906035900116,1
0.3755512833595276,1
0.43379098176956177,1
0.3235624432563782,1
0.4317568838596344,1
0.3647279441356659,1
0.40273505449295044,1
0.3335633873939514,1
0.4340892434120178,1
0.3393658399581909,1
0.382764995098114,1
0.5423210263252258,1
0.3115691840648651,1
0.42312049865722656,1
0.31955328583717346,1
0.3694154620170593,1
0.42336833477020264,1
0.35031354427337646,1
0.33539706468582153,1
0.524772047996521,1
0.33205702900886536,1
0.3107074201107025,1
0.3797725439071655,1
0.2947462499141693,1
0.40359219908714294,1
0.3473582863807678,1
0.32792022824287415,1
0.3611130118370056,1
0.3101036250591278,1
0.3119261562824249,1
0.34492963552474976,1
0.44196921586990356,1
0.36103641986846924,1
0.36493223905563354,1
0.4232643246650696,1
0.4357789158821106,1
0.36827361583709717,1
0.24706272780895233,1
0.3251124620437622,1
0.26593104004859924,1
0.3781890869140625,1
0.5069940090179443,1
0.3491191864013672,1
0.47759562730789185,1
0.32727792859077454,1
0.3240617513656616,1
0.26634615659713745,1
0.3625020980834961,1
0.4047621190547943,1
0.394503653049469,1
0.35203468799591064,1
0.4087270200252533,1
0.2729605734348297,1
0.34698808193206787,1
0.3552102744579315,1
0.37801608443260193,1
0.3172740638256073,1
0.3569098114967346,1
0.2827952206134796,1
0.39314642548561096,1
0.4189395010471344,1
0.3521735370159149,1
0.30310291051864624,1
0.45060694217681885,1
0.3760809898376465,1
0.4029720425605774,1
0.42459914088249207,1
0.46354931592941284,1
0.31583288311958313,1
0.32628685235977173,1
0.3408251404762268,1
0.31210747361183167,1
0.39545902609825134,1
0.42736053466796875,1
0.27213358879089355,1
0.4656648635864258,1
0.4039187431335449,1
0.4259871244430542,1
0.4154273569583893,1
0.3033822178840637,1
0.31984812021255493,1
0.37640029191970825,1
0.3206772208213806,1
0.3593265414237976,1
0.28412824869155884,1
0.3639143407344818,1
0.5545722246170044,1
0.32913896441459656,1
0.38378041982650757,1
0.5180726647377014,1
0.34306180477142334,1
0.4236394166946411,1
0.5551100969314575,1
0.40803706645965576,1
0.3986327648162842,1
0.39906010031700134,1
0.3291272521018982,1
0.3971930146217346,1
0.2829698622226715,1
0.3674190640449524,1
0.3892661929130554,1
0.31912463903427124,1
0.37618884444236755,1
0.44887155294418335,1
0.2695525884628296,1
0.44506558775901794,1
0.3270963430404663,1
0.37364333868026733,1
0.4956527352333069,1
0.2911965548992157,1
0.4270252287387848,1
0.2662171721458435,1
0.3287070691585541,1
0.3254507780075073,1
0.3663341999053955,1
0.3717341721057892,1
0.2933776378631592,1
0.35258886218070984,1
0.46605274081230164,1
0.4492511749267578,1
0.4383954405784607,1
0.2851007580757141,1
0.35177844762802124,1
0.3741514980792999,1
0.33666977286338806,1
0.47467470169067383,1
0.390814870595932,1
0.46431317925453186,1
0.38895437121391296,1
0.29434818029403687,1
0.33398592472076416,1
0.3682192862033844,1
0.40981584787368774,1
0.2891528308391571,1
0.3890254497528076,1
0.4012441635131836,1
0.22042381763458252,1
0.41762250661849976,1
0.29456424713134766,1
0.40802866220474243,1
0.39502131938934326,1
0.42455047369003296,1
0.36766135692596436,1
0.34199362993240356,1
0.3021126687526703,1
0.3685147166252136,1
0.37249863147735596,1
0.37791216373443604,1
0.31032222509384155,1
0.30237284302711487,1
0.32016506791114807,1
0.4181021749973297,1
0.39423561096191406,1
0.3172225058078766,1
0.3288167715072632,1
0.3674853444099426,1
0.40187641978263855,1
0.339255154132843,1
0.30074697732925415,1
0.4161083698272705,1
0.3722969889640808,1
0.3821128308773041,1
0.3081517815589905,1
0.31993505358695984,1
0.42475196719169617,1
0.3998470604419708,1
0.36584439873695374,1
0.3407653868198395,1
0.3550363779067993,1
0.3352356553077698,1
0.36078739166259766,1
0.5159568786621094,1
0.40291106700897217,1
0.36889612674713135,1
0.4269159436225891,1
0.4391801357269287,1
0.30091893672943115,1
0.3958626985549927,1
0.33644816279411316,1
0.33290231227874756,1
0.27292847633361816,1
0.36887016892433167,1
0.281741201877594,1
0.3213813006877899,1
0.33715879917144775,1
0.42182520031929016,1
0.2974502146244049,1
0.3809247612953186,1
0.27631768584251404,1
0.3580091595649719,1
0.3444342017173767,1
0.3494657576084137,1
0.33589667081832886,1
0.3194645941257477,1
0.38200390338897705,1
0.41028863191604614,1
0.4938468337059021,1
0.3556051254272461,1
0.4134080708026886,1
0.4900728464126587,1
0.3718106150627136,1
0.4402129054069519,1
0.36920487880706787,1
0.30347907543182373,1
0.43115976452827454,1
0.4268556833267212,1
0.3162204921245575,1
0.38714784383773804,1
0.35716772079467773,1
0.3671976923942566,1
0.40870046615600586,1
0.21419323980808258,1
0.39858126640319824,1
0.3326556086540222,1
0.3093867599964142,1
0.3128598928451538,1
0.40425336360931396,1
0.34671735763549805,1
0.3736589252948761,1
0.35583293437957764,1
0.399307519197464,1
0.4247475564479828,1
0.33491095900535583,1
0.3051455616950989,1
0.2560594975948334,1
0.23987706005573273,1
0.46421709656715393,1
0.3444698452949524,1
0.3690364956855774,1
0.372161328792572,1
0.30671021342277527,1
0.3450007438659668,1
0.3979303240776062,1
0.3251679241657257,1
0.41043925285339355,1
0.3961339592933655,1
0.37643155455589294,1
0.4253144860267639,1
0.3849402070045471,1
0.4239709973335266,1
0.27780741453170776,1
0.28208962082862854,1
0.2866027057170868,1
0.31865400075912476,1
0.4474004805088043,1
0.300065815448761,1
0.37029924988746643,1
0.38910213112831116,1
0.39131176471710205,1
0.4311501979827881,1
0.4252736568450928,1
0.3248327374458313,1
0.3089868128299713,1
0.4145680367946625,1
0.3060479462146759,1
0.347163587808609,1
0.3234030604362488,1
0.3487900495529175,1
0.4254530668258667,1
0.3419097661972046,1
0.3387244939804077,1
0.43883734941482544,1
0.234164297580719,1
0.30732154846191406,1
0.3786652982234955,1
0.38431426882743835,1
0.40161746740341187,1
0.3649412989616394,1
0.3307940363883972,1
0.41297364234924316,1
0.38085123896598816,1
0.4091191291809082,1
0.31368643045425415,1
0.4503311216831207,1
0.3225524127483368,1
0.3387620747089386,1
0.3292229473590851,1
0.29666832089424133,1
0.37660419940948486,1
0.38809192180633545,1
0.4596058130264282,1
0.41154372692108154,1
0.30966174602508545,1
0.4115155339241028,1
0.3634417653083801,1
0.40003105998039246,1
0.36621344089508057,1
0.3555666208267212,1
0.3239123523235321,1
0.32029932737350464,1
0.3173964321613312,1
0.3638530969619751,1
0.3352683186531067,1
0.504774808883667,1
0.31996798515319824,1
0.4525853395462036,1
0.37301141023635864,1
0.42999470233917236,1
0.39357975125312805,1
0.34236639738082886,1
0.3708988428115845,1
0.3544139862060547,1
0.48126792907714844,1
0.3660879135131836,1
0.38217055797576904,1
0.41312074661254883,1
0.32312172651290894,1
0.35926246643066406,1
0.3505491018295288,1
0.35276997089385986,1
0.40390896797180176,1
0.34177377820014954,1
0.4242054224014282,1
0.38251936435699463,1
0.4115006625652313,1
0.35595905780792236,1
0.4142846465110779,1
0.4040234088897705,1
0.4091241657733917,1
0.2847970128059387,1
0.4222395718097687,1
0.3342393934726715,1
0.27777451276779175,1
0.27741941809654236,1
0.36930984258651733,1
0.34466758370399475,1
0.35510092973709106,1
0.2776567339897156,1
0.3028886914253235,1
0.4013873338699341,1
0.3046743869781494,1
0.35689979791641235,1
0.3637048304080963,1
0.42759454250335693,1
0.38397976756095886,1
0.46078917384147644,1
0.4520740211009979,1
0.4333614110946655,1
0.31586703658103943,1
0.423321008682251,1
0.30022716522216797,1
0.325187623500824,1
0.32611870765686035,1
0.3897641897201538,1
0.2491147220134735,1
0.3435318171977997,1
0.3604776859283447,1
0.46200311183929443,1
0.3305187523365021,1
0.3935341238975525,1
0.34312504529953003,1
0.34820079803466797,1
0.4198168218135834,1
0.45448532700538635,1
0.45363515615463257,1
0.39028990268707275,1
0.4292078912258148,1
0.4302079677581787,1
0.27143344283103943,1
0.44761934876441956,1
0.3344114422798157,1
0.47348594665527344,1
0.4113866090774536,1
0.2901625335216522,1
0.40491175651550293,1
0.4041582942008972,1
0.3667840361595154,1
0.3498014509677887,1
0.33263421058654785,1
0.3292968273162842,1
0.38658684492111206,1
0.3911985158920288,1
0.3637451231479645,1
0.28447943925857544,1
0.3839028477668762,1
0.3670903146266937,1
0.37975573539733887,1
0.36821243166923523,1
0.345689982175827,1
0.375771164894104,1
0.4089120626449585,1
0.354094535112381,1
0.42344528436660767,1
0.26700592041015625,1
0.31825992465019226,1
0.35004428029060364,1
0.3743220567703247,1
0.26545482873916626,1
0.40676847100257874,1
0.383931964635849,1
0.36078858375549316,1
0.2908790707588196,1
0.3971775770187378,1
0.40648025274276733,1
0.3500010371208191,1
0.395563542842865,1
0.2297743558883667,1
0.41221654415130615,1
0.2932088077068329,1
0.4163387417793274,1
0.408113956451416,1
0.4136628210544586,1
0.5093692541122437,1
0.30250242352485657,1
0.35543519258499146,1
0.4188191294670105,1
0.38667425513267517,1
0.39370009303092957,1
0.3454480469226837,1
0.34684714674949646,1
0.2963683605194092,1
0.5134118795394897,1
0.401391863822937,1
0.41651591658592224,1
0.30177879333496094,1
0.5304437875747681,1
0.365169882774353,1
0.32581788301467896,1
0.30277740955352783,1
0.5087207555770874,1
0.3343925476074219,1
0.4214042127132416,1
0.3260886073112488,1
0.22917984426021576,1
0.3053552210330963,1
0.44322454929351807,1
0.3949251174926758,1
0.3302713632583618,1
0.42277735471725464,1
0.31407490372657776,1
0.3902074098587036,1
0.39716559648513794,1
0.37337422370910645,1
0.4299395978450775,1
0.4235498011112213,1
0.30906689167022705,1
0.38008883595466614,1
0.37260663509368896,1
0.3399326801300049,1
0.34753793478012085,1
0.3316933512687683,1
0.3330896198749542,1
0.35013389587402344,1
0.39464855194091797,1
0.33139336109161377,1
0.3319730758666992,1
0.35731104016304016,1
0.40509557723999023,1
0.3950561285018921,1
0.31939199566841125,1
0.2643451690673828,1
0.35589608550071716,1
0.32767006754875183,1
0.3840606212615967,1
0.4178723990917206,1
0.3671368360519409,1
0.3084471523761749,1
0.35098814964294434,1
0.3799072504043579,1
0.31787991523742676,1
0.31835657358169556,1
0.17758497595787048,1
0.3155805468559265,1
0.33981746435165405,1
0.37053754925727844,1
0.3655549883842468,1
0.3662727177143097,1
0.34699520468711853,1
0.4519360065460205,1
0.30475181341171265,1
0.36202272772789,1
0.28629904985427856,1
0.27032020688056946,1
0.4024178683757782,1
0.3456249237060547,1
0.4127323627471924,1
0.23223474621772766,1
0.3742690980434418,1
0.2946487069129944,1
0.45280665159225464,1
0.26797088980674744,1
0.3053695559501648,1
0.4852748513221741,1
0.43135425448417664,1
0.40904268622398376,1
0.3132510185241699,1
0.3539714217185974,1
0.40784919261932373,1
0.3117571771144867,1
0.39677897095680237,1
0.43919360637664795,1
0.32128357887268066,1
0.3835954964160919,1
0.41243359446525574,1
0.4511483907699585,1
0.4762105941772461,1
0.28369325399398804,1
0.41851603984832764,1
0.3804568648338318,1
0.3356708586215973,1
0.2667572498321533,1
0.3297910690307617,1
0.3912906050682068,1
0.3361063003540039,1
0.18682348728179932,1
0.3281593322753906,1
0.356273889541626,1
0.29444757103919983,1
0.36579564213752747,1
0.34857892990112305,1
0.23199284076690674,1
0.5275236368179321,1
0.2858731150627136,1
0.3690757751464844,1
0.3973813056945801,1
0.3411215841770172,1
0.4131420850753784,1
0.39963290095329285,1
0.39224356412887573,1
0.35081666707992554,1
0.3690810203552246,1
0.393035352230072,1
0.28491610288619995,1
0.3439130187034607,1
0.4340965151786804,1
0.34611964225769043,1
0.26799720525741577,1
0.3570198118686676,1
0.4231427311897278,1
0.4007332921028137,1
0.31277498602867126,1
0.29817265272140503,1
0.34815990924835205,1
0.3605738878250122,1
0.4159800410270691,1
0.34796175360679626,1
0.24813655018806458,1
0.42176011204719543,1
0.2783929705619812,1
0.2844202518463135,1
0.4273914396762848,1
0.30569517612457275,1
0.3177149295806885,1
0.5539758801460266,1
0.2902129292488098,1
0.34395796060562134,1
0.35650163888931274,1
0.3228074908256531,1
0.4409530758857727,1
0.29861101508140564,1
0.34639596939086914,1
0.3650771975517273,1
0.4444199800491333,1
0.34232771396636963,1
0.3660573959350586,1
0.23769184947013855,1
0.2910277843475342,1
0.3315331041812897,1
0.26793989539146423,1
0.3901957869529724,1
0.2813645601272583,1
0.38577985763549805,1
0.29248103499412537,1
0.3576993942260742,1
0.4653448164463043,1
0.34860455989837646,1
0.21893450617790222,1
0.38211551308631897,1
0.2898853123188019,1
0.4307088255882263,1
0.28446054458618164,1
0.4587427079677582,1
0.2815367877483368,1
0.3477638065814972,1
0.30680057406425476,1
0.4318937063217163,1
0.40934374928474426,1
0.3975110650062561,1
0.29994267225265503,1
0.26165759563446045,1
0.30822882056236267,1
0.28738933801651,1
0.40171125531196594,1
0.32782799005508423,1
0.3412395715713501,1
0.4463769495487213,1
0.37212327122688293,1
0.29892104864120483,1
0.3472258448600769,1
0.27513766288757324,1
0.2805119454860687,1
0.41612306237220764,1
0.3341745436191559,1
0.36835333704948425,1
0.3929494619369507,1
0.3427537977695465,1
0.2997443675994873,1
0.3271585702896118,1
0.34448739886283875,1
0.26034101843833923,1
0.2973010540008545,1
0.4739343523979187,1
0.2728254199028015,1
0.502481997013092,1
0.3494483232498169,1
0.28594571352005005,1
0.39166125655174255,1
0.25447484850883484,1
0.30193138122558594,1
0.4346441328525543,1
0.3054639995098114,1
0.3942916691303253,1
0.3175956606864929,1
0.33676671981811523,1
0.29435697197914124,1
0.2897181510925293,1
0.3348996639251709,1
0.3554486334323883,1
0.4232030510902405,1
0.3106417655944824,1
0.3251156210899353,1
0.27805525064468384,1
0.3381691873073578,1
0.3564206063747406,1
0.37951743602752686,1
0.33464524149894714,1
0.316488653421402,1
0.3377576768398285,1
0.3480784296989441,1
0.5154792070388794,1
0.35259443521499634,1
0.4351215660572052,1
0.3362032175064087,1
0.47183701395988464,1
0.47148749232292175,1
0.32656845450401306,1
0.373359352350235,1
0.3643326461315155,1
0.33453428745269775,1
0.4549727141857147,1
0.39270853996276855,1
0.3273882567882538,1
0.3561851978302002,1
0.26304951310157776,1
0.34644681215286255,1
0.3835145831108093,1
0.2873891294002533,1
0.4328644871711731,1
0.3868385851383209,1
0.29409414529800415,1
0.41207942366600037,1
0.48478952050209045,1
0.4282873272895813,1
0.3522135615348816,1
0.4028837978839874,1
0.24722671508789063,1
0.2832414209842682,1
0.37088143825531006,1
0.42273664474487305,1
0.36603155732154846,1
0.3511604070663452,1
0.40720805525779724,1
0.35138121247291565,1
0.30067986249923706,1
0.4129929542541504,1
0.30128034949302673,1
0.37653839588165283,1
0.35981330275535583,1
0.40409740805625916,1
0.45149874687194824,1
0.36748558282852173,1
0.4727360010147095,1
0.27198654413223267,1
0.5254483819007874,1
0.38426512479782104,1
0.33801141381263733,1
0.3255203366279602,1
0.41855430603027344,1
0.38227251172065735,1
0.39972347021102905,1
0.41289275884628296,1
0.2217419445514679,1
0.3338639736175537,1
0.3004498779773712,1
0.3029210865497589,1
0.41193825006484985,1
0.3310650587081909,1
0.3989919424057007,1
0.5012354850769043,1
0.4319759011268616,1
0.4712021052837372,1
0.3006860613822937,1
0.25965431332588196,1
0.3296709656715393,1
0.44774478673934937,1
0.37638503313064575,1
0.3792273998260498,1
0.41371482610702515,1
0.41502732038497925,1
0.2639543414115906,1
0.26348233222961426,1
0.4152633547782898,1
0.39929819107055664,1
0.3335855007171631,1
0.2784128487110138,1
0.3823068141937256,1
0.321699321269989,1
0.3247230648994446,1
0.4928094744682312,1
0.4647535979747772,1
0.3359067440032959,1
0.2347305715084076,1
0.38631153106689453,1
0.4844038486480713,1
0.3918877840042114,1
0.40826481580734253,1
0.33870431780815125,1
0.3270114064216614,1
0.3711825907230377,1
0.30011850595474243,1
0.46364033222198486,1
0.4154953062534332,1
0.39871281385421753,1
0.3015851378440857,1
0.3655334711074829,1
0.332491397857666,1
0.3732283413410187,1
0.5086616277694702,1
0.32552364468574524,1
0.2876211404800415,1
0.3118879199028015,1
0.2993529438972473,1
0.37319216132164,1
0.3305424749851227,1
0.39384764432907104,1
0.30666500329971313,1
0.3891740143299103,1
0.3950401246547699,1
0.38513869047164917,1
0.5047643184661865,1
0.3796992897987366,1
0.3420451283454895,1
0.34993648529052734,1
0.3119615316390991,1
0.3252893090248108,1
0.3165912330150604,1
0.39730533957481384,1
0.35598766803741455,1
0.3317839801311493,1
0.3339529037475586,1
0.45383214950561523,1
0.3523012101650238,1
0.23471595346927643,1
0.2365875393152237,1
0.4517871141433716,1
0.2935975193977356,1
0.3292127549648285,1
0.27661484479904175,1
0.2804689109325409,1
0.32950282096862793,1
0.3587440848350525,1
0.2971232533454895,1
0.40250977873802185,1
0.3629608452320099,1
0.3648485839366913,1
0.4268007278442383,1
0.36898794770240784,1
0.2774371802806854,1
0.4527674913406372,1
0.3929882347583771,1
0.32630887627601624,1
0.40660566091537476,1
0.26780083775520325,1
0.25417572259902954,1
0.3452873229980469,1
0.29581665992736816,1
0.2908562421798706,1
0.33212801814079285,1
0.3109103739261627,1
0.4505773186683655,1
0.3367152214050293,1
0.3869342803955078,1
0.3235597312450409,1
0.4219945967197418,1
0.3595407009124756,1
0.3510352373123169,1
0.4167395234107971,1
0.3344619870185852,1
0.29271557927131653,1
0.28227555751800537,1
0.28339168429374695,1
0.3017970621585846,1
0.30953848361968994,1
0.2786515951156616,1
0.39846694469451904,1
0.40103816986083984,1
0.36221280694007874,1
0.4186161160469055,1
0.30468499660491943,1
0.32582300901412964,1
0.4957108497619629,1
0.24703678488731384,1
0.3591398596763611,1
0.3423871397972107,1
0.32107260823249817,1
0.4944588541984558,1
0.41974112391471863,1
0.34444350004196167,1
0.24031585454940796,1
0.32595115900039673,1
0.32806190848350525,1
0.35981371998786926,1
0.3824269771575928,1
0.30780085921287537,1
0.4367954134941101,1
0.29669299721717834,1
0.4450060725212097,1
0.35916295647621155,1
0.3827461898326874,1
0.4074714779853821,1
0.39887309074401855,1
0.3915143609046936,1
0.3688744008541107,1
0.4011175334453583,1
0.3695327937602997,1
0.4490461051464081,1
0.3748888671398163,1
0.38405829668045044,1
0.39357322454452515,1
0.34583383798599243,1
0.3463457226753235,1
0.3924461007118225,1
0.35195350646972656,1
0.3322519063949585,1
0.36247727274894714,1
0.41840001940727234,1
0.4733107388019562,1
0.3582494258880615,1
0.30388322472572327,1
0.35146626830101013,1
0.38900870084762573,1
0.30744510889053345,1
0.37789300084114075,1
0.35618704557418823,1
0.45242154598236084,1
0.3956334590911865,1
0.3251774311065674,1
0.3636797368526459,1
0.2336616814136505,1
0.3825724422931671,1
0.2993038296699524,1
0.40749815106391907,1
0.4057064950466156,1
0.28929704427719116,1
0.22798611223697662,1
0.43049436807632446,1
0.3119615912437439,1
0.36219877004623413,1
0.2814231514930725,1
0.28195661306381226,1
0.2949376404285431,1
0.26411569118499756,1
0.2686152458190918,1
0.49377578496932983,1
0.4071543216705322,1
0.3224935233592987,1
0.40283405780792236,1
0.39788493514060974,1
0.46843141317367554,1
0.36767512559890747,1
0.4022209942340851,1
0.37473127245903015,1
0.2662704586982727,1
0.34974563121795654,1
0.3448364734649658,1
0.4356839060783386,1
0.2783041298389435,1
0.3563864827156067,1
0.34061357378959656,1
0.40624842047691345,1
0.29630374908447266,1
0.3099835515022278,1
0.3847576975822449,1
0.29474616050720215,1
0.43449586629867554,1
0.3288852572441101,1
0.38944554328918457,1
0.3716563880443573,1
0.28321099281311035,1
0.26702025532722473,1
0.3586548864841461,1
0.3068888187408447,1
0.3784254491329193,1
0.3145875632762909,1
0.34058645367622375,1
0.31990963220596313,1
0.37353670597076416,1
0.3952358365058899,1
0.3230932950973511,1
0.23315463960170746,1
0.3434867262840271,1
0.3781697750091553,1
0.2973475754261017,1
0.36682769656181335,1
0.3686872124671936,1
0.4070972204208374,1
0.29412829875946045,1
0.3143860101699829,1
0.22240301966667175,1
0.3852161467075348,1
0.37216147780418396,1
0.3017936944961548,1
0.3749264180660248,1
0.31494712829589844,1
0.35819774866104126,1
0.2995828688144684,1
0.38606715202331543,1
0.3170769214630127,1
0.3143153488636017,1
0.5415024161338806,1
0.30577975511550903,1
0.32885614037513733,1
0.2726590931415558,1
0.3089766204357147,1
0.3559412956237793,1
0.3681849241256714,1
0.42022866010665894,1
0.3200404644012451,1
0.22712278366088867,1
0.33454596996307373,1
0.36058342456817627,1
0.2780309319496155,1
0.27127838134765625,1
0.38780665397644043,1
0.36379897594451904,1
0.462054967880249,1
0.33741211891174316,1
0.3024490475654602,1
0.4801936745643616,1
0.31032294034957886,1
0.291402131319046,1
0.3000885546207428,1
0.24186059832572937,1
0.42452192306518555,1
0.2803276777267456,1
0.43330633640289307,1
0.39495936036109924,1
0.4221608340740204,1
0.3469363749027252,1
0.3647472858428955,1
0.42718014121055603,1
0.46989351511001587,1
0.42374756932258606,1
0.37474504113197327,1
0.27261772751808167,1
0.47382503747940063,1
0.2958284318447113,1
0.34670454263687134,1
0.25440192222595215,1
0.40721940994262695,1
0.3205452859401703,1
0.3290466070175171,1
0.33617937564849854,1
0.4293777644634247,1
0.332813024520874,1
0.46432530879974365,1
0.3287433087825775,1
0.2668501138687134,1
0.36117255687713623,1
0.34876853227615356,1
0.40176135301589966,1
0.43905341625213623,1
0.33903107047080994,1
0.4085637331008911,1
0.3393401503562927,1
0.3012687563896179,1
0.29418474435806274,1
0.33700311183929443,1
0.2620822489261627,1
0.2769452929496765,1
0.3470819294452667,1
0.3323618769645691,1
0.2576858401298523,1
0.3647858500480652,1
0.4685470759868622,1
0.37440067529678345,1
0.4091487526893616,1
0.4058344066143036,1
0.3561391234397888,1
0.36431780457496643,1
0.3334553837776184,1
0.3277094066143036,1
0.35884758830070496,1
0.38706493377685547,1
0.4301547706127167,1
0.34636974334716797,1
0.32232213020324707,1
0.25401759147644043,1
0.34175795316696167,1
0.363983690738678,1
0.3035411238670349,1
0.24425676465034485,1
0.44278067350387573,1
0.38408568501472473,1
0.4228413701057434,1
0.2354520857334137,1
0.24777983129024506,1
0.35086703300476074,1
0.3102589547634125,1
0.4113612174987793,1
0.41007664799690247,1
0.32254558801651,1
0.38357722759246826,1
0.5224117040634155,1
0.35947105288505554,1
0.3556598424911499,1
0.40234583616256714,1
0.4443676769733429,1
0.293903112411499,1
0.41770902276039124,1
0.34838753938674927,1
0.38467249274253845,1
0.42544353008270264,1
0.4282706677913666,1
0.33333516120910645,1
0.32646796107292175,1
0.38799601793289185,1
0.372317373752594,1
0.4148087799549103,1
0.29383355379104614,1
0.35252463817596436,1
0.42872172594070435,1
0.3388725221157074,1
0.2601361870765686,1
0.2978788912296295,1
0.3074434995651245,1
0.3874180018901825,1
0.34202271699905396,1
0.3512524962425232,1
0.27273616194725037,1
0.3477433919906616,1
0.4188039302825928,1
0.382174015045166,1
0.5291392803192139,1
0.34219861030578613,1
0.33531737327575684,1
0.33125364780426025,1
0.4184631407260895,1
0.35145431756973267,1
0.36653029918670654,1
0.2921057343482971,1
0.38019877672195435,1
0.31823408603668213,1
0.41198062896728516,1
0.3013426959514618,1
0.36648911237716675,1
0.360356867313385,1
0.33213382959365845,1
0.3802506923675537,1
0.3381115198135376,1
0.2564750909805298,1
0.3695789873600006,1
0.3929433822631836,1
0.39001691341400146,1
0.3993437588214874,1
0.3425084352493286,1
0.37551796436309814,1
0.4703051745891571,1
0.32662254571914673,1
0.3192431330680847,1
0.3059825897216797,1
0.27897363901138306,1
0.33560293912887573,1
0.25080928206443787,1
0.4123629927635193,1
0.4266446828842163,1
0.3554973304271698,1
0.37204036116600037,1
0.35968732833862305,1
0.26320263743400574,1
0.32542964816093445,1
0.34293878078460693,1
0.33855944871902466,1
0.32580995559692383,1
0.4341755509376526,1
0.41056787967681885,1
0.3707026243209839,1
0.3133532702922821,1
0.21014082431793213,1
0.40543293952941895,1
0.38533779978752136,1
0.48532575368881226,1
0.3040021061897278,1
0.3184714913368225,1
0.3269938826560974,1
0.34505289793014526,1
0.40949350595474243,1
0.3516249358654022,1
0.5085126757621765,1
0.37410983443260193,1
0.36089950799942017,1
0.26232028007507324,1
0.38432323932647705,1
0.28236061334609985,1
0.3497174084186554,1
0.2995133697986603,1
0.2711688280105591,1
0.40416091680526733,1
0.4608156085014343,1
0.24638842046260834,1
0.36877161264419556,1
0.27415376901626587,1
0.3337998390197754,1
0.423977792263031,1
0.27239251136779785,1
0.24119621515274048,1
0.335086464881897,1
0.433646023273468,1
0.3451773524284363,1
0.44776424765586853,1
0.25830957293510437,1
0.3022107779979706,1
0.352196604013443,1
0.45417773723602295,1
0.3393559753894806,1
0.31816285848617554,1
0.3916727304458618,1
0.38583287596702576,1
0.3572259247303009,1
0.32143163681030273,1
0.34866857528686523,1
0.36972564458847046,1
0.4451030194759369,1
0.3487229645252228,1
0.3491477370262146,1
0.45339927077293396,1
0.3880346417427063,1
0.44519102573394775,1
0.3603546619415283,1
0.48597899079322815,1
0.3478148579597473,1
0.31473028659820557,1
0.31148889660835266,1
0.2722594439983368,1
0.4320608079433441,1
0.29187485575675964,1
0.4671957492828369,1
0.37530043721199036,1
0.4440097212791443,1
0.39084646105766296,1
0.2694118618965149,1
0.2698512375354767,1
0.28725743293762207,1
0.35908254981040955,1
0.43873488903045654,1
0.36013510823249817,1
0.26976051926612854,1
0.34573838114738464,1
0.24871259927749634,1
0.22050876915454865,1
0.4066634774208069,1
0.35450446605682373,1
0.35951927304267883,1
0.4434944987297058,1
0.38530755043029785,1
0.3792828321456909,1
0.3691806197166443,1
0.5865390300750732,1
0.44065535068511963,1
0.3390239477157593,1
0.356926292181015,1
0.3191277086734772,1
0.36375659704208374,1
0.31638234853744507,1
0.24297687411308289,1
0.36030226945877075,1
0.47515612840652466,1
0.41955262422561646,1
0.3766472339630127,1
0.2763424217700958,1
0.3956829905509949,1
0.35890108346939087,1
0.39127790927886963,1
0.35296887159347534,1
0.3779884874820709,1
0.39674112200737,1
0.42701658606529236,1
0.31847861409187317,1
0.37500882148742676,1
0.3826232850551605,1
0.3567865490913391,1
0.20929281413555145,1
0.3684501051902771,1
0.304507315158844,1
0.5500079393386841,1
0.44036000967025757,1
0.3818231225013733,1
0.3650297522544861,1
0.3951217830181122,1
0.35382962226867676,1
0.3508937954902649,1
0.36359483003616333,1
0.32703688740730286,1
0.271415650844574,1
0.4305362105369568,1
0.32548069953918457,1
0.3281434178352356,1
0.4569094181060791,1
0.30548596382141113,1
0.4179654121398926,1
0.3501478135585785,1
0.31871095299720764,1
0.41723716259002686,1
0.4253501892089844,1
0.3734077215194702,1
0.3878650963306427,1
0.3264022469520569,1
0.3160460889339447,1
0.39911675453186035,1
0.3240405321121216,1
0.4361463785171509,1
0.2337014228105545,1
0.38945358991622925,1
0.3365291953086853,1
0.3122425079345703,1
0.4249350130558014,1
0.30852222442626953,1
0.4888073205947876,1
0.3197062611579895,1
0.37651345133781433,1
0.29639360308647156,1
0.3686451315879822,1
0.3677745461463928,1
0.38166454434394836,1
0.3360671103000641,1
0.26632943749427795,1
0.39876270294189453,1
0.44645553827285767,1
0.3184526562690735,1
0.37679323554039,1
0.2866534888744354,1
0.36705851554870605,1
0.3142135441303253,1
0.2850809097290039,1
0.36655548214912415,1
0.4404766261577606,1
0.3815203607082367,1
0.292513370513916,1
0.2889343500137329,1
0.33190879225730896,1
0.43829360604286194,1
0.2946169078350067,1
0.3603670597076416,1
0.3108617067337036,1
0.4163637161254883,1
0.34300243854522705,1
0.3104626536369324,1
0.36038458347320557,1
0.3516589105129242,1
0.37503165006637573,1
0.3828479051589966,1
0.3532676100730896,1
0.37057143449783325,1
0.48029136657714844,1
0.38690030574798584,1
0.36001619696617126,1
0.3991476595401764,1
0.4323473572731018,1
0.3641017973423004,1
0.33360692858695984,1
0.21453171968460083,1
0.3143428564071655,1
0.45107826590538025,1
0.3709161579608917,1
0.33788084983825684,1
0.4455973505973816,1
0.4900032877922058,1
0.33266663551330566,1
0.4512626528739929,1
0.3697817921638489,1
0.4236087501049042,1
0.3479689061641693,1
0.33626118302345276,1
0.4028220474720001,1
0.39661431312561035,1
0.33724626898765564,1
0.2530437111854553,1
0.30943238735198975,1
0.4805459678173065,1
0.4192250967025757,1
0.36462387442588806,1
0.3470769226551056,1
0.35228511691093445,1
0.38248488306999207,1
0.3181345760822296,1
0.29945290088653564,1
0.36736711859703064,1
0.26362478733062744,1
0.4092719852924347,1
0.34198522567749023,1
0.5197104215621948,1
0.4294499456882477,1
0.31384849548339844,1
0.5441499948501587,1
0.23949991166591644,1
0.35977140069007874,1
0.4196001887321472,1
0.3477678596973419,1
0.4266647696495056,1
0.38980934023857117,1
0.3261117935180664,1
0.3184686005115509,1
0.46892455220222473,1
0.3682672381401062,1
0.2945724129676819,1
0.4665582776069641,1
0.27297157049179077,1
0.35355404019355774,1
0.4097214341163635,1
0.4012686014175415,1
0.3288145065307617,1
0.37649184465408325,1
0.3281385898590088,1
0.36367496848106384,1
0.44721776247024536,1
0.3815801739692688,1
0.3807744085788727,1
0.32588276267051697,1
0.4348119795322418,1
0.4019951820373535,1
0.3627806305885315,1
0.41010621190071106,1
0.40244024991989136,1
0.3828302323818207,1
0.31997111439704895,1
0.28075313568115234,1
0.40809574723243713,1
0.5059534907341003,1
0.2845994234085083,1
0.4166085422039032,1
0.30555248260498047,1
0.4850369095802307,1
0.44728028774261475,1
0.3521890640258789,1
0.33965036273002625,1
0.3029622733592987,1
0.3355122208595276,1
0.3249741792678833,1
0.42602625489234924,1
0.36305898427963257,1
0.4140080213546753,1
0.40754392743110657,1
0.2572425901889801,1
0.4186980426311493,1
0.30521160364151,1
0.31277722120285034,1
0.3276859521865845,1
0.4080679416656494,1
0.3590269088745117,1
0.39204859733581543,1
0.44557619094848633,1
0.38177281618118286,1
0.32522010803222656,1
0.30936044454574585,1
0.4310789108276367,1
0.41398265957832336,1
0.42411354184150696,1
0.3492262661457062,1
0.23774313926696777,1
0.33173471689224243,1
0.2914910316467285,1
0.28925156593322754,1
0.38134098052978516,1
0.38613593578338623,1
0.3251206874847412,1
0.4245575964450836,1
0.31759941577911377,1
0.26588717103004456,1
0.38381311297416687,1
0.285438597202301,1
0.45287013053894043,1
0.4534035325050354,1
0.29779648780822754,1
0.42083320021629333,1
0.3592604398727417,1
0.3665403127670288,1
0.37353986501693726,1
0.43526437878608704,1
0.3625800311565399,1
0.3817508816719055,1
0.3262963593006134,1
0.2923904061317444,1
0.3958563804626465,1
0.3722752332687378,1
0.3191830813884735,1
0.441230833530426,1
0.2532820701599121,1
0.4098467528820038,1
0.40452224016189575,1
0.3361402451992035,1
0.33843839168548584,1
0.3921276330947876,1
0.44219085574150085,1
0.41723334789276123,1
0.3070957362651825,1
0.40200674533843994,1
0.45123547315597534,1
0.28727254271507263,1
0.3152163624763489,1
0.38833269476890564,1
0.4276110827922821,1
0.33599579334259033,1
0.38809844851493835,1
0.23260167241096497,1
0.3303530216217041,1
0.36829039454460144,1
0.3566916584968567,1
0.30598777532577515,1
0.35247236490249634,1
0.34942594170570374,1
0.4880569577217102,1
0.2595837712287903,1
0.25072744488716125,1
0.30169591307640076,1
0.38985469937324524,1
0.2715587317943573,1
0.3310888707637787,1
0.3950071632862091,1
0.3037041127681732,1
0.2979642152786255,1
0.3067147135734558,1
0.34978926181793213,1
0.39805707335472107,1
0.3183513283729553,1
0.4070822596549988,1
0.30024033784866333,1
0.34619835019111633,1
0.31646695733070374,1
0.3623155355453491,1
0.33552807569503784,1
0.38382482528686523,1
0.3516753315925598,1
0.31776702404022217,1
0.33597853779792786,1
0.3089168071746826,1
0.3727909028530121,1
0.45506685972213745,1
0.31801629066467285,1
0.41047537326812744,1
0.33450156450271606,1
0.17716386914253235,1
0.45213988423347473,1
0.2826761305332184,1
0.353657066822052,1
0.32090672850608826,1
0.43172121047973633,1
0.3443262279033661,1
0.2631574273109436,1
0.43134304881095886,1
0.33400702476501465,1
0.3843465745449066,1
0.4407024383544922,1
0.31078070402145386,1
0.4590449333190918,1
0.36798083782196045,1
0.25343087315559387,1
0.3441547751426697,1
0.30976757407188416,1
0.44933563470840454,1
0.35603636503219604,1
0.32942187786102295,1
0.459672749042511,1
0.43072935938835144,1
0.4381844699382782,1
0.41080835461616516,1
0.34918057918548584,1
0.3968268930912018,1
0.41363823413848877,1
0.39917445182800293,1
0.3415077328681946,1
0.3188450038433075,1
0.363170862197876,1
0.31150150299072266,1
0.2374269962310791,1
0.37074244022369385,1
0.3629681169986725,1
0.34375476837158203,1
0.25889313220977783,1
0.38943397998809814,1
0.4349505305290222,1
0.2873753309249878,1
0.3281060457229614,1
0.3598593473434448,1
0.38731688261032104,1
0.35076904296875,1
0.3522472381591797,1
0.4100668132305145,1
0.35465821623802185,1
0.35658425092697144,1
0.38116973638534546,1
0.3487718403339386,1
0.2929513156414032,1
0.4600297212600708,1
0.35669592022895813,1
0.40403231978416443,1
0.2702292501926422,1
0.2872779369354248,1
0.3993561267852783,1
0.491597056388855,1
0.34103846549987793,1
0.34079909324645996,1
0.3703939616680145,1
0.327509343624115,1
0.3026847243309021,1
0.36471110582351685,1
0.23845675587654114,1
0.32468393445014954,1
0.42831799387931824,1
0.2953155040740967,1
0.32437771558761597,1
0.37387165427207947,1
0.44671615958213806,1
0.2667851746082306,1
0.3182483911514282,1
0.3839606046676636,1
0.3131294846534729,1
0.3837299644947052,1
0.3632015287876129,1
0.3760813772678375,1
0.36068233847618103,1
0.32217422127723694,1
0.3496287763118744,1
0.4615231454372406,1
0.4753603935241699,1
0.3130989670753479,1
0.4210684597492218,1
0.4025948941707611,1
0.4853430986404419,1
0.3052634596824646,1
0.2993488609790802,1
0.45971977710723877,1
0.3654349148273468,1
0.3406575918197632,1
0.42640355229377747,1
0.2954689860343933,1
0.3022051155567169,1
0.2995264232158661,1
0.2956685423851013,1
0.34559640288352966,1
0.344188392162323,1
0.3912777304649353,1
0.3345180153846741,1
0.30084362626075745,1
0.27601394057273865,1
0.40215933322906494,1
0.35683226585388184,1
0.28324249386787415,1
0.44056615233421326,1
0.3102859556674957,1
0.4421396851539612,1
0.29233306646347046,1
0.4007127583026886,1
0.4214826226234436,1
0.3485950231552124,1
0.4199863076210022,1
0.33732759952545166,1
0.2818959951400757,1
0.3082284927368164,1
0.3511655628681183,1
0.42177891731262207,1
0.29565081000328064,1
0.338023841381073,1
0.38285666704177856,1
0.2848343253135681,1
0.24620749056339264,1
0.4150654375553131,1
0.23192726075649261,1
0.29851263761520386,1
0.43060553073883057,1
0.4315813183784485,1
0.3449082672595978,1
0.27050653100013733,1
0.3355599045753479,1
0.4065939486026764,1
0.37307751178741455,1
0.49791640043258667,1
0.3497704267501831,1
0.2788318693637848,1
0.3410201668739319,1
0.2676171660423279,1
0.5045697093009949,1
0.29389652609825134,1
0.3395082950592041,1
0.42824113368988037,1
0.4019387364387512,1
0.2754902243614197,1
0.38930684328079224,1
0.48055022954940796,1
0.3120172917842865,1
0.4110397696495056,1
0.38438212871551514,1
0.28513771295547485,1
0.3140626549720764,1
0.33904096484184265,1
0.30508124828338623,1
0.43537822365760803,1
0.3201707601547241,1
0.28720954060554504,1
0.4168054163455963,1
0.3728466033935547,1
0.22087782621383667,1
0.3685096800327301,1
0.32309818267822266,1
0.37984156608581543,1
0.36309489607810974,1
0.3086347281932831,1
0.4266008138656616,1
0.31400924921035767,1
0.4158443212509155,1
0.5102054476737976,1
0.26336175203323364,1
0.30447518825531006,1
0.47142255306243896,1
0.3814588785171509,1
0.3114931285381317,1
0.343136727809906,1
0.4829294979572296,1
0.41826480627059937,1
0.3071744441986084,1
0.2554203271865845,1
0.38093745708465576,1
0.30326196551322937,1
0.31915712356567383,1
0.4131929874420166,1
0.38439545035362244,1
0.2699558734893799,1
0.3571617603302002,1
0.3924541175365448,1
0.423420786857605,1
0.4572609066963196,1
0.3793164789676666,1
0.2854779362678528,1
0.47471994161605835,1
0.381373792886734,1
0.33221435546875,1
0.3634589612483978,1
0.4487791061401367,1
0.47000181674957275,1
0.3267708420753479,1
0.5486634969711304,1
0.3274844288825989,1
0.3298812508583069,1
0.4376232326030731,1
0.24116569757461548,1
0.35030123591423035,1
0.3800620436668396,1
0.3403548300266266,1
0.3974665701389313,1
0.5134747624397278,1
0.3491086959838867,1
0.31446540355682373,1
0.35826197266578674,1
0.355713814496994,1
0.27986854314804077,1
0.3588806986808777,1
0.3571743965148926,1
0.34167975187301636,1
0.3110466003417969,1
0.3418053388595581,1
0.32811588048934937,1
0.3006777763366699,1
0.3716316819190979,1
0.2818200886249542,1
0.37076714634895325,1
0.48288673162460327,1
0.33514726161956787,1
0.3961677551269531,1
0.4071751832962036,1
0.3422788679599762,1
0.3202989101409912,1
0.39734309911727905,1
0.3652089238166809,1
0.40758228302001953,1
0.29762277007102966,1
0.3644166886806488,1
0.39279383420944214,1
0.4507477283477783,1
0.3545317053794861,1
0.3094468116760254,1
0.43401414155960083,1
0.37841805815696716,1
0.21175041794776917,1
0.2774847745895386,1
0.45804935693740845,1
0.3214056193828583,1
0.2797268033027649,1
0.37901878356933594,1
0.3361562490463257,1
0.36802124977111816,1
0.3612033426761627,1
0.39568233489990234,1
0.3439544439315796,1
0.2717307507991791,1
0.4311321973800659,1
0.27315711975097656,1
0.3913477063179016,1
0.31206855177879333,1
0.33596542477607727,1
0.39060086011886597,1
0.2917792499065399,1
0.3365470767021179,1
0.5086638927459717,1
0.392099529504776,1
0.3573971688747406,1
0.37398648262023926,1
0.3442858159542084,1
0.3586950898170471,1
0.28892332315444946,1
0.2938253879547119,1
0.3804709315299988,1
0.3615171015262604,1
0.2697865664958954,1
0.3312681317329407,1
0.4508322477340698,1
0.4460985064506531,1
0.3373236656188965,1
0.2973589599132538,1
0.26046913862228394,1
0.4185028076171875,1
0.31543079018592834,1
0.3431548774242401,1
0.372592955827713,1
0.2838737368583679,1
0.3048672676086426,1
0.3251729905605316,1
0.3085334300994873,1
0.43731993436813354,1
0.39373111724853516,1
0.3277033567428589,1
0.2932431101799011,1
0.31783440709114075,1
0.3969374895095825,1
0.29012393951416016,1
0.3249434232711792,1
0.37469086050987244,1
0.29291242361068726,1
0.38105446100234985,1
0.3688336908817291,1
0.42330795526504517,1
0.3227810263633728,1
0.36873430013656616,1
0.34501123428344727,1
0.41214895248413086,1
0.36181318759918213,1
0.29919904470443726,1
0.30837172269821167,1
0.3318578004837036,1
0.38694334030151367,1
0.4476791322231293,1
0.43256884813308716,1
0.3354955315589905,1
0.48245641589164734,1
0.3091166317462921,1
0.4147108197212219,1
0.33555614948272705,1
0.39234381914138794,1
0.28285980224609375,1
0.4009118676185608,1
0.36141932010650635,1
0.2944788932800293,1
0.32448410987854004,1
0.40884482860565186,1
0.4116506278514862,1
0.4050145745277405,1
0.4812358021736145,1
0.3442591428756714,1
0.38973796367645264,1
0.36922693252563477,1
0.26698118448257446,1
0.37517955899238586,1
0.4613933563232422,1
0.3181265592575073,1
0.33720630407333374,1
0.3462654948234558,1
0.3281397521495819,1
0.2445119172334671,1
0.4163934290409088,1
0.3950841426849365,1
0.38153740763664246,1
0.2777825593948364,1
0.31795597076416016,1
0.3899335265159607,1
0.42627280950546265,1
0.4592049717903137,1
0.3047468960285187,1
0.292371928691864,1
0.2855086922645569,1
0.3525242805480957,1
0.391379714012146,1
0.3033813536167145,1
0.4461659789085388,1
0.4254319667816162,1
0.3254666030406952,1
0.38563403487205505,1
0.3768758177757263,1
0.304663747549057,1
0.37321001291275024,1
0.3205397129058838,1
0.394194632768631,1
0.3776964545249939,1
0.3478413224220276,1
0.23135730624198914,1
0.27722400426864624,1
0.36408138275146484,1
0.4565731883049011,1
0.3497495651245117,1
0.47459638118743896,1
0.22850529849529266,1
0.33216309547424316,1
0.3817730247974396,1
0.2791631817817688,1
0.3746698498725891,1
0.3582366406917572,1
0.30698877573013306,1
0.4081401526927948,1
0.3056705892086029,1
0.2625265419483185,1
0.3423910140991211,1
0.32459521293640137,1
0.4570087194442749,1
0.3164435029029846,1
0.5030001401901245,1
0.3736954927444458,1
0.35079601407051086,1
0.4666255712509155,1
0.3339352309703827,1
0.39980870485305786,1
0.45804309844970703,1
0.3337068259716034,1
0.31657516956329346,1
0.3159087300300598,1
0.3104643225669861,1
0.37006112933158875,1
0.4030589461326599,1
0.382064551115036,1
0.41190892457962036,1
0.44611185789108276,1
0.3960803151130676,1
0.31620216369628906,1
0.4190613925457001,1
0.30695945024490356,1
0.3742501437664032,1
0.4465855062007904,1
0.4112871289253235,1
0.36323392391204834,1
0.33725279569625854,1
0.5580568909645081,1
0.35407695174217224,1
0.2891172170639038,1
0.37657397985458374,1
0.32239919900894165,1
0.5493406057357788,1
0.39982882142066956,1
0.36665186285972595,1
0.30309170484542847,1
0.37008967995643616,1
0.3804677724838257,1
0.3769896626472473,1
0.35729077458381653,1
0.348385214805603,1
0.4251541495323181,1
0.3529527187347412,1
0.38064348697662354,1
0.3104481101036072,1
0.36911314725875854,1
0.285776823759079,1
0.4131374657154083,1
0.26147544384002686,1
0.3461042642593384,1
0.39034056663513184,1
0.28642430901527405,1
0.28919681906700134,1
0.36329954862594604,1
0.4193105697631836,1
0.3547247648239136,1
0.3329012393951416,1
0.3154255151748657,1
0.5054551959037781,1
0.2995215356349945,1
0.36719274520874023,1
0.35678595304489136,1
0.3606469929218292,1
0.41041100025177,1
0.2855328917503357,1
0.45524537563323975,1
0.27805042266845703,1
0.3209415078163147,1
0.3209778070449829,1
0.31314003467559814,1
0.4597892165184021,1
0.3659474849700928,1
0.3361688256263733,1
0.3926449716091156,1
0.44253939390182495,1
0.42534783482551575,1
0.3568713665008545,1
0.3630629777908325,1
0.2960473597049713,1
0.31564295291900635,1
0.3780634105205536,1
0.41423866152763367,1
0.32992666959762573,1
0.30948957800865173,1
0.4198828339576721,1
0.3030329942703247,1
0.32121074199676514,1
0.3305776119232178,1
0.41949892044067383,1
0.27011677622795105,1
0.3476893901824951,1
0.31249839067459106,1
0.3733111023902893,1
0.4853203594684601,1
0.3088405430316925,1
0.3611178696155548,1
0.427931010723114,1
0.3479066491127014,1
0.46144288778305054,1
0.3348555862903595,1
0.35097289085388184,1
0.358829140663147,1
0.42124277353286743,1
0.42661166191101074,1
0.431510329246521,1
0.38475096225738525,1
0.4084567129611969,1
0.33745110034942627,1
0.31455203890800476,1
0.3416413366794586,1
0.3747350573539734,1
0.4227234125137329,1
0.4435766935348511,1
0.39080584049224854,1
0.3897232115268707,1
0.31702864170074463,1
0.35927700996398926,1
0.44096747040748596,1
0.37679433822631836,1
0.27338793873786926,1
0.3334902822971344,1
0.3122917711734772,1
0.42947375774383545,1
0.38667917251586914,1
0.3671448230743408,1
0.36862748861312866,1
0.337004691362381,1
0.3957544267177582,1
0.33420443534851074,1
0.2785354256629944,1
0.37477195262908936,1
0.34899258613586426,1
0.36287540197372437,1
0.359982430934906,1
0.3694782853126526,1
0.3609587550163269,1
0.33736181259155273,1
0.4122902750968933,1
0.3447795510292053,1
0.3887518346309662,1
0.3799630403518677,1
0.3192651867866516,1
0.3493792414665222,1
0.36980289220809937,1
0.4720343053340912,1
0.30621516704559326,1
0.3527383804321289,1
0.49477875232696533,1
0.3425067663192749,1
0.47586140036582947,1
0.34089216589927673,1
0.41821038722991943,1
0.5321968793869019,1
0.26031503081321716,1
0.31551119685173035,1
0.2913147807121277,1
0.33360713720321655,1
0.3871574401855469,1
0.35816389322280884,1
0.29045429825782776,1
0.33286505937576294,1
0.3562394976615906,1
0.4056016802787781,1
0.35551226139068604,1
0.3708559274673462,1
0.3546125590801239,1
0.3635352551937103,1
0.4336189031600952,1
0.39263540506362915,1
0.4068346619606018,1
0.33837050199508667,1
0.3762548863887787,1
0.4327772259712219,1
0.36723700165748596,1
0.3171122670173645,1
0.30489689111709595,1
0.3601958155632019,1
0.3136785924434662,1
0.2923482060432434,1
0.49827849864959717,1
0.41672268509864807,1
0.3901579976081848,1
0.3683093786239624,1
0.2856754660606384,1
0.25922828912734985,1
0.31207993626594543,1
0.4062221050262451,1
0.3387172222137451,1
0.37553808093070984,1
0.37365514039993286,1
0.28104424476623535,1
0.3654904365539551,1
0.35124415159225464,1
0.3294486105442047,1
0.4355672299861908,1
0.3627282977104187,1
0.2918878197669983,1
0.3804128170013428,1
0.32739728689193726,1
0.30538493394851685,1
0.49338585138320923,1
0.2907665967941284,1
0.31653091311454773,1
0.36383599042892456,1
0.2941571772098541,1
0.3054898679256439,1
0.4033639132976532,1
0.4132002890110016,1
0.3764655590057373,1
0.3622082769870758,1
0.30592381954193115,1
0.27543699741363525,1
0.30590516328811646,1
0.31958532333374023,1
0.38274210691452026,1
0.29072022438049316,1
0.440299928188324,1
0.33419278264045715,1
0.3807777762413025,1
0.3535074293613434,1
0.37048444151878357,1
0.3286828100681305,1
0.3824368417263031,1
0.32605862617492676,1
0.4562644064426422,1
0.420644611120224,1
0.3303782343864441,1
0.3146701753139496,1
0.34122252464294434,1
0.4270843267440796,1
0.3099846839904785,1
0.29720497131347656,1
0.3575740158557892,1
0.33942288160324097,1
0.31871604919433594,1
0.2958313226699829,1
0.3133711516857147,1
0.3593733608722687,1
0.37092795968055725,1
0.29281747341156006,1
0.3200361132621765,1
0.3596494495868683,1
0.2593848407268524,1
0.32203662395477295,1
0.31611496210098267,1
0.4389144778251648,1
0.39353707432746887,1
0.33331817388534546,1
0.3813280463218689,1
0.3285325765609741,1
0.296599805355072,1
0.2610055208206177,1
0.37688538432121277,1
0.29123273491859436,1
0.33542370796203613,1
0.33938300609588623,1
0.47734642028808594,1
0.5070270299911499,1
0.344406396150589,1
0.3253834843635559,1
0.31699106097221375,1
0.4034329056739807,1
0.3982456922531128,1
0.31922030448913574,1
0.3054582476615906,1
0.45779573917388916,1
0.3439938724040985,1
0.379181832075119,1
0.22325941920280457,1
0.38289904594421387,1
0.40144073963165283,1
0.35163798928260803,1
0.43764376640319824,1
0.3461703360080719,1
0.2566734850406647,1
0.38836443424224854,1
0.327481746673584,1
0.39845597743988037,1
0.28968346118927,1
0.4469144344329834,1
0.3486713171005249,1
0.3453645706176758,1
0.3767118453979492,1
0.3792593777179718,1
0.29901689291000366,1
0.45110565423965454,1
0.4614609479904175,1
0.3936345875263214,1
0.4412262737751007,1
0.3297883868217468,1
0.39704108238220215,1
0.44363194704055786,1
0.406870573759079,1
0.33636996150016785,1
0.31290203332901,1
0.38667893409729004,1
0.3847407102584839,1
0.31698447465896606,1
0.36685818433761597,1
0.4062424302101135,1
0.488613486289978,1
0.29901906847953796,1
0.29209113121032715,1
0.3563603162765503,1
0.3214237689971924,1
0.34050363302230835,1
0.36969906091690063,1
0.26980695128440857,1
0.32646024227142334,1
0.35989895462989807,1
0.3584570586681366,1
0.34941962361335754,1
0.32807374000549316,1
0.4369439482688904,1
0.3781053423881531,1
0.40220874547958374,1
0.3892211318016052,1
0.43667513132095337,1
0.2899906635284424,1
0.26318657398223877,1
0.4759953022003174,1
0.34215980768203735,1
0.3683311641216278,1
0.29948288202285767,1
0.46982330083847046,1
0.3113057315349579,1
0.3832532465457916,1
0.32125478982925415,1
0.3298231065273285,1
0.476245641708374,1
0.3008694648742676,1
0.3868047297000885,1
0.3475566506385803,1
0.36444970965385437,1
0.313302606344223,1
0.28014838695526123,1
0.3524623513221741,1
0.3220476508140564,1
0.3690606653690338,1
0.35202914476394653,1
0.2595897316932678,1
0.33168888092041016,1
0.28995102643966675,1
0.214583158493042,1
0.39525336027145386,1
0.3688467741012573,1
0.5236909985542297,1
0.24673238396644592,1
0.4271305501461029,1
0.4010649025440216,1
0.287367045879364,1
0.30599310994148254,1
0.36023181676864624,1
0.298169881105423,1
0.34941357374191284,1
0.30341875553131104,1
0.34715476632118225,1
0.28084152936935425,1
0.466948002576828,1
0.2855314314365387,1
0.3611103594303131,1
0.37977802753448486,1
0.36111658811569214,1
0.3134464919567108,1
0.29457733035087585,1
0.4268571138381958,1
0.24749036133289337,1
0.3653837740421295,1
0.3256866931915283,1
0.35739803314208984,1
0.2651117742061615,1
0.32076454162597656,1
0.5215429663658142,1
0.3687114119529724,1
0.31084227561950684,1
0.33717551827430725,1
0.3446705937385559,1
0.30860841274261475,1
0.377300500869751,1
0.4359250068664551,1
0.3207824230194092,1
0.3118915557861328,1
0.32701122760772705,1
0.2918763756752014,1
0.4120435416698456,1
0.3483388125896454,1
0.32166236639022827,1
0.362050324678421,1
0.4524838328361511,1
0.31595325469970703,1
0.37517768144607544,1
0.5037586092948914,1
0.3078276515007019,1
0.2504391372203827,1
0.2995833456516266,1
0.3114911615848541,1
0.25242024660110474,1
0.41133591532707214,1
0.43572014570236206,1
0.3510396480560303,1
0.2631325125694275,1
0.33844661712646484,1
0.30339330434799194,1
0.40684276819229126,1
0.34143170714378357,1
0.4007629156112671,1
0.2722621560096741,1
0.49089309573173523,1
0.3062431216239929,1
0.3769494593143463,1
0.4317008852958679,1
0.35744476318359375,1
0.35247206687927246,1
0.39265501499176025,1
0.3780946135520935,1
0.2816811501979828,1
0.32876962423324585,1
0.42932355403900146,1
0.3337683379650116,1
0.4576156735420227,1
0.5023918151855469,1
0.37910234928131104,1
0.4323926866054535,1
0.28061673045158386,1
0.28937995433807373,1
0.33383709192276,1
0.38009169697761536,1
0.3106127977371216,1
0.46650463342666626,1
0.5212382078170776,1
0.301130086183548,1
0.3119070529937744,1
0.4275875687599182,1
0.2765340805053711,1
0.2851041257381439,1
0.2756079435348511,1
0.339317262172699,1
0.43825408816337585,1
0.3807719349861145,1
0.49126937985420227,1
0.35468900203704834,1
0.33180442452430725,1
0.2459907829761505,1
0.41631537675857544,1
0.3926204442977905,1
0.29458779096603394,1
0.35914552211761475,1
0.31415054202079773,1
0.3297082781791687,1
0.5285559296607971,1
0.36328837275505066,1
0.31386852264404297,1
0.3501112461090088,1
0.39609646797180176,1
0.339599609375,1
0.35748612880706787,1
0.34805506467819214,1
0.28065961599349976,1
0.38139209151268005,1
0.2749897241592407,1
0.3065856099128723,1
0.3095867335796356,1
0.3534107208251953,1
0.2967732548713684,1
0.3447273373603821,1
0.3862580955028534,1
0.44412118196487427,1
0.41652145981788635,1
0.41724294424057007,1
0.3279915452003479,1
0.3731284439563751,1
0.2836640477180481,1
0.2870950698852539,1
0.4099602997303009,1
0.3683466911315918,1
0.40685173869132996,1
0.456219345331192,1
0.2514105439186096,1
0.4664801359176636,1
0.33994048833847046,1
0.4164423942565918,1
0.46544700860977173,1
0.408986359834671,1
0.39905545115470886,1
0.36200886964797974,1
0.23884886503219604,1
0.43481916189193726,1
0.33283737301826477,1
0.43150845170021057,1
0.46096667647361755,1
0.3473530113697052,1
0.40237346291542053,1
0.36719587445259094,1
0.4069649875164032,1
0.40477412939071655,1
0.29260408878326416,1
0.3537277281284332,1
0.34824272990226746,1
0.3292417526245117,1
0.3412087559700012,1
0.5064315795898438,1
0.39846402406692505,1
0.3514266610145569,1
0.30870938301086426,1
0.40233978629112244,1
0.2932800054550171,1
0.34120631217956543,1
0.24120061099529266,1
0.473817378282547,1
0.45920324325561523,1
0.3912355303764343,1
0.3469961881637573,1
0.3388955295085907,1
0.33073094487190247,1
0.2850612699985504,1
0.4043430984020233,1
0.40567511320114136,1
0.2806723415851593,1
0.27981072664260864,1
0.34284698963165283,1
0.4275975823402405,1
0.2814640402793884,1
0.33323410153388977,1
0.38321903347969055,1
0.27649402618408203,1
0.3229743540287018,1
0.4114333689212799,1
0.30938053131103516,1
0.33728834986686707,1
0.40418362617492676,1
0.41480207443237305,1
0.2916751205921173,1
0.3012048304080963,1
0.2738189101219177,1
0.5188624858856201,1
0.3744903802871704,1
0.3716500997543335,1
0.3450605571269989,1
0.41599035263061523,1
0.25427404046058655,1
0.32347413897514343,1
0.20570224523544312,1
0.41327187418937683,1
0.36495596170425415,1
0.4253745973110199,1
0.401586651802063,1
0.2900812029838562,1
0.34851446747779846,1
0.48234301805496216,1
0.36605721712112427,1
0.4783966541290283,1
0.2815491557121277,1
0.3607693314552307,1
0.35828152298927307,1
0.3065427541732788,1
0.4001174569129944,1
0.350986510515213,1
0.3551569879055023,1
0.3123214542865753,1
0.35400351881980896,1
0.4272269606590271,1
0.3667052984237671,1
0.24826878309249878,1
0.3368050456047058,1
0.32555776834487915,1
0.5084958076477051,1
0.4507131576538086,1
0.28826284408569336,1
0.31103453040122986,1
0.3916415572166443,1
0.3358713984489441,1
0.32354265451431274,1
0.42645302414894104,1
0.32696956396102905,1
0.41989439725875854,1
0.362084299325943,1
0.3757658302783966,1
0.3954710066318512,1
0.3799899220466614,1
0.2731831669807434,1
0.44810986518859863,1
0.28487008810043335,1
0.42808520793914795,1
0.3690541684627533,1
0.2544158697128296,1
0.5208355784416199,1
0.3183310925960541,1
0.3356010913848877,1
0.4133898913860321,1
0.4386290907859802,1
0.39254528284072876,1
0.2954891324043274,1
0.357002317905426,1
0.5223469138145447,1
0.44876062870025635,1
0.3567591905593872,1
0.3639620542526245,1
0.3494141697883606,1
0.3162800371646881,1
0.4804157018661499,1
0.24311819672584534,1
0.3933353126049042,1
0.3943708539009094,1
0.3464808166027069,1
0.2831456661224365,1
0.5128062963485718,1
0.4442582130432129,1
0.43958765268325806,1
0.3138098120689392,1
0.36403506994247437,1
0.3480692505836487,1
0.3450949788093567,1
0.34173089265823364,1
0.3735637366771698,1
0.3749464750289917,1
0.32485249638557434,1
0.3902449607849121,1
0.291621595621109,1
0.37033629417419434,1
0.355167418718338,1
0.4011768698692322,1
0.3310169279575348,1
0.2896420359611511,1
0.42271339893341064,1
0.31338974833488464,1
0.3757283389568329,1
0.3157558739185333,1
0.34483975172042847,1
0.34732502698898315,1
0.4332922101020813,1
0.341785192489624,1
0.4746074378490448,1
0.460795134305954,1
0.3313755989074707,1
0.4251072406768799,1
0.49721917510032654,1
0.3215852379798889,1
0.29942968487739563,1
0.4532064199447632,1
0.36825239658355713,1
0.39730003476142883,1
0.2555772066116333,1
0.4222569465637207,1
0.4535183608531952,1
0.3084423542022705,1
0.38332420587539673,1
0.34395378828048706,1
0.36395183205604553,1
0.2721706032752991,1
0.40476059913635254,1
0.4201059937477112,1
0.32242441177368164,1
0.46269136667251587,1
0.34362637996673584,1
0.41077226400375366,1
0.34222784638404846,1
0.4699496030807495,1
0.485127329826355,1
0.30410611629486084,1
0.34870031476020813,1
0.36876434087753296,1
0.26055264472961426,1
0.25605490803718567,1
0.3263232707977295,1
0.36681392788887024,1
0.4521545171737671,1
0.3420140743255615,1
0.2611624300479889,1
0.3170959949493408,1
0.32168203592300415,1
0.4009060859680176,1
0.4134853482246399,1
0.25195616483688354,1
0.2681276798248291,1
0.3408428430557251,1
0.24600839614868164,1
0.4006879925727844,1
0.3530103862285614,1
0.4616248607635498,1
0.33227136731147766,1
0.3493710458278656,1
0.3381165564060211,1
0.3460581600666046,1
0.3322151303291321,1
0.3220265507698059,1
0.49098217487335205,1
0.4284432828426361,1
0.35804545879364014,1
0.2855955958366394,1
0.3872397541999817,1
0.49204179644584656,1
0.4712124466896057,1
0.3100079298019409,1
0.358591765165329,1
0.29898980259895325,1
0.3575706481933594,1
0.3589867949485779,1
0.39066213369369507,1
0.4808405041694641,1
0.36601001024246216,1
0.38494694232940674,1
0.30581924319267273,1
0.40290385484695435,1
0.2870538830757141,1
0.3388875722885132,1
0.3051120638847351,1
0.3628224730491638,1
0.4264715313911438,1
0.35011792182922363,1
0.30400583148002625,1
0.34860989451408386,1
0.2960388660430908,1
0.28914690017700195,1
0.4643365740776062,1
0.3686618208885193,1
0.34621909260749817,1
0.5601372122764587,1
0.4485386610031128,1
0.3127281665802002,1
0.3826436996459961,1
0.3444713056087494,1
0.32829463481903076,1
0.329891175031662,1
0.3421146869659424,1
0.40065860748291016,1
0.30281004309654236,1
0.37647774815559387,1
0.3588590621948242,1
0.35814204812049866,1
0.3483525514602661,1
0.3023737967014313,1
0.3598521053791046,1
0.4605788588523865,1
0.40879687666893005,1
0.347383588552475,1
0.3855169415473938,1
0.3798291087150574,1
0.3641390800476074,1
0.32193270325660706,1
0.33820009231567383,1
0.3481281101703644,1
0.33699190616607666,1
0.26135924458503723,1
0.35626906156539917,1
0.31535303592681885,1
0.3694609999656677,1
0.3385009765625,1
0.3481355309486389,1
0.3276287913322449,1
0.28297221660614014,1
0.4580081105232239,1
0.5033632516860962,1
0.2337544858455658,1
0.23932811617851257,1
0.3538689613342285,1
0.3167189657688141,1
0.3699691891670227,1
0.37716183066368103,1
0.3729894757270813,1
0.22420483827590942,1
0.3190723955631256,1
0.39554882049560547,1
0.35707223415374756,1
0.38439056277275085,1
0.36658748984336853,1
0.3710644543170929,1
0.29200226068496704,1
0.3831028342247009,1
0.24813726544380188,1
0.36376017332077026,1
0.24337424337863922,1
0.3536965250968933,1
0.38530629873275757,1
0.34482744336128235,1
0.4676285982131958,1
0.2965613007545471,1
0.44323623180389404,1
0.31445032358169556,1
0.33287298679351807,1
0.32729315757751465,1
0.3505174517631531,1
0.2984415888786316,1
0.4097028374671936,1
0.41895875334739685,1
0.4506934881210327,1
0.3395739793777466,1
0.30615562200546265,1
0.36883142590522766,1
0.2701117694377899,1
0.3772686719894409,1
0.5282267928123474,1
0.34262022376060486,1
0.4909800589084625,1
0.3399706780910492,1
0.4663175046443939,1
0.36652207374572754,1
0.3524654805660248,1
0.5051740407943726,1
0.3461955785751343,1
0.388703316450119,1
0.32546645402908325,1
0.43335574865341187,1
0.3970862925052643,1
0.34026607871055603,1
0.3757702112197876,1
0.4516773819923401,1
0.4248131513595581,1
0.24694371223449707,1
0.490878164768219,1
0.2427738904953003,1
0.23738932609558105,1
0.40598928928375244,1
0.3255522847175598,1
0.45967158675193787,1
0.36037057638168335,1
0.3626598119735718,1
0.41531577706336975,1
0.29543358087539673,1
0.24927034974098206,1
0.320797324180603,1
0.3154336214065552,1
0.2777862846851349,1
0.36386361718177795,1
0.36546820402145386,1
0.3469436764717102,1
0.37171801924705505,1
0.31144919991493225,1
0.4357864260673523,1
0.30573442578315735,1
0.3767603039741516,1
0.41872549057006836,1
0.36751970648765564,1
0.3425008952617645,1
0.3684335947036743,1
0.4790719747543335,1
0.39599528908729553,1
0.3732195496559143,1
0.34180983901023865,1
0.3468034863471985,1
0.33646905422210693,1
0.38470083475112915,1
0.32806891202926636,1
0.35649651288986206,1
0.2486538290977478,1
0.42524027824401855,1
0.33393576741218567,1
0.3920920193195343,1
0.26682034134864807,1
0.46118372678756714,1
0.5412073135375977,1
0.35766854882240295,1
0.3556559085845947,1
0.4264475107192993,1
0.4663580656051636,1
0.46641573309898376,1
0.30262067914009094,1
0.35931599140167236,1
0.28944528102874756,1
0.32670721411705017,1
0.44236642122268677,1
0.3969375491142273,1
0.33556854724884033,1
0.3308825194835663,1
0.26964184641838074,1
0.4377005100250244,1
0.3519662022590637,1
0.2727702260017395,1
0.40806764364242554,1
0.32177966833114624,1
0.25069305300712585,1
0.3745444118976593,1
0.43095117807388306,1
0.31564316153526306,1
0.2287627011537552,1
0.296866774559021,1
0.44532251358032227,1
0.36083292961120605,1
0.3745901584625244,1
0.2559804916381836,1
0.3337138593196869,1
0.3116435706615448,1
0.4403938055038452,1
0.35636642575263977,1
0.32248252630233765,1
0.4400216042995453,1
0.2896094024181366,1
0.4069499373435974,1
0.2679998278617859,1
0.2409595549106598,1
0.4092501699924469,1
0.37233591079711914,1
0.1932879090309143,1
0.42052143812179565,1
0.3755154013633728,1
0.3915843367576599,1
0.44259563088417053,1
0.35301557183265686,1
0.36400747299194336,1
0.49978721141815186,1
0.31069624423980713,1
0.40434908866882324,1
0.39898186922073364,1
0.37832388281822205,1
0.40163955092430115,1
0.3663340210914612,1
0.34587448835372925,1
0.33021315932273865,1
0.39588475227355957,1
0.3678044080734253,1
0.3824574053287506,1
0.3272348642349243,1
0.41466501355171204,1
0.3836855888366699,1
0.34401845932006836,1
0.3376869261264801,1
0.4590747356414795,1
0.4387132525444031,1
0.30963805317878723,1
0.30201706290245056,1
0.39551737904548645,1
0.3477731943130493,1
0.3885524272918701,1
0.3444697856903076,1
0.25339388847351074,1
0.32462385296821594,1
0.3578242063522339,1
0.31011855602264404,1
0.30118292570114136,1
0.4096603989601135,1
0.32955291867256165,1
0.2669709622859955,1
0.4741969704627991,1
0.3897724449634552,1
0.3769337832927704,1
0.47382888197898865,1
0.260770320892334,1
0.4017208516597748,1
0.354106605052948,1
0.32988449931144714,1
0.3015827536582947,1
0.322327584028244,1
0.3712463974952698,1
0.38426661491394043,1
0.40814322233200073,1
0.3927672505378723,1
0.38030195236206055,1
0.3197665214538574,1
0.34993696212768555,1
0.3488214910030365,1
0.4388163089752197,1
0.3499988317489624,1
0.42637965083122253,1
0.4742351770401001,1
0.4206728935241699,1
0.48812204599380493,1
0.3952850103378296,1
0.36029279232025146,1
0.35096418857574463,1
0.4298099875450134,1
0.39562690258026123,1
0.3105061650276184,1
0.2716001570224762,1
0.3160315752029419,1
0.4021466374397278,1
0.37620097398757935,1
0.39203208684921265,1
0.40475934743881226,1
0.4597332775592804,1
0.33300846815109253,1
0.47113773226737976,1
0.33107054233551025,1
0.29726943373680115,1
0.3263491988182068,1
0.4672110974788666,1
0.4162011742591858,1
0.4540424644947052,1
0.4241067171096802,1
0.3584134876728058,1
0.3026934564113617,1
0.36397719383239746,1
0.34520071744918823,1
0.36038273572921753,1
0.34041598439216614,1
0.33712342381477356,1
0.33170562982559204,1
0.2757757306098938,1
0.4449598789215088,1
0.3551056981086731,1
0.3065204322338104,1
0.3355187177658081,1
0.3873744010925293,1
0.30629128217697144,1
0.4265229403972626,1
0.24874615669250488,1
0.4371461272239685,1
0.40229472517967224,1
0.4085945785045624,1
0.3415958881378174,1
0.3715386390686035,1
0.3373095393180847,1
0.4729253053665161,1
0.49552375078201294,1
0.4580000340938568,1
0.45529481768608093,1
0.34449103474617004,1
0.2756343185901642,1
0.35051411390304565,1
0.4483069181442261,1
0.29376542568206787,1
0.4204619824886322,1
0.32986798882484436,1
0.3039691746234894,1
0.3602343499660492,1
0.4444704055786133,1
0.26450762152671814,1
0.35880738496780396,1
0.3568565249443054,1
0.40970683097839355,1
0.3377751410007477,1
0.30171895027160645,1
0.3770446181297302,1
0.31776487827301025,1
0.4327618479728699,1
0.347702294588089,1
0.3053629994392395,1
0.3379376530647278,1
0.43328720331192017,1
0.32206493616104126,1
0.31779205799102783,1
0.41120409965515137,1
0.3774963617324829,1
0.35636723041534424,1
0.3426247537136078,1
0.31319817900657654,1
0.32501304149627686,1
0.3915233016014099,1
0.3976202607154846,1
0.3551705479621887,1
0.35097652673721313,1
0.4517812132835388,1
0.4040454924106598,1
0.3958265781402588,1
0.39527827501296997,1
0.3639908730983734,1
0.337490975856781,1
0.33746209740638733,1
0.2594517469406128,1
0.3180660903453827,1
0.4119515120983124,1
0.4907427728176117,1
0.3140276074409485,1
0.397266149520874,1
0.49979445338249207,1
0.37114179134368896,1
0.42789357900619507,1
0.35230541229248047,1
0.32170552015304565,1
0.38768064975738525,1
0.41567158699035645,1
0.3789576590061188,1
0.29780250787734985,1
0.3393702805042267,1
0.4047026038169861,1
0.3774167001247406,1
0.355981707572937,1
0.37916433811187744,1
0.31526851654052734,1
0.2946459949016571,1
0.29346734285354614,1
0.35542336106300354,1
0.3511356711387634,1
0.43453729152679443,1
0.24292807281017303,1
0.3637985587120056,1
0.32150155305862427,1
0.37839052081108093,1
0.3595256805419922,1
0.3395165801048279,1
0.45114943385124207,1
0.4469256103038788,1
0.40565574169158936,1
0.42850765585899353,1
0.3331781029701233,1
0.4222693145275116,1
0.3133712410926819,1
0.42140358686447144,1
0.24147924780845642,1
0.3104560375213623,1
0.3257446885108948,1
0.3329273760318756,1
0.4161778688430786,1
0.43277251720428467,1
0.3427879214286804,1
0.46318528056144714,1
0.39069241285324097,1
0.5773824453353882,1
0.4098318815231323,1
0.3955967128276825,1
0.30192357301712036,1
0.31565549969673157,1
0.2363991141319275,1
0.38412338495254517,1
0.35127004981040955,1
0.34832510352134705,1
0.3764331638813019,1
0.3291160464286804,1
0.3691663146018982,1
0.43710798025131226,1
0.289306104183197,1
0.3248182535171509,1
0.48680371046066284,1
0.4595365822315216,1
0.30214810371398926,1
0.35705631971359253,1
0.3134360611438751,1
0.37808865308761597,1
0.39378973841667175,1
0.2814154028892517,1
0.3194692134857178,1
0.4122714102268219,1
0.28888773918151855,1
0.3643726110458374,1
0.3295319676399231,1
0.4485138952732086,1
0.45369309186935425,1
0.504280686378479,1
0.37024277448654175,1
0.25836440920829773,1
0.25868964195251465,1
0.2839028239250183,1
0.39957839250564575,1
0.3383384943008423,1
0.3608008623123169,1
0.32955074310302734,1
0.36047953367233276,1
0.46117064356803894,1
0.3774135410785675,1
0.30265504121780396,1
0.33927053213119507,1
0.43059098720550537,1
0.3915473520755768,1
0.3595086932182312,1
0.2968728542327881,1
0.3762696385383606,1
0.4558710753917694,1
0.3121388554573059,1
0.3794988989830017,1
0.378516286611557,1
0.29176628589630127,1
0.26745086908340454,1
0.2970421612262726,1
0.42427685856819153,1
0.4276145398616791,1
0.3412402272224426,1
0.39992648363113403,1
0.37862104177474976,1
0.3318742513656616,1
0.3050374388694763,1
0.3123009204864502,1
0.3904682993888855,1
0.3118464946746826,1
0.3076704740524292,1
0.2936732769012451,1
0.31900179386138916,1
0.30543941259384155,1
0.38274461030960083,1
0.46249526739120483,1
0.28851038217544556,1
0.4421154260635376,1
0.2631552815437317,1
0.34946829080581665,1
0.3324211537837982,1
0.3304745554924011,1
0.3723832368850708,1
0.2837151885032654,1
0.29789483547210693,1
0.34571969509124756,1
0.3533320128917694,1
0.32393011450767517,1
0.34870123863220215,1
0.321359783411026,1
0.3685194253921509,1
0.33420100808143616,1
0.26554256677627563,1
0.3368741571903229,1
0.41052550077438354,1
0.40877681970596313,1
0.3347765803337097,1
0.3034403920173645,1
0.4206644296646118,1
0.3345373868942261,1
0.3357807993888855,1
0.3563558757305145,1
0.2829243838787079,1
0.46310919523239136,1
0.3367375433444977,1
0.28669416904449463,1
0.33335745334625244,1
0.3243092894554138,1
0.41211143136024475,1
0.4271770417690277,1
0.39892056584358215,1
0.34525322914123535,1
0.42116695642471313,1
0.41546255350112915,1
0.4204184114933014,1
0.4393738806247711,1
0.3739676773548126,1
0.326027512550354,1
0.33454981446266174,1
0.338340699672699,1
0.3705615997314453,1
0.3955368995666504,1
0.3522288203239441,1
0.24715206027030945,1
0.3400211036205292,1
0.4056616723537445,1
0.3032004237174988,1
0.34168383479118347,1
0.3354778289794922,1
0.32028132677078247,1
0.38640132546424866,1
0.2614285349845886,1
0.38209062814712524,1
0.3350610136985779,1
0.404514878988266,1
0.35681504011154175,1
0.2649509012699127,1
0.3811245560646057,1
0.4334927797317505,1
0.389315664768219,1
0.3800921142101288,1
0.40733617544174194,1
0.3457174003124237,1
0.33275923132896423,1
0.4158409535884857,1
0.2597895860671997,1
0.3193323612213135,1
0.36911606788635254,1
0.27033302187919617,1
0.3946468234062195,1
0.48873069882392883,1
0.3012331426143646,1
0.33674681186676025,1
0.43215256929397583,1
0.4336538016796112,1
0.38513344526290894,1
0.4223913252353668,1
0.39068034291267395,1
0.31191200017929077,1
0.40073350071907043,1
0.5246795415878296,1
0.4096795916557312,1
0.34815359115600586,1
0.3893345594406128,1
0.28777483105659485,1
0.3924276828765869,1
0.31682145595550537,1
0.3582272529602051,1
0.39827632904052734,1
0.43060773611068726,1
0.46211546659469604,1
0.38860076665878296,1
0.32821977138519287,1
0.3496345281600952,1
0.30898401141166687,1
0.25505197048187256,1
0.34458762407302856,1
0.3582652807235718,1
0.27739688754081726,1
0.3543168902397156,1
0.3460752069950104,1
0.36715421080589294,1
0.3936326503753662,1
0.32218754291534424,1
0.32252657413482666,1
0.33399665355682373,1
0.26916250586509705,1
0.2177302986383438,1
0.4201272130012512,1
0.49459198117256165,1
0.43475615978240967,1
0.42557722330093384,1
0.43093350529670715,1
0.36949384212493896,1
0.37624457478523254,1
0.41546690464019775,1
0.3443121910095215,1
0.3187797963619232,1
0.4008980393409729,1
0.2953360974788666,1
0.3507341742515564,1
0.39022451639175415,1
0.2568730115890503,1
0.39312809705734253,1
0.24360105395317078,1
0.3814903497695923,1
0.43044722080230713,1
0.27895450592041016,1
0.3513563871383667,1
0.3382357954978943,1
0.31545597314834595,1
0.30529263615608215,1
0.2676212787628174,1
0.42396771907806396,1
0.33416178822517395,1
0.3410423696041107,1
0.26988011598587036,1
0.3938359320163727,1
0.43348991870880127,1
0.4783746600151062,1
0.4382357597351074,1
0.2863837480545044,1
0.3213954269886017,1
0.3837231397628784,1
0.26534396409988403,1
0.4557287395000458,1
0.5723439455032349,1
0.32323843240737915,1
0.3816749155521393,1
0.42913633584976196,1
0.4779866933822632,1
0.30791720747947693,1
0.41384705901145935,1
0.3480294346809387,1
0.3519853353500366,1
0.33991989493370056,1
0.3277154266834259,1
0.3187723159790039,1
0.3614808917045593,1
0.3945801258087158,1
0.2910538911819458,1
0.30903178453445435,1
0.3895142674446106,1
0.2572082281112671,1
0.30835703015327454,1
0.29942235350608826,1
0.38699662685394287,1
0.45740023255348206,1
0.23332083225250244,1
0.31770527362823486,1
0.494590163230896,1
0.40728893876075745,1
0.4269396662712097,1
0.3117406368255615,1
0.4027692675590515,1
0.281514436006546,1
0.3573991060256958,1
0.31902840733528137,1
0.38285064697265625,1
0.41708695888519287,1
0.29264673590660095,1
0.29644742608070374,1
0.303545743227005,1
0.2684420347213745,1
0.30305981636047363,1
0.4138137698173523,1
0.2621344327926636,1
0.3682066798210144,1
0.36879533529281616,1
0.38739293813705444,1
0.4380532503128052,1
0.3995370864868164,1
0.3171065151691437,1
0.3234400749206543,1
0.39812707901000977,1
0.3571927547454834,1
0.37493354082107544,1
0.33436548709869385,1
0.32066839933395386,1
0.3148166835308075,1
0.3847721517086029,1
0.3081643581390381,1
0.2593768239021301,1
0.38020625710487366,1
0.3726535141468048,1
0.2798118591308594,1
0.3282269835472107,1
0.3065672814846039,1
0.37457793951034546,1
0.3487420082092285,1
0.4406690001487732,1
0.4683656692504883,1
0.33245718479156494,1
0.4017655551433563,1
0.4676787853240967,1
0.41493678092956543,1
0.29581138491630554,1
0.3336530923843384,1
0.39632973074913025,1
0.2945660948753357,1
0.40538331866264343,1
0.37114593386650085,1
0.36098629236221313,1
0.2301371544599533,1
0.2739628553390503,1
0.3826841115951538,1
0.4301295876502991,1
0.5074132680892944,1
0.38611531257629395,1
0.3762272000312805,1
0.22599467635154724,1
0.31347617506980896,1
0.35629090666770935,1
0.49687761068344116,1
0.2796339690685272,1
0.35839545726776123,1
0.34380173683166504,1
0.39294394850730896,1
0.42830386757850647,1
0.37946152687072754,1
0.2851681709289551,1
0.5218377113342285,1
0.3653465509414673,1
0.32079458236694336,1
0.4531065821647644,1
0.37992221117019653,1
0.2633172273635864,1
0.368444561958313,1
0.4880237579345703,1
0.3617842495441437,1
0.3485735356807709,1
0.3214758038520813,1
0.3150700330734253,1
0.2370750606060028,1
0.4149530827999115,1
0.34452810883522034,1
0.47455281019210815,1
0.34450170397758484,1
0.36766451597213745,1
0.4126686751842499,1
0.28960365056991577,1
0.3552190959453583,1
0.2698636054992676,1
0.30914682149887085,1
0.35739263892173767,1
0.3479337990283966,1
0.4103926420211792,1
0.33010435104370117,1
0.3239138126373291,1
0.29299065470695496,1
0.4530879855155945,1
0.35805851221084595,1
0.366293728351593,1
0.2937085032463074,1
0.40813910961151123,1
0.3653825521469116,1
0.39797601103782654,1
0.3925721347332001,1
0.32180485129356384,1
0.403201162815094,1
0.31315740942955017,1
0.3917965888977051,1
0.44956064224243164,1
0.2889336347579956,1
0.32474592328071594,1
0.2995997667312622,1
0.3385108709335327,1
0.35456815361976624,1
0.3757457435131073,1
0.4389307498931885,1
0.33981478214263916,1
0.4108918011188507,1
0.4165613651275635,1
0.3829900026321411,1
0.4228630065917969,1
0.31520459055900574,1
0.28666073083877563,1
0.44902998208999634,1
0.3743416965007782,1
0.4587898254394531,1
0.3455013632774353,1
0.5189900994300842,1
0.48557916283607483,1
0.35170942544937134,1
0.2963625192642212,1
0.4494132101535797,1
0.3462664783000946,1
0.3960827589035034,1
0.3099791407585144,1
0.411853551864624,1
0.3205146789550781,1
0.41008561849594116,1
0.3545151650905609,1
0.32830676436424255,1
0.26163342595100403,1
0.3351022005081177,1
0.3966967463493347,1
0.323496550321579,1
0.2589973509311676,1
0.33219125866889954,1
0.4167700409889221,1
0.39135289192199707,1
0.4121413230895996,1
0.51104736328125,1
0.26661479473114014,1
0.3811390697956085,1
0.33209228515625,1
0.30912306904792786,1
0.44474565982818604,1
0.3789415657520294,1
0.3020549416542053,1
0.359159916639328,1
0.2966514229774475,1
0.31311607360839844,1
0.36203980445861816,1
0.4676245152950287,1
0.36365655064582825,1
0.32610902190208435,1
0.3182114362716675,1
0.3197069466114044,1
0.3292514979839325,1
0.3195342421531677,1
0.4017896056175232,1
0.46025723218917847,1
0.269498348236084,1
0.3550858497619629,1
0.443251371383667,1
0.36073577404022217,1
0.457336962223053,1
0.27925142645835876,1
0.2934611141681671,1
0.3894159197807312,1
0.3223704397678375,1
0.3523920178413391,1
0.26004165410995483,1
0.2938668429851532,1
0.2968818247318268,1
0.2746269106864929,1
0.42491546273231506,1
0.38174521923065186,1
0.4466139078140259,1
0.3938692808151245,1
0.37815189361572266,1
0.4529038667678833,1
0.33064597845077515,1
0.22161003947257996,1
0.30045565962791443,1
0.3327478766441345,1
0.4315458834171295,1
0.3443859815597534,1
0.4335405230522156,1
0.4271160364151001,1
0.30309930443763733,1
0.41870978474617004,1
0.2750702500343323,1
0.3156982660293579,1
0.26405638456344604,1
0.3867228627204895,1
0.29809996485710144,1
0.35886090993881226,1
0.33509841561317444,1
0.36656761169433594,1
0.353759765625,1
0.3723078966140747,1
0.3046022951602936,1
0.3606531322002411,1
0.42279529571533203,1
0.42629626393318176,1
0.29419416189193726,1
0.34813663363456726,1
0.3429690897464752,1
0.29284948110580444,1
0.3735303580760956,1
0.3527085483074188,1
0.35124319791793823,1
0.37360846996307373,1
0.3291662633419037,1
0.31345003843307495,1
0.47388067841529846,1
0.4290275573730469,1
0.39540719985961914,1
0.30238690972328186,1
0.45769158005714417,1
0.3688375949859619,1
0.42913439869880676,1
0.3970196843147278,1
0.5043720006942749,1
0.28295159339904785,1
0.377292275428772,1
0.3732929825782776,1
0.4116121828556061,1
0.46658506989479065,1
0.27142804861068726,1
0.23785710334777832,1
0.3716221749782562,1
0.2708771228790283,1
0.5177910327911377,1
0.34579285979270935,1
0.35537081956863403,1
0.4721580147743225,1
0.24480044841766357,1
0.4898489713668823,1
0.3196295499801636,1
0.2891318202018738,1
0.34448885917663574,1
0.36168617010116577,1
0.3587278723716736,1
0.33768749237060547,1
0.29254481196403503,1
0.4002215564250946,1
0.33839815855026245,1
0.3313461244106293,1
0.4050624370574951,1
0.31418099999427795,1
0.425006628036499,1
0.33087462186813354,1
0.37073835730552673,1
0.41094276309013367,1
0.3019985258579254,1
0.40673014521598816,1
0.38906779885292053,1
0.28770145773887634,1
0.3184329867362976,1
0.34424299001693726,1
0.39303743839263916,1
0.2671855688095093,1
0.3766801655292511,1
0.2967126965522766,1
0.2529941201210022,1
0.31666964292526245,1
0.37541091442108154,1
0.2989470660686493,1
0.33987343311309814,1
0.45696306228637695,1
0.4631114602088928,1
0.390854150056839,1
0.33243370056152344,1
0.27674931287765503,1
0.36795541644096375,1
0.3780921697616577,1
0.3802620470523834,1
0.29924243688583374,1
0.38202422857284546,1
0.3628208637237549,1
0.26313167810440063,1
0.34452810883522034,1
0.2523915767669678,1
0.3044769763946533,1
0.39242202043533325,1
0.33524730801582336,1
0.486160546541214,1
0.32637855410575867,1
0.4675235152244568,1
0.27621302008628845,1
0.4157060980796814,1
0.4277414381504059,1
0.24981096386909485,1
0.40448522567749023,1
0.3539811968803406,1
0.515681803226471,1
0.29142093658447266,1
0.35619503259658813,1
0.36322706937789917,1
0.3475600481033325,1
0.3783005475997925,1
0.38095957040786743,1
0.4443012475967407,1
0.4263893663883209,1
0.38895538449287415,1
0.4060375392436981,1
0.31242814660072327,1
0.2897736132144928,1
0.43880799412727356,1
0.38756415247917175,1
0.3483220338821411,1
0.2319791615009308,1
0.3450940251350403,1
0.3766028583049774,1
0.4516576826572418,1
0.3487701416015625,1
0.34463149309158325,1
0.4245908856391907,1
0.3479660153388977,1
0.3584787845611572,1
0.35129350423812866,1
0.25476595759391785,1
0.2993515729904175,1
0.3284599483013153,1
0.2432684749364853,1
0.3355084955692291,1
0.356314092874527,1
0.35495856404304504,1
0.35225802659988403,1
0.35566067695617676,1
0.43787646293640137,1
0.5375263094902039,1
0.37315380573272705,1
0.3655317425727844,1
0.39952147006988525,1
0.3149385452270508,1
0.3441120684146881,1
0.2938230633735657,1
0.3823345899581909,1
0.3283287286758423,1
0.303393691778183,1
0.35824939608573914,1
0.4890936613082886,1
0.30534428358078003,1
0.3403310477733612,1
0.5470901131629944,1
0.32540619373321533,1
0.4079288840293884,1
0.3805798590183258,1
0.39936935901641846,1
0.3091137707233429,1
0.41126012802124023,1
0.3712378740310669,1
0.3786071240901947,1
0.37378841638565063,1
0.2922121286392212,1
0.3465525805950165,1
0.4331420660018921,1
0.3544130325317383,1
0.34698933362960815,1
0.37748032808303833,1
0.40966373682022095,1
0.323176771402359,1
0.4226718842983246,1
0.27886152267456055,1
0.30035537481307983,1
0.25899818539619446,1
0.3934705853462219,1
0.3780840337276459,1
0.3696482181549072,1
0.3439866602420807,1
0.4193846583366394,1
0.29949942231178284,1
0.5043233036994934,1
0.25799936056137085,1
0.4900500476360321,1
0.2914700508117676,1
0.3130497932434082,1
0.4136604070663452,1
0.393540620803833,1
0.33272477984428406,1
0.3950316607952118,1
0.2538791596889496,1
0.4049835205078125,1
0.4661692678928375,1
0.39840763807296753,1
0.34534740447998047,1
0.29915115237236023,1
0.3739378750324249,1
0.3596993088722229,1
0.30593544244766235,1
0.24054400622844696,1
0.3052874207496643,1
0.37758761644363403,1
0.45893779397010803,1
0.4112493395805359,1
0.4144875109195709,1
0.33872443437576294,1
0.4541260600090027,1
0.46247902512550354,1
0.3489997982978821,1
0.3906164765357971,1
0.3102494180202484,1
0.3149571716785431,1
0.3102225959300995,1
0.3108021318912506,1
0.3975543975830078,1
0.3869097828865051,1
0.28831738233566284,1
0.38128361105918884,1
0.33298200368881226,1
0.29556187987327576,1
0.28822171688079834,1
0.33396729826927185,1
0.3311791718006134,1
0.42620307207107544,1
0.37050527334213257,1
0.3378450274467468,1
0.3877067565917969,1
0.3531281352043152,1
0.3459751605987549,1
0.40987443923950195,1
0.34639251232147217,1
0.33018073439598083,1
0.30189889669418335,1
0.3443944454193115,1
0.4667353332042694,1
0.28669825196266174,1
0.4102928042411804,1
0.32443690299987793,1
0.39726799726486206,1
0.32476896047592163,1
0.43841075897216797,1
0.3584359884262085,1
0.36464864015579224,1
0.3854844570159912,1
0.3726643919944763,1
0.39300504326820374,1
0.26145392656326294,1
0.313215434551239,1
0.4283445477485657,1
0.367231160402298,1
0.3458916246891022,1
0.2363153100013733,1
0.4342496991157532,1
0.3358533978462219,1
0.3381974697113037,1
0.3394429385662079,1
0.3457418382167816,1
0.3393417298793793,1
0.36718037724494934,1
0.26429471373558044,1
0.35263222455978394,1
0.4338509440422058,1
0.36985015869140625,1
0.3120599091053009,1
0.4478861391544342,1
0.3875420093536377,1
0.25814127922058105,1
0.2871630787849426,1
0.2562616169452667,1
0.36769914627075195,1
0.3550505042076111,1
0.3285408914089203,1
0.3884347081184387,1
0.40267181396484375,1
0.33418965339660645,1
0.3235933780670166,1
0.3541407883167267,1
0.3354836404323578,1
0.3785111606121063,1
0.38100436329841614,1
0.3264319598674774,1
0.4101718068122864,1
0.432289719581604,1
0.31831514835357666,1
0.30662140250205994,1
0.33093389868736267,1
0.29894137382507324,1
0.3775516152381897,1
0.4299502968788147,1
0.36459875106811523,1
0.41691264510154724,1
0.43583160638809204,1
0.3483750522136688,1
0.3564401865005493,1
0.3584737181663513,1
0.39716625213623047,1
0.44171667098999023,1
0.25728869438171387,1
0.3235650956630707,1
0.33510634303092957,1
0.3610706627368927,1
0.3240102529525757,1
0.4519921541213989,1
0.31174394488334656,1
0.4473379850387573,1
0.32382118701934814,1
0.33924251794815063,1
0.20136359333992004,1
0.3235815763473511,1
0.37723881006240845,1
0.36299246549606323,1
0.38191723823547363,1
0.4200035631656647,1
0.46089789271354675,1
0.29914987087249756,1
0.3069537281990051,1
0.4484616219997406,1
0.4580141603946686,1
0.30116015672683716,1
0.4410269558429718,1
0.31547170877456665,1
0.3968297243118286,1
0.35958006978034973,1
0.31366145610809326,1
0.3775293827056885,1
0.3942117691040039,1
0.3951038122177124,1
0.4305137097835541,1
0.35670745372772217,1
0.3145396411418915,1
0.4010111391544342,1
0.36454832553863525,1
0.36808687448501587,1
0.2575092911720276,1
0.28884804248809814,1
0.2268790304660797,1
0.3267413377761841,1
0.4124464988708496,1
0.39890217781066895,1
0.34026676416397095,1
0.2866290807723999,1
0.31370803713798523,1
0.36423200368881226,1
0.4177951216697693,1
0.2743494510650635,1
0.5071245431900024,1
0.2867277264595032,1
0.3808833360671997,1
0.30073344707489014,1
0.3844338655471802,1
0.29048293828964233,1
0.3154200613498688,1
0.2926342487335205,1
0.3980886936187744,1
0.26539790630340576,1
0.34087130427360535,1
0.3027774393558502,1
0.3355836868286133,1
0.4391750395298004,1
0.30484187602996826,1
0.38652706146240234,1
0.3378775715827942,1
0.34166863560676575,1
0.43797925114631653,1
0.4527643024921417,1
0.3727473020553589,1
0.2904930114746094,1
0.3581562638282776,1
0.42424583435058594,1
0.42547881603240967,1
0.3835148215293884,1
0.3377106785774231,1
0.3716643154621124,1
0.30078190565109253,1
0.3074931800365448,1
0.4697832465171814,1
0.3616163730621338,1
0.3692030906677246,1
0.41237595677375793,1
0.37173372507095337,1
0.32906511425971985,1
0.30355072021484375,1
0.31359684467315674,1
0.48248735070228577,1
0.4141443371772766,1
0.5349656343460083,1
0.43660977482795715,1
0.3521961569786072,1
0.29594430327415466,1
0.3456602096557617,1
0.3612547814846039,1
0.3064878284931183,1
0.3246781826019287,1
0.3921055793762207,1
0.3937426209449768,1
0.3113557696342468,1
0.3656753599643707,1
0.3430041968822479,1
0.2644403278827667,1
0.408895343542099,1
0.27197715640068054,1
0.343687504529953,1
0.3376328945159912,1
0.33324527740478516,1
0.4623998701572418,1
0.4707404673099518,1
0.4545981287956238,1
0.3163447976112366,1
0.3937530815601349,1
0.4082682728767395,1
0.45532047748565674,1
0.2998086214065552,1
0.35987019538879395,1
0.31074029207229614,1
0.4325791895389557,1
0.38754338026046753,1
0.4069141149520874,1
0.4101756811141968,1
0.3716641664505005,1
0.4397751986980438,1
0.27351075410842896,1
0.3412840962409973,1
0.5002636313438416,1
0.5003480911254883,1
0.3596721589565277,1
0.42536234855651855,1
0.3961450159549713,1
0.5390894412994385,1
0.31085604429244995,1
0.42376449704170227,1
0.3685927391052246,1
0.3270784020423889,1
0.34660497307777405,1
0.35359084606170654,1
0.36590224504470825,1
0.3611789345741272,1
0.32936543226242065,1
0.4270903468132019,1
0.3667284846305847,1
0.3604933023452759,1
0.3934433162212372,1
0.40220528841018677,1
0.30572354793548584,1
0.46581321954727173,1
0.3606124222278595,1
0.3375006914138794,1
0.3415874242782593,1
0.3052545487880707,1
0.4227520227432251,1
0.3237961530685425,1
0.30973291397094727,1
0.2779255211353302,1
0.3517388701438904,1
0.42154374718666077,1
0.3284575641155243,1
0.3450782895088196,1
0.3317192494869232,1
0.4241669774055481,1
0.2726805806159973,1
0.3521744906902313,1
0.3848181962966919,1
0.36227986216545105,1
0.3225559890270233,1
0.46935224533081055,1
0.25791171193122864,1
0.34108230471611023,1
0.43118324875831604,1
0.3252064287662506,1
0.36509567499160767,1
0.319100946187973,1
0.3361198306083679,1
0.39373746514320374,1
0.38178548216819763,1
0.4345703125,1
0.3113040328025818,1
0.3015764057636261,1
0.325542688369751,1
0.3330398201942444,1
0.24207663536071777,1
0.3764965236186981,1
0.2697564959526062,1
0.33837953209877014,1
0.281351774930954,1
0.4141530394554138,1
0.3486770987510681,1
0.42087700963020325,1
0.2744465172290802,1
0.3764633536338806,1
0.36768001317977905,1
0.3703356385231018,1
0.38707777857780457,1
0.2623734176158905,1
0.27855491638183594,1
0.3578339219093323,1
0.30347639322280884,1
0.49303701519966125,1
0.3884759247303009,1
0.3413817882537842,1
0.37641751766204834,1
0.47792088985443115,1
0.38438987731933594,1
0.244466632604599,1
0.28381046652793884,1
0.41281506419181824,1
0.37414541840553284,1
0.3893951177597046,1
0.3129440248012543,1
0.31480666995048523,1
0.37423932552337646,1
0.30235594511032104,1
0.3490810692310333,1
0.3569854199886322,1
0.28855758905410767,1
0.34881263971328735,1
0.46889740228652954,1
0.33335983753204346,1
0.38412922620773315,1
0.34755584597587585,1
0.3977651298046112,1
0.3845784068107605,1
0.3969952166080475,1
0.3004298508167267,1
0.3047349452972412,1
0.3493828773498535,1
0.2940351068973541,1
0.2953900098800659,1
0.47436612844467163,1
0.42130303382873535,1
0.3857405483722687,1
0.3763136565685272,1
0.42541515827178955,1
0.3671609163284302,1
0.40462255477905273,1
0.3097915053367615,1
0.42194169759750366,1
0.32978183031082153,1
0.32875320315361023,1
0.30352869629859924,1
0.2956359088420868,1
0.47400447726249695,1
0.501080334186554,1
0.3512629568576813,1
0.2700902819633484,1
0.4317964017391205,1
0.4830450713634491,1
0.238582581281662,1
0.4490627348423004,1
0.2929239869117737,1
0.32939186692237854,1
0.36703795194625854,1
0.3467267155647278,1
0.41739243268966675,1
0.2998306453227997,1
0.39078494906425476,1
0.42081016302108765,1
0.3446020483970642,1
0.3556687831878662,1
0.33238816261291504,1
0.33995068073272705,1
0.3492719233036041,1
0.25016748905181885,1
0.3653141260147095,1
0.31732651591300964,1
0.372196227312088,1
0.38186371326446533,1
0.418402761220932,1
0.3690634071826935,1
0.4787500500679016,1
0.366452157497406,1
0.43430209159851074,1
0.38009506464004517,1
0.45659711956977844,1
0.3205588459968567,1
0.40054380893707275,1
0.39555874466896057,1
0.40824681520462036,1
0.3871143162250519,1
0.27063390612602234,1
0.36267104744911194,1
0.47138455510139465,1
0.5596232414245605,1
0.42775794863700867,1
0.3844013512134552,1
0.3908844590187073,1
0.4033903479576111,1
0.32405713200569153,1
0.44583654403686523,1
0.3977872133255005,1
0.3761681616306305,1
0.3651471436023712,1
0.34068259596824646,1
0.4079355299472809,1
0.46236950159072876,1
0.3058900535106659,1
0.3444276750087738,1
0.42552629113197327,1
0.4109330475330353,1
0.48626968264579773,1
0.3177131414413452,1
0.29257720708847046,1
0.36213913559913635,1
0.3294742703437805,1
0.2706269919872284,1
0.4527184069156647,1
0.39790958166122437,1
0.311471164226532,1
0.2983825206756592,1
0.3706780970096588,1
0.4106483459472656,1
0.37889790534973145,1
0.442050039768219,1
0.29009395837783813,1
0.3225126564502716,1
0.31098735332489014,1
0.3850899934768677,1
0.364756315946579,1
0.3781702518463135,1
0.3740854859352112,1
0.3621055483818054,1
0.3810235559940338,1
0.3509494662284851,1
0.38847053050994873,1
0.3180622160434723,1
0.3658694922924042,1
0.3858814239501953,1
0.4045107662677765,1
0.46626371145248413,1
0.4075537919998169,1
0.34585005044937134,1
0.38104021549224854,1
0.4069315493106842,1
0.270662784576416,1
0.4210784435272217,1
0.2686613202095032,1
0.3774639368057251,1
0.2900936007499695,1
0.37680983543395996,1
0.41708844900131226,1
0.3732571303844452,1
0.39576417207717896,1
0.3658655285835266,1
0.3218076825141907,1
0.330687016248703,1
0.27993637323379517,1
0.3466019034385681,1
0.37825340032577515,1
0.33747947216033936,1
0.31776535511016846,1
0.42950817942619324,1
0.2688768208026886,1
0.3488631844520569,1
0.46831661462783813,1
0.3966444730758667,1
0.42908114194869995,1
0.3455929756164551,1
0.3694238066673279,1
0.20994164049625397,1
0.4055577516555786,1
0.3520621657371521,1
0.3286139667034149,1
0.3540653884410858,1
0.3106463849544525,1
0.26543232798576355,1
0.3844820261001587,1
0.34255310893058777,1
0.37099048495292664,1
0.42448633909225464,1
0.26829513907432556,1
0.4070793092250824,1
0.39270803332328796,1
0.3085671067237854,1
0.4042813777923584,1
0.44719332456588745,1
0.3410888910293579,1
0.297950804233551,1
0.4433302879333496,1
0.3515981435775757,1
0.5470283031463623,1
0.4057818055152893,1
0.3463031053543091,1
0.2884445786476135,1
0.22484061121940613,1
0.263030469417572,1
0.2741953134536743,1
0.353468656539917,1
0.3588939607143402,1
0.437987744808197,1
0.3258809447288513,1
0.432121217250824,1
0.3736075162887573,1
0.35256215929985046,1
0.4737096130847931,1
0.44014495611190796,1
0.3527184724807739,1
0.41582733392715454,1
0.4773103594779968,1
0.2631498873233795,1
0.30597060918807983,1
0.3797450065612793,1
0.38220423460006714,1
0.3249635696411133,1
0.4634638726711273,1
0.4143054485321045,1
0.35382938385009766,1
0.35170823335647583,1
0.30605533719062805,1
0.3677113354206085,1
0.3793036937713623,1
0.3523620665073395,1
0.4252876937389374,1
0.3195089101791382,1
0.3393978476524353,1
0.37041592597961426,1
0.2761264741420746,1
0.28221696615219116,1
0.28765344619750977,1
0.41624099016189575,1
0.3605283796787262,1
0.3223015069961548,1
0.33939382433891296,1
0.30976688861846924,1
0.39221781492233276,1
0.35282886028289795,1
0.43402206897735596,1
0.4982452988624573,1
0.40977972745895386,1
0.3370465040206909,1
0.30296218395233154,1
0.3341738283634186,1
0.3415412902832031,1
0.3323390483856201,1
0.36383113265037537,1
0.48043495416641235,1
0.23550328612327576,1
0.3441486358642578,1
0.4233991205692291,1
0.42494139075279236,1
0.33545225858688354,1
0.3716464042663574,1
0.30208471417427063,1
0.2876776456832886,1
0.3867466449737549,1
0.48563066124916077,1
0.2933109998703003,1
0.3263823390007019,1
0.4110269248485565,1
0.33774808049201965,1
0.3104039132595062,1
0.32664743065834045,1
0.34212636947631836,1
0.2803816795349121,1
0.35988956689834595,1
0.35299453139305115,1
0.3352619409561157,1
0.4304918944835663,1
0.34937387704849243,1
0.3000492453575134,1
0.37714844942092896,1
0.3895401656627655,1
0.27433329820632935,1
0.38221275806427,1
0.427580863237381,1
0.3466739058494568,1
0.3299673795700073,1
0.3428591191768646,1
0.3986923098564148,1
0.41466331481933594,1
0.44503137469291687,1
0.3161081075668335,1
0.37810230255126953,1
0.3020278811454773,1
0.5287094712257385,1
0.30214715003967285,1
0.39152103662490845,1
0.4938100278377533,1
0.41345325112342834,1
0.41424626111984253,1
0.33553555607795715,1
0.3984115421772003,1
0.33950677514076233,1
0.44047194719314575,1
0.3927266001701355,1
0.43140900135040283,1
0.3100610673427582,1
0.4658716320991516,1
0.40544024109840393,1
0.38186174631118774,1
0.32137686014175415,1
0.2489265650510788,1
0.3814082145690918,1
0.3044116795063019,1
0.30445459485054016,1
0.43058207631111145,1
0.5129868388175964,1
0.43702393770217896,1
0.3085389733314514,1
0.37740033864974976,1
0.41566169261932373,1
0.3704677224159241,1
0.3996226191520691,1
0.2603214383125305,1
0.41797369718551636,1
0.3952649235725403,1
0.3051820993423462,1
0.35778412222862244,1
0.33742961287498474,1
0.20579195022583008,1
0.4674590229988098,1
0.3368479907512665,1
0.4146122336387634,1
0.3375106155872345,1
0.2967199385166168,1
0.39264538884162903,1
0.32485997676849365,1
0.37818917632102966,1
0.3215513527393341,1
0.4324958622455597,1
0.3461849093437195,1
0.3187265694141388,1
0.3040241003036499,1
0.25829556584358215,1
0.4121646285057068,1
0.3315591514110565,1
0.4206080436706543,1
0.37359291315078735,1
0.3380151689052582,1
0.30566155910491943,1
0.39468756318092346,1
0.3200097680091858,1
0.43326330184936523,1
0.3460858464241028,1
0.3215046226978302,1
0.3451039791107178,1
0.5104808211326599,1
0.3685874938964844,1
0.41005444526672363,1
0.35062721371650696,1
0.2901367247104645,1
0.38090670108795166,1
0.29852569103240967,1
0.2410592883825302,1
0.383184015750885,1
0.3728504776954651,1
0.42673274874687195,1
0.4113904535770416,1
0.2989048361778259,1
0.330745667219162,1
0.3761458098888397,1
0.42573797702789307,1
0.31036797165870667,1
0.28960731625556946,1
0.34898149967193604,1
0.41442790627479553,1
0.3000746965408325,1
0.32566288113594055,1
0.4177032709121704,1
0.397666871547699,1
0.40002351999282837,1
0.33251047134399414,1
0.269165575504303,1
0.31913870573043823,1
0.28713417053222656,1
0.3675594925880432,1
0.32636475563049316,1
0.3477473258972168,1
0.27275726199150085,1
0.29530632495880127,1
0.39535751938819885,1
0.39943963289260864,1
0.42666488885879517,1
0.4352017045021057,1
0.3005630373954773,1
0.25167596340179443,1
0.3938290774822235,1
0.3996584415435791,1
0.4051404893398285,1
0.2929880619049072,1
0.4615776836872101,1
0.39414769411087036,1
0.3896065354347229,1
0.38853469491004944,1
0.27519625425338745,1
0.4638090133666992,1
0.3197859823703766,1
0.37324896454811096,1
0.33102792501449585,1
0.315186083316803,1
0.4358586072921753,1
0.25785237550735474,1
0.3165341019630432,1
0.36541134119033813,1
0.2950619161128998,1
0.3389216959476471,1
0.3572280704975128,1
0.42755502462387085,1
0.3984418511390686,1
0.3879445195198059,1
0.4038856029510498,1
0.3105620741844177,1
0.3953720033168793,1
0.41976773738861084,1
0.46157827973365784,1
0.48439693450927734,1
0.29386278986930847,1
0.31242436170578003,1
0.44366344809532166,1
0.5027743577957153,1
0.3431326150894165,1
0.45276379585266113,1
0.34147408604621887,1
0.3455551266670227,1
0.4038546085357666,1
0.4579484760761261,1
0.3025605380535126,1
0.34859365224838257,1
0.3699670433998108,1
0.3950235843658447,1
0.3667968511581421,1
0.3576849699020386,1
0.37088239192962646,1
0.26484575867652893,1
0.3893393874168396,1
0.3918345272541046,1
0.3646900951862335,1
0.3745073080062866,1
0.29790905117988586,1
0.2956244945526123,1
0.429523766040802,1
0.3463601768016815,1
0.4705643057823181,1
0.4042271077632904,1
0.34860703349113464,1
0.4823150932788849,1
0.4467703104019165,1
0.41682061553001404,1
0.3173491358757019,1
0.3688364624977112,1
0.383594274520874,1
0.46285125613212585,1
0.2804878056049347,1
0.3284171223640442,1
0.36819174885749817,1
0.32581281661987305,1
0.4104354679584503,1
0.3615909814834595,1
0.3625820279121399,1
0.4056912064552307,1
0.3698559105396271,1
0.29310789704322815,1
0.32142555713653564,1
0.3095945417881012,1
0.43477606773376465,1
0.3682728111743927,1
0.29319387674331665,1
0.3375121057033539,1
0.31879475712776184,1
0.3842513859272003,1
0.45648038387298584,1
0.26637279987335205,1
0.3703876733779907,1
0.4239237606525421,1
0.4084263741970062,1
0.3337368965148926,1
0.33432531356811523,1
0.4574110209941864,1
0.3046067953109741,1
0.3322882652282715,1
0.30092158913612366,1
0.3373512029647827,1
0.25692880153656006,1
0.3922661244869232,1
0.32898539304733276,1
0.5138746500015259,1
0.3275752663612366,1
0.38175898790359497,1
0.2954089939594269,1
0.30631309747695923,1
0.43978217244148254,1
0.3561602830886841,1
0.36044418811798096,1
0.40379494428634644,1
0.44692420959472656,1
0.4619408845901489,1
0.2534279227256775,1
0.42468908429145813,1
0.27105599641799927,1
0.34122368693351746,1
0.399657666683197,1
0.3216075897216797,1
0.40201473236083984,1
0.3948402404785156,1
0.4104454517364502,1
0.35585156083106995,1
0.386215478181839,1
0.32435154914855957,1
0.3555975556373596,1
0.3399783670902252,1
0.35008078813552856,1
0.3230212926864624,1
0.3010749816894531,1
0.3353427052497864,1
0.24966540932655334,1
0.255248486995697,1
0.46024036407470703,1
0.2540859878063202,1
0.3197959065437317,1
0.38173961639404297,1
0.3603849411010742,1
0.29785457253456116,1
0.3826068341732025,1
0.3646996021270752,1
0.3476642966270447,1
0.40251633524894714,1
0.3508637249469757,1
0.38411667943000793,1
0.4829001724720001,1
0.41090497374534607,1
0.2990856170654297,1
0.31384724378585815,1
0.3540765643119812,1
0.36423903703689575,1
0.25854623317718506,1
0.43824708461761475,1
0.4283774495124817,1
0.38561737537384033,1
0.36650556325912476,1
0.2384902536869049,1
0.355644166469574,1
0.3910866677761078,1
0.32175472378730774,1
0.327997088432312,1
0.2846297025680542,1
0.4063222408294678,1
0.35058483481407166,1
0.47621673345565796,1
0.37261635065078735,1
0.44991251826286316,1
0.43159469962120056,1
0.2819073498249054,1
0.4170287549495697,1
0.4220152795314789,1
0.33155539631843567,1
0.42793771624565125,1
0.46276968717575073,1
0.35582271218299866,1
0.33298760652542114,1
0.39334338903427124,1
0.3651847243309021,1
0.4221256673336029,1
0.29473865032196045,1
0.49481314420700073,1
0.41747593879699707,1
0.391369491815567,1
0.3412629961967468,1
0.31369131803512573,1
0.29987579584121704,1
0.31767141819000244,1
0.43129652738571167,1
0.3405577540397644,1
0.3110317885875702,1
0.335694819688797,1
0.37394922971725464,1
0.2679702043533325,1
0.4323666989803314,1
0.25947242975234985,1
0.3325704336166382,1
0.4362826943397522,1
0.44825679063796997,1
0.3603653311729431,1
0.3645811080932617,1
0.44142767786979675,1
0.3621440529823303,1
0.41536790132522583,1
0.45145153999328613,1
0.27300411462783813,1
0.3576768636703491,1
0.30116841197013855,1
0.2804650664329529,1
0.33695995807647705,1
0.33727794885635376,1
0.4816421568393707,1
0.2548827528953552,1
0.378439337015152,1
0.32257080078125,1
0.29462623596191406,1
0.42661425471305847,1
0.416719913482666,1
0.29480499029159546,1
0.38215410709381104,1
0.2240745574235916,1
0.28442704677581787,1
0.3111429810523987,1
0.26423779129981995,1
0.42006176710128784,1
0.25259560346603394,1
0.4291232228279114,1
0.42561930418014526,1
0.3210090398788452,1
0.4695688784122467,1
0.2845636010169983,1
0.4513629078865051,1
0.37421053647994995,1
0.33056503534317017,1
0.23671936988830566,1
0.2293100655078888,1
0.27827373147010803,1
0.39708060026168823,1
0.3059470057487488,1
0.4398120641708374,1
0.32518649101257324,1
0.3669677674770355,1
0.42151033878326416,1
0.257536917924881,1
0.2788008451461792,1
0.34336960315704346,1
0.36715787649154663,1
0.3550548255443573,1
0.2555798292160034,1
0.27528005838394165,1
0.25904273986816406,1
0.31050780415534973,1
0.35206079483032227,1
0.3367840349674225,1
0.2833023965358734,1
0.3735392689704895,1
0.508531391620636,1
0.3951059579849243,1
0.41786879301071167,1
0.28282415866851807,1
0.33385831117630005,1
0.3617558479309082,1
0.31771111488342285,1
0.32558372616767883,1
0.30227532982826233,1
0.2415790855884552,1
0.378345251083374,1
0.6539158821105957,1
0.33829060196876526,1
0.37389233708381653,1
0.3265240788459778,1
0.2632444202899933,1
0.3853001594543457,1
0.3580728769302368,1
0.2885706126689911,1
0.3444129228591919,1
0.2913404405117035,1
0.339302659034729,1
0.2944076657295227,1
0.40540075302124023,1
0.36913666129112244,1
0.43118923902511597,1
0.4255707263946533,1
0.3746408224105835,1
0.36224421858787537,1
0.3259856700897217,1
0.48068177700042725,1
0.46127140522003174,1
0.28770047426223755,1
0.3343251347541809,1
0.30928856134414673,1
0.4073951244354248,1
0.3285389542579651,1
0.2707168757915497,1
0.2560647428035736,1
0.3607857823371887,1
0.3553990125656128,1
0.33729439973831177,1
0.3111938238143921,1
0.5010597705841064,1
0.3980100750923157,1
0.4150673747062683,1
0.32805728912353516,1
0.47286656498908997,1
0.41987454891204834,1
0.312999427318573,1
0.3845714330673218,1
0.4657532870769501,1
0.26232486963272095,1
0.27334412932395935,1
0.35894158482551575,1
0.3015826940536499,1
0.5187824964523315,1
0.28847363591194153,1
0.26028916239738464,1
0.298713743686676,1
0.21676571667194366,1
0.3164486289024353,1
0.2913532257080078,1
0.41679298877716064,1
0.3553590476512909,1
0.33765679597854614,1
0.37133753299713135,1
0.35833245515823364,1
0.32897403836250305,1
0.3028622567653656,1
0.30184853076934814,1
0.46512269973754883,1
0.24898995459079742,1
0.37718212604522705,1
0.32508596777915955,1
0.35504812002182007,1
0.3699236512184143,1
0.3571775555610657,1
0.4107089340686798,1
0.28774482011795044,1
0.3343101441860199,1
0.25538086891174316,1
0.32060056924819946,1
0.35380834341049194,1
0.3892837166786194,1
0.31296098232269287,1
0.3920862674713135,1
0.2890608310699463,1
0.4182945489883423,1
0.2370736002922058,1
0.29191717505455017,1
0.4517745077610016,1
0.2859916687011719,1
0.41574299335479736,1
0.2836325168609619,1
0.3646910786628723,1
0.3405226171016693,1
0.3147839605808258,1
0.34213390946388245,1
0.4856807291507721,1
0.3622432351112366,1
0.4364965260028839,1
0.40557512640953064,1
0.3509497344493866,1
0.346017062664032,1
0.40959030389785767,1
0.31439530849456787,1
0.2596641778945923,1
0.28677889704704285,1
0.31194642186164856,1
0.36754435300827026,1
0.26089194416999817,1
0.33319616317749023,1
0.2995016574859619,1
0.30145537853240967,1
0.2957730293273926,1
0.27920663356781006,1
0.44986259937286377,1
0.3320244252681732,1
0.3631935119628906,1
0.4499942660331726,1
0.3927595615386963,1
0.34100186824798584,1
0.44182348251342773,1
0.300734281539917,1
0.5080287456512451,1
0.4357222318649292,1
0.2940194606781006,1
0.47636619210243225,1
0.4276682138442993,1
0.28700703382492065,1
0.36595121026039124,1
0.31790822744369507,1
0.37753692269325256,1
0.4143955409526825,1
0.480174720287323,1
0.31933265924453735,1
0.3187166750431061,1
0.39350488781929016,1
0.4859776198863983,1
0.312742680311203,1
0.33302876353263855,1
0.3559857904911041,1
0.37266433238983154,1
0.30093252658843994,1
0.25788959860801697,1
0.33619773387908936,1
0.36257922649383545,1
0.3126932382583618,1
0.3825344741344452,1
0.3279597759246826,1
0.4072721302509308,1
0.24122276902198792,1
0.3379594385623932,1
0.29920780658721924,1
0.3693031668663025,1
0.518654465675354,1
0.4123896658420563,1
0.38174259662628174,1
0.29919642210006714,1
0.4372125267982483,1
0.4510264992713928,1
0.337764173746109,1
0.4002405107021332,1
0.39309656620025635,1
0.3943525552749634,1
0.34207919239997864,1
0.28267383575439453,1
0.3049696683883667,1
0.296877920627594,1
0.2792719006538391,1
0.3784927427768707,1
0.4962887763977051,1
0.3347893953323364,1
0.2989283800125122,1
0.42518532276153564,1
0.3353998064994812,1
0.4557156562805176,1
0.3498617112636566,1
0.35122743248939514,1
0.3739439845085144,1
0.3221014738082886,1
0.357071191072464,1
0.3431270122528076,1
0.30285346508026123,1
0.28067919611930847,1
0.4059073328971863,1
0.33770278096199036,1
0.29704731702804565,1
0.36947423219680786,1
0.32633912563323975,1
0.4277403652667999,1
0.32244032621383667,1
0.33774974942207336,1
0.4003802239894867,1
0.35716986656188965,1
0.3082529902458191,1
0.39926791191101074,1
0.36373335123062134,1
0.4043694734573364,1
0.4348522424697876,1
0.3944414258003235,1
0.36614763736724854,1
0.25733208656311035,1
0.20938953757286072,1
0.3270500898361206,1
0.3855478763580322,1
0.3974120020866394,1
0.4437188506126404,1
0.45665648579597473,1
0.33164772391319275,1
0.3974599242210388,1
0.3483023941516876,1
0.39650678634643555,1
0.36284196376800537,1
0.39301005005836487,1
0.4189837574958801,1
0.37354612350463867,1
0.32218125462532043,1
0.37558454275131226,1
0.3596808910369873,1
0.4033415913581848,1
0.49288153648376465,1
0.3947955071926117,1
0.3057560622692108,1
0.3561677634716034,1
0.3039592206478119,1
0.3260277509689331,1
0.29560694098472595,1
0.34797313809394836,1
0.347133994102478,1
0.3259277939796448,1
0.2355920523405075,1
0.38420987129211426,1
0.39023637771606445,1
0.34743109345436096,1
0.39823830127716064,1
0.3822421431541443,1
0.3032189905643463,1
0.36501240730285645,1
0.4025745987892151,1
0.2739001512527466,1
0.33435559272766113,1
0.3719637989997864,1
0.35818207263946533,1
0.36250656843185425,1
0.33132874965667725,1
0.36318475008010864,1
0.39569902420043945,1
0.4077117145061493,1
0.29709213972091675,1
0.2736284136772156,1
0.27370163798332214,1
0.4643573462963104,1
0.38115841150283813,1
0.44191333651542664,1
0.49627935886383057,1
0.4248848557472229,1
0.36822307109832764,1
0.2672033905982971,1
0.3902914822101593,1
0.3050287365913391,1
0.3330506682395935,1
0.24340222775936127,1
0.4440695643424988,1
0.3287765085697174,1
0.32321298122406006,1
0.32701945304870605,1
0.36345982551574707,1
0.36235159635543823,1
0.4085461497306824,1
0.32281774282455444,1
0.28237271308898926,1
0.47699296474456787,1
0.314550518989563,1
0.2591581642627716,1
0.3754488527774811,1
0.39062783122062683,1
0.37510719895362854,1
0.36982330679893494,1
0.4133989214897156,1
0.34671205282211304,1
0.3574132025241852,1
0.2774243950843811,1
0.3112490177154541,1
0.37573906779289246,1
0.2541840076446533,1
0.3970765471458435,1
0.4463082551956177,1
0.3397137522697449,1
0.36933547258377075,1
0.34790390729904175,1
0.3304485082626343,1
0.38972344994544983,1
0.39893782138824463,1
0.31772691011428833,1
0.2884373962879181,1
0.32527482509613037,1
0.36050090193748474,1
0.36609920859336853,1
0.4269835352897644,1
0.3440508246421814,1
0.4006563127040863,1
0.4131053686141968,1
0.3804589509963989,1
0.31368258595466614,1
0.36075401306152344,1
0.3597434163093567,1
0.3687230944633484,1
0.3660983443260193,1
0.31333279609680176,1
0.461546391248703,1
0.3478486239910126,1
0.3416019678115845,1
0.45230811834335327,1
0.3539999723434448,1
0.36771658062934875,1
0.4103856086730957,1
0.42319679260253906,1
0.33441638946533203,1
0.296769380569458,1
0.3269391655921936,1
0.35847604274749756,1
0.3171393871307373,1
0.30672284960746765,1
0.4592883884906769,1
0.3761729300022125,1
0.326365202665329,1
0.3483786880970001,1
0.3292410373687744,1
0.28458982706069946,1
0.4034416377544403,1
0.44320592284202576,1
0.4296008348464966,1
0.388631671667099,1
0.27989810705184937,1
0.5096234679222107,1
0.30391260981559753,1
0.39636170864105225,1
0.2975093424320221,1
0.38259583711624146,1
0.383154034614563,1
0.43562036752700806,1
0.2710103988647461,1
0.38553038239479065,1
0.4582710862159729,1
0.37299638986587524,1
0.32765695452690125,1
0.4562992453575134,1
0.37248653173446655,1
0.5178643465042114,1
0.4325305223464966,1
0.3388019800186157,1
0.37951022386550903,1
0.31126701831817627,1
0.3675397038459778,1
0.43972885608673096,1
0.26098012924194336,1
0.27524876594543457,1
0.3747050166130066,1
0.3408377766609192,1
0.440143346786499,1
0.3684385418891907,1
0.34214282035827637,1
0.5166687965393066,1
0.28164494037628174,1
0.4126594066619873,1
0.2773953378200531,1
0.3288055658340454,1
0.34720999002456665,1
0.4493178129196167,1
0.3542707562446594,1
0.36185377836227417,1
0.33446571230888367,1
0.3832036256790161,1
0.3519071042537689,1
0.41394054889678955,1
0.2563644051551819,1
0.3744896650314331,1
0.42613309621810913,1
0.38821762800216675,1
0.4858344793319702,1
0.31420329213142395,1
0.30047619342803955,1
0.304940402507782,1
0.43593674898147583,1
0.4836394786834717,1
0.2719126045703888,1
0.33902257680892944,1
0.4138093590736389,1
0.3219411373138428,1
0.3604639768600464,1
0.4706742763519287,1
0.32843106985092163,1
0.3350158929824829,1
0.35751307010650635,1
0.3089929223060608,1
0.341965913772583,1
0.3297729194164276,1
0.39618176221847534,1
0.32085394859313965,1
0.2769782543182373,1
0.3956558108329773,1
0.348026305437088,1
0.23639796674251556,1
0.273889422416687,1
0.4702344536781311,1
0.3261357545852661,1
0.35154980421066284,1
0.35540127754211426,1
0.4302789568901062,1
0.3421373665332794,1
0.3715260624885559,1
0.3051241934299469,1
0.43660968542099,1
0.32799115777015686,1
0.3814151883125305,1
0.3351828455924988,1
0.27260342240333557,1
0.3579288721084595,1
0.26679110527038574,1
0.3820364475250244,1
0.39670541882514954,1
0.35151100158691406,1
0.33767545223236084,1
0.32582128047943115,1
0.32769665122032166,1
0.3093571960926056,1
0.48627138137817383,1
0.32991674542427063,1
0.2315199077129364,1
0.3464035391807556,1
0.4239334166049957,1
0.3340800106525421,1
0.38489970564842224,1
0.44958651065826416,1
0.3055835962295532,1
0.2952873110771179,1
0.3678002953529358,1
0.275155246257782,1
0.4086570143699646,1
0.2928538918495178,1
0.2827191650867462,1
0.4446292519569397,1
0.26274237036705017,1
0.24831922352313995,1
0.2808353304862976,1
0.29793214797973633,1
0.29014620184898376,1
0.38279813528060913,1
0.2742372751235962,1
0.3364409804344177,1
0.36829590797424316,1
0.31959185004234314,1
0.45133543014526367,1
0.4179334044456482,1
0.3262389898300171,1
0.389108270406723,1
0.3327138423919678,1
0.4594530761241913,1
0.4018858075141907,1
0.3499353528022766,1
0.3238446116447449,1
0.35323813557624817,1
0.374164879322052,1
0.3659698963165283,1
0.28443995118141174,1
0.3769221901893616,1
0.3101496696472168,1
0.3536248505115509,1
0.35643619298934937,1
0.3757215142250061,1
0.49804046750068665,1
0.3011859357357025,1
0.4028177857398987,1
0.2917197346687317,1
0.2800341248512268,1
0.45246440172195435,1
0.23892414569854736,1
0.3962636888027191,1
0.35841357707977295,1
0.31535768508911133,1
0.36018264293670654,1
0.38124144077301025,1
0.35755273699760437,1
0.38319146633148193,1
0.38022875785827637,1
0.28250962495803833,1
0.4451233446598053,1
0.3299626410007477,1
0.37026599049568176,1
0.4531254172325134,1
0.3132627010345459,1
0.33478254079818726,1
0.5617214441299438,1
0.262729674577713,1
0.36501163244247437,1
0.36964279413223267,1
0.36021989583969116,1
0.40350839495658875,1
0.3403192162513733,1
0.3757055401802063,1
0.3060205578804016,1
0.38163381814956665,1
0.4044930338859558,1
0.387942373752594,1
0.31802237033843994,1
0.33832240104675293,1
0.4425101578235626,1
0.4586629569530487,1
0.26856333017349243,1
0.506629467010498,1
0.27478304505348206,1
0.4476032853126526,1
0.43007558584213257,1
0.40309661626815796,1
0.43530336022377014,1
0.2970634698867798,1
0.3161870241165161,1
0.3624531030654907,1
0.4126788079738617,1
0.37322181463241577,1
0.19101841747760773,1
0.34437254071235657,1
0.3125832676887512,1
0.3010156750679016,1
0.2898697853088379,1
0.30975496768951416,1
0.31791701912879944,1
0.2944593131542206,1
0.37604737281799316,1
0.24250081181526184,1
0.3100544810295105,1
0.3181677460670471,1
0.3262218236923218,1
0.46511489152908325,1
0.308841347694397,1
0.4924588203430176,1
0.3335527777671814,1
0.4127628803253174,1
0.3590657114982605,1
0.3196670711040497,1
0.41755354404449463,1
0.4176011085510254,1
0.4427064061164856,1
0.3203001916408539,1
0.4793027937412262,1
0.29271262884140015,1
0.36176085472106934,1
0.3975263833999634,1
0.3726537823677063,1
0.4297678768634796,1
0.29781490564346313,1
0.35601961612701416,1
0.29378193616867065,1
0.29199305176734924,1
0.38141578435897827,1
0.351818323135376,1
0.3572617769241333,1
0.45792245864868164,1
0.2584061026573181,1
0.3732762932777405,1
0.2913123667240143,1
0.22719350457191467,1
0.36729705333709717,1
0.386791467666626,1
0.26440420746803284,1
0.41655153036117554,1
0.42829713225364685,1
0.3169707953929901,1
0.3799651563167572,1
0.2729099988937378,1
0.3931937515735626,1
0.3444362282752991,1
0.37994664907455444,1
0.29447856545448303,1
0.43288853764533997,1
0.3479117751121521,1
0.37425604462623596,1
0.3321934640407562,1
0.35331404209136963,1
0.37697145342826843,1
0.3910714387893677,1
0.33059433102607727,1
0.3072746992111206,1
0.3612739145755768,1
0.33572062849998474,1
0.39330345392227173,1
0.4089623987674713,1
0.3706360459327698,1
0.2027035504579544,1
0.3779485821723938,1
0.31713929772377014,1
0.28654584288597107,1
0.37724822759628296,1
0.4094560742378235,1
0.3776037395000458,1
0.3748300075531006,1
0.4469190239906311,1
0.3012610077857971,1
0.27494609355926514,1
0.29372572898864746,1
0.45733287930488586,1
0.3082745671272278,1
0.5123477578163147,1
0.38419198989868164,1
0.2878968119621277,1
0.3294229209423065,1
0.3460786044597626,1
0.31928780674934387,1
0.3627622127532959,1
0.36628833413124084,1
0.34202784299850464,1
0.4871179461479187,1
0.3433837294578552,1
0.30317217111587524,1
0.3638145923614502,1
0.35976287722587585,1
0.293251097202301,1
0.42809274792671204,1
0.359836608171463,1
0.5341305732727051,1
0.37688955664634705,1
0.4898892939090729,1
0.21952709555625916,1
0.344618558883667,1
0.3792690336704254,1
0.33328622579574585,1
0.3576779365539551,1
0.3488915264606476,1
0.3423892557621002,1
0.33865198493003845,1
0.2967410683631897,1
0.36048424243927,1
0.29255610704421997,1
0.3961384892463684,1
0.4703228771686554,1
0.2947388291358948,1
0.36696305871009827,1
0.345550537109375,1
0.32221096754074097,1
0.3086337745189667,1
0.39048975706100464,1
0.44052883982658386,1
0.3409174680709839,1
0.45147302746772766,1
0.3550862669944763,1
0.4370913505554199,1
0.27540892362594604,1
0.3301558494567871,1
0.32802093029022217,1
0.3730624318122864,1
0.34439030289649963,1
0.33792203664779663,1
0.31998080015182495,1
0.3668963313102722,1
0.381626158952713,1
0.31626713275909424,1
0.30387216806411743,1
0.32782018184661865,1
0.38739779591560364,1
0.33443787693977356,1
0.38839566707611084,1
0.3014044165611267,1
0.34014344215393066,1
0.32560810446739197,1
0.3551439642906189,1
0.3386959135532379,1
0.3642157316207886,1
0.4143466651439667,1
0.34867626428604126,1
0.2831174433231354,1
0.341798335313797,1
0.36577850580215454,1
0.3527895510196686,1
0.32530900835990906,1
0.3058399260044098,1
0.36308297514915466,1
0.36898356676101685,1
0.42557039856910706,1
0.35805124044418335,1
0.43085554242134094,1
0.27682679891586304,1
0.3209220767021179,1
0.31164348125457764,1
0.2930173873901367,1
0.38242459297180176,1
0.3121437132358551,1
0.31265729665756226,1
0.4625948965549469,1
0.2730776369571686,1
0.30618059635162354,1
0.3269263803958893,1
0.31130629777908325,1
0.33560293912887573,1
0.3355541527271271,1
0.37756672501564026,1
0.31001460552215576,1
0.4052216410636902,1
0.26669979095458984,1
0.3992113471031189,1
0.4670702815055847,1
0.4328731894493103,1
0.32528603076934814,1
0.30647027492523193,1
0.40849769115448,1
0.36698561906814575,1
0.4430423974990845,1
0.33656418323516846,1
0.38384413719177246,1
0.41189900040626526,1
0.36561501026153564,1
0.40757033228874207,1
0.4351004958152771,1
0.34245163202285767,1
0.33254101872444153,1
0.3893694281578064,1
0.3938734233379364,1
0.44126737117767334,1
0.26541680097579956,1
0.25006359815597534,1
0.3617023229598999,1
0.36745014786720276,1
0.2953198552131653,1
0.3527405261993408,1
0.4137903153896332,1
0.30766844749450684,1
0.43443727493286133,1
0.3428107500076294,1
0.3453369736671448,1
0.43049269914627075,1
0.37493211030960083,1
0.4507354199886322,1
0.32608968019485474,1
0.40873008966445923,1
0.3818668723106384,1
0.32623258233070374,1
0.41222041845321655,1
0.2713567912578583,1
0.3076304793357849,1
0.4322073757648468,1
0.38514024019241333,1
0.29893580079078674,1
0.2913598418235779,1
0.41315752267837524,1
0.3858725130558014,1
0.33207011222839355,1
0.40988606214523315,1
0.40673336386680603,1
0.344237357378006,1
0.31469520926475525,1
0.24113021790981293,1
0.3429076373577118,1
0.5371431708335876,1
0.3224611282348633,1
0.4768630564212799,1
0.37306758761405945,1
0.3801473379135132,1
0.36888837814331055,1
0.33923882246017456,1
0.3739527463912964,1
0.25947272777557373,1
0.3709259629249573,1
0.35466834902763367,1
0.36165088415145874,1
0.3011270761489868,1
0.3082394301891327,1
0.28096669912338257,1
0.32008880376815796,1
0.336349219083786,1
0.4636644124984741,1
0.2928089499473572,1
0.4397035241127014,1
0.27484214305877686,1
0.36481067538261414,1
0.39761361479759216,1
0.30144238471984863,1
0.35444608330726624,1
0.3427349925041199,1
0.3476877212524414,1
0.3656586706638336,1
0.33783259987831116,1
0.37548816204071045,1
0.435924232006073,1
0.35233673453330994,1
0.2928696274757385,1
0.28946515917778015,1
0.4664512276649475,1
0.3084983229637146,1
0.39351534843444824,1
0.37737834453582764,1
0.3012775182723999,1
0.383632630109787,1
0.3092392086982727,1
0.3019297122955322,1
0.38294392824172974,1
0.3325434923171997,1
0.38643908500671387,1
0.3098710775375366,1
0.2713163495063782,1
0.3225756883621216,1
0.44495758414268494,1
0.37818899750709534,1
0.2967875599861145,1
0.44074761867523193,1
0.3522847890853882,1
0.3600620627403259,1
0.29031360149383545,1
0.38964712619781494,1
0.29687607288360596,1
0.3491249680519104,1
0.4745204448699951,1
0.24826925992965698,1
0.25982531905174255,1
0.36898547410964966,1
0.39787232875823975,1
0.415889710187912,1
0.4741925001144409,1
0.3498094081878662,1
0.46996819972991943,1
0.3082275092601776,1
0.3991181254386902,1
0.43299999833106995,1
0.39592981338500977,1
0.3330182433128357,1
0.3608822226524353,1
0.3127700090408325,1
0.2994149327278137,1
0.28777673840522766,1
0.3883039951324463,1
0.24519799649715424,1
0.27331727743148804,1
0.39291197061538696,1
0.36151057481765747,1
0.4505155086517334,1
0.30589914321899414,1
0.3268338143825531,1
0.41040754318237305,1
0.36064016819000244,1
0.4771868884563446,1
0.3392150104045868,1
0.44016915559768677,1
0.43263664841651917,1
0.42511382699012756,1
0.4359235167503357,1
0.45378178358078003,1
0.27485787868499756,1
0.3070026636123657,1
0.3398091793060303,1
0.4447784423828125,1
0.3938947916030884,1
0.3074605464935303,1
0.2754608392715454,1
0.3505941927433014,1
0.3395758867263794,1
0.518048882484436,1
0.45482081174850464,1
0.3625803589820862,1
0.3246205747127533,1
0.3085004687309265,1
0.34159165620803833,1
0.22602614760398865,1
0.3454914689064026,1
0.29612019658088684,1
0.34325218200683594,1
0.26166701316833496,1
0.38974058628082275,1
0.4023539423942566,1
0.39972013235092163,1
0.28135451674461365,1
0.2956697940826416,1
0.42998185753822327,1
0.37104612588882446,1
0.41157692670822144,1
0.31825244426727295,1
0.4469207525253296,1
0.34630531072616577,1
0.29747992753982544,1
0.3176582455635071,1
0.39482975006103516,1
0.41392067074775696,1
0.37870725989341736,1
0.32475411891937256,1
0.32904261350631714,1
0.3841228187084198,1
0.33786898851394653,1
0.3159986138343811,1
0.30269575119018555,1
0.28997528553009033,1
0.3908841013908386,1
0.29361823201179504,1
0.44446563720703125,1
0.3329201340675354,1
0.30380141735076904,1
0.40324437618255615,1
0.23026959598064423,1
0.31834450364112854,1
0.4041043519973755,1
0.25858527421951294,1
0.3909446597099304,1
0.43019410967826843,1
0.3397243022918701,1
0.3995925784111023,1
0.5475574731826782,1
0.3805377781391144,1
0.35312217473983765,1
0.44180041551589966,1
0.37820950150489807,1
0.3438655436038971,1
0.46386680006980896,1
0.39081183075904846,1
0.28486907482147217,1
0.4411964416503906,1
0.33348482847213745,1
0.37106406688690186,1
0.42121922969818115,1
0.2830145061016083,1
0.27803754806518555,1
0.39912959933280945,1
0.3065805435180664,1
0.28760573267936707,1
0.3165355920791626,1
0.2856450378894806,1
0.3382989168167114,1
0.43318724632263184,1
0.3722537159919739,1
0.4051200747489929,1
0.4165334105491638,1
0.41930949687957764,1
0.26198527216911316,1
0.31090211868286133,1
0.39172476530075073,1
0.3366515636444092,1
0.3469989597797394,1
0.34031862020492554,1
0.32056182622909546,1
0.36507201194763184,1
0.35042524337768555,1
0.3291586935520172,1
0.3580911159515381,1
0.37296247482299805,1
0.43989428877830505,1
0.41671210527420044,1
0.33385366201400757,1
0.35224419832229614,1
0.41582751274108887,1
0.39060723781585693,1
0.33993369340896606,1
0.48731833696365356,1
0.39290133118629456,1
0.38383710384368896,1
0.44674667716026306,1
0.5459790229797363,1
0.4337211549282074,1
0.34645742177963257,1
0.3422798812389374,1
0.31094488501548767,1
0.34959375858306885,1
0.397854208946228,1
0.35234177112579346,1
0.32730498909950256,1
0.4719141125679016,1
0.32778263092041016,1
0.3721156120300293,1
0.37286755442619324,1
0.39067506790161133,1
0.40377187728881836,1
0.37515777349472046,1
0.31358128786087036,1
0.44871819019317627,1
0.25513920187950134,1
0.510404646396637,1
0.32636910676956177,1
0.37621212005615234,1
0.4515078067779541,1
0.27832460403442383,1
0.3481450080871582,1
0.33613571524620056,1
0.2788110673427582,1
0.2559029161930084,1
0.3817496597766876,1
0.3628419041633606,1
0.38665497303009033,1
0.38225099444389343,1
0.38255900144577026,1
0.49277764558792114,1
0.3724147379398346,1
0.31273648142814636,1
0.32105427980422974,1
0.45463982224464417,1
0.3163619637489319,1
0.3624521493911743,1
0.38832104206085205,1
0.3398590087890625,1
0.35919737815856934,1
0.3171049654483795,1
0.3993852734565735,1
0.335527241230011,1
0.3448254466056824,1
0.32920777797698975,1
0.3776959478855133,1
0.32852134108543396,1
0.4430955946445465,1
0.3219141960144043,1
0.44234520196914673,1
0.3632470965385437,1
0.35836049914360046,1
0.43315261602401733,1
0.28946197032928467,1
0.39104562997817993,1
0.3412766456604004,1
0.31920281052589417,1
0.3335970640182495,1
0.49819716811180115,1
0.4009965658187866,1
0.4006253480911255,1
0.2457791417837143,1
0.373174250125885,1
0.372807115316391,1
0.36069947481155396,1
0.3672569692134857,1
0.31062453985214233,1
0.26659923791885376,1
0.3125404119491577,1
0.33362823724746704,1
0.38899949193000793,1
0.39097902178764343,1
0.24140878021717072,1
0.35188841819763184,1
0.33524200320243835,1
0.2586421072483063,1
0.30421221256256104,1
0.43947458267211914,1
0.3834921419620514,1
0.301699697971344,1
0.3299688398838043,1
0.3428138494491577,1
0.38641592860221863,1
0.5274798274040222,1
0.4782455563545227,1
0.5391801595687866,1
0.3883991837501526,1
0.3843540847301483,1
0.5337643027305603,1
0.4753139019012451,1
0.40822282433509827,1
0.3181043863296509,1
0.4030234217643738,1
0.23860634863376617,1
0.408779114484787,1
0.4074239134788513,1
0.4800920784473419,1
0.4156048893928528,1
0.3978429436683655,1
0.32212603092193604,1
0.41907039284706116,1
0.39391452074050903,1
0.46290123462677,1
0.35004639625549316,1
0.3677464723587036,1
0.3846694231033325,1
0.4408574104309082,1
0.337111234664917,1
0.28103646636009216,1
0.34657344222068787,1
0.36640992760658264,1
0.271889328956604,1
0.4190298020839691,1
0.37477612495422363,1
0.3690716028213501,1
0.3323773741722107,1
0.42891666293144226,1
0.46265825629234314,1
0.276215523481369,1
0.34416162967681885,1
0.35606062412261963,1
0.3658076524734497,1
0.4271732568740845,1
0.3988591134548187,1
0.47047701478004456,1
0.549696683883667,1
0.3726029396057129,1
0.4507131278514862,1
0.3301376700401306,1
0.5453837513923645,1
0.30079975724220276,1
0.46113401651382446,1
0.3216875195503235,1
0.2931958734989166,1
0.3898991048336029,1
0.40891513228416443,1
0.3354937732219696,1
0.3032348155975342,1
0.3324066996574402,1
0.3874891698360443,1
0.32181209325790405,1
0.24051310122013092,1
0.39199167490005493,1
0.30835574865341187,1
0.3850514590740204,1
0.2753685712814331,1
0.37798693776130676,1
0.4255047142505646,1
0.30219098925590515,1
0.36934539675712585,1
0.3862249255180359,1
0.33895108103752136,1
0.3835967779159546,1
0.3575816750526428,1
0.36741042137145996,1
0.28181132674217224,1
0.46211904287338257,1
0.39305394887924194,1
0.19219207763671875,1
0.3562508225440979,1
0.267842561006546,1
0.36100876331329346,1
0.4520086944103241,1
0.28247541189193726,1
0.2997645139694214,1
0.3466116189956665,1
0.39428603649139404,1
0.4123538136482239,1
0.4373300075531006,1
0.4802062511444092,1
0.3393845558166504,1
0.3672693073749542,1
0.26763543486595154,1
0.3538622558116913,1
0.2682613134384155,1
0.3056274354457855,1
0.2975044846534729,1
0.44308197498321533,1
0.28897538781166077,1
0.2387431114912033,1
0.43939176201820374,1
0.30019089579582214,1
0.3546634912490845,1
0.4165284037590027,1
0.3877342939376831,1
0.3567005395889282,1
0.34090569615364075,1
0.36382409930229187,1
0.30913734436035156,1
0.3448699116706848,1
0.3256077468395233,1
0.32020294666290283,1
0.44517043232917786,1
0.3606328070163727,1
0.3048364222049713,1
0.3028656542301178,1
0.2852412462234497,1
0.3861065208911896,1
0.24237051606178284,1
0.3395242691040039,1
0.30774080753326416,1
0.3961876630783081,1
0.3850875496864319,1
0.31373608112335205,1
0.3097164034843445,1
0.36359065771102905,1
0.23283728957176208,1
0.30090925097465515,1
0.4361106753349304,1
0.43981918692588806,1
0.36541715264320374,1
0.33953624963760376,1
0.39634913206100464,1
0.3484260141849518,1
0.4085940420627594,1
0.26684319972991943,1
0.36538296937942505,1
0.40359991788864136,1
0.3796907365322113,1
0.3200320899486542,1
0.3912470042705536,1
0.48005932569503784,1
0.30591505765914917,1
0.3827051520347595,1
0.4268721640110016,1
0.40109434723854065,1
0.31100326776504517,1
0.2715865969657898,1
0.4598495662212372,1
0.318567156791687,1
0.3516739010810852,1
0.3556877374649048,1
0.3285243809223175,1
0.2731558382511139,1
0.4048210382461548,1
0.4121088981628418,1
0.3736526370048523,1
0.40018534660339355,1
0.3617268204689026,1
0.47764328122138977,1
0.3101063370704651,1
0.43137863278388977,1
0.35873034596443176,1
0.3866497576236725,1
0.239542156457901,1
0.3416737914085388,1
0.38049817085266113,1
0.3340141773223877,1
0.3290921449661255,1
0.3850911855697632,1
0.3023020029067993,1
0.2857232093811035,1
0.4571157693862915,1
0.33552122116088867,1
0.3165404498577118,1
0.390663206577301,1
0.2878566384315491,1
0.3141181170940399,1
0.3739064335823059,1
0.29749834537506104,1
0.2556818723678589,1
0.26633214950561523,1
0.37032607197761536,1
0.295565664768219,1
0.24766984581947327,1
0.37963998317718506,1
0.42761680483818054,1
0.2666245996952057,1
0.30373454093933105,1
0.34946227073669434,1
0.4955000579357147,1
0.2683961093425751,1
0.3270833492279053,1
0.3777080178260803,1
0.28197789192199707,1
0.38988834619522095,1
0.382355272769928,1
0.3601101338863373,1
0.29147452116012573,1
0.39873021841049194,1
0.33470308780670166,1
0.3438275456428528,1
0.3638749420642853,1
0.3570502996444702,1
0.43791189789772034,1
0.3844306766986847,1
0.3804567754268646,1
0.3459901809692383,1
0.4077093005180359,1
0.3620989918708801,1
0.36402109265327454,1
0.47672271728515625,1
0.2912290394306183,1
0.3318521976470947,1
0.28768524527549744,1
0.3444567620754242,1
0.3878973722457886,1
0.3983441889286041,1
0.3026597499847412,1
0.29504385590553284,1
0.3092552125453949,1
0.29585880041122437,1
0.3663114011287689,1
0.30611181259155273,1
0.3329054117202759,1
0.23656043410301208,1
0.34494996070861816,1
0.3361620306968689,1
0.36167025566101074,1
0.3628794848918915,1
0.4507100582122803,1
0.2981802225112915,1
0.3363308906555176,1
0.4157556891441345,1
0.2966037690639496,1
0.33842140436172485,1
0.2592930793762207,1
0.3375642001628876,1
0.4138689339160919,1
0.2667723596096039,1
0.36717700958251953,1
0.3635425567626953,1
0.44775620102882385,1
0.39430826902389526,1
0.3342720568180084,1
0.34685051441192627,1
0.3075946271419525,1
0.34938284754753113,1
0.3512101471424103,1
0.331562876701355,1
0.33993232250213623,1
0.40397322177886963,1
0.29278305172920227,1
0.4613851010799408,1
0.2868862748146057,1
0.3098108470439911,1
0.41687169671058655,1
0.3069087266921997,1
0.3632779121398926,1
0.34531107544898987,1
0.3647935390472412,1
0.2797183692455292,1
0.3449239432811737,1
0.37960749864578247,1
0.32856857776641846,1
0.4424130320549011,1
0.269008606672287,1
0.33457517623901367,1
0.3242398500442505,1
0.4113844335079193,1
0.3258740305900574,1
0.3465724587440491,1
0.27715298533439636,1
0.379193514585495,1
0.3090854287147522,1
0.4417271316051483,1
0.3305213153362274,1
0.3012559711933136,1
0.352285772562027,1
0.32528769969940186,1
0.28791409730911255,1
0.2610228359699249,1
0.3453395664691925,1
0.2825257182121277,1
0.4227477014064789,1
0.2547840178012848,1
0.3690360188484192,1
0.43641313910484314,1
0.3005863130092621,1
0.2847433090209961,1
0.30986452102661133,1
0.375080943107605,1
0.3022928237915039,1
0.2950728237628937,1
0.3834345042705536,1
0.3385392725467682,1
0.49546754360198975,1
0.3294702470302582,1
0.418572336435318,1
0.39533475041389465,1
0.33507096767425537,1
0.4927408993244171,1
0.40385448932647705,1
0.2951017916202545,1
0.38227295875549316,1
0.3908229172229767,1
0.3893727660179138,1
0.3625521659851074,1
0.469741553068161,1
0.33578723669052124,1
0.344483882188797,1
0.31405961513519287,1
0.45158249139785767,1
0.4376874566078186,1
0.5179759860038757,1
0.3241526782512665,1
0.33169791102409363,1
0.42792248725891113,1
0.3327316343784332,1
0.4423263669013977,1
0.42674383521080017,1
0.35484012961387634,1
0.2930651903152466,1
0.37560850381851196,1
0.3882858157157898,1
0.398799329996109,1
0.443145215511322,1
0.32173436880111694,1
0.29004621505737305,1
0.5380116701126099,1
0.4052513539791107,1
0.24894309043884277,1
0.4609562158584595,1
0.33334165811538696,1
0.3447246551513672,1
0.4649818539619446,1
0.48805704712867737,1
0.3911696672439575,1
0.4339820444583893,1
0.291127473115921,1
0.31890738010406494,1
0.34434202313423157,1
0.4432923197746277,1
0.39142608642578125,1
0.32656967639923096,1
0.31740301847457886,1
0.4029538631439209,1
0.3584108054637909,1
0.35427185893058777,1
0.38391807675361633,1
0.30795150995254517,1
0.36746400594711304,1
0.39761412143707275,1
0.4505310654640198,1
0.30004245042800903,1
0.3007155656814575,1
0.30401575565338135,1
0.44748371839523315,1
0.38040146231651306,1
0.4453918933868408,1
0.32926875352859497,1
0.4486373960971832,1
0.3632155656814575,1
0.3321194648742676,1
0.3368191719055176,1
0.2928433120250702,1
0.3292236328125,1
0.40272971987724304,1
0.3187306523323059,1
0.4005201458930969,1
0.2827797532081604,1
0.20206668972969055,1
0.3183985948562622,1
0.5051043033599854,1
0.34121203422546387,1
0.29930222034454346,1
0.40421220660209656,1
0.3299977481365204,1
0.39051616191864014,1
0.385079026222229,1
0.33523863554000854,1
0.24809929728507996,1
0.35089629888534546,1
0.3783910274505615,1
0.47401517629623413,1
0.3251100778579712,1
0.40735363960266113,1
0.2567749321460724,1
0.4255812168121338,1
0.44930827617645264,1
0.24053196609020233,1
0.2359316498041153,1
0.5257275700569153,1
0.3180469274520874,1
0.4460518956184387,1
0.37724223732948303,1
0.3914468288421631,1
0.45024293661117554,1
0.37987247109413147,1
0.305969774723053,1
0.409790962934494,1
0.4145306348800659,1
0.39159855246543884,1
0.353480726480484,1
0.37823596596717834,1
0.4067446291446686,1
0.38710588216781616,1
0.2823410928249359,1
0.34299901127815247,1
0.4014747142791748,1
0.2765631675720215,1
0.278441846370697,1
0.3105858564376831,1
0.3254052400588989,1
0.4925900101661682,1
0.4376467168331146,1
0.38837623596191406,1
0.3404805064201355,1
0.4207780659198761,1
0.316344678401947,1
0.3984828293323517,1
0.42889291048049927,1
0.3550441563129425,1
0.3546030521392822,1
0.23699156939983368,1
0.3286675810813904,1
0.46276724338531494,1
0.3356891870498657,1
0.3361463248729706,1
0.3796192705631256,1
0.3933415412902832,1
0.30960458517074585,1
0.384954035282135,1
0.37442511320114136,1
0.3149939179420471,1
0.3751561641693115,1
0.3463703393936157,1
0.3053431808948517,1
0.34795916080474854,1
0.3024521470069885,1
0.4436386227607727,1
0.35496923327445984,1
0.2765335738658905,1
0.3236691653728485,1
0.310220867395401,1
0.3335302174091339,1
0.323947936296463,1
0.37002119421958923,1
0.29878801107406616,1
0.39435142278671265,1
0.3110272288322449,1
0.35444098711013794,1
0.3579769432544708,1
0.3385162055492401,1
0.27999353408813477,1
0.43428856134414673,1
0.5251626372337341,1
0.34877461194992065,1
0.3965276777744293,1
0.36563432216644287,1
0.2517530620098114,1
0.2575778663158417,1
0.5523979663848877,1
0.381179541349411,1
0.34407252073287964,1
0.39928266406059265,1
0.3979746103286743,1
0.2715691030025482,1
0.3212605118751526,1
0.3710004687309265,1
0.2354176640510559,1
0.4839063584804535,1
0.3509175181388855,1
0.34546011686325073,1
0.35479533672332764,1
0.37303677201271057,1
0.33027809858322144,1
0.3467993438243866,1
0.41154903173446655,1
0.461762398481369,1
0.440845251083374,1
0.4288739562034607,1
0.39283275604248047,1
0.35380882024765015,1
0.33006876707077026,1
0.33816149830818176,1
0.3525954484939575,1
0.28656306862831116,1
0.4105292558670044,1
0.306955486536026,1
0.30561983585357666,1
0.5032150745391846,1
0.2581227421760559,1
0.2831459939479828,1
0.2383728325366974,1
0.4263940453529358,1
0.46182310581207275,1
0.24837012588977814,1
0.47592219710350037,1
0.38200643658638,1
0.3115174174308777,1
0.2880631983280182,1
0.3803294897079468,1
0.37932834029197693,1
0.326173335313797,1
0.41381773352622986,1
0.4000178575515747,1
0.4721430540084839,1
0.4035646915435791,1
0.3461630344390869,1
0.4081456959247589,1
0.3139519989490509,1
0.31111985445022583,1
0.38377809524536133,1
0.33840280771255493,1
0.5063846707344055,1
0.25769734382629395,1
0.47164446115493774,1
0.2916112542152405,1
0.3249965310096741,1
0.24825140833854675,1
0.412517249584198,1
0.31204357743263245,1
0.34025341272354126,1
0.37562456727027893,1
0.2733860909938812,1
0.2658991813659668,1
0.3020598292350769,1
0.3811585307121277,1
0.43700987100601196,1
0.3823489844799042,1
0.30368348956108093,1
0.4099845886230469,1
0.36530801653862,1
0.3275848925113678,1
0.32610809803009033,1
0.4438145160675049,1
0.40043625235557556,1
0.34797579050064087,1
0.20063146948814392,1
0.41060593724250793,1
0.2650843858718872,1
0.2974838614463806,1
0.45112356543540955,1
0.35366469621658325,1
0.3540210723876953,1
0.4435357451438904,1
0.34001052379608154,1
0.41513171792030334,1
0.39592427015304565,1
0.36247146129608154,1
0.21686333417892456,1
0.41014742851257324,1
0.3935021162033081,1
0.42014840245246887,1
0.39177507162094116,1
0.33475637435913086,1
0.3287968635559082,1
0.4419287145137787,1
0.3466162085533142,1
0.32540056109428406,1
0.37236830592155457,1
0.40951117873191833,1
0.34778448939323425,1
0.38061338663101196,1
0.3994519114494324,1
0.39314621686935425,1
0.340974360704422,1
0.2834921181201935,1
0.41870373487472534,1
0.29703885316848755,1
0.45646947622299194,1
0.2953929603099823,1
0.3621205687522888,1
0.29390203952789307,1
0.34940510988235474,1
0.3974607586860657,1
0.5029286742210388,1
0.462277352809906,1
0.4103761911392212,1
0.34298911690711975,1
0.4080807566642761,1
0.3284820318222046,1
0.42380616068840027,1
0.4121773838996887,1
0.35465681552886963,1
0.3885449171066284,1
0.3659350275993347,1
0.39408642053604126,1
0.3079954981803894,1
0.2448190152645111,1
0.41405218839645386,1
0.2795194387435913,1
0.3449813723564148,1
0.3269385099411011,1
0.28436630964279175,1
0.34182149171829224,1
0.30778762698173523,1
0.33452123403549194,1
0.37023112177848816,1
0.37835991382598877,1
0.3987366259098053,1
0.4043426811695099,1
0.3479596674442291,1
0.4096115231513977,1
0.30398353934288025,1
0.33770328760147095,1
0.365898072719574,1
0.38379544019699097,1
0.29201745986938477,1
0.4900997579097748,1
0.33442944288253784,1
0.423989862203598,1
0.2920243442058563,1
0.4929769039154053,1
0.3212364614009857,1
0.3614695072174072,1
0.3671523332595825,1
0.2911050319671631,1
0.35046523809432983,1
0.3625085949897766,1
0.35386204719543457,1
0.4430009722709656,1
0.3578701913356781,1
0.36095356941223145,1
0.428994357585907,1
0.27770254015922546,1
0.3843751847743988,1
0.32858964800834656,1
0.3360395133495331,1
0.3058079481124878,1
0.3894660174846649,1
0.3586544096469879,1
0.32992488145828247,1
0.3108144700527191,1
0.4409545660018921,1
0.4205852746963501,1
0.23214443027973175,1
0.2655700445175171,1
0.32723283767700195,1
0.28819432854652405,1
0.3637867867946625,1
0.2987236976623535,1
0.356800377368927,1
0.2978248596191406,1
0.2500859200954437,1
0.43901699781417847,1
0.37571799755096436,1
0.3538540005683899,1
0.23608478903770447,1
0.3688903748989105,1
0.4222416281700134,1
0.39655280113220215,1
0.26026803255081177,1
0.32928988337516785,1
0.3049212694168091,1
0.3076217472553253,1
0.31404295563697815,1
0.2926005721092224,1
0.35791313648223877,1
0.35784125328063965,1
0.47393733263015747,1
0.2165120244026184,1
0.39882245659828186,1
0.3703617751598358,1
0.3569430112838745,1
0.315513014793396,1
0.33127039670944214,1
0.36286991834640503,1
0.4339112639427185,1
0.48323854804039,1
0.29472455382347107,1
0.42808252573013306,1
0.31538712978363037,1
0.36333566904067993,1
0.32372385263442993,1
0.4100002348423004,1
0.3466140925884247,1
0.39610666036605835,1
0.3884409964084625,1
0.39343976974487305,1
0.41225478053092957,1
0.31030309200286865,1
0.26189911365509033,1
0.37924638390541077,1
0.4997028708457947,1
0.27943676710128784,1
0.2879098653793335,1
0.4372447431087494,1
0.26738324761390686,1
0.28930649161338806,1
0.30026546120643616,1
0.3184031546115875,1
0.48885002732276917,1
0.31753039360046387,1
0.4704073667526245,1
0.4307268261909485,1
0.315876841545105,1
0.47554054856300354,1
0.39725813269615173,1
0.3908158540725708,1
0.2654547691345215,1
0.3135277032852173,1
0.3317449688911438,1
0.33431488275527954,1
0.3412841558456421,1
0.30367037653923035,1
0.3605699837207794,1
0.3819305896759033,1
0.2972677946090698,1
0.30824464559555054,1
0.4388514757156372,1
0.3971679210662842,1
0.31681936979293823,1
0.2756105661392212,1
0.28800296783447266,1
0.3184354305267334,1
0.4363272190093994,1
0.3998568058013916,1
0.37496766448020935,1
0.2859031558036804,1
0.3344382345676422,1
0.3201237618923187,1
0.4724997282028198,1
0.38461512327194214,1
0.33141982555389404,1
0.3274529278278351,1
0.37375980615615845,1
0.4620473384857178,1
0.39676958322525024,1
0.2581556439399719,1
0.2784048318862915,1
0.35538333654403687,1
0.35805460810661316,1
0.32093721628189087,1
0.2959943115711212,1
0.3135504722595215,1
0.4001583456993103,1
0.3895651698112488,1
0.329043984413147,1
0.3078851103782654,1
0.36575600504875183,1
0.31145405769348145,1
0.3754769563674927,1
0.36340877413749695,1
0.5892646908760071,1
0.35457170009613037,1
0.2996247410774231,1
0.316276878118515,1
0.3266209661960602,1
0.34193265438079834,1
0.4088618755340576,1
0.3657730519771576,1
0.2854653298854828,1
0.3884449005126953,1
0.29656416177749634,1
0.2987719476222992,1
0.31058570742607117,1
0.29241544008255005,1
0.32920390367507935,1
0.26872265338897705,1
0.27678996324539185,1
0.4216894805431366,1
0.42122355103492737,1
0.3446173071861267,1
0.39718642830848694,1
0.28602510690689087,1
0.45531949400901794,1
0.3041963279247284,1
0.36590415239334106,1
0.3252635896205902,1
0.3838014006614685,1
0.5029362440109253,1
0.3956279158592224,1
0.46743351221084595,1
0.24316196143627167,1
0.36770492792129517,1
0.34220820665359497,1
0.40489450097084045,1
0.39841869473457336,1
0.3521783947944641,1
0.5933622121810913,1
0.382294237613678,1
0.4615258276462555,1
0.3794231414794922,1
0.36951005458831787,1
0.32920265197753906,1
0.3862638473510742,1
0.523891806602478,1
0.4197094440460205,1
0.3709719181060791,1
0.370466947555542,1
0.29546821117401123,1
0.3797105550765991,1
0.29351308941841125,1
0.4655778408050537,1
0.38568198680877686,1
0.33662575483322144,1
0.29962772130966187,1
0.32266104221343994,1
0.3473286032676697,1
0.3070341944694519,1
0.3817139267921448,1
0.4769148528575897,1
0.2914011478424072,1
0.37975606322288513,1
0.33843937516212463,1
0.28423845767974854,1
0.34419846534729004,1
0.38087472319602966,1
0.47572028636932373,1
0.2951822876930237,1
0.4046782851219177,1
0.48379290103912354,1
0.3787158727645874,1
0.3800632357597351,1
0.25611937046051025,1
0.3758484721183777,1
0.33270177245140076,1
0.3709207773208618,1
0.2954861521720886,1
0.3403141498565674,1
0.36389634013175964,1
0.3637532889842987,1
0.37646612524986267,1
0.4437348246574402,1
0.34174951910972595,1
0.44705313444137573,1
0.23940333724021912,1
0.26715731620788574,1
0.4873553514480591,1
0.2965945303440094,1
0.4961349368095398,1
0.32599160075187683,1
0.4029528796672821,1
0.44443055987358093,1
0.38734346628189087,1
0.32999029755592346,1
0.4150146245956421,1
0.3633256256580353,1
0.38237154483795166,1
0.3487597107887268,1
0.3577929437160492,1
0.36129462718963623,1
0.31212344765663147,1
0.3805515468120575,1
0.37118613719940186,1
0.4915884733200073,1
0.30179256200790405,1
0.30336034297943115,1
0.3519318103790283,1
0.37426042556762695,1
0.47264784574508667,1
0.3233250081539154,1
0.33670851588249207,1
0.25536084175109863,1
0.38954684138298035,1
0.3471587300300598,1
0.4087274670600891,1
0.2862466275691986,1
0.3005271553993225,1
0.34458205103874207,1
0.3761586844921112,1
0.3301185071468353,1
0.3163278102874756,1
0.40001606941223145,1
0.39967793226242065,1
0.2517314851284027,1
0.30496054887771606,1
0.347914457321167,1
0.3341141641139984,1
0.4423961937427521,1
0.34788045287132263,1
0.2894625961780548,1
0.342246949672699,1
0.3737213611602783,1
0.4707247018814087,1
0.34347212314605713,1
0.3345966339111328,1
0.294905424118042,1
0.4757594168186188,1
0.27433180809020996,1
0.2502132058143616,1
0.4137968420982361,1
0.37530457973480225,1
0.3785177767276764,1
0.45765209197998047,1
0.3089945912361145,1
0.29688316583633423,1
0.3254941403865814,1
0.5134978294372559,1
0.34531480073928833,1
0.5360567569732666,1
0.45591893792152405,1
0.3060697019100189,1
0.2822871208190918,1
0.4421926736831665,1
0.2646612524986267,1
0.2801474928855896,1
0.3844529688358307,1
0.36679744720458984,1
0.45888885855674744,1
0.34901124238967896,1
0.37245357036590576,1
0.350124329328537,1
0.36721086502075195,1
0.31752336025238037,1
0.27003443241119385,1
0.48350027203559875,1
0.332011878490448,1
0.35173895955085754,1
0.2735280394554138,1
0.25977790355682373,1
0.39921581745147705,1
0.361529678106308,1
0.5513705015182495,1
0.2985321283340454,1
0.348957896232605,1
0.3471771478652954,1
0.3577249050140381,1
0.280633807182312,1
0.2947498857975006,1
0.409442275762558,1
0.49541181325912476,1
0.41011595726013184,1
0.3223360776901245,1
0.33329886198043823,1
0.4081454873085022,1
0.3618263006210327,1
0.378741592168808,1
0.2891344726085663,1
0.3265005052089691,1
0.3652617335319519,1
0.2929796874523163,1
0.4008118212223053,1
0.33929896354675293,1
0.28746297955513,1
0.3337811231613159,1
0.3569498658180237,1
0.2875232696533203,1
0.4002912640571594,1
0.24729347229003906,1
0.41743844747543335,1
0.3634323477745056,1
0.32632097601890564,1
0.39351531863212585,1
0.34650567173957825,1
0.31095466017723083,1
0.4023899734020233,1
0.3870620131492615,1
0.36713331937789917,1
0.3074384033679962,1
0.33247917890548706,1
0.4122638702392578,1
0.3156752288341522,1
0.37807294726371765,1
0.3372955322265625,1
0.4509105086326599,1
0.532680869102478,1
0.32316911220550537,1
0.41675108671188354,1
0.36752849817276,1
0.3641364574432373,1
0.3418453335762024,1
0.48933321237564087,1
0.450817346572876,1
0.3551393449306488,1
0.34525296092033386,1
0.46225404739379883,1
0.35115906596183777,1
0.357248991727829,1
0.3512924909591675,1
0.37417659163475037,1
0.25713497400283813,1
0.3936273455619812,1
0.3553459644317627,1
0.33804744482040405,1
0.3688626289367676,1
0.34227606654167175,1
0.33882877230644226,1
0.2706896960735321,1
0.36507511138916016,1
0.3245181143283844,1
0.31804075837135315,1
0.3960599899291992,1
0.3131849765777588,1
0.34163421392440796,1
0.3176576495170593,1
0.3263950049877167,1
0.38084477186203003,1
0.37340348958969116,1
0.30598974227905273,1
0.3002029359340668,1
0.26967841386795044,1
0.47160688042640686,1
0.38259780406951904,1
0.4285174608230591,1
0.29336249828338623,1
0.4086560606956482,1
0.3489338159561157,1
0.35119104385375977,1
0.27606743574142456,1
0.3798412084579468,1
0.42489054799079895,1
0.25610601902008057,1
0.4296780228614807,1
0.3931346833705902,1
0.30291372537612915,1
0.35444265604019165,1
0.42299890518188477,1
0.374092161655426,1
0.35827070474624634,1
0.3680959641933441,1
0.31959855556488037,1
0.33940714597702026,1
0.38824254274368286,1
0.4588548243045807,1
0.3658204674720764,1
0.34050655364990234,1
0.299815833568573,1
0.30437520146369934,1
0.3380275368690491,1
0.30412447452545166,1
0.3902333974838257,1
0.43809443712234497,1
0.33340853452682495,1
0.46332964301109314,1
0.2337530255317688,1
0.46075040102005005,1
0.3999907970428467,1
0.4632044732570648,1
0.38240760564804077,1
0.44257599115371704,1
0.33266398310661316,1
0.2845635712146759,1
0.405215322971344,1
0.32919782400131226,1
0.3305506110191345,1
0.31105703115463257,1
0.2976565659046173,1
0.3327326476573944,1
0.35956451296806335,1
0.4805968105792999,1
0.3472931683063507,1
0.322640061378479,1
0.42728477716445923,1
0.3651723265647888,1
0.459166944026947,1
0.2943117320537567,1
0.3523987829685211,1
0.3419048488140106,1
0.35752665996551514,1
0.3965316116809845,1
0.4165303111076355,1
0.40597307682037354,1
0.3333955705165863,1
0.43124017119407654,1
0.4129534363746643,1
0.3502470552921295,1
0.39490625262260437,1
0.34442365169525146,1
0.3134940266609192,1
0.36129093170166016,1
0.5260346531867981,1
0.24397122859954834,1
0.4361936151981354,1
0.3458496928215027,1
0.3552635908126831,1
0.2921968698501587,1
0.3521597981452942,1
0.38123998045921326,1
0.31230783462524414,1
0.32143256068229675,1
0.37860414385795593,1
0.4457707405090332,1
0.3085514008998871,1
0.4553508758544922,1
0.509089469909668,1
0.4209890365600586,1
0.36152711510658264,1
0.36284303665161133,1
0.480917751789093,1
0.3406686782836914,1
0.36051225662231445,1
0.34192749857902527,1
0.40468987822532654,1
0.3135983645915985,1
0.3642950654029846,1
0.33857816457748413,1
0.405781090259552,1
0.5179265141487122,1
0.37667709589004517,1
0.3617749512195587,1
0.3909572958946228,1
0.3361005187034607,1
0.37227189540863037,1
0.3915986716747284,1
0.22258231043815613,1
0.28252944350242615,1
0.3715134263038635,1
0.3574235737323761,1
0.242695152759552,1
0.44853436946868896,1
0.27621370553970337,1
0.48053520917892456,1
0.3110446035861969,1
0.3151730000972748,1
0.32212793827056885,1
0.36291858553886414,1
0.3005717992782593,1
0.37383973598480225,1
0.4882376194000244,1
0.255411833524704,1
0.2988123595714569,1
0.44249433279037476,1
0.336242139339447,1
0.3443048894405365,1
0.45611369609832764,1
0.28267765045166016,1
0.48278164863586426,1
0.314849317073822,1
0.3582327365875244,1
0.3682003915309906,1
0.4028002917766571,1
0.4362463355064392,1
0.37028998136520386,1
0.501379132270813,1
0.31133371591567993,1
0.45458129048347473,1
0.3288334906101227,1
0.30466943979263306,1
0.32767823338508606,1
0.4199172854423523,1
0.3073515295982361,1
0.3341958820819855,1
0.4047936201095581,1
0.3078504800796509,1
0.409673810005188,1
0.27107006311416626,1
0.29948022961616516,1
0.35341694951057434,1
0.4596649408340454,1
0.3525291085243225,1
0.2834518253803253,1
0.3842688500881195,1
0.2166890949010849,1
0.3571276068687439,1
0.40213972330093384,1
0.2629762887954712,1
0.3105124831199646,1
0.3810405135154724,1
0.36250966787338257,1
0.4301850199699402,1
0.45582565665245056,1
0.33057448267936707,1
0.3064287304878235,1
0.3376907706260681,1
0.4450453221797943,1
0.3804672360420227,1
0.31238552927970886,1
0.3420700132846832,1
0.3746461272239685,1
0.35898667573928833,1
0.3746311664581299,1
0.3580419421195984,1
0.3494163751602173,1
0.4036487340927124,1
0.23854699730873108,1
0.49652427434921265,1
0.37228596210479736,1
0.3062404692173004,1
0.3218379318714142,1
0.47539588809013367,1
0.5170167684555054,1
0.37740853428840637,1
0.4457988142967224,1
0.38644495606422424,1
0.3349938690662384,1
0.34473392367362976,1
0.3524820804595947,1
0.45180943608283997,1
0.3630024790763855,1
0.3207962214946747,1
0.35977983474731445,1
0.3682181239128113,1
0.3616348206996918,1
0.35061460733413696,1
0.3724100589752197,1
0.4047963619232178,1
0.3257003426551819,1
0.3268033266067505,1
0.2859475910663605,1
0.33831095695495605,1
0.27025118470191956,1
0.30126142501831055,1
0.28259381651878357,1
0.386125773191452,1
0.31521716713905334,1
0.3644430637359619,1
0.29990071058273315,1
0.2877129316329956,1
0.38813087344169617,1
0.2355242669582367,1
0.37691986560821533,1
0.345317006111145,1
0.34499242901802063,1
0.2634771466255188,1
0.35171282291412354,1
0.3455215394496918,1
0.30203986167907715,1
0.28039342164993286,1
0.3047243654727936,1
0.3324968218803406,1
0.2872294485569,1
0.32043564319610596,1
0.4407810866832733,1
0.3166828751564026,1
0.3405419886112213,1
0.3334103524684906,1
0.3887144923210144,1
0.3350509703159332,1
0.49468380212783813,1
0.4064985513687134,1
0.41355109214782715,1
0.27296775579452515,1
0.312069296836853,1
0.38394638895988464,1
0.5026489496231079,1
0.4256451725959778,1
0.30600452423095703,1
0.3666746914386749,1
0.34875044226646423,1
0.3444863259792328,1
0.2786305546760559,1
0.2988004982471466,1
0.39158332347869873,1
0.35601314902305603,1
0.4497908651828766,1
0.3326428234577179,1
0.46360301971435547,1
0.3556293547153473,1
0.24005743861198425,1
0.3826112747192383,1
0.4046391248703003,1
0.28902193903923035,1
0.2962799370288849,1
0.35258668661117554,1
0.4122619032859802,1
0.25942474603652954,1
0.3140431046485901,1
0.2547045052051544,1
0.2258826494216919,1
0.4076661169528961,1
0.392645001411438,1
0.37582045793533325,1
0.33541762828826904,1
0.3864508271217346,1
0.29920101165771484,1
0.2607467770576477,1
0.416604608297348,1
0.2628740966320038,1
0.47551441192626953,1
0.3141878843307495,1
0.3722681701183319,1
0.2363501936197281,1
0.2598167061805725,1
0.2290361225605011,1
0.3023751378059387,1
0.3867608904838562,1
0.48197466135025024,1
0.3178454041481018,1
0.33295243978500366,1
0.32376334071159363,1
0.34868323802948,1
0.36894237995147705,1
0.42949560284614563,1
0.3192358911037445,1
0.29878121614456177,1
0.2710500657558441,1
0.4617147743701935,1
0.38695457577705383,1
0.34874701499938965,1
0.33792591094970703,1
0.41734060645103455,1
0.35870933532714844,1
0.2962116599082947,1
0.30731016397476196,1
0.3021000623703003,1
0.3792470693588257,1
0.28726422786712646,1
0.3436756730079651,1
0.3289848268032074,1
0.4380025863647461,1
0.4741916358470917,1
0.48752233386039734,1
0.2978380620479584,1
0.3853333592414856,1
0.4168494939804077,1
0.3266831636428833,1
0.3174079656600952,1
0.3855384588241577,1
0.4245308041572571,1
0.47562068700790405,1
0.3539898991584778,1
0.4015161395072937,1
0.2470012605190277,1
0.40645352005958557,1
0.2832365930080414,1
0.3636651933193207,1
0.38363173604011536,1
0.37172722816467285,1
0.37667590379714966,1
0.47903555631637573,1
0.30670100450515747,1
0.36326801776885986,1
0.4659745991230011,1
0.36527204513549805,1
0.32753318548202515,1
0.2294151932001114,1
0.2828923463821411,1
0.48260509967803955,1
0.4767676591873169,1
0.4937611520290375,1
0.36570602655410767,1
0.35890430212020874,1
0.5034633874893188,1
0.3952000141143799,1
0.3134962022304535,1
0.3880728781223297,1
0.383111834526062,1
0.4751113951206207,1
0.4748169481754303,1
0.3092731535434723,1
0.4123251140117645,1
0.3422268331050873,1
0.3481372594833374,1
0.34403783082962036,1
0.37827634811401367,1
0.4486221373081207,1
0.33215174078941345,1
0.37123581767082214,1
0.2958180904388428,1
0.6052125692367554,1
0.37936869263648987,1
0.41693586111068726,1
0.33345842361450195,1
0.4907580614089966,1
0.3226424753665924,1
0.3481658697128296,1
0.37458398938179016,1
0.3424007296562195,1
0.3268183171749115,1
0.33996129035949707,1
0.42483067512512207,1
0.3601887822151184,1
0.29278823733329773,1
0.2763850688934326,1
0.3142105042934418,1
0.3442360758781433,1
0.3700487017631531,1
0.40638086199760437,1
0.4259917736053467,1
0.3535708785057068,1
0.31780505180358887,1
0.4899841248989105,1
0.38192689418792725,1
0.40221214294433594,1
0.5252058506011963,1
0.42055273056030273,1
0.32327237725257874,1
0.33341455459594727,1
0.35140636563301086,1
0.3307074010372162,1
0.45953553915023804,1
0.2894383668899536,1
0.34852904081344604,1
0.2947590947151184,1
0.3279881775379181,1
0.3457965850830078,1
0.4096541106700897,1
0.32267969846725464,1
0.3292851150035858,1
0.4065834879875183,1
0.32089269161224365,1
0.3488219380378723,1
0.31062090396881104,1
0.34891223907470703,1
0.30297020077705383,1
0.3081624507904053,1
0.36705315113067627,1
0.3871311545372009,1
0.3421035706996918,1
0.42291921377182007,1
0.376003235578537,1
0.47885745763778687,1
0.37940189242362976,1
0.2879199981689453,1
0.43892064690589905,1
0.3279321789741516,1
0.3564585745334625,1
0.3810577690601349,1
0.28513628244400024,1
0.3991679549217224,1
0.3762139081954956,1
0.3346536159515381,1
0.4044528603553772,1
0.2482275664806366,1
0.25632286071777344,1
0.4395805299282074,1
0.3184691071510315,1
0.4524301290512085,1
0.3714026212692261,1
0.38965797424316406,1
0.2907458245754242,1
0.39574772119522095,1
0.3703954219818115,1
0.3591551184654236,1
0.2994876205921173,1
0.41129544377326965,1
0.3395709991455078,1
0.4097658693790436,1
0.4076657295227051,1
0.27593252062797546,1
0.29398226737976074,1
0.28809845447540283,1
0.2754504084587097,1
0.3760462701320648,1
0.4369276762008667,1
0.34230801463127136,1
0.37432190775871277,1
0.4325251877307892,1
0.26150691509246826,1
0.408173531293869,1
0.3165605962276459,1
0.37941718101501465,1
0.3375250995159149,1
0.39072805643081665,1
0.4450722932815552,1
0.3200262188911438,1
0.3364449143409729,1
0.394161194562912,1
0.33097323775291443,1
0.4698110818862915,1
0.38480570912361145,1
0.4079544246196747,1
0.3145252466201782,1
0.3595665693283081,1
0.2673411965370178,1
0.4441221356391907,1
0.3713379502296448,1
0.437221884727478,1
0.4170253872871399,1
0.2773932218551636,1
0.31066417694091797,1
0.31610310077667236,1
0.3029606342315674,1
0.3283863067626953,1
0.3811144530773163,1
0.37053847312927246,1
0.32330840826034546,1
0.3156341016292572,1
0.42759251594543457,1
0.34031474590301514,1
0.4544343650341034,1
0.38008052110671997,1
0.3187922537326813,1
0.3114316761493683,1
0.3016112744808197,1
0.37834176421165466,1
0.35796743631362915,1
0.3362111449241638,1
0.3887559175491333,1
0.41889524459838867,1
0.3347882032394409,1
0.4547557830810547,1
0.3234662413597107,1
0.34469112753868103,1
0.4203236699104309,1
0.2641833424568176,1
0.3594595789909363,1
0.36392176151275635,1
0.3892058730125427,1
0.3263266980648041,1
0.44318220019340515,1
0.370783269405365,1
0.2441992461681366,1
0.3001982271671295,1
0.2978649139404297,1
0.3653252124786377,1
0.3299931287765503,1
0.3795836567878723,1
0.29935982823371887,1
0.2902183532714844,1
0.3948904871940613,1
0.4123159646987915,1
0.30719366669654846,1
0.4192471206188202,1
0.37326619029045105,1
0.29594576358795166,1
0.3999224305152893,1
0.4592902660369873,1
0.4537542462348938,1
0.3048892915248871,1
0.2491019368171692,1
0.2940741777420044,1
0.27102065086364746,1
0.30975502729415894,1
0.35128548741340637,1
0.4616824984550476,1
0.39732950925827026,1
0.34204360842704773,1
0.4240973889827728,1
0.44961249828338623,1
0.36231285333633423,1
0.3676154315471649,1
0.46672773361206055,1
0.38803809881210327,1
0.3499193489551544,1
0.469601035118103,1
0.27724525332450867,1
0.383279949426651,1
0.3838886022567749,1
0.38289719820022583,1
0.25437432527542114,1
0.24598371982574463,1
0.24263633787631989,1
0.26866912841796875,1
0.38401496410369873,1
0.3023364841938019,1
0.3676114082336426,1
0.4245791435241699,1
0.47922223806381226,1
0.33619871735572815,1
0.36306437849998474,1
0.41070425510406494,1
0.42604774236679077,1
0.3444300889968872,1
0.3606829047203064,1
0.3150572180747986,1
0.3938460052013397,1
0.26798784732818604,1
0.36875611543655396,1
0.2718043327331543,1
0.4378926753997803,1
0.3299660086631775,1
0.3880884051322937,1
0.346482515335083,1
0.45901134610176086,1
0.4188876152038574,1
0.3903915286064148,1
0.34897586703300476,1
0.49043163657188416,1
0.4225960075855255,1
0.35873451828956604,1
0.37248694896698,1
0.3787423372268677,1
0.46067512035369873,1
0.44545724987983704,1
0.39985892176628113,1
0.3750589191913605,1
0.4400080442428589,1
0.35508352518081665,1
0.3911801874637604,1
0.44853782653808594,1
0.32207852602005005,1
0.5091401934623718,1
0.41410723328590393,1
0.377769410610199,1
0.3500511348247528,1
0.35705235600471497,1
0.3567407727241516,1
0.4179159104824066,1
0.370585560798645,1
0.3808838129043579,1
0.26878881454467773,1
0.35135722160339355,1
0.4397926926612854,1
0.364866703748703,1
0.3141017556190491,1
0.31244152784347534,1
0.4250403046607971,1
0.28111088275909424,1
0.33810698986053467,1
0.34718531370162964,1
0.3206068277359009,1
0.4928036332130432,1
0.3512236177921295,1
0.36572515964508057,1
0.4025021195411682,1
0.3674324154853821,1
0.2993616759777069,1
0.39954739809036255,1
0.35862910747528076,1
0.3928125202655792,1
0.4680520296096802,1
0.38821297883987427,1
0.2605903744697571,1
0.3467307388782501,1
0.34397757053375244,1
0.2713037133216858,1
0.41112443804740906,1
0.2956963777542114,1
0.4781094491481781,1
0.27533960342407227,1
0.4940202832221985,1
0.32180678844451904,1
0.5025297403335571,1
0.46848538517951965,1
0.46088966727256775,1
0.2914367914199829,1
0.4045099914073944,1
0.3328067362308502,1
0.37776076793670654,1
0.3572583794593811,1
0.27431827783584595,1
0.32218462228775024,1
0.258048415184021,1
0.24448734521865845,1
0.38736528158187866,1
0.32572782039642334,1
0.3127024173736572,1
0.2989480793476105,1
0.3544068932533264,1
0.3238239586353302,1
0.3398790955543518,1
0.49754607677459717,1
0.3371761739253998,1
0.35473960638046265,1
0.3343929052352905,1
0.36206674575805664,1
0.33812445402145386,1
0.4413990378379822,1
0.3876526355743408,1
0.32176530361175537,1
0.3660304546356201,1
0.4699338674545288,1
0.39669743180274963,1
0.2915256917476654,1
0.2845833897590637,1
0.2955033779144287,1
0.34062862396240234,1
0.3941698968410492,1
0.39762476086616516,1
0.36210742592811584,1
0.3643874526023865,1
0.43383604288101196,1
0.4372859001159668,1
0.3946533799171448,1
0.4093669056892395,1
0.4209941625595093,1
0.3667406141757965,1
0.3916614055633545,1
0.34412944316864014,1
0.3586680293083191,1
0.3481554687023163,1
0.4821889400482178,1
0.3791493773460388,1
0.4259486198425293,1
0.3435661196708679,1
0.310046911239624,1
0.3651866614818573,1
0.30459457635879517,1
0.3688984513282776,1
0.45873504877090454,1
0.3095431923866272,1
0.38870513439178467,1
0.2419707477092743,1
0.3302153944969177,1
0.3057210445404053,1
0.34363678097724915,1
0.3907632827758789,1
0.38610777258872986,1
0.3725658357143402,1
0.2565583884716034,1
0.40214282274246216,1
0.3883134722709656,1
0.28311312198638916,1
0.2896891236305237,1
0.3716444969177246,1
0.4496529698371887,1
0.34723734855651855,1
0.32573944330215454,1
0.3641136586666107,1
0.2922027111053467,1
0.3173498809337616,1
0.48316097259521484,1
0.504223644733429,1
0.315290242433548,1
0.3716793358325958,1
0.3272480368614197,1
0.29682761430740356,1
0.3852638602256775,1
0.32444724440574646,1
0.29046881198883057,1
0.2785162329673767,1
0.328286349773407,1
0.30584877729415894,1
0.39699816703796387,1
0.36932557821273804,1
0.4513208270072937,1
0.3422788977622986,1
0.39711686968803406,1
0.26026907563209534,1
0.3349456787109375,1
0.25922495126724243,1
0.28315383195877075,1
0.3753243386745453,1
0.35201960802078247,1
0.40331441164016724,1
0.4051060676574707,1
0.3173901438713074,1
0.41298824548721313,1
0.39935165643692017,1
0.30281609296798706,1
0.4543362557888031,1
0.41960394382476807,1
0.4343591332435608,1
0.4651647210121155,1
0.2548118829727173,1
0.4652252793312073,1
0.4328851103782654,1
0.3287421464920044,1
0.23694905638694763,1
0.22990253567695618,1
0.3734005391597748,1
0.33316153287887573,1
0.3556550145149231,1
0.3922351598739624,1
0.3855438232421875,1
0.36456426978111267,1
0.512383222579956,1
0.24942228198051453,1
0.2778811752796173,1
0.39378806948661804,1
0.4620065689086914,1
0.38100969791412354,1
0.38259392976760864,1
0.32493916153907776,1
0.3393275737762451,1
0.2945994734764099,1
0.42194291949272156,1
0.38154923915863037,1
0.3379100561141968,1
0.3602880835533142,1
0.27871716022491455,1
0.3579215407371521,1
0.3241026997566223,1
0.449352502822876,1
0.4047950506210327,1
0.28964781761169434,1
0.2965276539325714,1
0.32897552847862244,1
0.34080445766448975,1
0.24812276661396027,1
0.24706904590129852,1
0.3567940592765808,1
0.32103481888771057,1
0.40063247084617615,1
0.4392567276954651,1
0.24813874065876007,1
0.38727182149887085,1
0.34873872995376587,1
0.4409261643886566,1
0.27656054496765137,1
0.3815939426422119,1
0.35206139087677,1
0.35078349709510803,1
0.43663033843040466,1
0.4138036370277405,1
0.39216798543930054,1
0.25817757844924927,1
0.3524155020713806,1
0.2767518162727356,1
0.3053125739097595,1
0.38242053985595703,1
0.3482292592525482,1
0.31789618730545044,1
0.41856491565704346,1
0.3410820960998535,1
0.41462624073028564,1
0.5062997341156006,1
0.27515727281570435,1
0.39954274892807007,1
0.31475937366485596,1
0.30051276087760925,1
0.40524065494537354,1
0.33501726388931274,1
0.4006112813949585,1
0.33538711071014404,1
0.3568679690361023,1
0.33288732171058655,1
0.36722859740257263,1
0.6141128540039063,1
0.3993909955024719,1
0.4218551516532898,1
0.312350332736969,1
0.28504323959350586,1
0.3884127140045166,1
0.38724231719970703,1
0.47886523604393005,1
0.28667277097702026,1
0.433793306350708,1
0.5008037090301514,1
0.3422295153141022,1
0.2701987624168396,1
0.3366048336029053,1
0.3906204104423523,1
0.2807306945323944,1
0.396367609500885,1
0.3530402183532715,1
0.3467823266983032,1
0.37639662623405457,1
0.498510479927063,1
0.27122920751571655,1
0.3900754749774933,1
0.4111974835395813,1
0.29233840107917786,1
0.36629897356033325,1
0.24767574667930603,1
0.3341076374053955,1
0.25160178542137146,1
0.3485031723976135,1
0.4349920153617859,1
0.36333194375038147,1
0.4064148962497711,1
0.259544312953949,1
0.3826250731945038,1
0.30460822582244873,1
0.3083500266075134,1
0.3779791593551636,1
0.4505816102027893,1
0.3576238751411438,1
0.4091850221157074,1
0.33444052934646606,1
0.4198545515537262,1
0.31790828704833984,1
0.3264991044998169,1
0.31817150115966797,1
0.3558197617530823,1
0.4739660322666168,1
0.3758305311203003,1
0.35458138585090637,1
0.36100563406944275,1
0.37349894642829895,1
0.3265005946159363,1
0.3452167510986328,1
0.2557147145271301,1
0.3024693727493286,1
0.43148893117904663,1
0.2712184190750122,1
0.4133705496788025,1
0.36596783995628357,1
0.5069535970687866,1
0.4382937252521515,1
0.4147711992263794,1
0.2677648663520813,1
0.3469124734401703,1
0.29920247197151184,1
0.38774436712265015,1
0.3712303042411804,1
0.3143242299556732,1
0.4528488516807556,1
0.5495215654373169,1
0.38514530658721924,1
0.3775330185890198,1
0.3158949315547943,1
0.374234676361084,1
0.3079734742641449,1
0.3168177008628845,1
0.4623313546180725,1
0.37096482515335083,1
0.45779258012771606,1
0.3243180513381958,1
0.24352210760116577,1
0.3217417597770691,1
0.4804307222366333,1
0.3486047089099884,1
0.3704964220523834,1
0.3467223644256592,1
0.33008256554603577,1
0.39990782737731934,1
0.4228174388408661,1
0.3655906617641449,1
0.2744690179824829,1
0.4689897298812866,1
0.3342249393463135,1
0.36524540185928345,1
0.4352853298187256,1
0.24018415808677673,1
0.4207332730293274,1
0.48101770877838135,1
0.36395299434661865,1
0.3969042897224426,1
0.31301823258399963,1
0.3542918562889099,1
0.33640211820602417,1
0.35728737711906433,1
0.39236217737197876,1
0.38345253467559814,1
0.26699718832969666,1
0.36992156505584717,1
0.41534003615379333,1
0.3118789792060852,1
0.40744519233703613,1
0.35024774074554443,1
0.4461327791213989,1
0.3795807957649231,1
0.38250550627708435,1
0.4380071461200714,1
0.4155210554599762,1
0.3877316415309906,1
0.35541480779647827,1
0.2824122905731201,1
0.37820786237716675,1
0.2654579281806946,1
0.3309617340564728,1
0.3402054011821747,1
0.36895763874053955,1
0.41607916355133057,1
0.28095757961273193,1
0.42066407203674316,1
0.3158475458621979,1
0.38806670904159546,1
0.5043661594390869,1
0.518661618232727,1
0.3739558756351471,1
0.46929144859313965,1
0.33563730120658875,1
0.4198240339756012,1
0.337163507938385,1
0.4061735272407532,1
0.3935428261756897,1
0.3597383499145508,1
0.41316863894462585,1
0.37175068259239197,1
0.4010094404220581,1
0.35386213660240173,1
0.4293932318687439,1
0.3628958463668823,1
0.3374389410018921,1
0.34864187240600586,1
0.29281091690063477,1
0.34329184889793396,1
0.2752472758293152,1
0.36106881499290466,1
0.3515205383300781,1
0.4055009186267853,1
0.44036665558815,1
0.39814141392707825,1
0.306499719619751,1
0.5377006530761719,1
0.3851863145828247,1
0.2955356538295746,1
0.2774325907230377,1
0.3776072859764099,1
0.41455137729644775,1
0.4025861918926239,1
0.34472766518592834,1
0.400839239358902,1
0.2941492199897766,1
0.30107948184013367,1
0.3981958329677582,1
0.3205242156982422,1
0.4448966681957245,1
0.3803815245628357,1
0.3937051296234131,1
0.2940993309020996,1
0.3072734475135803,1
0.38311976194381714,1
0.4005770981311798,1
0.28753596544265747,1
0.2887880504131317,1
0.37751469016075134,1
0.30980950593948364,1
0.34935420751571655,1
0.374971479177475,1
0.37393617630004883,1
0.4737480580806732,1
0.3570721447467804,1
0.41083770990371704,1
0.2975599765777588,1
0.3491225838661194,1
0.2969461679458618,1
0.38248583674430847,1
0.3438086211681366,1
0.4464653730392456,1
0.28846147656440735,1
0.37118637561798096,1
0.3423423767089844,1
0.32204413414001465,1
0.3387692868709564,1
0.3896850347518921,1
0.3288798928260803,1
0.49354901909828186,1
0.3667578399181366,1
0.3546665906906128,1
0.2360844612121582,1
0.2810732126235962,1
0.3449830710887909,1
0.42166560888290405,1
0.44565263390541077,1
0.39393946528434753,1
0.3104374408721924,1
0.35972344875335693,1
0.2077578753232956,1
0.2479865849018097,1
0.38070082664489746,1
0.4047698676586151,1
0.43578100204467773,1
0.37784597277641296,1
0.3239291310310364,1
0.40697404742240906,1
0.3994138240814209,1
0.4463587701320648,1
0.37281715869903564,1
0.37211042642593384,1
0.41180220246315,1
0.3404896557331085,1
0.26170840859413147,1
0.31331533193588257,1
0.3709429204463959,1
0.41022789478302,1
0.49420538544654846,1
0.4235394597053528,1
0.27300119400024414,1
0.3054540157318115,1
0.26470285654067993,1
0.40925440192222595,1
0.3679940700531006,1
0.45806175470352173,1
0.425262451171875,1
0.4367867708206177,1
0.2297459840774536,1
0.39202943444252014,1
0.43430888652801514,1
0.37166619300842285,1
0.43781155347824097,1
0.5203604698181152,1
0.3051551580429077,1
0.35559386014938354,1
0.550775945186615,1
0.380413681268692,1
0.3930583596229553,1
0.3991554379463196,1
0.27007806301116943,1
0.47115471959114075,1
0.5168997049331665,1
0.43562039732933044,1
0.2566879987716675,1
0.2142411172389984,1
0.46465766429901123,1
0.29226604104042053,1
0.34446635842323303,1
0.37295228242874146,1
0.3197241425514221,1
0.2966991066932678,1
0.29210957884788513,1
0.4700808823108673,1
0.26521313190460205,1
0.3523692488670349,1
0.39092114567756653,1
0.428142249584198,1
0.28410470485687256,1
0.36729133129119873,1
0.3062894344329834,1
0.4237205982208252,1
0.3067082464694977,1
0.38885676860809326,1
0.41240182518959045,1
0.3675133287906647,1
0.311855673789978,1
0.33961671590805054,1
0.3227212131023407,1
0.3881949782371521,1
0.39929986000061035,1
0.3986482620239258,1
0.3039126992225647,1
0.3452546000480652,1
0.3476621210575104,1
0.3768237829208374,1
0.2944072484970093,1
0.38295501470565796,1
0.37705108523368835,1
0.3101392984390259,1
0.42078498005867004,1
0.391315758228302,1
0.33172324299812317,1
0.3897073268890381,1
0.37037840485572815,1
0.4325563907623291,1
0.29948514699935913,1
0.4533376693725586,1
0.2588920295238495,1
0.28289595246315,1
0.4409332275390625,1
0.45464250445365906,1
0.3632931709289551,1
0.4337453842163086,1
0.3842431902885437,1
0.39161890745162964,1
0.3603178858757019,1
0.39510011672973633,1
0.26695865392684937,1
0.4721807837486267,1
0.3781808018684387,1
0.36271706223487854,1
0.3300079107284546,1
0.3372018337249756,1
0.41028016805648804,1
0.2924533486366272,1
0.30108413100242615,1
0.3409860134124756,1
0.44854500889778137,1
0.3398987650871277,1
0.4503500461578369,1
0.28615427017211914,1
0.3464880585670471,1
0.39416301250457764,1
0.37170982360839844,1
0.3671209216117859,1
0.3540842533111572,1
0.3627973198890686,1
0.39235159754753113,1
0.347013384103775,1
0.3791006803512573,1
0.3324420750141144,1
0.2846684455871582,1
0.2686217725276947,1
0.4274733364582062,1
0.3511037826538086,1
0.3708024322986603,1
0.3180648982524872,1
0.3466966450214386,1
0.33418554067611694,1
0.4318615198135376,1
0.3953878879547119,1
0.3004513382911682,1
0.40756168961524963,1
0.4157176613807678,1
0.3007344603538513,1
0.39999157190322876,1
0.33651256561279297,1
0.2808118462562561,1
0.31798645853996277,1
0.3306829333305359,1
0.3331785798072815,1
0.25604766607284546,1
0.3859502673149109,1
0.41851913928985596,1
0.30496254563331604,1
0.44285374879837036,1
0.35235849022865295,1
0.41937223076820374,1
0.2921655774116516,1
0.2945305407047272,1
0.24838702380657196,1
0.4408101737499237,1
0.4110538065433502,1
0.3100055456161499,1
0.33927223086357117,1
0.354015588760376,1
0.3502156138420105,1
0.2924061417579651,1
0.40254372358322144,1
0.3839026093482971,1
0.3110252320766449,1
0.4093894362449646,1
0.4195737838745117,1
0.392940878868103,1
0.3620287775993347,1
0.45317381620407104,1
0.38828641176223755,1
0.22229552268981934,1
0.33453622460365295,1
0.3135557174682617,1
0.3281857967376709,1
0.3594779968261719,1
0.3564608097076416,1
0.4057772755622864,1
0.305965781211853,1
0.3663974404335022,1
0.45664989948272705,1
0.35944095253944397,1
0.30422383546829224,1
0.42977336049079895,1
0.2580181956291199,1
0.3937114477157593,1
0.3652803897857666,1
0.48586252331733704,1
0.24882297217845917,1
0.3117462396621704,1
0.4039255678653717,1
0.3721931576728821,1
0.31636032462120056,1
0.4234434962272644,1
0.3942863345146179,1
0.32084017992019653,1
0.3615212142467499,1
0.37427815794944763,1
0.309123694896698,1
0.3850495219230652,1
0.47666722536087036,1
0.2893848717212677,1
0.4114511013031006,1
0.40332257747650146,1
0.32456544041633606,1
0.38921046257019043,1
0.29747217893600464,1
0.3178364336490631,1
0.4073248505592346,1
0.37790849804878235,1
0.387847900390625,1
0.3755638599395752,1
0.3559417426586151,1
0.4614315927028656,1
0.2993558347225189,1
0.3259546458721161,1
0.31868696212768555,1
0.3321756422519684,1
0.34880274534225464,1
0.3244173228740692,1
0.5056949257850647,1
0.3742798864841461,1
0.2972836196422577,1
0.23570653796195984,1
0.266789972782135,1
0.38658982515335083,1
0.4780385196208954,1
0.38549330830574036,1
0.3370530903339386,1
0.421952486038208,1
0.41741663217544556,1
0.387543261051178,1
0.4092603027820587,1
0.4648549556732178,1
0.48821088671684265,1
0.4214380979537964,1
0.26199865341186523,1
0.30850446224212646,1
0.38221877813339233,1
0.2528521418571472,1
0.38325875997543335,1
0.2607881724834442,1
0.41879144310951233,1
0.44639748334884644,1
0.4780843257904053,1
0.3816884160041809,1
0.3018054962158203,1
0.4127136468887329,1
0.36944499611854553,1
0.4038601219654083,1
0.2717183828353882,1
0.4540286064147949,1
0.32970553636550903,1
0.348802387714386,1
0.36079367995262146,1
0.368407666683197,1
0.28983113169670105,1
0.42405977845191956,1
0.41971755027770996,1
0.3859328031539917,1
0.32379770278930664,1
0.3227684795856476,1
0.3699566125869751,1
0.34419935941696167,1
0.31285595893859863,1
0.2821682095527649,1
0.3829452693462372,1
0.31829634308815,1
0.3356972634792328,1
0.34282535314559937,1
0.3884643316268921,1
0.3352903127670288,1
0.21713410317897797,1
0.4002769887447357,1
0.4311865568161011,1
0.43266239762306213,1
0.370376318693161,1
0.33980056643486023,1
0.2610357105731964,1
0.421325147151947,1
0.36860930919647217,1
0.3243201971054077,1
0.25306928157806396,1
0.3726993799209595,1
0.3346470594406128,1
0.35073983669281006,1
0.49404746294021606,1
0.42137661576271057,1
0.3739725947380066,1
0.4585534930229187,1
0.30811673402786255,1
0.3256682753562927,1
0.32610300183296204,1
0.31896936893463135,1
0.43161532282829285,1
0.3877713978290558,1
0.30476412177085876,1
0.2441011518239975,1
0.4056927561759949,1
0.3179129958152771,1
0.34384608268737793,1
0.4123723804950714,1
0.3614990711212158,1
0.3619375228881836,1
0.39206910133361816,1
0.32834571599960327,1
0.4448995292186737,1
0.3170391619205475,1
0.3275560140609741,1
0.3429451584815979,1
0.4245486855506897,1
0.4043949544429779,1
0.34430888295173645,1
0.39253661036491394,1
0.3106333315372467,1
0.381719172000885,1
0.2931668162345886,1
0.3799111247062683,1
0.3402564525604248,1
0.3498326539993286,1
0.21744440495967865,1
0.38522568345069885,1
0.3185543417930603,1
0.4128422141075134,1
0.35738250613212585,1
0.31638258695602417,1
0.39574697613716125,1
0.49186941981315613,1
0.32191163301467896,1
0.4113991856575012,1
0.2411612570285797,1
0.3294900357723236,1
0.2983207702636719,1
0.3963903784751892,1
0.39436376094818115,1
0.38703352212905884,1
0.3587499260902405,1
0.3608400821685791,1
0.3122015595436096,1
0.34654396772384644,1
0.38721412420272827,1
0.5037412643432617,1
0.3070242404937744,1
0.4514458477497101,1
0.3078194856643677,1
0.4413600265979767,1
0.37772852182388306,1
0.3259750306606293,1
0.36827534437179565,1
0.42100656032562256,1
0.5600411891937256,1
0.3474469482898712,1
0.3534090518951416,1
0.4489535689353943,1
0.3611478805541992,1
0.4165771007537842,1
0.36553463339805603,1
0.3616410195827484,1
0.3067159950733185,1
0.3668140172958374,1
0.30958735942840576,1
0.37454891204833984,1
0.3294369578361511,1
0.3918965458869934,1
0.3751591444015503,1
0.365767240524292,1
0.32290947437286377,1
0.3415381908416748,1
0.3485305607318878,1
0.33503004908561707,1
0.37541234493255615,1
0.3436759114265442,1
0.4214019775390625,1
0.3781525194644928,1
0.3026086390018463,1
0.40597689151763916,1
0.3660067021846771,1
0.39097729325294495,1
0.3170193135738373,1
0.3623151481151581,1
0.2418588399887085,1
0.3819028437137604,1
0.36049872636795044,1
0.3867390751838684,1
0.40022093057632446,1
0.36221760511398315,1
0.34310615062713623,1
0.364858478307724,1
0.37500545382499695,1
0.4117071330547333,1
0.36765068769454956,1
0.3232138752937317,1
0.3649117946624756,1
0.4361270070075989,1
0.3888583183288574,1
0.29396066069602966,1
0.2845180630683899,1
0.3757933974266052,1
0.3747889995574951,1
0.3780825734138489,1
0.3021678626537323,1
0.3815346360206604,1
0.4053412973880768,1
0.439206600189209,1
0.42146772146224976,1
0.25443777441978455,1
0.30506086349487305,1
0.33430424332618713,1
0.40162748098373413,1
0.3413621187210083,1
0.38631561398506165,1
0.3165847957134247,1
0.3680107891559601,1
0.33956417441368103,1
0.37305504083633423,1
0.3394871950149536,1
0.3110268712043762,1
0.2432471215724945,1
0.26028650999069214,1
0.38562414050102234,1
0.40627342462539673,1
0.3782963156700134,1
0.4308730363845825,1
0.3455688953399658,1
0.3738883137702942,1
0.3941546082496643,1
0.44170814752578735,1
0.3574165403842926,1
0.38393720984458923,1
0.36551418900489807,1
0.31716465950012207,1
0.33307117223739624,1
0.30588576197624207,1
0.37638136744499207,1
0.48613783717155457,1
0.2307881861925125,1
0.5109360218048096,1
0.39832639694213867,1
0.37067967653274536,1
0.4866650700569153,1
0.3758147954940796,1
0.4239307641983032,1
0.3343409299850464,1
0.37455296516418457,1
0.36216986179351807,1
0.302366703748703,1
0.3043603301048279,1
0.3046922981739044,1
0.438757061958313,1
0.34911125898361206,1
0.3264867961406708,1
0.3943330645561218,1
0.39298301935195923,1
0.3739233613014221,1
0.44835999608039856,1
0.44645142555236816,1
0.3940597176551819,1
0.3792142868041992,1
0.29823946952819824,1
0.3027689754962921,1
0.49886780977249146,1
0.2936847507953644,1
0.41972827911376953,1
0.2958383858203888,1
0.40144553780555725,1
0.3455296754837036,1
0.3101933002471924,1
0.3113346993923187,1
0.3694652318954468,1
0.28033679723739624,1
0.4023573100566864,1
0.38926178216934204,1
0.42128223180770874,1
0.38916489481925964,1
0.38440269231796265,1
0.4363008737564087,1
0.2716994285583496,1
0.3765581250190735,1
0.3902028799057007,1
0.3103439509868622,1
0.3587382435798645,1
0.36994266510009766,1
0.45174190402030945,1
0.39073294401168823,1
0.35244476795196533,1
0.25151047110557556,1
0.3325066566467285,1
0.3196556568145752,1
0.30874985456466675,1
0.39139702916145325,1
0.48213833570480347,1
0.32568395137786865,1
0.3754657506942749,1
0.31098222732543945,1
0.36379730701446533,1
0.46438074111938477,1
0.5102841854095459,1
0.3578363060951233,1
0.28752046823501587,1
0.4017977714538574,1
0.33765530586242676,1
0.4568372964859009,1
0.3096013069152832,1
0.4968625605106354,1
0.3654264211654663,1
0.3662453591823578,1
0.3704931437969208,1
0.24699600040912628,1
0.34053221344947815,1
0.3202933073043823,1
0.3385719060897827,1
0.3990776538848877,1
0.3068993091583252,1
0.39515742659568787,1
0.3035997152328491,1
0.36044999957084656,1
0.32861530780792236,1
0.3489408493041992,1
0.26143866777420044,1
0.3376639485359192,1
0.37458038330078125,1
0.40262508392333984,1
0.36374250054359436,1
0.3381757140159607,1
0.4206172227859497,1
0.40934592485427856,1
0.33889347314834595,1
0.399980366230011,1
0.3343569338321686,1
0.4054519534111023,1
0.47657158970832825,1
0.3538021743297577,1
0.3005228340625763,1
0.27103495597839355,1
0.4421060383319855,1
0.3499729633331299,1
0.34878888726234436,1
0.5409358143806458,1
0.2942558526992798,1
0.40972888469696045,1
0.33133941888809204,1
0.4071390628814697,1
0.36220139265060425,1
0.33625099062919617,1
0.38413453102111816,1
0.40384066104888916,1
0.4385944604873657,1
0.44469818472862244,1
0.46507585048675537,1
0.4134223163127899,1
0.3498770296573639,1
0.358506441116333,1
0.31920284032821655,1
0.3433595597743988,1
0.45086976885795593,1
0.5214442610740662,1
0.36485010385513306,1
0.38925737142562866,1
0.3391631841659546,1
0.28406062722206116,1
0.4514925479888916,1
0.29578423500061035,1
0.28674453496932983,1
0.3393915295600891,1
0.40130800008773804,1
0.30464935302734375,1
0.2638738453388214,1
0.3859826922416687,1
0.40401774644851685,1
0.3197387456893921,1
0.38788533210754395,1
0.41134732961654663,1
0.3427864909172058,1
0.39901262521743774,1
0.3549574315547943,1
0.39535626769065857,1
0.3635801374912262,1
0.360487699508667,1
0.3837229907512665,1
0.2832888066768646,1
0.23643098771572113,1
0.3652472198009491,1
0.32096657156944275,1
0.35788407921791077,1
0.36047613620758057,1
0.3562542200088501,1
0.3843700885772705,1
0.3681708872318268,1
0.357917457818985,1
0.24538275599479675,1
0.3692101836204529,1
0.3713989853858948,1
0.5337605476379395,1
0.38962769508361816,1
0.31989145278930664,1
0.4940534234046936,1
0.39479154348373413,1
0.45657986402511597,1
0.37493640184402466,1
0.30573850870132446,1
0.3011315166950226,1
0.33527079224586487,1
0.3903859257698059,1
0.37251636385917664,1
0.30856749415397644,1
0.3015965521335602,1
0.3284531831741333,1
0.3289742171764374,1
0.358504056930542,1
0.3319377303123474,1
0.39127475023269653,1
0.4627476632595062,1
0.3911082446575165,1
0.3020445704460144,1
0.3262057900428772,1
0.34746262431144714,1
0.3691563010215759,1
0.29210156202316284,1
0.42515847086906433,1
0.3065319061279297,1
0.24921371042728424,1
0.4106007218360901,1
0.37429362535476685,1
0.3605704605579376,1
0.35996460914611816,1
0.3378097712993622,1
0.4330562949180603,1
0.36302804946899414,1
0.34811484813690186,1
0.36662745475769043,1
0.3340540826320648,1
0.3473278284072876,1
0.36048591136932373,1
0.42931875586509705,1
0.44099611043930054,1
0.3570190370082855,1
0.3542063236236572,1
0.3052671253681183,1
0.27707237005233765,1
0.3087265193462372,1
0.33705753087997437,1
0.2894343137741089,1
0.38003265857696533,1
0.3195326030254364,1
0.2885894179344177,1
0.3802340626716614,1
0.36364054679870605,1
0.47224491834640503,1
0.31979528069496155,1
0.2961236536502838,1
0.3650496006011963,1
0.36580854654312134,1
0.421893835067749,1
0.41128045320510864,1
0.42024874687194824,1
0.3245016932487488,1
0.4206271469593048,1
0.394491583108902,1
0.3957805037498474,1
0.345784068107605,1
0.3061384856700897,1
0.3046886920928955,1
0.3036178946495056,1
0.4279744029045105,1
0.38983583450317383,1
0.3521222472190857,1
0.3695444166660309,1
0.34970027208328247,1
0.4786838889122009,1
0.3499266803264618,1
0.30698636174201965,1
0.3246026635169983,1
0.2935881018638611,1
0.30586951971054077,1
0.42965126037597656,1
0.33460527658462524,1
0.27555498480796814,1
0.44707736372947693,1
0.37180376052856445,1
0.35826343297958374,1
0.3332701325416565,1
0.37551039457321167,1
0.3983944356441498,1
0.3733934462070465,1
0.311420738697052,1
0.3658483624458313,1
0.3290271759033203,1
0.31775039434432983,1
0.4075355529785156,1
0.41839897632598877,1
0.3273308277130127,1
0.39461591839790344,1
0.42225486040115356,1
0.3287741541862488,1
0.3420168161392212,1
0.28217291831970215,1
0.31465601921081543,1
0.3281676173210144,1
0.36559826135635376,1
0.3357738256454468,1
0.38090115785598755,1
0.3513578772544861,1
0.3182549774646759,1
0.41367703676223755,1
0.37495970726013184,1
0.4385565519332886,1
0.28954723477363586,1
0.3063538670539856,1
0.3164531886577606,1
0.3814786672592163,1
0.23778948187828064,1
0.23127025365829468,1
0.4056509733200073,1
0.3037927448749542,1
0.3665637969970703,1
0.4884244203567505,1
0.3371170163154602,1
0.39920324087142944,1
0.3777064383029938,1
0.36507880687713623,1
0.37638968229293823,1
0.35800066590309143,1
0.399813175201416,1
0.34921005368232727,1
0.32751837372779846,1
0.40773358941078186,1
0.41679948568344116,1
0.3093581199645996,1
0.35286614298820496,1
0.339880108833313,1
0.37315109372138977,1
0.40834376215934753,1
0.26272475719451904,1
0.4562603831291199,1
0.4684569537639618,1
0.3384682536125183,1
0.3479803800582886,1
0.2916552722454071,1
0.33585694432258606,1
0.3408370614051819,1
0.38003504276275635,1
0.43687593936920166,1
0.43869438767433167,1
0.30090951919555664,1
0.3826305866241455,1
0.32107964158058167,1
0.3767254054546356,1
0.33448442816734314,1
0.3285609483718872,1
0.4443005919456482,1
0.35903120040893555,1
0.42489731311798096,1
0.4475890100002289,1
0.28365713357925415,1
0.43919384479522705,1
0.33096545934677124,1
0.3212434649467468,1
0.34990864992141724,1
0.44627606868743896,1
0.3395746350288391,1
0.41954320669174194,1
0.3715614378452301,1
0.33705610036849976,1
0.37602370977401733,1
0.4690753221511841,1
0.34304922819137573,1
0.36494719982147217,1
0.3246704936027527,1
0.4319969415664673,1
0.3880515992641449,1
0.3692042827606201,1
0.37376654148101807,1
0.42123717069625854,1
0.283626914024353,1
0.3710448145866394,1
0.35719597339630127,1
0.35956457257270813,1
0.5224541425704956,1
0.34021782875061035,1
0.2691149115562439,1
0.36672157049179077,1
0.32648155093193054,1
0.3297465741634369,1
0.38885366916656494,1
0.29344886541366577,1
0.3008791506290436,1
0.31106340885162354,1
0.2939830720424652,1
0.3517851233482361,1
0.37607434391975403,1
0.39482641220092773,1
0.3222917914390564,1
0.41872286796569824,1
0.3080887794494629,1
0.3843957483768463,1
0.3905240595340729,1
0.3725217580795288,1
0.32548826932907104,1
0.3785540759563446,1
0.3238174319267273,1
0.3274562954902649,1
0.42646268010139465,1
0.35922786593437195,1
0.28947266936302185,1
0.3189811110496521,1
0.4720395505428314,1
0.37149709463119507,1
0.2999900281429291,1
0.3359259366989136,1
0.43828141689300537,1
0.3410259485244751,1
0.3010433316230774,1
0.38146597146987915,1
0.31114354729652405,1
0.3456929326057434,1
0.3408837914466858,1
0.26554998755455017,1
0.4625933766365051,1
0.23098887503147125,1
0.35542047023773193,1
0.37266290187835693,1
0.33196771144866943,1
0.32020047307014465,1
0.358920156955719,1
0.3257233798503876,1
0.30493801832199097,1
0.33995893597602844,1
0.310415655374527,1
0.3104909062385559,1
0.38390544056892395,1
0.4524390697479248,1
0.36734670400619507,1
0.3557085394859314,1
0.40640348196029663,1
0.26174622774124146,1
0.21511438488960266,1
0.3533558249473572,1
0.32832732796669006,1
0.3530008792877197,1
0.3844682574272156,1
0.3403434753417969,1
0.31374019384384155,1
0.36318865418434143,1
0.2992289364337921,1
0.29387202858924866,1
0.37501129508018494,1
0.3319905996322632,1
0.4098685085773468,1
0.31957894563674927,1
0.29608792066574097,1
0.2850731611251831,1
0.32219719886779785,1
0.40836459398269653,1
0.2799708843231201,1
0.35551920533180237,1
0.35239654779434204,1
0.4316537380218506,1
0.35014212131500244,1
0.3221851885318756,1
0.33093976974487305,1
0.34243422746658325,1
0.24261710047721863,1
0.39142024517059326,1
0.43350857496261597,1
0.23993778228759766,1
0.3480663597583771,1
0.34880805015563965,1
0.30967557430267334,1
0.380131334066391,1
0.31394922733306885,1
0.5272006988525391,1
0.3719981014728546,1
0.31157779693603516,1
0.3656782805919647,1
0.2805615961551666,1
0.372494637966156,1
0.3024710416793823,1
0.44044288992881775,1
0.3457690477371216,1
0.33475199341773987,1
0.3885591924190521,1
0.26976892352104187,1
0.276253342628479,1
0.2438032329082489,1
0.32866328954696655,1
0.3516514301300049,1
0.43367961049079895,1
0.27823948860168457,1
0.3804430067539215,1
0.4119792580604553,1
0.4290551245212555,1
0.2763756811618805,1
0.26572185754776,1
0.33038145303726196,1
0.33814001083374023,1
0.2734886407852173,1
0.23093116283416748,1
0.4318019151687622,1
0.35299086570739746,1
0.3405643105506897,1
0.4880167841911316,1
0.4788951277732849,1
0.3070630431175232,1
0.6720638275146484,1
0.38610565662384033,1
0.4127561151981354,1
0.3679734170436859,1
0.19119465351104736,1
0.2553931474685669,1
0.34816575050354004,1
0.47020792961120605,1
0.40103834867477417,1
0.360649049282074,1
0.41960763931274414,1
0.22324270009994507,1
0.30074846744537354,1
0.35951995849609375,1
0.4347898066043854,1
0.34075626730918884,1
0.28423354029655457,1
0.3410378098487854,1
0.3499114215373993,1
0.43529096245765686,1
0.4431750476360321,1
0.3322564959526062,1
0.3647353947162628,1
0.33185476064682007,1
0.3205918073654175,1
0.39688640832901,1
0.37532928586006165,1
0.32820048928260803,1
0.28079646825790405,1
0.46530452370643616,1
0.29017332196235657,1
0.25757521390914917,1
0.3787207007408142,1
0.3276502192020416,1
0.4008818566799164,1
0.3238067030906677,1
0.3253535032272339,1
0.32982033491134644,1
0.2817745804786682,1
0.4443545341491699,1
0.333154559135437,1
0.38345223665237427,1
0.5280474424362183,1
0.467065691947937,1
0.30757319927215576,1
0.2784267067909241,1
0.3955656886100769,1
0.42699819803237915,1
0.2567606568336487,1
0.37681418657302856,1
0.3877177834510803,1
0.40730205178260803,1
0.37645405530929565,1
0.3592086136341095,1
0.30022990703582764,1
0.30850398540496826,1
0.2930893301963806,1
0.34689566493034363,1
0.35185617208480835,1
0.4385744333267212,1
0.3216397166252136,1
0.3778263330459595,1
0.40830421447753906,1
0.3590037226676941,1
0.298735111951828,1
0.44926777482032776,1
0.4036034941673279,1
0.40295347571372986,1
0.25494736433029175,1
0.35828787088394165,1
0.43035170435905457,1
0.33287423849105835,1
0.33485811948776245,1
0.3060545325279236,1
0.2450510412454605,1
0.32649797201156616,1
0.2943345308303833,1
0.20776522159576416,1
0.2639504075050354,1
0.46069830656051636,1
0.269294798374176,1
0.39222049713134766,1
0.5072004795074463,1
0.30136364698410034,1
0.3218226432800293,1
0.46126359701156616,1
0.42120105028152466,1
0.42806315422058105,1
0.49904865026474,1
0.4919770359992981,1
0.35161587595939636,1
0.4110605716705322,1
0.3659859001636505,1
0.3071969747543335,1
0.2012559175491333,1
0.43361541628837585,1
0.29951515793800354,1
0.3891505300998688,1
0.4066120684146881,1
0.4634891748428345,1
0.29283931851387024,1
0.4001893699169159,1
0.3642966151237488,1
0.3791630268096924,1
0.3682554364204407,1
0.29725566506385803,1
0.36896103620529175,1
0.3545548915863037,1
0.3379971981048584,1
0.41190439462661743,1
0.30905115604400635,1
0.3834131360054016,1
0.43752074241638184,1
0.30700844526290894,1
0.29112690687179565,1
0.3576370179653168,1
0.2572319507598877,1
0.46919959783554077,1
0.2995469570159912,1
0.3394024968147278,1
0.5138852000236511,1
0.3345958888530731,1
0.5531238317489624,1
0.3407861292362213,1
0.4728134274482727,1
0.5048277378082275,1
0.31045272946357727,1
0.3693847358226776,1
0.32269829511642456,1
0.3046509027481079,1
0.41575896739959717,1
0.417176753282547,1
0.3664931058883667,1
0.2522622048854828,1
0.33461910486221313,1
0.37951040267944336,1
0.38979142904281616,1
0.3677712082862854,1
0.345967173576355,1
0.5246214866638184,1
0.37597566843032837,1
0.3000039756298065,1
0.46904611587524414,1
0.3661990463733673,1
0.3363140821456909,1
0.45282748341560364,1
0.3072704076766968,1
0.35266077518463135,1
0.3892083466053009,1
0.4157477915287018,1
0.38893693685531616,1
0.327307790517807,1
0.3165980577468872,1
0.42775577306747437,1
0.3410786986351013,1
0.5058282017707825,1
0.3287736475467682,1
0.4102565050125122,1
0.38740652799606323,1
0.3305555582046509,1
0.28672492504119873,1
0.36582762002944946,1
0.30620965361595154,1
0.390365868806839,1
0.552838146686554,1
0.3630915582180023,1
0.22856752574443817,1
0.31886982917785645,1
0.3215358853340149,1
0.4593982994556427,1
0.38462018966674805,1
0.4353869557380676,1
0.3312903642654419,1
0.4034512937068939,1
0.42089295387268066,1
0.36009296774864197,1
0.4543689489364624,1
0.3519939184188843,1
0.38607245683670044,1
0.3694954216480255,1
0.38675105571746826,1
0.4116223156452179,1
0.3626396059989929,1
0.33931589126586914,1
0.4223029911518097,1
0.3676292300224304,1
0.5146971940994263,1
0.3777526319026947,1
0.33536413311958313,1
0.45413345098495483,1
0.4138478934764862,1
0.41594845056533813,1
0.30204564332962036,1
0.3223835229873657,1
0.3458647131919861,1
0.47081610560417175,1
0.4201139807701111,1
0.3514198958873749,1
0.2647526264190674,1
0.27793583273887634,1
0.40661734342575073,1
0.32127299904823303,1
0.3327507972717285,1
0.28902238607406616,1
0.3085740804672241,1
0.42083272337913513,1
0.44708576798439026,1
0.3490564227104187,1
0.39863526821136475,1
0.30904459953308105,1
0.4629524052143097,1
0.3487273156642914,1
0.3590795397758484,1
0.35116979479789734,1
0.433455228805542,1
0.35529986023902893,1
0.2724510729312897,1
0.37961336970329285,1
0.34404388070106506,1
0.3729129731655121,1
0.3747301399707794,1
0.3530612587928772,1
0.2978654205799103,1
0.2990381717681885,1
0.30110570788383484,1
0.3059419095516205,1
0.33827823400497437,1
0.46023666858673096,1
0.33281561732292175,1
0.3332030773162842,1
0.4195821285247803,1
0.3200506865978241,1
0.40851229429244995,1
0.4495897591114044,1
0.40439996123313904,1
0.38955825567245483,1
0.38979005813598633,1
0.4134988784790039,1
0.309806764125824,1
0.35860371589660645,1
0.4201611876487732,1
0.32050207257270813,1
0.27321451902389526,1
0.34494689106941223,1
0.4519372284412384,1
0.2914743423461914,1
0.3354575037956238,1
0.3855234682559967,1
0.35509905219078064,1
0.35351619124412537,1
0.3799382150173187,1
0.33747243881225586,1
0.37091660499572754,1
0.4698018431663513,1
0.35800081491470337,1
0.4182291328907013,1
0.3100825548171997,1
0.28068849444389343,1
0.372821182012558,1
0.3496449887752533,1
0.34025123715400696,1
0.3610367774963379,1
0.40755313634872437,1
0.34132781624794006,1
0.3221879303455353,1
0.2945661246776581,1
0.32180821895599365,1
0.4327399730682373,1
0.30962860584259033,1
0.323780357837677,1
0.33991754055023193,1
0.3321670591831207,1
0.40246936678886414,1
0.32545655965805054,1
0.42310816049575806,1
0.4753778576850891,1
0.4236619174480438,1
0.32608693838119507,1
0.43775320053100586,1
0.30654340982437134,1
0.2914089560508728,1
0.3775117099285126,1
0.3172217309474945,1
0.4223805069923401,1
0.25707608461380005,1
0.41448426246643066,1
0.36457836627960205,1
0.3497735559940338,1
0.35912907123565674,1
0.4092704653739929,1
0.37576860189437866,1
0.2986186444759369,1
0.3015453517436981,1
0.3527080714702606,1
0.3237783908843994,1
0.39111778140068054,1
0.3072551190853119,1
0.31958961486816406,1
0.39517590403556824,1
0.26504823565483093,1
0.5654680728912354,1
0.2961142063140869,1
0.34351417422294617,1
0.30915823578834534,1
0.3675611615180969,1
0.2946386933326721,1
0.38665980100631714,1
0.30453526973724365,1
0.40548059344291687,1
0.25180360674858093,1
0.4982084035873413,1
0.32531315088272095,1
0.3082798719406128,1
0.29367727041244507,1
0.28313982486724854,1
0.34471431374549866,1
0.3852204978466034,1
0.38886699080467224,1
0.4182570278644562,1
0.2600238025188446,1
0.2920989990234375,1
0.29730555415153503,1
0.48611879348754883,1
0.31447282433509827,1
0.35442882776260376,1
0.3531953990459442,1
0.442331463098526,1
0.3012259006500244,1
0.3019828796386719,1
0.4164140522480011,1
0.2991839349269867,1
0.3318242132663727,1
0.270864337682724,1
0.4079079031944275,1
0.2772004008293152,1
0.3584497570991516,1
0.35692471265792847,1
0.35544490814208984,1
0.2562085688114166,1
0.34115707874298096,1
0.29262080788612366,1
0.3933790326118469,1
0.4401201009750366,1
0.2998165488243103,1
0.368641197681427,1
0.3893003761768341,1
0.3034237325191498,1
0.40234923362731934,1
0.37706834077835083,1
0.3637329339981079,1
0.308302640914917,1
0.3353118300437927,1
0.431858628988266,1
0.35472795367240906,1
0.34096431732177734,1
0.4457893371582031,1
0.356009840965271,1
0.2961920499801636,1
0.44323909282684326,1
0.3895162045955658,1
0.4454302489757538,1
0.3433227241039276,1
0.29720810055732727,1
0.4057193994522095,1
0.3809736967086792,1
0.2971271276473999,1
0.3696032166481018,1
0.38538098335266113,1
0.36635851860046387,1
0.29727402329444885,1
0.37641406059265137,1
0.3028232753276825,1
0.3251837193965912,1
0.39518773555755615,1
0.312451034784317,1
0.3479834198951721,1
0.3418474495410919,1
0.3625354766845703,1
0.3382713198661804,1
0.43189355731010437,1
0.30478352308273315,1
0.3404579162597656,1
0.3180283010005951,1
0.4546211361885071,1
0.3956831991672516,1
0.3653157353401184,1
0.27818870544433594,1
0.34919342398643494,1
0.2689612805843353,1
0.36506104469299316,1
0.40708547830581665,1
0.3937619924545288,1
0.3065146803855896,1
0.37513917684555054,1
0.4271111488342285,1
0.37959611415863037,1
0.39113953709602356,1
0.31747618317604065,1
0.2330445647239685,1
0.2707839012145996,1
0.418144166469574,1
0.4300779700279236,1
0.3073984980583191,1
0.35619914531707764,1
0.2860506474971771,1
0.2860674560070038,1
0.40732091665267944,1
0.4049641191959381,1
0.3144758641719818,1
0.30418044328689575,1
0.35349124670028687,1
0.3622393012046814,1
0.33286920189857483,1
0.44594767689704895,1
0.42656421661376953,1
0.3501055836677551,1
0.2358296811580658,1
0.34362101554870605,1
0.4684082865715027,1
0.41705748438835144,1
0.34436196088790894,1
0.25212591886520386,1
0.3558740019798279,1
0.36643993854522705,1
0.32828494906425476,1
0.32602083683013916,1
0.36612629890441895,1
0.3152428865432739,1
0.3227522373199463,1
0.3300303518772125,1
0.3341149389743805,1
0.4820115566253662,1
0.36238348484039307,1
0.42742156982421875,1
0.3201957643032074,1
0.3821491599082947,1
0.270473837852478,1
0.36692002415657043,1
0.43284088373184204,1
0.36758953332901,1
0.3086582124233246,1
0.313893586397171,1
0.30504292249679565,1
0.38525402545928955,1
0.3520084023475647,1
0.3536456823348999,1
0.3498576283454895,1
0.36284759640693665,1
0.3934882879257202,1
0.3009902536869049,1
0.37107911705970764,1
0.42062920331954956,1
0.30443957448005676,1
0.2819501757621765,1
0.33207792043685913,1
0.30392172932624817,1
0.5000941753387451,1
0.27010998129844666,1
0.40448129177093506,1
0.3245425820350647,1
0.3358135521411896,1
0.3561491370201111,1
0.4322795569896698,1
0.37937676906585693,1
0.2579197287559509,1
0.2711212635040283,1
0.3140764832496643,1
0.2504916489124298,1
0.534056544303894,1
0.3232276439666748,1
0.3227987587451935,1
0.3347782492637634,1
0.3390304446220398,1
0.275145024061203,1
0.46261826157569885,1
0.43944603204727173,1
0.28618642687797546,1
0.27291449904441833,1
0.369789183139801,1
0.27814173698425293,1
0.32647818326950073,1
0.2884357273578644,1
0.365533709526062,1
0.35169416666030884,1
0.34880611300468445,1
0.31868940591812134,1
0.3364693820476532,1
0.2901698648929596,1
0.4181484580039978,1
0.37094396352767944,1
0.5286399722099304,1
0.3478200435638428,1
0.4090498685836792,1
0.3625708520412445,1
0.3474677503108978,1
0.2400170862674713,1
0.3459038734436035,1
0.2846826910972595,1
0.3209732174873352,1
0.309445321559906,1
0.23326441645622253,1
0.37868982553482056,1
0.3471401333808899,1
0.4850977659225464,1
0.3601309657096863,1
0.3270934820175171,1
0.21082548797130585,1
0.3801518678665161,1
0.44142186641693115,1
0.4152403473854065,1
0.4532359838485718,1
0.3970435857772827,1
0.2960372567176819,1
0.35108518600463867,1
0.27662038803100586,1
0.3283849358558655,1
0.42716315388679504,1
0.36115390062332153,1
0.25167572498321533,1
0.22050946950912476,1
0.3739308714866638,1
0.4085562229156494,1
0.4155961871147156,1
0.30616337060928345,1
0.37326550483703613,1
0.3648601174354553,1
0.3620239794254303,1
0.39801880717277527,1
0.32776594161987305,1
0.372755229473114,1
0.22314602136611938,1
0.4157623052597046,1
0.321086049079895,1
0.4046199321746826,1
0.5078619718551636,1
0.4190219044685364,1
0.47408169507980347,1
0.29699820280075073,1
0.33812159299850464,1
0.34538453817367554,1
0.32464081048965454,1
0.384476900100708,1
0.3775612711906433,1
0.2630460262298584,1
0.33887845277786255,1
0.37630629539489746,1
0.3873897194862366,1
0.3773195445537567,1
0.34834009408950806,1
0.29831281304359436,1
0.21710102260112762,1
0.29463085532188416,1
0.4898349344730377,1
0.41314375400543213,1
0.44793304800987244,1
0.4429250955581665,1
0.21254278719425201,1
0.35517066717147827,1
0.3213443160057068,1
0.4129667580127716,1
0.3957929015159607,1
0.2780102491378784,1
0.34478867053985596,1
0.29063931107521057,1
0.2668209969997406,1
0.30558136105537415,1
0.30720841884613037,1
0.2557678520679474,1
0.34781813621520996,1
0.3125048279762268,1
0.44991335272789,1
0.3516665995121002,1
0.2930790185928345,1
0.39358416199684143,1
0.3071761131286621,1
0.317667156457901,1
0.42108917236328125,1
0.42576882243156433,1
0.33928704261779785,1
0.3643067479133606,1
0.2872970700263977,1
0.3807641267776489,1
0.34749889373779297,1
0.2749747335910797,1
0.2003415822982788,1
0.2524213492870331,1
0.32015466690063477,1
0.3317963480949402,1
0.35042431950569153,1
0.31961092352867126,1
0.3503350615501404,1
0.41211605072021484,1
0.4064207077026367,1
0.2541362941265106,1
0.37145355343818665,1
0.47693997621536255,1
0.466037392616272,1
0.38757193088531494,1
0.33041247725486755,1
0.49812620878219604,1
0.348238080739975,1
0.3890765607357025,1
0.3084796071052551,1
0.3975084722042084,1
0.23595093190670013,1
0.33336544036865234,1
0.2975695729255676,1
0.42405998706817627,1
0.32922351360321045,1
0.27096372842788696,1
0.3532024919986725,1
0.27043208479881287,1
0.3152645528316498,1
0.3489025831222534,1
0.3464706838130951,1
0.4793226718902588,1
0.44850361347198486,1
0.31885942816734314,1
0.4196639657020569,1
0.4036738872528076,1
0.32064875960350037,1
0.34740376472473145,1
0.2916850447654724,1
0.2631402909755707,1
0.44621598720550537,1
0.4004729390144348,1
0.2468603551387787,1
0.4102579355239868,1
0.3478691577911377,1
0.4162973165512085,1
0.2452092170715332,1
0.4384351968765259,1
0.4274100959300995,1
0.34511661529541016,1
0.4302300214767456,1
0.32148563861846924,1
0.38562971353530884,1
0.3212917745113373,1
0.42581531405448914,1
0.43023890256881714,1
0.39242255687713623,1
0.36769920587539673,1
0.30729803442955017,1
0.3608962297439575,1
0.34150880575180054,1
0.4717520773410797,1
0.33113640546798706,1
0.4479248523712158,1
0.44954046607017517,1
0.32990536093711853,1
0.4674336016178131,1
0.3634921610355377,1
0.18631744384765625,1
0.5000070333480835,1
0.3001362085342407,1
0.4009888172149658,1
0.4284833073616028,1
0.36861753463745117,1
0.309334397315979,1
0.3549082279205322,1
0.4263530969619751,1
0.4040088653564453,1
0.43281519412994385,1
0.33734622597694397,1
0.29347145557403564,1
0.359685480594635,1
0.43419018387794495,1
0.30019283294677734,1
0.35420501232147217,1
0.3813881576061249,1
0.4197366535663605,1
0.4228188097476959,1
0.309332013130188,1
0.3476380705833435,1
0.37204375863075256,1
0.41337788105010986,1
0.32593464851379395,1
0.3022073209285736,1
0.39091312885284424,1
0.28333407640457153,1
0.34676292538642883,1
0.3132054805755615,1
0.3327001929283142,1
0.3377104103565216,1
0.31142330169677734,1
0.33367156982421875,1
0.2946035861968994,1
0.37974169850349426,1
0.3669165372848511,1
0.31651371717453003,1
0.22058191895484924,1
0.3424004316329956,1
0.4111744165420532,1
0.4268718957901001,1
0.2814227044582367,1
0.35461509227752686,1
0.2567189931869507,1
0.42123138904571533,1
0.19284287095069885,1
0.3565359115600586,1
0.4780198335647583,1
0.26967665553092957,1
0.3695886731147766,1
0.3415556252002716,1
0.3914361000061035,1
0.37793248891830444,1
0.3166322410106659,1
0.3267139792442322,1
0.42515242099761963,1
0.39965513348579407,1
0.3184261918067932,1
0.29856932163238525,1
0.2366025596857071,1
0.3554743528366089,1
0.29881754517555237,1
0.36158379912376404,1
0.331737756729126,1
0.4475420415401459,1
0.2867078185081482,1
0.36153802275657654,1
0.35301172733306885,1
0.439934104681015,1
0.35818150639533997,1
0.3984670639038086,1
0.30901074409484863,1
0.4050824046134949,1
0.45331618189811707,1
0.25065743923187256,1
0.2846052348613739,1
0.3031601011753082,1
0.35012286901474,1
0.2493772953748703,1
0.2759853005409241,1
0.40433645248413086,1
0.342221200466156,1
0.37345945835113525,1
0.4309920072555542,1
0.33294302225112915,1
0.41405826807022095,1
0.3395712971687317,1
0.37816476821899414,1
0.3190265893936157,1
0.42583101987838745,1
0.2892073392868042,1
0.380504846572876,1
0.37715908885002136,1
0.29784247279167175,1
0.3178231716156006,1
0.4243597984313965,1
0.3107095956802368,1
0.3479294180870056,1
0.34547990560531616,1
0.2608802914619446,1
0.24820572137832642,1
0.38573986291885376,1
0.31894612312316895,1
0.4166910946369171,1
0.3880457878112793,1
0.28112664818763733,1
0.26730990409851074,1
0.32127904891967773,1
0.24491697549819946,1
0.3366261422634125,1
0.42080822587013245,1
0.4286878705024719,1
0.36605778336524963,1
0.333593487739563,1
0.25546032190322876,1
0.36750420928001404,1
0.3097533881664276,1
0.39780059456825256,1
0.47549694776535034,1
0.3009697496891022,1
0.3972253203392029,1
0.41524600982666016,1
0.4418688416481018,1
0.5546107292175293,1
0.3527037501335144,1
0.37877434492111206,1
0.40501612424850464,1
0.31522929668426514,1
0.3480735719203949,1
0.4237859845161438,1
0.36306753754615784,1
0.3214266300201416,1
0.19944828748703003,1
0.44072383642196655,1
0.35240283608436584,1
0.33111488819122314,1
0.32657116651535034,1
0.2868106961250305,1
0.40438252687454224,1
0.39359772205352783,1
0.39367491006851196,1
0.2826588749885559,1
0.3631095886230469,1
0.3730066120624542,1
0.3605802357196808,1
0.3413967192173004,1
0.35096612572669983,1
0.37050098180770874,1
0.28143489360809326,1
0.3712073266506195,1
0.37443000078201294,1
0.3117988109588623,1
0.4090668261051178,1
0.44559767842292786,1
0.4408412277698517,1
0.27848514914512634,1
0.32846617698669434,1
0.408943235874176,1
0.34228038787841797,1
0.38655391335487366,1
0.32032161951065063,1
0.5634487867355347,1
0.26837462186813354,1
0.2292197048664093,1
0.4399074912071228,1
0.2767065167427063,1
0.33028876781463623,1
0.3293425440788269,1
0.33339178562164307,1
0.35412541031837463,1
0.38557788729667664,1
0.527184009552002,1
0.31937041878700256,1
0.29671090841293335,1
0.3855753540992737,1
0.4054829180240631,1
0.30745357275009155,1
0.3694390654563904,1
0.3520379066467285,1
0.34969961643218994,1
0.33216166496276855,1
0.3854171633720398,1
0.3864368498325348,1
0.47543978691101074,1
0.32149872183799744,1
0.4247244596481323,1
0.43182361125946045,1
0.29503583908081055,1
0.294590562582016,1
0.31328168511390686,1
0.39414337277412415,1
0.45463013648986816,1
0.34032994508743286,1
0.3942234516143799,1
0.2673685848712921,1
0.41936570405960083,1
0.5324350595474243,1
0.44391995668411255,1
0.43078649044036865,1
0.43894466757774353,1
0.4204403758049011,1
0.31981074810028076,1
0.36086708307266235,1
0.31348875164985657,1
0.332706093788147,1
0.3862820863723755,1
0.3732386529445648,1
0.4237186312675476,1
0.3771529197692871,1
0.33661088347435,1
0.3869568705558777,1
0.3654089570045471,1
0.30919957160949707,1
0.44141361117362976,1
0.3796796202659607,1
0.3497718870639801,1
0.4149496257305145,1
0.3342859148979187,1
0.38359197974205017,1
0.3824121952056885,1
0.30593961477279663,1
0.2725851237773895,1
0.3502734899520874,1
0.5090986490249634,1
0.365540087223053,1
0.3404727578163147,1
0.41714194416999817,1
0.46486541628837585,1
0.3103407025337219,1
0.38897305727005005,1
0.2604852616786957,1
0.33946195244789124,1
0.38400840759277344,1
0.38443803787231445,1
0.3988560140132904,1
0.31998956203460693,1
0.33996349573135376,1
0.39670607447624207,1
0.3177516758441925,1
0.39058464765548706,1
0.3859702944755554,1
0.31756797432899475,1
0.5735571980476379,1
0.3418505787849426,1
0.3806677460670471,1
0.5895024538040161,1
0.3036181926727295,1
0.4165257215499878,1
0.33864539861679077,1
0.2403746247291565,1
0.47708678245544434,1
0.4011813998222351,1
0.2956393361091614,1
0.401070773601532,1
0.42197614908218384,1
0.46261340379714966,1
0.36812978982925415,1
0.4004776179790497,1
0.31875625252723694,1
0.38511186838150024,1
0.33089113235473633,1
0.28572866320610046,1
0.30249708890914917,1
0.4440804719924927,1
0.4955570697784424,1
0.2883008122444153,1
0.3788427710533142,1
0.27748656272888184,1
0.4563012719154358,1
0.3613128066062927,1
0.3792940080165863,1
0.366900771856308,1
0.3587644696235657,1
0.3510793447494507,1
0.2739841639995575,1
0.35662195086479187,1
0.38567304611206055,1
0.2557927966117859,1
0.4020754098892212,1
0.33954668045043945,1
0.3310980200767517,1
0.3885684609413147,1
0.4190102219581604,1
0.3997681140899658,1
0.36733725666999817,1
0.3870737552642822,1
0.3745640814304352,1
0.37605419754981995,1
0.34011244773864746,1
0.307475745677948,1
0.3243364691734314,1
0.40779250860214233,1
0.3791811466217041,1
0.35918623208999634,1
0.35441720485687256,1
0.30460500717163086,1
0.39817994832992554,1
0.2535441219806671,1
0.4026947617530823,1
0.37180909514427185,1
0.37808266282081604,1
0.41791900992393494,1
0.29204845428466797,1
0.38180550932884216,1
0.36140570044517517,1
0.24625341594219208,1
0.3758161962032318,1
0.3476153612136841,1
0.38577091693878174,1
0.33221495151519775,1
0.3754017949104309,1
0.3948076665401459,1
0.32345473766326904,1
0.44031020998954773,1
0.4066648483276367,1
0.4046676754951477,1
0.3356644809246063,1
0.33391037583351135,1
0.41839635372161865,1
0.2975289523601532,1
0.33887019753456116,1
0.3426956832408905,1
0.3284052014350891,1
0.4087979793548584,1
0.4660337567329407,1
0.31781497597694397,1
0.26132094860076904,1
0.43362605571746826,1
0.3251955211162567,1
0.3407427966594696,1
0.3416755497455597,1
0.2810443937778473,1
0.3139723539352417,1
0.36713922023773193,1
0.3295581638813019,1
0.38844794034957886,1
0.3943299949169159,1
0.2488507330417633,1
0.3553968667984009,1
0.4121563136577606,1
0.3804159164428711,1
0.32392317056655884,1
0.449746698141098,1
0.34408193826675415,1
0.29082876443862915,1
0.36084607243537903,1
0.29217058420181274,1
0.38725757598876953,1
0.43869438767433167,1
0.35332992672920227,1
0.4107349216938019,1
0.372165322303772,1
0.36555469036102295,1
0.3440898358821869,1
0.38525712490081787,1
0.43970006704330444,1
0.45309388637542725,1
0.3680409789085388,1
0.40585991740226746,1
0.34729358553886414,1
0.3865748643875122,1
0.35163572430610657,1
0.3119018077850342,1
0.30237045884132385,1
0.2906896770000458,1
0.5445468425750732,1
0.24864616990089417,1
0.44335776567459106,1
0.34447428584098816,1
0.5786804556846619,1
0.39827612042427063,1
0.3963427245616913,1
0.3421168029308319,1
0.30883342027664185,1
0.41401124000549316,1
0.35076114535331726,1
0.4308883547782898,1
0.3876742124557495,1
0.2702558636665344,1
0.4484814703464508,1
0.35498031973838806,1
0.3099779784679413,1
0.4131181240081787,1
0.35137778520584106,1
0.3645719289779663,1
0.35829609632492065,1
0.31046855449676514,1
0.48238837718963623,1
0.46401190757751465,1
0.41785553097724915,1
0.3135793209075928,1
0.3437895178794861,1
0.3347738981246948,1
0.3341783881187439,1
0.36913004517555237,1
0.25588223338127136,1
0.3562447428703308,1
0.3551101088523865,1
0.4311079978942871,1
0.3517090380191803,1
0.3630373477935791,1
0.3893321454524994,1
0.42073971033096313,1
0.4131532609462738,1
0.41580110788345337,1
0.41110706329345703,1
0.4055371582508087,1
0.23392680287361145,1
0.4908333420753479,1
0.4180992841720581,1
0.47068607807159424,1
0.3531607985496521,1
0.32905545830726624,1
0.40356355905532837,1
0.3413310945034027,1
0.515270471572876,1
0.2927892208099365,1
0.359135240316391,1
0.4004051387310028,1
0.3838183879852295,1
0.32984137535095215,1
0.3586404621601105,1
0.2454475611448288,1
0.36784660816192627,1
0.34526678919792175,1
0.41221052408218384,1
0.4488852322101593,1
0.3539406657218933,1
0.3476577401161194,1
0.3981820344924927,1
0.3487664461135864,1
0.3597823977470398,1
0.4217835068702698,1
0.3547295331954956,1
0.3930363059043884,1
0.4225025177001953,1
0.38326510787010193,1
0.4240896701812744,1
0.2848678231239319,1
0.41321396827697754,1
0.43563520908355713,1
0.38485851883888245,1
0.4868468940258026,1
0.3973768949508667,1
0.29474523663520813,1
0.2996675670146942,1
0.4831196665763855,1
0.48517754673957825,1
0.338509202003479,1
0.3421427607536316,1
0.36928796768188477,1
0.302682101726532,1
0.38413506746292114,1
0.34568554162979126,1
0.29428333044052124,1
0.39721497893333435,1
0.45960626006126404,1
0.37899380922317505,1
0.2888457775115967,1
0.35805997252464294,1
0.3686410188674927,1
0.3706517517566681,1
0.3755292594432831,1
0.36726582050323486,1
0.4124118983745575,1
0.4594537615776062,1
0.3960620164871216,1
0.35875847935676575,1
0.38976430892944336,1
0.4001253843307495,1
0.3396260738372803,1
0.3008158802986145,1
0.36602282524108887,1
0.37043291330337524,1
0.40544772148132324,1
0.4222736060619354,1
0.32579925656318665,1
0.3573026955127716,1
0.36084577441215515,1
0.3040490746498108,1
0.33765390515327454,1
0.43480175733566284,1
0.2912765145301819,1
0.2718811631202698,1
0.36480408906936646,1
0.3409718871116638,1
0.43096333742141724,1
0.4039098024368286,1
0.3390768766403198,1
0.364287793636322,1
0.3586311340332031,1
0.3257887661457062,1
0.2985911965370178,1
0.3815334141254425,1
0.3288280963897705,1
0.326951265335083,1
0.3625527024269104,1
0.4130391478538513,1
0.3540232181549072,1
0.2696652114391327,1
0.35548579692840576,1
0.28188270330429077,1
0.4541851282119751,1
0.3515176475048065,1
0.2792266011238098,1
0.27158164978027344,1
0.4444315433502197,1
0.3535599112510681,1
0.3746018409729004,1
0.3866986632347107,1
0.4389607012271881,1
0.32748767733573914,1
0.3580928444862366,1
0.440973699092865,1
0.3719513416290283,1
0.42206287384033203,1
0.3719201385974884,1
0.3041952848434448,1
0.2419227659702301,1
0.38097211718559265,1
0.3318019211292267,1
0.46987253427505493,1
0.3775583803653717,1
0.4041931629180908,1
0.3941290080547333,1
0.39958736300468445,1
0.3539297580718994,1
0.3633883595466614,1
0.3379513621330261,1
0.35740548372268677,1
0.3696439266204834,1
0.3453962504863739,1
0.32293036580085754,1
0.47001010179519653,1
0.3784003257751465,1
0.32138100266456604,1
0.34395208954811096,1
0.3314628601074219,1
0.36524873971939087,1
0.3504732549190521,1
0.34134191274642944,1
0.26188069581985474,1
0.4598269462585449,1
0.3271757960319519,1
0.25827208161354065,1
0.42181968688964844,1
0.36274999380111694,1
0.28501617908477783,1
0.5314919948577881,1
0.3387574255466461,1
0.43744832277297974,1
0.36915361881256104,1
0.3851575255393982,1
0.2822582721710205,1
0.4023708403110504,1
0.3616447150707245,1
0.4398048520088196,1
0.29486793279647827,1
0.36156782507896423,1
0.4479108452796936,1
0.29061925411224365,1
0.41498446464538574,1
0.4019381105899811,1
0.3262096345424652,1
0.36213770508766174,1
0.3389398753643036,1
0.28883418440818787,1
0.40885603427886963,1
0.3913882374763489,1
0.39183151721954346,1
0.339829683303833,1
0.3476299047470093,1
0.33586007356643677,1
0.3955848515033722,1
0.3047776520252228,1
0.5219654440879822,1
0.3888489902019501,1
0.3823816180229187,1
0.3335588276386261,1
0.3640440106391907,1
0.38346803188323975,1
0.30339670181274414,1
0.3156135380268097,1
0.3397678732872009,1
0.3090897798538208,1
0.29997992515563965,1
0.4459275007247925,1
0.47897660732269287,1
0.36571285128593445,1
0.36865198612213135,1
0.3345876932144165,1
0.29341650009155273,1
0.5752201080322266,1
0.333198219537735,1
0.3343564569950104,1
0.31448879837989807,1
0.4383620619773865,1
0.42485958337783813,1
0.3389686048030853,1
0.2983502745628357,1
0.4032789468765259,1
0.40707382559776306,1
0.5079821348190308,1
0.3356052041053772,1
0.33997324109077454,1
0.3371124863624573,1
0.2790008783340454,1
0.27048224210739136,1
0.33116525411605835,1
0.40046119689941406,1
0.40368324518203735,1
0.21098801493644714,1
0.382625937461853,1
0.3426704406738281,1
0.481081485748291,1
0.3192388415336609,1
0.2898247241973877,1
0.29623642563819885,1
0.37047290802001953,1
0.29681718349456787,1
0.47272783517837524,1
0.3770614266395569,1
0.33263054490089417,1
0.36954373121261597,1
0.4899018108844757,1
0.34665751457214355,1
0.4256022572517395,1
0.36587488651275635,1
0.37544310092926025,1
0.4345772862434387,1
0.3723466098308563,1
0.33171162009239197,1
0.35405683517456055,1
0.3503686785697937,1
0.3518620431423187,1
0.3790079653263092,1
0.4039815664291382,1
0.31232550740242004,1
0.3307842016220093,1
0.3112221956253052,1
0.3071288466453552,1
0.5293595790863037,1
0.4417567849159241,1
0.3797876834869385,1
0.3396754860877991,1
0.4153333008289337,1
0.3631128668785095,1
0.4617335796356201,1
0.29073256254196167,1
0.30140894651412964,1
0.32979661226272583,1
0.3073637783527374,1
0.305393785238266,1
0.2839622497558594,1
0.38713985681533813,1
0.2959626615047455,1
0.35982972383499146,1
0.34398436546325684,1
0.3419068455696106,1
0.3107603192329407,1
0.2735818028450012,1
0.278952956199646,1
0.3588566184043884,1
0.3732817769050598,1
0.38910627365112305,1
0.34529995918273926,1
0.3512970209121704,1
0.21829497814178467,1
0.25661659240722656,1
0.3816379904747009,1
0.35611751675605774,1
0.3666701018810272,1
0.3715040385723114,1
0.3392605185508728,1
0.26960834860801697,1
0.4164409041404724,1
0.4224349856376648,1
0.3362697660923004,1
0.34981274604797363,1
0.3487338423728943,1
0.3509351909160614,1
0.2857138514518738,1
0.3880886733531952,1
0.35559871792793274,1
0.3258841633796692,1
0.3146427571773529,1
0.4010683298110962,1
0.3621642291545868,1
0.3275982141494751,1
0.4296209216117859,1
0.3786020278930664,1
0.3752022385597229,1
0.3741847276687622,1
0.5457159876823425,1
0.29250532388687134,1
0.34897279739379883,1
0.3427102565765381,1
0.353694349527359,1
0.3600848317146301,1
0.5098863244056702,1
0.3316769599914551,1
0.40411436557769775,1
0.4701075553894043,1
0.2968136966228485,1
0.3628484308719635,1
0.2795395255088806,1
0.3440781235694885,1
0.3374115526676178,1
0.4362213611602783,1
0.32071417570114136,1
0.5427314043045044,1
0.3836890161037445,1
0.3514650762081146,1
0.4354289472103119,1
0.3493787944316864,1
0.5082716345787048,1
0.3146805763244629,1
0.3900514245033264,1
0.4200153946876526,1
0.3374103903770447,1
0.44449687004089355,1
0.4564764201641083,1
0.48313161730766296,1
0.463297963142395,1
0.3622690439224243,1
0.31424450874328613,1
0.2636496424674988,1
0.33093583583831787,1
0.3161507844924927,1
0.433864027261734,1
0.4062558710575104,1
0.45046424865722656,1
0.2933671176433563,1
0.35343170166015625,1
0.3987639546394348,1
0.552467942237854,1
0.42983129620552063,1
0.3711850643157959,1
0.4161374866962433,1
0.4041171073913574,1
0.33235156536102295,1
0.25793442130088806,1
0.4706781506538391,1
0.3599104881286621,1
0.4261167645454407,1
0.23432034254074097,1
0.28292611241340637,1
0.3686050474643707,1
0.24313467741012573,1
0.3515907824039459,1
0.3464435935020447,1
0.4421100616455078,1
0.37323197722435,1
0.26381632685661316,1
0.49196505546569824,1
0.29305773973464966,1
0.30601567029953003,1
0.4435567855834961,1
0.32398152351379395,1
0.35317954421043396,1
0.34183207154273987,1
0.3768233060836792,1
0.3883586823940277,1
0.34679633378982544,1
0.38128188252449036,1
0.355396568775177,1
0.3564296364784241,1
0.2531551122665405,1
0.4708772897720337,1
0.41166970133781433,1
0.40618306398391724,1
0.3821968734264374,1
0.3059231638908386,1
0.29202184081077576,1
0.29261505603790283,1
0.4780650734901428,1
0.38482406735420227,1
0.3498961925506592,1
0.22728678584098816,1
0.29517728090286255,1
0.3794844150543213,1
0.3523441553115845,1
0.28996068239212036,1
0.38936424255371094,1
0.29094409942626953,1
0.4509396255016327,1
0.43109261989593506,1
0.26332005858421326,1
0.35652464628219604,1
0.27507853507995605,1
0.3328268826007843,1
0.36137068271636963,1
0.35401514172554016,1
0.43583300709724426,1
0.4284578263759613,1
0.3059254586696625,1
0.37259775400161743,1
0.5055052042007446,1
0.30075326561927795,1
0.34291309118270874,1
0.3727019429206848,1
0.3339594006538391,1
0.430519700050354,1
0.31891947984695435,1
0.3913189470767975,1
0.4199153184890747,1
0.46340063214302063,1
0.39462825655937195,1
0.3963201642036438,1
0.2834395170211792,1
0.37642982602119446,1
0.36072832345962524,1
0.3852674961090088,1
0.4574499726295471,1
0.2604832351207733,1
0.3942066431045532,1
0.394680917263031,1
0.38068634271621704,1
0.4407438337802887,1
0.3613124191761017,1
0.26406946778297424,1
0.3854411244392395,1
0.3524593114852905,1
0.317042738199234,1
0.2678947448730469,1
0.4461834728717804,1
0.4463035464286804,1
0.4206640124320984,1
0.2960509657859802,1
0.3253006935119629,1
0.29165175557136536,1
0.2942401170730591,1
0.46145370602607727,1
0.3312748372554779,1
0.49453413486480713,1
0.4804189205169678,1
0.31987398862838745,1
0.3440859913825989,1
0.491279274225235,1
0.43642330169677734,1
0.4073218107223511,1
0.3884272873401642,1
0.2957596778869629,1
0.37613436579704285,1
0.3398958444595337,1
0.4479275345802307,1
0.2948419749736786,1
0.25026658177375793,1
0.35799670219421387,1
0.3054826855659485,1
0.31342074275016785,1
0.3627435863018036,1
0.34480226039886475,1
0.37500935792922974,1
0.30602627992630005,1
0.5597988367080688,1
0.3659391701221466,1
0.3305956721305847,1
0.3862278461456299,1
0.32668131589889526,1
0.3378465175628662,1
0.4312930107116699,1
0.349173367023468,1
0.25242090225219727,1
0.3893757164478302,1
0.4000636637210846,1
0.36671096086502075,1
0.2722638249397278,1
0.31628698110580444,1
0.3890737295150757,1
0.309037446975708,1
0.44054269790649414,1
0.2993059754371643,1
0.29460233449935913,1
0.24962247908115387,1
0.3663442134857178,1
0.34593039751052856,1
0.424577534198761,1
0.44497111439704895,1
0.3562023639678955,1
0.40144532918930054,1
0.25068140029907227,1
0.32959115505218506,1
0.41602596640586853,1
0.2708778977394104,1
0.388995885848999,1
0.4086224436759949,1
0.34649211168289185,1
0.3439742922782898,1
0.37550851702690125,1
0.324332058429718,1
0.3969472050666809,1
0.42377611994743347,1
0.38378867506980896,1
0.36524832248687744,1
0.2741822898387909,1
0.34484148025512695,1
0.3096945881843567,1
0.37959015369415283,1
0.3993152678012848,1
0.49384379386901855,1
0.34273189306259155,1
0.4009363651275635,1
0.3364934027194977,1
0.4215737283229828,1
0.4814741015434265,1
0.39156946539878845,1
0.24371075630187988,1
0.38525819778442383,1
0.34005996584892273,1
0.40855956077575684,1
0.37851259112358093,1
0.36731189489364624,1
0.295366108417511,1
0.331377774477005,1
0.31782010197639465,1
0.5517232418060303,1
0.22950351238250732,1
0.32934194803237915,1
0.323894739151001,1
0.4825585186481476,1
0.28177765011787415,1
0.48393863439559937,1
0.3515421152114868,1
0.45317643880844116,1
0.3572789430618286,1
0.2436959147453308,1
0.332564115524292,1
0.3527136445045471,1
0.3892246186733246,1
0.4608157277107239,1
0.36830535531044006,1
0.30764952301979065,1
0.3419734537601471,1
0.42451006174087524,1
0.29026666283607483,1
0.3851777911186218,1
0.3905802369117737,1
0.3306771218776703,1
0.40997034311294556,1
0.30807289481163025,1
0.25802111625671387,1
0.3014305830001831,1
0.3564099967479706,1
0.42607754468917847,1
0.4210200011730194,1
0.2977820634841919,1
0.31515681743621826,1
0.36895233392715454,1
0.39506596326828003,1
0.3773759603500366,1
0.4213085174560547,1
0.29124486446380615,1
0.3508491814136505,1
0.28270649909973145,1
0.27953511476516724,1
0.2781795263290405,1
0.29037338495254517,1
0.31078407168388367,1
0.34702348709106445,1
0.3709031343460083,1
0.3298710584640503,1
0.3629143536090851,1
0.4070703387260437,1
0.2812741994857788,1
0.32738906145095825,1
0.35889536142349243,1
0.34501320123672485,1
0.33019134402275085,1
0.41479092836380005,1
0.24118787050247192,1
0.3059161901473999,1
0.3231935203075409,1
0.4212844967842102,1
0.383267343044281,1
0.43419215083122253,1
0.45087963342666626,1
0.25341999530792236,1
0.33539772033691406,1
0.31038159132003784,1
0.31643280386924744,1
0.38564521074295044,1
0.2200200855731964,1
0.4340672492980957,1
0.4128255248069763,1
0.3955688178539276,1
0.34492164850234985,1
0.3482685983181,1
0.39981913566589355,1
0.3345046937465668,1
0.41447168588638306,1
0.39016950130462646,1
0.333454966545105,1
0.33872848749160767,1
0.33702439069747925,1
0.2695332467556,1
0.4816317558288574,1
0.4154028296470642,1
0.42771849036216736,1
0.3375714421272278,1
0.3264905512332916,1
0.298479288816452,1
0.2940095067024231,1
0.364940881729126,1
0.540569543838501,1
0.34042996168136597,1
0.3470032513141632,1
0.3263853192329407,1
0.35932111740112305,1
0.3186796307563782,1
0.382460355758667,1
0.35406365990638733,1
0.5621361136436462,1
0.2849324941635132,1
0.3908049166202545,1
0.3952953517436981,1
0.34799325466156006,1
0.4026615619659424,1
0.41115841269493103,1
0.35602283477783203,1
0.31996214389801025,1
0.2696555554866791,1
0.4145350754261017,1
0.39663511514663696,1
0.3918565809726715,1
0.3764331638813019,1
0.3905845880508423,1
0.4420519769191742,1
0.3645879030227661,1
0.4251515865325928,1
0.3695064187049866,1
0.31128013134002686,1
0.3925879895687103,1
0.37570664286613464,1
0.2914261519908905,1
0.3423120975494385,1
0.40142861008644104,1
0.35857731103897095,1
0.36176803708076477,1
0.37555214762687683,1
0.40089112520217896,1
0.3678015172481537,1
0.49868759512901306,1
0.2861509323120117,1
0.30831465125083923,1
0.3865930438041687,1
0.46288061141967773,1
0.36512529850006104,1
0.31614023447036743,1
0.4449072778224945,1
0.28967756032943726,1
0.3037119507789612,1
0.3495824337005615,1
0.37944507598876953,1
0.28689271211624146,1
0.37348222732543945,1
0.27250856161117554,1
0.384290874004364,1
0.3251432180404663,1
0.47245946526527405,1
0.31214895844459534,1
0.3986773192882538,1
0.3393838703632355,1
0.41389989852905273,1
0.562464714050293,1
0.3354172706604004,1
0.3701314926147461,1
0.35684704780578613,1
0.3368794620037079,1
0.3086922764778137,1
0.2700458765029907,1
0.41359150409698486,1
0.3382066488265991,1
0.2565556466579437,1
0.39366060495376587,1
0.30830007791519165,1
0.44170957803726196,1
0.39382046461105347,1
0.26373451948165894,1
0.34771502017974854,1
0.3220910429954529,1
0.3391278386116028,1
0.39666497707366943,1
0.39415329694747925,1
0.35033267736434937,1
0.3451284170150757,1
0.32852447032928467,1
0.27824753522872925,1
0.2767728567123413,1
0.30201420187950134,1
0.23383121192455292,1
0.44414597749710083,1
0.4341478645801544,1
0.4534524977207184,1
0.324724018573761,1
0.2687509059906006,1
0.44998013973236084,1
0.33440086245536804,1
0.35243818163871765,1
0.3839450180530548,1
0.6094094514846802,1
0.3649609684944153,1
0.4151080846786499,1
0.46025988459587097,1
0.3502751588821411,1
0.37511146068573,1
0.37915268540382385,1
0.41009825468063354,1
0.42538613080978394,1
0.41527751088142395,1
0.3837101459503174,1
0.37612399458885193,1
0.30391252040863037,1
0.3960585296154022,1
0.5234476327896118,1
0.30363062024116516,1
0.390193909406662,1
0.38476255536079407,1
0.2765703797340393,1
0.4229947328567505,1
0.287455677986145,1
0.3047729730606079,1
0.38734814524650574,1
0.3286053538322449,1
0.3273608684539795,1
0.34743693470954895,1
0.3299078345298767,1
0.38703373074531555,1
0.3992117643356323,1
0.41913294792175293,1
0.3707834482192993,1
0.2643543779850006,1
0.25088006258010864,1
0.43244802951812744,1
0.3716980516910553,1
0.29655417799949646,1
0.3118853271007538,1
0.45334967970848083,1
0.4236048758029938,1
0.40434229373931885,1
0.33788079023361206,1
0.5141964554786682,1
0.4343607425689697,1
0.47122329473495483,1
0.45715031027793884,1
0.4345351457595825,1
0.36643046140670776,1
0.426331102848053,1
0.28141719102859497,1
0.37936288118362427,1
0.2936681807041168,1
0.414084255695343,1
0.3139931559562683,1
0.305730402469635,1
0.3677932918071747,1
0.4653755724430084,1
0.3379388451576233,1
0.3150317668914795,1
0.3081599175930023,1
0.28633561730384827,1
0.2852937579154968,1
0.37327200174331665,1
0.42676135897636414,1
0.4343753457069397,1
0.4785018861293793,1
0.40017515420913696,1
0.3257370591163635,1
0.3561711609363556,1
0.38030076026916504,1
0.3628249764442444,1
0.38480302691459656,1
0.4787963926792145,1
0.3925822973251343,1
0.3265092074871063,1
0.35439208149909973,1
0.42413297295570374,1
0.2960510551929474,1
0.43455660343170166,1
0.32857629656791687,1
0.2496292144060135,1
0.3653588891029358,1
0.2940075099468231,1
0.3647589683532715,1
0.3528822064399719,1
0.2899496853351593,1
0.34158700704574585,1
0.396969735622406,1
0.4241061210632324,1
0.42323052883148193,1
0.3619993329048157,1
0.2841854989528656,1
0.3672444522380829,1
0.2985105514526367,1
0.4065580368041992,1
0.38602936267852783,1
0.36594313383102417,1
0.3409397602081299,1
0.40914979577064514,1
0.3714630901813507,1
0.33699578046798706,1
0.326921284198761,1
0.2682930827140808,1
0.3652139902114868,1
0.35073643922805786,1
0.47869396209716797,1
0.2893392741680145,1
0.4137948155403137,1
0.40112024545669556,1
0.20847982168197632,1
0.2753341794013977,1
0.31607162952423096,1
0.38023972511291504,1
0.4014476239681244,1
0.41234302520751953,1
0.352911114692688,1
0.3612808883190155,1
0.40940019488334656,1
0.4409957826137543,1
0.2956041097640991,1
0.35519856214523315,1
0.40980568528175354,1
0.352451354265213,1
0.2669741213321686,1
0.3474932909011841,1
0.3281446695327759,1
0.42405810952186584,1
0.3081253170967102,1
0.2575344741344452,1
0.29204946756362915,1
0.31226634979248047,1
0.385530948638916,1
0.34735873341560364,1
0.37918633222579956,1
0.387645959854126,1
0.24647679924964905,1
0.2987796664237976,1
0.3585587739944458,1
0.3552149832248688,1
0.35775721073150635,1
0.3666785955429077,1
0.2903367877006531,1
0.37982743978500366,1
0.4726671576499939,1
0.3568243980407715,1
0.44994646310806274,1
0.3632941246032715,1
0.3497081398963928,1
0.3500840961933136,1
0.33179545402526855,1
0.2389807403087616,1
0.3402691185474396,1
0.4785895049571991,1
0.4183734059333801,1
0.3570462465286255,1
0.43624305725097656,1
0.40231478214263916,1
0.3661351799964905,1
0.38360029458999634,1
0.30157291889190674,1
0.3646940588951111,1
0.28329282999038696,1
0.36883264780044556,1
0.39651769399642944,1
0.42307549715042114,1
0.2801511585712433,1
0.3682698607444763,1
0.25873488187789917,1
0.41160494089126587,1
0.36211392283439636,1
0.34059450030326843,1
0.35902172327041626,1
0.35745492577552795,1
0.25613921880722046,1
0.45555543899536133,1
0.5310007333755493,1
0.3083670437335968,1
0.4018189013004303,1
0.4651809632778168,1
0.42269793152809143,1
0.34568649530410767,1
0.3932175636291504,1
0.31295639276504517,1
0.3142472505569458,1
0.36019882559776306,1
0.4681245684623718,1
0.3099851608276367,1
0.24614986777305603,1
0.34654831886291504,1
0.3858581781387329,1
0.35527947545051575,1
0.37487155199050903,1
0.40688982605934143,1
0.35947954654693604,1
0.382570743560791,1
0.27445775270462036,1
0.360321968793869,1
0.26825594902038574,1
0.3665560185909271,1
0.3906176686286926,1
0.3170488476753235,1
0.32722601294517517,1
0.42210716009140015,1
0.4228849411010742,1
0.3103732466697693,1
0.4581247866153717,1
0.32625457644462585,1
0.4248238801956177,1
0.34009987115859985,1
0.36756670475006104,1
0.39422836899757385,1
0.22593824565410614,1
0.462562620639801,1
0.3320738673210144,1
0.36184221506118774,1
0.30488651990890503,1
0.3690613806247711,1
0.253688246011734,1
0.3153022229671478,1
0.31992965936660767,1
0.37029919028282166,1
0.30216410756111145,1
0.3449881076812744,1
0.3863952159881592,1
0.4089846611022949,1
0.3082996606826782,1
0.39871954917907715,1
0.3518391251564026,1
0.31688690185546875,1
0.29672056436538696,1
0.35618335008621216,1
0.31968367099761963,1
0.31796860694885254,1
0.44403648376464844,1
0.3238583207130432,1
0.3832084536552429,1
0.4785342514514923,1
0.3110511302947998,1
0.3951178789138794,1
0.28268957138061523,1
0.3054299056529999,1
0.3757605254650116,1
0.36223819851875305,1
0.3953664302825928,1
0.4014996290206909,1
0.37163400650024414,1
0.2849313020706177,1
0.3643378019332886,1
0.25226327776908875,1
0.36080700159072876,1
0.46194207668304443,1
0.40681517124176025,1
0.32856059074401855,1
0.3724815845489502,1
0.4370792508125305,1
0.4080938696861267,1
0.35402536392211914,1
0.3436090350151062,1
0.2959132194519043,1
0.2953905463218689,1
0.3471088409423828,1
0.5797119140625,1
0.44818973541259766,1
0.40456151962280273,1
0.3061051666736603,1
0.45966070890426636,1
0.3454062342643738,1
0.3908485770225525,1
0.4677032232284546,1
0.28120818734169006,1
0.37054675817489624,1
0.3504730463027954,1
0.36485448479652405,1
0.3819630742073059,1
0.3565617799758911,1
0.3581804633140564,1
0.28978848457336426,1
0.38920003175735474,1
0.38412779569625854,1
0.32813066244125366,1
0.3317858874797821,1
0.27915769815444946,1
0.3792300820350647,1
0.3029068410396576,1
0.4431625306606293,1
0.348969042301178,1
0.3236616551876068,1
0.34288543462753296,1
0.44024384021759033,1
0.3147047162055969,1
0.25456148386001587,1
0.2900221347808838,1
0.3982832133769989,1
0.29623475670814514,1
0.38790130615234375,1
0.3056800067424774,1
0.43091148138046265,1
0.40053099393844604,1
0.29657748341560364,1
0.35349833965301514,1
0.30862247943878174,1
0.23697912693023682,1
0.37537968158721924,1
0.4988592267036438,1
0.3341403007507324,1
0.4329988360404968,1
0.3342025578022003,1
0.3887617588043213,1
0.33880287408828735,1
0.31614774465560913,1
0.3073170781135559,1
0.40024858713150024,1
0.32534027099609375,1
0.29441264271736145,1
0.358492374420166,1
0.3032296299934387,1
0.27340590953826904,1
0.30405038595199585,1
0.42480432987213135,1
0.24961066246032715,1
0.30792802572250366,1
0.36566147208213806,1
0.3250252604484558,1
0.32722944021224976,1
0.3209683299064636,1
0.27313631772994995,1
0.3289662003517151,1
0.2831604778766632,1
0.31482499837875366,1
0.41148608922958374,1
0.37339067459106445,1
0.30023470520973206,1
0.3334568738937378,1
0.3836119472980499,1
0.4226740896701813,1
0.26096633076667786,1
0.4407702684402466,1
0.38033223152160645,1
0.4204387068748474,1
0.44340744614601135,1
0.23776322603225708,1
0.4259636402130127,1
0.4064927101135254,1
0.3931029438972473,1
0.34297114610671997,1
0.3658270239830017,1
0.35324859619140625,1
0.24559010565280914,1
0.35468408465385437,1
0.4402996897697449,1
0.3687606751918793,1
0.37374526262283325,1
0.2962326109409332,1
0.4350777566432953,1
0.34108060598373413,1
0.3111326992511749,1
0.3625622093677521,1
0.4987049996852875,1
0.4004584550857544,1
0.3614613115787506,1
0.3586423099040985,1
0.35968920588493347,1
0.3468647003173828,1
0.3651212453842163,1
0.3415667712688446,1
0.4417455792427063,1
0.38813507556915283,1
0.4193354845046997,1
0.44812485575675964,1
0.3650251030921936,1
0.3992850184440613,1
0.2052580863237381,1
0.32094329595565796,1
0.39168137311935425,1
0.24823203682899475,1
0.4702190160751343,1
0.3080461025238037,1
0.2954719364643097,1
0.25263816118240356,1
0.2717193365097046,1
0.28325459361076355,1
0.34055185317993164,1
0.33228176832199097,1
0.30941081047058105,1
0.35467419028282166,1
0.31996941566467285,1
0.36328694224357605,1
0.31848347187042236,1
0.39346233010292053,1
0.3338282108306885,1
0.3786047697067261,1
0.3268648386001587,1
0.2859569787979126,1
0.458798348903656,1
0.30453765392303467,1
0.49255603551864624,1
0.491182804107666,1
0.34089595079421997,1
0.29836249351501465,1
0.44751548767089844,1
0.4289889931678772,1
0.31930047273635864,1
0.40622514486312866,1
0.42990148067474365,1
0.3675823211669922,1
0.3149866461753845,1
0.3204127550125122,1
0.43428313732147217,1
0.39408689737319946,1
0.2825465202331543,1
0.28418463468551636,1
0.430068701505661,1
0.33165138959884644,1
0.33201009035110474,1
0.36961260437965393,1
0.32326364517211914,1
0.39075589179992676,1
0.31694599986076355,1
0.38736969232559204,1
0.4585728049278259,1
0.44095903635025024,1
0.3368529975414276,1
0.3042254149913788,1
0.29760652780532837,1
0.33572426438331604,1
0.34741586446762085,1
0.4914848804473877,1
0.40439993143081665,1
0.4728127717971802,1
0.376234233379364,1
0.38845565915107727,1
0.28051793575286865,1
0.364097535610199,1
0.33447593450546265,1
0.3730572760105133,1
0.3665945529937744,1
0.32365262508392334,1
0.40481680631637573,1
0.36384981870651245,1
0.3260987401008606,1
0.3888305127620697,1
0.26886051893234253,1
0.37773597240448,1
0.46202874183654785,1
0.24179492890834808,1
0.4864409863948822,1
0.33258509635925293,1
0.3498729467391968,1
0.3606131076812744,1
0.4032808542251587,1
0.436733216047287,1
0.386982262134552,1
0.2901560366153717,1
0.4332667589187622,1
0.3216191828250885,1
0.44119465351104736,1
0.3775891363620758,1
0.42861807346343994,1
0.36044245958328247,1
0.4157070219516754,1
0.37569907307624817,1
0.3174491822719574,1
0.3131627142429352,1
0.37335851788520813,1
0.4353017807006836,1
0.2760874032974243,1
0.33575156331062317,1
0.3035552501678467,1
0.39881807565689087,1
0.31917718052864075,1
0.32444214820861816,1
0.49732717871665955,1
0.3765942454338074,1
0.2848823368549347,1
0.32471832633018494,1
0.31833788752555847,1
0.2893746495246887,1
0.3681742250919342,1
0.2647915482521057,1
0.29160556197166443,1
0.39232897758483887,1
0.29682374000549316,1
0.3173695206642151,1
0.30595287680625916,1
0.2995452582836151,1
0.4007547199726105,1
0.35853147506713867,1
0.36637258529663086,1
0.3468053936958313,1
0.3216261863708496,1
0.30121684074401855,1
0.37637898325920105,1
0.34955060482025146,1
0.3395553529262543,1
0.3680632710456848,1
0.43183058500289917,1
0.34959667921066284,1
0.3131304979324341,1
0.27351486682891846,1
0.2871730327606201,1
0.3391339182853699,1
0.33065325021743774,1
0.41903117299079895,1
0.3353004455566406,1
0.32579436898231506,1
0.2871898412704468,1
0.3695412576198578,1
0.36617064476013184,1
0.4828047752380371,1
0.5623095631599426,1
0.4210948944091797,1
0.36880752444267273,1
0.33842629194259644,1
0.33686062693595886,1
0.3906768560409546,1
0.3432738780975342,1
0.2676893472671509,1
0.353685200214386,1
0.335014283657074,1
0.5326529741287231,1
0.2845812439918518,1
0.4247611165046692,1
0.35339590907096863,1
0.2833745777606964,1
0.3229042887687683,1
0.3823026418685913,1
0.3276751637458801,1
0.38664284348487854,1
0.40593215823173523,1
0.3391318619251251,1
0.5259414911270142,1
0.413085401058197,1
0.326446533203125,1
0.30261754989624023,1
0.42357394099235535,1
0.3226548433303833,1
0.2931373119354248,1
0.29473677277565,1
0.33354172110557556,1
0.39831963181495667,1
0.3123481273651123,1
0.3831818997859955,1
0.37999427318573,1
0.37911954522132874,1
0.33551692962646484,1
0.27680712938308716,1
0.32375869154930115,1
0.40481531620025635,1
0.3526252806186676,1
0.2688291072845459,1
0.2816706597805023,1
0.2862321138381958,1
0.3419005274772644,1
0.3222659230232239,1
0.40367743372917175,1
0.2665158212184906,1
0.4000355005264282,1
0.36365756392478943,1
0.28967756032943726,1
0.3758997917175293,1
0.4303632378578186,1
0.4305810034275055,1
0.3071599006652832,1
0.34024977684020996,1
0.30793842673301697,1
0.36794424057006836,1
0.3237994313240051,1
0.24441887438297272,1
0.29456719756126404,1
0.3814997971057892,1
0.3561322093009949,1
0.3077804446220398,1
0.34399473667144775,1
0.27050477266311646,1
0.29310697317123413,1
0.4800325930118561,1
0.41288089752197266,1
0.3167540431022644,1
0.423530250787735,1
0.3531888425350189,1
0.45799538493156433,1
0.4486464262008667,1
0.2873622179031372,1
0.3965610861778259,1
0.4051022529602051,1
0.4033392667770386,1
0.34224066138267517,1
0.3757799565792084,1
0.39894431829452515,1
0.31375187635421753,1
0.3167048990726471,1
0.2840934991836548,1
0.2889605760574341,1
0.4222334623336792,1
0.3913370370864868,1
0.40751755237579346,1
0.2870268225669861,1
0.4230731129646301,1
0.5073094367980957,1
0.35034239292144775,1
0.4056228697299957,1
0.41338905692100525,1
0.33270105719566345,1
0.40048083662986755,1
0.418859601020813,1
0.35037755966186523,1
0.30332595109939575,1
0.3301577568054199,1
0.33266937732696533,1
0.25643518567085266,1
0.3534199595451355,1
0.3621635437011719,1
0.3190261721611023,1
0.5596771836280823,1
0.20186898112297058,1
0.4953819513320923,1
0.34411683678627014,1
0.38810935616493225,1
0.3323379158973694,1
0.39208292961120605,1
0.36556023359298706,1
0.30324774980545044,1
0.3919888734817505,1
0.29567795991897583,1
0.3620308041572571,1
0.4036424160003662,1
0.39293086528778076,1
0.41717076301574707,1
0.2579851746559143,1
0.3707931935787201,1
0.3794412910938263,1
0.4783371090888977,1
0.3122991919517517,1
0.39905962347984314,1
0.326119065284729,1
0.3001212477684021,1
0.44546452164649963,1
0.3637189567089081,1
0.3549565076828003,1
0.3044150173664093,1
0.3619123697280884,1
0.5211418271064758,1
0.338270366191864,1
0.33094659447669983,1
0.3110995292663574,1
0.35395967960357666,1
0.3362604081630707,1
0.37474513053894043,1
0.3647927939891815,1
0.21752488613128662,1
0.347284734249115,1
0.38923758268356323,1
0.2852655053138733,1
0.47530150413513184,1
0.26814740896224976,1
0.41676777601242065,1
0.2970147132873535,1
0.2049642950296402,1
0.3479585647583008,1
0.45690175890922546,1
0.461683988571167,1
0.3385927677154541,1
0.3469540774822235,1
0.41573065519332886,1
0.4470934271812439,1
0.31759941577911377,1
0.28508609533309937,1
0.37616366147994995,1
0.25675705075263977,1
0.3864620625972748,1
0.30961930751800537,1
0.3317834138870239,1
0.34636765718460083,1
0.38823556900024414,1
0.34417861700057983,1
0.35737985372543335,1
0.35815730690956116,1
0.3183865249156952,1
0.3977898061275482,1
0.3172740638256073,1
0.41186457872390747,1
0.23285259306430817,1
0.3992213308811188,1
0.3758932948112488,1
0.36534684896469116,1
0.254183292388916,1
0.41908949613571167,1
0.3435608446598053,1
0.3440619707107544,1
0.33734652400016785,1
0.526505708694458,1
0.36294254660606384,1
0.4114542007446289,1
0.40422090888023376,1
0.32103583216667175,1
0.35786348581314087,1
0.5609189867973328,1
0.355378121137619,1
0.37163856625556946,1
0.3651631474494934,1
0.3717166483402252,1
0.41129547357559204,1
0.25483280420303345,1
0.37312397360801697,1
0.337874174118042,1
0.44336116313934326,1
0.3719518482685089,1
0.4199007451534271,1
0.4397452771663666,1
0.3955991566181183,1
0.4264316260814667,1
0.2753828763961792,1
0.4577435255050659,1
0.37405240535736084,1
0.3018917441368103,1
0.32854270935058594,1
0.276687353849411,1
0.34600532054901123,1
0.48209989070892334,1
0.37606197595596313,1
0.38991355895996094,1
0.27675485610961914,1
0.28457170724868774,1
0.3297918736934662,1
0.3044470250606537,1
0.3892475664615631,1
0.24421793222427368,1
0.32438987493515015,1
0.32274287939071655,1
0.38616910576820374,1
0.4020654559135437,1
0.4178617298603058,1
0.390621542930603,1
0.40404224395751953,1
0.29765990376472473,1
0.39912497997283936,1
0.31288594007492065,1
0.22885826230049133,1
0.4358300566673279,1
0.2940913140773773,1
0.2998480796813965,1
0.34173452854156494,1
0.39262911677360535,1
0.2918303310871124,1
0.3263726532459259,1
0.3814275860786438,1
0.40171289443969727,1
0.3815770745277405,1
0.3201748728752136,1
0.3473782539367676,1
0.3218255043029785,1
0.4610193073749542,1
0.35046786069869995,1
0.5216049551963806,1
0.42094895243644714,1
0.3022538721561432,1
0.28721165657043457,1
0.27509206533432007,1
0.3385085463523865,1
0.3431224822998047,1
0.38286617398262024,1
0.3770931661128998,1
0.3896041810512543,1
0.3619225025177002,1
0.30603480339050293,1
0.3527946472167969,1
0.35794344544410706,1
0.33879411220550537,1
0.4372749924659729,1
0.3478855490684509,1
0.4107966423034668,1
0.39425674080848694,1
0.40141329169273376,1
0.3103550374507904,1
0.33165913820266724,1
0.30434030294418335,1
0.33392199873924255,1
0.3815649747848511,1
0.3377738893032074,1
0.4099445343017578,1
0.5000166296958923,1
0.2747266888618469,1
0.3814985752105713,1
0.37517309188842773,1
0.19073106348514557,1
0.44935616850852966,1
0.5027413368225098,1
0.3283993601799011,1
0.40626096725463867,1
0.3330715298652649,1
0.40540385246276855,1
0.2653893232345581,1
0.3233811855316162,1
0.2703644037246704,1
0.4378187954425812,1
0.43242543935775757,1
0.4196113049983978,1
0.37963730096817017,1
0.2873108685016632,1
0.43128007650375366,1
0.3490992784500122,1
0.3848404288291931,1
0.3786025643348694,1
0.4453505575656891,1
0.3478129804134369,1
0.42337244749069214,1
0.2995835840702057,1
0.3089473843574524,1
0.21275898814201355,1
0.34154316782951355,1
0.3088608980178833,1
0.4457930028438568,1
0.30972030758857727,1
0.3579358458518982,1
0.3263854384422302,1
0.42001503705978394,1
0.3583987355232239,1
0.36032480001449585,1
0.36811116337776184,1
0.39822447299957275,1
0.4883400797843933,1
0.3956945538520813,1
0.3012394905090332,1
0.32113006711006165,1
0.285343199968338,1
0.3712494373321533,1
0.40607962012290955,1
0.3516378402709961,1
0.3134077191352844,1
0.551567792892456,1
0.36812564730644226,1
0.2809503972530365,1
0.3736897110939026,1
0.4636287987232208,1
0.33021432161331177,1
0.33248385787010193,1
0.36153653264045715,1
0.36834174394607544,1
0.43264487385749817,1
0.3494308292865753,1
0.3304043710231781,1
0.4094350337982178,1
0.3975716829299927,1
0.31105947494506836,1
0.4215853810310364,1
0.3181791603565216,1
0.37105709314346313,1
0.43601295351982117,1
0.34555426239967346,1
0.48554903268814087,1
0.3438783288002014,1
0.25602206587791443,1
0.2801200747489929,1
0.4107559025287628,1
0.4161154329776764,1
0.4083423316478729,1
0.37119144201278687,1
0.28340616822242737,1
0.47775155305862427,1
0.30180680751800537,1
0.2874312698841095,1
0.3454691767692566,1
0.461223304271698,1
0.3736579418182373,1
0.3731427490711212,1
0.4392264485359192,1
0.35488149523735046,1
0.37402939796447754,1
0.28876054286956787,1
0.3237721920013428,1
0.5480711460113525,1
0.3011789321899414,1
0.35825347900390625,1
0.3891329765319824,1
0.3209354877471924,1
0.3931049406528473,1
0.35908040404319763,1
0.3382112979888916,1
0.30436885356903076,1
0.4981456398963928,1
0.3493881821632385,1
0.35252028703689575,1
0.4919867217540741,1
0.39909306168556213,1
0.421687513589859,1
0.4238744378089905,1
0.3419104218482971,1
0.3468906879425049,1
0.4319082796573639,1
0.42807236313819885,1
0.3696451187133789,1
0.31461799144744873,1
0.31293928623199463,1
0.42762142419815063,1
0.32478100061416626,1
0.3739694356918335,1
0.35227590799331665,1
0.34153854846954346,1
0.33408933877944946,1
0.27661222219467163,1
0.33517318964004517,1
0.30322232842445374,1
0.25222402811050415,1
0.38631534576416016,1
0.39942997694015503,1
0.33140626549720764,1
0.3519051671028137,1
0.3233857750892639,1
0.2776620090007782,1
0.3448154926300049,1
0.43831121921539307,1
0.3097664713859558,1
0.4244926869869232,1
0.4345085918903351,1
0.5325839519500732,1
0.3151456117630005,1
0.311529278755188,1
0.3278575539588928,1
0.4115396738052368,1
0.4712992012500763,1
0.3465508222579956,1
0.378606379032135,1
0.348310649394989,1
0.25335562229156494,1
0.3470378816127777,1
0.3320322036743164,1
0.37369468808174133,1
0.28872576355934143,1
0.34785011410713196,1
0.4864503741264343,1
0.27449601888656616,1
0.3708583116531372,1
0.37532880902290344,1
0.27068859338760376,1
0.26426005363464355,1
0.2965708374977112,1
0.3103010356426239,1
0.3446767032146454,1
0.3340327739715576,1
0.26336634159088135,1
0.32261577248573303,1
0.4432430565357208,1
0.3685852885246277,1
0.366130530834198,1
0.4548109471797943,1
0.34521687030792236,1
0.2920778691768646,1
0.41426461935043335,1
0.3238149881362915,1
0.469422847032547,1
0.26860231161117554,1
0.3644857704639435,1
0.32596027851104736,1
0.3866400122642517,1
0.29091307520866394,1
0.43471139669418335,1
0.4406930208206177,1
0.34191566705703735,1
0.40006929636001587,1
0.4239797294139862,1
0.3734096884727478,1
0.41222381591796875,1
0.40188711881637573,1
0.25343891978263855,1
0.4321710765361786,1
0.356426477432251,1
0.24825036525726318,1
0.35826659202575684,1
0.34834223985671997,1
0.34916338324546814,1
0.40104445815086365,1
0.25576987862586975,1
0.3916655480861664,1
0.37325945496559143,1
0.410871297121048,1
0.3940775990486145,1
0.3966033160686493,1
0.25289854407310486,1
0.3253628611564636,1
0.45142751932144165,1
0.5374429225921631,1
0.30136051774024963,1
0.4348568916320801,1
0.3285197913646698,1
0.2486020177602768,1
0.381944864988327,1
0.4380287528038025,1
0.3797592520713806,1
0.42016080021858215,1
0.29828014969825745,1
0.3433402180671692,1
0.4139746427536011,1
0.4419572651386261,1
0.3294358253479004,1
0.4528980553150177,1
0.340481698513031,1
0.26449689269065857,1
0.29370376467704773,1
0.325702428817749,1
0.3337414264678955,1
0.423604816198349,1
0.27332600951194763,1
0.3877415359020233,1
0.33453792333602905,1
0.3521612882614136,1
0.27241337299346924,1
0.4678748846054077,1
0.4407033920288086,1
0.2596305012702942,1
0.3331015706062317,1
0.27866536378860474,1
0.34121033549308777,1
0.3615074157714844,1
0.34920990467071533,1
0.35574227571487427,1
0.3534455895423889,1
0.3751484155654907,1
0.2934728264808655,1
0.32402142882347107,1
0.33203554153442383,1
0.3869181275367737,1
0.34625840187072754,1
0.4516506493091583,1
0.34701502323150635,1
0.4075542092323303,1
0.3881596624851227,1
0.2719542980194092,1
0.3567107617855072,1
0.3467423617839813,1
0.404129296541214,1
0.3831988275051117,1
0.41023680567741394,1
0.3518773317337036,1
0.23504909873008728,1
0.39488017559051514,1
0.3001886010169983,1
0.327950656414032,1
0.32924604415893555,1
0.31229808926582336,1
0.2898932099342346,1
0.3920027017593384,1
0.3582096993923187,1
0.3508022129535675,1
0.30890172719955444,1
0.38995662331581116,1
0.3559093475341797,1
0.41675758361816406,1
0.3669203519821167,1
0.39622408151626587,1
0.5215239524841309,1
0.39988023042678833,1
0.3447887599468231,1
0.36266258358955383,1
0.37296348810195923,1
0.3031195402145386,1
0.3448461890220642,1
0.4111139178276062,1
0.42147669196128845,1
0.36157798767089844,1
0.32904618978500366,1
0.40244030952453613,1
0.416086882352829,1
0.3598206639289856,1
0.33262163400650024,1
0.3643966615200043,1
0.2249971628189087,1
0.2789267897605896,1
0.47626858949661255,1
0.36267560720443726,1
0.3934425413608551,1
0.2992395758628845,1
0.32163330912590027,1
0.3872215747833252,1
0.363612562417984,1
0.39051002264022827,1
0.3099122643470764,1
0.32369279861450195,1
0.3595932126045227,1
0.41708803176879883,1
0.3837543725967407,1
0.3912174701690674,1
0.38431838154792786,1
0.36484718322753906,1
0.3547498285770416,1
0.3230705261230469,1
0.3637521266937256,1
0.3339119553565979,1
0.2886064648628235,1
0.3586477041244507,1
0.3864480257034302,1
0.397395521402359,1
0.3354966640472412,1
0.4345233142375946,1
0.3755752742290497,1
0.3366410732269287,1
0.32118356227874756,1
0.25859925150871277,1
0.32995566725730896,1
0.3254055082798004,1
0.2955338656902313,1
0.37992238998413086,1
0.38899219036102295,1
0.24156300723552704,1
0.33491992950439453,1
0.45960813760757446,1
0.3505359888076782,1
0.34124475717544556,1
0.3518884778022766,1
0.3620361089706421,1
0.4121764898300171,1
0.28083330392837524,1
0.3952344059944153,1
0.31221598386764526,1
0.400894433259964,1
0.388116717338562,1
0.36620616912841797,1
0.3144923746585846,1
0.3328280448913574,1
0.26994508504867554,1
0.285641610622406,1
0.3914225101470947,1
0.3195565342903137,1
0.3258426785469055,1
0.2916622757911682,1
0.35558512806892395,1
0.4542239308357239,1
0.4607924818992615,1
0.39766359329223633,1
0.4348050057888031,1
0.31705862283706665,1
0.3670608699321747,1
0.3465879261493683,1
0.49580609798431396,1
0.49115219712257385,1
0.3289903998374939,1
0.37955963611602783,1
0.3538854122161865,1
0.35886329412460327,1
0.41511279344558716,1
0.4054683446884155,1
0.37063151597976685,1
0.37438303232192993,1
0.35729190707206726,1
0.3087688088417053,1
0.3855432868003845,1
0.44768327474594116,1
0.28459665179252625,1
0.5275321006774902,1
0.342033326625824,1
0.29832637310028076,1
0.3983296751976013,1
0.4200948476791382,1
0.3455020785331726,1
0.3275153636932373,1
0.451627641916275,1
0.31099173426628113,1
0.39411625266075134,1
0.42631959915161133,1
0.29692932963371277,1
0.35270068049430847,1
0.358737587928772,1
0.369216650724411,1
0.37148723006248474,1
0.4002314805984497,1
0.50141441822052,1
0.3602096736431122,1
0.4037322998046875,1
0.4237009584903717,1
0.4964219629764557,1
0.33483678102493286,1
0.3708418011665344,1
0.22259867191314697,1
0.3021761476993561,1
0.40031588077545166,1
0.3290063738822937,1
0.39691272377967834,1
0.33595287799835205,1
0.3731268048286438,1
0.3265490233898163,1
0.2719661593437195,1
0.3952067494392395,1
0.4460730254650116,1
0.32143881916999817,1
0.36770719289779663,1
0.35290050506591797,1
0.3959042429924011,1
0.4828493595123291,1
0.3240090608596802,1
0.4178657829761505,1
0.28869304060935974,1
0.47691649198532104,1
0.27967745065689087,1
0.3293270170688629,1
0.3827539086341858,1
0.3866923749446869,1
0.3461999297142029,1
0.41590893268585205,1
0.32248979806900024,1
0.39885514974594116,1
0.4319117069244385,1
0.41365641355514526,1
0.42975014448165894,1
0.3664097487926483,1
0.32815414667129517,1
0.30314910411834717,1
0.3207000494003296,1
0.33910346031188965,1
0.5107253789901733,1
0.28424903750419617,1
0.34283486008644104,1
0.28040263056755066,1
0.5019051432609558,1
0.40758830308914185,1
0.3762633204460144,1
0.32584285736083984,1
0.3187989592552185,1
0.3167535066604614,1
0.2821853756904602,1
0.36619967222213745,1
0.4447993040084839,1
0.23847828805446625,1
0.36319857835769653,1
0.35929208993911743,1
0.3698529005050659,1
0.3699011206626892,1
0.39277416467666626,1
0.42837586998939514,1
0.3221642076969147,1
0.34901750087738037,1
0.2428189516067505,1
0.36740392446517944,1
0.264481782913208,1
0.35298386216163635,1
0.38813960552215576,1
0.39187878370285034,1
0.26545998454093933,1
0.42061954736709595,1
0.3477141857147217,1
0.3053460717201233,1
0.30975210666656494,1
0.26980823278427124,1
0.39965593814849854,1
0.3206714987754822,1
0.326501727104187,1
0.44774213433265686,1
0.3406904637813568,1
0.2991897463798523,1
0.3881957530975342,1
0.4005151093006134,1
0.37998002767562866,1
0.39169391989707947,1
0.3897989094257355,1
0.43443799018859863,1
0.3236657977104187,1
0.3867715001106262,1
0.3923082947731018,1
0.4059688448905945,1
0.3129333555698395,1
0.3140478730201721,1
0.3357686400413513,1
0.23537732660770416,1
0.3659897446632385,1
0.37433159351348877,1
0.4300578534603119,1
0.3835998475551605,1
0.33276915550231934,1
0.2906472980976105,1
0.27998924255371094,1
0.291506826877594,1
0.39908266067504883,1
0.3715222179889679,1
0.3526383936405182,1
0.3912532925605774,1
0.33254390954971313,1
0.29807353019714355,1
0.3214157521724701,1
0.4795009195804596,1
0.30678361654281616,1
0.3543470501899719,1
0.4134068489074707,1
0.3585864305496216,1
0.39308372139930725,1
0.4252045154571533,1
0.38128817081451416,1
0.2831103205680847,1
0.3804436922073364,1
0.34054380655288696,1
0.32222282886505127,1
0.47193220257759094,1
0.35995203256607056,1
0.41164329648017883,1
0.3645349144935608,1
0.31538042426109314,1
0.4558749496936798,1
0.35826948285102844,1
0.36215752363204956,1
0.3810410499572754,1
0.3410624861717224,1
0.35859155654907227,1
0.4852919280529022,1
0.3810991644859314,1
0.5070554614067078,1
0.3803808391094208,1
0.33717525005340576,1
0.4554784297943115,1
0.41597673296928406,1
0.2960645258426666,1
0.34444600343704224,1
0.3587462604045868,1
0.38244619965553284,1
0.28993430733680725,1
0.3697172999382019,1
0.26485687494277954,1
0.3710797429084778,1
0.40159979462623596,1
0.3441073000431061,1
0.4440075159072876,1
0.40805965662002563,1
0.33252015709877014,1
0.2886166274547577,1
0.41802364587783813,1
0.27315929532051086,1
0.41718167066574097,1
0.34567761421203613,1
0.3685757517814636,1
0.3690600097179413,1
0.3335997760295868,1
0.4932478070259094,1
0.32795536518096924,1
0.40042123198509216,1
0.3328531086444855,1
0.2849058508872986,1
0.29428303241729736,1
0.4383825659751892,1
0.34004533290863037,1
0.33114248514175415,1
0.2700362801551819,1
0.40800079703330994,1
0.263761043548584,1
0.4212879240512848,1
0.2917931079864502,1
0.4277482032775879,1
0.3339194357395172,1
0.3709529936313629,1
0.42749112844467163,1
0.3534870147705078,1
0.48366668820381165,1
0.4089184105396271,1
0.4217727780342102,1
0.330952912569046,1
0.23246586322784424,1
0.31708094477653503,1
0.3686981499195099,1
0.33466941118240356,1
0.4245717227458954,1
0.35158616304397583,1
0.31814223527908325,1
0.35132795572280884,1
0.4399607181549072,1
0.34287798404693604,1
0.4819256663322449,1
0.4274264872074127,1
0.31952008605003357,1
0.3873249292373657,1
0.37625032663345337,1
0.27778536081314087,1
0.2963382303714752,1
0.3337688148021698,1
0.3977377116680145,1
0.42401206493377686,1
0.285484254360199,1
0.36027929186820984,1
0.473029226064682,1
0.3074992299079895,1
0.3320706784725189,1
0.36707332730293274,1
0.26706016063690186,1
0.33085572719573975,1
0.4199131429195404,1
0.3643876314163208,1
0.2989683449268341,1
0.28464776277542114,1
0.3280867040157318,1
0.38923949003219604,1
0.44914764165878296,1
0.27368929982185364,1
0.3945586085319519,1
0.3306039571762085,1
0.27683302760124207,1
0.5162930488586426,1
0.34672021865844727,1
0.2685040831565857,1
0.24890442192554474,1
0.42115306854248047,1
0.3429964780807495,1
0.32711660861968994,1
0.4182514250278473,1
0.31764867901802063,1
0.43442559242248535,1
0.2651502192020416,1
0.3986072242259979,1
0.5147621631622314,1
0.3128814697265625,1
0.29788193106651306,1
0.31331437826156616,1
0.3419570028781891,1
0.3845215439796448,1
0.3371484577655792,1
0.30142566561698914,1
0.36963191628456116,1
0.3195973038673401,1
0.3172452747821808,1
0.25077444314956665,1
0.30124205350875854,1
0.3358566462993622,1
0.35998839139938354,1
0.464738130569458,1
0.2701754570007324,1
0.5224157571792603,1
0.3223237991333008,1
0.3178185820579529,1
0.46742022037506104,1
0.40323036909103394,1
0.33077874779701233,1
0.44949719309806824,1
0.28268367052078247,1
0.3013957738876343,1
0.4051568806171417,1
0.2322380542755127,1
0.2917204797267914,1
0.3649381995201111,1
0.47894972562789917,1
0.2500740885734558,1
0.34968721866607666,1
0.3258242607116699,1
0.2738110423088074,1
0.389350950717926,1
0.4263251721858978,1
0.31365421414375305,1
0.2972911596298218,1
0.3240966200828552,1
0.4775248169898987,1
0.3813765347003937,1
0.28256481885910034,1
0.44035202264785767,1
0.3345450162887573,1
0.47051936388015747,1
0.5369797348976135,1
0.3426462709903717,1
0.35589611530303955,1
0.3041262626647949,1
0.3970909118652344,1
0.385299414396286,1
0.30468741059303284,1
0.38903677463531494,1
0.397271990776062,1
0.2644488215446472,1
0.3916108012199402,1
0.27314555644989014,1
0.3326989412307739,1
0.33012521266937256,1
0.2878049612045288,1
0.31644192337989807,1
0.4482165575027466,1
0.3113231956958771,1
0.37364715337753296,1
0.24800807237625122,1
0.3218817710876465,1
0.43886882066726685,1
0.37198901176452637,1
0.40915507078170776,1
0.3545451760292053,1
0.3779640793800354,1
0.2959224283695221,1
0.3502161502838135,1
0.26793503761291504,1
0.3562692403793335,1
0.3913065195083618,1
0.3860546946525574,1
0.46781688928604126,1
0.26396486163139343,1
0.31906333565711975,1
0.2742149233818054,1
0.30674466490745544,1
0.2770195007324219,1
0.45685210824012756,1
0.3463672399520874,1
0.3891616463661194,1
0.3994927406311035,1
0.3154803514480591,1
0.33068570494651794,1
0.30920761823654175,1
0.2973688244819641,1
0.33400797843933105,1
0.302016019821167,1
0.4396206736564636,1
0.3571334481239319,1
0.5449648499488831,1
0.39810052514076233,1
0.3753889799118042,1
0.3953441083431244,1
0.37360304594039917,1
0.3267356753349304,1
0.476420521736145,1
0.3994510769844055,1
0.2779081463813782,1
0.39049550890922546,1
0.44816237688064575,1
0.31694334745407104,1
0.3869805932044983,1
0.3902215361595154,1
0.3350624144077301,1
0.3021487593650818,1
0.4008845388889313,1
0.4053972065448761,1
0.4107634425163269,1
0.4776277542114258,1
0.40235835313796997,1
0.3839091956615448,1
0.36702752113342285,1
0.29759517312049866,1
0.48656776547431946,1
0.38119807839393616,1
0.23094287514686584,1
0.4412994384765625,1
0.5014475584030151,1
0.38499122858047485,1
0.3131926953792572,1
0.3856501579284668,1
0.35008323192596436,1
0.36739787459373474,1
0.39607611298561096,1
0.3641064167022705,1
0.41754189133644104,1
0.29519274830818176,1
0.2900135815143585,1
0.2899945080280304,1
0.2812034487724304,1
0.4515676498413086,1
0.3910723030567169,1
0.33126014471054077,1
0.26547878980636597,1
0.3883574604988098,1
0.26862621307373047,1
0.3236907720565796,1
0.478732168674469,1
0.39460813999176025,1
0.43248987197875977,1
0.4332349896430969,1
0.3252653479576111,1
0.39239442348480225,1
0.2869482934474945,1
0.35618916153907776,1
0.26177364587783813,1
0.4172952175140381,1
0.42276912927627563,1
0.390725314617157,1
0.3472214937210083,1
0.3698517680168152,1
0.27755531668663025,1
0.36712589859962463,1
0.50455641746521,1
0.5447630882263184,1
0.44482487440109253,1
0.406651109457016,1
0.3910723924636841,1
0.4046984910964966,1
0.39410901069641113,1
0.38350021839141846,1
0.3538159430027008,1
0.4344290792942047,1
0.35561519861221313,1
0.3529534339904785,1
0.5012636780738831,1
0.47594961524009705,1
0.33367636799812317,1
0.3022279441356659,1
0.3014388978481293,1
0.29183441400527954,1
0.39016193151474,1
0.4113011658191681,1
0.3153957724571228,1
0.31594663858413696,1
0.43840399384498596,1
0.3972795009613037,1
0.49308204650878906,1
0.25441259145736694,1
0.29261016845703125,1
0.45970678329467773,1
0.27612146735191345,1
0.4694536328315735,1
0.3803789019584656,1
0.3160068988800049,1
0.3034513592720032,1
0.3551860451698303,1
0.39119958877563477,1
0.4968775510787964,1
0.3790547847747803,1
0.3722301721572876,1
0.4352726340293884,1
0.3266252875328064,1
0.377871036529541,1
0.35002249479293823,1
0.30401358008384705,1
0.2905533015727997,1
0.25749483704566956,1
0.3381193280220032,1
0.24933557212352753,1
0.2951347827911377,1
0.32895800471305847,1
0.31034037470817566,1
0.3821697235107422,1
0.2638644576072693,1
0.3174753189086914,1
0.3270599842071533,1
0.3812721371650696,1
0.45348307490348816,1
0.3269727826118469,1
0.32657942175865173,1
0.4617574214935303,1
0.2616734504699707,1
0.32482847571372986,1
0.3371427655220032,1
0.43207019567489624,1
0.28593307733535767,1
0.3583158254623413,1
0.3826977014541626,1
0.3143180012702942,1
0.4337289035320282,1
0.41460156440734863,1
0.38113659620285034,1
0.3544618487358093,1
0.4326673448085785,1
0.40777307748794556,1
0.35045599937438965,1
0.35777747631073,1
0.4340566098690033,1
0.4519571363925934,1
0.3248130977153778,1
0.38884827494621277,1
0.3222011923789978,1
0.5316761136054993,1
0.4242936074733734,1
0.42088747024536133,1
0.3986501693725586,1
0.4009450376033783,1
0.27402400970458984,1
0.26463478803634644,1
0.39014509320259094,1
0.36819761991500854,1
0.2940608561038971,1
0.4251846671104431,1
0.32819196581840515,1
0.46007341146469116,1
0.36007753014564514,1
0.4034295976161957,1
0.35782110691070557,1
0.32580500841140747,1
0.34867918491363525,1
0.3943677842617035,1
0.4347280263900757,1
0.30661869049072266,1
0.3395340144634247,1
0.3338800370693207,1
0.45532089471817017,1
0.2915923297405243,1
0.3320135176181793,1
0.3597407639026642,1
0.39955568313598633,1
0.5373934507369995,1
0.3169149160385132,1
0.4414456784725189,1
0.4697203040122986,1
0.39289966225624084,1
0.39021310210227966,1
0.5300188064575195,1
0.3380330502986908,1
0.38725754618644714,1
0.47342449426651,1
0.4031888246536255,1
0.39382535219192505,1
0.4287034869194031,1
0.374249666929245,1
0.36367493867874146,1
0.38505807518959045,1
0.35085105895996094,1
0.3736683130264282,1
0.33795198798179626,1
0.29833969473838806,1
0.3772883713245392,1
0.3826786279678345,1
0.46030864119529724,1
0.3334425091743469,1
0.35138139128685,1
0.4675614535808563,1
0.2816312313079834,1
0.28626590967178345,1
0.41743701696395874,1
0.3856777548789978,1
0.3145914673805237,1
0.30102962255477905,1
0.32507333159446716,1
0.35872122645378113,1
0.36778005957603455,1
0.42010748386383057,1
0.323009729385376,1
0.30667784810066223,1
0.5143183469772339,1
0.29394882917404175,1
0.40751123428344727,1
0.4117184579372406,1
0.3012198209762573,1
0.4546224772930145,1
0.347628116607666,1
0.35800909996032715,1
0.4333876073360443,1
0.31746894121170044,1
0.24236741662025452,1
0.3863793611526489,1
0.4679258465766907,1
0.5059319734573364,1
0.3039955496788025,1
0.31535547971725464,1
0.4476863741874695,1
0.32251298427581787,1
0.3217301070690155,1
0.2950800061225891,1
0.3329835534095764,1
0.34952831268310547,1
0.39351946115493774,1
0.46807026863098145,1
0.33601224422454834,1
0.35157620906829834,1
0.3669288158416748,1
0.32554441690444946,1
0.33178168535232544,1
0.3572148084640503,1
0.3150630295276642,1
0.3167107403278351,1
0.32409659028053284,1
0.3230007588863373,1
0.454682320356369,1
0.3911224603652954,1
0.23938782513141632,1
0.5074494481086731,1
0.3581896126270294,1
0.3865523040294647,1
0.35824719071388245,1
0.4350645840167999,1
0.4588775634765625,1
0.3028516471385956,1
0.34525519609451294,1
0.33563536405563354,1
0.5220739841461182,1
0.41101065278053284,1
0.22833049297332764,1
0.3328183591365814,1
0.36841002106666565,1
0.3308071494102478,1
0.32099655270576477,1
0.3599680960178375,1
0.3086426854133606,1
0.42371419072151184,1
0.4304594397544861,1
0.34234774112701416,1
0.5348740816116333,1
0.4966338276863098,1
0.33664843440055847,1
0.31235653162002563,1
0.34700798988342285,1
0.45014873147010803,1
0.30739641189575195,1
0.2858436703681946,1
0.3167514204978943,1
0.46354979276657104,1
0.30790814757347107,1
0.31708961725234985,1
0.43771132826805115,1
0.363240510225296,1
0.3701753616333008,1
0.3153840899467468,1
0.3658812344074249,1
0.4285412132740021,1
0.33719342947006226,1
0.4041062891483307,1
0.40273064374923706,1
0.3069491684436798,1
0.35286301374435425,1
0.3893081843852997,1
0.4773189425468445,1
0.2704397737979889,1
0.306712806224823,1
0.4731045067310333,1
0.3239741325378418,1
0.4070766568183899,1
0.37812334299087524,1
0.42128467559814453,1
0.3049590587615967,1
0.3146688938140869,1
0.37113094329833984,1
0.33410942554473877,1
0.3604453206062317,1
0.3791935443878174,1
0.38379064202308655,1
0.34218212962150574,1
0.3738267123699188,1
0.4366028308868408,1
0.30527263879776,1
0.338727742433548,1
0.3194848895072937,1
0.4320494532585144,1
0.2698604464530945,1
0.33809542655944824,1
0.31139183044433594,1
0.3350342810153961,1
0.31253036856651306,1
0.342228502035141,1
0.31847620010375977,1
0.33576464653015137,1
0.2876695394515991,1
0.3026166260242462,1
0.30918678641319275,1
0.4013761579990387,1
0.3303176760673523,1
0.4079124629497528,1
0.3137139081954956,1
0.2732951045036316,1
0.32387277483940125,1
0.3511880934238434,1
0.3307862877845764,1
0.3487156629562378,1
0.2801305055618286,1
0.4061981439590454,1
0.37186533212661743,1
0.3272208571434021,1
0.3840523064136505,1
0.45819687843322754,1
0.2824762761592865,1
0.373665988445282,1
0.35866546630859375,1
0.4187416732311249,1
0.3134227395057678,1
0.29927343130111694,1
0.3425632119178772,1
0.4216648042201996,1
0.38821810483932495,1
0.290916383266449,1
0.3503308892250061,1
0.3753983974456787,1
0.2767309844493866,1
0.4330522119998932,1
0.3533233404159546,1
0.4087029993534088,1
0.2661846876144409,1
0.2848437428474426,1
0.31929758191108704,1
0.2705589830875397,1
0.3493424654006958,1
0.2739906907081604,1
0.38305097818374634,1
0.2944689989089966,1
0.28566956520080566,1
0.33564502000808716,1
0.29476305842399597,1
0.38449349999427795,1
0.3732810914516449,1
0.320263147354126,1
0.3146531879901886,1
0.3771898150444031,1
0.44925975799560547,1
0.41046059131622314,1
0.38297125697135925,1
0.2742253839969635,1
0.4064237177371979,1
0.32481101155281067,1
0.37152689695358276,1
0.4705730378627777,1
0.37341099977493286,1
0.3963164687156677,1
0.29323679208755493,1
0.31066960096359253,1
0.30308249592781067,1
0.449692964553833,1
0.36055535078048706,1
0.31218355894088745,1
0.4086300730705261,1
0.513959527015686,1
0.31275248527526855,1
0.4086262583732605,1
0.5092659592628479,1
0.48042553663253784,1
0.3663216829299927,1
0.355001300573349,1
0.3977242112159729,1
0.30062633752822876,1
0.2889105975627899,1
0.3541021943092346,1
0.25687864422798157,1
0.3763124346733093,1
0.3000708520412445,1
0.4405704140663147,1
0.2544722855091095,1
0.30696237087249756,1
0.36593902111053467,1
0.2715405523777008,1
0.2861461937427521,1
0.42071637511253357,1
0.4032963812351227,1
0.29659414291381836,1
0.42350560426712036,1
0.4847683310508728,1
0.33920755982398987,1
0.5080264210700989,1
0.3624209761619568,1
0.4578421413898468,1
0.44671037793159485,1
0.31332993507385254,1
0.40110716223716736,1
0.3424992561340332,1
0.46010714769363403,1
0.31440436840057373,1
0.33434125781059265,1
0.3313714861869812,1
0.3840324878692627,1
0.3706914186477661,1
0.3370931148529053,1
0.3381151556968689,1
0.3683134913444519,1
0.311063289642334,1
0.39032578468322754,1
0.3889368176460266,1
0.3558639585971832,1
0.38203808665275574,1
0.3847407400608063,1
0.41929078102111816,1
0.324177622795105,1
0.337571382522583,1
0.34145769476890564,1
0.2744201123714447,1
0.37430691719055176,1
0.4219653904438019,1
0.3808237910270691,1
0.3125501275062561,1
0.24212861061096191,1
0.34215015172958374,1
0.2355697751045227,1
0.3978736698627472,1
0.4497189521789551,1
0.4610503911972046,1
0.3360617160797119,1
0.4136843681335449,1
0.4432693123817444,1
0.40137970447540283,1
0.4609496593475342,1
0.38828200101852417,1
0.29617851972579956,1
0.4062880575656891,1
0.478374719619751,1
0.37272191047668457,1
0.4653467535972595,1
0.2696506679058075,1
0.4562470614910126,1
0.35108423233032227,1
0.38293007016181946,1
0.49737828969955444,1
0.287812203168869,1
0.386873334646225,1
0.2996456027030945,1
0.35056841373443604,1
0.31327036023139954,1
0.33145853877067566,1
0.35528743267059326,1
0.4654070734977722,1
0.2497914433479309,1
0.33322766423225403,1
0.28900137543678284,1
0.3207013010978699,1
0.5177653431892395,1
0.4262593388557434,1
0.3618350625038147,1
0.4030657410621643,1
0.3097137212753296,1
0.4437187910079956,1
0.36344459652900696,1
0.4162594974040985,1
0.40399569272994995,1
0.389219731092453,1
0.48588335514068604,1
0.3409048318862915,1
0.3969746530056,1
0.3757326006889343,1
0.3690315783023834,1
0.4141383171081543,1
0.3142666220664978,1
0.477072536945343,1
0.3764168620109558,1
0.2741764485836029,1
0.3429839015007019,1
0.3551623821258545,1
0.3472479283809662,1
0.2782287299633026,1
0.30243730545043945,1
0.29728963971138,1
0.40949341654777527,1
0.3648732304573059,1
0.3725486099720001,1
0.29044920206069946,1
0.29999858140945435,1
0.4106678068637848,1
0.35083189606666565,1
0.31955254077911377,1
0.4927912950515747,1
0.2636871337890625,1
0.2585406005382538,1
0.37678980827331543,1
0.315562903881073,1
0.4574543535709381,1
0.3190009593963623,1
0.42052099108695984,1
0.354905903339386,1
0.40184393525123596,1
0.42927977442741394,1
0.45641323924064636,1
0.3814905881881714,1
0.32320335507392883,1
0.39065757393836975,1
0.40783995389938354,1
0.38293856382369995,1
0.4417651891708374,1
0.3760044574737549,1
0.4054730534553528,1
0.398841917514801,1
0.46958795189857483,1
0.34207335114479065,1
0.34438806772232056,1
0.39208173751831055,1
0.46873342990875244,1
0.3023148477077484,1
0.292813241481781,1
0.3715027868747711,1
0.38027167320251465,1
0.41829705238342285,1
0.32838883996009827,1
0.25108492374420166,1
0.4507600665092468,1
0.36148011684417725,1
0.37470483779907227,1
0.33430683612823486,1
0.4511550962924957,1
0.374911904335022,1
0.37204721570014954,1
0.28053542971611023,1
0.37877148389816284,1
0.3504038453102112,1
0.3740490674972534,1
0.4033083915710449,1
0.33558887243270874,1
0.359727144241333,1
0.2778577208518982,1
0.489435076713562,1
0.3403649628162384,1
0.3605594336986542,1
0.3288072347640991,1
0.28147512674331665,1
0.32053524255752563,1
0.2815726697444916,1
0.3852297067642212,1
0.3544812500476837,1
0.38854506611824036,1
0.42045891284942627,1
0.3796195387840271,1
0.3762318193912506,1
0.3210596740245819,1
0.2918696701526642,1
0.2994428873062134,1
0.33258605003356934,1
0.32089298963546753,1
0.2781528830528259,1
0.4179961085319519,1
0.541489839553833,1
0.3034955859184265,1
0.393770694732666,1
0.2942432761192322,1
0.4519469738006592,1
0.2725786864757538,1
0.3648882508277893,1
0.4211885929107666,1
0.5299950242042542,1
0.4342179298400879,1
0.33097225427627563,1
0.39810264110565186,1
0.38028484582901,1
0.29697415232658386,1
0.3192780613899231,1
0.41742798686027527,1
0.28488993644714355,1
0.3567895293235779,1
0.2798759341239929,1
0.3276984691619873,1
0.4602659344673157,1
0.435177206993103,1
0.398487389087677,1
0.40502557158470154,1
0.2986040711402893,1
0.3422584533691406,1
0.4457615315914154,1
0.32922691106796265,1
0.321550190448761,1
0.2852461040019989,1
0.3435859680175781,1
0.309931218624115,1
0.3407672345638275,1
0.39910513162612915,1
0.35324805974960327,1
0.33763229846954346,1
0.3472682237625122,1
0.3583081364631653,1
0.34077751636505127,1
0.3335875868797302,1
0.4153803586959839,1
0.30450060963630676,1
0.40513741970062256,1
0.35769808292388916,1
0.325644314289093,1
0.27760767936706543,1
0.38983607292175293,1
0.36133086681365967,1
0.3440341055393219,1
0.3216235339641571,1
0.30066582560539246,1
0.31263333559036255,1
0.3902919888496399,1
0.4198759198188782,1
0.3175191283226013,1
0.5726660490036011,1
0.2878679633140564,1
0.33168280124664307,1
0.37833595275878906,1
0.33726808428764343,1
0.27019593119621277,1
0.2820815443992615,1
0.35438111424446106,1
0.3024143874645233,1
0.2552918493747711,1
0.32378822565078735,1
0.35402169823646545,1
0.29923439025878906,1
0.2796933650970459,1
0.3519269526004791,1
0.23795482516288757,1
0.33992233872413635,1
0.377086877822876,1
0.38605770468711853,1
0.3259695768356323,1
0.2946588099002838,1
0.41718000173568726,1
0.22519230842590332,1
0.3609975576400757,1
0.3856830596923828,1
0.42218780517578125,1
0.35371318459510803,1
0.28795796632766724,1
0.42809516191482544,1
0.4262702167034149,1
0.3804490566253662,1
0.3849262595176697,1
0.3725924491882324,1
0.3847704529762268,1
0.36495110392570496,1
0.3299160599708557,1
0.3612581491470337,1
0.3874552845954895,1
0.36331072449684143,1
0.27524131536483765,1
0.3112137019634247,1
0.42888668179512024,1
0.35136058926582336,1
0.417424738407135,1
0.36464571952819824,1
0.31367093324661255,1
0.3593459725379944,1
0.4588165879249573,1
0.44289809465408325,1
0.4550119638442993,1
0.30177414417266846,1
0.3169969916343689,1
0.3297593295574188,1
0.30594637989997864,1
0.4772663116455078,1
0.40209728479385376,1
0.4395531415939331,1
0.352522611618042,1
0.28889942169189453,1
0.4057368040084839,1
0.36038437485694885,1
0.44670456647872925,1
0.33668971061706543,1
0.3590124249458313,1
0.3037048578262329,1
0.2732820510864258,1
0.3672277331352234,1
0.26257455348968506,1
0.3721873164176941,1
0.29338961839675903,1
0.4455999732017517,1
0.34354841709136963,1
0.43317440152168274,1
0.30513137578964233,1
0.30899864435195923,1
0.3203567564487457,1
0.3765643239021301,1
0.3805115222930908,1
0.362787663936615,1
0.39701300859451294,1
0.4505246579647064,1
0.5027061700820923,1
0.34968698024749756,1
0.33017945289611816,1
0.40179502964019775,1
0.35422757267951965,1
0.28726691007614136,1
0.4933888614177704,1
0.3943830132484436,1
0.31401944160461426,1
0.3506776988506317,1
0.27165529131889343,1
0.33956795930862427,1
0.39976048469543457,1
0.43179240822792053,1
0.4677008390426636,1
0.25091952085494995,1
0.45059746503829956,1
0.32160431146621704,1
0.4064607322216034,1
0.3615126609802246,1
0.3451615273952484,1
0.3922211527824402,1
0.28573498129844666,1
0.2957622706890106,1
0.2726864814758301,1
0.38789278268814087,1
0.3388966917991638,1
0.2691454589366913,1
0.2155940681695938,1
0.375444233417511,1
0.5609580278396606,1
0.3279978334903717,1
0.4090350866317749,1
0.32122161984443665,1
0.3573774993419647,1
0.3452121615409851,1
0.33661696314811707,1
0.37174147367477417,1
0.3369533121585846,1
0.3870426118373871,1
0.33604881167411804,1
0.3399702310562134,1
0.5885013341903687,1
0.47602593898773193,1
0.3909914493560791,1
0.3524767756462097,1
0.3532029390335083,1
0.33605843782424927,1
0.3100428879261017,1
0.31599682569503784,1
0.33096301555633545,1
0.3475936949253082,1
0.3577526807785034,1
0.4274708032608032,1
0.32130756974220276,1
0.3249608874320984,1
0.3452213406562805,1
0.3871796131134033,1
0.38136306405067444,1
0.39397966861724854,1
0.4396907389163971,1
0.4017266035079956,1
0.31428420543670654,1
0.43288761377334595,1
0.3043878376483917,1
0.36373329162597656,1
0.3358713984489441,1
0.28599148988723755,1
0.3501396179199219,1
0.41366541385650635,1
0.3290501832962036,1
0.4228576421737671,1
0.4197201132774353,1
0.40124982595443726,1
0.2607356905937195,1
0.3297748267650604,1
0.3152065873146057,1
0.32894986867904663,1
0.32183998823165894,1
0.31048840284347534,1
0.34313082695007324,1
0.49680399894714355,1
0.35637366771698,1
0.3225190043449402,1
0.29937878251075745,1
0.3125979006290436,1
0.2241620421409607,1
0.39598989486694336,1
0.33049479126930237,1
0.31745031476020813,1
0.39008828997612,1
0.45877188444137573,1
0.30436331033706665,1
0.29499781131744385,1
0.4395259618759155,1
0.41701334714889526,1
0.3791518211364746,1
0.3901687264442444,1
0.367806613445282,1
0.3166959285736084,1
0.32320529222488403,1
0.4455065131187439,1
0.47494831681251526,1
0.46315842866897583,1
0.35089218616485596,1
0.277381956577301,1
0.35267525911331177,1
0.3329535722732544,1
0.44096341729164124,1
0.456863135099411,1
0.40523260831832886,1
0.3227579593658447,1
0.33505892753601074,1
0.3390057682991028,1
0.3474448025226593,1
0.21676908433437347,1
0.37957659363746643,1
0.3320019245147705,1
0.365331768989563,1
0.26244211196899414,1
0.3746894598007202,1
0.4970839023590088,1
0.32213807106018066,1
0.28657397627830505,1
0.2733047902584076,1
0.36686065793037415,1
0.42331552505493164,1
0.28090694546699524,1
0.29918748140335083,1
0.2886500954627991,1
0.28242719173431396,1
0.23917223513126373,1
0.3549560308456421,1
0.3817368745803833,1
0.38040298223495483,1
0.4771563410758972,1
0.4218149483203888,1
0.4991249144077301,1
0.35896462202072144,1
0.37427976727485657,1
0.3101343810558319,1
0.37785524129867554,1
0.3538271188735962,1
0.2713935375213623,1
0.39961254596710205,1
0.27690786123275757,1
0.4358869791030884,1
0.3900510370731354,1
0.39218300580978394,1
0.4192598760128021,1
0.34040674567222595,1
0.25646838545799255,1
0.45097339153289795,1
0.28639674186706543,1
0.40638044476509094,1
0.2994730472564697,1
0.3106429874897003,1
0.3364576995372772,1
0.3948688507080078,1
0.4003474712371826,1
0.3379693627357483,1
0.331502228975296,1
0.35373252630233765,1
0.29593193531036377,1
0.33298400044441223,1
0.33618611097335815,1
0.36428987979888916,1
0.40686917304992676,1
0.25489044189453125,1
0.5232269167900085,1
0.3149396777153015,1
0.39428532123565674,1
0.3726544678211212,1
0.40784335136413574,1
0.36808115243911743,1
0.35712406039237976,1
0.3452906906604767,1
0.49312955141067505,1
0.48325932025909424,1
0.3454301953315735,1
0.509503960609436,1
0.3631567358970642,1
0.42841899394989014,1
0.31248947978019714,1
0.39322659373283386,1
0.33545488119125366,1
0.34380459785461426,1
0.2818259596824646,1
0.3499043583869934,1
0.499345600605011,1
0.4932972192764282,1
0.3734259009361267,1
0.38875800371170044,1
0.37070804834365845,1
0.3418906331062317,1
0.25268009305000305,1
0.3608981668949127,1
0.4330357313156128,1
0.3274082839488983,1
0.303830087184906,1
0.2943021059036255,1
0.32724127173423767,1
0.2786767780780792,1
0.3651790916919708,1
0.34929800033569336,1
0.3562961518764496,1
0.3080720901489258,1
0.40363115072250366,1
0.3615722954273224,1
0.2909421920776367,1
0.28590279817581177,1
0.3108776807785034,1
0.36089321970939636,1
0.3203756809234619,1
0.23377414047718048,1
0.26139751076698303,1
0.3207312524318695,1
0.342601478099823,1
0.3879939317703247,1
0.27089619636535645,1
0.3577498495578766,1
0.4222455620765686,1
0.2743164896965027,1
0.300470769405365,1
0.33829832077026367,1
0.33711645007133484,1
0.29228827357292175,1
0.3829566240310669,1
0.3465752601623535,1
0.30362218618392944,1
0.43567341566085815,1
0.32183197140693665,1
0.41885098814964294,1
0.5130146741867065,1
0.33220845460891724,1
0.3806614875793457,1
0.34525755047798157,1
0.3318870961666107,1
0.34917253255844116,1
0.3317292034626007,1
0.33630478382110596,1
0.3861793279647827,1
0.5042314529418945,1
0.3039206862449646,1
0.33304670453071594,1
0.3463760316371918,1
0.33796781301498413,1
0.47210943698883057,1
0.4173368811607361,1
0.39870187640190125,1
0.362384557723999,1
0.356366366147995,1
0.40723124146461487,1
0.3467167019844055,1
0.39095622301101685,1
0.30882441997528076,1
0.37248799204826355,1
0.39051973819732666,1
0.31172603368759155,1
0.368304580450058,1
0.3061315715312958,1
0.36194175481796265,1
0.423980712890625,1
0.3531206548213959,1
0.3361780643463135,1
0.5180694460868835,1
0.36184900999069214,1
0.38499748706817627,1
0.4488401710987091,1
0.2916213274002075,1
0.3256831169128418,1
0.32539522647857666,1
0.28303462266921997,1
0.3419935703277588,1
0.47841718792915344,1
0.3177889585494995,1
0.4067700207233429,1
0.3765399754047394,1
0.35099220275878906,1
0.4182709753513336,1
0.4020012617111206,1
0.3691573739051819,1
0.30192869901657104,1
0.4171920120716095,1
0.42519310116767883,1
0.4076198935508728,1
0.3294236361980438,1
0.5077356696128845,1
0.34515005350112915,1
0.31617772579193115,1
0.4044305682182312,1
0.24422287940979004,1
0.2983660399913788,1
0.40733447670936584,1
0.37574195861816406,1
0.23609386384487152,1
0.4618265926837921,1
0.3528401851654053,1
0.41477546095848083,1
0.39854896068573,1
0.3074610233306885,1
0.3778083324432373,1
0.30989134311676025,1
0.35731983184814453,1
0.45610252022743225,1
0.25513869524002075,1
0.4449343681335449,1
0.3711748719215393,1
0.3986210227012634,1
0.3884459435939789,1
0.3970988690853119,1
0.3267846405506134,1
0.3429436683654785,1
0.38150888681411743,1
0.3181133568286896,1
0.347236305475235,1
0.4191525876522064,1
0.3827235698699951,1
0.2878904342651367,1
0.23972785472869873,1
0.31077495217323303,1
0.47385767102241516,1
0.4533054530620575,1
0.3675903081893921,1
0.3166927695274353,1
0.2662268877029419,1
0.3779379725456238,1
0.3820565342903137,1
0.37374746799468994,1
0.30730563402175903,1
0.4998469352722168,1
0.3971315920352936,1
0.3146403133869171,1
0.4199192225933075,1
0.44616591930389404,1
0.37464439868927,1
0.2736445665359497,1
0.42593255639076233,1
0.34793299436569214,1
0.42479145526885986,1
0.39259767532348633,1
0.3100021481513977,1
0.49026983976364136,1
0.3152778148651123,1
0.2654723525047302,1
0.47467634081840515,1
0.3445032238960266,1
0.4200763702392578,1
0.3667113780975342,1
0.41670262813568115,1
0.32697612047195435,1
0.31573486328125,1
0.39734750986099243,1
0.38637739419937134,1
0.26231321692466736,1
0.3516928553581238,1
0.4628019630908966,1
0.3977009952068329,1
0.41671159863471985,1
0.30958807468414307,1
0.31501150131225586,1
0.2534482479095459,1
0.42360931634902954,1
0.23631551861763,1
0.3622188866138458,1
0.3892938196659088,1
0.3933033347129822,1
0.4222511053085327,1
0.35444289445877075,1
0.3272233307361603,1
0.4265337884426117,1
0.26313668489456177,1
0.33173173666000366,1
0.43453288078308105,1
0.4098877012729645,1
0.3709709346294403,1
0.38324299454689026,1
0.4697323441505432,1
0.41639143228530884,1
0.4357145428657532,1
0.42629820108413696,1
0.2985207140445709,1
0.33487212657928467,1
0.5176122188568115,1
0.37203913927078247,1
0.3389850854873657,1
0.34322822093963623,1
0.3710120916366577,1
0.44285550713539124,1
0.45857155323028564,1
0.34130579233169556,1
0.5923665165901184,1
0.3813287615776062,1
0.3463423252105713,1
0.358769953250885,1
0.36706602573394775,1
0.3225865960121155,1
0.3578968942165375,1
0.2847495973110199,1
0.36633703112602234,1
0.38022148609161377,1
0.5294731855392456,1
0.2869536280632019,1
0.43278393149375916,1
0.3446545898914337,1
0.3804360032081604,1
0.3034113645553589,1
0.4262327551841736,1
0.43103402853012085,1
0.3745797872543335,1
0.3274378776550293,1
0.37437087297439575,1
0.36577656865119934,1
0.43453121185302734,1
0.371075302362442,1
0.3858834207057953,1
0.345159649848938,1
0.49265775084495544,1
0.29560232162475586,1
0.35999423265457153,1
0.3916490972042084,1
0.3376426100730896,1
0.3800259232521057,1
0.3239366412162781,1
0.3358386158943176,1
0.4597834646701813,1
0.36746829748153687,1
0.4361691176891327,1
0.42205679416656494,1
0.37641459703445435,1
0.3704689145088196,1
0.20976239442825317,1
0.2987881600856781,1
0.3830847144126892,1
0.34425073862075806,1
0.3256968557834625,1
0.34947705268859863,1
0.22712737321853638,1
0.37046927213668823,1
0.3252065181732178,1
0.3462013900279999,1
0.31994619965553284,1
0.3751562833786011,1
0.33240097761154175,1
0.4295269250869751,1
0.2844592332839966,1
0.36061716079711914,1
0.25722017884254456,1
0.3289305865764618,1
0.39291271567344666,1
0.3924945592880249,1
0.3165510296821594,1
0.4357437491416931,1
0.18518470227718353,1
0.3573293685913086,1
0.4666109085083008,1
0.369026243686676,1
0.3115263879299164,1
0.32770928740501404,1
0.28834637999534607,1
0.4046648144721985,1
0.49442392587661743,1
0.2908984124660492,1
0.2899322211742401,1
0.43231576681137085,1
0.43718984723091125,1
0.3500939607620239,1
0.35060805082321167,1
0.40389347076416016,1
0.41591939330101013,1
0.29404550790786743,1
0.34375935792922974,1
0.35971635580062866,1
0.29025015234947205,1
0.3560681939125061,1
0.32399696111679077,1
0.47416871786117554,1
0.29486000537872314,1
0.4254818856716156,1
0.3985441327095032,1
0.4115399122238159,1
0.44809260964393616,1
0.42324769496917725,1
0.3522460460662842,1
0.33830371499061584,1
0.45997291803359985,1
0.30356061458587646,1
0.4920123815536499,1
0.3741801381111145,1
0.39878228306770325,1
0.41663864254951477,1
0.28787344694137573,1
0.35144099593162537,1
0.43059080839157104,1
0.38347291946411133,1
0.3280167579650879,1
0.5192222595214844,1
0.39194992184638977,1
0.3348080515861511,1
0.25393354892730713,1
0.26506564021110535,1
0.3447355628013611,1
0.31063807010650635,1
0.457785964012146,1
0.447723925113678,1
0.25821974873542786,1
0.4246275722980499,1
0.3979705572128296,1
0.339857280254364,1
0.5227972865104675,1
0.37880659103393555,1
0.3721960783004761,1
0.3299601674079895,1
0.35932308435440063,1
0.3480590581893921,1
0.3125501871109009,1
0.29927265644073486,1
0.43437647819519043,1
0.29450854659080505,1
0.40034905076026917,1
0.2790541648864746,1
0.4950717091560364,1
0.37673839926719666,1
0.30605971813201904,1
0.3863937556743622,1
0.39768704771995544,1
0.3611977696418762,1
0.3349539041519165,1
0.3441053628921509,1
0.33152857422828674,1
0.35344719886779785,1
0.3414381742477417,1
0.3864433169364929,1
0.3305402398109436,1
0.4926620423793793,1
0.3939092755317688,1
0.33394038677215576,1
0.3228842616081238,1
0.4003739356994629,1
0.4442872703075409,1
0.3162849545478821,1
0.30337291955947876,1
0.30002158880233765,1
0.3949432373046875,1
0.33787286281585693,1
0.3093494176864624,1
0.2716577649116516,1
0.38758018612861633,1
0.33292537927627563,1
0.3016398847103119,1
0.2963780462741852,1
0.46081113815307617,1
0.3862711787223816,1
0.347006618976593,1
0.30819737911224365,1
0.36694347858428955,1
0.3765068054199219,1
0.307233065366745,1
0.2778370976448059,1
0.3465418219566345,1
0.3523310422897339,1
0.34154975414276123,1
0.4013989567756653,1
0.40106815099716187,1
0.2926160991191864,1
0.3925591707229614,1
0.4605776369571686,1
0.4508390426635742,1
0.49301502108573914,1
0.326174795627594,1
0.4080102741718292,1
0.4154937267303467,1
0.36309266090393066,1
0.29531675577163696,1
0.41860151290893555,1
0.33817607164382935,1
0.38565167784690857,1
0.37523406744003296,1
0.25508496165275574,1
0.3482944965362549,1
0.3493504524230957,1
0.4602542519569397,1
0.3059614598751068,1
0.38816311955451965,1
0.29587164521217346,1
0.28694599866867065,1
0.32618144154548645,1
0.28922703862190247,1
0.3512934744358063,1
0.28300726413726807,1
0.3763774037361145,1
0.4167625308036804,1
0.3668646812438965,1
0.50362229347229,1
0.48537424206733704,1
0.3113026022911072,1
0.48470449447631836,1
0.4625511169433594,1
0.3655017614364624,1
0.3939904570579529,1
0.3343803286552429,1
0.461636483669281,1
0.4027695953845978,1
0.4935535192489624,1
0.29266732931137085,1
0.3480902314186096,1
0.5143723487854004,1
0.4059954881668091,1
0.4435971975326538,1
0.3387570381164551,1
0.3594346046447754,1
0.3399559557437897,1
0.2903621196746826,1
0.283169686794281,1
0.4735965430736542,1
0.41988760232925415,1
0.40278613567352295,1
0.39399081468582153,1
0.34968483448028564,1
0.40631312131881714,1
0.48089367151260376,1
0.3763384222984314,1
0.41212746500968933,1
0.4753817915916443,1
0.31265318393707275,1
0.40314337611198425,1
0.31404703855514526,1
0.4845215380191803,1
0.3154623210430145,1
0.36515557765960693,1
0.3796963691711426,1
0.5244219303131104,1
0.37463510036468506,1
0.3156587481498718,1
0.2900243401527405,1
0.4282691776752472,1
0.3529047667980194,1
0.3628826141357422,1
0.5701060891151428,1
0.3625108003616333,1
0.3502979874610901,1
0.3522804379463196,1
0.30644160509109497,1
0.4364868104457855,1
0.30632513761520386,1
0.2833835482597351,1
0.4202171862125397,1
0.43463993072509766,1
0.36657875776290894,1
0.5261293053627014,1
0.3301607370376587,1
0.34430739283561707,1
0.3284124732017517,1
0.24689358472824097,1
0.4671919643878937,1
0.4771807789802551,1
0.3496641516685486,1
0.36819663643836975,1
0.48871544003486633,1
0.36107373237609863,1
0.33190086483955383,1
0.3197152018547058,1
0.429633766412735,1
0.2451300472021103,1
0.42997032403945923,1
0.26252999901771545,1
0.31619444489479065,1
0.24204868078231812,1
0.3874320685863495,1
0.44213032722473145,1
0.4353833794593811,1
0.4408716857433319,1
0.25027674436569214,1
0.3968135416507721,1
0.430541455745697,1
0.274983286857605,1
0.36790046095848083,1
0.3355127274990082,1
0.393216073513031,1
0.3958919644355774,1
0.3487322926521301,1
0.30729940533638,1
0.35250258445739746,1
0.3357548117637634,1
0.3761981725692749,1
0.44278573989868164,1
0.45431479811668396,1
0.41930514574050903,1
0.40997496247291565,1
0.4348067343235016,1
0.4273642599582672,1
0.30656564235687256,1
0.39578962326049805,1
0.38507622480392456,1
0.3052760362625122,1
0.39291661977767944,1
0.376183420419693,1
0.32551467418670654,1
0.24013301730155945,1
0.38459786772727966,1
0.404308944940567,1
0.37101882696151733,1
0.5037265419960022,1
0.3661136031150818,1
0.34974199533462524,1
0.2874007821083069,1
0.35673126578330994,1
0.33084094524383545,1
0.3308042287826538,1
0.1923040747642517,1
0.30025047063827515,1
0.3645315170288086,1
0.319316029548645,1
0.35503914952278137,1
0.35657885670661926,1
0.3169991374015808,1
0.23969632387161255,1
0.3622412085533142,1
0.39959007501602173,1
0.2829766869544983,1
0.33287373185157776,1
0.35197752714157104,1
0.36934995651245117,1
0.41384413838386536,1
0.38260310888290405,1
0.40947240591049194,1
0.34813791513442993,1
0.47681593894958496,1
0.37616270780563354,1
0.3231525719165802,1
0.4019765257835388,1
0.36064302921295166,1
0.2925269603729248,1
0.2560659646987915,1
0.2718358337879181,1
0.29588061571121216,1
0.35279223322868347,1
0.30899497866630554,1
0.4351518154144287,1
0.38016968965530396,1
0.49637505412101746,1
0.35702329874038696,1
0.21850605309009552,1
0.24579386413097382,1
0.2893110513687134,1
0.3896624445915222,1
0.39118802547454834,1
0.3508470356464386,1
0.2730409801006317,1
0.4707562327384949,1
0.3592235743999481,1
0.3586044907569885,1
0.2466047704219818,1
0.4230647087097168,1
0.3406391143798828,1
0.38584983348846436,1
0.4201303720474243,1
0.3322383463382721,1
0.361004114151001,1
0.3106323480606079,1
0.2660680413246155,1
0.27527812123298645,1
0.45180898904800415,1
0.36924225091934204,1
0.34545212984085083,1
0.41737550497055054,1
0.29018405079841614,1
0.328355610370636,1
0.2841816842556,1
0.28363198041915894,1
0.3981837332248688,1
0.31666576862335205,1
0.4221518337726593,1
0.3455613851547241,1
0.3618886470794678,1
0.2910628616809845,1
0.3747313320636749,1
0.32848018407821655,1
0.4531877338886261,1
0.2915171980857849,1
0.38069891929626465,1
0.2816905975341797,1
0.3859509229660034,1
0.3660856783390045,1
0.34089750051498413,1
0.3148280084133148,1
0.40053340792655945,1
0.28479957580566406,1
0.3426837921142578,1
0.34390076994895935,1
0.44974157214164734,1
0.44794178009033203,1
0.3113071918487549,1
0.37001466751098633,1
0.3772866129875183,1
0.36531704664230347,1
0.45429641008377075,1
0.4435650706291199,1
0.306362509727478,1
0.3488451838493347,1
0.3801575303077698,1
0.4184754192829132,1
0.29891353845596313,1
0.3393195867538452,1
0.4197014570236206,1
0.37859243154525757,1
0.5004511475563049,1
0.42231282591819763,1
0.23817403614521027,1
0.451286256313324,1
0.29506197571754456,1
0.2567653954029083,1
0.3097618818283081,1
0.4712359309196472,1
0.2917407155036926,1
0.4489973783493042,1
0.3885138928890228,1
0.473713219165802,1
0.2353857010602951,1
0.241600900888443,1
0.43953508138656616,1
0.33307039737701416,1
0.3857700526714325,1
0.33102792501449585,1
0.3941221833229065,1
0.40158116817474365,1
0.39983147382736206,1
0.39763179421424866,1
0.3277939260005951,1
0.3166552186012268,1
0.36420461535453796,1
0.4142872989177704,1
0.29944533109664917,1
0.3903123438358307,1
0.2740175724029541,1
0.41650864481925964,1
0.35391873121261597,1
0.49755150079727173,1
0.38582026958465576,1
0.26305434107780457,1
0.452372670173645,1
0.3214457333087921,1
0.48604750633239746,1
0.37371009588241577,1
0.3243073523044586,1
0.4145851731300354,1
0.26188987493515015,1
0.41074201464653015,1
0.2551557123661041,1
0.31259751319885254,1
0.355674684047699,1
0.44910600781440735,1
0.19166573882102966,1
0.28273463249206543,1
0.3012538254261017,1
0.34993088245391846,1
0.4131479263305664,1
0.38191163539886475,1
0.4219242334365845,1
0.29476067423820496,1
0.3845413327217102,1
0.3679147958755493,1
0.4113985300064087,1
0.46674075722694397,1
0.44351640343666077,1
0.35715195536613464,1
0.2745024561882019,1
0.3149351477622986,1
0.32135382294654846,1
0.33565106987953186,1
0.3375513553619385,1
0.4870620369911194,1
0.47537195682525635,1
0.37591224908828735,1
0.2895199656486511,1
0.39388635754585266,1
0.5752824544906616,1
0.32158878445625305,1
0.25649458169937134,1
0.4559885263442993,1
0.3444974422454834,1
0.41711604595184326,1
0.24639417231082916,1
0.2559220492839813,1
0.36950063705444336,1
0.3106510639190674,1
0.37349703907966614,1
0.33084025979042053,1
0.41460052132606506,1
0.36311662197113037,1
0.31616848707199097,1
0.33185458183288574,1
0.4316026270389557,1
0.28139734268188477,1
0.3741953372955322,1
0.29752597212791443,1
0.27089884877204895,1
0.34758949279785156,1
0.4071044921875,1
0.3208664059638977,1
0.30724653601646423,1
0.3985099196434021,1
0.3483912944793701,1
0.3137240409851074,1
0.3404202461242676,1
0.2991322875022888,1
0.22883807122707367,1
0.3589695990085602,1
0.3257678151130676,1
0.4213482141494751,1
0.4513590335845947,1
0.31686341762542725,1
0.3593005836009979,1
0.31571388244628906,1
0.37787923216819763,1
0.27261942625045776,1
0.36761948466300964,1
0.3686334788799286,1
0.31758373975753784,1
0.31112122535705566,1
0.4248954653739929,1
0.3246949315071106,1
0.29618173837661743,1
0.3124297857284546,1
0.40889009833335876,1
0.31596264243125916,1
0.5066659450531006,1
0.41961705684661865,1
0.33894866704940796,1
0.3025844395160675,1
0.4025189280509949,1
0.5461609363555908,1
0.3163890242576599,1
0.3724358379840851,1
0.3456850051879883,1
0.3393510580062866,1
0.36151233315467834,1
0.34710440039634705,1
0.3668048083782196,1
0.2507888972759247,1
0.3855931758880615,1
0.32270872592926025,1
0.42521774768829346,1
0.40367835760116577,1
0.3303595781326294,1
0.28674525022506714,1
0.384232759475708,1
0.29059746861457825,1
0.32011041045188904,1
0.35249561071395874,1
0.473946213722229,1
0.3800416886806488,1
0.44533973932266235,1
0.4738568365573883,1
0.40071022510528564,1
0.3281831443309784,1
0.2493787407875061,1
0.5275410413742065,1
0.37771159410476685,1
0.324994295835495,1
0.2820843458175659,1
0.3376404643058777,1
0.3086628317832947,1
0.3199285566806793,1
0.36774373054504395,1
0.4214317798614502,1
0.39879822731018066,1
0.3734835088253021,1
0.3643776774406433,1
0.39694100618362427,1
0.3807241916656494,1
0.46462157368659973,1
0.388666033744812,1
0.35673069953918457,1
0.40385565161705017,1
0.3172031044960022,1
0.40381231904029846,1
0.39920854568481445,1
0.36144864559173584,1
0.3775952458381653,1
0.45045414566993713,1
0.3680749833583832,1
0.2941294014453888,1
0.4002973139286041,1
0.37464264035224915,1
0.3679908514022827,1
0.4558715224266052,1
0.3156392574310303,1
0.34212544560432434,1
0.39841097593307495,1
0.48138460516929626,1
0.4108712673187256,1
0.45502665638923645,1
0.3269420266151428,1
0.4027179479598999,1
0.34701648354530334,1
0.5099655389785767,1
0.3438188135623932,1
0.5254042148590088,1
0.43297651410102844,1
0.3453770875930786,1
0.4221572279930115,1
0.4164981245994568,1
0.37104010581970215,1
0.24552766978740692,1
0.41485151648521423,1
0.4133216142654419,1
0.33150938153266907,1
0.3997902274131775,1
0.3442269265651703,1
0.4385615885257721,1
0.3953515887260437,1
0.30643120408058167,1
0.4539738595485687,1
0.32952794432640076,1
0.3264628052711487,1
0.28064942359924316,1
0.38182905316352844,1
0.42274683713912964,1
0.4307681918144226,1
0.3367484509944916,1
0.33580851554870605,1
0.4104722738265991,1
0.4049879312515259,1
0.296142041683197,1
0.3490831255912781,1
0.3877752423286438,1
0.30976638197898865,1
0.3260786831378937,1
0.2864331007003784,1
0.3828088343143463,1
0.2863367795944214,1
0.37882760167121887,1
0.34140485525131226,1
0.43875500559806824,1
0.40566691756248474,1
0.40437832474708557,1
0.3643929958343506,1
0.345711350440979,1
0.3231019079685211,1
0.37829315662384033,1
0.33613210916519165,1
0.29717785120010376,1
0.46604612469673157,1
0.2359973043203354,1
0.24161240458488464,1
0.5413682460784912,1
0.3467601537704468,1
0.44448620080947876,1
0.3814542591571808,1
0.33908963203430176,1
0.4334128797054291,1
0.366127610206604,1
0.4266452193260193,1
0.24624593555927277,1
0.40073102712631226,1
0.34421074390411377,1
0.3927595019340515,1
0.28490835428237915,1
0.33946436643600464,1
0.31999629735946655,1
0.30558156967163086,1
0.4052303433418274,1
0.33223170042037964,1
0.37978309392929077,1
0.3591533899307251,1
0.2689770460128784,1
0.39715996384620667,1
0.3729878067970276,1
0.31905069947242737,1
0.31490662693977356,1
0.4058320224285126,1
0.3138423562049866,1
0.266548752784729,1
0.30858877301216125,1
0.3409331738948822,1
0.3056855797767639,1
0.295043408870697,1
0.3459204137325287,1
0.2614504098892212,1
0.2620545029640198,1
0.3194994628429413,1
0.36632150411605835,1
0.48528289794921875,1
0.38062435388565063,1
0.49562492966651917,1
0.39169806241989136,1
0.3892659544944763,1
0.4175300896167755,1
0.44565069675445557,1
0.28207579255104065,1
0.32276415824890137,1
0.39305633306503296,1
0.35576725006103516,1
0.39600881934165955,1
0.3615075349807739,1
0.37821927666664124,1
0.3415258526802063,1
0.265854150056839,1
0.4180605411529541,1
0.3764030933380127,1
0.3650279939174652,1
0.3311642110347748,1
0.4029395282268524,1
0.32881587743759155,1
0.3730369508266449,1
0.3657662272453308,1
0.35135310888290405,1
0.3641713857650757,1
0.3933975100517273,1
0.4090360403060913,1
0.425079345703125,1
0.4365249276161194,1
0.41517892479896545,1
0.4034740924835205,1
0.3706439733505249,1
0.37829750776290894,1
0.3431825041770935,1
0.43958282470703125,1
0.3226815462112427,1
0.30967968702316284,1
0.33762022852897644,1
0.3224712908267975,1
0.4459396004676819,1
0.287239670753479,1
0.34416449069976807,1
0.3888459801673889,1
0.25761374831199646,1
0.3975134491920471,1
0.3904340863227844,1
0.3382331132888794,1
0.32678163051605225,1
0.3552439212799072,1
0.2855638265609741,1
0.4461356997489929,1
0.4224908649921417,1
0.36118996143341064,1
0.3350406885147095,1
0.4641483426094055,1
0.44936537742614746,1
0.3134728670120239,1
0.3329809010028839,1
0.3168177604675293,1
0.33017992973327637,1
0.4077615439891815,1
0.3488401174545288,1
0.3505418598651886,1
0.29255297780036926,1
0.38250985741615295,1
0.44320544600486755,1
0.42126351594924927,1
0.38234448432922363,1
0.2881962060928345,1
0.27724459767341614,1
0.403830885887146,1
0.28651589155197144,1
0.37822961807250977,1
0.4087146818637848,1
0.4320659637451172,1
0.3552975356578827,1
0.34082427620887756,1
0.3065545856952667,1
0.4020695686340332,1
0.33173543214797974,1
0.3363913595676422,1
0.3853556215763092,1
0.25035929679870605,1
0.4026005268096924,1
0.31832554936408997,1
0.34744298458099365,1
0.30917176604270935,1
0.35657837986946106,1
0.30605313181877136,1
0.24159777164459229,1
0.2988824248313904,1
0.3213009834289551,1
0.35782861709594727,1
0.28835421800613403,1
0.3233843743801117,1
0.4525638520717621,1
0.42817842960357666,1
0.3232412338256836,1
0.2786092758178711,1
0.41371485590934753,1
0.3673958480358124,1
0.25909489393234253,1
0.3514610826969147,1
0.32510045170783997,1
0.433549165725708,1
0.4243018329143524,1
0.32121777534484863,1
0.430635541677475,1
0.4862205386161804,1
0.33971989154815674,1
0.32130590081214905,1
0.33697009086608887,1
0.3882139325141907,1
0.2744460105895996,1
0.34950709342956543,1
0.43639206886291504,1
0.3333004415035248,1
0.3834620714187622,1
0.36018961668014526,1
0.4308687150478363,1
0.3519953191280365,1
0.3481634855270386,1
0.31269800662994385,1
0.5213316679000854,1
0.34324580430984497,1
0.3222333490848541,1
0.39765071868896484,1
0.4198642671108246,1
0.41022804379463196,1
0.39042311906814575,1
0.28614914417266846,1
0.3850973844528198,1
0.42392104864120483,1
0.34468990564346313,1
0.2802805006504059,1
0.40203753113746643,1
0.2751203775405884,1
0.4107896089553833,1
0.33945003151893616,1
0.35391557216644287,1
0.43872949481010437,1
0.3363870680332184,1
0.3420484662055969,1
0.3841034471988678,1
0.4410620629787445,1
0.31557586789131165,1
0.4691619277000427,1
0.34056591987609863,1
0.34848278760910034,1
0.3132709860801697,1
0.36750805377960205,1
0.3223744034767151,1
0.3973768949508667,1
0.345289945602417,1
0.4150652289390564,1
0.2605976462364197,1
0.33006441593170166,1
0.415044903755188,1
0.3584206998348236,1
0.27545365691185,1
0.25326481461524963,1
0.41492873430252075,1
0.34350550174713135,1
0.383284330368042,1
0.3086341321468353,1
0.37546616792678833,1
0.430250883102417,1
0.23098061978816986,1
0.3311333954334259,1
0.4708383083343506,1
0.3524126708507538,1
0.3793836236000061,1
0.3925611972808838,1
0.29574865102767944,1
0.4343113303184509,1
0.37221643328666687,1
0.3447688817977905,1
0.38831984996795654,1
0.37546366453170776,1
0.3551402986049652,1
0.5270245671272278,1
0.3501121401786804,1
0.4071306586265564,1
0.31875935196876526,1
0.35433295369148254,1
0.4180331230163574,1
0.38496214151382446,1
0.3454047441482544,1
0.327046275138855,1
0.40984269976615906,1
0.4088129997253418,1
0.32107383012771606,1
0.3671529293060303,1
0.44315966963768005,1
0.35133907198905945,1
0.31767773628234863,1
0.2712203562259674,1
0.28229692578315735,1
0.2804305851459503,1
0.38268500566482544,1
0.26577603816986084,1
0.2978367209434509,1
0.3840007781982422,1
0.30899304151535034,1
0.3587033748626709,1
0.41367965936660767,1
0.3713529109954834,1
0.33322378993034363,1
0.30538949370384216,1
0.35057729482650757,1
0.4216643273830414,1
0.3802047073841095,1
0.23535408079624176,1
0.37635624408721924,1
0.3278086185455322,1
0.34982824325561523,1
0.32742905616760254,1
0.3784320652484894,1
0.41002094745635986,1
0.2767731547355652,1
0.4016231298446655,1
0.4327146112918854,1
0.25708675384521484,1
0.36043980717658997,1
0.3494212031364441,1
0.3341435194015503,1
0.4401331841945648,1
0.2845560312271118,1
0.36903244256973267,1
0.3782999813556671,1
0.42199939489364624,1
0.47446876764297485,1
0.4214169681072235,1
0.3982427716255188,1
0.29284316301345825,1
0.3472074866294861,1
0.3306751251220703,1
0.35588330030441284,1
0.31205588579177856,1
0.24870672821998596,1
0.3431151807308197,1
0.41334274411201477,1
0.29885292053222656,1
0.37811845541000366,1
0.3546081483364105,1
0.3520905077457428,1
0.37838566303253174,1
0.3686530888080597,1
0.31823617219924927,1
0.2333751916885376,1
0.3711996376514435,1
0.35059696435928345,1
0.44627052545547485,1
0.32561609148979187,1
0.36111947894096375,1
0.386344850063324,1
0.45917558670043945,1
0.4211967885494232,1
0.2844347059726715,1
0.23865002393722534,1
0.3986707329750061,1
0.4070861339569092,1
0.49658721685409546,1
0.4016428589820862,1
0.3255787491798401,1
0.4645630717277527,1
0.32383009791374207,1
0.32145094871520996,1
0.3947104811668396,1
0.41869670152664185,1
0.36695727705955505,1
0.4094802141189575,1
0.3380157947540283,1
0.35965466499328613,1
0.4207291603088379,1
0.3337966501712799,1
0.3713192343711853,1
0.3611113429069519,1
0.36785924434661865,1
0.37119215726852417,1
0.44400256872177124,1
0.27532505989074707,1
0.36623451113700867,1
0.39370661973953247,1
0.2688237428665161,1
0.34310388565063477,1
0.2807348668575287,1
0.4181126356124878,1
0.35031938552856445,1
0.3033789098262787,1
0.3956853449344635,1
0.29415589570999146,1
0.43428927659988403,1
0.33503279089927673,1
0.39638081192970276,1
0.41734859347343445,1
0.39555981755256653,1
0.3106737732887268,1
0.32994943857192993,1
0.35942429304122925,1
0.4878886044025421,1
0.26636743545532227,1
0.3231427073478699,1
0.39710915088653564,1
0.3749086856842041,1
0.3371916115283966,1
0.42683646082878113,1
0.37936103343963623,1
0.33296000957489014,1
0.3552737236022949,1
0.35865235328674316,1
0.37761691212654114,1
0.4325334429740906,1
0.3347262740135193,1
0.29384398460388184,1
0.4714199900627136,1
0.27537187933921814,1
0.33929258584976196,1
0.40030360221862793,1
0.2418750673532486,1
0.3219031095504761,1
0.3412364423274994,1
0.2982640564441681,1
0.33016419410705566,1
0.3409329056739807,1
0.27602618932724,1
0.3444763422012329,1
0.3862321972846985,1
0.3138889670372009,1
0.38474828004837036,1
0.42673754692077637,1
0.29313331842422485,1
0.271727055311203,1
0.3794325292110443,1
0.3784700036048889,1
0.2838863432407379,1
0.36764687299728394,1
0.3605683445930481,1
0.3544824719429016,1
0.3978891670703888,1
0.24464118480682373,1
0.4594907760620117,1
0.31113001704216003,1
0.40885335206985474,1
0.2867509126663208,1
0.45281314849853516,1
0.40210169553756714,1
0.32995885610580444,1
0.30483630299568176,1
0.4273870885372162,1
0.39737701416015625,1
0.39732030034065247,1
0.3911980986595154,1
0.402773916721344,1
0.3859643340110779,1
0.4630463719367981,1
0.32264021039009094,1
0.37290725111961365,1
0.3827073574066162,1
0.29471808671951294,1
0.2682679295539856,1
0.3424656391143799,1
0.37570488452911377,1
0.32309719920158386,1
0.34078025817871094,1
0.3006342053413391,1
0.2777699828147888,1
0.2866397202014923,1
0.3344009220600128,1
0.3801056742668152,1
0.38073498010635376,1
0.4575611352920532,1
0.2763544023036957,1
0.38063398003578186,1
0.46338069438934326,1
0.43185922503471375,1
0.4125780761241913,1
0.44155657291412354,1
0.4013006389141083,1
0.3299247622489929,1
0.449285089969635,1
0.3406751751899719,1
0.3845694959163666,1
0.23448753356933594,1
0.24297648668289185,1
0.4008439779281616,1
0.33021682500839233,1
0.23810821771621704,1
0.42353689670562744,1
0.32398471236228943,1
0.34112563729286194,1
0.4036670923233032,1
0.3162975311279297,1
0.368660032749176,1
0.28580746054649353,1
0.3804515600204468,1
0.35521575808525085,1
0.42037421464920044,1
0.3554227948188782,1
0.29557305574417114,1
0.5572571754455566,1
0.3501827120780945,1
0.30820733308792114,1
0.34706801176071167,1
0.36485251784324646,1
0.34756454825401306,1
0.3509151339530945,1
0.3620145320892334,1
0.3794510066509247,1
0.4235702157020569,1
0.2538374066352844,1
0.3487652540206909,1
0.31997060775756836,1
0.30616295337677,1
0.3292090594768524,1
0.46292299032211304,1
0.37890398502349854,1
0.2751684784889221,1
0.3482309579849243,1
0.30629077553749084,1
0.4467242658138275,1
0.253277063369751,1
0.3885444402694702,1
0.3193903863430023,1
0.30453893542289734,1
0.3155744671821594,1
0.340520977973938,1
0.32837367057800293,1
0.3196945786476135,1
0.3587881624698639,1
0.409437894821167,1
0.4246833622455597,1
0.4331251382827759,1
0.35195863246917725,1
0.26721787452697754,1
0.3082326054573059,1
0.3833168148994446,1
0.3993307948112488,1
0.4653646647930145,1
0.41113436222076416,1
0.37268000841140747,1
0.38680875301361084,1
0.4404134750366211,1
0.4549068212509155,1
0.3301085829734802,1
0.36527374386787415,1
0.46385228633880615,1
0.3842042088508606,1
0.35633599758148193,1
0.3199825584888458,1
0.3874116837978363,1
0.39110657572746277,1
0.3932778239250183,1
0.3474908471107483,1
0.44031697511672974,1
0.34545019268989563,1
0.46053004264831543,1
0.3423411250114441,1
0.32097896933555603,1
0.2902965247631073,1
0.3860469162464142,1
0.3973587453365326,1
0.3397880792617798,1
0.4010201096534729,1
0.364425390958786,1
0.37896353006362915,1
0.36327892541885376,1
0.3398538827896118,1
0.2751729488372803,1
0.30953919887542725,1
0.37694627046585083,1
0.3095451593399048,1
0.46963071823120117,1
0.35184749960899353,1
0.33182287216186523,1
0.39040708541870117,1
0.24762874841690063,1
0.34482550621032715,1
0.38782963156700134,1
0.26502126455307007,1
0.39244937896728516,1
0.3931155502796173,1
0.29614460468292236,1
0.4478300213813782,1
0.3872779607772827,1
0.3603444993495941,1
0.33565351366996765,1
0.35933566093444824,1
0.3333054780960083,1
0.48211658000946045,1
0.2928060293197632,1
0.23243221640586853,1
0.39169079065322876,1
0.3085482120513916,1
0.3465041220188141,1
0.27302515506744385,1
0.3023975193500519,1
0.3053995370864868,1
0.2724419832229614,1
0.4234774112701416,1
0.32658350467681885,1
0.47332602739334106,1
0.3715662658214569,1
0.2848929166793823,1
0.37351977825164795,1
0.3979817032814026,1
0.24781231582164764,1
0.3197697401046753,1
0.2743641436100006,1
0.3481185734272003,1
0.44775307178497314,1
0.3621038794517517,1
0.3828052282333374,1
0.38429784774780273,1
0.3654780089855194,1
0.3791901469230652,1
0.3789231479167938,1
0.3428294360637665,1
0.47718656063079834,1
0.2440643012523651,1
0.36170732975006104,1
0.2402603030204773,1
0.3593224883079529,1
0.30017518997192383,1
0.32421422004699707,1
0.33937573432922363,1
0.38255542516708374,1
0.36376041173934937,1
0.3106822371482849,1
0.39034852385520935,1
0.3294571340084076,1
0.34210047125816345,1
0.34603065252304077,1
0.3411102890968323,1
0.2859872877597809,1
0.4697284698486328,1
0.4403499662876129,1
0.26708194613456726,1
0.4068349301815033,1
0.4666336476802826,1
0.40151381492614746,1
0.3506574034690857,1
0.3056470453739166,1
0.30031928420066833,1
0.29850518703460693,1
0.30165040493011475,1
0.2552417814731598,1
0.2858061194419861,1
0.35087093710899353,1
0.3531869649887085,1
0.26661062240600586,1
0.34386059641838074,1
0.30477702617645264,1
0.3727075457572937,1
0.4278813600540161,1
0.28545519709587097,1
0.4480185806751251,1
0.3626782298088074,1
0.2619107663631439,1
0.5038697719573975,1
0.46034103631973267,1
0.33942824602127075,1
0.43703603744506836,1
0.3092276453971863,1
0.3615349233150482,1
0.33445996046066284,1
0.3693303167819977,1
0.3887064754962921,1
0.30480441451072693,1
0.26899826526641846,1
0.3744546175003052,1
0.37002235651016235,1
0.3281797766685486,1
0.3391064405441284,1
0.500603437423706,1
0.2774088680744171,1
0.38453370332717896,1
0.4197504222393036,1
0.3228069245815277,1
0.3856799602508545,1
0.33715006709098816,1
0.288565993309021,1
0.4093954563140869,1
0.38843223452568054,1
0.3426666855812073,1
0.296240895986557,1
0.36510977149009705,1
0.3867553472518921,1
0.44948405027389526,1
0.32866668701171875,1
0.36961647868156433,1
0.41998857259750366,1
0.28724515438079834,1
0.43029144406318665,1
0.373859703540802,1
0.35357940196990967,1
0.2895505428314209,1
0.3479612469673157,1
0.4675130248069763,1
0.32187533378601074,1
0.3914467692375183,1
0.29486149549484253,1
0.35110121965408325,1
0.3602711260318756,1
0.3300740718841553,1
0.2915589213371277,1
0.46375399827957153,1
0.28890615701675415,1
0.39861318469047546,1
0.38034379482269287,1
0.43260011076927185,1
0.3291792869567871,1
0.2624953091144562,1
0.3817025423049927,1
0.26505449414253235,1
0.5554430484771729,1
0.42301779985427856,1
0.30444663763046265,1
0.23193562030792236,1
0.3068617582321167,1
0.4467366337776184,1
0.4031507968902588,1
0.3999095559120178,1
0.3688134551048279,1
0.34353211522102356,1
0.2637774646282196,1
0.29849058389663696,1
0.4564092755317688,1
0.39316830039024353,1
0.4474852979183197,1
0.2435666173696518,1
0.30579572916030884,1
0.28434112668037415,1
0.33935660123825073,1
0.359266996383667,1
0.3634251654148102,1
0.4262550175189972,1
0.3967204988002777,1
0.3558090627193451,1
0.3180719017982483,1
0.3709145188331604,1
0.23653222620487213,1
0.33069419860839844,1
0.461728036403656,1
0.41146278381347656,1
0.3089696168899536,1
0.2639864385128021,1
0.32542428374290466,1
0.45278018712997437,1
0.35066118836402893,1
0.34504809975624084,1
0.37256956100463867,1
0.3426781892776489,1
0.4661824107170105,1
0.2901453673839569,1
0.4776560366153717,1
0.35293883085250854,1
0.3238879442214966,1
0.3513467311859131,1
0.16668066382408142,1
0.3512648344039917,1
0.30557307600975037,1
0.32503724098205566,1
0.31154829263687134,1
0.3901899456977844,1
0.434882253408432,1
0.3178297281265259,1
0.2352960705757141,1
0.3360567092895508,1
0.37029194831848145,1
0.2737751007080078,1
0.292378306388855,1
0.34395554661750793,1
0.2517378032207489,1
0.343295693397522,1
0.38942956924438477,1
0.4350014626979828,1
0.3976421356201172,1
0.5078538656234741,1
0.33074212074279785,1
0.2945690155029297,1
0.3690205216407776,1
0.29200664162635803,1
0.3936951458454132,1
0.3708784282207489,1
0.5744103193283081,1
0.2942713499069214,1
0.40692347288131714,1
0.4036877155303955,1
0.3733113408088684,1
0.3677363991737366,1
0.4100211560726166,1
0.2702234983444214,1
0.3655337691307068,1
0.3312290906906128,1
0.401671826839447,1
0.36155736446380615,1
0.45374250411987305,1
0.3566855788230896,1
0.49415504932403564,1
0.30186933279037476,1
0.36230871081352234,1
0.23480556905269623,1
0.3415256440639496,1
0.3940039873123169,1
0.3539045453071594,1
0.2917866110801697,1
0.40461283922195435,1
0.37319546937942505,1
0.3225662410259247,1
0.4405316710472107,1
0.44555389881134033,1
0.3769286274909973,1
0.30350109934806824,1
0.23465369641780853,1
0.4232553243637085,1
0.35064661502838135,1
0.34883642196655273,1
0.3480443060398102,1
0.4142947793006897,1
0.35993608832359314,1
0.41918671131134033,1
0.26137518882751465,1
0.37657761573791504,1
0.28573399782180786,1
0.3065688908100128,1
0.24517902731895447,1
0.2953227758407593,1
0.3214550018310547,1
0.4419097304344177,1
0.27769970893859863,1
0.5003716945648193,1
0.35361582040786743,1
0.33499833941459656,1
0.4372531771659851,1
0.3268788754940033,1
0.36327189207077026,1
0.28551197052001953,1
0.5185688734054565,1
0.4117405116558075,1
0.4154055416584015,1
0.3434745669364929,1
0.44681495428085327,1
0.31858694553375244,1
0.29633527994155884,1
0.33208170533180237,1
0.284304141998291,1
0.34838807582855225,1
0.35418248176574707,1
0.3841773271560669,1
0.3728356957435608,1
0.4678548574447632,1
0.2915034890174866,1
0.3400251865386963,1
0.41173702478408813,1
0.37222984433174133,1
0.358440101146698,1
0.3992765247821808,1
0.3283412456512451,1
0.22152334451675415,1
0.40213221311569214,1
0.35415583848953247,1
0.36611634492874146,1
0.3350766897201538,1
0.3065098226070404,1
0.3575494885444641,1
0.37612438201904297,1
0.389330118894577,1
0.335266649723053,1
0.3983526825904846,1
0.31383273005485535,1
0.3412708640098572,1
0.46055692434310913,1
0.3733145594596863,1
0.3183155059814453,1
0.5259637832641602,1
0.37976786494255066,1
0.34500008821487427,1
0.2927340269088745,1
0.36112159490585327,1
0.35720276832580566,1
0.3315281271934509,1
0.4212941825389862,1
0.43613460659980774,1
0.49363142251968384,1
0.2534612715244293,1
0.3988823890686035,1
0.4319375455379486,1
0.4065054655075073,1
0.291503369808197,1
0.3232983648777008,1
0.4118160605430603,1
0.27075812220573425,1
0.4084473252296448,1
0.3456554412841797,1
0.48507049679756165,1
0.353331983089447,1
0.30416667461395264,1
0.4635290801525116,1
0.3357563018798828,1
0.364673376083374,1
0.4400101900100708,1
0.27211129665374756,1
0.3805617690086365,1
0.3321644365787506,1
0.32810521125793457,1
0.5279542207717896,1
0.42538517713546753,1
0.38048070669174194,1
0.33826589584350586,1
0.29936647415161133,1
0.41813498735427856,1
0.34556159377098083,1
0.35189223289489746,1
0.44161170721054077,1
0.40137144923210144,1
0.3694160580635071,1
0.2988714575767517,1
0.3217190206050873,1
0.4137152433395386,1
0.3014073967933655,1
0.30801641941070557,1
0.4658522605895996,1
0.35435178875923157,1
0.30830952525138855,1
0.3752291798591614,1
0.30774611234664917,1
0.3648441731929779,1
0.34353765845298767,1
0.41667646169662476,1
0.32022225856781006,1
0.3741663694381714,1
0.359602689743042,1
0.3149128556251526,1
0.4064135253429413,1
0.33120810985565186,1
0.31985607743263245,1
0.3444880545139313,1
0.3754425346851349,1
0.4244455397129059,1
0.32269373536109924,1
0.36981794238090515,1
0.31235453486442566,1
0.4480186700820923,1
0.35595086216926575,1
0.3837428689002991,1
0.29993873834609985,1
0.4095182418823242,1
0.5223257541656494,1
0.3513702154159546,1
0.4500318765640259,1
0.3289162516593933,1
0.4678483307361603,1
0.33962777256965637,1
0.410404235124588,1
0.3804720342159271,1
0.33593952655792236,1
0.43518492579460144,1
0.2990685701370239,1
0.36352699995040894,1
0.30875879526138306,1
0.3124891519546509,1
0.3151043653488159,1
0.40716877579689026,1
0.4465695917606354,1
0.2770233154296875,1
0.4176611006259918,1
0.3835577964782715,1
0.3815505802631378,1
0.41073527932167053,1
0.35369282960891724,1
0.34006744623184204,1
0.31806981563568115,1
0.4316805601119995,1
0.4562946856021881,1
0.3487604260444641,1
0.3806494474411011,1
0.5019993782043457,1
0.41246819496154785,1
0.2558540105819702,1
0.44091472029685974,1
0.3609718084335327,1
0.3042331337928772,1
0.30600506067276,1
0.36986950039863586,1
0.3662092089653015,1
0.4542103707790375,1
0.5016665458679199,1
0.3596852123737335,1
0.3610677421092987,1
0.3717871904373169,1
0.3677496612071991,1
0.34231746196746826,1
0.368649959564209,1
0.4774172306060791,1
0.38400667905807495,1
0.4306787848472595,1
0.2748080790042877,1
0.3118273615837097,1
0.4861108064651489,1
0.35966405272483826,1
0.39281630516052246,1
0.29455703496932983,1
0.4063882529735565,1
0.43344563245773315,1
0.36254578828811646,1
0.2826128900051117,1
0.25735288858413696,1
0.4541945457458496,1
0.33797064423561096,1
0.38080236315727234,1
0.32930684089660645,1
0.36392679810523987,1
0.4179200828075409,1
0.4078507423400879,1
0.37496668100357056,1
0.27772846817970276,1
0.3485502600669861,1
0.34734103083610535,1
0.3237646520137787,1
0.41284799575805664,1
0.2410803586244583,1
0.5309238433837891,1
0.4048260748386383,1
0.38651418685913086,1
0.2846795916557312,1
0.2921755313873291,1
0.3455912172794342,1
0.5551060438156128,1
0.4695437252521515,1
0.2272605299949646,1
0.43883395195007324,1
0.32757696509361267,1
0.3077184557914734,1
0.44728225469589233,1
0.4197792410850525,1
0.3243780732154846,1
0.3250877857208252,1
0.2677077651023865,1
0.31004440784454346,1
0.28893280029296875,1
0.32353007793426514,1
0.35852405428886414,1
0.3392535150051117,1
0.44227761030197144,1
0.4173854887485504,1
0.4658604860305786,1
0.3076309561729431,1
0.3153616189956665,1
0.39492547512054443,1
0.35636669397354126,1
0.3899584710597992,1
0.33699026703834534,1
0.36850547790527344,1
0.3795230984687805,1
0.43316715955734253,1
0.4789518415927887,1
0.4190334379673004,1
0.37461531162261963,1
0.37737149000167847,1
0.32316136360168457,1
0.47882145643234253,1
0.34529775381088257,1
0.26202264428138733,1
0.3862402141094208,1
0.27861931920051575,1
0.2819935083389282,1
0.2781720757484436,1
0.32118847966194153,1
0.26883596181869507,1
0.4713294506072998,1
0.4066043496131897,1
0.2770191729068756,1
0.33395326137542725,1
0.3714120388031006,1
0.36779069900512695,1
0.25341111421585083,1
0.33940014243125916,1
0.34328222274780273,1
0.4387190341949463,1
0.31509554386138916,1
0.3273458778858185,1
0.4213283658027649,1
0.26014766097068787,1
0.3639203906059265,1
0.3578246235847473,1
0.324004590511322,1
0.38278138637542725,1
0.29158586263656616,1
0.4164843261241913,1
0.38945552706718445,1
0.467491090297699,1
0.26523077487945557,1
0.3873918652534485,1
0.43628668785095215,1
0.36303427815437317,1
0.47733306884765625,1
0.4100758135318756,1
0.394673615694046,1
0.3392392098903656,1
0.26342806220054626,1
0.27557411789894104,1
0.2954375147819519,1
0.29107433557510376,1
0.4044085741043091,1
0.3329457640647888,1
0.42327842116355896,1
0.46925902366638184,1
0.4180428981781006,1
0.4922980070114136,1
0.3218969404697418,1
0.2759748697280884,1
0.4304463267326355,1
0.5735185742378235,1
0.37870118021965027,1
0.3185366690158844,1
0.44049471616744995,1
0.3373638987541199,1
0.3273480236530304,1
0.416049063205719,1
0.44364601373672485,1
0.30413269996643066,1
0.36998164653778076,1
0.2634084224700928,1
0.2661721706390381,1
0.30807819962501526,1
0.27360936999320984,1
0.39395684003829956,1
0.3548373579978943,1
0.3173319101333618,1
0.35895195603370667,1
0.41844433546066284,1
0.3772055506706238,1
0.38282614946365356,1
0.26051682233810425,1
0.4633328914642334,1
0.49078816175460815,1
0.43510666489601135,1
0.39878231287002563,1
0.46661877632141113,1
0.4300350546836853,1
0.4987994134426117,1
0.482928603887558,1
0.39511168003082275,1
0.3802216947078705,1
0.49094298481941223,1
0.3127805292606354,1
0.31494903564453125,1
0.5528213977813721,1
0.27873343229293823,1
0.36028507351875305,1
0.3061542809009552,1
0.41876843571662903,1
0.3859661817550659,1
0.4176146388053894,1
0.3665424585342407,1
0.3193034529685974,1
0.28976863622665405,1
0.34897151589393616,1
0.40313634276390076,1
0.4296640157699585,1
0.30979639291763306,1
0.32025963068008423,1
0.24612724781036377,1
0.31360331177711487,1
0.38782593607902527,1
0.3614075779914856,1
0.35103923082351685,1
0.41038569808006287,1
0.468217670917511,1
0.2929971218109131,1
0.4000430107116699,1
0.35374152660369873,1
0.5240510106086731,1
0.3193355202674866,1
0.29521676898002625,1
0.3344113826751709,1
0.37472182512283325,1
0.5132793188095093,1
0.37256938219070435,1
0.4325527846813202,1
0.31154245138168335,1
0.3583765923976898,1
0.43015986680984497,1
0.33875733613967896,1
0.3256397843360901,1
0.3396410346031189,1
0.3896227478981018,1
0.3544965386390686,1
0.3494793772697449,1
0.32671481370925903,1
0.28689834475517273,1
0.3955274820327759,1
0.3735046684741974,1
0.27667000889778137,1
0.3692184388637543,1
0.39020034670829773,1
0.44285863637924194,1
0.34876272082328796,1
0.3219953775405884,1
0.2766978442668915,1
0.32043325901031494,1
0.3300825357437134,1
0.4126308262348175,1
0.30725401639938354,1
0.3456002473831177,1
0.45698216557502747,1
0.2829185128211975,1
0.3420969843864441,1
0.3399856984615326,1
0.4246309995651245,1
0.2738611102104187,1
0.3988357186317444,1
0.3799780607223511,1
0.3624955415725708,1
0.441444993019104,1
0.3950072228908539,1
0.2742721736431122,1
0.3811202943325043,1
0.4549042582511902,1
0.506726086139679,1
0.3333192467689514,1
0.21178655326366425,1
0.37868744134902954,1
0.4491405487060547,1
0.313204824924469,1
0.40679365396499634,1
0.35217615962028503,1
0.3456643521785736,1
0.34182310104370117,1
0.26800650358200073,1
0.32406818866729736,1
0.30800575017929077,1
0.38335102796554565,1
0.4178292453289032,1
0.3802123963832855,1
0.3868374526500702,1
0.2803608775138855,1
0.3650479316711426,1
0.35455742478370667,1
0.44402003288269043,1
0.4977492094039917,1
0.4054196774959564,1
0.2708318829536438,1
0.27055034041404724,1
0.29804813861846924,1
0.32149961590766907,1
0.38399484753608704,1
0.3588045835494995,1
0.2860491871833801,1
0.3052016496658325,1
0.39456915855407715,1
0.41907572746276855,1
0.2843148708343506,1
0.32934480905532837,1
0.3542362153530121,1
0.3045973777770996,1
0.31066715717315674,1
0.2989521622657776,1
0.3538280427455902,1
0.398557186126709,1
0.40349721908569336,1
0.2920016944408417,1
0.33184555172920227,1
0.3776707649230957,1
0.4696797728538513,1
0.38669273257255554,1
0.3997608721256256,1
0.31267377734184265,1
0.32570722699165344,1
0.3198023736476898,1
0.2394421547651291,1
0.25747525691986084,1
0.3718644380569458,1
0.3666662871837616,1
0.2986009120941162,1
0.28895294666290283,1
0.358045756816864,1
0.34507372975349426,1
0.3671659529209137,1
0.3759803771972656,1
0.26741355657577515,1
0.2915351986885071,1
0.4215956926345825,1
0.28530991077423096,1
0.3677064776420593,1
0.3002195656299591,1
0.333018958568573,1
0.3531724214553833,1
0.372173547744751,1
0.3699460029602051,1
0.2801646888256073,1
0.31725722551345825,1
0.3644358217716217,1
0.3461202085018158,1
0.3366023898124695,1
0.3970191478729248,1
0.3182448744773865,1
0.3207016587257385,1
0.46992549300193787,1
0.44945934414863586,1
0.33758923411369324,1
0.3324241638183594,1
0.298336386680603,1
0.34111303091049194,1
0.35678139328956604,1
0.3765176236629486,1
0.3118627667427063,1
0.3539426326751709,1
0.30421555042266846,1
0.33242741227149963,1
0.28306734561920166,1
0.3859233856201172,1
0.47694340348243713,1
0.3254632353782654,1
0.3838525414466858,1
0.4062192738056183,1
0.29597043991088867,1
0.35206931829452515,1
0.40139251947402954,1
0.2500308156013489,1
0.3524470925331116,1
0.34198907017707825,1
0.31045621633529663,1
0.3418971300125122,1
0.4063940644264221,1
0.35571014881134033,1
0.3388144373893738,1
0.46070224046707153,1
0.4785173535346985,1
0.3291850984096527,1
0.4364926517009735,1
0.2639898657798767,1
0.36256730556488037,1
0.41699090600013733,1
0.3959704041481018,1
0.36965808272361755,1
0.3268311023712158,1
0.3428627848625183,1
0.3689505457878113,1
0.47776567935943604,1
0.38272666931152344,1
0.2761796712875366,1
0.36663198471069336,1
0.211724653840065,1
0.32380300760269165,1
0.367880642414093,1
0.3185064494609833,1
0.39292097091674805,1
0.39576834440231323,1
0.4135883152484894,1
0.2988622784614563,1
0.4908144176006317,1
0.3623845875263214,1
0.34771528840065,1
0.30955368280410767,1
0.4073491096496582,1
0.34522488713264465,1
0.35711079835891724,1
0.2677696943283081,1
0.3794580101966858,1
0.3705775737762451,1
0.4761973023414612,1
0.4533367156982422,1
0.3890211582183838,1
0.30764803290367126,1
0.3683103322982788,1
0.42038077116012573,1
0.39531391859054565,1
0.2931978106498718,1
0.36863619089126587,1
0.3835662007331848,1
0.4086989164352417,1
0.3024459183216095,1
0.3341366946697235,1
0.3559473752975464,1
0.4162810444831848,1
0.38827693462371826,1
0.4200795888900757,1
0.310496062040329,1
0.36034664511680603,1
0.31069374084472656,1
0.2993208169937134,1
0.3804172873497009,1
0.3211424648761749,1
0.28842446208000183,1
0.3168620467185974,1
0.30992764234542847,1
0.34314191341400146,1
0.39405888319015503,1
0.3081173300743103,1
0.45410871505737305,1
0.4877876937389374,1
0.3980989456176758,1
0.4217003285884857,1
0.3536149263381958,1
0.3534863293170929,1
0.4287271499633789,1
0.38567471504211426,1
0.42469000816345215,1
0.28525131940841675,1
0.3394940495491028,1
0.42202454805374146,1
0.40005338191986084,1
0.4195208251476288,1
0.3258063495159149,1
0.31497034430503845,1
0.42550045251846313,1
0.4424983263015747,1
0.30720311403274536,1
0.40152332186698914,1
0.3052941858768463,1
0.3746441900730133,1
0.3465164303779602,1
0.4391706585884094,1
0.25449639558792114,1
0.3841284215450287,1
0.3827025294303894,1
0.34012648463249207,1
0.3222147822380066,1
0.34403765201568604,1
0.40376612544059753,1
0.38218986988067627,1
0.2948177456855774,1
0.40224623680114746,1
0.4413459897041321,1
0.3842540681362152,1
0.2687773108482361,1
0.3219565749168396,1
0.37168657779693604,1
0.30513444542884827,1
0.29054588079452515,1
0.3735291659832001,1
0.2744337320327759,1
0.4012333154678345,1
0.46873974800109863,1
0.4743650555610657,1
0.36777815222740173,1
0.4173780083656311,1
0.3627311587333679,1
0.4046630859375,1
0.2887928783893585,1
0.43513455986976624,1
0.30424684286117554,1
0.3690544366836548,1
0.29363882541656494,1
0.26630210876464844,1
0.38952702283859253,1
0.5388703942298889,1
0.4158167839050293,1
0.27500060200691223,1
0.388893187046051,1
0.39270222187042236,1
0.45028504729270935,1
0.29590919613838196,1
0.5179934501647949,1
0.32672834396362305,1
0.41047757863998413,1
0.4128671884536743,1
0.39045724272727966,1
0.3736983835697174,1
0.4256601333618164,1
0.37418487668037415,1
0.3579154908657074,1
0.439263254404068,1
0.3824465274810791,1
0.30701521039009094,1
0.33260372281074524,1
0.3193477392196655,1
0.32454121112823486,1
0.342185914516449,1
0.35833168029785156,1
0.3797670304775238,1
0.3402940630912781,1
0.3220211863517761,1
0.38676777482032776,1
0.33474308252334595,1
0.47713565826416016,1
0.24523048102855682,1
0.27000224590301514,1
0.42868709564208984,1
0.4049862027168274,1
0.34092116355895996,1
0.2828638553619385,1
0.36686182022094727,1
0.3640148341655731,1
0.38208457827568054,1
0.3274136781692505,1
0.3871553838253021,1
0.3575487434864044,1
0.4088837206363678,1
0.337589293718338,1
0.3635367155075073,1
0.38199055194854736,1
0.416547566652298,1
0.38035064935684204,1
0.5162824988365173,1
0.3880557715892792,1
0.306695818901062,1
0.4628632962703705,1
0.34196901321411133,1
0.24590830504894257,1
0.40062153339385986,1
0.2726649045944214,1
0.2946678102016449,1
0.3023369610309601,1
0.40629756450653076,1
0.27498674392700195,1
0.21286390721797943,1
0.38918206095695496,1
0.3474193513393402,1
0.48486191034317017,1
0.33192577958106995,1
0.3657749891281128,1
0.4641730487346649,1
0.39441508054733276,1
0.4269745647907257,1
0.45662397146224976,1
0.4538915753364563,1
0.42858460545539856,1
0.4247649610042572,1
0.3589963912963867,1
0.41562527418136597,1
0.5010989308357239,1
0.40226149559020996,1
0.4313328266143799,1
0.434966504573822,1
0.39058852195739746,1
0.4267560839653015,1
0.33028823137283325,1
0.37366431951522827,1
0.3800660967826843,1
0.33273547887802124,1
0.3798593282699585,1
0.3768938481807709,1
0.3337762951850891,1
0.38418713212013245,1
0.3127538561820984,1
0.372435986995697,1
0.34983617067337036,1
0.32203254103660583,1
0.29911312460899353,1
0.35773617029190063,1
0.41045987606048584,1
0.24935707449913025,1
0.36799824237823486,1
0.41128358244895935,1
0.4297415316104889,1
0.27728569507598877,1
0.37740033864974976,1
0.3626595735549927,1
0.2795523703098297,1
0.3708096146583557,1
0.27797335386276245,1
0.3343507647514343,1
0.44876235723495483,1
0.4826198220252991,1
0.3788744807243347,1
0.2794320285320282,1
0.34446340799331665,1
0.35537952184677124,1
0.31389671564102173,1
0.37100115418434143,1
0.38529640436172485,1
0.3186814785003662,1
0.4405568242073059,1
0.2554813027381897,1
0.44028088450431824,1
0.3142388164997101,1
0.3202460706233978,1
0.3599175214767456,1
0.34583958983421326,1
0.2969803214073181,1
0.4538060426712036,1
0.4021158814430237,1
0.39794424176216125,1
0.47142156958580017,1
0.3802376389503479,1
0.45905622839927673,1
0.3835119903087616,1
0.3910875916481018,1
0.3403124213218689,1
0.34684062004089355,1
0.30159276723861694,1
0.4300619959831238,1
0.32945361733436584,1
0.369682252407074,1
0.33320149779319763,1
0.3095601499080658,1
0.35384708642959595,1
0.46336764097213745,1
0.365850031375885,1
0.34726783633232117,1
0.41031742095947266,1
0.3375507593154907,1
0.31821924448013306,1
0.410372793674469,1
0.36343061923980713,1
0.3325619697570801,1
0.3663029074668884,1
0.3316744565963745,1
0.315322607755661,1
0.3006698489189148,1
0.44673335552215576,1
0.35155636072158813,1
0.33911970257759094,1
0.3961198627948761,1
0.3522431254386902,1
0.39848682284355164,1
0.3422021269798279,1
0.41997092962265015,1
0.4330204725265503,1
0.3345966637134552,1
0.39971163868904114,1
0.3443775475025177,1
0.3917728066444397,1
0.3625190556049347,1
0.376886248588562,1
0.3820342421531677,1
0.30537012219429016,1
0.459747850894928,1
0.36401766538619995,1
0.3968507945537567,1
0.4527982175350189,1
0.32108253240585327,1
0.4002830386161804,1
0.28967875242233276,1
0.37366700172424316,1
0.3418756425380707,1
0.34577053785324097,1
0.48416033387184143,1
0.4110831022262573,1
0.3938848078250885,1
0.3596833348274231,1
0.30872291326522827,1
0.5681313872337341,1
0.42487096786499023,1
0.4191741347312927,1
0.3586265742778778,1
0.32621708512306213,1
0.25620126724243164,1
0.3569047451019287,1
0.32244572043418884,1
0.4135586619377136,1
0.42358970642089844,1
0.4069206118583679,1
0.3479665219783783,1
0.3852810859680176,1
0.30262917280197144,1
0.3092845678329468,1
0.2717582583427429,1
0.40792495012283325,1
0.3593338429927826,1
0.3857148587703705,1
0.42177096009254456,1
0.43344661593437195,1
0.35929346084594727,1
0.47490519285202026,1
0.3745255768299103,1
0.45050543546676636,1
0.4565666615962982,1
0.2959791123867035,1
0.4119543433189392,1
0.37649643421173096,1
0.3198731541633606,1
0.3395795524120331,1
0.4512946903705597,1
0.2523427903652191,1
0.3223041594028473,1
0.3521304726600647,1
0.293442964553833,1
0.5336376428604126,1
0.34519144892692566,1
0.3946342468261719,1
0.37929967045783997,1
0.35852867364883423,1
0.47716397047042847,1
0.339884877204895,1
0.290195107460022,1
0.2909400463104248,1
0.35982319712638855,1
0.477378785610199,1
0.29006800055503845,1
0.34796905517578125,1
0.38113313913345337,1
0.3698134124279022,1
0.42160627245903015,1
0.2670280635356903,1
0.394827663898468,1
0.39621031284332275,1
0.37006938457489014,1
0.31202906370162964,1
0.34530720114707947,1
0.33788442611694336,1
0.33612674474716187,1
0.2916814088821411,1
0.41222018003463745,1
0.40425434708595276,1
0.3391318917274475,1
0.353435218334198,1
0.3144461512565613,1
0.3600364327430725,1
0.2986334264278412,1
0.38029953837394714,1
0.3767339587211609,1
0.28657060861587524,1
0.3467264771461487,1
0.30528712272644043,1
0.4032130241394043,1
0.36081141233444214,1
0.33104488253593445,1
0.469190776348114,1
0.44563406705856323,1
0.3729931712150574,1
0.38930395245552063,1
0.2804366648197174,1
0.333449125289917,1
0.40484604239463806,1
0.36524251103401184,1
0.4156825542449951,1
0.3267393708229065,1
0.24173131585121155,1
0.39040201902389526,1
0.3266986608505249,1
0.3218611180782318,1
0.36025190353393555,1
0.2575756907463074,1
0.39267298579216003,1
0.3857583999633789,1
0.43912628293037415,1
0.3811664879322052,1
0.36432206630706787,1
0.5045861005783081,1
0.263708233833313,1
0.29189333319664,1
0.22658614814281464,1
0.3651341199874878,1
0.3213154077529907,1
0.3909815549850464,1
0.41727331280708313,1
0.285334050655365,1
0.390968918800354,1
0.26124387979507446,1
0.3509003221988678,1
0.31109121441841125,1
0.3640591502189636,1
0.35457032918930054,1
0.37182578444480896,1
0.32144612073898315,1
0.3872334659099579,1
0.41041630506515503,1
0.32904842495918274,1
0.3585275709629059,1
0.42443665862083435,1
0.49371954798698425,1
0.4716634452342987,1
0.3533201515674591,1
0.36578795313835144,1
0.37143346667289734,1
0.39955636858940125,1
0.4142143130302429,1
0.3750849962234497,1
0.3243010938167572,1
0.32252320647239685,1
0.38268807530403137,1
0.3863508999347687,1
0.31140565872192383,1
0.3498751223087311,1
0.3889353573322296,1
0.3829500377178192,1
0.3962482511997223,1
0.39973774552345276,1
0.329434871673584,1
0.35325467586517334,1
0.309214323759079,1
0.3799068033695221,1
0.498661071062088,1
0.36128151416778564,1
0.3829115033149719,1
0.4442110061645508,1
0.2618277370929718,1
0.40950146317481995,1
0.5061061382293701,1
0.34059175848960876,1
0.31509220600128174,1
0.268305242061615,1
0.40121376514434814,1
0.38721004128456116,1
0.43757492303848267,1
0.399947851896286,1
0.3987453281879425,1
0.347488135099411,1
0.41309764981269836,1
0.2915293872356415,1
0.3044940233230591,1
0.40761280059814453,1
0.3236786425113678,1
0.39184924960136414,1
0.3383462429046631,1
0.5749688148498535,1
0.4317755103111267,1
0.3456228971481323,1
0.30100658535957336,1
0.3930886387825012,1
0.36479252576828003,1
0.4204626977443695,1
0.36504966020584106,1
0.36553359031677246,1
0.3105544149875641,1
0.37261563539505005,1
0.3146514892578125,1
0.3819858133792877,1
0.3516375422477722,1
0.292222261428833,1
0.43826723098754883,1
0.34446480870246887,1
0.3389260768890381,1
0.31544458866119385,1
0.3336656987667084,1
0.2881089448928833,1
0.3833911418914795,1
0.36571046710014343,1
0.3716113567352295,1
0.3149549663066864,1
0.391391396522522,1
0.37294870615005493,1
0.4415707290172577,1
0.33844584226608276,1
0.2855384945869446,1
0.334978312253952,1
0.5436699390411377,1
0.3973251283168793,1
0.3718867003917694,1
0.3750305473804474,1
0.3173770606517792,1
0.43775102496147156,1
0.3819494843482971,1
0.37806805968284607,1
0.30026838183403015,1
0.39331215620040894,1
0.3164677619934082,1
0.3718884587287903,1
0.28801971673965454,1
0.27285444736480713,1
0.47296690940856934,1
0.30246788263320923,1
0.3542703092098236,1
0.28893324732780457,1
0.3648289442062378,1
0.3248748183250427,1
0.3382920026779175,1
0.38395795226097107,1
0.3789995014667511,1
0.3940799832344055,1
0.3913726806640625,1
0.2963610589504242,1
0.4279438853263855,1
0.3181399703025818,1
0.3844090700149536,1
0.3735983073711395,1
0.27938541769981384,1
0.3466949462890625,1
0.45732420682907104,1
0.3679907023906708,1
0.3448842465877533,1
0.4117301106452942,1
0.35305601358413696,1
0.5345891714096069,1
0.37699082493782043,1
0.36294060945510864,1
0.3358932435512543,1
0.33894991874694824,1
0.42922237515449524,1
0.3893483877182007,1
0.3655586838722229,1
0.2677948474884033,1
0.29907816648483276,1
0.4563162326812744,1
0.38766664266586304,1
0.2951273024082184,1
0.40624475479125977,1
0.32141274213790894,1
0.41559329628944397,1
0.36999139189720154,1
0.32240670919418335,1
0.26491835713386536,1
0.30143529176712036,1
0.3354202210903168,1
0.29474830627441406,1
0.2897094786167145,1
0.514090895652771,1
0.34020620584487915,1
0.40191495418548584,1
0.3624204397201538,1
0.29067495465278625,1
0.43237167596817017,1
0.336974561214447,1
0.2834275960922241,1
0.3017030656337738,1
0.28454142808914185,1
0.2985418140888214,1
0.2735111713409424,1
0.45050081610679626,1
0.35359492897987366,1
0.26813778281211853,1
0.5322557091712952,1
0.28318965435028076,1
0.3223552107810974,1
0.4918580949306488,1
0.4704798460006714,1
0.31911879777908325,1
0.42787057161331177,1
0.33991676568984985,1
0.3226096034049988,1
0.3090117275714874,1
0.3708953857421875,1
0.31968581676483154,1
0.2669612765312195,1
0.3366153836250305,1
0.34815365076065063,1
0.45058685541152954,1
0.41400134563446045,1
0.35457706451416016,1
0.34855175018310547,1
0.4752066433429718,1
0.4033166468143463,1
0.32341912388801575,1
0.31336790323257446,1
0.39473527669906616,1
0.4317580759525299,1
0.4635838568210602,1
0.34124064445495605,1
0.3712051510810852,1
0.3665875196456909,1
0.38956528902053833,1
0.27283143997192383,1
0.38502204418182373,1
0.41773560643196106,1
0.2526478171348572,1
0.4059988856315613,1
0.33264538645744324,1
0.325663298368454,1
0.4119371473789215,1
0.46128609776496887,1
0.29729709029197693,1
0.4173603057861328,1
0.39666709303855896,1
0.3527814745903015,1
0.325503408908844,1
0.5069242119789124,1
0.4018712043762207,1
0.3493325710296631,1
0.3055264353752136,1
0.308081716299057,1
0.3278147876262665,1
0.3473060727119446,1
0.35033661127090454,1
0.25532275438308716,1
0.3101765513420105,1
0.45093196630477905,1
0.3876922130584717,1
0.3882380723953247,1
0.3330499827861786,1
0.44456928968429565,1
0.3689364194869995,1
0.5136439204216003,1
0.3285274803638458,1
0.387964129447937,1
0.34081727266311646,1
0.4009303152561188,1
0.27689725160598755,1
0.31025436520576477,1
0.4028615653514862,1
0.3022628128528595,1
0.36401960253715515,1
0.34284937381744385,1
0.3640505373477936,1
0.3423381447792053,1
0.5119418501853943,1
0.3395289182662964,1
0.4925997853279114,1
0.4076562523841858,1
0.5206039547920227,1
0.33262965083122253,1
0.3328889310359955,1
0.5541242361068726,1
0.3408272862434387,1
0.37256866693496704,1
0.39439669251441956,1
0.38606783747673035,1
0.34082427620887756,1
0.4544520974159241,1
0.34787169098854065,1
0.4012491703033447,1
0.3263821005821228,1
0.3529355525970459,1
0.31678062677383423,1
0.3187256455421448,1
0.3391473591327667,1
0.38631269335746765,1
0.268207848072052,1
0.33399802446365356,1
0.4608692526817322,1
0.3229096829891205,1
0.3000549077987671,1
0.30764240026474,1
0.381930947303772,1
0.31656837463378906,1
0.3792119324207306,1
0.43373626470565796,1
0.4784736633300781,1
0.2903382182121277,1
0.45567744970321655,1
0.38818952441215515,1
0.4234425127506256,1
0.45592010021209717,1
0.314439594745636,1
0.44326353073120117,1
0.28196510672569275,1
0.35257789492607117,1
0.3469853103160858,1
0.4134468138217926,1
0.40379393100738525,1
0.4021892249584198,1
0.31769949197769165,1
0.455564022064209,1
0.44151875376701355,1
0.4728347361087799,1
0.2903193235397339,1
0.4186905026435852,1
0.3394300937652588,1
0.3216448426246643,1
0.24337612092494965,1
0.4141780138015747,1
0.29836583137512207,1
0.43204939365386963,1
0.3508443832397461,1
0.3319392800331116,1
0.4617099463939667,1
0.3160250782966614,1
0.37052470445632935,1
0.42777490615844727,1
0.3480660915374756,1
0.29962003231048584,1
0.3942790627479553,1
0.32712292671203613,1
0.4663095772266388,1
0.28686147928237915,1
0.2989535629749298,1
0.42959877848625183,1
0.34791576862335205,1
0.3178211450576782,1
0.4562033414840698,1
0.34924426674842834,1
0.3411591351032257,1
0.4106663167476654,1
0.3785553574562073,1
0.3133845329284668,1
0.32880061864852905,1
0.32022133469581604,1
0.4128280282020569,1
0.3240492045879364,1
0.409956693649292,1
0.37050193548202515,1
0.37628990411758423,1
0.3131144642829895,1
0.3968491554260254,1
0.3065785765647888,1
0.26433587074279785,1
0.3604801297187805,1
0.30987483263015747,1
0.36403971910476685,1
0.35586807131767273,1
0.38703739643096924,1
0.3394549489021301,1
0.48288851976394653,1
0.4197826385498047,1
0.38442742824554443,1
0.364473819732666,1
0.3910067677497864,1
0.35050708055496216,1
0.41313809156417847,1
0.3860810697078705,1
0.43437808752059937,1
0.3487957715988159,1
0.41579949855804443,1
0.27392157912254333,1
0.36923032999038696,1
0.3762699067592621,1
0.41073620319366455,1
0.36099159717559814,1
0.4220239222049713,1
0.3921986222267151,1
0.25669533014297485,1
0.35527288913726807,1
0.35078462958335876,1
0.3078874945640564,1
0.28012892603874207,1
0.4240145683288574,1
0.46317827701568604,1
0.3049972951412201,1
0.29492366313934326,1
0.3465418517589569,1
0.37701666355133057,1
0.4117290675640106,1
0.3466764986515045,1
0.3014383316040039,1
0.351001501083374,1
0.27325886487960815,1
0.49586424231529236,1
0.33718186616897583,1
0.37682968378067017,1
0.33751004934310913,1
0.38790494203567505,1
0.36107969284057617,1
0.4217205047607422,1
0.35087350010871887,1
0.4722946584224701,1
0.4390711486339569,1
0.2897496521472931,1
0.37321048974990845,1
0.37994465231895447,1
0.4157278835773468,1
0.38740870356559753,1
0.2809480130672455,1
0.36536967754364014,1
0.5526021718978882,1
0.3409542441368103,1
0.2372227907180786,1
0.3099440038204193,1
0.3192007541656494,1
0.37955689430236816,1
0.35321930050849915,1
0.40357229113578796,1
0.3300727605819702,1
0.2698979377746582,1
0.40948086977005005,1
0.38083669543266296,1
0.29603397846221924,1
0.4193876087665558,1
0.3436117470264435,1
0.3161277770996094,1
0.299360454082489,1
0.3023282587528229,1
0.30175650119781494,1
0.4322689175605774,1
0.4067930579185486,1
0.2845458984375,1
0.34495416283607483,1
0.2539730966091156,1
0.5393774509429932,1
0.34434646368026733,1
0.40763500332832336,1
0.28431686758995056,1
0.3972412645816803,1
0.3167460262775421,1
0.2963327467441559,1
0.2962769865989685,1
0.3993696868419647,1
0.3686996400356293,1
0.31425338983535767,1
0.32246315479278564,1
0.38448402285575867,1
0.3989328444004059,1
0.4298114776611328,1
0.3900602459907532,1
0.3104259669780731,1
0.38592833280563354,1
0.30737748742103577,1
0.33217689394950867,1
0.3785381019115448,1
0.4134408235549927,1
0.30964431166648865,1
0.32664138078689575,1
0.3806319236755371,1
0.4507044553756714,1
0.3268663287162781,1
0.30055496096611023,1
0.4069423973560333,1
0.3898506462574005,1
0.38170579075813293,1
0.3871212303638458,1
0.41141533851623535,1
0.3299039602279663,1
0.38953813910484314,1
0.3621337413787842,1
0.4131588935852051,1
0.38068071007728577,1
0.41265055537223816,1
0.4081001281738281,1
0.24826890230178833,1
0.4151551425457001,1
0.33097416162490845,1
0.2934563159942627,1
0.343392550945282,1
0.3248840570449829,1
0.3860750198364258,1
0.40315482020378113,1
0.3881743848323822,1
0.35450926423072815,1
0.3451366126537323,1
0.4001676142215729,1
0.5334481000900269,1
0.4543529152870178,1
0.36378565430641174,1
0.35234755277633667,1
0.3013709783554077,1
0.43140822649002075,1
0.3764125108718872,1
0.3718665838241577,1
0.4166583716869354,1
0.40035340189933777,1
0.4035569429397583,1
0.44396543502807617,1
0.3459939658641815,1
0.32749372720718384,1
0.25864654779434204,1
0.28006985783576965,1
0.4205494523048401,1
0.4698188304901123,1
0.336556077003479,1
0.3391317129135132,1
0.3679259717464447,1
0.3039911985397339,1
0.27208057045936584,1
0.3244688808917999,1
0.26227158308029175,1
0.40176039934158325,1
0.35969406366348267,1
0.35559555888175964,1
0.2935398817062378,1
0.31478649377822876,1
0.3240232467651367,1
0.3284318447113037,1
0.30337247252464294,1
0.38973554968833923,1
0.3723108172416687,1
0.33755597472190857,1
0.3632158935070038,1
0.44028863310813904,1
0.34440213441848755,1
0.5243155360221863,1
0.45421046018600464,1
0.2663153409957886,1
0.4205310344696045,1
0.292196124792099,1
0.51668381690979,1
0.5348360538482666,1
0.4157475233078003,1
0.32838818430900574,1
0.3818891644477844,1
0.33919960260391235,1
0.3008800148963928,1
0.3277340531349182,1
0.368813157081604,1
0.3529004752635956,1
0.3361216187477112,1
0.49116045236587524,1
0.4411000907421112,1
0.3769032657146454,1
0.3748694658279419,1
0.4208335280418396,1
0.3760240375995636,1
0.43124717473983765,1
0.3582373857498169,1
0.4224206209182739,1
0.3364386558532715,1
0.48270800709724426,1
0.3399965763092041,1
0.3277089297771454,1
0.3070279359817505,1
0.39778050780296326,1
0.30826103687286377,1
0.5684562921524048,1
0.386311799287796,1
0.4317692518234253,1
0.3463735282421112,1
0.3364187479019165,1
0.2919425070285797,1
0.28533801436424255,1
0.4327106475830078,1
0.33286887407302856,1
0.37427353858947754,1
0.3507470488548279,1
0.37312644720077515,1
0.31679874658584595,1
0.42429596185684204,1
0.3803131580352783,1
0.45433342456817627,1
0.3426628112792969,1
0.2791387736797333,1
0.3157450556755066,1
0.23477573692798615,1
0.36329740285873413,1
0.5173754096031189,1
0.35711532831192017,1
0.31870919466018677,1
0.40941566228866577,1
0.3033735752105713,1
0.2727099061012268,1
0.31593865156173706,1
0.3407246768474579,1
0.3866734504699707,1
0.4217359721660614,1
0.2916814684867859,1
0.39661145210266113,1
0.41607242822647095,1
0.3620867133140564,1
0.38512229919433594,1
0.3885599970817566,1
0.4337879717350006,1
0.3268394470214844,1
0.30953341722488403,1
0.3900604248046875,1
0.43140533566474915,1
0.3675183057785034,1
0.49891453981399536,1
0.31975895166397095,1
0.5381569862365723,1
0.436646044254303,1
0.4805390536785126,1
0.43131592869758606,1
0.4636596441268921,1
0.3444347381591797,1
0.3603992462158203,1
0.30150753259658813,1
0.3451751470565796,1
0.3380650281906128,1
0.32439592480659485,1
0.3135969042778015,1
0.33381175994873047,1
0.4686732292175293,1
0.37336474657058716,1
0.3243541717529297,1
0.37357139587402344,1
0.44979164004325867,1
0.340069055557251,1
0.3559528589248657,1
0.2686549723148346,1
0.30304795503616333,1
0.3451289236545563,1
0.37827175855636597,1
0.33346566557884216,1
0.3579040765762329,1
0.3800758421421051,1
0.3617919087409973,1
0.4632280766963959,1
0.3573736846446991,1
0.2504073977470398,1
0.29369038343429565,1
0.3151414096355438,1
0.4122127890586853,1
0.35724344849586487,1
0.327719509601593,1
0.3630558252334595,1
0.3723953664302826,1
0.4234003722667694,1
0.32240214943885803,1
0.38470107316970825,1
0.4080488085746765,1
0.3243778944015503,1
0.3335149884223938,1
0.48892366886138916,1
0.3726995587348938,1
0.3503168225288391,1
0.4108714759349823,1
0.28942346572875977,1
0.36959439516067505,1
0.3811255097389221,1
0.4815276265144348,1
0.2934913635253906,1
0.5565332174301147,1
0.42816388607025146,1
0.3280106782913208,1
0.3438454866409302,1
0.31245580315589905,1
0.40894970297813416,1
0.4022447466850281,1
0.35029587149620056,1
0.3057146668434143,1
0.26918908953666687,1
0.392805278301239,1
0.3437315821647644,1
0.41693824529647827,1
0.4273034632205963,1
0.3957344591617584,1
0.4109085202217102,1
0.3822304308414459,1
0.3284711539745331,1
0.29679074883461,1
0.2988007068634033,1
0.29233983159065247,1
0.3354288637638092,1
0.44587552547454834,1
0.3397529721260071,1
0.49720263481140137,1
0.40290990471839905,1
0.28231093287467957,1
0.3019155263900757,1
0.26020699739456177,1
0.3171766698360443,1
0.36444932222366333,1
0.3976348042488098,1
0.3409593999385834,1
0.32915765047073364,1
0.281274676322937,1
0.415873646736145,1
0.36012744903564453,1
0.3451846241950989,1
0.3499249815940857,1
0.32493728399276733,1
0.41099119186401367,1
0.3839845061302185,1
0.5733577013015747,1
0.3495616912841797,1
0.2763577401638031,1
0.3159971833229065,1
0.3328760266304016,1
0.37972724437713623,1
0.36620622873306274,1
0.29911288619041443,1
0.39909815788269043,1
0.44595155119895935,1
0.3668974041938782,1
0.4076286852359772,1
0.32964998483657837,1
0.35970476269721985,1
0.3757880926132202,1
0.3537551164627075,1
0.3853521943092346,1
0.3813053369522095,1
0.3521893620491028,1
0.3183296024799347,1
0.3337509036064148,1
0.33594512939453125,1
0.3159739077091217,1
0.35775992274284363,1
0.28134486079216003,1
0.3958354592323303,1
0.31625595688819885,1
0.47091904282569885,1
0.2639058530330658,1
0.34231388568878174,1
0.3981926441192627,1
0.3494102954864502,1
0.5807704925537109,1
0.37623119354248047,1
0.35178235173225403,1
0.39034348726272583,1
0.4022548496723175,1
0.3267664611339569,1
0.38050514459609985,1
0.2933187186717987,1
0.37255096435546875,1
0.37233734130859375,1
0.4175916016101837,1
0.30146050453186035,1
0.3321269154548645,1
0.3518124520778656,1
0.32507506012916565,1
0.4552663564682007,1
0.38332599401474,1
0.452658087015152,1
0.5390065908432007,1
0.24215757846832275,1
0.33513110876083374,1
0.4086698889732361,1
0.3642107844352722,1
0.27723807096481323,1
0.34886351227760315,1
0.3514166474342346,1
0.3007427453994751,1
0.2971407473087311,1
0.46033933758735657,1
0.3980365991592407,1
0.3167581260204315,1
0.3840140104293823,1
0.4823240637779236,1
0.4713471531867981,1
0.3705442249774933,1
0.4171195328235626,1
0.416778028011322,1
0.40427565574645996,1
0.3476259112358093,1
0.28503507375717163,1
0.45012009143829346,1
0.3555915057659149,1
0.3670578896999359,1
0.43872663378715515,1
0.2973329424858093,1
0.3459215760231018,1
0.34032177925109863,1
0.38828104734420776,1
0.43484005331993103,1
0.40221279859542847,1
0.37460049986839294,1
0.32986772060394287,1
0.3431647717952728,1
0.28618091344833374,1
0.30193543434143066,1
0.335694283246994,1
0.40821877121925354,1
0.4030521810054779,1
0.3193216621875763,1
0.4346444010734558,1
0.439297616481781,1
0.30436474084854126,1
0.3022509217262268,1
0.3626502454280853,1
0.3637084364891052,1
0.312054842710495,1
0.3989054560661316,1
0.4230211079120636,1
0.40140241384506226,1
0.38261252641677856,1
0.3792785406112671,1
0.4490038752555847,1
0.38300439715385437,1
0.3830757141113281,1
0.41933560371398926,1
0.45081669092178345,1
0.3754464387893677,1
0.36768999695777893,1
0.4284692108631134,1
0.4254988431930542,1
0.4181247651576996,1
0.4170474708080292,1
0.297545850276947,1
0.46462684869766235,1
0.38885846734046936,1
0.34912481904029846,1
0.27218103408813477,1
0.35210174322128296,1
0.3589985966682434,1
0.3397670388221741,1
0.3169991075992584,1
0.32203957438468933,1
0.3375447392463684,1
0.40074434876441956,1
0.3451647162437439,1
0.34879016876220703,1
0.3141666650772095,1
0.3798237442970276,1
0.35022425651550293,1
0.4954250156879425,1
0.2632489800453186,1
0.396124005317688,1
0.28338223695755005,1
0.39878135919570923,1
0.43394607305526733,1
0.30367404222488403,1
0.385998398065567,1
0.47228896617889404,1
0.44973206520080566,1
0.4414710998535156,1
0.4566926956176758,1
0.41844069957733154,1
0.4890581965446472,1
0.35872361063957214,1
0.3603910803794861,1
0.43566256761550903,1
0.3502274751663208,1
0.5322125554084778,1
0.35854846239089966,1
0.31744080781936646,1
0.3110446333885193,1
0.31891512870788574,1
0.396115243434906,1
0.492191880941391,1
0.2984694838523865,1
0.23653869330883026,1
0.4070737063884735,1
0.39370933175086975,1
0.263178288936615,1
0.25448450446128845,1
0.3658360540866852,1
0.3105490803718567,1
0.3166145980358124,1
0.28859245777130127,1
0.3552274703979492,1
0.36749204993247986,1
0.4200935661792755,1
0.32421398162841797,1
0.3746144473552704,1
0.39446157217025757,1
0.3045552372932434,1
0.21349792182445526,1
0.3926747441291809,1
0.397604763507843,1
0.4025244116783142,1
0.2500322461128235,1
0.3904855251312256,1
0.4052945077419281,1
0.264119029045105,1
0.46832165122032166,1
0.35288006067276,1
0.3275180459022522,1
0.3897324800491333,1
0.2958613634109497,1
0.3105446994304657,1
0.39403268694877625,1
0.3938562572002411,1
0.3158472776412964,1
0.39153218269348145,1
0.36323538422584534,1
0.34936991333961487,1
0.3260047435760498,1
0.31819191575050354,1
0.40589430928230286,1
0.2760438323020935,1
0.34160512685775757,1
0.24583372473716736,1
0.3477480411529541,1
0.4683134853839874,1
0.415927529335022,1
0.3482127785682678,1
0.32933467626571655,1
0.43954068422317505,1
0.3373255729675293,1
0.3838968873023987,1
0.39719244837760925,1
0.3008233308792114,1
0.2650165855884552,1
0.43661069869995117,1
0.420335978269577,1
0.28581732511520386,1
0.37034469842910767,1
0.24131010472774506,1
0.38549700379371643,1
0.36085695028305054,1
0.2908247709274292,1
0.4365023076534271,1
0.33432111144065857,1
0.4318910539150238,1
0.36499184370040894,1
0.36713191866874695,1
0.3377057909965515,1
0.34654954075813293,1
0.31765124201774597,1
0.37637004256248474,1
0.32819435000419617,1
0.2894817292690277,1
0.3526725471019745,1
0.39508751034736633,1
0.3012774586677551,1
0.46886682510375977,1
0.3306064009666443,1
0.3419259786605835,1
0.39565518498420715,1
0.4152860641479492,1
0.3081021010875702,1
0.2510797381401062,1
0.3404954969882965,1
0.3379363715648651,1
0.33886638283729553,1
0.3302546739578247,1
0.3013698160648346,1
0.36024630069732666,1
0.31685084104537964,1
0.4187140166759491,1
0.39202821254730225,1
0.2641344666481018,1
0.32843199372291565,1
0.40596696734428406,1
0.3101031184196472,1
0.3880574703216553,1
0.37170305848121643,1
0.36970674991607666,1
0.400398313999176,1
0.4212409257888794,1
0.4389549493789673,1
0.4185298979282379,1
0.35910850763320923,1
0.29325541853904724,1
0.26607832312583923,1
0.33371394872665405,1
0.33458733558654785,1
0.3334018588066101,1
0.3557623624801636,1
0.2926473617553711,1
0.41841208934783936,1
0.3436775803565979,1
0.32039958238601685,1
0.3546225130558014,1
0.3543720245361328,1
0.284867525100708,1
0.3170451521873474,1
0.3269110918045044,1
0.42767196893692017,1
0.2933921813964844,1
0.424081951379776,1
0.31354615092277527,1
0.3560395836830139,1
0.4564572274684906,1
0.3857097029685974,1
0.3430630564689636,1
0.32657355070114136,1
0.3479871153831482,1
0.37198224663734436,1
0.32374945282936096,1
0.3483768701553345,1
0.35691362619400024,1
0.32238641381263733,1
0.2783472239971161,1
0.2753349542617798,1
0.3465398848056793,1
0.3126526176929474,1
0.4430566430091858,1
0.3254889249801636,1
0.26657843589782715,1
0.3612543046474457,1
0.2990497648715973,1
0.3490428626537323,1
0.42005079984664917,1
0.2846924066543579,1
0.36018455028533936,1
0.33209922909736633,1
0.3533247709274292,1
0.3876221179962158,1
0.27062010765075684,1
0.3164706230163574,1
0.33184853196144104,1
0.2970446050167084,1
0.3200461268424988,1
0.38706955313682556,1
0.34161049127578735,1
0.3520228862762451,1
0.3841054439544678,1
0.24597376585006714,1
0.4220317006111145,1
0.37975797057151794,1
0.36214080452919006,1
0.3493075668811798,1
0.38100171089172363,1
0.33526283502578735,1
0.4374206066131592,1
0.3790978193283081,1
0.4598301947116852,1
0.26248475909233093,1
0.4444584548473358,1
0.41070055961608887,1
0.36241182684898376,1
0.37938880920410156,1
0.3075389266014099,1
0.4003458023071289,1
0.39802202582359314,1
0.452627956867218,1
0.34320053458213806,1
0.37472009658813477,1
0.40714770555496216,1
0.42930763959884644,1
0.3087564706802368,1
0.33241936564445496,1
0.4254406988620758,1
0.32388144731521606,1
0.37106186151504517,1
0.3110220432281494,1
0.3958183526992798,1
0.3526687026023865,1
0.3137236535549164,1
0.4211181700229645,1
0.3265581727027893,1
0.39634644985198975,1
0.42752501368522644,1
0.3526041507720947,1
0.3800637125968933,1
0.40543484687805176,1
0.3874104917049408,1
0.3333919048309326,1
0.39172375202178955,1
0.3694130778312683,1
0.28097277879714966,1
0.28244441747665405,1
0.38393712043762207,1
0.4051857888698578,1
0.33082038164138794,1
0.4080162048339844,1
0.40690430998802185,1
0.3687517046928406,1
0.3674545884132385,1
0.3550703227519989,1
0.5171517729759216,1
0.462268590927124,1
0.36520642042160034,1
0.41820716857910156,1
0.2729916572570801,1
0.4354593753814697,1
0.4315952956676483,1
0.41380736231803894,1
0.3645094633102417,1
0.3856009542942047,1
0.35971391201019287,1
0.3860422968864441,1
0.38107824325561523,1
0.30378928780555725,1
0.36816826462745667,1
0.3613748550415039,1
0.33886659145355225,1
0.306560218334198,1
0.28333503007888794,1
0.3026818335056305,1
0.4325738549232483,1
0.3008507788181305,1
0.4569064676761627,1
0.2452145218849182,1
0.3659307658672333,1
0.3031120002269745,1
0.3749944865703583,1
0.3646349608898163,1
0.37101686000823975,1
0.360196053981781,1
0.3190174102783203,1
0.3839111030101776,1
0.32493430376052856,1
0.24781721830368042,1
0.2619601786136627,1
0.3894267678260803,1
0.42931878566741943,1
0.40863654017448425,1
0.2063980996608734,1
0.3184109926223755,1
0.2744821608066559,1
0.36123427748680115,1
0.2899612486362457,1
0.32190054655075073,1
0.29808664321899414,1
0.4376733899116516,1
0.39360931515693665,1
0.3103025555610657,1
0.42270952463150024,1
0.3619414269924164,1
0.3747313618659973,1
0.38620808720588684,1
0.24940654635429382,1
0.3880773186683655,1
0.45970743894577026,1
0.32067960500717163,1
0.35246941447257996,1
0.3192503750324249,1
0.4648381471633911,1
0.3716678023338318,1
0.41222846508026123,1
0.29172903299331665,1
0.3113090395927429,1
0.3358505368232727,1
0.32901689410209656,1
0.33957454562187195,1
0.3840693235397339,1
0.44060850143432617,1
0.33831772208213806,1
0.24378252029418945,1
0.42873507738113403,1
0.3116253912448883,1
0.2925069332122803,1
0.3728702664375305,1
0.42086470127105713,1
0.4756320118904114,1
0.2560235857963562,1
0.30936869978904724,1
0.35121431946754456,1
0.40715932846069336,1
0.3534165322780609,1
0.45480552315711975,1
0.30879175662994385,1
0.42625337839126587,1
0.4412142038345337,1
0.28244543075561523,1
0.33143025636672974,1
0.41755247116088867,1
0.34671950340270996,1
0.4263978600502014,1
0.42043957114219666,1
0.38641101121902466,1
0.3000043034553528,1
0.36814820766448975,1
0.3169417977333069,1
0.451910138130188,1
0.3915694057941437,1
0.3653722107410431,1
0.457927405834198,1
0.36025741696357727,1
0.32935672998428345,1
0.31343692541122437,1
0.413388192653656,1
0.4622127413749695,1
0.3407253324985504,1
0.43490833044052124,1
0.3872402012348175,1
0.3873465061187744,1
0.3975106477737427,1
0.37011218070983887,1
0.6405220031738281,1
0.3006361722946167,1
0.43445107340812683,1
0.42235779762268066,1
0.39028602838516235,1
0.2925671637058258,1
0.440693199634552,1
0.38863250613212585,1
0.36312049627304077,1
0.3601948916912079,1
0.3330191373825073,1
0.3450358211994171,1
0.37973150610923767,1
0.34863507747650146,1
0.3359336256980896,1
0.2988848090171814,1
0.42421308159828186,1
0.4161531329154968,1
0.3323257863521576,1
0.31811004877090454,1
0.3591521382331848,1
0.31805989146232605,1
0.2965388894081116,1
0.2725412845611572,1
0.4210231900215149,1
0.42794668674468994,1
0.42101985216140747,1
0.42901110649108887,1
0.3453851342201233,1
0.4300296902656555,1
0.3075510263442993,1
0.34830570220947266,1
0.3241400718688965,1
0.3787197768688202,1
0.3012911081314087,1
0.3813897967338562,1
0.3179704248905182,1
0.28303664922714233,1
0.32079291343688965,1
0.30574125051498413,1
0.3997204303741455,1
0.379441499710083,1
0.3240883946418762,1
0.29529282450675964,1
0.3069331645965576,1
0.322485089302063,1
0.42792466282844543,1
0.28919005393981934,1
0.3672279417514801,1
0.37243807315826416,1
0.3591145873069763,1
0.19390201568603516,1
0.30368971824645996,1
0.49988219141960144,1
0.3356342613697052,1
0.36238548159599304,1
0.3259301781654358,1
0.3854357898235321,1
0.2760031521320343,1
0.3131117522716522,1
0.28515660762786865,1
0.5631780624389648,1
0.4578438401222229,1
0.39510107040405273,1
0.3090478479862213,1
0.3602403998374939,1
0.3602081537246704,1
0.23161175847053528,1
0.4194736182689667,1
0.45842429995536804,1
0.37868696451187134,1
0.32663261890411377,1
0.272064745426178,1
0.2905832529067993,1
0.36305493116378784,1
0.3394225537776947,1
0.34967240691185,1
0.35273683071136475,1
0.5658444762229919,1
0.27878546714782715,1
0.38076961040496826,1
0.3669518530368805,1
0.31020545959472656,1
0.28449547290802,1
0.393840491771698,1
0.3332996666431427,1
0.38505029678344727,1
0.4005173444747925,1
0.3410763740539551,1
0.26841574907302856,1
0.37360382080078125,1
0.45417940616607666,1
0.4622136950492859,1
0.4593437910079956,1
0.515222430229187,1
0.32646945118904114,1
0.2499157190322876,1
0.3644236624240875,1
0.39113348722457886,1
0.38257527351379395,1
0.25069841742515564,1
0.4679829478263855,1
0.3766985237598419,1
0.37080612778663635,1
0.3159755766391754,1
0.3071116507053375,1
0.3509618043899536,1
0.26955553889274597,1
0.3654574155807495,1
0.39706623554229736,1
0.40705037117004395,1
0.40193066000938416,1
0.46172118186950684,1
0.336953341960907,1
0.34443169832229614,1
0.43395379185676575,1
0.3713550567626953,1
0.35551002621650696,1
0.31922030448913574,1
0.3864472806453705,1
0.42463958263397217,1
0.35517418384552,1
0.42814308404922485,1
0.46002018451690674,1
0.36936748027801514,1
0.3387787938117981,1
0.3142767548561096,1
0.40578949451446533,1
0.35531875491142273,1
0.34452253580093384,1
0.333360493183136,1
0.37741002440452576,1
0.3360123336315155,1
0.3567686676979065,1
0.34054023027420044,1
0.2512989044189453,1
0.38383740186691284,1
0.3818950355052948,1
0.422622412443161,1
0.40580523014068604,1
0.42195069789886475,1
0.3349093496799469,1
0.3161964416503906,1
0.4159603714942932,1
0.3938576281070709,1
0.41360241174697876,1
0.421547532081604,1
0.3313833177089691,1
0.3625660240650177,1
0.3724289834499359,1
0.3202046751976013,1
0.4280998110771179,1
0.2842022180557251,1
0.3107232451438904,1
0.47341808676719666,1
0.3167422115802765,1
0.3179868161678314,1
0.3366055190563202,1
0.354175865650177,1
0.3767991065979004,1
0.34137973189353943,1
0.4296088218688965,1
0.25968116521835327,1
0.3614932894706726,1
0.3676624894142151,1
0.30584120750427246,1
0.3502894341945648,1
0.263089656829834,1
0.4534037411212921,1
0.347425639629364,1
0.3777307868003845,1
0.28614532947540283,1
0.2710813283920288,1
0.3231126666069031,1
0.35288041830062866,1
0.48804545402526855,1
0.32801127433776855,1
0.38652902841567993,1
0.40578266978263855,1
0.3928771913051605,1
0.4121354818344116,1
0.3448762893676758,1
0.4424251914024353,1
0.36490753293037415,1
0.356498658657074,1
0.4357902407646179,1
0.3312405049800873,1
0.42693179845809937,1
0.38239285349845886,1
0.313809335231781,1
0.3642139136791229,1
0.408194363117218,1
0.457693487405777,1
0.4963185787200928,1
0.31460925936698914,1
0.39983874559402466,1
0.30951133370399475,1
0.39815226197242737,1
0.4033333659172058,1
0.37089234590530396,1
0.29481732845306396,1
0.2931002676486969,1
0.38153478503227234,1
0.41243472695350647,1
0.36641889810562134,1
0.3301190733909607,1
0.41456127166748047,1
0.3779444992542267,1
0.28909066319465637,1
0.34251534938812256,1
0.31869471073150635,1
0.4976102411746979,1
0.33774232864379883,1
0.23975370824337006,1
0.39526715874671936,1
0.4379934072494507,1
0.34976279735565186,1
0.39282578229904175,1
0.40887537598609924,1
0.3561857342720032,1
0.35652485489845276,1
0.2516513764858246,1
0.21769414842128754,1
0.44174689054489136,1
0.3687458634376526,1
0.44705891609191895,1
0.4577077031135559,1
0.45708829164505005,1
0.36099913716316223,1
0.27197572588920593,1
0.3368592858314514,1
0.3517284393310547,1
0.2699865400791168,1
0.4622664451599121,1
0.2685922384262085,1
0.400570273399353,1
0.3520987033843994,1
0.27446430921554565,1
0.2986789643764496,1
0.3593347668647766,1
0.32364463806152344,1
0.3209371268749237,1
0.3818976879119873,1
0.6870517730712891,1
0.3694160580635071,1
0.29730454087257385,1
0.2999039888381958,1
0.3498552441596985,1
0.4827151298522949,1
0.3217495083808899,1
0.42030495405197144,1
0.32980743050575256,1
0.4817337393760681,1
0.4533141255378723,1
0.3651537299156189,1
0.35124197602272034,1
0.3215213418006897,1
0.3958679437637329,1
0.25760528445243835,1
0.4195011258125305,1
0.2522469758987427,1
0.38260897994041443,1
0.48701345920562744,1
0.3396890163421631,1
0.32613199949264526,1
0.3072289824485779,1
0.40146106481552124,1
0.280340313911438,1
0.3450496196746826,1
0.3382246196269989,1
0.38278818130493164,1
0.4560530185699463,1
0.39046627283096313,1
0.3755289912223816,1
0.36786508560180664,1
0.35040104389190674,1
0.345767617225647,1
0.39012691378593445,1
0.50462406873703,1
0.3382188379764557,1
0.3847731351852417,1
0.2585965096950531,1
0.3741387724876404,1
0.3883103132247925,1
0.37084221839904785,1
0.3871192932128906,1
0.35397544503211975,1
0.5051069259643555,1
0.2783593535423279,1
0.38049376010894775,1
0.3090488314628601,1
0.3122209310531616,1
0.34778401255607605,1
0.28138211369514465,1
0.41546332836151123,1
0.3803834319114685,1
0.33836862444877625,1
0.2923280596733093,1
0.39748308062553406,1
0.39150774478912354,1
0.3091422915458679,1
0.3153315782546997,1
0.3664427399635315,1
0.33799996972084045,1
0.4216829836368561,1
0.2680949568748474,1
0.30432841181755066,1
0.3274739384651184,1
0.44177883863449097,1
0.33895793557167053,1
0.24265041947364807,1
0.35778486728668213,1
0.4438948631286621,1
0.33341044187545776,1
0.23477259278297424,1
0.3541305661201477,1
0.42968130111694336,1
0.34476393461227417,1
0.24522078037261963,1
0.4589191675186157,1
0.2575069069862366,1
0.3253230154514313,1
0.45197030901908875,1
0.38078993558883667,1
0.31328272819519043,1
0.37302446365356445,1
0.4299412965774536,1
0.2737795114517212,1
0.33177030086517334,1
0.36401617527008057,1
0.2621866464614868,1
0.21555620431900024,1
0.3452320396900177,1
0.349795401096344,1
0.365582138299942,1
0.29981279373168945,1
0.35900306701660156,1
0.3958703875541687,1
0.29720568656921387,1
0.39657673239707947,1
0.31689125299453735,1
0.491486132144928,1
0.3534596860408783,1
0.3589593768119812,1
0.3921322524547577,1
0.37412136793136597,1
0.31092870235443115,1
0.3035140037536621,1
0.3433168828487396,1
0.31066566705703735,1
0.36922669410705566,1
0.33329492807388306,1
0.44667696952819824,1
0.4249516725540161,1
0.2656453847885132,1
0.24128016829490662,1
0.36095696687698364,1
0.39745479822158813,1
0.2597291171550751,1
0.3969821333885193,1
0.35988783836364746,1
0.32833898067474365,1
0.346847265958786,1
0.3954627513885498,1
0.2641880214214325,1
0.2655068635940552,1
0.32486557960510254,1
0.3117085099220276,1
0.427493155002594,1
0.39336323738098145,1
0.37035518884658813,1
0.33719348907470703,1
0.464063823223114,1
0.42585188150405884,1
0.3475034534931183,1
0.34552162885665894,1
0.3970414102077484,1
0.383139967918396,1
0.3511779010295868,1
0.5007182955741882,1
0.38205498456954956,1
0.34846752882003784,1
0.4056931138038635,1
0.3745518922805786,1
0.36678260564804077,1
0.35900139808654785,1
0.2684183716773987,1
0.3656124770641327,1
0.32885175943374634,1
0.35125651955604553,1
0.35622695088386536,1
0.3189120888710022,1
0.4314391016960144,1
0.3682291805744171,1
0.39798635244369507,1
0.40623989701271057,1
0.40880087018013,1
0.3905658423900604,1
0.3730640411376953,1
0.3420877158641815,1
0.3374817967414856,1
0.3053065538406372,1
0.3821927309036255,1
0.46245402097702026,1
0.31179070472717285,1
0.3724970817565918,1
0.34234461188316345,1
0.38590145111083984,1
0.2842733860015869,1
0.40907788276672363,1
0.44938039779663086,1
0.2758175730705261,1
0.3818841874599457,1
0.3333795666694641,1
0.34935665130615234,1
0.3742615282535553,1
0.3655470609664917,1
0.38144564628601074,1
0.45760148763656616,1
0.34957805275917053,1
0.3407074809074402,1
0.41976189613342285,1
0.34782201051712036,1
0.3543095290660858,1
0.34297439455986023,1
0.5473597049713135,1
0.2581864595413208,1
0.2664948105812073,1
0.33372238278388977,1
0.38501954078674316,1
0.3689170777797699,1
0.3634679913520813,1
0.39803534746170044,1
0.2810514271259308,1
0.3205779194831848,1
0.4555262327194214,1
0.3272758722305298,1
0.31891143321990967,1
0.3486112654209137,1
0.32941746711730957,1
0.3398520350456238,1
0.27027714252471924,1
0.30882027745246887,1
0.37518447637557983,1
0.2814464569091797,1
0.3062497079372406,1
0.36519309878349304,1
0.2890070378780365,1
0.5606241226196289,1
0.3196912109851837,1
0.3395305871963501,1
0.4090674817562103,1
0.3398495316505432,1
0.368350088596344,1
0.27040305733680725,1
0.33254319429397583,1
0.3488502502441406,1
0.3733038008213043,1
0.36476606130599976,1
0.3632487654685974,1
0.4170667827129364,1
0.252314954996109,1
0.4486541152000427,1
0.36770185828208923,1
0.3249048590660095,1
0.3389718234539032,1
0.31150785088539124,1
0.4006427526473999,1
0.46617117524147034,1
0.2976972758769989,1
0.4005127549171448,1
0.3500421345233917,1
0.2720203995704651,1
0.3086569905281067,1
0.3357112407684326,1
0.40458422899246216,1
0.30366048216819763,1
0.5328105688095093,1
0.4344336986541748,1
0.34543469548225403,1
0.3395942151546478,1
0.30226844549179077,1
0.34221068024635315,1
0.3863046169281006,1
0.38507020473480225,1
0.2883009612560272,1
0.2781917452812195,1
0.2378954291343689,1
0.46347153186798096,1
0.25219497084617615,1
0.4143998920917511,1
0.33663663268089294,1
0.27911376953125,1
0.3313223719596863,1
0.36907240748405457,1
0.2986353933811188,1
0.5570080876350403,1
0.3303998112678528,1
0.42923882603645325,1
0.38060030341148376,1
0.323305606842041,1
0.2948034405708313,1
0.3343249559402466,1
0.3860073387622833,1
0.4780452847480774,1
0.39767172932624817,1
0.31942158937454224,1
0.3563133776187897,1
0.4826257526874542,1
0.3731963038444519,1
0.4083316922187805,1
0.41896623373031616,1
0.3200607895851135,1
0.359538733959198,1
0.36436840891838074,1
0.2752220332622528,1
0.33340343832969666,1
0.38694652915000916,1
0.3116095960140228,1
0.22148843109607697,1
0.40069907903671265,1
0.3920570909976959,1
0.5459229946136475,1
0.34258097410202026,1
0.32831981778144836,1
0.3880860209465027,1
0.33099183440208435,1
0.4636554718017578,1
0.2938472032546997,1
0.45971405506134033,1
0.37360846996307373,1
0.5324385166168213,1
0.43452486395835876,1
0.3523746132850647,1
0.5190306305885315,1
0.46602293848991394,1
0.31541550159454346,1
0.3366123139858246,1
0.353969931602478,1
0.4877699613571167,1
0.31368738412857056,1
0.3410396873950958,1
0.3131525218486786,1
0.3248834013938904,1
0.30617180466651917,1
0.3292667865753174,1
0.2699110209941864,1
0.4732733368873596,1
0.36061936616897583,1
0.34434664249420166,1
0.3664371073246002,1
0.39632612466812134,1
0.29851585626602173,1
0.3735606372356415,1
0.34431490302085876,1
0.3881734609603882,1
0.39286476373672485,1
0.3750108480453491,1
0.3981891870498657,1
0.32304322719573975,1
0.3276385962963104,1
0.4399571716785431,1
0.3368350863456726,1
0.3711722493171692,1
0.35478317737579346,1
0.3619433045387268,1
0.35675927996635437,1
0.36082983016967773,1
0.318456768989563,1
0.4617769122123718,1
0.38768401741981506,1
0.47023165225982666,1
0.3709970712661743,1
0.33335036039352417,1
0.3857496380805969,1
0.39132916927337646,1
0.2997972369194031,1
0.29616281390190125,1
0.419691264629364,1
0.37411952018737793,1
0.29409340023994446,1
0.2601262331008911,1
0.45119914412498474,1
0.3624400496482849,1
0.32895880937576294,1
0.25734859704971313,1
0.2984311580657959,1
0.4693889915943146,1
0.24920865893363953,1
0.2783610224723816,1
0.3022516369819641,1
0.2420603483915329,1
0.4476702809333801,1
0.3195234537124634,1
0.4487864375114441,1
0.3404504954814911,1
0.3690893352031708,1
0.38096895813941956,1
0.31362518668174744,1
0.3198457956314087,1
0.43361061811447144,1
0.4460051655769348,1
0.3253025412559509,1
0.28577181696891785,1
0.2623670697212219,1
0.3639719486236572,1
0.40165281295776367,1
0.37331652641296387,1
0.36664193868637085,1
0.33712875843048096,1
0.3040751814842224,1
0.28944242000579834,1
0.30684608221054077,1
0.32895973324775696,1
0.30212700366973877,1
0.32133275270462036,1
0.46171873807907104,1
0.40886422991752625,1
0.44862639904022217,1
0.44144245982170105,1
0.33898356556892395,1
0.37265557050704956,1
0.33967721462249756,1
0.2702232599258423,1
0.3114944398403168,1
0.3146454095840454,1
0.29774704575538635,1
0.37186089158058167,1
0.4403042197227478,1
0.2562427520751953,1
0.47578898072242737,1
0.3236510753631592,1
0.30584847927093506,1
0.3293132781982422,1
0.28073564171791077,1
0.36191847920417786,1
0.4457645118236542,1
0.27122563123703003,1
0.3301580250263214,1
0.4120097756385803,1
0.30716684460639954,1
0.29844000935554504,1
0.3934135437011719,1
0.35260525345802307,1
0.26039475202560425,1
0.3673963248729706,1
0.3645167946815491,1
0.36672431230545044,1
0.3642345666885376,1
0.3137606084346771,1
0.37660133838653564,1
0.375850647687912,1
0.3517744541168213,1
0.2986859679222107,1
0.363406777381897,1
0.3895508646965027,1
0.33498743176460266,1
0.30983424186706543,1
0.3601857125759125,1
0.29582470655441284,1
0.3581106960773468,1
0.4705004394054413,1
0.31893497705459595,1
0.35591429471969604,1
0.3083213269710541,1
0.34068936109542847,1
0.39997398853302,1
0.43506354093551636,1
0.24052958190441132,1
0.2696710228919983,1
0.3104840815067291,1
0.2574653625488281,1
0.3792780041694641,1
0.3426250219345093,1
0.2676871716976166,1
0.2938641607761383,1
0.2788328528404236,1
0.23981115221977234,1
0.40199801325798035,1
0.38779717683792114,1
0.26666906476020813,1
0.5401071906089783,1
0.27132803201675415,1
0.38021790981292725,1
0.24888239800930023,1
0.31258419156074524,1
0.4020838737487793,1
0.4335269033908844,1
0.3181961178779602,1
0.3130318522453308,1
0.2864602506160736,1
0.40999189019203186,1
0.31555113196372986,1
0.27118760347366333,1
0.38177746534347534,1
0.4272805452346802,1
0.34405335783958435,1
0.3520427942276001,1
0.24252313375473022,1
0.3877565860748291,1
0.34980309009552,1
0.45336300134658813,1
0.4434318244457245,1
0.5301142930984497,1
0.4692923426628113,1
0.27738308906555176,1
0.5762479305267334,1
0.3945176601409912,1
0.37091976404190063,1
0.35038337111473083,1
0.27360546588897705,1
0.5245693922042847,1
0.3779774010181427,1
0.3565552234649658,1
0.22280997037887573,1
0.47029346227645874,1
0.3123611807823181,1
0.3641337454319,1
0.25694313645362854,1
0.4053839445114136,1
0.46303290128707886,1
0.3819968104362488,1
0.3089258074760437,1
0.3684779405593872,1
0.28018975257873535,1
0.3928101658821106,1
0.40541404485702515,1
0.43334513902664185,1
0.2761722803115845,1
0.3092890977859497,1
0.43710198998451233,1
0.3921748101711273,1
0.4042484164237976,1
0.24307489395141602,1
0.28390878438949585,1
0.3476410210132599,1
0.5621920824050903,1
0.5076510906219482,1
0.4158206880092621,1
0.3404806852340698,1
0.40967807173728943,1
0.33845818042755127,1
0.43771249055862427,1
0.3763471841812134,1
0.3268686532974243,1
0.3965955972671509,1
0.27051401138305664,1
0.448700487613678,1
0.4725157618522644,1
0.3541127145290375,1
0.3325103521347046,1
0.3820066452026367,1
0.30171000957489014,1
0.3113681375980377,1
0.40431544184684753,1
0.27985668182373047,1
0.4078914225101471,1
0.2848150134086609,1
0.2288067489862442,1
0.39563316106796265,1
0.386943519115448,1
0.4495767056941986,1
0.27697205543518066,1
0.3546907901763916,1
0.38029277324676514,1
0.3655337989330292,1
0.23141254484653473,1
0.29587846994400024,1
0.31216961145401,1
0.36471134424209595,1
0.4188086986541748,1
0.3392558693885803,1
0.2779918313026428,1
0.4939279556274414,1
0.2756638824939728,1
0.35119134187698364,1
0.36929354071617126,1
0.3425331711769104,1
0.44372862577438354,1
0.3318786919116974,1
0.35689157247543335,1
0.20782330632209778,1
0.33229655027389526,1
0.32281893491744995,1
0.34894171357154846,1
0.4291664958000183,1
0.3479979634284973,1
0.3308154344558716,1
0.3097981810569763,1
0.40107882022857666,1
0.20131251215934753,1
0.32490310072898865,1
0.35490962862968445,1
0.36311009526252747,1
0.3450685143470764,1
0.37168145179748535,1
0.31942254304885864,1
0.29500681161880493,1
0.37219947576522827,1
0.4804937541484833,1
0.2825976610183716,1
0.41748708486557007,1
0.4182645082473755,1
0.35774558782577515,1
0.3263587951660156,1
0.2989962100982666,1
0.37260228395462036,1
0.26183420419692993,1
0.2528097331523895,1
0.4173911511898041,1
0.38570624589920044,1
0.34116578102111816,1
0.3642669916152954,1
0.35135024785995483,1
0.2697516679763794,1
0.3509867787361145,1
0.4373180568218231,1
0.31645435094833374,1
0.369462788105011,1
0.514616072177887,1
0.28401052951812744,1
0.3560761511325836,1
0.314643919467926,1
0.49170681834220886,1
0.4523935317993164,1
0.39690908789634705,1
0.2861321270465851,1
0.39753857254981995,1
0.38207727670669556,1
0.3323485255241394,1
0.35781943798065186,1
0.48300760984420776,1
0.3475230932235718,1
0.3020380139350891,1
0.31020838022232056,1
0.31518036127090454,1
0.47795480489730835,1
0.33867591619491577,1
0.3949483633041382,1
0.5209615230560303,1
0.382265567779541,1
0.42379897832870483,1
0.4075525104999542,1
0.27796584367752075,1
0.3246392011642456,1
0.3798366189002991,1
0.40944984555244446,1
0.414148211479187,1
0.2932446300983429,1
0.2732987403869629,1
0.3118387758731842,1
0.3402862548828125,1
0.35980165004730225,1
0.34511759877204895,1
0.33350449800491333,1
0.3195761740207672,1
0.33638080954551697,1
0.3579438030719757,1
0.3820313513278961,1
0.30488187074661255,1
0.3762371838092804,1
0.27281439304351807,1
0.3628627061843872,1
0.3521115779876709,1
0.37487417459487915,1
0.36512506008148193,1
0.2798323333263397,1
0.3738803267478943,1
0.3446265459060669,1
0.3085126578807831,1
0.2807748317718506,1
0.2443794459104538,1
0.32516223192214966,1
0.28071120381355286,1
0.3295539617538452,1
0.40120577812194824,1
0.3796524703502655,1
0.35337960720062256,1
0.43941161036491394,1
0.4759778678417206,1
0.3540632724761963,1
0.3648753762245178,1
0.33077991008758545,1
0.28757554292678833,1
0.41204240918159485,1
0.32793569564819336,1
0.35664939880371094,1
0.4317835569381714,1
0.4957188665866852,1
0.28675565123558044,1
0.37672609090805054,1
0.3964412212371826,1
0.35822683572769165,1
0.43101221323013306,1
0.5001785755157471,1
0.42308491468429565,1
0.3087177276611328,1
0.34492364525794983,1
0.39536646008491516,1
0.4367644488811493,1
0.3590986132621765,1
0.3878934979438782,1
0.2705976366996765,1
0.4242398738861084,1
0.3049056828022003,1
0.3710801303386688,1
0.3938997685909271,1
0.41581571102142334,1
0.4236770272254944,1
0.2793028950691223,1
0.3527405261993408,1
0.35930395126342773,1
0.3060256838798523,1
0.2807925343513489,1
0.3420303761959076,1
0.3807761073112488,1
0.4325786828994751,1
0.2723487317562103,1
0.3413253724575043,1
0.3935607075691223,1
0.26989299058914185,1
0.3864307999610901,1
0.44171714782714844,1
0.33352550864219666,1
0.3706666827201843,1
0.30701911449432373,1
0.2939620912075043,1
0.3514500856399536,1
0.35492804646492004,1
0.35613957047462463,1
0.3338470160961151,1
0.4405686855316162,1
0.37937256693840027,1
0.29742375016212463,1
0.4644755721092224,1
0.3410283327102661,1
0.3243968188762665,1
0.3585691750049591,1
0.4548901915550232,1
0.34076040983200073,1
0.3374159336090088,1
0.40567007660865784,1
0.4300827980041504,1
0.40589991211891174,1
0.3555670976638794,1
0.4167114496231079,1
0.4321921765804291,1
0.4010893702507019,1
0.27289819717407227,1
0.39707595109939575,1
0.33352646231651306,1
0.3249973654747009,1
0.573013424873352,1
0.3178578019142151,1
0.3610789179801941,1
0.450666606426239,1
0.32505062222480774,1
0.5283272862434387,1
0.4226572513580322,1
0.3344321846961975,1
0.32412266731262207,1
0.44988295435905457,1
0.23148131370544434,1
0.3139469027519226,1
0.2981748580932617,1
0.4273914098739624,1
0.2818354666233063,1
0.3329920172691345,1
0.46990203857421875,1
0.2972520589828491,1
0.36406266689300537,1
0.3943699896335602,1
0.4330424964427948,1
0.3373492956161499,1
0.3954610824584961,1
0.34949183464050293,1
0.39314624667167664,1
0.30938613414764404,1
0.38019609451293945,1
0.38680535554885864,1
0.3952369689941406,1
0.30472517013549805,1
0.4845873713493347,1
0.3498179614543915,1
0.3205106258392334,1
0.29632118344306946,1
0.4042280316352844,1
0.3256179392337799,1
0.38118863105773926,1
0.4064920246601105,1
0.4892866611480713,1
0.3952247202396393,1
0.33361268043518066,1
0.3532688319683075,1
0.3830684721469879,1
0.35779333114624023,1
0.32943612337112427,1
0.2863263785839081,1
0.4748440980911255,1
0.31854093074798584,1
0.37725552916526794,1
0.5003663897514343,1
0.34217917919158936,1
0.3816951811313629,1
0.3602544665336609,1
0.5385707020759583,1
0.451937198638916,1
0.3738442659378052,1
0.29639318585395813,1
0.37924924492836,1
0.30471184849739075,1
0.3842887282371521,1
0.37861379981040955,1
0.31892046332359314,1
0.3918045461177826,1
0.5113881230354309,1
0.2920447587966919,1
0.3768228590488434,1
0.400194376707077,1
0.45388293266296387,1
0.3872688114643097,1
0.355452299118042,1
0.32512807846069336,1
0.31598466634750366,1
0.36474862694740295,1
0.413306325674057,1
0.26915526390075684,1
0.3548860549926758,1
0.3172524571418762,1
0.47981855273246765,1
0.5201151371002197,1
0.37069159746170044,1
0.34894636273384094,1
0.34304821491241455,1
0.31730714440345764,1
0.4701188802719116,1
0.36746248602867126,1
0.4193425476551056,1
0.3031036853790283,1
0.2912820875644684,1
0.3309839963912964,1
0.4548626244068146,1
0.4086582064628601,1
0.3898763060569763,1
0.3141323924064636,1
0.3783020079135895,1
0.3505553603172302,1
0.42848968505859375,1
0.2883727550506592,1
0.2821933627128601,1
0.41230449080467224,1
0.29602134227752686,1
0.2649715840816498,1
0.4358955919742584,1
0.4575139880180359,1
0.3757268786430359,1
0.3325389623641968,1
0.3217439651489258,1
0.23364794254302979,1
0.47056910395622253,1
0.34980785846710205,1
0.3929153084754944,1
0.3919790983200073,1
0.33596643805503845,1
0.4475918412208557,1
0.3332318067550659,1
0.36013853549957275,1
0.3894803524017334,1
0.2654736340045929,1
0.3467475175857544,1
0.26585569977760315,1
0.30791783332824707,1
0.3687395453453064,1
0.39152345061302185,1
0.3170980215072632,1
0.4014313220977783,1
0.32052168250083923,1
0.3259965777397156,1
0.36039188504219055,1
0.35969939827919006,1
0.35002100467681885,1
0.39486533403396606,1
0.34069180488586426,1
0.4537610411643982,1
0.46310919523239136,1
0.2740366756916046,1
0.3410521149635315,1
0.42071714997291565,1
0.2794764041900635,1
0.2658502459526062,1
0.34157633781433105,1
0.3799775242805481,1
0.28392696380615234,1
0.26848721504211426,1
0.4209437966346741,1
0.36690178513526917,1
0.4356656074523926,1
0.3697246015071869,1
0.3475579619407654,1
0.41680580377578735,1
0.3359590768814087,1
0.3838244378566742,1
0.3553663194179535,1
0.40722477436065674,1
0.3560848832130432,1
0.3098345398902893,1
0.3706020712852478,1
0.4379597306251526,1
0.4885076582431793,1
0.3342629671096802,1
0.44075584411621094,1
0.36017414927482605,1
0.38826489448547363,1
0.3576924204826355,1
0.2702561616897583,1
0.2517090439796448,1
0.2171589732170105,1
0.24416793882846832,1
0.23733173310756683,1
0.3812825381755829,1
0.3075961768627167,1
0.3696182668209076,1
0.3152838349342346,1
0.45580771565437317,1
0.31551241874694824,1
0.44595620036125183,1
0.45381855964660645,1
0.33421987295150757,1
0.31849005818367004,1
0.24613335728645325,1
0.4538552165031433,1
0.3290170431137085,1
0.3072030544281006,1
0.3036663830280304,1
0.3574824333190918,1
0.5031692981719971,1
0.4180023670196533,1
0.38010871410369873,1
0.47993749380111694,1
0.38836169242858887,1
0.3120741546154022,1
0.44405755400657654,1
0.3139008581638336,1
0.31960049271583557,1
0.5414741039276123,1
0.48200422525405884,1
0.44867047667503357,1
0.3633546233177185,1
0.30953919887542725,1
0.4761088192462921,1
0.4339381754398346,1
0.2739649713039398,1
0.2774713933467865,1
0.34666842222213745,1
0.3533655107021332,1
0.34848088026046753,1
0.29493144154548645,1
0.2552098333835602,1
0.3235621750354767,1
0.35735368728637695,1
0.3344859480857849,1
0.40449559688568115,1
0.37742385268211365,1
0.23833267390727997,1
0.31906184554100037,1
0.3632051944732666,1
0.34076040983200073,1
0.3408537209033966,1
0.4132675528526306,1
0.42047691345214844,1
0.3240914046764374,1
0.36293530464172363,1
0.3911678194999695,1
0.34504157304763794,1
0.25769516825675964,1
0.5333215594291687,1
0.4056636691093445,1
0.3756912648677826,1
0.3607710599899292,1
0.4386689364910126,1
0.3485257923603058,1
0.42440149188041687,1
0.418800950050354,1
0.35777968168258667,1
0.31751182675361633,1
0.29450052976608276,1
0.46135133504867554,1
0.384000301361084,1
0.5008926391601563,1
0.38874930143356323,1
0.3889804482460022,1
0.3803231120109558,1
0.42638951539993286,1
0.2904357612133026,1
0.36693647503852844,1
0.298234224319458,1
0.35462674498558044,1
0.3776450753211975,1
0.34137162566185,1
0.32999274134635925,1
0.28967708349227905,1
0.32276174426078796,1
0.4072980582714081,1
0.33878546953201294,1
0.3449546992778778,1
0.44970738887786865,1
0.39115363359451294,1
0.33786725997924805,1
0.29946041107177734,1
0.43263357877731323,1
0.3006431758403778,1
0.4207882881164551,1
0.3081773519515991,1
0.38434869050979614,1
0.44655513763427734,1
0.3584573566913605,1
0.31712496280670166,1
0.2788551151752472,1
0.44299057126045227,1
0.4432644844055176,1
0.4031199812889099,1
0.3410851061344147,1
0.2722092270851135,1
0.3970559239387512,1
0.3653867840766907,1
0.3819007873535156,1
0.38560640811920166,1
0.43983355164527893,1
0.43793654441833496,1
0.44027280807495117,1
0.41356906294822693,1
0.3060028553009033,1
0.3957683742046356,1
0.44682130217552185,1
0.33896276354789734,1
0.35301539301872253,1
0.40584635734558105,1
0.3846316337585449,1
0.4177120327949524,1
0.3507724404335022,1
0.435904324054718,1
0.388139009475708,1
0.44693511724472046,1
0.42258137464523315,1
0.3494594097137451,1
0.3278590142726898,1
0.35209691524505615,1
0.39999693632125854,1
0.4493366479873657,1
0.30805346369743347,1
0.34886181354522705,1
0.306482195854187,1
0.26167112588882446,1
0.3431189954280853,1
0.27031606435775757,1
0.38911452889442444,1
0.34535354375839233,1
0.2842847406864166,1
0.4117817282676697,1
0.3102927803993225,1
0.43658027052879333,1
0.37571826577186584,1
0.3377859890460968,1
0.27064335346221924,1
0.4022982120513916,1
0.43530023097991943,1
0.3378564119338989,1
0.3833657205104828,1
0.27266085147857666,1
0.36286741495132446,1
0.4391152858734131,1
0.43667179346084595,1
0.5065269470214844,1
0.2946400046348572,1
0.33202147483825684,1
0.3962598443031311,1
0.3990415334701538,1
0.3955882787704468,1
0.3256815969944,1
0.3367023468017578,1
0.3448914885520935,1
0.41116568446159363,1
0.3063754141330719,1
0.4343969225883484,1
0.387725293636322,1
0.28134363889694214,1
0.32318416237831116,1
0.40987226366996765,1
0.3608384430408478,1
0.3537745475769043,1
0.2564908564090729,1
0.3171944320201874,1
0.3291929364204407,1
0.4136839509010315,1
0.46300458908081055,1
0.3751538395881653,1
0.43387848138809204,1
0.368976891040802,1
0.37483328580856323,1
0.3700847625732422,1
0.46511271595954895,1
0.29231423139572144,1
0.36219343543052673,1
0.3012516498565674,1
0.2919703722000122,1
0.2812740206718445,1
0.3210986852645874,1
0.40071552991867065,1
0.44186291098594666,1
0.24575446546077728,1
0.2362179309129715,1
0.3793427348136902,1
0.46737048029899597,1
0.266461044549942,1
0.344661146402359,1
0.29025769233703613,1
0.3119617998600006,1
0.4482671320438385,1
0.2900388836860657,1
0.37751567363739014,1
0.395344614982605,1
0.30059710144996643,1
0.5207864046096802,1
0.48213231563568115,1
0.40295159816741943,1
0.33270135521888733,1
0.40556833148002625,1
0.3881918787956238,1
0.381727397441864,1
0.44513240456581116,1
0.35629937052726746,1
0.2917530834674835,1
0.4052678346633911,1
0.3718993067741394,1
0.3555307388305664,1
0.3977051377296448,1
0.36174848675727844,1
0.4232504069805145,1
0.3196049630641937,1
0.4270845651626587,1
0.4961697459220886,1
0.35484570264816284,1
0.45670855045318604,1
0.34139466285705566,1
0.3880583643913269,1
0.3882705867290497,1
0.4023306369781494,1
0.3439610004425049,1
0.29565751552581787,1
0.41517606377601624,1
0.4093564450740814,1
0.2628067135810852,1
0.2970260977745056,1
0.30838078260421753,1
0.4815179407596588,1
0.2704008221626282,1
0.4502485990524292,1
0.26698410511016846,1
0.3140523433685303,1
0.3472781479358673,1
0.2993003726005554,1
0.4000595211982727,1
0.2855933606624603,1
0.3384607434272766,1
0.4062344431877136,1
0.3301098048686981,1
0.35512787103652954,1
0.33066636323928833,1
0.4825011193752289,1
0.37299710512161255,1
0.37178346514701843,1
0.3427792191505432,1
0.3320256173610687,1
0.2487136870622635,1
0.49876296520233154,1
0.35589468479156494,1
0.2401852309703827,1
0.429484099149704,1
0.3524903655052185,1
0.4306337833404541,1
0.40680888295173645,1
0.3384365141391754,1
0.3110823929309845,1
0.3681025505065918,1
0.46565476059913635,1
0.3565120995044708,1
0.266316294670105,1
0.3308452069759369,1
0.33547526597976685,1
0.26654818654060364,1
0.36087149381637573,1
0.28335222601890564,1
0.2718450129032135,1
0.35190874338150024,1
0.3874710500240326,1
0.34442293643951416,1
0.20084980130195618,1
0.28052380681037903,1
0.338138610124588,1
0.38145267963409424,1
0.5520524382591248,1
0.48458486795425415,1
0.350532203912735,1
0.31461387872695923,1
0.35810598731040955,1
0.2788119614124298,1
0.2762312591075897,1
0.3255176544189453,1
0.33503228425979614,1
0.40451639890670776,1
0.2063719928264618,1
0.4397585988044739,1
0.45260679721832275,1
0.33670979738235474,1
0.2214726060628891,1
0.2574876546859741,1
0.3571630120277405,1
0.2571297883987427,1
0.3131262958049774,1
0.3687528967857361,1
0.33368006348609924,1
0.295387327671051,1
0.5441362857818604,1
0.3777545690536499,1
0.46431294083595276,1
0.42650336027145386,1
0.45350706577301025,1
0.3327960968017578,1
0.43773964047431946,1
0.4186481833457947,1
0.385442852973938,1
0.33378228545188904,1
0.4216216802597046,1
0.3517042100429535,1
0.39846062660217285,1
0.38074594736099243,1
0.36235713958740234,1
0.36196112632751465,1
0.2557399570941925,1
0.38434189558029175,1
0.24892328679561615,1
0.2361930012702942,1
0.38813579082489014,1
0.376376748085022,1
0.4126928150653839,1
0.2685799300670624,1
0.311317503452301,1
0.31292736530303955,1
0.3339295983314514,1
0.353790283203125,1
0.3581975996494293,1
0.3768913149833679,1
0.4522458016872406,1
0.38889533281326294,1
0.31615006923675537,1
0.5103995203971863,1
0.4379824101924896,1
0.35495108366012573,1
0.35966211557388306,1
0.30020859837532043,1
0.46572446823120117,1
0.38934260606765747,1
0.3231826424598694,1
0.35605764389038086,1
0.24782055616378784,1
0.27808037400245667,1
0.3378618657588959,1
0.33816051483154297,1
0.339749813079834,1
0.488125205039978,1
0.3744787871837616,1
0.3931322693824768,1
0.35909563302993774,1
0.4400736391544342,1
0.3656676411628723,1
0.4435409605503082,1
0.3773898780345917,1
0.3606542944908142,1
0.42169225215911865,1
0.2513531446456909,1
0.4318321943283081,1
0.3181481957435608,1
0.2984578013420105,1
0.3841807246208191,1
0.37310099601745605,1
0.4736367464065552,1
0.28329694271087646,1
0.3916046619415283,1
0.31108739972114563,1
0.37999221682548523,1
0.3843957185745239,1
0.45003581047058105,1
0.2877562642097473,1
0.4092453122138977,1
0.4296933710575104,1
0.2768370807170868,1
0.35478973388671875,1
0.3885093033313751,1
0.32630324363708496,1
0.3429111838340759,1
0.2809525728225708,1
0.3186008036136627,1
0.24870532751083374,1
0.3159137964248657,1
0.32002946734428406,1
0.33403894305229187,1
0.21184822916984558,1
0.3057604432106018,1
0.39226436614990234,1
0.4428672790527344,1
0.3599016070365906,1
0.38968437910079956,1
0.4123270511627197,1
0.36212414503097534,1
0.3292657136917114,1
0.332057923078537,1
0.3171972334384918,1
0.42120832204818726,1
0.3485015332698822,1
0.46541133522987366,1
0.40564849972724915,1
0.47021743655204773,1
0.3864968419075012,1
0.27367091178894043,1
0.2930552661418915,1
0.33530542254447937,1
0.31601130962371826,1
0.4319975972175598,1
0.3528103828430176,1
0.32488200068473816,1
0.3236772418022156,1
0.408513605594635,1
0.34048527479171753,1
0.42765480279922485,1
0.2920667231082916,1
0.36577510833740234,1
0.4203605353832245,1
0.3521728515625,1
0.5307456254959106,1
0.34358489513397217,1
0.235392764210701,1
0.2937697768211365,1
0.37903153896331787,1
0.348359078168869,1
0.34394586086273193,1
0.46884578466415405,1
0.3962780833244324,1
0.33105361461639404,1
0.4406725764274597,1
0.4092080295085907,1
0.34074562788009644,1
0.4412730932235718,1
0.35557734966278076,1
0.41952499747276306,1
0.31066685914993286,1
0.3445459306240082,1
0.5183466672897339,1
0.4643583595752716,1
0.4275608956813812,1
0.27232345938682556,1
0.46722424030303955,1
0.3171355724334717,1
0.23433753848075867,1
0.37271443009376526,1
0.3203044533729553,1
0.369564950466156,1
0.3512563407421112,1
0.2670767903327942,1
0.3748317360877991,1
0.28073906898498535,1
0.48905888199806213,1
0.45005297660827637,1
0.39633557200431824,1
0.4236946702003479,1
0.2919989824295044,1
0.40600448846817017,1
0.3631160855293274,1
0.26688557863235474,1
0.34454235434532166,1
0.2908383011817932,1
0.2824362814426422,1
0.2759723365306854,1
0.2779993414878845,1
0.4080810844898224,1
0.3036307692527771,1
0.28692370653152466,1
0.48740270733833313,1
0.33853256702423096,1
0.3928140103816986,1
0.3740375339984894,1
0.2970413565635681,1
0.31715911626815796,1
0.4645279049873352,1
0.3109592795372009,1
0.318893164396286,1
0.28257155418395996,1
0.3455650508403778,1
0.3065006732940674,1
0.4069123864173889,1
0.3489171266555786,1
0.30286020040512085,1
0.32947099208831787,1
0.24722711741924286,1
0.44829219579696655,1
0.5729749798774719,1
0.4341961741447449,1
0.35059854388237,1
0.4479970633983612,1
0.40581661462783813,1
0.35073941946029663,1
0.27329757809638977,1
0.4136775732040405,1
0.30209365487098694,1
0.27371451258659363,1
0.2602933645248413,1
0.4265579879283905,1
0.4102369546890259,1
0.5068545341491699,1
0.3015711009502411,1
0.3436000645160675,1
0.3643503189086914,1
0.383853018283844,1
0.3518032431602478,1
0.3255420923233032,1
0.3151364326477051,1
0.45651373267173767,1
0.4186028242111206,1
0.3123806416988373,1
0.4095287322998047,1
0.3356679677963257,1
0.30496230721473694,1
0.2843250036239624,1
0.28863856196403503,1
0.35085123777389526,1
0.32498207688331604,1
0.3584498167037964,1
0.3673706650733948,1
0.36503052711486816,1
0.36878228187561035,1
0.3372385501861572,1
0.304662823677063,1
0.389293909072876,1
0.3533293902873993,1
0.45786669850349426,1
0.35829001665115356,1
0.32172691822052,1
0.42682987451553345,1
0.3527132272720337,1
0.35314226150512695,1
0.4771862328052521,1
0.2992214560508728,1
0.25812605023384094,1
0.35500568151474,1
0.1994147151708603,1
0.311440110206604,1
0.2972571849822998,1
0.4186851382255554,1
0.3114265203475952,1
0.319282591342926,1
0.31639066338539124,1
0.30417609214782715,1
0.3999599516391754,1
0.33695361018180847,1
0.44090208411216736,1
0.4759635925292969,1
0.46439409255981445,1
0.3204895853996277,1
0.3993612825870514,1
0.34715157747268677,1
0.43723034858703613,1
0.2946222424507141,1
0.4162767827510834,1
0.3762751817703247,1
0.3748880624771118,1
0.31436458230018616,1
0.3549606204032898,1
0.31535202264785767,1
0.34910351037979126,1
0.3727985620498657,1
0.42161667346954346,1
0.2998368740081787,1
0.44958949089050293,1
0.25947654247283936,1
0.28416943550109863,1
0.3772539496421814,1
0.3794620633125305,1
0.39976856112480164,1
0.36075323820114136,1
0.3848923444747925,1
0.42471855878829956,1
0.42058074474334717,1
0.3607307970523834,1
0.3939165472984314,1
0.4927903711795807,1
0.3760393261909485,1
0.33018457889556885,1
0.31823715567588806,1
0.3073679804801941,1
0.32444751262664795,1
0.3602106273174286,1
0.3716365098953247,1
0.3696405291557312,1
0.27740010619163513,1
0.45575520396232605,1
0.26951849460601807,1
0.22140832245349884,1
0.3164081871509552,1
0.3593830466270447,1
0.3227643072605133,1
0.3305734395980835,1
0.367507666349411,1
0.4190543591976166,1
0.3637198209762573,1
0.30045583844184875,1
0.328870952129364,1
0.39843517541885376,1
0.3388184607028961,1
0.3560270071029663,1
0.45194125175476074,1
0.33211520314216614,1
0.3459365665912628,1
0.2442474663257599,1
0.40981507301330566,1
0.2739846706390381,1
0.35791879892349243,1
0.5191982984542847,1
0.38789594173431396,1
0.3370831608772278,1
0.33604538440704346,1
0.277639240026474,1
0.3271714150905609,1
0.3568664491176605,1
0.3869008421897888,1
0.30643120408058167,1
0.49627548456192017,1
0.31194841861724854,1
0.28639066219329834,1
0.4475114345550537,1
0.3449596166610718,1
0.41447022557258606,1
0.35875970125198364,1
0.3030109107494354,1
0.29861021041870117,1
0.40458741784095764,1
0.3711215555667877,1
0.40859588980674744,1
0.3584411144256592,1
0.2738066017627716,1
0.3367151618003845,1
0.33561083674430847,1
0.29155394434928894,1
0.4459676146507263,1
0.32560664415359497,1
0.2981037199497223,1
0.471537321805954,1
0.3790675401687622,1
0.3119191825389862,1
0.32787173986434937,1
0.3818909525871277,1
0.4251042604446411,1
0.3526296615600586,1
0.2984105348587036,1
0.41292673349380493,1
0.479181170463562,1
0.31493550539016724,1
0.4200810194015503,1
0.3113270401954651,1
0.3133489787578583,1
0.3658366799354553,1
0.4278293251991272,1
0.32268083095550537,1
0.4895937740802765,1
0.3432520031929016,1
0.3128005862236023,1
0.34739139676094055,1
0.3276780843734741,1
0.3568956255912781,1
0.4701656401157379,1
0.29614946246147156,1
0.37681272625923157,1
0.30630648136138916,1
0.32140564918518066,1
0.3574315011501312,1
0.35658329725265503,1
0.41525718569755554,1
0.39669859409332275,1
0.37456846237182617,1
0.2686472535133362,1
0.37509679794311523,1
0.3918071985244751,1
0.3791869580745697,1
0.3821607530117035,1
0.3320506811141968,1
0.3506651818752289,1
0.4061490297317505,1
0.376330703496933,1
0.38137581944465637,1
0.3482056260108948,1
0.26381397247314453,1
0.3430648446083069,1
0.3203982710838318,1
0.31831592321395874,1
0.3225732445716858,1
0.40380653738975525,1
0.371901273727417,1
0.3991636037826538,1
0.37004661560058594,1
0.3911886215209961,1
0.3864370882511139,1
0.251224547624588,1
0.3254086971282959,1
0.4019858241081238,1
0.3801024258136749,1
0.3698028028011322,1
0.298184335231781,1
0.34407496452331543,1
0.27478113770484924,1
0.4392670691013336,1
0.572230875492096,1
0.30987727642059326,1
0.36149781942367554,1
0.3473195731639862,1
0.39485734701156616,1
0.4106053411960602,1
0.33943456411361694,1
0.4228760898113251,1
0.42520034313201904,1
0.4835694432258606,1
0.43992793560028076,1
0.31474578380584717,1
0.29629671573638916,1
0.3020227551460266,1
0.33662962913513184,1
0.28284063935279846,1
0.37277141213417053,1
0.4084928035736084,1
0.31263235211372375,1
0.32838791608810425,1
0.5651916861534119,1
0.33364003896713257,1
0.3851276636123657,1
0.37808936834335327,1
0.3730672597885132,1
0.3663204610347748,1
0.30530983209609985,1
0.38853633403778076,1
0.4049701690673828,1
0.34404540061950684,1
0.31417882442474365,1
0.2192583680152893,1
0.35836881399154663,1
0.33626723289489746,1
0.3521367609500885,1
0.3591979146003723,1
0.46736013889312744,1
0.42840835452079773,1
0.30928754806518555,1
0.36811965703964233,1
0.4200318157672882,1
0.3454560339450836,1
0.29863232374191284,1
0.3396897315979004,1
0.34531909227371216,1
0.33973950147628784,1
0.36739301681518555,1
0.47778138518333435,1
0.3485441207885742,1
0.38962507247924805,1
0.38975608348846436,1
0.42377930879592896,1
0.33678576350212097,1
0.46284520626068115,1
0.4834088981151581,1
0.3026092052459717,1
0.2751598358154297,1
0.2984662652015686,1
0.49759528040885925,1
0.21138307452201843,1
0.3132833242416382,1
0.37748509645462036,1
0.327802449464798,1
0.3401549458503723,1
0.2722407281398773,1
0.35666313767433167,1
0.3984147012233734,1
0.3112407326698303,1
0.2849542498588562,1
0.5178335905075073,1
0.43453505635261536,1
0.4771001636981964,1
0.3131563663482666,1
0.3233861029148102,1
0.3050433099269867,1
0.347302109003067,1
0.26212847232818604,1
0.3542688190937042,1
0.3182365596294403,1
0.359274685382843,1
0.36835354566574097,1
0.4314925968647003,1
0.32829320430755615,1
0.3844556212425232,1
0.43171870708465576,1
0.3092706501483917,1
0.3661964535713196,1
0.3897790014743805,1
0.375499427318573,1
0.30889183282852173,1
0.3710901141166687,1
0.4432138204574585,1
0.2556856870651245,1
0.47427070140838623,1
0.3074597120285034,1
0.33107948303222656,1
0.5549213290214539,1
0.5165022015571594,1
0.3417418301105499,1
0.3592086732387543,1
0.3211617171764374,1
0.31472834944725037,1
0.28952181339263916,1
0.3276759386062622,1
0.4846891164779663,1
0.3225588798522949,1
0.4517103433609009,1
0.35645219683647156,1
0.26351574063301086,1
0.27985048294067383,1
0.32960957288742065,1
0.43965983390808105,1
0.34478533267974854,1
0.37279751896858215,1
0.40817791223526,1
0.36387285590171814,1
0.42765510082244873,1
0.2812429666519165,1
0.3824886083602905,1
0.4107646346092224,1
0.2967543601989746,1
0.3308602571487427,1
0.3258151412010193,1
0.3489219546318054,1
0.33796408772468567,1
0.39837372303009033,1
0.42059874534606934,1
0.48178428411483765,1
0.34626486897468567,1
0.3650004267692566,1
0.2830491065979004,1
0.38950324058532715,1
0.29072606563568115,1
0.27021801471710205,1
0.4271295666694641,1
0.4470096230506897,1
0.4262491464614868,1
0.4595147371292114,1
0.37824004888534546,1
0.3993707299232483,1
0.3428255617618561,1
0.41133594512939453,1
0.2866113781929016,1
0.3177753984928131,1
0.28863418102264404,1
0.3515808880329132,1
0.36087465286254883,1
0.39056047797203064,1
0.2885551452636719,1
0.4061853587627411,1
0.34707918763160706,1
0.22850307822227478,1
0.34650182723999023,1
0.33733654022216797,1
0.28656911849975586,1
0.3613317608833313,1
0.33254188299179077,1
0.3515278995037079,1
0.41560471057891846,1
0.28993868827819824,1
0.3976791203022003,1
0.2801062762737274,1
0.35146722197532654,1
0.2999439239501953,1
0.3678291440010071,1
0.28630533814430237,1
0.25463542342185974,1
0.34612035751342773,1
0.3545292019844055,1
0.42311206459999084,1
0.24510769546031952,1
0.3573373556137085,1
0.36641091108322144,1
0.41552209854125977,1
0.40192943811416626,1
0.2964765131473541,1
0.34409600496292114,1
0.31149566173553467,1
0.35714221000671387,1
0.3487232029438019,1
0.3743734359741211,1
0.4465954899787903,1
0.3366478681564331,1
0.2961019277572632,1
0.37275075912475586,1
0.4590997099876404,1
0.408422589302063,1
0.3308057188987732,1
0.43031060695648193,1
0.3389682173728943,1
0.4185751974582672,1
0.347587913274765,1
0.31993675231933594,1
0.37740203738212585,1
0.39652150869369507,1
0.49931758642196655,1
0.33203646540641785,1
0.5120977163314819,1
0.3511509299278259,1
0.339945524930954,1
0.2766907811164856,1
0.4759654700756073,1
0.310751348733902,1
0.3552566468715668,1
0.402893990278244,1
0.3427588939666748,1
0.3609607219696045,1
0.32834815979003906,1
0.33190304040908813,1
0.27970176935195923,1
0.3427671790122986,1
0.34394827485084534,1
0.35187411308288574,1
0.467807412147522,1
0.30228668451309204,1
0.25535690784454346,1
0.41699889302253723,1
0.40105170011520386,1
0.3978138566017151,1
0.3863813281059265,1
0.3126949071884155,1
0.39234697818756104,1
0.45298948884010315,1
0.36967232823371887,1
0.5264266729354858,1
0.35748952627182007,1
0.338693767786026,1
0.33390408754348755,1
0.2762501537799835,1
0.3922249674797058,1
0.3949893116950989,1
0.2936174273490906,1
0.31980371475219727,1
0.39908266067504883,1
0.3724551796913147,1
0.3438588082790375,1
0.45564067363739014,1
0.37428930401802063,1
0.40399399399757385,1
0.38318419456481934,1
0.3336656093597412,1
0.3095548152923584,1
0.3292800188064575,1
0.41463759541511536,1
0.5213381052017212,1
0.34246915578842163,1
0.35224810242652893,1
0.459757924079895,1
0.33908960223197937,1
0.4324735403060913,1
0.3184981346130371,1
0.3157404065132141,1
0.351157546043396,1
0.3294157385826111,1
0.33893799781799316,1
0.3166223466396332,1
0.3967920243740082,1
0.3791719675064087,1
0.36916932463645935,1
0.4308568239212036,1
0.3551027774810791,1
0.292735755443573,1
0.3020561933517456,1
0.30030542612075806,1
0.29866111278533936,1
0.32083940505981445,1
0.4132389426231384,1
0.3723583221435547,1
0.4402427673339844,1
0.35548239946365356,1
0.3450440764427185,1
0.2886735796928406,1
0.44539979100227356,1
0.34868550300598145,1
0.34330499172210693,1
0.3837147355079651,1
0.31797248125076294,1
0.35543641448020935,1
0.33785280585289,1
0.5187981128692627,1
0.2978440523147583,1
0.30746525526046753,1
0.34208208322525024,1
0.378754585981369,1
0.3296087086200714,1
0.2965225577354431,1
0.42156699299812317,1
0.3245371878147125,1
0.43123966455459595,1
0.46881747245788574,1
0.32655027508735657,1
0.4342697858810425,1
0.38778477907180786,1
0.29575103521347046,1
0.35281580686569214,1
0.38211163878440857,1
0.44345200061798096,1
0.5821515917778015,1
0.38402053713798523,1
0.4321492314338684,1
0.4605367183685303,1
0.4139738082885742,1
0.31254908442497253,1
0.382086843252182,1
0.4407684803009033,1
0.4393608570098877,1
0.23004774749279022,1
0.35926467180252075,1
0.3098992705345154,1
0.3325086236000061,1
0.3760194182395935,1
0.28776514530181885,1
0.42966488003730774,1
0.34435388445854187,1
0.4815106689929962,1
0.3469245433807373,1
0.3594622313976288,1
0.35215508937835693,1
0.3544952869415283,1
0.3281829357147217,1
0.3981935977935791,1
0.31032589077949524,1
0.3361015319824219,1
0.48958879709243774,1
0.3065151870250702,1
0.30005720257759094,1
0.2834450900554657,1
0.42119041085243225,1
0.31632304191589355,1
0.28137385845184326,1
0.3276821970939636,1
0.3029145896434784,1
0.3221077620983124,1
0.3581094741821289,1
0.2941475510597229,1
0.42084434628486633,1
0.422103613615036,1
0.5594120025634766,1
0.36177051067352295,1
0.2765727937221527,1
0.4392728805541992,1
0.2886095643043518,1
0.34937936067581177,1
0.26618722081184387,1
0.42199331521987915,1
0.37641823291778564,1
0.41908228397369385,1
0.27723920345306396,1
0.37879255414009094,1
0.36372166872024536,1
0.39721354842185974,1
0.3666880130767822,1
0.38607901334762573,1
0.4629003703594208,1
0.4378613233566284,1
0.42810696363449097,1
0.29144686460494995,1
0.3795146942138672,1
0.45702117681503296,1
0.2702922224998474,1
0.4763509929180145,1
0.36801207065582275,1
0.44386547803878784,1
0.35660386085510254,1
0.32024043798446655,1
0.2686675488948822,1
0.4237154722213745,1
0.38966280221939087,1
0.37623465061187744,1
0.27965396642684937,1
0.3671645522117615,1
0.4307172894477844,1
0.39736902713775635,1
0.4649003744125366,1
0.3826866149902344,1
0.31575509905815125,1
0.43994346261024475,1
0.5098756551742554,1
0.38088229298591614,1
0.43290597200393677,1
0.3026851415634155,1
0.3762298822402954,1
0.2813259959220886,1
0.3478333652019501,1
0.34757742285728455,1
0.3159841299057007,1
0.4784802794456482,1
0.353451132774353,1
0.32344210147857666,1
0.35540005564689636,1
0.26823562383651733,1
0.3602105677127838,1
0.35186779499053955,1
0.3276219069957733,1
0.4417160451412201,1
0.31720760464668274,1
0.3547018766403198,1
0.4092695713043213,1
0.4043940007686615,1
0.3451908826828003,1
0.3607519268989563,1
0.2823212742805481,1
0.4020043909549713,1
0.3431045413017273,1
0.3334832191467285,1
0.34155601263046265,1
0.28067463636398315,1
0.31692931056022644,1
0.3176329731941223,1
0.3733271062374115,1
0.30875831842422485,1
0.31076377630233765,1
0.26909810304641724,1
0.4766174554824829,1
0.3988329768180847,1
0.34656909108161926,1
0.28629496693611145,1
0.3637203574180603,1
0.3239961862564087,1
0.3098341226577759,1
0.37852010130882263,1
0.24792827665805817,1
0.4148828089237213,1
0.3534463047981262,1
0.3318229913711548,1
0.34786728024482727,1
0.34865450859069824,1
0.34260135889053345,1
0.30808237195014954,1
0.3806092143058777,1
0.3377501964569092,1
0.3230823278427124,1
0.3823031187057495,1
0.4594544470310211,1
0.3769218325614929,1
0.2814706861972809,1
0.39498117566108704,1
0.38992780447006226,1
0.4250866770744324,1
0.30861735343933105,1
0.2951810956001282,1
0.3608532249927521,1
0.24717140197753906,1
0.26744794845581055,1
0.3242513835430145,1
0.48821717500686646,1
0.3213234841823578,1
0.3755958676338196,1
0.4235490560531616,1
0.36587217450141907,1
0.4521065950393677,1
0.3943840563297272,1
0.4176796078681946,1
0.32737457752227783,1
0.34022560715675354,1
0.4293076992034912,1
0.29026442766189575,1
0.3597958981990814,1
0.6035935878753662,1
0.3124374449253082,1
0.35642966628074646,1
0.41222769021987915,1
0.34633150696754456,1
0.33485186100006104,1
0.27544665336608887,1
0.3613811731338501,1
0.48706310987472534,1
0.2641097903251648,1
0.3146939277648926,1
0.22034086287021637,1
0.435976505279541,1
0.3614511489868164,1
0.34694284200668335,1
0.2999417781829834,1
0.39016440510749817,1
0.43599873781204224,1
0.33935654163360596,1
0.43129393458366394,1
0.4091995656490326,1
0.30189579725265503,1
0.3203936815261841,1
0.34967517852783203,1
0.3154314160346985,1
0.32908833026885986,1
0.298502653837204,1
0.4246945083141327,1
0.3521868586540222,1
0.38099315762519836,1
0.26790130138397217,1
0.26588737964630127,1
0.4529958963394165,1
0.39150577783584595,1
0.3885803520679474,1
0.3213222026824951,1
0.34602582454681396,1
0.37780043482780457,1
0.3481774926185608,1
0.35291945934295654,1
0.435530424118042,1
0.3492436408996582,1
0.4658416509628296,1
0.3763829469680786,1
0.32003146409988403,1
0.3460211455821991,1
0.3731737434864044,1
0.45305904746055603,1
0.4251788854598999,1
0.4012555181980133,1
0.32628902792930603,1
0.2845621705055237,1
0.3563404679298401,1
0.23779012262821198,1
0.4123404622077942,1
0.3717811107635498,1
0.35024595260620117,1
0.4247574806213379,1
0.4347640872001648,1
0.2986443042755127,1
0.35628920793533325,1
0.4030435383319855,1
0.37157198786735535,1
0.48555493354797363,1
0.3893623650074005,1
0.37384164333343506,1
0.23350225389003754,1
0.31919002532958984,1
0.3492339849472046,1
0.34807413816452026,1
0.2874373495578766,1
0.25461822748184204,1
0.36167964339256287,1
0.30449244379997253,1
0.36070510745048523,1
0.29410678148269653,1
0.34170931577682495,1
0.33113938570022583,1
0.4295692443847656,1
0.37285029888153076,1
0.4337370693683624,1
0.38193246722221375,1
0.4190719723701477,1
0.3053363263607025,1
0.2819586396217346,1
0.3200971484184265,1
0.452477365732193,1
0.3761744499206543,1
0.3257610499858856,1
0.4133719205856323,1
0.2608155608177185,1
0.3451392650604248,1
0.3032490015029907,1
0.460701048374176,1
0.346253365278244,1
0.29812732338905334,1
0.4045493006706238,1
0.31172236800193787,1
0.3479040265083313,1
0.3703410029411316,1
0.3928549885749817,1
0.5215594172477722,1
0.37364134192466736,1
0.36428016424179077,1
0.2782443165779114,1
0.3256518840789795,1
0.43631482124328613,1
0.43847259879112244,1
0.46320807933807373,1
0.35821378231048584,1
0.3179686665534973,1
0.34167349338531494,1
0.3900066614151001,1
0.4280824363231659,1
0.3247281610965729,1
0.429989218711853,1
0.4000703990459442,1
0.3427070379257202,1
0.27286893129348755,1
0.4324435591697693,1
0.3319512605667114,1
0.3566077947616577,1
0.2513333261013031,1
0.42858296632766724,1
0.3805564045906067,1
0.39959073066711426,1
0.3575601577758789,1
0.29695165157318115,1
0.4022529125213623,1
0.35146012902259827,1
0.2585253417491913,1
0.2957257628440857,1
0.4513917863368988,1
0.30298441648483276,1
0.43193477392196655,1
0.32331109046936035,1
0.33164915442466736,1
0.34902045130729675,1
0.42151403427124023,1
0.32829970121383667,1
0.3928883373737335,1
0.4190222918987274,1
0.4405420422554016,1
0.376135915517807,1
0.36748844385147095,1
0.3161003887653351,1
0.36603543162345886,1
0.2375541627407074,1
0.33268266916275024,1
0.2841064929962158,1
0.4129958152770996,1
0.3623396158218384,1
0.3862297534942627,1
0.3362601101398468,1
0.37958696484565735,1
0.31694501638412476,1
0.2841039001941681,1
0.3148576021194458,1
0.4672592580318451,1
0.4917325973510742,1
0.27801060676574707,1
0.3854188919067383,1
0.2991957664489746,1
0.3742455244064331,1
0.3810840845108032,1
0.32612359523773193,1
0.3679963946342468,1
0.4923757314682007,1
0.2822219729423523,1
0.4398512840270996,1
0.26616817712783813,1
0.4102533459663391,1
0.3897593021392822,1
0.39361804723739624,1
0.34384143352508545,1
0.4091912508010864,1
0.2887442111968994,1
0.31590402126312256,1
0.22491030395030975,1
0.3124602138996124,1
0.2886159121990204,1
0.34139102697372437,1
0.25205257534980774,1
0.36089468002319336,1
0.39177972078323364,1
0.2807310223579407,1
0.25231730937957764,1
0.4251779615879059,1
0.3243928551673889,1
0.3972722291946411,1
0.3551519513130188,1
0.44934290647506714,1
0.2865981459617615,1
0.36753934621810913,1
0.3659977316856384,1
0.3995577394962311,1
0.38333454728126526,1
0.4757133424282074,1
0.4770066738128662,1
0.35192710161209106,1
0.4570743441581726,1
0.37881264090538025,1
0.3369547128677368,1
0.4344528615474701,1
0.28242257237434387,1
0.40210020542144775,1
0.43744921684265137,1
0.3484196066856384,1
0.43835628032684326,1
0.32245907187461853,1
0.442508727312088,1
0.4304114878177643,1
0.36965692043304443,1
0.3713153600692749,1
0.3284541964530945,1
0.4036905765533447,1
0.34005844593048096,1
0.37532275915145874,1
0.36981064081192017,1
0.29542040824890137,1
0.4308341145515442,1
0.36605748534202576,1
0.46212124824523926,1
0.36013907194137573,1
0.3921707272529602,1
0.3886508643627167,1
0.48040786385536194,1
0.3661007881164551,1
0.46970948576927185,1
0.3450140058994293,1
0.3766946792602539,1
0.2968462109565735,1
0.49204885959625244,1
0.30049651861190796,1
0.3895556926727295,1
0.37886932492256165,1
0.40383678674697876,1
0.34197479486465454,1
0.32922476530075073,1
0.3281248211860657,1
0.48434048891067505,1
0.4396735429763794,1
0.32857745885849,1
0.35825371742248535,1
0.30967220664024353,1
0.30313193798065186,1
0.35206449031829834,1
0.3398275375366211,1
0.4040334224700928,1
0.391966849565506,1
0.3336615562438965,1
0.3403589129447937,1
0.34949010610580444,1
0.3551793396472931,1
0.39900028705596924,1
0.4946455955505371,1
0.26458582282066345,1
0.45413243770599365,1
0.42609232664108276,1
0.36415809392929077,1
0.40565234422683716,1
0.3717297613620758,1
0.3089039921760559,1
0.32851701974868774,1
0.3759920597076416,1
0.32648688554763794,1
0.47292613983154297,1
0.36944496631622314,1
0.35767802596092224,1
0.2979999780654907,1
0.37203797698020935,1
0.3508223295211792,1
0.3825724720954895,1
0.3361201882362366,1
0.2517109215259552,1
0.31067684292793274,1
0.4218829274177551,1
0.2308078110218048,1
0.4339069128036499,1
0.37139004468917847,1
0.38458120822906494,1
0.38957321643829346,1
0.30760809779167175,1
0.3011361360549927,1
0.3845868408679962,1
0.46206915378570557,1
0.25333350896835327,1
0.3104011118412018,1
0.3523738384246826,1
0.43076860904693604,1
0.41979148983955383,1
0.46236559748649597,1
0.3584510385990143,1
0.37362372875213623,1
0.4025205373764038,1
0.39638304710388184,1
0.4093378782272339,1
0.342011034488678,1
0.3925877809524536,1
0.32236599922180176,1
0.40061184763908386,1
0.39838290214538574,1
0.35166609287261963,1
0.2841121256351471,1
0.40070411562919617,1
0.35952210426330566,1
0.22199226915836334,1
0.41612014174461365,1
0.4037678837776184,1
0.36638060212135315,1
0.40893056988716125,1
0.33800214529037476,1
0.3960883617401123,1
0.32559195160865784,1
0.3962486684322357,1
0.4219771921634674,1
0.3202352523803711,1
0.3930114507675171,1
0.30534303188323975,1
0.423331618309021,1
0.3013227880001068,1
0.35532981157302856,1
0.32669687271118164,1
0.35454681515693665,1
0.2512243986129761,1
0.3753732442855835,1
0.33618757128715515,1
0.39481601119041443,1
0.43410173058509827,1
0.1983887255191803,1
0.2955206334590912,1
0.4218088388442993,1
0.3723330497741699,1
0.3745235502719879,1
0.3909769058227539,1
0.36506152153015137,1
0.323819100856781,1
0.4128071069717407,1
0.24735602736473083,1
0.2838136553764343,1
0.3973122537136078,1
0.4261960983276367,1
0.33660250902175903,1
0.2691769003868103,1
0.43883419036865234,1
0.313295841217041,1
0.3211140036582947,1
0.4529538154602051,1
0.3502340316772461,1
0.33957403898239136,1
0.504551887512207,1
0.3641520142555237,1
0.24585531651973724,1
0.31392690539360046,1
0.4163709878921509,1
0.3545275032520294,1
0.37135064601898193,1
0.30320966243743896,1
0.3058045208454132,1
0.37186703085899353,1
0.39067065715789795,1
0.2616279125213623,1
0.28319934010505676,1
0.4161192774772644,1
0.3971717953681946,1
0.32836174964904785,1
0.35308563709259033,1
0.35367074608802795,1
0.42176157236099243,1
0.2977443039417267,1
0.44511228799819946,1
0.38130176067352295,1
0.44021183252334595,1
0.31206852197647095,1
0.4005969166755676,1
0.31447285413742065,1
0.31033745408058167,1
0.3709089756011963,1
0.43023476004600525,1
0.4653307795524597,1
0.3156309127807617,1
0.6219272613525391,1
0.3202298581600189,1
0.44946953654289246,1
0.4002693295478821,1
0.34288933873176575,1
0.41140443086624146,1
0.45004716515541077,1
0.4151582717895508,1
0.3583015203475952,1
0.3861303925514221,1
0.35102328658103943,1
0.5595701336860657,1
0.36728256940841675,1
0.27592939138412476,1
0.3353288769721985,1
0.45221322774887085,1
0.267463356256485,1
0.3077104687690735,1
0.3281905949115753,1
0.2559049427509308,1
0.3926616609096527,1
0.43709561228752136,1
0.48956066370010376,1
0.5214297771453857,1
0.3758895695209503,1
0.30194246768951416,1
0.3738618791103363,1
0.33374494314193726,1
0.39172887802124023,1
0.2964686453342438,1
0.35364681482315063,1
0.3981150984764099,1
0.38285061717033386,1
0.44593673944473267,1
0.2613394856452942,1
0.35055676102638245,1
0.3006472885608673,1
0.34921085834503174,1
0.3318401873111725,1
0.391307532787323,1
0.4154100716114044,1
0.29057061672210693,1
0.4952738881111145,1
0.29661881923675537,1
0.4619259238243103,1
0.26552829146385193,1
0.3419944941997528,1
0.3641960024833679,1
0.3028755784034729,1
0.3976866900920868,1
0.38593894243240356,1
0.46136605739593506,1
0.35977718234062195,1
0.32006651163101196,1
0.3600330352783203,1
0.4416353106498718,1
0.3710514307022095,1
0.4486231803894043,1
0.2957155704498291,1
0.44730299711227417,1
0.48171254992485046,1
0.2764758765697479,1
0.339152455329895,1
0.36969807744026184,1
0.32434311509132385,1
0.34304964542388916,1
0.3640173077583313,1
0.35268986225128174,1
0.3201581835746765,1
0.36214950680732727,1
0.3530958294868469,1
0.41373348236083984,1
0.35414010286331177,1
0.3682214319705963,1
0.370359867811203,1
0.40144816040992737,1
0.31778672337532043,1
0.44187843799591064,1
0.3259260058403015,1
0.34843188524246216,1
0.2685008943080902,1
0.2835937738418579,1
0.3601197600364685,1
0.3275112211704254,1
0.23785391449928284,1
0.23837782442569733,1
0.3718942403793335,1
0.33252352476119995,1
0.3109031915664673,1
0.24345922470092773,1
0.3975103497505188,1
0.3548671305179596,1
0.32434511184692383,1
0.3140374422073364,1
0.3770115077495575,1
0.2980344891548157,1
0.2487318366765976,1
0.3425796926021576,1
0.22652322053909302,1
0.4045204222202301,1
0.495741069316864,1
0.30638203024864197,1
0.34374547004699707,1
0.3782707452774048,1
0.3415122330188751,1
0.5771294832229614,1
0.339221715927124,1
0.4610445499420166,1
0.28602689504623413,1
0.38165488839149475,1
0.24950413405895233,1
0.2707076668739319,1
0.4450908303260803,1
0.2412252426147461,1
0.3449232578277588,1
0.30920150876045227,1
0.36487749218940735,1
0.3923153281211853,1
0.3839496076107025,1
0.4143226742744446,1
0.3547949194908142,1
0.38393038511276245,1
0.36183130741119385,1
0.34655991196632385,1
0.4442310929298401,1
0.3214314579963684,1
0.4156039357185364,1
0.4565238952636719,1
0.27719956636428833,1
0.35093313455581665,1
0.36220940947532654,1
0.36560916900634766,1
0.3202168345451355,1
0.33004230260849,1
0.325859010219574,1
0.349661648273468,1
0.450573593378067,1
0.3702701926231384,1
0.4233173727989197,1
0.3678874969482422,1
0.41547346115112305,1
0.44072312116622925,1
0.23349180817604065,1
0.4649498760700226,1
0.5970066785812378,1
0.2886162996292114,1
0.4206271171569824,1
0.2984532415866852,1
0.3591691851615906,1
0.3271145820617676,1
0.3147425353527069,1
0.37355920672416687,1
0.3352693021297455,1
0.2388383448123932,1
0.2961341142654419,1
0.2998616099357605,1
0.33552658557891846,1
0.37851548194885254,1
0.21222937107086182,1
0.2924578785896301,1
0.277091920375824,1
0.4453251361846924,1
0.3395184278488159,1
0.34070637822151184,1
0.3624744117259979,1
0.38274478912353516,1
0.5237356424331665,1
0.3697890639305115,1
0.30028602480888367,1
0.4670501947402954,1
0.2872041165828705,1
0.5127519369125366,1
0.345650851726532,1
0.37181738018989563,1
0.31344255805015564,1
0.36995673179626465,1
0.36045873165130615,1
0.4192165732383728,1
0.28029558062553406,1
0.3766133487224579,1
0.4107547998428345,1
0.41319847106933594,1
0.3696489632129669,1
0.31488338112831116,1
0.36239907145500183,1
0.4021722078323364,1
0.3122762143611908,1
0.23151454329490662,1
0.24404218792915344,1
0.44981682300567627,1
0.45046085119247437,1
0.24850761890411377,1
0.3209468424320221,1
0.35495808720588684,1
0.3172806203365326,1
0.31912535429000854,1
0.3818804621696472,1
0.40003132820129395,1
0.28627049922943115,1
0.3200334310531616,1
0.4174228310585022,1
0.2347971498966217,1
0.4038756489753723,1
0.40220463275909424,1
0.3629320561885834,1
0.4791860580444336,1
0.4056876003742218,1
0.2549366354942322,1
0.3210102915763855,1
0.4657238721847534,1
0.45440733432769775,1
0.21620497107505798,1
0.39798006415367126,1
0.36870479583740234,1
0.28078025579452515,1
0.39867445826530457,1
0.2993479371070862,1
0.4217889606952667,1
0.22671136260032654,1
0.397930771112442,1
0.41954630613327026,1
0.3210480213165283,1
0.39820319414138794,1
0.39827239513397217,1
0.35239577293395996,1
0.42312654852867126,1
0.42979440093040466,1
0.207994282245636,1
0.2417990267276764,1
0.2947658896446228,1
0.4394897222518921,1
0.3574807941913605,1
0.24141795933246613,1
0.3485974073410034,1
0.39568865299224854,1
0.3796645402908325,1
0.27848467230796814,1
0.45936688780784607,1
0.3865569233894348,1
0.38629812002182007,1
0.42078468203544617,1
0.4031206965446472,1
0.4135352671146393,1
0.4229718744754791,1
0.32050821185112,1
0.40997380018234253,1
0.3712838888168335,1
0.43715691566467285,1
0.39198142290115356,1
0.3032551407814026,1
0.4148189425468445,1
0.29580748081207275,1
0.2874927818775177,1
0.3870922327041626,1
0.3191186189651489,1
0.4435756206512451,1
0.4465404152870178,1
0.36839431524276733,1
0.28708258271217346,1
0.4148518741130829,1
0.34889277815818787,1
0.32000458240509033,1
0.33998236060142517,1
0.4146222174167633,1
0.3524319529533386,1
0.3423178493976593,1
0.4388282001018524,1
0.3013657331466675,1
0.3212311565876007,1
0.33858510851860046,1
0.23821976780891418,1
0.3574793040752411,1
0.2834104001522064,1
0.32567310333251953,1
0.38287919759750366,1
0.3271928131580353,1
0.30014050006866455,1
0.3560825288295746,1
0.39814361929893494,1
0.32395049929618835,1
0.3006518483161926,1
0.3353048264980316,1
0.42513787746429443,1
0.3772100806236267,1
0.46876174211502075,1
0.21668404340744019,1
0.41771751642227173,1
0.39879128336906433,1
0.31105104088783264,1
0.26868683099746704,1
0.34777384996414185,1
0.4876999855041504,1
0.2941712439060211,1
0.36925217509269714,1
0.40531569719314575,1
0.28383970260620117,1
0.3251655101776123,1
0.3697837293148041,1
0.4914766550064087,1
0.33454033732414246,1
0.3622379004955292,1
0.2721065282821655,1
0.33283549547195435,1
0.3972049951553345,1
0.31644415855407715,1
0.27827316522598267,1
0.299940824508667,1
0.40415775775909424,1
0.4009251594543457,1
0.4180021286010742,1
0.2493988275527954,1
0.2946145236492157,1
0.4326803982257843,1
0.4125481843948364,1
0.28543326258659363,1
0.29101064801216125,1
0.31840187311172485,1
0.42578601837158203,1
0.3528788089752197,1
0.44860130548477173,1
0.45679211616516113,1
0.4669712781906128,1
0.4813539981842041,1
0.32277193665504456,1
0.3221258521080017,1
0.41851118206977844,1
0.6143256425857544,1
0.4197036325931549,1
0.4301440119743347,1
0.40260282158851624,1
0.3548290431499481,1
0.4057420492172241,1
0.3116903007030487,1
0.32791051268577576,1
0.32252711057662964,1
0.3820538818836212,1
0.37331435084342957,1
0.4160681366920471,1
0.3126923143863678,1
0.3698852062225342,1
0.35420650243759155,1
0.372195303440094,1
0.3729025423526764,1
0.4261678457260132,1
0.3954397141933441,1
0.3183062672615051,1
0.31138724088668823,1
0.45495402812957764,1
0.2731427252292633,1
0.2070150077342987,1
0.3067842721939087,1
0.4422571063041687,1
0.36624592542648315,1
0.2811959683895111,1
0.31822314858436584,1
0.29706114530563354,1
0.34505921602249146,1
0.38941195607185364,1
0.4056850075721741,1
0.5094415545463562,1
0.24800965189933777,1
0.3283953368663788,1
0.36532866954803467,1
0.34297975897789,1
0.3645172119140625,1
0.30820736289024353,1
0.37001052498817444,1
0.20806095004081726,1
0.36189472675323486,1
0.30228739976882935,1
0.3406200408935547,1
0.42017653584480286,1
0.2993523180484772,1
0.42338621616363525,1
0.38942334055900574,1
0.42916440963745117,1
0.354532390832901,1
0.29851454496383667,1
0.44618749618530273,1
0.42216813564300537,1
0.40858399868011475,1
0.375966340303421,1
0.3738445043563843,1
0.3140520453453064,1
0.36215144395828247,1
0.4111570715904236,1
0.3511768579483032,1
0.2872479557991028,1
0.27017679810523987,1
0.39922624826431274,1
0.3509991466999054,1
0.34027397632598877,1
0.3837439715862274,1
0.38217872381210327,1
0.35042062401771545,1
0.39033588767051697,1
0.3050457537174225,1
0.31596189737319946,1
0.34559714794158936,1
0.3504010736942291,1
0.3963765501976013,1
0.4011102318763733,1
0.4388565123081207,1
0.40968167781829834,1
0.3540250062942505,1
0.25264817476272583,1
0.4210185706615448,1
0.354479044675827,1
0.3049584627151489,1
0.30999070405960083,1
0.3183496296405792,1
0.323339581489563,1
0.49421000480651855,1
0.38389599323272705,1
0.31734558939933777,1
0.3089022636413574,1
0.3784113824367523,1
0.28810960054397583,1
0.4044124186038971,1
0.5285316705703735,1
0.4641069173812866,1
0.3650858402252197,1
0.3468485176563263,1
0.344015896320343,1
0.37929174304008484,1
0.4299677312374115,1
0.34601908922195435,1
0.3348894715309143,1
0.3500043749809265,1
0.36933010816574097,1
0.3816320300102234,1
0.3090830445289612,1
0.2547476291656494,1
0.3262133300304413,1
0.3013959527015686,1
0.35796332359313965,1
0.424296498298645,1
0.3490886688232422,1
0.41424280405044556,1
0.36369773745536804,1
0.2789427936077118,1
0.43193161487579346,1
0.29476675391197205,1
0.35597413778305054,1
0.33783668279647827,1
0.3638615608215332,1
0.30692416429519653,1
0.24509158730506897,1
0.34981781244277954,1
0.4041975438594818,1
0.2913602888584137,1
0.36188098788261414,1
0.4174899458885193,1
0.3841126561164856,1
0.3587631583213806,1
0.35994261503219604,1
0.3392111659049988,1
0.27690941095352173,1
0.3180224299430847,1
0.4266248345375061,1
0.3653185963630676,1
0.41661322116851807,1
0.3929217457771301,1
0.297055184841156,1
0.33132076263427734,1
0.36914995312690735,1
0.39936718344688416,1
0.2597881257534027,1
0.3324107527732849,1
0.3622698485851288,1
0.31342893838882446,1
0.3002817630767822,1
0.25065144896507263,1
0.36807605624198914,1
0.3727644979953766,1
0.23813235759735107,1
0.31218835711479187,1
0.3570236563682556,1
0.3954309821128845,1
0.3139594495296478,1
0.3552812933921814,1
0.39298415184020996,1
0.35673779249191284,1
0.3914943337440491,1
0.4105073809623718,1
0.3813213109970093,1
0.35156217217445374,1
0.38592100143432617,1
0.3688514232635498,1
0.36919236183166504,1
0.34215959906578064,1
0.30049026012420654,1
0.474198579788208,1
0.5648688673973083,1
0.5062720775604248,1
0.28250622749328613,1
0.38982605934143066,1
0.3360717296600342,1
0.32564038038253784,1
0.37299272418022156,1
0.5024562478065491,1
0.27426162362098694,1
0.34632861614227295,1
0.3427896499633789,1
0.3342460095882416,1
0.3829156756401062,1
0.2460775375366211,1
0.2893853783607483,1
0.3616718649864197,1
0.5997515916824341,1
0.48536914587020874,1
0.29632219672203064,1
0.3035268485546112,1
0.2998187243938446,1
0.4121812880039215,1
0.3158608078956604,1
0.3966046869754791,1
0.3680827021598816,1
0.3374502956867218,1
0.36070555448532104,1
0.3420811891555786,1
0.42372000217437744,1
0.2555767297744751,1
0.3459393382072449,1
0.2900499403476715,1
0.4583592414855957,1
0.2976670563220978,1
0.3390633463859558,1
0.36884865164756775,1
0.2829881012439728,1
0.30958932638168335,1
0.40164223313331604,1
0.30889829993247986,1
0.3127366006374359,1
0.34658998250961304,1
0.3293837010860443,1
0.30204081535339355,1
0.3314509689807892,1
0.3166431784629822,1
0.24627292156219482,1
0.30966976284980774,1
0.299873948097229,1
0.3943129777908325,1
0.35709309577941895,1
0.3995508849620819,1
0.3278597593307495,1
0.37560951709747314,1
0.48718011379241943,1
0.31458160281181335,1
0.5335428714752197,1
0.3957488536834717,1
0.35608065128326416,1
0.3148147463798523,1
0.3037993013858795,1
0.3302415609359741,1
0.41403326392173767,1
0.2746657133102417,1
0.39860787987709045,1
0.33757010102272034,1
0.44847872853279114,1
0.31379687786102295,1
0.3197895884513855,1
0.32709574699401855,1
0.37108299136161804,1
0.39801841974258423,1
0.4743064045906067,1
0.3361164927482605,1
0.33164161443710327,1
0.4017411470413208,1
0.3191913366317749,1
0.32555973529815674,1
0.3591747283935547,1
0.32544538378715515,1
0.3428776264190674,1
0.3327338695526123,1
0.3746035099029541,1
0.43550729751586914,1
0.36593422293663025,1
0.3546432852745056,1
0.3514642119407654,1
0.27488943934440613,1
0.27467119693756104,1
0.30986911058425903,1
0.434954971075058,1
0.3402203917503357,1
0.3043084740638733,1
0.35066455602645874,1
0.3042696714401245,1
0.42046523094177246,1
0.4143927991390228,1
0.37395626306533813,1
0.30816635489463806,1
0.3333122134208679,1
0.31959331035614014,1
0.3282155692577362,1
0.4159359633922577,1
0.2862764596939087,1
0.2807880640029907,1
0.30974817276000977,1
0.40981465578079224,1
0.28972628712654114,1
0.4700324833393097,1
0.3717673718929291,1
0.5377734899520874,1
0.3908091187477112,1
0.4395529627799988,1
0.4774113893508911,1
0.3422578275203705,1
0.32040876150131226,1
0.38217514753341675,1
0.4111473262310028,1
0.33391156792640686,1
0.35861706733703613,1
0.4250986576080322,1
0.3241705000400543,1
0.33820444345474243,1
0.40873098373413086,1
0.4050697684288025,1
0.32452359795570374,1
0.35316359996795654,1
0.3274092972278595,1
0.39951157569885254,1
0.3239654004573822,1
0.3862321376800537,1
0.33066651225090027,1
0.2983369827270508,1
0.33428049087524414,1
0.3875625431537628,1
0.31953510642051697,1
0.4025459885597229,1
0.45349830389022827,1
0.371311217546463,1
0.34177476167678833,1
0.30400335788726807,1
0.4956528842449188,1
0.3838750720024109,1
0.41526249051094055,1
0.36772608757019043,1
0.4151451587677002,1
0.3220793306827545,1
0.37225469946861267,1
0.32101690769195557,1
0.36886370182037354,1
0.3829633295536041,1
0.3713311553001404,1
0.2315552532672882,1
0.41709449887275696,1
0.2783973217010498,1
0.44147998094558716,1
0.41822028160095215,1
0.3804842233657837,1
0.397722065448761,1
0.3490959405899048,1
0.4089600145816803,1
0.2877982258796692,1
0.3324320614337921,1
0.3986150324344635,1
0.3052438497543335,1
0.29086828231811523,1
0.35387760400772095,1
0.3109150230884552,1
0.3451012670993805,1
0.4282722473144531,1
0.3745582699775696,1
0.44570332765579224,1
0.41287219524383545,1
0.3617181181907654,1
0.3867487907409668,1
0.37206387519836426,1
0.43856287002563477,1
0.4339221119880676,1
0.35691744089126587,1
0.44982394576072693,1
0.43814215064048767,1
0.3509290814399719,1
0.3622330129146576,1
0.33440035581588745,1
0.4689218997955322,1
0.35487088561058044,1
0.26976215839385986,1
0.38681989908218384,1
0.48212572932243347,1
0.3827424645423889,1
0.3854302167892456,1
0.34054282307624817,1
0.3964229226112366,1
0.23851704597473145,1
0.29800188541412354,1
0.3452650010585785,1
0.3932039141654968,1
0.35787177085876465,1
0.25891706347465515,1
0.2989344596862793,1
0.41570985317230225,1
0.30372536182403564,1
0.3907894492149353,1
0.397504061460495,1
0.3322969079017639,1
0.32908743619918823,1
0.465766578912735,1
0.39980751276016235,1
0.3616728186607361,1
0.3607121407985687,1
0.30327796936035156,1
0.34292665123939514,1
0.4817805886268616,1
0.3459247946739197,1
0.3966525197029114,1
0.38092032074928284,1
0.269453227519989,1
0.37312865257263184,1
0.4740360975265503,1
0.2986724078655243,1
0.4151380956172943,1
0.3232341706752777,1
0.37933480739593506,1
0.28287139534950256,1
0.3820871114730835,1
0.45415979623794556,1
0.3485143482685089,1
0.32753074169158936,1
0.45966875553131104,1
0.5781052708625793,1
0.35872605443000793,1
0.3854486644268036,1
0.47971731424331665,1
0.2660270929336548,1
0.3836004137992859,1
0.31002140045166016,1
0.5122451782226563,1
0.42726027965545654,1
0.3638648986816406,1
0.3584604561328888,1
0.35326477885246277,1
0.48411619663238525,1
0.24598337709903717,1
0.373285710811615,1
0.2279697209596634,1
0.4098326861858368,1
0.3743589520454407,1
0.38129571080207825,1
0.3652675151824951,1
0.29090607166290283,1
0.35000860691070557,1
0.28605353832244873,1
0.32452893257141113,1
0.3975067138671875,1
0.2822619378566742,1
0.44079217314720154,1
0.4239402711391449,1
0.4023808538913727,1
0.3340439200401306,1
0.3149557113647461,1
0.34426257014274597,1
0.45106351375579834,1
0.31692811846733093,1
0.4287344217300415,1
0.2942795753479004,1
0.366984486579895,1
0.34331563115119934,1
0.45478206872940063,1
0.5420803427696228,1
0.3251420259475708,1
0.5487366914749146,1
0.3453707695007324,1
0.4258745312690735,1
0.3103679418563843,1
0.39727532863616943,1
0.3331153988838196,1
0.2608826160430908,1
0.25005772709846497,1
0.5363626480102539,1
0.35218116641044617,1
0.3382222056388855,1
0.3676086664199829,1
0.3812086582183838,1
0.4641476571559906,1
0.4294235110282898,1
0.34716105461120605,1
0.36126455664634705,1
0.44011563062667847,1
0.4090862274169922,1
0.30929678678512573,1
0.3525749146938324,1
0.4504060447216034,1
0.2144084870815277,1
0.37432679533958435,1
0.35056260228157043,1
0.3676093816757202,1
0.3529545068740845,1
0.32003408670425415,1
0.31255587935447693,1
0.3977240324020386,1
0.32232290506362915,1
0.3366089463233948,1
0.3321761190891266,1
0.27668386697769165,1
0.34113314747810364,1
0.38072970509529114,1
0.26291871070861816,1
0.36523929238319397,1
0.3407813310623169,1
0.4437835216522217,1
0.3073635697364807,1
0.34169456362724304,1
0.3904213607311249,1
0.3208199739456177,1
0.3253716230392456,1
0.36158841848373413,1
0.4187905788421631,1
0.4066025912761688,1
0.34929007291793823,1
0.46279603242874146,1
0.3588906526565552,1
0.41482114791870117,1
0.271919310092926,1
0.36947837471961975,1
0.35562974214553833,1
0.3831835091114044,1
0.3079119622707367,1
0.3094618320465088,1
0.3594537377357483,1
0.2894061803817749,1
0.3738517761230469,1
0.3592480421066284,1
0.2809771001338959,1
0.43095913529396057,1
0.2822151184082031,1
0.3837452232837677,1
0.32652783393859863,1
0.32736945152282715,1
0.45422136783599854,1
0.2895878255367279,1
0.3365437984466553,1
0.5037389993667603,1
0.4774445593357086,1
0.3916550278663635,1
0.41369742155075073,1
0.3290368318557739,1
0.4385191798210144,1
0.46251380443573,1
0.28506699204444885,1
0.474295973777771,1
0.3537859618663788,1
0.5187761783599854,1
0.35802924633026123,1
0.28646114468574524,1
0.2799021005630493,1
0.42758429050445557,1
0.29372113943099976,1
0.40460261702537537,1
0.2841298580169678,1
0.3110692799091339,1
0.39474940299987793,1
0.5094132423400879,1
0.28391188383102417,1
0.3847202658653259,1
0.31005918979644775,1
0.3727695941925049,1
0.37373989820480347,1
0.47584736347198486,1
0.36923956871032715,1
0.27776727080345154,1
0.31167787313461304,1
0.47181567549705505,1
0.37408149242401123,1
0.48484334349632263,1
0.467071533203125,1
0.26596128940582275,1
0.35992586612701416,1
0.3631426692008972,1
0.43807995319366455,1
0.39367765188217163,1
0.36423254013061523,1
0.35942739248275757,1
0.3272362947463989,1
0.27250319719314575,1
0.28594109416007996,1
0.32595640420913696,1
0.33572933077812195,1
0.36476683616638184,1
0.3850819766521454,1
0.38948607444763184,1
0.2833647131919861,1
0.3773978352546692,1
0.3094046115875244,1
0.32055625319480896,1
0.3715174198150635,1
0.4202340245246887,1
0.34817230701446533,1
0.3478487730026245,1
0.4538653492927551,1
0.4303761124610901,1
0.2706931531429291,1
0.30670756101608276,1
0.40926387906074524,1
0.33950144052505493,1
0.3889339864253998,1
0.29212686419487,1
0.36238670349121094,1
0.3241279721260071,1
0.396124005317688,1
0.37552112340927124,1
0.41411852836608887,1
0.3644635081291199,1
0.3204025626182556,1
0.5084000825881958,1
0.3884790241718292,1
0.36640846729278564,1
0.3270832896232605,1
0.2951633930206299,1
0.29690948128700256,1
0.2713489532470703,1
0.3392046391963959,1
0.3644799292087555,1
0.2941899001598358,1
0.3040942847728729,1
0.3440501093864441,1
0.3211568593978882,1
0.37009477615356445,1
0.32144641876220703,1
0.2560954689979553,1
0.298929899930954,1
0.3786783814430237,1
0.44216465950012207,1
0.37928035855293274,1
0.3058865964412689,1
0.4067067503929138,1
0.36819085478782654,1
0.47418469190597534,1
0.34960243105888367,1
0.3236052691936493,1
0.35619238018989563,1
0.4207179546356201,1
0.45393499732017517,1
0.382036030292511,1
0.41189447045326233,1
0.3743125796318054,1
0.28169262409210205,1
0.3346824049949646,1
0.3229527473449707,1
0.40282419323921204,1
0.2845463752746582,1
0.35212182998657227,1
0.39784181118011475,1
0.3664318323135376,1
0.4090614914894104,1
0.29327139258384705,1
0.3900015652179718,1
0.41468337178230286,1
0.39834603667259216,1
0.4180768132209778,1
0.34536853432655334,1
0.32106122374534607,1
0.40883779525756836,1
0.2687792181968689,1
0.3122119903564453,1
0.39467525482177734,1
0.36126622557640076,1
0.32162314653396606,1
0.39122119545936584,1
0.3678182363510132,1
0.37389472126960754,1
0.44834768772125244,1
0.3759584128856659,1
0.3706623911857605,1
0.40258654952049255,1
0.31337571144104004,1
0.2778884470462799,1
0.3890141546726227,1
0.3574274182319641,1
0.35559916496276855,1
0.37752559781074524,1
0.4231189489364624,1
0.354984849691391,1
0.3054097294807434,1
0.39761579036712646,1
0.3984728455543518,1
0.42852556705474854,1
0.36915236711502075,1
0.3485296964645386,1
0.3862348198890686,1
0.41246578097343445,1
0.2918938994407654,1
0.4220123887062073,1
0.4452320337295532,1
0.38270965218544006,1
0.28093665838241577,1
0.34310758113861084,1
0.29108455777168274,1
0.3379542827606201,1
0.28466248512268066,1
0.32206010818481445,1
0.3475968539714813,1
0.3233065605163574,1
0.3769771158695221,1
0.3788236677646637,1
0.33058515191078186,1
0.3485085368156433,1
0.3857324421405792,1
0.30118608474731445,1
0.40706688165664673,1
0.3698185086250305,1
0.42575332522392273,1
0.39328208565711975,1
0.35627397894859314,1
0.37195104360580444,1
0.3767184317111969,1
0.36582452058792114,1
0.4314099848270416,1
0.35212308168411255,1
0.38515856862068176,1
0.26829007267951965,1
0.5386960506439209,1
0.31916895508766174,1
0.36648523807525635,1
0.3052343726158142,1
0.28122180700302124,1
0.4253678023815155,1
0.4073110818862915,1
0.3425491452217102,1
0.42933839559555054,1
0.37864476442337036,1
0.35472095012664795,1
0.3067473769187927,1
0.298182874917984,1
0.4060463309288025,1
0.3761850595474243,1
0.3399948477745056,1
0.31172654032707214,1
0.32618603110313416,1
0.3550419509410858,1
0.35888609290122986,1
0.22483201324939728,1
0.37698620557785034,1
0.4730333685874939,1
0.36718377470970154,1
0.4415891766548157,1
0.3536462187767029,1
0.41318637132644653,1
0.39672136306762695,1
0.36442333459854126,1
0.4148486852645874,1
0.3747643232345581,1
0.3438337445259094,1
0.30340373516082764,1
0.4367113709449768,1
0.3820779025554657,1
0.2830376625061035,1
0.34931838512420654,1
0.37407389283180237,1
0.32013416290283203,1
0.46673017740249634,1
0.4461882710456848,1
0.3584318161010742,1
0.408683717250824,1
0.38707390427589417,1
0.3454810380935669,1
0.30145832896232605,1
0.3013657033443451,1
0.30630436539649963,1
0.31738409399986267,1
0.3731488585472107,1
0.4396039545536041,1
0.35555100440979004,1
0.4205906391143799,1
0.45389318466186523,1
0.4759591817855835,1
0.34636712074279785,1
0.33386534452438354,1
0.27222394943237305,1
0.3774637281894684,1
0.4198194742202759,1
0.2887432873249054,1
0.2895461320877075,1
0.417266309261322,1
0.4376094937324524,1
0.320110946893692,1
0.35718482732772827,1
0.38148224353790283,1
0.2941775918006897,1
0.2789108157157898,1
0.35179486870765686,1
0.24755984544754028,1
0.3349010944366455,1
0.3521878123283386,1
0.29443177580833435,1
0.3515644073486328,1
0.5518223643302917,1
0.4641401171684265,1
0.28481927514076233,1
0.2990989685058594,1
0.2906886339187622,1
0.3911486268043518,1
0.37326323986053467,1
0.30165746808052063,1
0.40988659858703613,1
0.42791861295700073,1
0.37738215923309326,1
0.3435772955417633,1
0.34393417835235596,1
0.4723533093929291,1
0.3353848457336426,1
0.33123013377189636,1
0.3938249945640564,1
0.35883793234825134,1
0.2998253107070923,1
0.38735389709472656,1
0.38392454385757446,1
0.3034537434577942,1
0.39418092370033264,1
0.35622090101242065,1
0.33309197425842285,1
0.42587608098983765,1
0.30811807513237,1
0.36925947666168213,1
0.42529070377349854,1
0.3801630139350891,1
0.45089399814605713,1
0.5478557348251343,1
0.6321283578872681,1
0.34428006410598755,1
0.33724987506866455,1
0.3478061556816101,1
0.24265241622924805,1
0.26748597621917725,1
0.40460824966430664,1
0.3353160321712494,1
0.3694322407245636,1
0.46695008873939514,1
0.45363396406173706,1
0.34933799505233765,1
0.32007455825805664,1
0.3656330704689026,1
0.42003148794174194,1
0.3191703259944916,1
0.3646128177642822,1
0.4709213376045227,1
0.43806886672973633,1
0.3121606707572937,1
0.3329050838947296,1
0.30664679408073425,1
0.4458586871623993,1
0.33222347497940063,1
0.34407228231430054,1
0.36729538440704346,1
0.35319700837135315,1
0.3580169081687927,1
0.5037580728530884,1
0.3906776010990143,1
0.35665926337242126,1
0.3556622564792633,1
0.35405051708221436,1
0.27975770831108093,1
0.4203000068664551,1
0.33240652084350586,1
0.34984713792800903,1
0.41776156425476074,1
0.3295142948627472,1
0.32553231716156006,1
0.36538708209991455,1
0.2956068813800812,1
0.32716843485832214,1
0.3642081618309021,1
0.3722628355026245,1
0.2993292808532715,1
0.4134325385093689,1
0.3904317319393158,1
0.33840370178222656,1
0.39522475004196167,1
0.35431748628616333,1
0.3695755898952484,1
0.40109890699386597,1
0.46340471506118774,1
0.3759520649909973,1
0.36930108070373535,1
0.34853240847587585,1
0.3572891354560852,1
0.320987343788147,1
0.2729264199733734,1
0.27470332384109497,1
0.2962649166584015,1
0.3283982276916504,1
0.30032581090927124,1
0.368952214717865,1
0.4213881194591522,1
0.3433311879634857,1
0.3633683919906616,1
0.3707530200481415,1
0.38595497608184814,1
0.34616270661354065,1
0.3673342168331146,1
0.3124143183231354,1
0.3884374797344208,1
0.3414608836174011,1
0.4457077085971832,1
0.3210638761520386,1
0.35391563177108765,1
0.47537046670913696,1
0.3269745707511902,1
0.3754656910896301,1
0.41587573289871216,1
0.32658514380455017,1
0.42426788806915283,1
0.42102518677711487,1
0.3545542359352112,1
0.4195384085178375,1
0.41993823647499084,1
0.4278601408004761,1
0.30199652910232544,1
0.4308931827545166,1
0.39893972873687744,1
0.34716832637786865,1
0.42160746455192566,1
0.3791358768939972,1
0.25036484003067017,1
0.2966703772544861,1
0.2885717749595642,1
0.4466031491756439,1
0.3375687897205353,1
0.36464864015579224,1
0.44110774993896484,1
0.4264809191226959,1
0.3003156781196594,1
0.32177942991256714,1
0.4868079721927643,1
0.2756490111351013,1
0.4430365562438965,1
0.46046221256256104,1
0.26649773120880127,1
0.2668134272098541,1
0.24650077521800995,1
0.22448375821113586,1
0.362865686416626,1
0.38590043783187866,1
0.35366618633270264,1
0.3189085125923157,1
0.23594723641872406,1
0.2912038266658783,1
0.28933554887771606,1
0.2924478054046631,1
0.397693395614624,1
0.33065372705459595,1
0.2787669897079468,1
0.4377248287200928,1
0.31864362955093384,1
0.3130781352519989,1
0.28143876791000366,1
0.3185808062553406,1
0.4473283588886261,1
0.33310019969940186,1
0.3341561555862427,1
0.2867043614387512,1
0.44182127714157104,1
0.28014111518859863,1
0.36741358041763306,1
0.3427788019180298,1
0.32567042112350464,1
0.27634233236312866,1
0.35415393114089966,1
0.30845046043395996,1
0.37065058946609497,1
0.30320173501968384,1
0.34289175271987915,1
0.3546951413154602,1
0.4494563937187195,1
0.33159905672073364,1
0.4085296392440796,1
0.37931111454963684,1
0.2997131645679474,1
0.47592592239379883,1
0.4262005686759949,1
0.3764822483062744,1
0.3134194612503052,1
0.397031307220459,1
0.3555333912372589,1
0.26896706223487854,1
0.3147015869617462,1
0.31967881321907043,1
0.47422149777412415,1
0.3454802632331848,1
0.30925846099853516,1
0.3439440429210663,1
0.36267316341400146,1
0.5481836795806885,1
0.3864705562591553,1
0.26472151279449463,1
0.39140084385871887,1
0.4139423072338104,1
0.27601397037506104,1
0.35774528980255127,1
0.3763159513473511,1
0.3099043667316437,1
0.41312581300735474,1
0.4123411178588867,1
0.3795785903930664,1
0.43140482902526855,1
0.36555618047714233,1
0.28246641159057617,1
0.317275732755661,1
0.3416854441165924,1
0.3974366784095764,1
0.35623401403427124,1
0.3176458179950714,1
0.2638229429721832,1
0.3320380449295044,1
0.3433087170124054,1
0.21707360446453094,1
0.3292568325996399,1
0.3461185395717621,1
0.4521392583847046,1
0.3840155303478241,1
0.4349193572998047,1
0.37652787566185,1
0.38512176275253296,1
0.35275256633758545,1
0.39034104347229004,1
0.39223164319992065,1
0.3030693531036377,1
0.3757174611091614,1
0.3881978988647461,1
0.44627970457077026,1
0.4513903260231018,1
0.39965569972991943,1
0.3198493719100952,1
0.31944549083709717,1
0.45324307680130005,1
0.5075204968452454,1
0.3801814317703247,1
0.4226507246494293,1
0.3206273019313812,1
0.327790230512619,1
0.3132452070713043,1
0.438690185546875,1
0.30111512541770935,1
0.2950926721096039,1
0.4404609799385071,1
0.3759963810443878,1
0.42861437797546387,1
0.23661179840564728,1
0.4244999289512634,1
0.39540570974349976,1
0.42937564849853516,1
0.44361159205436707,1
0.36871346831321716,1
0.3358113169670105,1
0.4758477210998535,1
0.3388541340827942,1
0.3571471571922302,1
0.45208340883255005,1
0.4290353059768677,1
0.2763262987136841,1
0.4190041422843933,1
0.298984169960022,1
0.43890249729156494,1
0.461283802986145,1
0.33088284730911255,1
0.4607233703136444,1
0.5095471143722534,1
0.35362714529037476,1
0.26291990280151367,1
0.34471333026885986,1
0.3044452667236328,1
0.3232460021972656,1
0.3012425899505615,1
0.35909292101860046,1
0.27292919158935547,1
0.31482651829719543,1
0.2906228005886078,1
0.2653566002845764,1
0.37739303708076477,1
0.3874472379684448,1
0.35771775245666504,1
0.4064515233039856,1
0.3713686466217041,1
0.30970340967178345,1
0.2973971962928772,1
0.3164486289024353,1
0.37538689374923706,1
0.3991626501083374,1
0.296644926071167,1
0.3801918625831604,1
0.3193371891975403,1
0.46470457315444946,1
0.40328457951545715,1
0.31577321887016296,1
0.42612066864967346,1
0.37752825021743774,1
0.3833444118499756,1
0.3277572989463806,1
0.5308738946914673,1
0.3836889863014221,1
0.2765055000782013,1
0.26454681158065796,1
0.37698161602020264,1
0.34779444336891174,1
0.2918551564216614,1
0.3387538194656372,1
0.44127726554870605,1
0.34464046359062195,1
0.29832208156585693,1
0.3077037036418915,1
0.3235541582107544,1
0.3238169550895691,1
0.2419932782649994,1
0.3440123200416565,1
0.35529935359954834,1
0.2783719599246979,1
0.413614958524704,1
0.434206485748291,1
0.3717915415763855,1
0.2470102608203888,1
0.43222981691360474,1
0.3813266158103943,1
0.34994667768478394,1
0.3070281744003296,1
0.3386455476284027,1
0.32261139154434204,1
0.33803659677505493,1
0.3985654413700104,1
0.3851062059402466,1
0.3249615728855133,1
0.40858325362205505,1
0.4702054262161255,1
0.42929351329803467,1
0.49280083179473877,1
0.30699312686920166,1
0.2682281732559204,1
0.3163487911224365,1
0.4461345076560974,1
0.42469877004623413,1
0.3453994393348694,1
0.3438621461391449,1
0.36366063356399536,1
0.3719232678413391,1
0.2865811288356781,1
0.3213326334953308,1
0.29203763604164124,1
0.41189953684806824,1
0.41618046164512634,1
0.38696494698524475,1
0.27802252769470215,1
0.3763876259326935,1
0.42312657833099365,1
0.32791996002197266,1
0.4062759280204773,1
0.3470870852470398,1
0.33013251423835754,1
0.38625895977020264,1
0.3598344326019287,1
0.3246457576751709,1
0.36127522587776184,1
0.3962930142879486,1
0.4213062822818756,1
0.3511737883090973,1
0.3062250316143036,1
0.4064139127731323,1
0.2608252465724945,1
0.29537200927734375,1
0.4445916414260864,1
0.39963123202323914,1
0.33614233136177063,1
0.4186278283596039,1
0.3043416142463684,1
0.3521711826324463,1
0.31116876006126404,1
0.32587388157844543,1
0.2947920560836792,1
0.4408801198005676,1
0.3396928012371063,1
0.27341583371162415,1
0.38038086891174316,1
0.3447067141532898,1
0.3495522737503052,1
0.5135008096694946,1
0.399716854095459,1
0.3947219252586365,1
0.3792305588722229,1
0.2975010871887207,1
0.3622801601886749,1
0.3676173686981201,1
0.3453417122364044,1
0.3399673104286194,1
0.4680274724960327,1
0.33903563022613525,1
0.4225503206253052,1
0.3624838888645172,1
0.40719860792160034,1
0.2775469720363617,1
0.3878341317176819,1
0.2826652228832245,1
0.3943517506122589,1
0.36592763662338257,1
0.3136989176273346,1
0.2909938097000122,1
0.6007974147796631,1
0.27645546197891235,1
0.35983020067214966,1
0.3411519229412079,1
0.4230833053588867,1
0.29907387495040894,1
0.3467522859573364,1
0.3637505769729614,1
0.3825237452983856,1
0.4200378358364105,1
0.2975105047225952,1
0.33893340826034546,1
0.4363304078578949,1
0.28615719079971313,1
0.3797227740287781,1
0.35507333278656006,1
0.41434627771377563,1
0.2493748664855957,1
0.31941482424736023,1
0.3049909472465515,1
0.35979780554771423,1
0.3702014088630676,1
0.44509148597717285,1
0.39019593596458435,1
0.40489283204078674,1
0.38440218567848206,1
0.29828834533691406,1
0.3124912977218628,1
0.5071147084236145,1
0.3852054476737976,1
0.3505871295928955,1
0.5391143560409546,1
0.4727296233177185,1
0.4668847322463989,1
0.33373990654945374,1
0.3323391079902649,1
0.3263845443725586,1
0.3767735958099365,1
0.3223079741001129,1
0.31718894839286804,1
0.4794265925884247,1
0.45751696825027466,1
0.3421955108642578,1
0.3274295926094055,1
0.41424787044525146,1
0.3728952407836914,1
0.397926390171051,1
0.33471551537513733,1
0.2712736129760742,1
0.3407159149646759,1
0.35539233684539795,1
0.30971378087997437,1
0.2824257016181946,1
0.3250831067562103,1
0.3160060942173004,1
0.32938116788864136,1
0.384921669960022,1
0.218112975358963,1
0.3353823125362396,1
0.2619580030441284,1
0.5023255348205566,1
0.37952545285224915,1
0.3964681923389435,1
0.33798301219940186,1
0.3350565433502197,1
0.30516481399536133,1
0.32396399974823,1
0.4015309810638428,1
0.4127878248691559,1
0.44758355617523193,1
0.3778979778289795,1
0.42212265729904175,1
0.32842475175857544,1
0.35681581497192383,1
0.3693569302558899,1
0.3416334390640259,1
0.38171809911727905,1
0.3059585988521576,1
0.41418227553367615,1
0.35580867528915405,1
0.3533783555030823,1
0.37100470066070557,1
0.37444791197776794,1
0.3996451199054718,1
0.34486040472984314,1
0.3035692572593689,1
0.36650511622428894,1
0.3527686595916748,1
0.3303489089012146,1
0.3298497200012207,1
0.3795020580291748,1
0.45699000358581543,1
0.3807508945465088,1
0.23747602105140686,1
0.3893733620643616,1
0.3655141294002533,1
0.41944625973701477,1
0.35411104559898376,1
0.34215205907821655,1
0.43006905913352966,1
0.37434372305870056,1
0.3766879141330719,1
0.30874866247177124,1
0.40805941820144653,1
0.3914014995098114,1
0.30962884426116943,1
0.36085402965545654,1
0.30699002742767334,1
0.4036399722099304,1
0.3485686182975769,1
0.3131229281425476,1
0.34207117557525635,1
0.363919734954834,1
0.4013579785823822,1
0.33787888288497925,1
0.2922824025154114,1
0.38369250297546387,1
0.20451924204826355,1
0.3312299847602844,1
0.4471595287322998,1
0.395122766494751,1
0.2773767411708832,1
0.27899491786956787,1
0.3746253550052643,1
0.3289077579975128,1
0.3702956438064575,1
0.4377707839012146,1
0.37518396973609924,1
0.34161168336868286,1
0.3592754602432251,1
0.37527990341186523,1
0.4346579313278198,1
0.3910846710205078,1
0.24254125356674194,1
0.4076071083545685,1
0.3143671452999115,1
0.4760544002056122,1
0.39552098512649536,1
0.43618637323379517,1
0.3482234477996826,1
0.3339557647705078,1
0.36220499873161316,1
0.4577190577983856,1
0.29600757360458374,1
0.2703949809074402,1
0.3480549156665802,1
0.2610728144645691,1
0.385067880153656,1
0.47505223751068115,1
0.3169122338294983,1
0.35679203271865845,1
0.3802887499332428,1
0.41497862339019775,1
0.29478517174720764,1
0.3879837989807129,1
0.28256726264953613,1
0.3479483127593994,1
0.29071611166000366,1
0.37162667512893677,1
0.41026684641838074,1
0.39125293493270874,1
0.4557454586029053,1
0.3950521945953369,1
0.41937655210494995,1
0.3919171392917633,1
0.4550255537033081,1
0.346160888671875,1
0.29853111505508423,1
0.29674655199050903,1
0.4159008264541626,1
0.5140296220779419,1
0.2970152795314789,1
0.3436073362827301,1
0.38951218128204346,1
0.42379510402679443,1
0.32326534390449524,1
0.24658313393592834,1
0.36665716767311096,1
0.4286433160305023,1
0.413385272026062,1
0.484603613615036,1
0.4144042730331421,1
0.44769182801246643,1
0.42157840728759766,1
0.34151339530944824,1
0.3291274309158325,1
0.4810970425605774,1
0.3310447335243225,1
0.30973830819129944,1
0.23713581264019012,1
0.2924228012561798,1
0.34723466634750366,1
0.28723347187042236,1
0.3783077895641327,1
0.29612642526626587,1
0.40999606251716614,1
0.3209366500377655,1
0.29543301463127136,1
0.5109442472457886,1
0.40108123421669006,1
0.4087630808353424,1
0.3596229553222656,1
0.476650595664978,1
0.41041284799575806,1
0.356356680393219,1
0.4484744668006897,1
0.3604210615158081,1
0.290744423866272,1
0.3530508279800415,1
0.3892746865749359,1
0.4334963858127594,1
0.31933796405792236,1
0.3563935160636902,1
0.28414857387542725,1
0.35753440856933594,1
0.35879164934158325,1
0.3354823589324951,1
0.2684582471847534,1
0.3828578591346741,1
0.3780554533004761,1
0.5268784165382385,1
0.4786752462387085,1
0.3828814625740051,1
0.3877768814563751,1
0.4620833992958069,1
0.4130887985229492,1
0.4193709194660187,1
0.3334349989891052,1
0.33756887912750244,1
0.322836309671402,1
0.1880437731742859,1
0.4124821126461029,1
0.3853091895580292,1
0.4038853645324707,1
0.2935742139816284,1
0.257003515958786,1
0.38669174909591675,1
0.44879093766212463,1
0.32845163345336914,1
0.32689931988716125,1
0.32884901762008667,1
0.41793859004974365,1
0.3098940849304199,1
0.42242294549942017,1
0.28887802362442017,1
0.364071786403656,1
0.3269765377044678,1
0.3273129165172577,1
0.4167385697364807,1
0.46285009384155273,1
0.36860740184783936,1
0.4460955858230591,1
0.32698845863342285,1
0.44639116525650024,1
0.3602604269981384,1
0.30340826511383057,1
0.3053029179573059,1
0.324667364358902,1
0.3059900403022766,1
0.21314027905464172,1
0.3183251917362213,1
0.43602079153060913,1
0.31950679421424866,1
0.2946352958679199,1
0.48496365547180176,1
0.4026153087615967,1
0.3760662078857422,1
0.42610985040664673,1
0.3404436409473419,1
0.24823230504989624,1
0.3375500738620758,1
0.2928037643432617,1
0.377544641494751,1
0.3872072100639343,1
0.38529643416404724,1
0.29061296582221985,1
0.31291478872299194,1
0.30305373668670654,1
0.3181579113006592,1
0.36790990829467773,1
0.42517584562301636,1
0.31391483545303345,1
0.39887291193008423,1
0.32044875621795654,1
0.3270595371723175,1
0.40383902192115784,1
0.3887653350830078,1
0.5226113796234131,1
0.3326457142829895,1
0.36449331045150757,1
0.3187018036842346,1
0.3024902939796448,1
0.42890608310699463,1
0.3718472123146057,1
0.3699844181537628,1
0.40306556224823,1
0.26919490098953247,1
0.30850493907928467,1
0.33142438530921936,1
0.2719224989414215,1
0.410400927066803,1
0.29429733753204346,1
0.33083945512771606,1
0.35621321201324463,1
0.39813607931137085,1
0.3467884659767151,1
0.3911370635032654,1
0.4118489623069763,1
0.31930533051490784,1
0.3597809672355652,1
0.4715721309185028,1
0.44380074739456177,1
0.2659659683704376,1
0.3821713924407959,1
0.32884687185287476,1
0.3325296938419342,1
0.34616509079933167,1
0.2921156585216522,1
0.3251314163208008,1
0.32240408658981323,1
0.4012240171432495,1
0.3443048894405365,1
0.26092925667762756,1
0.3117230236530304,1
0.36064624786376953,1
0.4332069158554077,1
0.3351247012615204,1
0.4689347743988037,1
0.42809879779815674,1
0.3964325785636902,1
0.43457287549972534,1
0.35603246092796326,1
0.3044819235801697,1
0.3849659562110901,1
0.3355180621147156,1
0.3978123962879181,1
0.3266623318195343,1
0.4120951294898987,1
0.35634419322013855,1
0.293229341506958,1
0.2941701412200928,1
0.48047393560409546,1
0.43133366107940674,1
0.39047589898109436,1
0.5515506267547607,1
0.36702319979667664,1
0.40705054998397827,1
0.47672080993652344,1
0.34707313776016235,1
0.40375643968582153,1
0.38989683985710144,1
0.3650471270084381,1
0.3665640652179718,1
0.31569379568099976,1
0.31852319836616516,1
0.4049820303916931,1
0.3881968855857849,1
0.3444024324417114,1
0.3102908134460449,1
0.36644047498703003,1
0.3874865770339966,1
0.2837982177734375,1
0.4143736958503723,1
0.4002729058265686,1
0.30192044377326965,1
0.360678493976593,1
0.38388514518737793,1
0.5731799602508545,1
0.3347179889678955,1
0.34133195877075195,1
0.33488255739212036,1
0.35881713032722473,1
0.4169413149356842,1
0.4519258439540863,1
0.3520286977291107,1
0.29608336091041565,1
0.3416944146156311,1
0.29786020517349243,1
0.4241158962249756,1
0.37906503677368164,1
0.2646757662296295,1
0.3176163136959076,1
0.3103654384613037,1
0.4356846213340759,1
0.30586689710617065,1
0.40853023529052734,1
0.34191450476646423,1
0.3932718336582184,1
0.35393303632736206,1
0.41355329751968384,1
0.4137742519378662,1
0.316855251789093,1
0.388785183429718,1
0.31804656982421875,1
0.2659853398799896,1
0.33454638719558716,1
0.28463953733444214,1
0.34779784083366394,1
0.623920202255249,1
0.4832642674446106,1
0.3032072186470032,1
0.38501065969467163,1
0.3702130913734436,1
0.41093531250953674,1
0.3955689072608948,1
0.3781442642211914,1
0.421077698469162,1
0.34351563453674316,1
0.306539922952652,1
0.3317199647426605,1
0.3507034182548523,1
0.33201804757118225,1
0.40236330032348633,1
0.35636967420578003,1
0.2749461531639099,1
0.3600510358810425,1
0.28439846634864807,1
0.2693793773651123,1
0.3112952709197998,1
0.2814484238624573,1
0.29063016176223755,1
0.2445061206817627,1
0.4360203742980957,1
0.38127586245536804,1
0.36740416288375854,1
0.49349841475486755,1
0.293251097202301,1
0.279485821723938,1
0.40631574392318726,1
0.354081928730011,1
0.3077564537525177,1
0.37524622678756714,1
0.3933544456958771,1
0.34467288851737976,1
0.2904403805732727,1
0.4587714672088623,1
0.38486766815185547,1
0.248357892036438,1
0.33003589510917664,1
0.3962254524230957,1
0.2928740382194519,1
0.27936574816703796,1
0.29375189542770386,1
0.4368760585784912,1
0.41135841608047485,1
0.3274381756782532,1
0.31596097350120544,1
0.3448684513568878,1
0.30318209528923035,1
0.44417378306388855,1
0.37843114137649536,1
0.39272207021713257,1
0.37080925703048706,1
0.4113416373729706,1
0.39731866121292114,1
0.403177410364151,1
0.3325883746147156,1
0.28281348943710327,1
0.3497229218482971,1
0.27629995346069336,1
0.3387996256351471,1
0.35887739062309265,1
0.3495834767818451,1
0.2913416624069214,1
0.4729093611240387,1
0.5343759059906006,1
0.37668532133102417,1
0.3184097409248352,1
0.4244937300682068,1
0.363789439201355,1
0.39103636145591736,1
0.3858030438423157,1
0.33126893639564514,1
0.3097541630268097,1
0.4629482626914978,1
0.3021426796913147,1
0.3720768690109253,1
0.37483489513397217,1
0.35412371158599854,1
0.4234599471092224,1
0.41916030645370483,1
0.3551366329193115,1
0.3966934382915497,1
0.32845258712768555,1
0.27024707198143005,1
0.4579585790634155,1
0.2624049782752991,1
0.4304381012916565,1
0.38211196660995483,1
0.37250393629074097,1
0.35288548469543457,1
0.3378138840198517,1
0.3349786400794983,1
0.34891533851623535,1
0.3478791117668152,1
0.3171272873878479,1
0.3789229691028595,1
0.3264133334159851,1
0.24960878491401672,1
0.3956265151500702,1
0.31219977140426636,1
0.3668634295463562,1
0.39014264941215515,1
0.27637559175491333,1
0.3918679654598236,1
0.38850677013397217,1
0.37524110078811646,1
0.3585026264190674,1
0.351947546005249,1
0.3224632143974304,1
0.4284360706806183,1
0.42145371437072754,1
0.43661072850227356,1
0.32454997301101685,1
0.41951385140419006,1
0.4953606128692627,1
0.3152540624141693,1
0.2646942138671875,1
0.4735345244407654,1
0.3396861255168915,1
0.36956506967544556,1
0.31333452463150024,1
0.30344581604003906,1
0.29619690775871277,1
0.39595818519592285,1
0.42773643136024475,1
0.2795303463935852,1
0.3819623291492462,1
0.41970765590667725,1
0.2739188075065613,1
0.43318912386894226,1
0.2804626226425171,1
0.28522658348083496,1
0.5213944315910339,1
0.47208067774772644,1
0.30079180002212524,1
0.30747759342193604,1
0.3617905378341675,1
0.36506715416908264,1
0.34284424781799316,1
0.2810417711734772,1
0.3919929563999176,1
0.3737667202949524,1
0.4507027566432953,1
0.3526045083999634,1
0.3236900269985199,1
0.3454502820968628,1
0.41966524720191956,1
0.38491564989089966,1
0.3235408663749695,1
0.44997358322143555,1
0.3422694802284241,1
0.31017911434173584,1
0.34910160303115845,1
0.28715914487838745,1
0.3303796052932739,1
0.3220256268978119,1
0.30005979537963867,1
0.4456137418746948,1
0.44651782512664795,1
0.3434116244316101,1
0.5013183951377869,1
0.41331684589385986,1
0.33670252561569214,1
0.28444892168045044,1
0.45185625553131104,1
0.30280792713165283,1
0.3466903269290924,1
0.3558819890022278,1
0.3667348623275757,1
0.28694242238998413,1
0.3133700489997864,1
0.3655615746974945,1
0.4463130235671997,1
0.3768001198768616,1
0.4643484354019165,1
0.274742066860199,1
0.3504646122455597,1
0.4236706793308258,1
0.3323921859264374,1
0.38567233085632324,1
0.374706506729126,1
0.3667423725128174,1
0.3585750162601471,1
0.48252585530281067,1
0.3241893947124481,1
0.5288079977035522,1
0.6028763055801392,1
0.4669710397720337,1
0.25178056955337524,1
0.32166290283203125,1
0.3812439441680908,1
0.447648286819458,1
0.3755163252353668,1
0.3465037941932678,1
0.45665135979652405,1
0.33306288719177246,1
0.34065985679626465,1
0.40180057287216187,1
0.4442312717437744,1
0.3734385669231415,1
0.2944200336933136,1
0.35202157497406006,1
0.29600808024406433,1
0.31626221537590027,1
0.48998022079467773,1
0.4645620584487915,1
0.35160112380981445,1
0.3260073959827423,1
0.33390867710113525,1
0.2743206024169922,1
0.29894137382507324,1
0.32317349314689636,1
0.38559097051620483,1
0.45087844133377075,1
0.34048891067504883,1
0.38993170857429504,1
0.31370440125465393,1
0.4262242913246155,1
0.2871361970901489,1
0.4416513442993164,1
0.35185134410858154,1
0.43498605489730835,1
0.2526465654373169,1
0.4771580994129181,1
0.41221994161605835,1
0.3922395706176758,1
0.3549672067165375,1
0.43852025270462036,1
0.2904626131057739,1
0.2994304299354553,1
0.34232407808303833,1
0.33981388807296753,1
0.41631582379341125,1
0.41104570031166077,1
0.28161168098449707,1
0.32161450386047363,1
0.32378774881362915,1
0.3323535919189453,1
0.3362680971622467,1
0.35747480392456055,1
0.38701003789901733,1
0.33951592445373535,1
0.25909993052482605,1
0.4909185767173767,1
0.27059462666511536,1
0.3537307381629944,1
0.32600146532058716,1
0.4033113420009613,1
0.32014042139053345,1
0.33899980783462524,1
0.3350341022014618,1
0.36791765689849854,1
0.5468807220458984,1
0.3640070855617523,1
0.38991865515708923,1
0.4460790753364563,1
0.3552425503730774,1
0.36144524812698364,1
0.48434239625930786,1
0.33083611726760864,1
0.40214022994041443,1
0.34897828102111816,1
0.43311136960983276,1
0.3788418471813202,1
0.2826426327228546,1
0.3715132772922516,1
0.384662926197052,1
0.3961246907711029,1
0.3628535866737366,1
0.3752642273902893,1
0.3406175374984741,1
0.39888304471969604,1
0.30474644899368286,1
0.4042240381240845,1
0.3695468008518219,1
0.35788246989250183,1
0.3816474378108978,1
0.2985796630382538,1
0.32859519124031067,1
0.24234093725681305,1
0.33236944675445557,1
0.34274524450302124,1
0.38593152165412903,1
0.36975330114364624,1
0.27838921546936035,1
0.46363356709480286,1
0.3894173800945282,1
0.3660206198692322,1
0.34998345375061035,1
0.3758760690689087,1
0.34927788376808167,1
0.32047736644744873,1
0.35059845447540283,1
0.4231579005718231,1
0.3402451276779175,1
0.34263283014297485,1
0.27355703711509705,1
0.48124366998672485,1
0.3438623547554016,1
0.3883288502693176,1
0.3789498507976532,1
0.39070773124694824,1
0.3485387861728668,1
0.30473676323890686,1
0.35809022188186646,1
0.41481584310531616,1
0.3344499468803406,1
0.28901201486587524,1
0.40663594007492065,1
0.34725624322891235,1
0.31200578808784485,1
0.4540369510650635,1
0.33635973930358887,1
0.270297646522522,1
0.42015600204467773,1
0.3111479580402374,1
0.4031218886375427,1
0.3458905816078186,1
0.2940397560596466,1
0.3073255717754364,1
0.40078866481781006,1
0.34367725253105164,1
0.2779029607772827,1
0.3007545471191406,1
0.4360634684562683,1
0.43365269899368286,1
0.39009931683540344,1
0.41247498989105225,1
0.5032469630241394,1
0.27952614426612854,1
0.2784874141216278,1
0.2846291959285736,1
0.3115145266056061,1
0.39054402709007263,1
0.4365871846675873,1
0.3146774172782898,1
0.27608722448349,1
0.4019280672073364,1
0.38382527232170105,1
0.3435211181640625,1
0.34301239252090454,1
0.3160913288593292,1
0.3913911283016205,1
0.39030832052230835,1
0.37423551082611084,1
0.5537090301513672,1
0.28506579995155334,1
0.2891114354133606,1
0.3121544122695923,1
0.35437366366386414,1
0.4226427972316742,1
0.41807591915130615,1
0.4349256157875061,1
0.29748448729515076,1
0.41286224126815796,1
0.32891106605529785,1
0.38757097721099854,1
0.3424004316329956,1
0.3596237897872925,1
0.367839515209198,1
0.29098790884017944,1
0.34140992164611816,1
0.3090021014213562,1
0.3132798671722412,1
0.40958622097969055,1
0.5514150261878967,1
0.4364006221294403,1
0.29433995485305786,1
0.3233972191810608,1
0.33146488666534424,1
0.4047352373600006,1
0.44729137420654297,1
0.3558961749076843,1
0.3312814235687256,1
0.44841617345809937,1
0.2721594572067261,1
0.3890245854854584,1
0.29870331287384033,1
0.31672948598861694,1
0.32912206649780273,1
0.42831191420555115,1
0.3140801191329956,1
0.2465863972902298,1
0.2974839210510254,1
0.22509309649467468,1
0.2832794785499573,1
0.3681923449039459,1
0.35199475288391113,1
0.35797950625419617,1
0.3745822310447693,1
0.38163048028945923,1
0.29972678422927856,1
0.38343340158462524,1
0.4318689703941345,1
0.37883448600769043,1
0.3248049020767212,1
0.515898585319519,1
0.3515862226486206,1
0.3934476375579834,1
0.32633331418037415,1
0.364694744348526,1
0.34067395329475403,1
0.3887208104133606,1
0.29331448674201965,1
0.4205056428909302,1
0.4722835123538971,1
0.4064406454563141,1
0.35582616925239563,1
0.30438005924224854,1
0.37712380290031433,1
0.34098556637763977,1
0.28020256757736206,1
0.4035469591617584,1
0.3071366548538208,1
0.38838064670562744,1
0.3982727527618408,1
0.42642146348953247,1
0.28096961975097656,1
0.3129676580429077,1
0.44980669021606445,1
0.3261713683605194,1
0.45736104249954224,1
0.39357852935791016,1
0.37517112493515015,1
0.32545265555381775,1
0.31893259286880493,1
0.4181477725505829,1
0.2883901000022888,1
0.3249708116054535,1
0.23805364966392517,1
0.3126278221607208,1
0.36149126291275024,1
0.4517172574996948,1
0.32469427585601807,1
0.3242780566215515,1
0.3495997488498688,1
0.3426506221294403,1
0.34175360202789307,1
0.33205193281173706,1
0.297466516494751,1
0.34809672832489014,1
0.36335480213165283,1
0.47992217540740967,1
0.27875155210494995,1
0.2938787043094635,1
0.4567801356315613,1
0.38066771626472473,1
0.3404461443424225,1
0.4250071048736572,1
0.2705637216567993,1
0.36292219161987305,1
0.39040613174438477,1
0.4147511124610901,1
0.3755072057247162,1
0.3475996255874634,1
0.26438891887664795,1
0.3742181658744812,1
0.400510311126709,1
0.45885372161865234,1
0.25364693999290466,1
0.3772873282432556,1
0.40377098321914673,1
0.38731640577316284,1
0.31473615765571594,1
0.3271123468875885,1
0.46240514516830444,1
0.2746705412864685,1
0.23627987504005432,1
0.39457786083221436,1
0.32540959119796753,1
0.44832515716552734,1
0.43211716413497925,1
0.3870464563369751,1
0.3286280333995819,1
0.2877800166606903,1
0.26332685351371765,1
0.31146949529647827,1
0.453214555978775,1
0.30176952481269836,1
0.3633773922920227,1
0.34028804302215576,1
0.3632618188858032,1
0.28492534160614014,1
0.365531861782074,1
0.3420388698577881,1
0.33872997760772705,1
0.3824130892753601,1
0.4111749529838562,1
0.3394101858139038,1
0.22373300790786743,1
0.4401370882987976,1
0.3709017336368561,1
0.3823491334915161,1
0.46489647030830383,1
0.4179726839065552,1
0.5043870806694031,1
0.3733980655670166,1
0.3527762293815613,1
0.335546612739563,1
0.32471737265586853,1
0.26463842391967773,1
0.30672359466552734,1
0.22323454916477203,1
0.3689315617084503,1
0.4090507924556732,1
0.3803836703300476,1
0.3629533350467682,1
0.4081020951271057,1
0.37434032559394836,1
0.40137019753456116,1
0.41370251774787903,1
0.37902820110321045,1
0.3683547079563141,1
0.4199214577674866,1
0.4792366921901703,1
0.32478559017181396,1
0.45426708459854126,1
0.3411096930503845,1
0.260175883769989,1
0.3342730402946472,1
0.26644057035446167,1
0.3290208578109741,1
0.3254738450050354,1
0.3655799627304077,1
0.3512515723705292,1
0.35887497663497925,1
0.38925039768218994,1
0.30390655994415283,1
0.28604230284690857,1
0.3758516013622284,1
0.3526841104030609,1
0.4815332889556885,1
0.29855331778526306,1
0.4562044143676758,1
0.4333590567111969,1
0.41153204441070557,1
0.5061858296394348,1
0.39060479402542114,1
0.3284493088722229,1
0.3573417067527771,1
0.3615259528160095,1
0.36344653367996216,1
0.29313570261001587,1
0.4741080701351166,1
0.3200952708721161,1
0.28428468108177185,1
0.4155299663543701,1
0.30558568239212036,1
0.3956679105758667,1
0.30878692865371704,1
0.3689226508140564,1
0.30707213282585144,1
0.4388771951198578,1
0.5172182321548462,1
0.3331202268600464,1
0.34365206956863403,1
0.3424645662307739,1
0.42925742268562317,1
0.4017326533794403,1
0.367655873298645,1
0.29967042803764343,1
0.32667338848114014,1
0.32892313599586487,1
0.35877954959869385,1
0.3323957026004791,1
0.40109506249427795,1
0.3908733129501343,1
0.28979432582855225,1
0.3507213592529297,1
0.39665868878364563,1
0.28865480422973633,1
0.4485469460487366,1
0.36711806058883667,1
0.34402358531951904,1
0.3359159827232361,1
0.3305639922618866,1
0.3501628339290619,1
0.3497862219810486,1
0.4071100950241089,1
0.3064080476760864,1
0.3153287172317505,1
0.37519246339797974,1
0.4692625403404236,1
0.40902435779571533,1
0.3632659316062927,1
0.4809427261352539,1
0.2932775616645813,1
0.3225533366203308,1
0.2798178195953369,1
0.42261284589767456,1
0.3396378755569458,1
0.46178191900253296,1
0.3149963617324829,1
0.3898250460624695,1
0.404428631067276,1
0.2680845558643341,1
0.3546116352081299,1
0.3697144389152527,1
0.4703275263309479,1
0.44838809967041016,1
0.3716620206832886,1
0.2800424098968506,1
0.4376341700553894,1
0.36804890632629395,1
0.3948255181312561,1
0.3474399149417877,1
0.35886284708976746,1
0.29842832684516907,1
0.3910328149795532,1
0.31118887662887573,1
0.30484992265701294,1
0.40860024094581604,1
0.40175607800483704,1
0.31800904870033264,1
0.3440478444099426,1
0.42207109928131104,1
0.36238574981689453,1
0.37525683641433716,1
0.297868937253952,1
0.1992633044719696,1
0.2854134440422058,1
0.21551427245140076,1
0.38432806730270386,1
0.3177720010280609,1
0.31047600507736206,1
0.40421658754348755,1
0.3726722002029419,1
0.3967244327068329,1
0.36575978994369507,1
0.3855486810207367,1
0.3681943416595459,1
0.3232920467853546,1
0.44534286856651306,1
0.36711442470550537,1
0.3045676350593567,1
0.3744109272956848,1
0.3776387572288513,1
0.2486063688993454,1
0.3375803828239441,1
0.4170035421848297,1
0.4849705100059509,1
0.3437878489494324,1
0.3315754532814026,1
0.3571922183036804,1
0.2744896113872528,1
0.4686773121356964,1
0.4017394483089447,1
0.31749457120895386,1
0.39703086018562317,1
0.3623564541339874,1
0.4563834071159363,1
0.44556984305381775,1
0.43301790952682495,1
0.4809926450252533,1
0.338687539100647,1
0.3044203519821167,1
0.3204575181007385,1
0.32618260383605957,1
0.42059385776519775,1
0.35684865713119507,1
0.456764817237854,1
0.31656327843666077,1
0.4156774878501892,1
0.3107573986053467,1
0.3856689929962158,1
0.3773610293865204,1
0.3234836459159851,1
0.3541185259819031,1
0.34261563420295715,1
0.3341042101383209,1
0.3107617199420929,1
0.3039851784706116,1
0.39498037099838257,1
0.3541250228881836,1
0.3771286606788635,1
0.3866375684738159,1
0.3048514127731323,1
0.41102445125579834,1
0.3698282837867737,1
0.3157431185245514,1
0.32494786381721497,1
0.3749507665634155,1
0.5145580768585205,1
0.27934497594833374,1
0.34682518243789673,1
0.35136380791664124,1
0.42186909914016724,1
0.388812780380249,1
0.4154699444770813,1
0.3154454231262207,1
0.3962167203426361,1
0.4108336269855499,1
0.4477407932281494,1
0.3132883906364441,1
0.31539785861968994,1
0.25447964668273926,1
0.3600783348083496,1
0.38671162724494934,1
0.4831900894641876,1
0.33558860421180725,1
0.35676971077919006,1
0.32790419459342957,1
0.45528608560562134,1
0.36980706453323364,1
0.2732042074203491,1
0.4456992745399475,1
0.35577917098999023,1
0.39983615279197693,1
0.4107236862182617,1
0.42576661705970764,1
0.35433229804039,1
0.26875072717666626,1
0.30202868580818176,1
0.2749842405319214,1
0.336893230676651,1
0.44125354290008545,1
0.2800554931163788,1
0.39198774099349976,1
0.3707580864429474,1
0.27298784255981445,1
0.32351410388946533,1
0.442107617855072,1
0.33537787199020386,1
0.36285966634750366,1
0.4917646050453186,1
0.3824307322502136,1
0.421255886554718,1
0.3278271555900574,1
0.41787615418434143,1
0.35143589973449707,1
0.45271193981170654,1
0.4610523581504822,1
0.406427800655365,1
0.2701524496078491,1
0.4280889928340912,1
0.3811647295951843,1
0.3565043807029724,1
0.39104318618774414,1
0.40461450815200806,1
0.26356303691864014,1
0.4134905934333801,1
0.39553478360176086,1
0.3744942843914032,1
0.34326332807540894,1
0.3046944737434387,1
0.4090471863746643,1
0.3136483132839203,1
0.32465288043022156,1
0.5443501472473145,1
0.37430238723754883,1
0.458466112613678,1
0.3695763349533081,1
0.29347845911979675,1
0.3476983308792114,1
0.3139793276786804,1
0.3972134590148926,1
0.3693905472755432,1
0.4091672897338867,1
0.4154827296733856,1
0.2869645655155182,1
0.34976425766944885,1
0.3146473169326782,1
0.35586005449295044,1
0.42890840768814087,1
0.37969404458999634,1
0.5091856718063354,1
0.29652491211891174,1
0.3877697288990021,1
0.44283151626586914,1
0.3926960527896881,1
0.3072353005409241,1
0.37227046489715576,1
0.33243289589881897,1
0.46064093708992004,1
0.32252269983291626,1
0.403363972902298,1
0.2855820059776306,1
0.3289656639099121,1
0.28754252195358276,1
0.32760441303253174,1
0.49175822734832764,1
0.3776465654373169,1
0.3919203579425812,1
0.2839357852935791,1
0.5203142762184143,1
0.33418869972229004,1
0.40634870529174805,1
0.3708147406578064,1
0.5018158555030823,1
0.3731577694416046,1
0.4091665744781494,1
0.32262957096099854,1
0.3594880700111389,1
0.2861884832382202,1
0.41560888290405273,1
0.35327282547950745,1
0.3272273540496826,1
0.30034270882606506,1
0.34168174862861633,1
0.34191787242889404,1
0.2792333960533142,1
0.36137521266937256,1
0.4310544729232788,1
0.33009517192840576,1
0.27310803532600403,1
0.32354098558425903,1
0.3920934498310089,1
0.3802884519100189,1
0.3949023485183716,1
0.36870113015174866,1
0.3171554207801819,1
0.34314650297164917,1
0.3762097656726837,1
0.31778043508529663,1
0.4117950201034546,1
0.3374221920967102,1
0.2813555598258972,1
0.3549547493457794,1
0.407682329416275,1
0.33829939365386963,1
0.4281346797943115,1
0.4265909194946289,1
0.37996214628219604,1
0.35413411259651184,1
0.3340948224067688,1
0.33357614278793335,1
0.4625455141067505,1
0.37055566906929016,1
0.39632314443588257,1
0.3761068284511566,1
0.445487380027771,1
0.372029185295105,1
0.2903497815132141,1
0.4040622115135193,1
0.274457722902298,1
0.25710415840148926,1
0.338431179523468,1
0.3290603756904602,1
0.3962804079055786,1
0.36806902289390564,1
0.29586857557296753,1
0.44286561012268066,1
0.4816136360168457,1
0.39447346329689026,1
0.27697792649269104,1
0.3711317479610443,1
0.2834923565387726,1
0.47467947006225586,1
0.4637834429740906,1
0.3229128420352936,1
0.3372761607170105,1
0.248080313205719,1
0.2804010212421417,1
0.46318233013153076,1
0.26041483879089355,1
0.3990786671638489,1
0.2869947552680969,1
0.32551130652427673,1
0.3681778907775879,1
0.31724047660827637,1
0.4503648579120636,1
0.38202887773513794,1
0.3734516501426697,1
0.36624836921691895,1
0.3442976176738739,1
0.3540043234825134,1
0.34983688592910767,1
0.3967371881008148,1
0.3609420359134674,1
0.45140835642814636,1
0.41115838289260864,1
0.34095191955566406,1
0.30542412400245667,1
0.305294930934906,1
0.38052427768707275,1
0.4399889409542084,1
0.3859065771102905,1
0.40405383706092834,1
0.4747951626777649,1
0.37308481335639954,1
0.2304590344429016,1
0.3254391849040985,1
0.4117053151130676,1
0.28151023387908936,1
0.43774744868278503,1
0.40021631121635437,1
0.37679874897003174,1
0.27913621068000793,1
0.30246132612228394,1
0.3549495041370392,1
0.2530996799468994,1
0.3080183267593384,1
0.4486243724822998,1
0.3008555769920349,1
0.37090715765953064,1
0.305266797542572,1
0.38604581356048584,1
0.42746415734291077,1
0.46673184633255005,1
0.34296995401382446,1
0.3925321102142334,1
0.25195780396461487,1
0.2409876585006714,1
0.3420151472091675,1
0.40875792503356934,1
0.32115980982780457,1
0.4369564652442932,1
0.3535100221633911,1
0.33166706562042236,1
0.34588366746902466,1
0.3106358051300049,1
0.3545485734939575,1
0.36101627349853516,1
0.42531049251556396,1
0.5615339875221252,1
0.5040221214294434,1
0.2568201422691345,1
0.4823492169380188,1
0.35698485374450684,1
0.32150453329086304,1
0.3672298789024353,1
0.3095375895500183,1
0.46055322885513306,1
0.4648383855819702,1
0.3893981873989105,1
0.3586490750312805,1
0.45269572734832764,1
0.3042452335357666,1
0.3731982409954071,1
0.298223078250885,1
0.2822108268737793,1
0.3405357897281647,1
0.3391430079936981,1
0.357636034488678,1
0.43929487466812134,1
0.33015191555023193,1
0.4259841740131378,1
0.44176924228668213,1
0.3637843728065491,1
0.3371714651584625,1
0.28970587253570557,1
0.3783511817455292,1
0.35419100522994995,1
0.5445368885993958,1
0.4190552234649658,1
0.40005040168762207,1
0.3904213309288025,1
0.4269048571586609,1
0.3068864345550537,1
0.39230436086654663,1
0.346993088722229,1
0.32343050837516785,1
0.37681853771209717,1
0.4080725312232971,1
0.39503538608551025,1
0.3332138955593109,1
0.33996737003326416,1
0.34053146839141846,1
0.4251682758331299,1
0.3427944779396057,1
0.4660247564315796,1
0.4010024666786194,1
0.2595118284225464,1
0.4090740382671356,1
0.3702888488769531,1
0.3131270408630371,1
0.28882381319999695,1
0.26237231492996216,1
0.3390088677406311,1
0.35069769620895386,1
0.3842967450618744,1
0.3590713143348694,1
0.4223703444004059,1
0.4657115340232849,1
0.4059183597564697,1
0.4019952416419983,1
0.3164665400981903,1
0.3676052391529083,1
0.3680698871612549,1
0.4499150514602661,1
0.3204689025878906,1
0.3858960270881653,1
0.31320422887802124,1
0.32083016633987427,1
0.3561844527721405,1
0.40291744470596313,1
0.3040006756782532,1
0.3185247480869293,1
0.3616468906402588,1
0.2963017225265503,1
0.39714252948760986,1
0.3700392246246338,1
0.451822429895401,1
0.3734384775161743,1
0.36854255199432373,1
0.3390619158744812,1
0.3768012821674347,1
0.3482992649078369,1
0.3942085802555084,1
0.3422181308269501,1
0.35881757736206055,1
0.36227816343307495,1
0.3362430930137634,1
0.3689647912979126,1
0.4505264163017273,1
0.33475303649902344,1
0.5436814427375793,1
0.3447985351085663,1
0.3390659987926483,1
0.3223499059677124,1
0.3352297842502594,1
0.35913771390914917,1
0.4131823182106018,1
0.36210209131240845,1
0.341757595539093,1
0.38594353199005127,1
0.30933496356010437,1
0.32263219356536865,1
0.40517657995224,1
0.35627812147140503,1
0.404013067483902,1
0.3642303943634033,1
0.39976760745048523,1
0.28818345069885254,1
0.41754573583602905,1
0.39754098653793335,1
0.3475521206855774,1
0.41226688027381897,1
0.2454734593629837,1
0.3642761707305908,1
0.35650527477264404,1
0.29408031702041626,1
0.46213769912719727,1
0.35419347882270813,1
0.344986230134964,1
0.2796708941459656,1
0.40103238821029663,1
0.2598358988761902,1
0.5238081216812134,1
0.45659399032592773,1
0.3251990079879761,1
0.38091862201690674,1
0.3647304177284241,1
0.4329473376274109,1
0.29156097769737244,1
0.2930587828159332,1
0.3359224796295166,1
0.3734748661518097,1
0.5809484720230103,1
0.33556586503982544,1
0.35103410482406616,1
0.34520402550697327,1
0.2913691997528076,1
0.3396196663379669,1
0.28021374344825745,1
0.29369398951530457,1
0.3212471604347229,1
0.3961690366268158,1
0.32934507727622986,1
0.3452757000923157,1
0.41931354999542236,1
0.3661453127861023,1
0.40961015224456787,1
0.444275438785553,1
0.35176536440849304,1
0.38539084792137146,1
0.35463055968284607,1
0.38623055815696716,1
0.38132354617118835,1
0.4231691360473633,1
0.42763012647628784,1
0.37896808981895447,1
0.2898266017436981,1
0.2880391478538513,1
0.34090110659599304,1
0.3723350167274475,1
0.446227103471756,1
0.5325136184692383,1
0.37739211320877075,1
0.3659304082393646,1
0.356611430644989,1
0.3335931897163391,1
0.47499993443489075,1
0.4533957242965698,1
0.29784318804740906,1
0.37542420625686646,1
0.4189895689487457,1
0.3788512051105499,1
0.3754560649394989,1
0.42505407333374023,1
0.34882667660713196,1
0.38327664136886597,1
0.29852479696273804,1
0.4423680305480957,1
0.38371333479881287,1
0.374869704246521,1
0.3396281599998474,1
0.4470287561416626,1
0.3418352007865906,1
0.2834330201148987,1
0.31871965527534485,1
0.307927668094635,1
0.2954905033111572,1
0.36619189381599426,1
0.3641468286514282,1
0.3131070137023926,1
0.35812848806381226,1
0.4217371940612793,1
0.4580978751182556,1
0.35220080614089966,1
0.3129667639732361,1
0.36700958013534546,1
0.4123268127441406,1
0.425708532333374,1
0.37534207105636597,1
0.4236980676651001,1
0.4862658381462097,1
0.4604497253894806,1
0.45165005326271057,1
0.31496474146842957,1
0.3014533817768097,1
0.294230192899704,1
0.44167372584342957,1
0.3763500452041626,1
0.3809703588485718,1
0.3383273184299469,1
0.3769753873348236,1
0.2483370006084442,1
0.38280653953552246,1
0.38795939087867737,1
0.36839529871940613,1
0.27359679341316223,1
0.32360294461250305,1
0.521186351776123,1
0.33019474148750305,1
0.3212968409061432,1
0.4067816734313965,1
0.3306674063205719,1
0.36305558681488037,1
0.2608237862586975,1
0.308454692363739,1
0.3416970670223236,1
0.3087475895881653,1
0.3303753137588501,1
0.29705578088760376,1
0.35473471879959106,1
0.3929073214530945,1
0.28559571504592896,1
0.46832171082496643,1
0.3462854027748108,1
0.3368571996688843,1
0.4860689640045166,1
0.3992902636528015,1
0.32485252618789673,1
0.45496857166290283,1
0.3991409242153168,1
0.3683476150035858,1
0.39487960934638977,1
0.31145191192626953,1
0.41019925475120544,1
0.37534308433532715,1
0.34517619013786316,1
0.3481205105781555,1
0.4191514849662781,1
0.388572096824646,1
0.4276455044746399,1
0.3525411784648895,1
0.3155590295791626,1
0.4093738794326782,1
0.4628027081489563,1
0.2970643639564514,1
0.534617006778717,1
0.3981660008430481,1
0.34252941608428955,1
0.38383716344833374,1
0.3124712109565735,1
0.32560449838638306,1
0.34488797187805176,1
0.33028948307037354,1
0.4615787863731384,1
0.39799466729164124,1
0.4918658137321472,1
0.28607749938964844,1
0.32430240511894226,1
0.35681527853012085,1
0.49819284677505493,1
0.3826380968093872,1
0.44737935066223145,1
0.38815051317214966,1
0.35131943225860596,1
0.31863629817962646,1
0.34124457836151123,1
0.30211585760116577,1
0.2737404704093933,1
0.44421929121017456,1
0.371711790561676,1
0.3396938741207123,1
0.3062700629234314,1
0.4623115658760071,1
0.36394307017326355,1
0.406071275472641,1
0.3648071885108948,1
0.38070496916770935,1
0.4570903480052948,1
0.373235821723938,1
0.5020108222961426,1
0.33344748616218567,1
0.39622703194618225,1
0.37270689010620117,1
0.38365495204925537,1
0.4188917875289917,1
0.3821881115436554,1
0.4013769328594208,1
0.3422626256942749,1
0.31357818841934204,1
0.28653109073638916,1
0.28001514077186584,1
0.4050731658935547,1
0.3605244755744934,1
0.4488874673843384,1
0.41350847482681274,1
0.3386205732822418,1
0.4770638346672058,1
0.3259367346763611,1
0.378560334444046,1
0.33068186044692993,1
0.3961903154850006,1
0.2749483585357666,1
0.32685282826423645,1
0.45535409450531006,1
0.28980499505996704,1
0.3701865077018738,1
0.31353500485420227,1
0.3741855025291443,1
0.3764837980270386,1
0.4409581422805786,1
0.29284200072288513,1
0.41048604249954224,1
0.36037278175354004,1
0.4484810531139374,1
0.510302722454071,1
0.32357048988342285,1
0.38546210527420044,1
0.37681299448013306,1
0.3322540819644928,1
0.4177775979042053,1
0.3196362853050232,1
0.40643367171287537,1
0.38617682456970215,1
0.37828361988067627,1
0.35965317487716675,1
0.5264976024627686,1
0.29413798451423645,1
0.43879157304763794,1
0.4232792556285858,1
0.3930935263633728,1
0.26281148195266724,1
0.3710225820541382,1
0.36422669887542725,1
0.4041031301021576,1
0.2836684584617615,1
0.46634331345558167,1
0.31494051218032837,1
0.39166712760925293,1
0.3348812758922577,1
0.28372377157211304,1
0.34200868010520935,1
0.39201417565345764,1
0.3390958309173584,1
0.38076484203338623,1
0.28686264157295227,1
0.39038461446762085,1
0.5011448860168457,1
0.39600884914398193,1
0.44362205266952515,1
0.34219610691070557,1
0.2684178948402405,1
0.5065807700157166,1
0.3015086352825165,1
0.3889283835887909,1
0.3272644281387329,1
0.32303282618522644,1
0.3052598237991333,1
0.3516033887863159,1
0.3542846441268921,1
0.3206501603126526,1
0.3818345367908478,1
0.31808221340179443,1
0.4517117142677307,1
0.41731786727905273,1
0.3929431736469269,1
0.4031246602535248,1
0.34052610397338867,1
0.3562002182006836,1
0.48808252811431885,1
0.37681594491004944,1
0.353454053401947,1
0.33298367261886597,1
0.4680134057998657,1
0.3741711974143982,1
0.3590233027935028,1
0.2903003990650177,1
0.42665982246398926,1
0.4622664153575897,1
0.36298084259033203,1
0.33437615633010864,1
0.3784676790237427,1
0.31352123618125916,1
0.37891918420791626,1
0.4961297810077667,1
0.36746323108673096,1
0.42603328824043274,1
0.3743477761745453,1
0.3522968888282776,1
0.28511157631874084,1
0.34639596939086914,1
0.34838688373565674,1
0.39067867398262024,1
0.298321008682251,1
0.33262038230895996,1
0.28637081384658813,1
0.24363532662391663,1
0.3529697358608246,1
0.4647447466850281,1
0.36923760175704956,1
0.4655204117298126,1
0.3584604859352112,1
0.2939348816871643,1
0.4234406054019928,1
0.3809008002281189,1
0.31532514095306396,1
0.44300514459609985,1
0.3447537422180176,1
0.34622329473495483,1
0.35649317502975464,1
0.38345867395401,1
0.29717645049095154,1
0.3081640303134918,1
0.4009389877319336,1
0.30111706256866455,1
0.4063442349433899,1
0.38344401121139526,1
0.3781391978263855,1
0.4890700876712799,1
0.35560494661331177,1
0.3786452114582062,1
0.3008047938346863,1
0.3467385172843933,1
0.320120632648468,1
0.4035014808177948,1
0.29747942090034485,1
0.4465404152870178,1
0.27645590901374817,1
0.3006110191345215,1
0.3245270848274231,1
0.2672964334487915,1
0.45070838928222656,1
0.3447248339653015,1
0.3315139412879944,1
0.3652845025062561,1
0.3062390685081482,1
0.3147660791873932,1
0.33580121397972107,1
0.32414525747299194,1
0.36454206705093384,1
0.2989785969257355,1
0.31686654686927795,1
0.3393993675708771,1
0.45545944571495056,1
0.2958099842071533,1
0.35305947065353394,1
0.3717966079711914,1
0.42078354954719543,1
0.34034019708633423,1
0.5135961771011353,1
0.3060159683227539,1
0.3872070908546448,1
0.38647836446762085,1
0.2912156879901886,1
0.32527390122413635,1
0.2929336130619049,1
0.29509830474853516,1
0.3584063947200775,1
0.2609682083129883,1
0.3257136344909668,1
0.28470951318740845,1
0.28797289729118347,1
0.44974464178085327,1
0.29441341757774353,1
0.3329920470714569,1
0.3765794038772583,1
0.5084471106529236,1
0.2813105881214142,1
0.3701302707195282,1
0.6723182201385498,1
0.1900874227285385,1
0.3427116274833679,1
0.3263358473777771,1
0.38129597902297974,1
0.31727707386016846,1
0.31746429204940796,1
0.2630876302719116,1
0.34061285853385925,1
0.30248185992240906,1
0.34860390424728394,1
0.32022708654403687,1
0.47538068890571594,1
0.31324928998947144,1
0.35749778151512146,1
0.47613346576690674,1
0.2418515980243683,1
0.41450220346450806,1
0.3845686912536621,1
0.40028417110443115,1
0.37957364320755005,1
0.4338018298149109,1
0.2912105321884155,1
0.29653656482696533,1
0.33101192116737366,1
0.42427489161491394,1
0.3720282018184662,1
0.31009143590927124,1
0.37756872177124023,1
0.2202334702014923,1
0.282522976398468,1
0.30957064032554626,1
0.24171990156173706,1
0.3276675343513489,1
0.33897989988327026,1
0.2667112648487091,1
0.30435121059417725,1
0.376802921295166,1
0.4488215446472168,1
0.4081079959869385,1
0.42917340993881226,1
0.2792212665081024,1
0.2643083333969116,1
0.34864291548728943,1
0.40792131423950195,1
0.344588041305542,1
0.3680708408355713,1
0.3717572093009949,1
0.3110421895980835,1
0.3302907943725586,1
0.3179192543029785,1
0.40098148584365845,1
0.3617134988307953,1
0.32336950302124023,1
0.3438335359096527,1
0.24407972395420074,1
0.41286584734916687,1
0.34646421670913696,1
0.3370600938796997,1
0.356955885887146,1
0.41985267400741577,1
0.34475046396255493,1
0.42251068353652954,1
0.2549384534358978,1
0.3943593204021454,1
0.33272868394851685,1
0.38316667079925537,1
0.25869470834732056,1
0.3157739043235779,1
0.3424377739429474,1
0.33331966400146484,1
0.3451879024505615,1
0.42028021812438965,1
0.46335285902023315,1
0.344616174697876,1
0.39491280913352966,1
0.4367498755455017,1
0.4568530023097992,1
0.3061341345310211,1
0.30879300832748413,1
0.2532598674297333,1
0.38440901041030884,1
0.5302165746688843,1
0.439817875623703,1
0.38840198516845703,1
0.4416133165359497,1
0.3910941779613495,1
0.35561782121658325,1
0.3249756097793579,1
0.29003575444221497,1
0.30421459674835205,1
0.365978866815567,1
0.4332835078239441,1
0.2838190793991089,1
0.262837290763855,1
0.28173816204071045,1
0.3141360282897949,1
0.25542163848876953,1
0.32522010803222656,1
0.4502258896827698,1
0.3861321210861206,1
0.3357091546058655,1
0.44752639532089233,1
0.3468763530254364,1
0.37576746940612793,1
0.2792455554008484,1
0.3493111729621887,1
0.47879257798194885,1
0.31708377599716187,1
0.26148319244384766,1
0.2693575322628021,1
0.33771082758903503,1
0.4641112685203552,1
0.30319955945014954,1
0.3438277840614319,1
0.3696715533733368,1
0.38855189085006714,1
0.3058544993400574,1
0.42305612564086914,1
0.41637158393859863,1
0.2758980095386505,1
0.3434402048587799,1
0.6278042197227478,1
0.2846511900424957,1
0.36468708515167236,1
0.30957671999931335,1
0.3635479509830475,1
0.3279467225074768,1
0.37024980783462524,1
0.3453594446182251,1
0.44040074944496155,1
0.29817822575569153,1
0.3419741094112396,1
0.31032437086105347,1
0.27472537755966187,1
0.2783714532852173,1
0.3210028409957886,1
0.5092375874519348,1
0.32938170433044434,1
0.39654967188835144,1
0.28859543800354004,1
0.27962183952331543,1
0.4025925397872925,1
0.3039836287498474,1
0.5007621049880981,1
0.27446410059928894,1
0.39372414350509644,1
0.19047293066978455,1
0.3047732710838318,1
0.29571056365966797,1
0.3019152581691742,1
0.31375640630722046,1
0.38051292300224304,1
0.3401164412498474,1
0.29498744010925293,1
0.3952402174472809,1
0.5310457348823547,1
0.25334787368774414,1
0.3785640597343445,1
0.428605854511261,1
0.3044198155403137,1
0.32169240713119507,1
0.31081199645996094,1
0.35919371247291565,1
0.36865267157554626,1
0.33205321431159973,1
0.3294358253479004,1
0.400720477104187,1
0.3660309910774231,1
0.3248680830001831,1
0.31155484914779663,1
0.3984255790710449,1
0.3210272192955017,1
0.3799085021018982,1
0.3321512043476105,1
0.35204216837882996,1
0.35886937379837036,1
0.24109770357608795,1
0.3824075162410736,1
0.45076701045036316,1
0.40508952736854553,1
0.34108638763427734,1
0.34970366954803467,1
0.3892242908477783,1
0.42368265986442566,1
0.29290884733200073,1
0.2809202969074249,1
0.4607347249984741,1
0.3329223394393921,1
0.4886015057563782,1
0.3900652527809143,1
0.41430458426475525,1
0.46704646944999695,1
0.3476487696170807,1
0.37187856435775757,1
0.39528995752334595,1
0.33702361583709717,1
0.32640793919563293,1
0.343693345785141,1
0.28698837757110596,1
0.39435887336730957,1
0.4630628824234009,1
0.35649168491363525,1
0.2850791811943054,1
0.3489639461040497,1
0.2699527442455292,1
0.27771836519241333,1
0.4489808678627014,1
0.33786439895629883,1
0.5647338628768921,1
0.25472983717918396,1
0.3900541067123413,1
0.29543155431747437,1
0.4856988787651062,1
0.30135378241539,1
0.36383846402168274,1
0.3967522978782654,1
0.3305227756500244,1
0.3033725619316101,1
0.4855858087539673,1
0.4093250334262848,1
0.35773271322250366,1
0.4310183525085449,1
0.3806549906730652,1
0.39572829008102417,1
0.3639933466911316,1
0.3677055537700653,1
0.3897361755371094,1
0.3248966932296753,1
0.3993889391422272,1
0.3964398205280304,1
0.3660661578178406,1
0.3316648602485657,1
0.3894522488117218,1
0.3341638147830963,1
0.3404492139816284,1
0.41701364517211914,1
0.45838677883148193,1
0.31189191341400146,1
0.31721484661102295,1
0.4041450023651123,1
0.27805736660957336,1
0.4656252861022949,1
0.3317531645298004,1
0.3571174740791321,1
0.39778047800064087,1
0.4202135503292084,1
0.3259134292602539,1
0.3942772150039673,1
0.3338858485221863,1
0.4160015881061554,1
0.4247246980667114,1
0.2549411654472351,1
0.3702009916305542,1
0.3979957103729248,1
0.30446529388427734,1
0.5339304208755493,1
0.4619384706020355,1
0.38230085372924805,1
0.44282543659210205,1
0.3896697461605072,1
0.31996530294418335,1
0.17845983803272247,1
0.3505280315876007,1
0.2803831398487091,1
0.42054283618927,1
0.3884681761264801,1
0.3620460629463196,1
0.37725597620010376,1
0.31977176666259766,1
0.43089672923088074,1
0.39799776673316956,1
0.42908722162246704,1
0.35802534222602844,1
0.3002440631389618,1
0.5092841982841492,1
0.40145257115364075,1
0.3072303831577301,1
0.41966328024864197,1
0.24719808995723724,1
0.36586931347846985,1
0.37783294916152954,1
0.36616331338882446,1
0.36436158418655396,1
0.4080643951892853,1
0.4613594710826874,1
0.44618675112724304,1
0.3535694181919098,1
0.23674707114696503,1
0.2653718590736389,1
0.4463467299938202,1
0.36321893334388733,1
0.4134497344493866,1
0.38366150856018066,1
0.35522836446762085,1
0.24730616807937622,1
0.32895153760910034,1
0.45417624711990356,1
0.35543960332870483,1
0.3449556231498718,1
0.4865950047969818,1
0.3168502449989319,1
0.40763044357299805,1
0.3928472697734833,1
0.4253472685813904,1
0.3049639165401459,1
0.356476366519928,1
0.3075577914714813,1
0.40413782000541687,1
0.38168057799339294,1
0.3201683461666107,1
0.43750330805778503,1
0.36524489521980286,1
0.30439871549606323,1
0.31081435084342957,1
0.37716516852378845,1
0.45025792717933655,1
0.3707095980644226,1
0.26884013414382935,1
0.3555574417114258,1
0.3207279443740845,1
0.337836354970932,1
0.4150036573410034,1
0.26534411311149597,1
0.2747008204460144,1
0.2970166802406311,1
0.43776261806488037,1
0.35394367575645447,1
0.2917183041572571,1
0.4066120982170105,1
0.31811410188674927,1
0.3411271274089813,1
0.4140053391456604,1
0.2681635022163391,1
0.3124988079071045,1
0.3216065764427185,1
0.39246487617492676,1
0.448669970035553,1
0.32595425844192505,1
0.37285250425338745,1
0.4633413553237915,1
0.4582764506340027,1
0.3696507215499878,1
0.3349977731704712,1
0.3273807466030121,1
0.4201982617378235,1
0.3972419798374176,1
0.4678393006324768,1
0.32854753732681274,1
0.23574435710906982,1
0.4119609594345093,1
0.48032331466674805,1
0.4316085875034332,1
0.49435487389564514,1
0.4249727427959442,1
0.3271864950656891,1
0.3182013928890228,1
0.4069870710372925,1
0.37616246938705444,1
0.33182215690612793,1
0.39593058824539185,1
0.2887868285179138,1
0.24223771691322327,1
0.3840256333351135,1
0.35041889548301697,1
0.3878284692764282,1
0.31368833780288696,1
0.346280962228775,1
0.3937486410140991,1
0.2894694209098816,1
0.3351736068725586,1
0.31578218936920166,1
0.39922434091567993,1
0.4427776038646698,1
0.34929338097572327,1
0.3742339313030243,1
0.29518669843673706,1
0.32205766439437866,1
0.33243727684020996,1
0.40977445244789124,1
0.338510125875473,1
0.3619704842567444,1
0.41258329153060913,1
0.4337543249130249,1
0.3545522689819336,1
0.3047065734863281,1
0.3049304187297821,1
0.33511635661125183,1
0.44191810488700867,1
0.3529003858566284,1
0.3589420020580292,1
0.34749773144721985,1
0.3392234444618225,1
0.44808346033096313,1
0.4020951986312866,1
0.3528127670288086,1
0.4073393642902374,1
0.39220207929611206,1
0.3853369355201721,1
0.3660886585712433,1
0.35373345017433167,1
0.36075448989868164,1
0.39089763164520264,1
0.3880748152732849,1
0.45736151933670044,1
0.34986841678619385,1
0.44572925567626953,1
0.40829986333847046,1
0.43624597787857056,1
0.3424775302410126,1
0.30875787138938904,1
0.27535945177078247,1
0.35203588008880615,1
0.35471880435943604,1
0.41400718688964844,1
0.4296287000179291,1
0.48560649156570435,1
0.3008505702018738,1
0.3960978388786316,1
0.4568765163421631,1
0.3865543305873871,1
0.4336608946323395,1
0.44373124837875366,1
0.3871118128299713,1
0.24834784865379333,1
0.31462180614471436,1
0.28820499777793884,1
0.30750328302383423,1
0.3268256187438965,1
0.3401276171207428,1
0.35243654251098633,1
0.34240323305130005,1
0.49098706245422363,1
0.3409774601459503,1
0.3182094693183899,1
0.3010249733924866,1
0.3709154725074768,1
0.36998772621154785,1
0.369244784116745,1
0.33134955167770386,1
0.3947741389274597,1
0.256377637386322,1
0.35365259647369385,1
0.37486812472343445,1
0.2881307601928711,1
0.4343418478965759,1
0.3364749550819397,1
0.3784792721271515,1
0.3551006317138672,1
0.39544224739074707,1
0.3623444437980652,1
0.3183225393295288,1
0.4438942074775696,1
0.28815484046936035,1
0.40937677025794983,1
0.3956565260887146,1
0.19407883286476135,1
0.39364686608314514,1
0.40386176109313965,1
0.3580375611782074,1
0.2734313905239105,1
0.4246753454208374,1
0.434017539024353,1
0.3855128586292267,1
0.41645318269729614,1
0.3529934883117676,1
0.5038944482803345,1
0.38827019929885864,1
0.4170377552509308,1
0.4086746871471405,1
0.38895052671432495,1
0.3870296776294708,1
0.29836541414260864,1
0.34445345401763916,1
0.45497652888298035,1
0.4334855079650879,1
0.39012718200683594,1
0.3663365840911865,1
0.3131561279296875,1
0.2316533327102661,1
0.3171052932739258,1
0.2848869264125824,1
0.4649563431739807,1
0.3927158713340759,1
0.4086255729198456,1
0.4205046594142914,1
0.2739661931991577,1
0.526674747467041,1
0.36580196022987366,1
0.3446268141269684,1
0.4873484969139099,1
0.36399194598197937,1
0.30024242401123047,1
0.3920480012893677,1
0.5118270516395569,1
0.32996395230293274,1
0.3379633128643036,1
0.34083136916160583,1
0.3563091456890106,1
0.37124669551849365,1
0.3358539938926697,1
0.36741113662719727,1
0.2965940833091736,1
0.3519115746021271,1
0.4394558072090149,1
0.3921118378639221,1
0.4291224777698517,1
0.3193120062351227,1
0.2712123394012451,1
0.3455054759979248,1
0.24753671884536743,1
0.43830037117004395,1
0.4012208878993988,1
0.42219972610473633,1
0.3437198996543884,1
0.30010005831718445,1
0.40898483991622925,1
0.3756787180900574,1
0.3405434787273407,1
0.320085346698761,1
0.3787791132926941,1
0.34007781744003296,1
0.39036840200424194,1
0.3739153742790222,1
0.42915409803390503,1
0.41308847069740295,1
0.34973809123039246,1
0.4215323328971863,1
0.3545474112033844,1
0.322711706161499,1
0.322710782289505,1
0.4921061098575592,1
0.3468325138092041,1
0.389868825674057,1
0.31312310695648193,1
0.40484413504600525,1
0.34568488597869873,1
0.3420082926750183,1
0.35438624024391174,1
0.3864564001560211,1
0.39999568462371826,1
0.3433786928653717,1
0.24869142472743988,1
0.3528440594673157,1
0.4024897813796997,1
0.38090530037879944,1
0.42650747299194336,1
0.4052860736846924,1
0.3504159450531006,1
0.25558120012283325,1
0.3973431885242462,1
0.41220247745513916,1
0.33910033106803894,1
0.3176368474960327,1
0.4009656012058258,1
0.3950114846229553,1
0.38056305050849915,1
0.24502605199813843,1
0.47168073058128357,1
0.30955493450164795,1
0.3156914710998535,1
0.3638008236885071,1
0.3614352345466614,1
0.30977755784988403,1
0.3728768229484558,1
0.3019755184650421,1
0.3250845670700073,1
0.3531752824783325,1
0.3407043516635895,1
0.3374752402305603,1
0.37869206070899963,1
0.32043081521987915,1
0.36577552556991577,1
0.2684076130390167,1
0.3555406928062439,1
0.31218498945236206,1
0.3640879690647125,1
0.37678760290145874,1
0.4331173300743103,1
0.2870306372642517,1
0.41113150119781494,1
0.4559209942817688,1
0.35891449451446533,1
0.25588396191596985,1
0.3808102011680603,1
0.3578852117061615,1
0.3691166639328003,1
0.3079410493373871,1
0.47961103916168213,1
0.40647828578948975,1
0.27836909890174866,1
0.3881121575832367,1
0.3803997039794922,1
0.3187136650085449,1
0.25347983837127686,1
0.36749187111854553,1
0.5340549349784851,1
0.38239550590515137,1
0.35426074266433716,1
0.3501880466938019,1
0.28889840841293335,1
0.48005741834640503,1
0.4874948263168335,1
0.3887239694595337,1
0.4378279745578766,1
0.4316260814666748,1
0.33448493480682373,1
0.3206517994403839,1
0.2573823034763336,1
0.4164696931838989,1
0.39734014868736267,1
0.441215842962265,1
0.313196063041687,1
0.39355653524398804,1
0.3103817403316498,1
0.48343658447265625,1
0.41867899894714355,1
0.33739206194877625,1
0.34725117683410645,1
0.45996415615081787,1
0.34380272030830383,1
0.30471548438072205,1
0.337385356426239,1
0.24246364831924438,1
0.3873139023780823,1
0.24521641433238983,1
0.39584776759147644,1
0.5475213527679443,1
0.2284727543592453,1
0.3962528705596924,1
0.33750131726264954,1
0.5160210728645325,1
0.36698126792907715,1
0.4224706292152405,1
0.3559197187423706,1
0.24710232019424438,1
0.30583471059799194,1
0.38657593727111816,1
0.2790190577507019,1
0.30083802342414856,1
0.3335760831832886,1
0.42326539754867554,1
0.31506890058517456,1
0.33571285009384155,1
0.5937991142272949,1
0.3317495882511139,1
0.4036175012588501,1
0.3452724814414978,1
0.2860815227031708,1
0.4171731472015381,1
0.3115599453449249,1
0.2739013433456421,1
0.32444262504577637,1
0.3246009945869446,1
0.3581985831260681,1
0.35333171486854553,1
0.32397276163101196,1
0.42978352308273315,1
0.3622567653656006,1
0.29561758041381836,1
0.35886889696121216,1
0.36586642265319824,1
0.5465441942214966,1
0.35972702503204346,1
0.2869526445865631,1
0.33897605538368225,1
0.2838560938835144,1
0.42457908391952515,1
0.35041624307632446,1
0.335835725069046,1
0.3645203113555908,1
0.3663901090621948,1
0.34230920672416687,1
0.37831342220306396,1
0.4493587613105774,1
0.2942684292793274,1
0.3594760596752167,1
0.37582337856292725,1
0.2919599413871765,1
0.32116761803627014,1
0.37762361764907837,1
0.4247623682022095,1
0.24444547295570374,1
0.307925820350647,1
0.29782697558403015,1
0.42307618260383606,1
0.3238011598587036,1
0.2608383893966675,1
0.2671414017677307,1
0.42628681659698486,1
0.4419634938240051,1
0.3364427089691162,1
0.3036079406738281,1
0.3357922434806824,1
0.44469961524009705,1
0.5248397588729858,1
0.506155252456665,1
0.3408711850643158,1
0.4172161817550659,1
0.38483670353889465,1
0.3782326579093933,1
0.36807796359062195,1
0.36973920464515686,1
0.3480365574359894,1
0.3952140212059021,1
0.3672828674316406,1
0.31996458768844604,1
0.4079384505748749,1
0.3384821116924286,1
0.3880395293235779,1
0.4430047869682312,1
0.4181523621082306,1
0.3249526023864746,1
0.4095430374145508,1
0.43400824069976807,1
0.33183857798576355,1
0.33882755041122437,1
0.3812611699104309,1
0.3214787244796753,1
0.4102826416492462,1
0.4156690835952759,1
0.40285149216651917,1
0.4758684039115906,1
0.41191816329956055,1
0.3958881199359894,1
0.3036015033721924,1
0.3407771587371826,1
0.4437793493270874,1
0.24004468321800232,1
0.44025906920433044,1
0.3597775101661682,1
0.4972892105579376,1
0.4079127311706543,1
0.3231472074985504,1
0.3849983215332031,1
0.42574653029441833,1
0.35051584243774414,1
0.33525288105010986,1
0.28915607929229736,1
0.3632582724094391,1
0.2870933711528778,1
0.4626234173774719,1
0.38186192512512207,1
0.35310477018356323,1
0.3641643822193146,1
0.3796626329421997,1
0.3748927712440491,1
0.34335580468177795,1
0.3499378561973572,1
0.3220861852169037,1
0.3979319930076599,1
0.3464326858520508,1
0.32133761048316956,1
0.3165231943130493,1
0.3963090777397156,1
0.28323549032211304,1
0.26485276222229004,1
0.3683883249759674,1
0.3184029161930084,1
0.3670101761817932,1
0.2615133821964264,1
0.41033875942230225,1
0.3194310665130615,1
0.3685588836669922,1
0.34462547302246094,1
0.507044792175293,1
0.2697402834892273,1
0.3881036043167114,1
0.31187474727630615,1
0.40486425161361694,1
0.35646241903305054,1
0.3481879234313965,1
0.39696890115737915,1
0.47393667697906494,1
0.37794357538223267,1
0.44861140847206116,1
0.4314793050289154,1
0.24981771409511566,1
0.33976659178733826,1
0.33349910378456116,1
0.3394065499305725,1
0.4133317768573761,1
0.2680300772190094,1
0.42541229724884033,1
0.3401331901550293,1
0.3726498782634735,1
0.41671222448349,1
0.3257001042366028,1
0.4284006357192993,1
0.4052544832229614,1
0.3108467161655426,1
0.3711349368095398,1
0.4419751763343811,1
0.2682288587093353,1
0.43371838331222534,1
0.3376287817955017,1
0.2966320514678955,1
0.43932482600212097,1
0.36466845870018005,1
0.3495900332927704,1
0.35495561361312866,1
0.4125501811504364,1
0.4206394851207733,1
0.2976507842540741,1
0.29695045948028564,1
0.3808109164237976,1
0.37221282720565796,1
0.29812949895858765,1
0.3780737519264221,1
0.3119286298751831,1
0.4131539762020111,1
0.3686031103134155,1
0.2662810981273651,1
0.2719598114490509,1
0.4006912112236023,1
0.27095967531204224,1
0.41623011231422424,1
0.2556021809577942,1
0.3017869293689728,1
0.47722476720809937,1
0.26495087146759033,1
0.35000401735305786,1
0.5313047766685486,1
0.2935188114643097,1
0.3085521459579468,1
0.3873792886734009,1
0.3016459345817566,1
0.40480124950408936,1
0.4870447814464569,1
0.36559808254241943,1
0.35535189509391785,1
0.37994450330734253,1
0.36455416679382324,1
0.4354274570941925,1
0.45127129554748535,1
0.4911499619483948,1
0.34303784370422363,1
0.3943512737751007,1
0.29540687799453735,1
0.3586193919181824,1
0.412980318069458,1
0.32885226607322693,1
0.3444886803627014,1
0.3418933153152466,1
0.2991721034049988,1
0.3553864657878876,1
0.3022978901863098,1
0.3252086639404297,1
0.3753817677497864,1
0.3414263129234314,1
0.35283130407333374,1
0.3707149028778076,1
0.37032872438430786,1
0.33559954166412354,1
0.40241140127182007,1
0.36614543199539185,1
0.3966882824897766,1
0.32446664571762085,1
0.27948296070098877,1
0.3426438868045807,1
0.30601322650909424,1
0.3721519410610199,1
0.38681378960609436,1
0.37637150287628174,1
0.3908444344997406,1
0.3058977723121643,1
0.2846766710281372,1
0.3463555872440338,1
0.3196195065975189,1
0.3826231360435486,1
0.4407914876937866,1
0.32064130902290344,1
0.3606853187084198,1
0.38722652196884155,1
0.38016077876091003,1
0.353218138217926,1
0.43577587604522705,1
0.21769413352012634,1
0.46940261125564575,1
0.34606629610061646,1
0.42742130160331726,1
0.32158035039901733,1
0.35012298822402954,1
0.4469192922115326,1
0.33442747592926025,1
0.3742068111896515,1
0.35779187083244324,1
0.28298911452293396,1
0.43481117486953735,1
0.3644164204597473,1
0.3044666647911072,1
0.3151065409183502,1
0.42675960063934326,1
0.35762953758239746,1
0.2957799434661865,1
0.38575607538223267,1
0.3698084056377411,1
0.5100259780883789,1
0.40214911103248596,1
0.33959949016571045,1
0.3517935872077942,1
0.3526764214038849,1
0.31103718280792236,1
0.30500587821006775,1
0.2551192343235016,1
0.4651830196380615,1
0.4450463056564331,1
0.3599144220352173,1
0.4497542381286621,1
0.369739830493927,1
0.3964373469352722,1
0.3900798559188843,1
0.33205169439315796,1
0.35897761583328247,1
0.3504098355770111,1
0.3480781614780426,1
0.41877901554107666,1
0.3311457633972168,1
0.2938843369483948,1
0.3188725411891937,1
0.5131809711456299,1
0.26680871844291687,1
0.42506057024002075,1
0.33692678809165955,1
0.2882600724697113,1
0.3495464622974396,1
0.5152904391288757,1
0.2885535657405853,1
0.4096639156341553,1
0.40387362241744995,1
0.3506908416748047,1
0.4667779207229614,1
0.33385413885116577,1
0.4907653331756592,1
0.3233555853366852,1
0.3512283265590668,1
0.347196102142334,1
0.3077174425125122,1
0.3618864417076111,1
0.3315669894218445,1
0.4160798192024231,1
0.42099547386169434,1
0.3741479516029358,1
0.4020582437515259,1
0.30840539932250977,1
0.3622870445251465,1
0.36411187052726746,1
0.34651219844818115,1
0.3151105046272278,1
0.365669846534729,1
0.37203675508499146,1
0.26603978872299194,1
0.2879727780818939,1
0.34481281042099,1
0.35164105892181396,1
0.26903682947158813,1
0.3241031765937805,1
0.4143400490283966,1
0.28977879881858826,1
0.34640344977378845,1
0.4043564796447754,1
0.35123002529144287,1
0.3362056612968445,1
0.34052008390426636,1
0.30992186069488525,1
0.3962234854698181,1
0.3728956878185272,1
0.396499365568161,1
0.39849942922592163,1
0.3414119780063629,1
0.5298689603805542,1
0.35622382164001465,1
0.3702254295349121,1
0.34721940755844116,1
0.2801341414451599,1
0.38437914848327637,1
0.3247799873352051,1
0.36421215534210205,1
0.28933995962142944,1
0.3836154043674469,1
0.3416464924812317,1
0.28912317752838135,1
0.47740623354911804,1
0.2866639494895935,1
0.3669672906398773,1
0.2879870533943176,1
0.2698187828063965,1
0.26766011118888855,1
0.4368903636932373,1
0.3030107915401459,1
0.22495628893375397,1
0.3069659471511841,1
0.36719071865081787,1
0.49273979663848877,1
0.36029064655303955,1
0.4156338572502136,1
0.3736271262168884,1
0.3845404386520386,1
0.2566758096218109,1
0.3088169991970062,1
0.4529097080230713,1
0.3832750916481018,1
0.31753218173980713,1
0.35069459676742554,1
0.3224520683288574,1
0.4437348544597626,1
0.2949586808681488,1
0.35223931074142456,1
0.309916228055954,1
0.4703129529953003,1
0.31504470109939575,1
0.4341660141944885,1
0.4103091359138489,1
0.35853320360183716,1
0.2883128523826599,1
0.30699852108955383,1
0.31978484988212585,1
0.3885596990585327,1
0.2579450309276581,1
0.43382784724235535,1
0.3263683021068573,1
0.4755042791366577,1
0.36697930097579956,1
0.37004464864730835,1
0.3646889626979828,1
0.2800017297267914,1
0.45091167092323303,1
0.32451382279396057,1
0.27691200375556946,1
0.3528845012187958,1
0.37502574920654297,1
0.36720359325408936,1
0.3982657194137573,1
0.2963181734085083,1
0.30170369148254395,1
0.34504759311676025,1
0.3758215606212616,1
0.5147840976715088,1
0.31815770268440247,1
0.3492353558540344,1
0.2580294907093048,1
0.40141260623931885,1
0.33466047048568726,1
0.3199288845062256,1
0.29398009181022644,1
0.2880527675151825,1
0.30186861753463745,1
0.273281067609787,1
0.32471558451652527,1
0.3545072376728058,1
0.18764753639698029,1
0.36802130937576294,1
0.27947336435317993,1
0.3380371928215027,1
0.24698106944561005,1
0.3292269706726074,1
0.29237037897109985,1
0.35646960139274597,1
0.2969667613506317,1
0.2973455488681793,1
0.44981229305267334,1
0.2763693928718567,1
0.3141058087348938,1
0.26999643445014954,1
0.2823258936405182,1
0.32113581895828247,1
0.3496134877204895,1
0.4040057063102722,1
0.45347458124160767,1
0.31312990188598633,1
0.33675068616867065,1
0.26655417680740356,1
0.33852219581604004,1
0.32610440254211426,1
0.38833263516426086,1
0.2988717257976532,1
0.38755905628204346,1
0.31427937746047974,1
0.41073891520500183,1
0.2854909300804138,1
0.35699698328971863,1
0.4451572895050049,1
0.34588053822517395,1
0.37458181381225586,1
0.3445931077003479,1
0.2380799949169159,1
0.3801487684249878,1
0.36853718757629395,1
0.3156055808067322,1
0.3877885341644287,1
0.4190322458744049,1
0.3876676559448242,1
0.2890958786010742,1
0.4042826294898987,1
0.3934636116027832,1
0.39622241258621216,1
0.30333393812179565,1
0.306639701128006,1
0.35025709867477417,1
0.35573387145996094,1
0.27118411660194397,1
0.4425623118877411,1
0.35782626271247864,1
0.32768577337265015,1
0.4744868576526642,1
0.33208316564559937,1
0.3635205924510956,1
0.2512582540512085,1
0.408678263425827,1
0.44882932305336,1
0.35271304845809937,1
0.4229238033294678,1
0.43330326676368713,1
0.3535534739494324,1
0.4515727758407593,1
0.3498595654964447,1
0.3864510953426361,1
0.4590647220611572,1
0.27343642711639404,1
0.3452998399734497,1
0.352634996175766,1
0.423475980758667,1
0.2857245206832886,1
0.40102434158325195,1
0.26524990797042847,1
0.3408055901527405,1
0.3626860976219177,1
0.3051649034023285,1
0.39709359407424927,1
0.37236177921295166,1
0.28658705949783325,1
0.37949180603027344,1
0.2768593728542328,1
0.376266211271286,1
0.3884832262992859,1
0.2953872084617615,1
0.37611353397369385,1
0.4142533540725708,1
0.38399365544319153,1
0.33205631375312805,1
0.39874476194381714,1
0.39422696828842163,1
0.34391915798187256,1
0.43294012546539307,1
0.26832759380340576,1
0.27569204568862915,1
0.3405407667160034,1
0.3249683976173401,1
0.27628475427627563,1
0.3225562274456024,1
0.31015193462371826,1
0.31714746356010437,1
0.33265551924705505,1
0.28652486205101013,1
0.3298482894897461,1
0.3144158720970154,1
0.420343816280365,1
0.38118964433670044,1
0.3838425576686859,1
0.37364262342453003,1
0.330269992351532,1
0.2923612594604492,1
0.5118401050567627,1
0.2711670398712158,1
0.3203156888484955,1
0.4309327006340027,1
0.33603814244270325,1
0.45241671800613403,1
0.32312309741973877,1
0.2566072344779968,1
0.3970213830471039,1
0.4094926118850708,1
0.36775124073028564,1
0.37146878242492676,1
0.4100980758666992,1
0.48937565088272095,1
0.3066396415233612,1
0.33787137269973755,1
0.35624629259109497,1
0.3648127317428589,1
0.37583011388778687,1
0.4665539562702179,1
0.3476089835166931,1
0.2671937346458435,1
0.26515594124794006,1
0.34435439109802246,1
0.3102419376373291,1
0.39635616540908813,1
0.38352370262145996,1
0.3340664505958557,1
0.32471638917922974,1
0.3351267874240875,1
0.35880908370018005,1
0.30731046199798584,1
0.3019852340221405,1
0.3288986086845398,1
0.32970112562179565,1
0.467092901468277,1
0.314961314201355,1
0.42537933588027954,1
0.4034060835838318,1
0.339502215385437,1
0.28134697675704956,1
0.38272613286972046,1
0.3257155418395996,1
0.35130271315574646,1
0.4463244080543518,1
0.3927917182445526,1
0.24336060881614685,1
0.2631397843360901,1
0.40901845693588257,1
0.3637540936470032,1
0.3401384949684143,1
0.3675599694252014,1
0.38848522305488586,1
0.40096691250801086,1
0.3949531316757202,1
0.3473372757434845,1
0.4017127752304077,1
0.42222708463668823,1
0.30091428756713867,1
0.30028653144836426,1
0.38657838106155396,1
0.35228806734085083,1
0.37960153818130493,1
0.35303306579589844,1
0.4145040512084961,1
0.3023512363433838,1
0.3902491629123688,1
0.3078842759132385,1
0.4330230951309204,1
0.35288500785827637,1
0.41143882274627686,1
0.43417736887931824,1
0.3451160192489624,1
0.28893330693244934,1
0.3648301362991333,1
0.37369051575660706,1
0.358355313539505,1
0.3818211555480957,1
0.38313794136047363,1
0.3792596459388733,1
0.3614557385444641,1
0.48139652609825134,1
0.36783039569854736,1
0.43814098834991455,1
0.3677313029766083,1
0.4198174476623535,1
0.37701863050460815,1
0.41979971528053284,1
0.33352774381637573,1
0.33344680070877075,1
0.39750367403030396,1
0.6547142863273621,1
0.2934369444847107,1
0.399140328168869,1
0.3357609212398529,1
0.35967740416526794,1
0.3297567069530487,1
0.3559461832046509,1
0.4314061999320984,1
0.4033351242542267,1
0.2842060625553131,1
0.4180023968219757,1
0.31907302141189575,1
0.446538507938385,1
0.3736612796783447,1
0.44988951086997986,1
0.425115168094635,1
0.3421754240989685,1
0.4306110441684723,1
0.3615197241306305,1
0.4372323453426361,1
0.30819639563560486,1
0.36026090383529663,1
0.3034752607345581,1
0.40842023491859436,1
0.2728516161441803,1
0.4115719497203827,1
0.3505651354789734,1
0.296993613243103,1
0.49952930212020874,1
0.3587428331375122,1
0.3405658006668091,1
0.3428650498390198,1
0.4411875009536743,1
0.3292423486709595,1
0.348585307598114,1
0.3460218608379364,1
0.2254941612482071,1
0.37118175625801086,1
0.35892608761787415,1
0.35573244094848633,1
0.33030763268470764,1
0.30519619584083557,1
0.3782930076122284,1
0.47606518864631653,1
0.3343280553817749,1
0.2477271556854248,1
0.4167030453681946,1
0.3290238082408905,1
0.34672901034355164,1
0.3658713102340698,1
0.40511554479599,1
0.35214096307754517,1
0.45736411213874817,1
0.284760981798172,1
0.5047478675842285,1
0.30278927087783813,1
0.30543041229248047,1
0.37381020188331604,1
0.4240173101425171,1
0.395008385181427,1
0.3437398672103882,1
0.3544711470603943,1
0.30809611082077026,1
0.2978237569332123,1
0.30293530225753784,1
0.34449657797813416,1
0.31623536348342896,1
0.3392607569694519,1
0.31199491024017334,1
0.3025963604450226,1
0.3194422721862793,1
0.343290776014328,1
0.4328649640083313,1
0.48837172985076904,1
0.3240523934364319,1
0.38261985778808594,1
0.40250450372695923,1
0.4277384281158447,1
0.6341745257377625,1
0.3323248028755188,1
0.29863688349723816,1
0.3532520830631256,1
0.3980570435523987,1
0.3539094924926758,1
0.38636070489883423,1
0.3181612193584442,1
0.32782456278800964,1
0.4740808308124542,1
0.36041468381881714,1
0.35233962535858154,1
0.36262404918670654,1
0.3585120141506195,1
0.36692380905151367,1
0.3719596564769745,1
0.31993433833122253,1
0.33832764625549316,1
0.3316505253314972,1
0.3253771662712097,1
0.30502182245254517,1
0.3025219440460205,1
0.29489099979400635,1
0.2801944315433502,1
0.39112332463264465,1
0.38554924726486206,1
0.3843250572681427,1
0.30628833174705505,1
0.3514307737350464,1
0.28490713238716125,1
0.40510880947113037,1
0.3661292493343353,1
0.44806572794914246,1
0.3463740944862366,1
0.3201894462108612,1
0.4224969148635864,1
0.4678785800933838,1
0.2617540657520294,1
0.31500887870788574,1
0.2673816680908203,1
0.34888797998428345,1
0.38112878799438477,1
0.3269711136817932,1
0.30502018332481384,1
0.40288496017456055,1
0.5483569502830505,1
0.42380291223526,1
0.32822227478027344,1
0.4615221917629242,1
0.41854172945022583,1
0.5288853049278259,1
0.3735109567642212,1
0.32488712668418884,1
0.3456311523914337,1
0.37718576192855835,1
0.3523416519165039,1
0.39622583985328674,1
0.39276057481765747,1
0.33650243282318115,1
0.38642704486846924,1
0.4121299386024475,1
0.3100147247314453,1
0.4549320340156555,1
0.35399049520492554,1
0.26508086919784546,1
0.3985145390033722,1
0.48685234785079956,1
0.27111560106277466,1
0.29666146636009216,1
0.48088201880455017,1
0.3284134864807129,1
0.32523900270462036,1
0.4358941316604614,1
0.3415849804878235,1
0.3789418637752533,1
0.3776267170906067,1
0.2513103485107422,1
0.31921321153640747,1
0.35444608330726624,1
0.3917628526687622,1
0.34606269001960754,1
0.41728639602661133,1
0.3150431513786316,1
0.41381919384002686,1
0.35361412167549133,1
0.3936637341976166,1
0.4127417802810669,1
0.3514845371246338,1
0.32801544666290283,1
0.3817470967769623,1
0.2876186966896057,1
0.2889927625656128,1
0.3677491545677185,1
0.33089596033096313,1
0.43495655059814453,1
0.2913277745246887,1
0.39932408928871155,1
0.3538636267185211,1
0.4698198735713959,1
0.40812915563583374,1
0.33074504137039185,1
0.46403732895851135,1
0.4347708821296692,1
0.39896082878112793,1
0.3871524930000305,1
0.35664355754852295,1
0.4384728968143463,1
0.3640317916870117,1
0.4110831022262573,1
0.4542713463306427,1
0.37636303901672363,1
0.36028361320495605,1
0.28720614314079285,1
0.36443227529525757,1
0.3523015081882477,1
0.3861967623233795,1
0.3964548707008362,1
0.45757853984832764,1
0.37156909704208374,1
0.34969621896743774,1
0.42621397972106934,1
0.4028180241584778,1
0.39149272441864014,1
0.31309884786605835,1
0.308281809091568,1
0.4193791151046753,1
0.3832100033760071,1
0.2887111306190491,1
0.43901658058166504,1
0.3985224664211273,1
0.4158697724342346,1
0.28090205788612366,1
0.4043821096420288,1
0.3589928448200226,1
0.3961893618106842,1
0.318694144487381,1
0.39538443088531494,1
0.3142235577106476,1
0.430704802274704,1
0.310857355594635,1
0.39684396982192993,1
0.3594387173652649,1
0.26795005798339844,1
0.33831721544265747,1
0.3241126537322998,1
0.3005251884460449,1
0.42280977964401245,1
0.3830457627773285,1
0.32132744789123535,1
0.4883636236190796,1
0.3648097515106201,1
0.41566887497901917,1
0.4236426055431366,1
0.39795029163360596,1
0.3402319550514221,1
0.32304367423057556,1
0.2801470458507538,1
0.3578052520751953,1
0.28420910239219666,1
0.3041193187236786,1
0.410520076751709,1
0.4295143485069275,1
0.39201101660728455,1
0.3675549626350403,1
0.35251033306121826,1
0.43952056765556335,1
0.4226282835006714,1
0.38584911823272705,1
0.5021196603775024,1
0.36497992277145386,1
0.35097354650497437,1
0.4311244487762451,1
0.3516421616077423,1
0.39744213223457336,1
0.36480897665023804,1
0.39199772477149963,1
0.36879247426986694,1
0.3240918219089508,1
0.3400963842868805,1
0.3896813988685608,1
0.3620929718017578,1
0.40489324927330017,1
0.23858842253684998,1
0.31484147906303406,1
0.2962171137332916,1
0.362344890832901,1
0.3500240743160248,1
0.320469468832016,1
0.4234195351600647,1
0.27966392040252686,1
0.3158552050590515,1
0.42956653237342834,1
0.49708446860313416,1
0.37258613109588623,1
0.3060218393802643,1
0.34750980138778687,1
0.45491212606430054,1
0.25327515602111816,1
0.3718089461326599,1
0.33665621280670166,1
0.3222119212150574,1
0.39211997389793396,1
0.40297001600265503,1
0.323286235332489,1
0.3289875090122223,1
0.2993411719799042,1
0.48435550928115845,1
0.3187708854675293,1
0.3584226369857788,1
0.33288758993148804,1
0.3356620669364929,1
0.334706574678421,1
0.4006901681423187,1
0.47264331579208374,1
0.33910197019577026,1
0.4630952477455139,1
0.3278200030326843,1
0.3833065629005432,1
0.35799986124038696,1
0.46537917852401733,1
0.3548162281513214,1
0.3427993059158325,1
0.30018121004104614,1
0.2624377906322479,1
0.44814181327819824,1
0.46171605587005615,1
0.36977043747901917,1
0.4103192389011383,1
0.3124862313270569,1
0.27673158049583435,1
0.2663912773132324,1
0.30297473073005676,1
0.27289316058158875,1
0.3786248564720154,1
0.3876025676727295,1
0.5139820575714111,1
0.3579755127429962,1
0.2778737545013428,1
0.465358704328537,1
0.2713390588760376,1
0.37644705176353455,1
0.32832035422325134,1
0.31442689895629883,1
0.24633432924747467,1
0.40637725591659546,1
0.31154146790504456,1
0.3409184217453003,1
0.33134138584136963,1
0.3909345865249634,1
0.31264227628707886,1
0.3048781752586365,1
0.3824498951435089,1
0.41192322969436646,1
0.33802422881126404,1
0.3833320438861847,1
0.38564205169677734,1
0.28637048602104187,1
0.2638770043849945,1
0.2776200473308563,1
0.300006240606308,1
0.3456912636756897,1
0.4701889753341675,1
0.41430729627609253,1
0.2990936040878296,1
0.2975471019744873,1
0.4662175178527832,1
0.31226515769958496,1
0.27377042174339294,1
0.3498886525630951,1
0.5409014225006104,1
0.40816083550453186,1
0.36098653078079224,1
0.38849496841430664,1
0.4582599401473999,1
0.32753196358680725,1
0.35736387968063354,1
0.3948751389980316,1
0.23950520157814026,1
0.2965928018093109,1
0.30997467041015625,1
0.4662652015686035,1
0.2802714407444,1
0.22180518507957458,1
0.2533886134624481,1
0.2972835898399353,1
0.3389846682548523,1
0.39048129320144653,1
0.3419010043144226,1
0.3608253300189972,1
0.3481122553348541,1
0.24985474348068237,1
0.3124415874481201,1
0.4304054379463196,1
0.40176236629486084,1
0.3317885398864746,1
0.3093775510787964,1
0.3971810042858124,1
0.4853854179382324,1
0.35258346796035767,1
0.26967132091522217,1
0.35291755199432373,1
0.3411623239517212,1
0.38576608896255493,1
0.312505304813385,1
0.3170110285282135,1
0.34519195556640625,1
0.42520958185195923,1
0.31420254707336426,1
0.37465205788612366,1
0.3529488742351532,1
0.3885907530784607,1
0.3759930431842804,1
0.46443766355514526,1
0.2600966989994049,1
0.2615859806537628,1
0.34651362895965576,1
0.38150057196617126,1
0.2525995671749115,1
0.421627014875412,1
0.34576621651649475,1
0.25256866216659546,1
0.3683943748474121,1
0.25806641578674316,1
0.2896770238876343,1
0.39049482345581055,1
0.43866539001464844,1
0.3560347557067871,1
0.3263126611709595,1
0.4217265844345093,1
0.46714287996292114,1
0.40365710854530334,1
0.338376522064209,1
0.3176141381263733,1
0.3467845916748047,1
0.4184192419052124,1
0.264504611492157,1
0.298564076423645,1
0.3645276129245758,1
0.30450838804244995,1
0.4035789966583252,1
0.3068849444389343,1
0.3998352885246277,1
0.3513296842575073,1
0.45034125447273254,1
0.4236411452293396,1
0.282017320394516,1
0.4573725461959839,1
0.3325393497943878,1
0.34216368198394775,1
0.35855841636657715,1
0.36830422282218933,1
0.29532861709594727,1
0.26690763235092163,1
0.38617682456970215,1
0.38644883036613464,1
0.4714539051055908,1
0.4664170742034912,1
0.3026803731918335,1
0.4258503019809723,1
0.4783431887626648,1
0.324184387922287,1
0.3703509569168091,1
0.38623422384262085,1
0.3251705765724182,1
0.40146756172180176,1
0.36330515146255493,1
0.34010857343673706,1
0.30723312497138977,1
0.38315075635910034,1
0.3898828327655792,1
0.46571606397628784,1
0.3870372176170349,1
0.3692954182624817,1
0.27327436208724976,1
0.4325868785381317,1
0.39924633502960205,1
0.3000612258911133,1
0.440276563167572,1
0.38505998253822327,1
0.33295172452926636,1
0.24307392537593842,1
0.3575553894042969,1
0.32444334030151367,1
0.28074175119400024,1
0.3386267423629761,1
0.43994957208633423,1
0.43864306807518005,1
0.4104771018028259,1
0.3493739664554596,1
0.33943554759025574,1
0.3016218841075897,1
0.24668598175048828,1
0.3283754885196686,1
0.32801109552383423,1
0.3740902841091156,1
0.3303854167461395,1
0.28371718525886536,1
0.39459794759750366,1
0.3120465874671936,1
0.305639386177063,1
0.3326406478881836,1
0.321111798286438,1
0.3472224771976471,1
0.35588839650154114,1
0.2818833589553833,1
0.3630780875682831,1
0.30804041028022766,1
0.453115850687027,1
0.2673295736312866,1
0.24506431818008423,1
0.274759978055954,1
0.2985652983188629,1
0.44370612502098083,1
0.4262295365333557,1
0.4175707995891571,1
0.35109463334083557,1
0.4065968990325928,1
0.30792227387428284,1
0.3679516911506653,1
0.40296241641044617,1
0.4185175597667694,1
0.3468150496482849,1
0.3155369758605957,1
0.40812259912490845,1
0.30915331840515137,1
0.3171289265155792,1
0.3306289315223694,1
0.47120946645736694,1
0.34949296712875366,1
0.21637247502803802,1
0.460613489151001,1
0.360230416059494,1
0.3893103003501892,1
0.42530521750450134,1
0.4309707283973694,1
0.3469434976577759,1
0.29059338569641113,1
0.34892725944519043,1
0.3804573118686676,1
0.4822477400302887,1
0.29343003034591675,1
0.3222998082637787,1
0.4631327986717224,1
0.2517227530479431,1
0.3478458523750305,1
0.44412606954574585,1
0.2571260929107666,1
0.47896718978881836,1
0.3403385877609253,1
0.4716171622276306,1
0.39606714248657227,1
0.36644887924194336,1
0.3471072316169739,1
0.32839465141296387,1
0.24923913180828094,1
0.49054163694381714,1
0.3549816608428955,1
0.2811621129512787,1
0.2645077705383301,1
0.4591395854949951,1
0.3724006712436676,1
0.36236152052879333,1
0.31105872988700867,1
0.36888420581817627,1
0.36676934361457825,1
0.3637499213218689,1
0.37367236614227295,1
0.31008613109588623,1
0.4354994595050812,1
0.3972891867160797,1
0.37289443612098694,1
0.3455307185649872,1
0.4099903404712677,1
0.40211254358291626,1
0.31354910135269165,1
0.3679411709308624,1
0.3394472002983093,1
0.3382907509803772,1
0.37912672758102417,1
0.3002563714981079,1
0.42611587047576904,1
0.3476298153400421,1
0.36313238739967346,1
0.34456515312194824,1
0.2959790527820587,1
0.4222908914089203,1
0.28794220089912415,1
0.29012906551361084,1
0.2995416522026062,1
0.2825956344604492,1
0.3878973722457886,1
0.37036219239234924,1
0.3119032382965088,1
0.336217999458313,1
0.2802681028842926,1
0.3581028878688812,1
0.3798471987247467,1
0.32607293128967285,1
0.2947385907173157,1
0.3544872999191284,1
0.3806849718093872,1
0.3732811510562897,1
0.36197221279144287,1
0.26116251945495605,1
0.35350191593170166,1
0.4556232988834381,1
0.3341015875339508,1
0.2910274267196655,1
0.3235873579978943,1
0.27940529584884644,1
0.28247010707855225,1
0.46764928102493286,1
0.5122584700584412,1
0.48316478729248047,1
0.21399670839309692,1
0.35504016280174255,1
0.5607866048812866,1
0.4640536606311798,1
0.33906370401382446,1
0.3502477705478668,1
0.3041344881057739,1
0.3233134150505066,1
0.3645538091659546,1
0.3296167552471161,1
0.3838851749897003,1
0.38377809524536133,1
0.29783639311790466,1
0.31420469284057617,1
0.35299575328826904,1
0.38221925497055054,1
0.3861568868160248,1
0.3085962235927582,1
0.49044305086135864,1
0.3120375871658325,1
0.2995143532752991,1
0.38199368119239807,1
0.28018683195114136,1
0.375570684671402,1
0.3687158524990082,1
0.4685225486755371,1
0.4331832528114319,1
0.27838122844696045,1
0.34361720085144043,1
0.36375072598457336,1
0.2987665832042694,1
0.4019884765148163,1
0.2874908745288849,1
0.4366443157196045,1
0.418027400970459,1
0.3915541470050812,1
0.34046775102615356,1
0.31307297945022583,1
0.31518542766571045,1
0.33603087067604065,1
0.3169718384742737,1
0.38615116477012634,1
0.30888813734054565,1
0.3408013880252838,1
0.44965559244155884,1
0.25456711649894714,1
0.2989559769630432,1
0.32334062457084656,1
0.3336121439933777,1
0.3778129816055298,1
0.3952122926712036,1
0.40219318866729736,1
0.3498725891113281,1
0.3355143070220947,1
0.32972848415374756,1
0.35610440373420715,1
0.4580836892127991,1
0.3559257388114929,1
0.32435888051986694,1
0.3722536563873291,1
0.2810749113559723,1
0.3415713608264923,1
0.3047542870044708,1
0.44306737184524536,1
0.36064645648002625,1
0.47927141189575195,1
0.4673263430595398,1
0.3983025550842285,1
0.43288666009902954,1
0.23660250008106232,1
0.3475433886051178,1
0.3123782277107239,1
0.38061678409576416,1
0.35725849866867065,1
0.513504147529602,1
0.40055423974990845,1
0.31867340207099915,1
0.37287092208862305,1
0.35202014446258545,1
0.2996141314506531,1
0.40818220376968384,1
0.3662607669830322,1
0.3386971652507782,1
0.29646793007850647,1
0.3369646668434143,1
0.3533627688884735,1
0.3891338109970093,1
0.3133509159088135,1
0.37188467383384705,1
0.3724941611289978,1
0.35931411385536194,1
0.3520488739013672,1
0.37263602018356323,1
0.36176443099975586,1
0.32431599497795105,1
0.3803223967552185,1
0.3194788098335266,1
0.35477519035339355,1
0.393366277217865,1
0.44529056549072266,1
0.41093868017196655,1
0.3167487680912018,1
0.3421114981174469,1
0.26258134841918945,1
0.3741950988769531,1
0.2981497347354889,1
0.4036377966403961,1
0.28633004426956177,1
0.3911384046077728,1
0.4400976896286011,1
0.43110162019729614,1
0.42158788442611694,1
0.2883709967136383,1
0.39435267448425293,1
0.29763877391815186,1
0.3437831401824951,1
0.33645448088645935,1
0.4168219268321991,1
0.3621552288532257,1
0.303888201713562,1
0.4455527067184448,1
0.26978006958961487,1
0.46174436807632446,1
0.36884912848472595,1
0.43459829688072205,1
0.4270753264427185,1
0.39194783568382263,1
0.3215863108634949,1
0.3609030842781067,1
0.43175914883613586,1
0.38366517424583435,1
0.3715347945690155,1
0.385400652885437,1
0.2984027564525604,1
0.24927929043769836,1
0.266158789396286,1
0.3013394773006439,1
0.34892037510871887,1
0.2981608510017395,1
0.4322378933429718,1
0.40789055824279785,1
0.4005720913410187,1
0.4814588129520416,1
0.36497581005096436,1
0.3061670660972595,1
0.35544365644454956,1
0.3351525068283081,1
0.3235153257846832,1
0.4004497528076172,1
0.36686453223228455,1
0.38676705956459045,1
0.5174703001976013,1
0.30172786116600037,1
0.43169859051704407,1
0.3407187759876251,1
0.3062310516834259,1
0.3190891742706299,1
0.2752213478088379,1
0.40992146730422974,1
0.3578593134880066,1
0.3862603008747101,1
0.25541332364082336,1
0.28406399488449097,1
0.3903317451477051,1
0.3108855187892914,1
0.3743423819541931,1
0.4990556836128235,1
0.3569048345088959,1
0.4139654040336609,1
0.3874673545360565,1
0.2299007922410965,1
0.4019652009010315,1
0.40246111154556274,1
0.456285297870636,1
0.4372231364250183,1
0.42695069313049316,1
0.3110911548137665,1
0.42194128036499023,1
0.3045937418937683,1
0.33086973428726196,1
0.3102894425392151,1
0.4667782783508301,1
0.4530647099018097,1
0.387011855840683,1
0.44797101616859436,1
0.3183107078075409,1
0.3693801164627075,1
0.4600116014480591,1
0.28836047649383545,1
0.3914249539375305,1
0.4433881342411041,1
0.45622897148132324,1
0.3081149756908417,1
0.3661705255508423,1
0.33258530497550964,1
0.3829244375228882,1
0.4034867584705353,1
0.3876674771308899,1
0.3363642692565918,1
0.2564206123352051,1
0.3371540904045105,1
0.41405433416366577,1
0.38874122500419617,1
0.36809107661247253,1
0.3993123769760132,1
0.32906144857406616,1
0.27164334058761597,1
0.415287047624588,1
0.41207724809646606,1
0.2775193750858307,1
0.5539490580558777,1
0.5076884627342224,1
0.465955913066864,1
0.35572510957717896,1
0.34814944863319397,1
0.43581900000572205,1
0.3875681757926941,1
0.4250628650188446,1
0.4213252365589142,1
0.6685791611671448,1
0.5124160647392273,1
0.4604932367801666,1
0.39247310161590576,1
0.40878066420555115,1
0.2842772901058197,1
0.2652292251586914,1
0.4014284014701843,1
0.3764190375804901,1
0.31734028458595276,1
0.29901617765426636,1
0.3396891951560974,1
0.31366920471191406,1
0.41585585474967957,1
0.26663532853126526,1
0.24129953980445862,1
0.39106911420822144,1
0.2537807822227478,1
0.3923487961292267,1
0.28767091035842896,1
0.34687668085098267,1
0.31592851877212524,1
0.3318500518798828,1
0.31344476342201233,1
0.449719101190567,1
0.32375138998031616,1
0.4707622528076172,1
0.3601989150047302,1
0.42447811365127563,1
0.3413078486919403,1
0.4154640734195709,1
0.3639686703681946,1
0.4164009094238281,1
0.35594457387924194,1
0.4633945822715759,1
0.27478209137916565,1
0.31831204891204834,1
0.3929789662361145,1
0.29122722148895264,1
0.35681432485580444,1
0.3962246775627136,1
0.42336297035217285,1
0.3068571388721466,1
0.37689444422721863,1
0.3165474832057953,1
0.33349400758743286,1
0.33374881744384766,1
0.36309224367141724,1
0.379930317401886,1
0.3524155616760254,1
0.4019908607006073,1
0.3377169370651245,1
0.37553349137306213,1
0.352510005235672,1
0.29041820764541626,1
0.4395856261253357,1
0.2786032557487488,1
0.4517844021320343,1
0.4688020944595337,1
0.5851309895515442,1
0.3283716142177582,1
0.3338853120803833,1
0.4126361608505249,1
0.38446497917175293,1
0.4985092878341675,1
0.31104186177253723,1
0.3991397023200989,1
0.41584017872810364,1
0.44176197052001953,1
0.39417335391044617,1
0.39043334126472473,1
0.29057785868644714,1
0.5186215043067932,1
0.3796706199645996,1
0.289034903049469,1
0.3055632710456848,1
0.40987667441368103,1
0.3922361731529236,1
0.3671032786369324,1
0.3425392210483551,1
0.3752858638763428,1
0.3281284272670746,1
0.4024242162704468,1
0.3740499019622803,1
0.45576947927474976,1
0.4002014696598053,1
0.34435224533081055,1
0.41099488735198975,1
0.3474169671535492,1
0.3525512218475342,1
0.2475614696741104,1
0.31675922870635986,1
0.28393447399139404,1
0.3388216495513916,1
0.3978804647922516,1
0.3809776306152344,1
0.377385675907135,1
0.39811158180236816,1
0.3958103656768799,1
0.32548967003822327,1
0.34405896067619324,1
0.3626677989959717,1
0.3127547800540924,1
0.3843785524368286,1
0.33120548725128174,1
0.42140117287635803,1
0.4346725344657898,1
0.32274776697158813,1
0.3956432044506073,1
0.32619717717170715,1
0.34663426876068115,1
0.32458141446113586,1
0.2835020422935486,1
0.381411612033844,1
0.29505279660224915,1
0.2785840928554535,1
0.2038920372724533,1
0.3759128451347351,1
0.3676861524581909,1
0.20417386293411255,1
0.3675709664821625,1
0.3013122081756592,1
0.43735504150390625,1
0.4850422143936157,1
0.38448473811149597,1
0.3909596800804138,1
0.39126095175743103,1
0.3211294412612915,1
0.4418143332004547,1
0.29097309708595276,1
0.3495270013809204,1
0.3912980854511261,1
0.4007968008518219,1
0.36128106713294983,1
0.39275670051574707,1
0.29495710134506226,1
0.3661326766014099,1
0.25446638464927673,1
0.33302271366119385,1
0.43371522426605225,1
0.36373966932296753,1
0.30959486961364746,1
0.4121756851673126,1
0.4477744698524475,1
0.36135196685791016,1
0.3156696856021881,1
0.2786175310611725,1
0.3408406972885132,1
0.331496924161911,1
0.35017430782318115,1
0.3054749667644501,1
0.33964601159095764,1
0.32082024216651917,1
0.38130486011505127,1
0.38294124603271484,1
0.3551758825778961,1
0.39841365814208984,1
0.4415475130081177,1
0.3328406810760498,1
0.5193314552307129,1
0.4363386631011963,1
0.3340297341346741,1
0.41125473380088806,1
0.5219690799713135,1
0.3328302204608917,1
0.3708513379096985,1
0.3318181037902832,1
0.36061200499534607,1
0.3414075970649719,1
0.3983346223831177,1
0.36966338753700256,1
0.3371792137622833,1
0.519222617149353,1
0.35378164052963257,1
0.3475874662399292,1
0.32474589347839355,1
0.47622090578079224,1
0.3751806318759918,1
0.35055190324783325,1
0.3466475009918213,1
0.4231772720813751,1
0.32157400250434875,1
0.3369264006614685,1
0.30407634377479553,1
0.2754726707935333,1
0.4339067041873932,1
0.3051259517669678,1
0.3080790936946869,1
0.407973051071167,1
0.46044421195983887,1
0.3775274455547333,1
0.3090519607067108,1
0.3220176696777344,1
0.3231956958770752,1
0.33446764945983887,1
0.31034547090530396,1
0.33410364389419556,1
0.3680081367492676,1
0.4696803092956543,1
0.29084640741348267,1
0.3703153431415558,1
0.32962560653686523,1
0.3205133080482483,1
0.33470529317855835,1
0.326066792011261,1
0.33879297971725464,1
0.35478299856185913,1
0.4269387423992157,1
0.41449296474456787,1
0.4051054120063782,1
0.355925977230072,1
0.45199406147003174,1
0.2688441276550293,1
0.4778391420841217,1
0.30600225925445557,1
0.3728322982788086,1
0.4420454502105713,1
0.3251219689846039,1
0.34123700857162476,1
0.3406226634979248,1
0.3999747037887573,1
0.3023477792739868,1
0.34926530718803406,1
0.30992358922958374,1
0.3318037688732147,1
0.3062083423137665,1
0.31991052627563477,1
0.39719024300575256,1
0.3012697696685791,1
0.35010164976119995,1
0.33396878838539124,1
0.36760425567626953,1
0.31482183933258057,1
0.4047754108905792,1
0.26857075095176697,1
0.4028221070766449,1
0.3204021155834198,1
0.4131438136100769,1
0.420076847076416,1
0.4051578938961029,1
0.4326784014701843,1
0.34007585048675537,1
0.22629813849925995,1
0.5361728668212891,1
0.46873027086257935,1
0.38800346851348877,1
0.419746458530426,1
0.33931276202201843,1
0.3935384750366211,1
0.46254077553749084,1
0.352212518453598,1
0.24990376830101013,1
0.34191274642944336,1
0.44206947088241577,1
0.33765286207199097,1
0.41921404004096985,1
0.3872750997543335,1
0.33479514718055725,1
0.42408016324043274,1
0.3058231472969055,1
0.4148387312889099,1
0.46633028984069824,1
0.39844316244125366,1
0.4475191533565521,1
0.31061893701553345,1
0.33567625284194946,1
0.2877998948097229,1
0.547316312789917,1
0.2780960202217102,1
0.42828214168548584,1
0.3339498043060303,1
0.4912528097629547,1
0.37391549348831177,1
0.37269073724746704,1
0.4655453562736511,1
0.4185250699520111,1
0.2793658375740051,1
0.34244900941848755,1
0.32489895820617676,1
0.3977876305580139,1
0.4047909379005432,1
0.3399231433868408,1
0.3826454281806946,1
0.4310937523841858,1
0.3105637729167938,1
0.32668450474739075,1
0.3502819240093231,1
0.36019641160964966,1
0.3055361807346344,1
0.5192800760269165,1
0.4360273778438568,1
0.34916388988494873,1
0.38132792711257935,1
0.24979251623153687,1
0.3671116232872009,1
0.4317828416824341,1
0.4846374988555908,1
0.2991836965084076,1
0.3629324436187744,1
0.420285165309906,1
0.3081066906452179,1
0.3781379163265228,1
0.47494447231292725,1
0.32149216532707214,1
0.352695107460022,1
0.30532124638557434,1
0.36665743589401245,1
0.31010836362838745,1
0.22486448287963867,1
0.4062557816505432,1
0.39522111415863037,1
0.2952067255973816,1
0.3361407518386841,1
0.3078354001045227,1
0.39005047082901,1
0.38380908966064453,1
0.3929307758808136,1
0.358221173286438,1
0.3296945095062256,1
0.437203973531723,1
0.3367229104042053,1
0.29778459668159485,1
0.3815670609474182,1
0.46051838994026184,1
0.2842012047767639,1
0.34379124641418457,1
0.2933915853500366,1
0.26186317205429077,1
0.3161716163158417,1
0.4163152277469635,1
0.4203442931175232,1
0.38290727138519287,1
0.34674566984176636,1
0.41648125648498535,1
0.3222428560256958,1
0.3551502823829651,1
0.26269015669822693,1
0.2997520864009857,1
0.3167579174041748,1
0.3458113968372345,1
0.31215032935142517,1
0.4152558445930481,1
0.46658340096473694,1
0.3792141079902649,1
0.3389473557472229,1
0.4400993585586548,1
0.4112306833267212,1
0.36392584443092346,1
0.3618723154067993,1
0.4639133810997009,1
0.43661561608314514,1
0.23880131542682648,1
0.3517798185348511,1
0.3277381658554077,1
0.2859973609447479,1
0.3558690845966339,1
0.33046895265579224,1
0.43939709663391113,1
0.33728867769241333,1
0.39533287286758423,1
0.3331643342971802,1
0.35054677724838257,1
0.3460842967033386,1
0.36817649006843567,1
0.35987135767936707,1
0.3076099157333374,1
0.41176068782806396,1
0.512500524520874,1
0.5526246428489685,1
0.4239053428173065,1
0.34783729910850525,1
0.2735086679458618,1
0.305899053812027,1
0.35881829261779785,1
0.325209379196167,1
0.4126725196838379,1
0.32445281744003296,1
0.356973260641098,1
0.39165207743644714,1
0.3248217701911926,1
0.455232173204422,1
0.35847169160842896,1
0.2833450734615326,1
0.4898795187473297,1
0.3135420083999634,1
0.3757798969745636,1
0.4012942314147949,1
0.31236839294433594,1
0.4467029869556427,1
0.34040120244026184,1
0.42823076248168945,1
0.34259137511253357,1
0.3582022190093994,1
0.38657259941101074,1
0.34587469696998596,1
0.32798123359680176,1
0.25716298818588257,1
0.34943071007728577,1
0.36992499232292175,1
0.49006032943725586,1
0.3432236611843109,1
0.310183048248291,1
0.3388585150241852,1
0.4009336233139038,1
0.3644276261329651,1
0.4083852767944336,1
0.2849017381668091,1
0.3385124206542969,1
0.3135870695114136,1
0.4353660047054291,1
0.26288390159606934,1
0.4160340428352356,1
0.3777533173561096,1
0.35093826055526733,1
0.3091707229614258,1
0.2958598732948303,1
0.3577477037906647,1
0.40888166427612305,1
0.22965382039546967,1
0.35106879472732544,1
0.4417251646518707,1
0.29570749402046204,1
0.35434216260910034,1
0.3084138035774231,1
0.2794354557991028,1
0.4616162180900574,1
0.321445107460022,1
0.4023315906524658,1
0.33648350834846497,1
0.34252509474754333,1
0.30289721488952637,1
0.3848140835762024,1
0.41334769129753113,1
0.29240816831588745,1
0.3188571333885193,1
0.36576569080352783,1
0.4195280075073242,1
0.43800264596939087,1
0.416701078414917,1
0.32011908292770386,1
0.3379961848258972,1
0.3630942404270172,1
0.3414711356163025,1
0.39553302526474,1
0.31538212299346924,1
0.4009053409099579,1
0.4217676520347595,1
0.3154910206794739,1
0.5721687078475952,1
0.3483179211616516,1
0.3777860999107361,1
0.30424386262893677,1
0.3742910325527191,1
0.4864313006401062,1
0.47083911299705505,1
0.34634289145469666,1
0.471963495016098,1
0.22047480940818787,1
0.29180431365966797,1
0.4656704068183899,1
0.335033118724823,1
0.334542453289032,1
0.30848556756973267,1
0.3605678081512451,1
0.3493560552597046,1
0.44023066759109497,1
0.40943509340286255,1
0.39051514863967896,1
0.4223605692386627,1
0.36070096492767334,1
0.42588740587234497,1
0.2501503527164459,1
0.3658845126628876,1
0.30466604232788086,1
0.4560145139694214,1
0.37287357449531555,1
0.3227461576461792,1
0.4027068614959717,1
0.3760967552661896,1
0.2959270775318146,1
0.29758331179618835,1
0.41747087240219116,1
0.4085090756416321,1
0.25271907448768616,1
0.3884851038455963,1
0.40102842450141907,1
0.3622322678565979,1
0.44830912351608276,1
0.39583051204681396,1
0.45670583844184875,1
0.4041176736354828,1
0.2916373014450073,1
0.35905635356903076,1
0.2989841103553772,1
0.44281476736068726,1
0.3778936266899109,1
0.48321253061294556,1
0.3813400864601135,1
0.3454550802707672,1
0.32946133613586426,1
0.3169824182987213,1
0.48710906505584717,1
0.33359265327453613,1
0.2904268503189087,1
0.49692291021347046,1
0.37569835782051086,1
0.4042166471481323,1
0.262667715549469,1
0.3443887233734131,1
0.404316782951355,1
0.3209769129753113,1
0.4130161702632904,1
0.38645878434181213,1
0.27227547764778137,1
0.4909762740135193,1
0.3646143674850464,1
0.2801929712295532,1
0.41484081745147705,1
0.35868003964424133,1
0.3028808534145355,1
0.3669942319393158,1
0.3356916606426239,1
0.3117263615131378,1
0.3739930987358093,1
0.32055363059043884,1
0.33923783898353577,1
0.3079361915588379,1
0.40486061573028564,1
0.44802606105804443,1
0.3349134922027588,1
0.4230901002883911,1
0.34532618522644043,1
0.3256303071975708,1
0.42550307512283325,1
0.323815256357193,1
0.25680360198020935,1
0.3957329988479614,1
0.36266884207725525,1
0.31450966000556946,1
0.45107710361480713,1
0.38049232959747314,1
0.29234403371810913,1
0.3362744450569153,1
0.3663328289985657,1
0.4388282895088196,1
0.31191936135292053,1
0.3253675103187561,1
0.44583043456077576,1
0.3174895644187927,1
0.4005609452724457,1
0.4124827980995178,1
0.2981354594230652,1
0.39489710330963135,1
0.3142562806606293,1
0.3225109577178955,1
0.300219863653183,1
0.3795476257801056,1
0.3715953230857849,1
0.4325709640979767,1
0.5166350603103638,1
0.3933635652065277,1
0.3450009226799011,1
0.3774015009403229,1
0.4407477378845215,1
0.41016870737075806,1
0.32983654737472534,1
0.32080864906311035,1
0.24134059250354767,1
0.33885157108306885,1
0.46032261848449707,1
0.35577988624572754,1
0.2851642668247223,1
0.46210867166519165,1
0.3213212490081787,1
0.28516334295272827,1
0.3347920775413513,1
0.45073360204696655,1
0.32563987374305725,1
0.2972092628479004,1
0.309049129486084,1
0.3633628487586975,1
0.4016418159008026,1
0.2942751944065094,1
0.37498360872268677,1
0.4381377398967743,1
0.31092125177383423,1
0.41657108068466187,1
0.32976293563842773,1
0.37886160612106323,1
0.2792094051837921,1
0.32235124707221985,1
0.3878607451915741,1
0.3434053063392639,1
0.3065938353538513,1
0.5320939421653748,1
0.33438074588775635,1
0.34240248799324036,1
0.3203037977218628,1
0.4045935273170471,1
0.31721124053001404,1
0.3567182719707489,1
0.4539252519607544,1
0.37689685821533203,1
0.42435702681541443,1
0.5234311819076538,1
0.2889286279678345,1
0.3197707533836365,1
0.31841644644737244,1
0.39847850799560547,1
0.49732980132102966,1
0.3841734528541565,1
0.3446348011493683,1
0.41434329748153687,1
0.34859055280685425,1
0.2995224595069885,1
0.31642183661460876,1
0.3641078472137451,1
0.457745760679245,1
0.2766939699649811,1
0.4573018252849579,1
0.41003677248954773,1
0.37909311056137085,1
0.34825417399406433,1
0.44138047099113464,1
0.29574280977249146,1
0.3777386546134949,1
0.3173701763153076,1
0.3383908271789551,1
0.44152596592903137,1
0.3393287658691406,1
0.3275946080684662,1
0.4365358352661133,1
0.25771206617355347,1
0.3870633542537689,1
0.3395279049873352,1
0.39962685108184814,1
0.40651798248291016,1
0.4389960765838623,1
0.334327757358551,1
0.38924187421798706,1
0.4597663879394531,1
0.3316904306411743,1
0.33944040536880493,1
0.42319950461387634,1
0.46866485476493835,1
0.3821730613708496,1
0.40024620294570923,1
0.36975130438804626,1
0.2762482166290283,1
0.41138923168182373,1
0.2783364951610565,1
0.3126573860645294,1
0.40366673469543457,1
0.37977761030197144,1
0.24902239441871643,1
0.4079889953136444,1
0.38293060660362244,1
0.3954065442085266,1
0.3677760362625122,1
0.304654598236084,1
0.33798128366470337,1
0.39161139726638794,1
0.3092183470726013,1
0.364101380109787,1
0.3933703601360321,1
0.2978931963443756,1
0.40697380900382996,1
0.43530669808387756,1
0.2314111441373825,1
0.3804287016391754,1
0.3875805735588074,1
0.37697404623031616,1
0.4305030107498169,1
0.25849610567092896,1
0.32765740156173706,1
0.34027257561683655,1
0.3243710398674011,1
0.38694947957992554,1
0.39434516429901123,1
0.29583296179771423,1
0.3274639844894409,1
0.5259319543838501,1
0.3563360571861267,1
0.2942545711994171,1
0.3182815909385681,1
0.2778491973876953,1
0.36862874031066895,1
0.3479441702365875,1
0.29276081919670105,1
0.39568230509757996,1
0.43570664525032043,1
0.3391540050506592,1
0.3298797309398651,1
0.36857491731643677,1
0.3432542383670807,1
0.29372525215148926,1
0.3761788010597229,1
0.45679932832717896,1
0.28399837017059326,1
0.3948776423931122,1
0.38957709074020386,1
0.3708866238594055,1
0.37590381503105164,1
0.35241177678108215,1
0.4400591254234314,1
0.4025301933288574,1
0.2863856554031372,1
0.3798154294490814,1
0.36308589577674866,1
0.3618248701095581,1
0.30018123984336853,1
0.36098453402519226,1
0.2812345623970032,1
0.4146926701068878,1
0.41095927357673645,1
0.36486193537712097,1
0.3099842369556427,1
0.2768644690513611,1
0.5183929204940796,1
0.4384436011314392,1
0.3387661576271057,1
0.38491567969322205,1
0.3344087600708008,1
0.5092364549636841,1
0.398497074842453,1
0.30126717686653137,1
0.46119457483291626,1
0.2894364297389984,1
0.34032130241394043,1
0.4494483172893524,1
0.35096749663352966,1
0.42348986864089966,1
0.3562529683113098,1
0.291968435049057,1
0.4505970776081085,1
0.27748599648475647,1
0.2995036840438843,1
0.30084556341171265,1
0.3696466088294983,1
0.3730081021785736,1
0.3230736255645752,1
0.4547836184501648,1
0.3478313684463501,1
0.2471199333667755,1
0.38640648126602173,1
0.3440069556236267,1
0.43948400020599365,1
0.4631330072879791,1
0.3177507519721985,1
0.4343404769897461,1
0.33671605587005615,1
0.3403194844722748,1
0.49656856060028076,1
0.3875907063484192,1
0.428497850894928,1
0.3259030282497406,1
0.39679911732673645,1
0.24852120876312256,1
0.3086235225200653,1
0.3396398723125458,1
0.33326712250709534,1
0.32230883836746216,1
0.37519434094429016,1
0.34084805846214294,1
0.3486994504928589,1
0.4121008515357971,1
0.4018503427505493,1
0.4022166132926941,1
0.35486963391304016,1
0.45251816511154175,1
0.3950008749961853,1
0.28761813044548035,1
0.32945752143859863,1
0.3872607350349426,1
0.33738213777542114,1
0.2990133762359619,1
0.35276785492897034,1
0.44969457387924194,1
0.3371153175830841,1
0.42975685000419617,1
0.5733823180198669,1
0.3215945363044739,1
0.3420039713382721,1
0.36054715514183044,1
0.2701512575149536,1
0.3692520260810852,1
0.34432417154312134,1
0.37088847160339355,1
0.2791106700897217,1
0.4143902063369751,1
0.3966177701950073,1
0.3101664185523987,1
0.28117674589157104,1
0.31238898634910583,1
0.35450881719589233,1
0.3785214126110077,1
0.31543630361557007,1
0.39646124839782715,1
0.4309360980987549,1
0.31727010011672974,1
0.265352725982666,1
0.3952997326850891,1
0.42578211426734924,1
0.335065096616745,1
0.39761778712272644,1
0.3717206120491028,1
0.3314632177352905,1
0.3517826795578003,1
0.351925790309906,1
0.5220767259597778,1
0.41632601618766785,1
0.42364922165870667,1
0.27797645330429077,1
0.43589475750923157,1
0.3193410038948059,1
0.3393927216529846,1
0.4371034502983093,1
0.361939013004303,1
0.27779829502105713,1
0.2796063721179962,1
0.34435176849365234,1
0.31945735216140747,1
0.3209952712059021,1
0.37994539737701416,1
0.22884878516197205,1
0.35237908363342285,1
0.36424803733825684,1
0.40064048767089844,1
0.29718291759490967,1
0.43276891112327576,1
0.24097204208374023,1
0.2972458004951477,1
0.37740516662597656,1
0.29188692569732666,1
0.35165587067604065,1
0.3774421811103821,1
0.4853087067604065,1
0.30939528346061707,1
0.33195632696151733,1
0.3353201448917389,1
0.34144896268844604,1
0.31322750449180603,1
0.40414491295814514,1
0.3645763397216797,1
0.5130071043968201,1
0.33528274297714233,1
0.30808258056640625,1
0.3596916198730469,1
0.34956592321395874,1
0.3739573359489441,1
0.35410255193710327,1
0.35456758737564087,1
0.27728724479675293,1
0.30447691679000854,1
0.33920925855636597,1
0.3637411594390869,1
0.30329498648643494,1
0.32436496019363403,1
0.38014504313468933,1
0.4014433026313782,1
0.26603448390960693,1
0.3506009578704834,1
0.39754384756088257,1
0.3517068028450012,1
0.363017201423645,1
0.33735913038253784,1
0.33799976110458374,1
0.35828399658203125,1
0.41533154249191284,1
0.32040834426879883,1
0.25448495149612427,1
0.5132677555084229,1
0.3450397551059723,1
0.2945059835910797,1
0.26838332414627075,1
0.33054858446121216,1
0.420632541179657,1
0.4504320025444031,1
0.32455867528915405,1
0.40218958258628845,1
0.2753683924674988,1
0.308438777923584,1
0.39249104261398315,1
0.38415053486824036,1
0.5081263780593872,1
0.33865290880203247,1
0.3289528489112854,1
0.36149531602859497,1
0.4602038860321045,1
0.32263851165771484,1
0.28569158911705017,1
0.3892304301261902,1
0.3805280923843384,1
0.3126693069934845,1
0.3842291235923767,1
0.37174829840660095,1
0.34762731194496155,1
0.4357500672340393,1
0.35502752661705017,1
0.3683585226535797,1
0.34287363290786743,1
0.274727463722229,1
0.3896167278289795,1
0.37383630871772766,1
0.3598282039165497,1
0.48872852325439453,1
0.3830997943878174,1
0.4103347659111023,1
0.43633192777633667,1
0.34490370750427246,1
0.3321149945259094,1
0.421434223651886,1
0.2630220949649811,1
0.42577651143074036,1
0.3516153395175934,1
0.35179468989372253,1
0.3903536796569824,1
0.4100413918495178,1
0.3944295644760132,1
0.34181421995162964,1
0.2404339611530304,1
0.3203330338001251,1
0.3545991778373718,1
0.48566603660583496,1
0.3737373948097229,1
0.3436228632926941,1
0.4409840703010559,1
0.29101958870887756,1
0.38303351402282715,1
0.46605902910232544,1
0.2818319797515869,1
0.37691473960876465,1
0.3776249885559082,1
0.31133711338043213,1
0.53368079662323,1
0.4247763156890869,1
0.45544347167015076,1
0.32658565044403076,1
0.4305121898651123,1
0.3628567159175873,1
0.33170631527900696,1
0.3365219831466675,1
0.3989716172218323,1
0.33695995807647705,1
0.38592103123664856,1
0.3372814953327179,1
0.2729783058166504,1
0.35634681582450867,1
0.29786038398742676,1
0.3388563394546509,1
0.38970479369163513,1
0.33071497082710266,1
0.41643422842025757,1
0.27499422430992126,1
0.2898784577846527,1
0.2695295810699463,1
0.35136890411376953,1
0.42334771156311035,1
0.3405735492706299,1
0.29707273840904236,1
0.38707834482192993,1
0.34372851252555847,1
0.4698725640773773,1
0.36278510093688965,1
0.31335267424583435,1
0.29720550775527954,1
0.36323702335357666,1
0.3157605230808258,1
0.31999921798706055,1
0.471235990524292,1
0.2875610589981079,1
0.4909664988517761,1
0.6357255578041077,1
0.3608206510543823,1
0.34272468090057373,1
0.35455870628356934,1
0.31780675053596497,1
0.3529535233974457,1
0.30050960183143616,1
0.277710497379303,1
0.37928110361099243,1
0.3468140959739685,1
0.3482426702976227,1
0.2959476113319397,1
0.3990950882434845,1
0.30507153272628784,1
0.3397684395313263,1
0.2916589081287384,1
0.34606271982192993,1
0.3695284128189087,1
0.4010724425315857,1
0.3816678524017334,1
0.3021129369735718,1
0.3881547749042511,1
0.43945664167404175,1
0.38268396258354187,1
0.3911483883857727,1
0.391424298286438,1
0.36512941122055054,1
0.382539838552475,1
0.47501254081726074,1
0.3474273085594177,1
0.3730214238166809,1
0.38906243443489075,1
0.4918783903121948,1
0.4254014790058136,1
0.37948551774024963,1
0.36525923013687134,1
0.4525589346885681,1
0.33879682421684265,1
0.4302278757095337,1
0.3345070481300354,1
0.3359399139881134,1
0.31876716017723083,1
0.4107455015182495,1
0.3956485092639923,1
0.34830227494239807,1
0.35322102904319763,1
0.4459100067615509,1
0.37307438254356384,1
0.38264572620391846,1
0.32062241435050964,1
0.3996788263320923,1
0.31537550687789917,1
0.3386914134025574,1
0.34891289472579956,1
0.45500484108924866,1
0.4867902100086212,1
0.40927550196647644,1
0.3853783905506134,1
0.3203198313713074,1
0.2597169876098633,1
0.4042404294013977,1
0.2684583365917206,1
0.45497047901153564,1
0.30456608533859253,1
0.3302817940711975,1
0.4324588477611542,1
0.25933781266212463,1
0.4210335612297058,1
0.30754706263542175,1
0.28394919633865356,1
0.37856221199035645,1
0.39647966623306274,1
0.28589197993278503,1
0.2496517151594162,1
0.34351739287376404,1
0.32644134759902954,1
0.3391360938549042,1
0.33196306228637695,1
0.4004049301147461,1
0.3492144048213959,1
0.35754838585853577,1
0.3534087836742401,1
0.293729305267334,1
0.3029000461101532,1
0.31301599740982056,1
0.33097368478775024,1
0.3830033242702484,1
0.41731345653533936,1
0.36470842361450195,1
0.3605899214744568,1
0.3018781542778015,1
0.35219770669937134,1
0.3042750656604767,1
0.3841667175292969,1
0.33900174498558044,1
0.3458457887172699,1
0.2323572337627411,1
0.38096049427986145,1
0.34336596727371216,1
0.4172963798046112,1
0.3353238105773926,1
0.4270775318145752,1
0.3628442883491516,1
0.2953640818595886,1
0.27597808837890625,1
0.46918535232543945,1
0.3859850764274597,1
0.407145619392395,1
0.3597426414489746,1
0.4095210134983063,1
0.3529994487762451,1
0.3734833598136902,1
0.23939362168312073,1
0.3996484875679016,1
0.37226441502571106,1
0.39681321382522583,1
0.4045217037200928,1
0.41073518991470337,1
0.26165878772735596,1
0.25317245721817017,1
0.3392162322998047,1
0.43029850721359253,1
0.3565070331096649,1
0.3329343795776367,1
0.3327088952064514,1
0.36962538957595825,1
0.4666863679885864,1
0.3582342863082886,1
0.31566011905670166,1
0.34865260124206543,1
0.3396782875061035,1
0.45501333475112915,1
0.34549885988235474,1
0.309411883354187,1
0.34076449275016785,1
0.36202993988990784,1
0.34934931993484497,1
0.4030489921569824,1
0.431088387966156,1
0.32402852177619934,1
0.3934251666069031,1
0.356060266494751,1
0.3330676257610321,1
0.4079422354698181,1
0.48465847969055176,1
0.36513984203338623,1
0.4011838436126709,1
0.4708327054977417,1
0.399708092212677,1
0.3043555021286011,1
0.250448077917099,1
0.3772238492965698,1
0.42220935225486755,1
0.33572882413864136,1
0.4997633099555969,1
0.3842216730117798,1
0.3957887291908264,1
0.4235127568244934,1
0.3367791175842285,1
0.37980514764785767,1
0.39928820729255676,1
0.33009812235832214,1
0.33662429451942444,1
0.29506394267082214,1
0.31626957654953003,1
0.4422173500061035,1
0.33654356002807617,1
0.2997030019760132,1
0.39390408992767334,1
0.36317259073257446,1
0.360110342502594,1
0.41796818375587463,1
0.4199870526790619,1
0.4470284581184387,1
0.402385950088501,1
0.24028360843658447,1
0.35273241996765137,1
0.39014101028442383,1
0.36023885011672974,1
0.30356407165527344,1
0.36772018671035767,1
0.39866307377815247,1
0.32481849193573,1
0.34247303009033203,1
0.3255486488342285,1
0.2972700595855713,1
0.45077043771743774,1
0.3424564599990845,1
0.30117911100387573,1
0.36786848306655884,1
0.37433484196662903,1
0.339114785194397,1
0.4733836054801941,1
0.3242088556289673,1
0.20968759059906006,1
0.4389205574989319,1
0.3188215494155884,1
0.41724851727485657,1
0.2699161171913147,1
0.4044477939605713,1
0.39698219299316406,1
0.38525161147117615,1
0.32938146591186523,1
0.3355924189090729,1
0.3336677849292755,1
0.3247467279434204,1
0.38166892528533936,1
0.2722015082836151,1
0.2711336612701416,1
0.2691952586174011,1
0.33919671177864075,1
0.3178826868534088,1
0.3225412368774414,1
0.3226131498813629,1
0.4001525044441223,1
0.3369830548763275,1
0.3909296989440918,1
0.40195152163505554,1
0.3882434368133545,1
0.31737691164016724,1
0.35678592324256897,1
0.2942141592502594,1
0.46577662229537964,1
0.36794137954711914,1
0.37633752822875977,1
0.4451354444026947,1
0.30655792355537415,1
0.3534236550331116,1
0.3336735963821411,1
0.3712581992149353,1
0.3576890826225281,1
0.3615398406982422,1
0.2603212594985962,1
0.3307512104511261,1
0.3857182562351227,1
0.25678783655166626,1
0.37896478176116943,1
0.407806932926178,1
0.36756184697151184,1
0.4478492736816406,1
0.30194568634033203,1
0.3600923418998718,1
0.37686753273010254,1
0.3456658124923706,1
0.28078627586364746,1
0.29901689291000366,1
0.3505663573741913,1
0.3546735644340515,1
0.3287038505077362,1
0.27818581461906433,1
0.2924826443195343,1
0.27300769090652466,1
0.4057256579399109,1
0.3308316171169281,1
0.3066379129886627,1
0.43845710158348083,1
0.44747161865234375,1
0.34854617714881897,1
0.3775988817214966,1
0.30527263879776,1
0.3182353377342224,1
0.47266775369644165,1
0.4515954256057739,1
0.3128880560398102,1
0.2757834196090698,1
0.30886393785476685,1
0.4730549454689026,1
0.2954486608505249,1
0.38220643997192383,1
0.30636176466941833,1
0.38170838356018066,1
0.31441476941108704,1
0.30662310123443604,1
0.3114319145679474,1
0.4254497289657593,1
0.22945284843444824,1
0.3278748393058777,1
0.3809879422187805,1
0.41770124435424805,1
0.34925028681755066,1
0.4282107651233673,1
0.3837074041366577,1
0.4077407121658325,1
0.3388788104057312,1
0.3320317566394806,1
0.36798062920570374,1
0.46382656693458557,1
0.4218578040599823,1
0.37933456897735596,1
0.32622677087783813,1
0.33184880018234253,1
0.3323698043823242,1
0.37492474913597107,1
0.3761483430862427,1
0.3349403440952301,1
0.32401594519615173,1
0.463192343711853,1
0.41873204708099365,1
0.2566719949245453,1
0.4162231683731079,1
0.2812019884586334,1
0.28431084752082825,1
0.368604838848114,1
0.2987980842590332,1
0.40212181210517883,1
0.3652064800262451,1
0.30879807472229004,1
0.4180963933467865,1
0.30398479104042053,1
0.4013146162033081,1
0.22211921215057373,1
0.4038216471672058,1
0.34042292833328247,1
0.39194124937057495,1
0.44933611154556274,1
0.3346090018749237,1
0.4837522804737091,1
0.3281814754009247,1
0.32100602984428406,1
0.3005833625793457,1
0.2919202744960785,1
0.3651388883590698,1
0.4030490517616272,1
0.3092781901359558,1
0.3883858919143677,1
0.2896197736263275,1
0.3395214378833771,1
0.4505731463432312,1
0.2413194626569748,1
0.287987619638443,1
0.3804209232330322,1
0.3823261857032776,1
0.40734320878982544,1
0.2729223072528839,1
0.34595242142677307,1
0.32469236850738525,1
0.42216089367866516,1
0.3268404006958008,1
0.3189423382282257,1
0.2313777506351471,1
0.35904890298843384,1
0.4805639088153839,1
0.30158984661102295,1
0.3919619619846344,1
0.412220299243927,1
0.42656856775283813,1
0.5058712959289551,1
0.3364965617656708,1
0.4794831871986389,1
0.3062896728515625,1
0.44464391469955444,1
0.4269922375679016,1
0.38069573044776917,1
0.385550856590271,1
0.2556746304035187,1
0.34277287125587463,1
0.46783873438835144,1
0.3766588568687439,1
0.375405877828598,1
0.42068731784820557,1
0.4423450827598572,1
0.428597092628479,1
0.4746510982513428,1
0.4152081608772278,1
0.4355313777923584,1
0.4669537842273712,1
0.3619598150253296,1
0.2842269241809845,1
0.44507184624671936,1
0.40949541330337524,1
0.35461950302124023,1
0.29550817608833313,1
0.384634405374527,1
0.35775846242904663,1
0.28052616119384766,1
0.2520991563796997,1
0.3345978260040283,1
0.3721071481704712,1
0.4239802956581116,1
0.392952561378479,1
0.4356187582015991,1
0.3396075367927551,1
0.32146960496902466,1
0.3483727276325226,1
0.2532297372817993,1
0.5095495581626892,1
0.330983430147171,1
0.30870744585990906,1
0.3836577534675598,1
0.30655601620674133,1
0.40473148226737976,1
0.3550751805305481,1
0.31519442796707153,1
0.41602203249931335,1
0.3108665943145752,1
0.38283947110176086,1
0.35403838753700256,1
0.3223574161529541,1
0.309520959854126,1
0.33534663915634155,1
0.3581438660621643,1
0.38147178292274475,1
0.35743385553359985,1
0.31696754693984985,1
0.32962629199028015,1
0.3387233316898346,1
0.39566388726234436,1
0.2992155849933624,1
0.2881334722042084,1
0.2898155152797699,1
0.3898141086101532,1
0.36706772446632385,1
0.3831237554550171,1
0.45464229583740234,1
0.39316385984420776,1
0.3418809473514557,1
0.27429258823394775,1
0.41450706124305725,1
0.32651805877685547,1
0.3879837691783905,1
0.3483339548110962,1
0.2751080095767975,1
0.39828047156333923,1
0.3405284285545349,1
0.43992191553115845,1
0.29021692276000977,1
0.37850064039230347,1
0.2827838361263275,1
0.3536791205406189,1
0.29010459780693054,1
0.5307676792144775,1
0.29377543926239014,1
0.33324843645095825,1
0.42167818546295166,1
0.2673841118812561,1
0.24225857853889465,1
0.2772982120513916,1
0.27523308992385864,1
0.30397337675094604,1
0.3798719048500061,1
0.30404067039489746,1
0.38370683789253235,1
0.40260380506515503,1
0.4202013611793518,1
0.3285965621471405,1
0.3341262638568878,1
0.25681072473526,1
0.37580883502960205,1
0.37687528133392334,1
0.28774070739746094,1
0.4209679961204529,1
0.28240764141082764,1
0.35709163546562195,1
0.38748982548713684,1
0.41963618993759155,1
0.3127782642841339,1
0.3861609101295471,1
0.2657802700996399,1
0.3326151371002197,1
0.35538583993911743,1
0.2998775839805603,1
0.2665609121322632,1
0.39245086908340454,1
0.30099207162857056,1
0.3290520906448364,1
0.29527056217193604,1
0.34321457147598267,1
0.49009275436401367,1
0.31624406576156616,1
0.3470805287361145,1
0.40824517607688904,1
0.3497453033924103,1
0.38212111592292786,1
0.3090936541557312,1
0.295829713344574,1
0.2966492176055908,1
0.4209391474723816,1
0.5188532471656799,1
0.3883513808250427,1
0.4578702449798584,1
0.3727760910987854,1
0.3968130946159363,1
0.3705751895904541,1
0.47136780619621277,1
0.29940590262413025,1
0.405352920293808,1
0.47093290090560913,1
0.3618597090244293,1
0.3609800338745117,1
0.29705336689949036,1
0.30194729566574097,1
0.2660423517227173,1
0.35540542006492615,1
0.39928245544433594,1
0.37173792719841003,1
0.4860857427120209,1
0.3084586262702942,1
0.2930033206939697,1
0.32314616441726685,1
0.3829273581504822,1
0.3197582960128784,1
0.34897589683532715,1
0.36011719703674316,1
0.41980448365211487,1
0.4281759560108185,1
0.40520623326301575,1
0.35006892681121826,1
0.35188066959381104,1
0.3414231538772583,1
0.4159286618232727,1
0.2797115445137024,1
0.31529468297958374,1
0.3668908476829529,1
0.3231165409088135,1
0.39012861251831055,1
0.29016193747520447,1
0.39388230443000793,1
0.36248016357421875,1
0.4042356014251709,1
0.37167277932167053,1
0.35632815957069397,1
0.3754262924194336,1
0.3739544153213501,1
0.3956393897533417,1
0.4161507487297058,1
0.32240521907806396,1
0.4262080490589142,1
0.37293463945388794,1
0.2967816889286041,1
0.39507222175598145,1
0.29406481981277466,1
0.4732523560523987,1
0.5086442828178406,1
0.35704725980758667,1
0.3138664960861206,1
0.41086506843566895,1
0.5226679444313049,1
0.33810311555862427,1
0.33968260884284973,1
0.34906184673309326,1
0.45875364542007446,1
0.4769081473350525,1
0.3239232301712036,1
0.380157470703125,1
0.3256956934928894,1
0.4674959182739258,1
0.37737536430358887,1
0.33992940187454224,1
0.2993171811103821,1
0.40340012311935425,1
0.42016103863716125,1
0.3960714340209961,1
0.37723663449287415,1
0.3847268223762512,1
0.3168487250804901,1
0.406893789768219,1
0.39648526906967163,1
0.36052441596984863,1
0.36263740062713623,1
0.41380345821380615,1
0.36105644702911377,1
0.40258175134658813,1
0.36843186616897583,1
0.3343721032142639,1
0.4655916392803192,1
0.3458675742149353,1
0.36074742674827576,1
0.4234916865825653,1
0.3431486189365387,1
0.383221834897995,1
0.3858203589916229,1
0.4203806519508362,1
0.4100596308708191,1
0.4306912124156952,1
0.4886961877346039,1
0.37362271547317505,1
0.3162241280078888,1
0.34986552596092224,1
0.3846978545188904,1
0.5033739805221558,1
0.32717636227607727,1
0.40469247102737427,1
0.39633387327194214,1
0.32133153080940247,1
0.3619156777858734,1
0.39817625284194946,1
0.3172876536846161,1
0.3692440390586853,1
0.39217787981033325,1
0.38194435834884644,1
0.3599208891391754,1
0.37309232354164124,1
0.3688744306564331,1
0.31422701478004456,1
0.4038017988204956,1
0.44273653626441956,1
0.39496663212776184,1
0.33079180121421814,1
0.38321954011917114,1
0.32598677277565,1
0.3883082866668701,1
0.414492130279541,1
0.33575987815856934,1
0.40582993626594543,1
0.3791687488555908,1
0.39649415016174316,1
0.27418988943099976,1
0.46506088972091675,1
0.39632290601730347,1
0.34417927265167236,1
0.3040303587913513,1
0.40299832820892334,1
0.29088836908340454,1
0.41508379578590393,1
0.4030587375164032,1
0.40988945960998535,1
0.38216114044189453,1
0.30926668643951416,1
0.4756709635257721,1
0.38150399923324585,1
0.27197131514549255,1
0.3901086449623108,1
0.41657641530036926,1
0.4140658378601074,1
0.3686237335205078,1
0.41766923666000366,1
0.37776678800582886,1
0.406124085187912,1
0.3967733085155487,1
0.3443034887313843,1
0.29163017868995667,1
0.31956109404563904,1
0.36502978205680847,1
0.36223384737968445,1
0.344033420085907,1
0.38263988494873047,1
0.3840900659561157,1
0.4778994917869568,1
0.24502652883529663,1
0.3923634886741638,1
0.3171635866165161,1
0.28777649998664856,1
0.5066184401512146,1
0.33395320177078247,1
0.4317975342273712,1
0.37719735503196716,1
0.32413679361343384,1
0.2759533226490021,1
0.30741673707962036,1
0.3692488372325897,1
0.362962931394577,1
0.44802427291870117,1
0.4431009292602539,1
0.3054507374763489,1
0.3837464153766632,1
0.39266979694366455,1
0.4281281530857086,1
0.29781460762023926,1
0.2986161708831787,1
0.3825305998325348,1
0.35500389337539673,1
0.45101118087768555,1
0.29194265604019165,1
0.304405152797699,1
0.36781519651412964,1
0.4191665053367615,1
0.43938297033309937,1
0.5072606801986694,1
0.3151138424873352,1
0.39457929134368896,1
0.40976327657699585,1
0.3188539147377014,1
0.3594331741333008,1
0.47224631905555725,1
0.36910074949264526,1
0.4183591306209564,1
0.38829243183135986,1
0.39722511172294617,1
0.48131024837493896,1
0.330186128616333,1
0.3379470407962799,1
0.48187267780303955,1
0.34683188796043396,1
0.33456796407699585,1
0.33759090304374695,1
0.25693216919898987,1
0.31872081756591797,1
0.34067049622535706,1
0.27847355604171753,1
0.33801063895225525,1
0.3644203543663025,1
0.3143099546432495,1
0.38659173250198364,1
0.30964717268943787,1
0.29032593965530396,1
0.350944459438324,1
0.330557644367218,1
0.2821612060070038,1
0.37312960624694824,1
0.3904578387737274,1
0.3415088653564453,1
0.4502350986003876,1
0.3055969178676605,1
0.449349582195282,1
0.3170669674873352,1
0.24232664704322815,1
0.366533488035202,1
0.38428792357444763,1
0.3776652216911316,1
0.4559478759765625,1
0.24270379543304443,1
0.28390830755233765,1
0.3185039162635803,1
0.4070248603820801,1
0.34760552644729614,1
0.4482104778289795,1
0.3772522509098053,1
0.4988534450531006,1
0.3633609414100647,1
0.31205087900161743,1
0.3148989677429199,1
0.3155176341533661,1
0.3175838887691498,1
0.31656843423843384,1
0.311277836561203,1
0.3753702640533447,1
0.3934607207775116,1
0.39612844586372375,1
0.43072542548179626,1
0.24053263664245605,1
0.31720298528671265,1
0.41532325744628906,1
0.4242183566093445,1
0.4565141201019287,1
0.313501238822937,1
0.3329765200614929,1
0.3066272437572479,1
0.39281702041625977,1
0.3897916078567505,1
0.35970935225486755,1
0.2883855104446411,1
0.2579028606414795,1
0.2978305220603943,1
0.3405042290687561,1
0.3837287425994873,1
0.4085010290145874,1
0.3535345792770386,1
0.38759735226631165,1
0.42723768949508667,1
0.3361749053001404,1
0.30910778045654297,1
0.3766864836215973,1
0.2926521301269531,1
0.34671568870544434,1
0.44333529472351074,1
0.3525052070617676,1
0.28857195377349854,1
0.3337251543998718,1
0.2851657271385193,1
0.5047223567962646,1
0.3894941806793213,1
0.35205793380737305,1
0.3131287693977356,1
0.4433298408985138,1
0.30536970496177673,1
0.37388572096824646,1
0.2643258571624756,1
0.36318907141685486,1
0.46806299686431885,1
0.5115271210670471,1
0.4732339382171631,1
0.36631864309310913,1
0.38720542192459106,1
0.3747878670692444,1
0.29113876819610596,1
0.320829838514328,1
0.32677268981933594,1
0.3185257315635681,1
0.28694042563438416,1
0.40152353048324585,1
0.38045698404312134,1
0.4746544361114502,1
0.36452198028564453,1
0.43086105585098267,1
0.27714571356773376,1
0.3531220555305481,1
0.3033270239830017,1
0.24218589067459106,1
0.3849617838859558,1
0.3898279368877411,1
0.2894146144390106,1
0.35065266489982605,1
0.34779173135757446,1
0.3016829192638397,1
0.4358513653278351,1
0.3093172013759613,1
0.4741158187389374,1
0.3211345374584198,1
0.347121000289917,1
0.39004525542259216,1
0.4243336617946625,1
0.38768434524536133,1
0.29670199751853943,1
0.3887031078338623,1
0.337662011384964,1
0.34279870986938477,1
0.2818036675453186,1
0.30523091554641724,1
0.2778247892856598,1
0.36835727095603943,1
0.45591193437576294,1
0.32592397928237915,1
0.3414686918258667,1
0.3549436926841736,1
0.28612932562828064,1
0.35436466336250305,1
0.37972986698150635,1
0.3593084514141083,1
0.26989316940307617,1
0.3042474687099457,1
0.25771364569664,1
0.3868159353733063,1
0.23863917589187622,1
0.3802430331707001,1
0.49081191420555115,1
0.2522132396697998,1
0.4056633710861206,1
0.3627992868423462,1
0.2803516387939453,1
0.3366788923740387,1
0.4144125282764435,1
0.2706602215766907,1
0.38807541131973267,1
0.39336565136909485,1
0.4466584622859955,1
0.33473101258277893,1
0.32223787903785706,1
0.3590956926345825,1
0.3792230784893036,1
0.39370405673980713,1
0.4043784439563751,1
0.32904988527297974,1
0.38078683614730835,1
0.3602408766746521,1
0.49286749958992004,1
0.3452635109424591,1
0.30656731128692627,1
0.29427269101142883,1
0.40620148181915283,1
0.34005507826805115,1
0.35961294174194336,1
0.497079998254776,1
0.37951335310935974,1
0.3173709511756897,1
0.32102251052856445,1
0.28324660658836365,1
0.4449038505554199,1
0.25911271572113037,1
0.39769530296325684,1
0.46010565757751465,1
0.3602669835090637,1
0.32317304611206055,1
0.3090093731880188,1
0.30987831950187683,1
0.3773113489151001,1
0.3766159415245056,1
0.2988572418689728,1
0.24923226237297058,1
0.34043630957603455,1
0.34107255935668945,1
0.27086907625198364,1
0.4002998471260071,1
0.35780298709869385,1
0.3435504138469696,1
0.3579728901386261,1
0.46675485372543335,1
0.3269386887550354,1
0.26509949564933777,1
0.4232536256313324,1
0.28150856494903564,1
0.4190196990966797,1
0.34257054328918457,1
0.362949013710022,1
0.33364737033843994,1
0.2977519929409027,1
0.4870656132698059,1
0.39580029249191284,1
0.3677859902381897,1
0.44024786353111267,1
0.3177981674671173,1
0.3864523768424988,1
0.4337393343448639,1
0.4494781792163849,1
0.3917963206768036,1
0.35926127433776855,1
0.369586706161499,1
0.3372003436088562,1
0.43518519401550293,1
0.3906974494457245,1
0.31740933656692505,1
0.3297123312950134,1
0.33538490533828735,1
0.34495723247528076,1
0.3828410804271698,1
0.34749889373779297,1
0.38445115089416504,1
0.344373494386673,1
0.421954870223999,1
0.3709207773208618,1
0.35139521956443787,1
0.3070681095123291,1
0.3393900692462921,1
0.3183513581752777,1
0.3374057412147522,1
0.3210153877735138,1
0.31861621141433716,1
0.48770540952682495,1
0.37075716257095337,1
0.3663861155509949,1
0.3523898124694824,1
0.3793458938598633,1
0.46083638072013855,1
0.3833904266357422,1
0.3379267454147339,1
0.2737065851688385,1
0.43836718797683716,1
0.3473548889160156,1
0.3670181632041931,1
0.33324670791625977,1
0.28377869725227356,1
0.24981451034545898,1
0.3396357297897339,1
0.4833430051803589,1
0.4055402874946594,1
0.37376290559768677,1
0.45538756251335144,1
0.5166131258010864,1
0.4175173342227936,1
0.3660694658756256,1
0.32940831780433655,1
0.3840615749359131,1
0.2616235911846161,1
0.36857202649116516,1
0.4282521903514862,1
0.4006522297859192,1
0.3252650499343872,1
0.29408547282218933,1
0.4381820261478424,1
0.27002429962158203,1
0.5304734110832214,1
0.24581265449523926,1
0.3567349314689636,1
0.3648765981197357,1
0.5854648947715759,1
0.44462770223617554,1
0.38875478506088257,1
0.3798070549964905,1
0.4813266396522522,1
0.3230912983417511,1
0.3147997558116913,1
0.30161118507385254,1
0.3656482696533203,1
0.2853797376155853,1
0.3837108314037323,1
0.27793002128601074,1
0.4016624689102173,1
0.28036999702453613,1
0.4365096390247345,1
0.29883429408073425,1
0.3817114233970642,1
0.5091208815574646,1
0.3450377583503723,1
0.3571392893791199,1
0.4268079400062561,1
0.3098832368850708,1
0.4167085886001587,1
0.37464985251426697,1
0.36207517981529236,1
0.26053386926651,1
0.4050867259502411,1
0.2092636376619339,1
0.3077284097671509,1
0.26797187328338623,1
0.434925377368927,1
0.2627708315849304,1
0.33631521463394165,1
0.33364054560661316,1
0.3991682529449463,1
0.3822507858276367,1
0.41080743074417114,1
0.3207722306251526,1
0.45099687576293945,1
0.3329443335533142,1
0.33614450693130493,1
0.3290804624557495,1
0.3516956567764282,1
0.4468289911746979,1
0.3664035499095917,1
0.3932991027832031,1
0.4679185152053833,1
0.3282579183578491,1
0.34533900022506714,1
0.33996468782424927,1
0.4065997004508972,1
0.3018874526023865,1
0.4782060384750366,1
0.3107614815235138,1
0.35946983098983765,1
0.36836010217666626,1
0.34866079688072205,1
0.32774361968040466,1
0.38120847940444946,1
0.39355653524398804,1
0.4058106541633606,1
0.334778755903244,1
0.3264555037021637,1
0.3537956476211548,1
0.3184235990047455,1
0.40922072529792786,1
0.39968109130859375,1
0.2999905049800873,1
0.4577135443687439,1
0.4383239150047302,1
0.28054171800613403,1
0.31896108388900757,1
0.27031898498535156,1
0.40047430992126465,1
0.46183714270591736,1
0.323199987411499,1
0.7141410708427429,1
0.22641363739967346,1
0.35509490966796875,1
0.37285315990448,1
0.2952171266078949,1
0.34019774198532104,1
0.32775944471359253,1
0.4876974821090698,1
0.27525877952575684,1
0.30706116557121277,1
0.41768717765808105,1
0.39999163150787354,1
0.2955569326877594,1
0.33175453543663025,1
0.35577499866485596,1
0.328384667634964,1
0.3467216491699219,1
0.41712814569473267,1
0.33393537998199463,1
0.3090693950653076,1
0.37827518582344055,1
0.49215084314346313,1
0.31746745109558105,1
0.3406437039375305,1
0.36170122027397156,1
0.30856770277023315,1
0.39610427618026733,1
0.3495219647884369,1
0.3374989628791809,1
0.3015291094779968,1
0.2940766215324402,1
0.3328504264354706,1
0.3924434185028076,1
0.4121806025505066,1
0.4109160602092743,1
0.3907076120376587,1
0.3537314534187317,1
0.42689526081085205,1
0.34555256366729736,1
0.40559279918670654,1
0.3187662363052368,1
0.406276136636734,1
0.36525315046310425,1
0.26549240946769714,1
0.3479911684989929,1
0.3673936128616333,1
0.30379870533943176,1
0.4226618707180023,1
0.5736159682273865,1
0.34360846877098083,1
0.3809967339038849,1
0.30851373076438904,1
0.4398834705352783,1
0.3443489372730255,1
0.4200056195259094,1
0.26753371953964233,1
0.4319860339164734,1
0.3840104341506958,1
0.3925572335720062,1
0.3815051019191742,1
0.2935592532157898,1
0.36112233996391296,1
0.3773847818374634,1
0.37153732776641846,1
0.41967472434043884,1
0.49216553568840027,1
0.34640932083129883,1
0.42959192395210266,1
0.34811073541641235,1
0.3725530505180359,1
0.4104374647140503,1
0.47078341245651245,1
0.46743953227996826,1
0.36556342244148254,1
0.4345979690551758,1
0.2836122214794159,1
0.4787400960922241,1
0.2939182221889496,1
0.34242764115333557,1
0.3379823565483093,1
0.3849271833896637,1
0.3557192385196686,1
0.47385889291763306,1
0.37363311648368835,1
0.34669870138168335,1
0.4377519488334656,1
0.342582643032074,1
0.3969724178314209,1
0.38462433218955994,1
0.3405695855617523,1
0.3927288055419922,1
0.49618566036224365,1
0.3880605697631836,1
0.3557198941707611,1
0.3302405774593353,1
0.26704707741737366,1
0.3657468855381012,1
0.39627981185913086,1
0.3158987760543823,1
0.3619212210178375,1
0.3624732196331024,1
0.3570770025253296,1
0.3986995220184326,1
0.3456040322780609,1
0.3378010392189026,1
0.369556188583374,1
0.3790905177593231,1
0.37751877307891846,1
0.3388076722621918,1
0.3883379101753235,1
0.35829901695251465,1
0.3737127184867859,1
0.44407641887664795,1
0.39261394739151,1
0.38204818964004517,1
0.26850730180740356,1
0.32291078567504883,1
0.39017432928085327,1
0.3885362148284912,1
0.37734541296958923,1
0.2619822323322296,1
0.3955662250518799,1
0.3193541467189789,1
0.30513039231300354,1
0.36897438764572144,1
0.3638412058353424,1
0.2729259133338928,1
0.303216814994812,1
0.2678513526916504,1
0.4242590665817261,1
0.2681625187397003,1
0.3728850483894348,1
0.35527047514915466,1
0.3281431198120117,1
0.3839940130710602,1
0.24191579222679138,1
0.4734773635864258,1
0.27858635783195496,1
0.24359339475631714,1
0.3618236184120178,1
0.3440942168235779,1
0.403023362159729,1
0.3827010989189148,1
0.35938167572021484,1
0.3096562325954437,1
0.2804897129535675,1
0.38100796937942505,1
0.2720084488391876,1
0.2938940227031708,1
0.32443761825561523,1
0.31706702709198,1
0.34728002548217773,1
0.3305269479751587,1
0.39583808183670044,1
0.30563241243362427,1
0.4772987961769104,1
0.4206690788269043,1
0.4570487141609192,1
0.40603435039520264,1
0.27209222316741943,1
0.3517882525920868,1
0.30087774991989136,1
0.5357900261878967,1
0.36459702253341675,1
0.389828622341156,1
0.30605265498161316,1
0.34642112255096436,1
0.3953588902950287,1
0.31892746686935425,1
0.3796415328979492,1
0.3457769751548767,1
0.38159364461898804,1
0.3755861818790436,1
0.3874654769897461,1
0.31403589248657227,1
0.41412681341171265,1
0.29666340351104736,1
0.25213584303855896,1
0.3966795802116394,1
0.36785635352134705,1
0.36868682503700256,1
0.368740439414978,1
0.5396050810813904,1
0.3859487771987915,1
0.3625147342681885,1
0.3828640580177307,1
0.3065529763698578,1
0.47820648550987244,1
0.35955238342285156,1
0.3296409547328949,1
0.308290958404541,1
0.3667728900909424,1
0.26867955923080444,1
0.34358930587768555,1
0.3963940739631653,1
0.25723862648010254,1
0.250648558139801,1
0.4393928349018097,1
0.4211297631263733,1
0.341627836227417,1
0.3087921142578125,1
0.31062042713165283,1
0.2642931640148163,1
0.3234400451183319,1
0.34202083945274353,1
0.4058629274368286,1
0.3524032533168793,1
0.31145647168159485,1
0.3306693434715271,1
0.39999663829803467,1
0.4085686504840851,1
0.32254624366760254,1
0.2734178304672241,1
0.38210979104042053,1
0.301203191280365,1
0.4127247631549835,1
0.3728838562965393,1
0.44862592220306396,1
0.4522837698459625,1
0.3761499524116516,1
0.3905014991760254,1
0.3514808118343353,1
0.31818845868110657,1
0.35969746112823486,1
0.3957870304584503,1
0.4345562160015106,1
0.44593775272369385,1
0.46577322483062744,1
0.33186593651771545,1
0.2698695957660675,1
0.48596012592315674,1
0.3789924383163452,1
0.34339115023612976,1
0.32549816370010376,1
0.46745750308036804,1
0.36587297916412354,1
0.31479403376579285,1
0.36234185099601746,1
0.2523411214351654,1
0.31028300523757935,1
0.3857077360153198,1
0.3785021901130676,1
0.3843812346458435,1
0.36156129837036133,1
0.38336434960365295,1
0.45824798941612244,1
0.35411500930786133,1
0.3486173152923584,1
0.36820176243782043,1
0.21103908121585846,1
0.26653873920440674,1
0.3249119222164154,1
0.37134528160095215,1
0.4345756769180298,1
0.3166380822658539,1
0.3087995648384094,1
0.3253152072429657,1
0.32605427503585815,1
0.3522781729698181,1
0.36136534810066223,1
0.2822810411453247,1
0.33787238597869873,1
0.3504427671432495,1
0.3590437173843384,1
0.3567856550216675,1
0.28069424629211426,1
0.40894657373428345,1
0.3155459761619568,1
0.34031733870506287,1
0.3930904269218445,1
0.3208518922328949,1
0.2862451672554016,1
0.3479905128479004,1
0.3886623978614807,1
0.4010376036167145,1
0.4039362668991089,1
0.428411602973938,1
0.45326751470565796,1
0.3957787752151489,1
0.29614973068237305,1
0.29253584146499634,1
0.43396222591400146,1
0.21556860208511353,1
0.3740237057209015,1
0.4587036371231079,1
0.36942458152770996,1
0.34134095907211304,1
0.35012954473495483,1
0.4608699083328247,1
0.34836697578430176,1
0.408138632774353,1
0.2853403091430664,1
0.2696889042854309,1
0.4207953214645386,1
0.39361581206321716,1
0.43215981125831604,1
0.3678376078605652,1
0.38075345754623413,1
0.37967684864997864,1
0.36069297790527344,1
0.2740071713924408,1
0.3844149112701416,1
0.4799978733062744,1
0.41570374369621277,1
0.3578665852546692,1
0.30763018131256104,1
0.35305318236351013,1
0.35376232862472534,1
0.31816020607948303,1
0.31393393874168396,1
0.36210259795188904,1
0.41928064823150635,1
0.3784198760986328,1
0.3297070264816284,1
0.4465513825416565,1
0.3777795433998108,1
0.4711794853210449,1
0.388774573802948,1
0.33428457379341125,1
0.28300243616104126,1
0.3644568622112274,1
0.32880666851997375,1
0.4776455760002136,1
0.35404616594314575,1
0.21584826707839966,1
0.3367627263069153,1
0.3356439173221588,1
0.34865444898605347,1
0.5465688109397888,1
0.3070887625217438,1
0.37480372190475464,1
0.3122667968273163,1
0.277225136756897,1
0.35060179233551025,1
0.4157618284225464,1
0.39183011651039124,1
0.3101860284805298,1
0.25030645728111267,1
0.4027402400970459,1
0.3764949440956116,1
0.30474990606307983,1
0.35208818316459656,1
0.41380810737609863,1
0.25246506929397583,1
0.4405730962753296,1
0.3490270674228668,1
0.33809858560562134,1
0.3445418179035187,1
0.4163123369216919,1
0.26606786251068115,1
0.2661880850791931,1
0.3759838342666626,1
0.3422917127609253,1
0.467487096786499,1
0.23724037408828735,1
0.37358540296554565,1
0.35890448093414307,1
0.3549712896347046,1
0.3543718457221985,1
0.3713400065898895,1
0.43711596727371216,1
0.3644227385520935,1
0.3354126513004303,1
0.3072006106376648,1
0.2897661030292511,1
0.42885178327560425,1
0.2942521870136261,1
0.29810667037963867,1
0.31061702966690063,1
0.3167002201080322,1
0.33757275342941284,1
0.41873618960380554,1
0.2588547170162201,1
0.39939966797828674,1
0.45888689160346985,1
0.41643664240837097,1
0.48497796058654785,1
0.37553349137306213,1
0.3011644780635834,1
0.32856088876724243,1
0.3659948408603668,1
0.2781201899051666,1
0.3533484637737274,1
0.3856721818447113,1
0.36299073696136475,1
0.27530401945114136,1
0.310861736536026,1
0.29014649987220764,1
0.43247726559638977,1
0.5059107542037964,1
0.3433840870857239,1
0.3893747329711914,1
0.4816035032272339,1
0.30214813351631165,1
0.4933505058288574,1
0.3362642526626587,1
0.3809114098548889,1
0.3573913276195526,1
0.312216579914093,1
0.4759101867675781,1
0.3770278990268707,1
0.32589462399482727,1
0.3046807050704956,1
0.3136783540248871,1
0.27434179186820984,1
0.3756251931190491,1
0.37672168016433716,1
0.39155903458595276,1
0.32361748814582825,1
0.29590779542922974,1
0.29438334703445435,1
0.42604073882102966,1
0.3415788412094116,1
0.4615482985973358,1
0.23401637375354767,1
0.35472333431243896,1
0.354561984539032,1
0.3053343892097473,1
0.4325707256793976,1
0.4308929443359375,1
0.3422079086303711,1
0.44825756549835205,1
0.4207506775856018,1
0.2266835719347,1
0.32366427779197693,1
0.3715086281299591,1
0.25561386346817017,1
0.3336339294910431,1
0.2840314507484436,1
0.38634777069091797,1
0.39915212988853455,1
0.426921010017395,1
0.2788757085800171,1
0.3988896906375885,1
0.29622700810432434,1
0.3622800409793854,1
0.4230814278125763,1
0.3502770960330963,1
0.26137495040893555,1
0.3533783555030823,1
0.474379301071167,1
0.3581785559654236,1
0.3080081343650818,1
0.3919355869293213,1
0.3589111268520355,1
0.2845652103424072,1
0.4261757433414459,1
0.2985176742076874,1
0.3276948034763336,1
0.4561987519264221,1
0.3696860671043396,1
0.3320152163505554,1
0.49422451853752136,1
0.3611149787902832,1
0.34272995591163635,1
0.34293702244758606,1
0.3550105392932892,1
0.33859845995903015,1
0.2612735629081726,1
0.3485434055328369,1
0.45345908403396606,1
0.310466468334198,1
0.30975279211997986,1
0.37630194425582886,1
0.34856200218200684,1
0.28069889545440674,1
0.5391876697540283,1
0.3125554621219635,1
0.37855052947998047,1
0.37697502970695496,1
0.34036946296691895,1
0.3951261043548584,1
0.35652533173561096,1
0.2892369031906128,1
0.33227330446243286,1
0.3733767867088318,1
0.3088630437850952,1
0.30288708209991455,1
0.42418795824050903,1
0.3260566294193268,1
0.35884031653404236,1
0.40131092071533203,1
0.4523250460624695,1
0.38877925276756287,1
0.3393617570400238,1
0.3588358759880066,1
0.365243136882782,1
0.3910905718803406,1
0.38843071460723877,1
0.3045816719532013,1
0.35012924671173096,1
0.32729268074035645,1
0.387935608625412,1
0.3297901153564453,1
0.33297109603881836,1
0.42935848236083984,1
0.4520263075828552,1
0.2637055218219757,1
0.5040835738182068,1
0.46484488248825073,1
0.42744922637939453,1
0.23891599476337433,1
0.29569417238235474,1
0.32863345742225647,1
0.4512716829776764,1
0.2926620841026306,1
0.45341554284095764,1
0.31022098660469055,1
0.28462088108062744,1
0.24568769335746765,1
0.4162520468235016,1
0.40799206495285034,1
0.39441561698913574,1
0.2665456533432007,1
0.3897816240787506,1
0.42837727069854736,1
0.3974621295928955,1
0.45295822620391846,1
0.37119612097740173,1
0.36954548954963684,1
0.33423176407814026,1
0.26240164041519165,1
0.3914593458175659,1
0.36500898003578186,1
0.3726924657821655,1
0.389015793800354,1
0.26670098304748535,1
0.30227482318878174,1
0.4010847210884094,1
0.23170816898345947,1
0.33227118849754333,1
0.4300219714641571,1
0.3230299651622772,1
0.41513699293136597,1
0.34989720582962036,1
0.3009876608848572,1
0.33222153782844543,1
0.35382190346717834,1
0.3158552646636963,1
0.47690045833587646,1
0.2900679111480713,1
0.42874497175216675,1
0.46726876497268677,1
0.3930588364601135,1
0.3628571629524231,1
0.29434093832969666,1
0.4130953252315521,1
0.3414226770401001,1
0.3499433696269989,1
0.4077085256576538,1
0.5289614796638489,1
0.41225534677505493,1
0.41154974699020386,1
0.32405757904052734,1
0.27674075961112976,1
0.29786205291748047,1
0.4919627010822296,1
0.45547133684158325,1
0.29757159948349,1
0.32553374767303467,1
0.399780809879303,1
0.4307558536529541,1
0.35419023036956787,1
0.34420204162597656,1
0.363490492105484,1
0.5160151720046997,1
0.36309313774108887,1
0.35764119029045105,1
0.4013364017009735,1
0.3155817985534668,1
0.31673434376716614,1
0.44800370931625366,1
0.36068466305732727,1
0.40702855587005615,1
0.3257421851158142,1
0.3132612705230713,1
0.37192386388778687,1
0.3251299262046814,1
0.22903744876384735,1
0.3297182023525238,1
0.356117308139801,1
0.3099241256713867,1
0.3391026556491852,1
0.3231230080127716,1
0.3969520926475525,1
0.4210105538368225,1
0.32213592529296875,1
0.39536869525909424,1
0.33162230253219604,1
0.379862517118454,1
0.3469131588935852,1
0.4175802171230316,1
0.4167741537094116,1
0.33392101526260376,1
0.31630387902259827,1
0.4241255521774292,1
0.30159246921539307,1
0.3496381640434265,1
0.40797606110572815,1
0.30251991748809814,1
0.3974282741546631,1
0.31117701530456543,1
0.37130603194236755,1
0.35488080978393555,1
0.2687654495239258,1
0.43947523832321167,1
0.4881105124950409,1
0.3861141502857208,1
0.33436086773872375,1
0.4020920991897583,1
0.30881455540657043,1
0.33945539593696594,1
0.2859422266483307,1
0.37126314640045166,1
0.4215860366821289,1
0.3532900810241699,1
0.27966105937957764,1
0.26815515756607056,1
0.3525526523590088,1
0.38758933544158936,1
0.24551020562648773,1
0.28263193368911743,1
0.5172606706619263,1
0.49630773067474365,1
0.3544257879257202,1
0.43321239948272705,1
0.49795711040496826,1
0.3574465215206146,1
0.4035317897796631,1
0.5909648537635803,1
0.27551689743995667,1
0.2806054353713989,1
0.2863566279411316,1
0.340537428855896,1
0.5057337284088135,1
0.3845680356025696,1
0.4143083095550537,1
0.26463931798934937,1
0.29384273290634155,1
0.42429840564727783,1
0.32096225023269653,1
0.32809457182884216,1
0.4048389792442322,1
0.3396848738193512,1
0.3050665259361267,1
0.31364619731903076,1
0.3117709159851074,1
0.3401401937007904,1
0.4688388407230377,1
0.3740217685699463,1
0.30891403555870056,1
0.45537132024765015,1
0.2675844430923462,1
0.26082247495651245,1
0.3855997323989868,1
0.3112941384315491,1
0.2630612850189209,1
0.31940290331840515,1
0.36409032344818115,1
0.3745049238204956,1
0.41831284761428833,1
0.3021720051765442,1
0.3580738604068756,1
0.3376232087612152,1
0.3115357756614685,1
0.3928397297859192,1
0.340454638004303,1
0.38835039734840393,1
0.3087782561779022,1
0.2803771495819092,1
0.28294438123703003,1
0.3757345974445343,1
0.31140607595443726,1
0.41202569007873535,1
0.39124006032943726,1
0.3426859378814697,1
0.4395546615123749,1
0.4012989401817322,1
0.3203650712966919,1
0.28087562322616577,1
0.33083397150039673,1
0.33009302616119385,1
0.368521511554718,1
0.32869842648506165,1
0.35054099559783936,1
0.3511132597923279,1
0.2855437397956848,1
0.3436517119407654,1
0.354856014251709,1
0.3405590057373047,1
0.35596027970314026,1
0.38668426871299744,1
0.2951419949531555,1
0.3781842589378357,1
0.3159318268299103,1
0.4054175615310669,1
0.3528910279273987,1
0.3014222979545593,1
0.4110669493675232,1
0.39727783203125,1
0.3111392855644226,1
0.3831492066383362,1
0.3667058050632477,1
0.35931694507598877,1
0.3406096398830414,1
0.42213940620422363,1
0.36129164695739746,1
0.3406229317188263,1
0.33685123920440674,1
0.40626096725463867,1
0.3373470902442932,1
0.2672075033187866,1
0.2914089858531952,1
0.308759868144989,1
0.36303937435150146,1
0.4499645233154297,1
0.30783811211586,1
0.4177268445491791,1
0.36495012044906616,1
0.3841100037097931,1
0.41081544756889343,1
0.3499045670032501,1
0.47020623087882996,1
0.2733948826789856,1
0.40775102376937866,1
0.28193628787994385,1
0.3877314329147339,1
0.4350707530975342,1
0.3079602122306824,1
0.18699878454208374,1
0.3596157729625702,1
0.32217177748680115,1
0.33876168727874756,1
0.4128890037536621,1
0.34916621446609497,1
0.4306796193122864,1
0.2848690152168274,1
0.4175759553909302,1
0.343378484249115,1
0.38240867853164673,1
0.3527352809906006,1
0.3605654537677765,1
0.39777734875679016,1
0.3586656451225281,1
0.289358913898468,1
0.33393120765686035,1
0.43177127838134766,1
0.4013933837413788,1
0.34479671716690063,1
0.3497594892978668,1
0.2838553786277771,1
0.4496902823448181,1
0.33708399534225464,1
0.2792279124259949,1
0.3736236095428467,1
0.37197211384773254,1
0.3807539641857147,1
0.4726279675960541,1
0.4265560507774353,1
0.4045792818069458,1
0.5693219900131226,1
0.25919389724731445,1
0.3469448685646057,1
0.303518146276474,1
0.36141592264175415,1
0.38328802585601807,1
0.24574436247348785,1
0.3409862518310547,1
0.3793693780899048,1
0.3428792953491211,1
0.2748931050300598,1
0.3495182394981384,1
0.33374303579330444,1
0.3777272701263428,1
0.3518639802932739,1
0.4501971900463104,1
0.41503989696502686,1
0.308077335357666,1
0.3206288516521454,1
0.3657253384590149,1
0.34877926111221313,1
0.2663300633430481,1
0.2745576500892639,1
0.38754552602767944,1
0.43045783042907715,1
0.27872994542121887,1
0.42323729395866394,1
0.3001319169998169,1
0.42466074228286743,1
0.4507535398006439,1
0.35957813262939453,1
0.3464198708534241,1
0.3898653984069824,1
0.3035995364189148,1
0.31069207191467285,1
0.3588128387928009,1
0.28376537561416626,1
0.2751506268978119,1
0.4775863289833069,1
0.29398712515830994,1
0.31066232919692993,1
0.28304553031921387,1
0.27791908383369446,1
0.29094231128692627,1
0.4399532377719879,1
0.33242207765579224,1
0.4039739966392517,1
0.32789409160614014,1
0.33346569538116455,1
0.4441346228122711,1
0.3816383481025696,1
0.3071025609970093,1
0.38210123777389526,1
0.2809463441371918,1
0.41517144441604614,1
0.2565058469772339,1
0.44441673159599304,1
0.36686447262763977,1
0.39014557003974915,1
0.37256404757499695,1
0.3406223952770233,1
0.3010997176170349,1
0.41204002499580383,1
0.48111769556999207,1
0.3743364214897156,1
0.32686948776245117,1
0.3249761462211609,1
0.2714933156967163,1
0.2825779318809509,1
0.5365458726882935,1
0.3082200586795807,1
0.35253646969795227,1
0.34521085023880005,1
0.3885624408721924,1
0.3598732352256775,1
0.3734128177165985,1
0.3378991186618805,1
0.2758033573627472,1
0.3321710228919983,1
0.36571770906448364,1
0.33705493807792664,1
0.41178959608078003,1
0.27034687995910645,1
0.41860508918762207,1
0.29278430342674255,1
0.29151082038879395,1
0.27860409021377563,1
0.39762142300605774,1
0.3054087162017822,1
0.327317476272583,1
0.3349810838699341,1
0.35743647813796997,1
0.2892952859401703,1
0.3073788285255432,1
0.48091042041778564,1
0.35867011547088623,1
0.4350067973136902,1
0.3077651262283325,1
0.3385655879974365,1
0.35978975892066956,1
0.444824755191803,1
0.32472163438796997,1
0.293224573135376,1
0.38080736994743347,1
0.47055551409721375,1
0.276361882686615,1
0.3557508587837219,1
0.3377010226249695,1
0.3753860294818878,1
0.3617733120918274,1
0.34047383069992065,1
0.34986066818237305,1
0.3577045202255249,1
0.4332163631916046,1
0.404052197933197,1
0.35455870628356934,1
0.37358614802360535,1
0.36924242973327637,1
0.3825344145298004,1
0.3191513419151306,1
0.38722339272499084,1
0.4198283553123474,1
0.3347513973712921,1
0.31227564811706543,1
0.4537101984024048,1
0.361111044883728,1
0.35413622856140137,1
0.3385394811630249,1
0.28288793563842773,1
0.35341876745224,1
0.4349149763584137,1
0.42906683683395386,1
0.3544192910194397,1
0.43701791763305664,1
0.35260844230651855,1
0.5218355655670166,1
0.35699617862701416,1
0.29740437865257263,1
0.3227350413799286,1
0.4041639566421509,1
0.37756550312042236,1
0.4142684042453766,1
0.44542747735977173,1
0.34561577439308167,1
0.39231109619140625,1
0.457869291305542,1
0.28736191987991333,1
0.3523137867450714,1
0.32592153549194336,1
0.2896060347557068,1
0.46291428804397583,1
0.3628835678100586,1
0.3426738679409027,1
0.38701701164245605,1
0.2826208472251892,1
0.30513906478881836,1
0.3422757685184479,1
0.42221343517303467,1
0.36810386180877686,1
0.3629642128944397,1
0.5169011354446411,1
0.36245840787887573,1
0.36908096075057983,1
0.31948792934417725,1
0.33249908685684204,1
0.37192970514297485,1
0.311094731092453,1
0.42093202471733093,1
0.4093140959739685,1
0.45422887802124023,1
0.44467926025390625,1
0.3016931116580963,1
0.31505247950553894,1
0.4196440577507019,1
0.3448873460292816,1
0.4249192178249359,1
0.3969467878341675,1
0.39893385767936707,1
0.3463631272315979,1
0.31960272789001465,1
0.4234573245048523,1
0.4977521598339081,1
0.45421701669692993,1
0.38188084959983826,1
0.41331028938293457,1
0.44196414947509766,1
0.34526386857032776,1
0.30158907175064087,1
0.41287460923194885,1
0.4934777021408081,1
0.3703027069568634,1
0.43586015701293945,1
0.3512629270553589,1
0.34507814049720764,1
0.3014791011810303,1
0.40565937757492065,1
0.4396919012069702,1
0.3186805844306946,1
0.3630814850330353,1
0.37307286262512207,1
0.2834945321083069,1
0.3819347321987152,1
0.37081074714660645,1
0.40379875898361206,1
0.3088201880455017,1
0.2973797023296356,1
0.36024031043052673,1
0.39220306277275085,1
0.38132211565971375,1
0.29754117131233215,1
0.2553977966308594,1
0.23640859127044678,1
0.4004528820514679,1
0.5038966536521912,1
0.35227254033088684,1
0.3683650493621826,1
0.4178810715675354,1
0.32896530628204346,1
0.39581379294395447,1
0.31139564514160156,1
0.3266441822052002,1
0.38037794828414917,1
0.3401092290878296,1
0.4154486060142517,1
0.3859913945198059,1
0.30998533964157104,1
0.42502087354660034,1
0.44532302021980286,1
0.3593917191028595,1
0.45169514417648315,1
0.30464404821395874,1
0.3710255026817322,1
0.4627481698989868,1
0.4638929069042206,1
0.33171290159225464,1
0.38435375690460205,1
0.36245208978652954,1
0.3581154942512512,1
0.3997366726398468,1
0.3505156636238098,1
0.39888641238212585,1
0.39281123876571655,1
0.31976956129074097,1
0.4156401753425598,1
0.4069046974182129,1
0.42541471123695374,1
0.4127603769302368,1
0.36441662907600403,1
0.3265204429626465,1
0.36234110593795776,1
0.4202384948730469,1
0.34125247597694397,1
0.35225388407707214,1
0.4290897250175476,1
0.35703495144844055,1
0.35678187012672424,1
0.34295302629470825,1
0.38096222281455994,1
0.3151974678039551,1
0.33102351427078247,1
0.31110021471977234,1
0.3858101963996887,1
0.3682583272457123,1
0.3447323441505432,1
0.35472923517227173,1
0.33890530467033386,1
0.26983389258384705,1
0.3693874478340149,1
0.37068870663642883,1
0.3533291518688202,1
0.37917500734329224,1
0.3584280014038086,1
0.3061104416847229,1
0.33948564529418945,1
0.33801892399787903,1
0.3501473367214203,1
0.31687623262405396,1
0.515339732170105,1
0.3972332775592804,1
0.27724432945251465,1
0.41824376583099365,1
0.3476245701313019,1
0.3189723789691925,1
0.3991216719150543,1
0.41536617279052734,1
0.4360908269882202,1
0.308058500289917,1
0.33448803424835205,1
0.29579171538352966,1
0.32958415150642395,1
0.30877113342285156,1
0.4577864110469818,1
0.38057073950767517,1
0.4224778115749359,1
0.464052677154541,1
0.2952944040298462,1
0.3064923882484436,1
0.3923434019088745,1
0.42508846521377563,1
0.3060380220413208,1
0.3177630305290222,1
0.3450058400630951,1
0.38844844698905945,1
0.47365766763687134,1
0.34043022990226746,1
0.4451659321784973,1
0.3901863694190979,1
0.36218610405921936,1
0.3356386423110962,1
0.42756760120391846,1
0.35754019021987915,1
0.3413689136505127,1
0.3475053310394287,1
0.4407864809036255,1
0.2794497311115265,1
0.3515554368495941,1
0.36479634046554565,1
0.3347349166870117,1
0.348537802696228,1
0.3558019995689392,1
0.255893349647522,1
0.3969796895980835,1
0.292892187833786,1
0.41387802362442017,1
0.4433780312538147,1
0.3296836316585541,1
0.4497745633125305,1
0.3676845133304596,1
0.30934974551200867,1
0.35178643465042114,1
0.33271682262420654,1
0.3157133162021637,1
0.38991087675094604,1
0.4486663341522217,1
0.47940972447395325,1
0.40281936526298523,1
0.3206649422645569,1
0.32969459891319275,1
0.32168078422546387,1
0.4698219299316406,1
0.2946015000343323,1
0.387029767036438,1
0.36362630128860474,1
0.3013685941696167,1
0.3475140333175659,1
0.3402319848537445,1
0.36352288722991943,1
0.31837326288223267,1
0.2879919409751892,1
0.41082075238227844,1
0.32509055733680725,1
0.32117360830307007,1
0.36472612619400024,1
0.2991168797016144,1
0.41494035720825195,1
0.39208516478538513,1
0.34629562497138977,1
0.3032558560371399,1
0.2867320775985718,1
0.2659333348274231,1
0.3428460955619812,1
0.3061928451061249,1
0.437698632478714,1
0.41910600662231445,1
0.3837206959724426,1
0.3390888571739197,1
0.4342872202396393,1
0.34860363602638245,1
0.4363296627998352,1
0.35703957080841064,1
0.32254934310913086,1
0.32469862699508667,1
0.37456995248794556,1
0.305435448884964,1
0.3115091621875763,1
0.3534911870956421,1
0.4035300612449646,1
0.4301360845565796,1
0.2654346823692322,1
0.3957933485507965,1
0.45938390493392944,1
0.3791842460632324,1
0.41104379296302795,1
0.37814924120903015,1
0.38786691427230835,1
0.3183448910713196,1
0.34787166118621826,1
0.4138226807117462,1
0.32899779081344604,1
0.3279987871646881,1
0.37399765849113464,1
0.3940125107765198,1
0.38722458481788635,1
0.34121695160865784,1
0.3418298065662384,1
0.32419121265411377,1
0.29711782932281494,1
0.31480056047439575,1
0.4900447726249695,1
0.30301931500434875,1
0.37026673555374146,1
0.3341098427772522,1
0.3833993077278137,1
0.38804417848587036,1
0.35931217670440674,1
0.3684690296649933,1
0.378643274307251,1
0.3788774013519287,1
0.42050620913505554,1
0.34879255294799805,1
0.4086073040962219,1
0.41412001848220825,1
0.3461776673793793,1
0.3714659810066223,1
0.4362330734729767,1
0.35742878913879395,1
0.311324805021286,1
0.2902151048183441,1
0.36489731073379517,1
0.30320489406585693,1
0.3219640851020813,1
0.478743314743042,1
0.29908162355422974,1
0.1873619556427002,1
0.3376639485359192,1
0.37786975502967834,1
0.34825465083122253,1
0.3535611629486084,1
0.3976846933364868,1
0.3726956248283386,1
0.40741658210754395,1
0.29280710220336914,1
0.3728783130645752,1
0.38824278116226196,1
0.2318238914012909,1
0.33310002088546753,1
0.3916417956352234,1
0.3986644148826599,1
0.28289520740509033,1
0.3567807972431183,1
0.3255355954170227,1
0.48173442482948303,1
0.27085059881210327,1
0.4444839656352997,1
0.3413993716239929,1
0.3389141261577606,1
0.33774662017822266,1
0.38278651237487793,1
0.3552182912826538,1
0.31097978353500366,1
0.39222633838653564,1
0.3374214768409729,1
0.33784350752830505,1
0.40152058005332947,1
0.3444443941116333,1
0.3262452185153961,1
0.42797666788101196,1
0.39959824085235596,1
0.33530691266059875,1
0.35009968280792236,1
0.31968384981155396,1
0.3433457016944885,1
0.36383962631225586,1
0.33124056458473206,1
0.2464657723903656,1
0.35262757539749146,1
0.3958432674407959,1
0.3461981415748596,1
0.3855021595954895,1
0.35830140113830566,1
0.23111273348331451,1
0.32535114884376526,1
0.44772663712501526,1
0.2599284052848816,1
0.4210355281829834,1
0.4255097508430481,1
0.37103086709976196,1
0.3061249852180481,1
0.38707220554351807,1
0.3742980360984802,1
0.3402601480484009,1
0.4842052161693573,1
0.3165823817253113,1
0.3891248106956482,1
0.4058104455471039,1
0.34768158197402954,1
0.3908860683441162,1
0.25311362743377686,1
0.2615428566932678,1
0.2736237049102783,1
0.40340179204940796,1
0.41863805055618286,1
0.35485032200813293,1
0.5565367937088013,1
0.3946226239204407,1
0.30511385202407837,1
0.4069752097129822,1
0.38795894384384155,1
0.32490041851997375,1
0.43594130873680115,1
0.4444553554058075,1
0.37239915132522583,1
0.44597047567367554,1
0.4432881474494934,1
0.3804266154766083,1
0.3193127512931824,1
0.36144745349884033,1
0.3128666877746582,1
0.39675372838974,1
0.40492990612983704,1
0.27701684832572937,1
0.3602301776409149,1
0.374226450920105,1
0.2933235168457031,1
0.4771234393119812,1
0.34131425619125366,1
0.36349600553512573,1
0.4026402235031128,1
0.326409250497818,1
0.30448928475379944,1
0.5082690119743347,1
0.42179232835769653,1
0.4317593574523926,1
0.31194716691970825,1
0.28616848587989807,1
0.3450930118560791,1
0.2664988338947296,1
0.3048631548881531,1
0.2975800931453705,1
0.3575143814086914,1
0.4236871600151062,1
0.3409103751182556,1
0.37354668974876404,1
0.3566056191921234,1
0.41885021328926086,1
0.3509420156478882,1
0.33309850096702576,1
0.3778379261493683,1
0.3004157245159149,1
0.2617396414279938,1
0.3499034345149994,1
0.5148950815200806,1
0.3966917395591736,1
0.4160528779029846,1
0.34828275442123413,1
0.5402933955192566,1
0.3934428095817566,1
0.2966979146003723,1
0.45172885060310364,1
0.3644729554653168,1
0.3811527490615845,1
0.3621061146259308,1
0.4494694769382477,1
0.5147109031677246,1
0.3187835216522217,1
0.3127952814102173,1
0.2676701545715332,1
0.37801921367645264,1
0.28065845370292664,1
0.36473047733306885,1
0.31266942620277405,1
0.3591386675834656,1
0.3228905498981476,1
0.3777957260608673,1
0.3824736773967743,1
0.36222708225250244,1
0.3017924427986145,1
0.3643404245376587,1
0.3737312853336334,1
0.3677084445953369,1
0.29944729804992676,1
0.3868342339992523,1
0.29298239946365356,1
0.3560590445995331,1
0.41002118587493896,1
0.3570981025695801,1
0.38610124588012695,1
0.4797269403934479,1
0.49230194091796875,1
0.3276100158691406,1
0.33517563343048096,1
0.4398747980594635,1
0.2583633065223694,1
0.3346917927265167,1
0.44915199279785156,1
0.3292722702026367,1
0.3747771680355072,1
0.447610467672348,1
0.26498544216156006,1
0.31378859281539917,1
0.3002776801586151,1
0.37202563881874084,1
0.46313348412513733,1
0.37184643745422363,1
0.34371355175971985,1
0.37661656737327576,1
0.42410144209861755,1
0.30893170833587646,1
0.3462735712528229,1
0.35898557305336,1
0.3182280957698822,1
0.3448641002178192,1
0.26229357719421387,1
0.3642689287662506,1
0.2891339957714081,1
0.25908932089805603,1
0.3404933214187622,1
0.3056829869747162,1
0.3841005265712738,1
0.40578213334083557,1
0.45201006531715393,1
0.4844841957092285,1
0.2596118748188019,1
0.33847665786743164,1
0.3840278089046478,1
0.4760162830352783,1
0.3084486126899719,1
0.24645020067691803,1
0.34040606021881104,1
0.3432234227657318,1
0.3940734565258026,1
0.3400040864944458,1
0.38152334094047546,1
0.35063859820365906,1
0.3510231375694275,1
0.32937389612197876,1
0.45496171712875366,1
0.31186726689338684,1
0.2951725125312805,1
0.3433215022087097,1
0.40947091579437256,1
0.308767169713974,1
0.406307578086853,1
0.29252389073371887,1
0.4422488808631897,1
0.35556137561798096,1
0.4136509299278259,1
0.31876617670059204,1
0.31221914291381836,1
0.2754057049751282,1
0.31075119972229004,1
0.33206743001937866,1
0.3854975700378418,1
0.3573566675186157,1
0.38909053802490234,1
0.34962883591651917,1
0.36761534214019775,1
0.33407163619995117,1
0.3991190791130066,1
0.3341042995452881,1
0.3535989224910736,1
0.3121960461139679,1
0.3024618327617645,1
0.3081224262714386,1
0.37172773480415344,1
0.30317598581314087,1
0.5428547263145447,1
0.3917161524295807,1
0.2866160273551941,1
0.39473605155944824,1
0.31564077734947205,1
0.4343265891075134,1
0.42186686396598816,1
0.32558542490005493,1
0.309283047914505,1
0.3925865888595581,1
0.47221460938453674,1
0.34318870306015015,1
0.368161678314209,1
0.3292715549468994,1
0.4527841806411743,1
0.3744354844093323,1
0.33569762110710144,1
0.32690393924713135,1
0.2736378312110901,1
0.2702152132987976,1
0.33011394739151,1
0.3985736668109894,1
0.3220296800136566,1
0.36852338910102844,1
0.38943180441856384,1
0.29891422390937805,1
0.35252803564071655,1
0.37532755732536316,1
0.3345384895801544,1
0.3905702531337738,1
0.3675537705421448,1
0.3853211998939514,1
0.3292899429798126,1
0.3276296854019165,1
0.25286218523979187,1
0.31487834453582764,1
0.4022347927093506,1
0.37963762879371643,1
0.4090164303779602,1
0.28613805770874023,1
0.35128507018089294,1
0.4233086109161377,1
0.2910199463367462,1
0.35026878118515015,1
0.30872711539268494,1
0.3150938153266907,1
0.2471953183412552,1
0.26247942447662354,1
0.4145151376724243,1
0.3684857487678528,1
0.34121134877204895,1
0.2332114279270172,1
0.3797239065170288,1
0.3354947566986084,1
0.2865496277809143,1
0.44965022802352905,1
0.29566144943237305,1
0.4336998462677002,1
0.362342894077301,1
0.3114078640937805,1
0.4164218008518219,1
0.38519784808158875,1
0.3953307867050171,1
0.2803220748901367,1
0.40781450271606445,1
0.46498826146125793,1
0.41015517711639404,1
0.35190773010253906,1
0.2682817578315735,1
0.3658331632614136,1
0.31418853998184204,1
0.2699824869632721,1
0.2842394709587097,1
0.23889414966106415,1
0.4423036575317383,1
0.3501109778881073,1
0.34033113718032837,1
0.3784893751144409,1
0.40581315755844116,1
0.3942530155181885,1
0.42138993740081787,1
0.3301086723804474,1
0.38334864377975464,1
0.26142963767051697,1
0.3838629424571991,1
0.32385140657424927,1
0.2703492343425751,1
0.27613282203674316,1
0.3338901400566101,1
0.30023476481437683,1
0.2589748501777649,1
0.3893386721611023,1
0.39856037497520447,1
0.32634228467941284,1
0.39438530802726746,1
0.41242119669914246,1
0.34327059984207153,1
0.38265523314476013,1
0.37481170892715454,1
0.40613165497779846,1
0.3683105707168579,1
0.33063697814941406,1
0.3634239435195923,1
0.37537482380867004,1
0.46429237723350525,1
0.457914263010025,1
0.39469724893569946,1
0.2744773030281067,1
0.39795777201652527,1
0.3889489769935608,1
0.2880195677280426,1
0.3374711573123932,1
0.46081405878067017,1
0.31336072087287903,1
0.3584437966346741,1
0.5549015998840332,1
0.3733345568180084,1
0.3474206328392029,1
0.33139216899871826,1
0.4397774338722229,1
0.30040493607521057,1
0.45042431354522705,1
0.417546808719635,1
0.39254289865493774,1
0.27531343698501587,1
0.37786877155303955,1
0.3211260437965393,1
0.3948183059692383,1
0.33234649896621704,1
0.2270464301109314,1
0.3363770842552185,1
0.39818432927131653,1
0.318523108959198,1
0.2623237073421478,1
0.3223169147968292,1
0.3970414698123932,1
0.4963231086730957,1
0.48409777879714966,1
0.35528117418289185,1
0.30049967765808105,1
0.3592444062232971,1
0.3482013940811157,1
0.4872458875179291,1
0.29280421137809753,1
0.3276773691177368,1
0.447152316570282,1
0.4220900535583496,1
0.27559369802474976,1
0.31245362758636475,1
0.27904030680656433,1
0.3310580849647522,1
0.4119277596473694,1
0.33421945571899414,1
0.30294543504714966,1
0.30131736397743225,1
0.5020478963851929,1
0.24175439774990082,1
0.3181864619255066,1
0.36178815364837646,1
0.23528003692626953,1
0.3664233386516571,1
0.32128721475601196,1
0.385233998298645,1
0.37225341796875,1
0.3397675156593323,1
0.3483951985836029,1
0.35726436972618103,1
0.37321433424949646,1
0.3999302089214325,1
0.24385778605937958,1
0.531469464302063,1
0.4165700674057007,1
0.32928210496902466,1
0.34712889790534973,1
0.40000230073928833,1
0.3810587525367737,1
0.41492635011672974,1
0.37313270568847656,1
0.35553961992263794,1
0.27922478318214417,1
0.25715750455856323,1
0.34635770320892334,1
0.2903880774974823,1
0.32678428292274475,1
0.3427894115447998,1
0.3612889349460602,1
0.3667546510696411,1
0.3322436213493347,1
0.34581494331359863,1
0.32228073477745056,1
0.465991348028183,1
0.3733709752559662,1
0.35629358887672424,1
0.4320093095302582,1
0.4414522051811218,1
0.3494431972503662,1
0.42148351669311523,1
0.2990952134132385,1
0.346225380897522,1
0.36799079179763794,1
0.3676661550998688,1
0.44764482975006104,1
0.40596702694892883,1
0.47551101446151733,1
0.4253837466239929,1
0.36778631806373596,1
0.4411037266254425,1
0.5730974674224854,1
0.3487868309020996,1
0.3617205321788788,1
0.4452342987060547,1
0.2906477451324463,1
0.3720322847366333,1
0.32306867837905884,1
0.2865220904350281,1
0.4580569267272949,1
0.3368949592113495,1
0.35382699966430664,1
0.40888720750808716,1
0.4332876205444336,1
0.2522948980331421,1
0.35510706901550293,1
0.3436717987060547,1
0.34845244884490967,1
0.2912052273750305,1
0.3718644678592682,1
0.3268289864063263,1
0.3116642236709595,1
0.5094493627548218,1
0.31749528646469116,1
0.31001847982406616,1
0.30511099100112915,1
0.37540140748023987,1
0.33611157536506653,1
0.34120139479637146,1
0.42378872632980347,1
0.31540706753730774,1
0.5634058713912964,1
0.30229902267456055,1
0.24365036189556122,1
0.2931257486343384,1
0.34283286333084106,1
0.3739571273326874,1
0.30539995431900024,1
0.33855992555618286,1
0.3435036540031433,1
0.3734610676765442,1
0.2664186656475067,1
0.40740686655044556,1
0.35152116417884827,1
0.3618994951248169,1
0.3266981840133667,1
0.4305787682533264,1
0.39575207233428955,1
0.2906651794910431,1
0.26210853457450867,1
0.4361914098262787,1
0.34764257073402405,1
0.40700751543045044,1
0.4521048069000244,1
0.37844979763031006,1
0.39546826481819153,1
0.42748433351516724,1
0.258742094039917,1
0.3001265823841095,1
0.438479483127594,1
0.31006231904029846,1
0.3709052801132202,1
0.2673252522945404,1
0.34757882356643677,1
0.3449614942073822,1
0.370943546295166,1
0.3411436378955841,1
0.3077564835548401,1
0.3652490973472595,1
0.3793576657772064,1
0.32495245337486267,1
0.33643007278442383,1
0.38742515444755554,1
0.3304635286331177,1
0.3097526431083679,1
0.294144868850708,1
0.4228987693786621,1
0.3929276466369629,1
0.32412636280059814,1
0.3609086573123932,1
0.43582355976104736,1
0.2682008147239685,1
0.3178120255470276,1
0.24447810649871826,1
0.41003045439720154,1
0.4779500961303711,1
0.4667143225669861,1
0.3082515299320221,1
0.4273550510406494,1
0.39934033155441284,1
0.36212167143821716,1
0.3472653925418854,1
0.4006134569644928,1
0.32808205485343933,1
0.3418172597885132,1
0.39251506328582764,1
0.4273231625556946,1
0.35158756375312805,1
0.4701522886753082,1
0.3665516674518585,1
0.3413659632205963,1
0.3961476683616638,1
0.317697674036026,1
0.33967137336730957,1
0.5796216726303101,1
0.33993998169898987,1
0.2911263704299927,1
0.2863217890262604,1
0.3962193727493286,1
0.4993230402469635,1
0.373503178358078,1
0.43981117010116577,1
0.24550440907478333,1
0.33674246072769165,1
0.4207149147987366,1
0.4352576434612274,1
0.3368297815322876,1
0.3478015065193176,1
0.2592754364013672,1
0.4523683786392212,1
0.3044721186161041,1
0.3525475263595581,1
0.4244004487991333,1
0.3732597827911377,1
0.41389644145965576,1
0.4268493056297302,1
0.287638783454895,1
0.4707321524620056,1
0.4065950810909271,1
0.31666743755340576,1
0.37160027027130127,1
0.43422839045524597,1
0.34602293372154236,1
0.4271344542503357,1
0.4350484013557434,1
0.4532413184642792,1
0.4098735451698303,1
0.24832452833652496,1
0.4143422245979309,1
0.6271517276763916,1
0.3048095107078552,1
0.4716087579727173,1
0.4152863323688507,1
0.36247336864471436,1
0.40918007493019104,1
0.41385698318481445,1
0.474536269903183,1
0.36521464586257935,1
0.3470684885978699,1
0.3795638978481293,1
0.38374871015548706,1
0.3246157765388489,1
0.3270750045776367,1
0.45001769065856934,1
0.3133156895637512,1
0.3420901298522949,1
0.3461567461490631,1
0.3222073018550873,1
0.3592730760574341,1
0.3715439438819885,1
0.4159030318260193,1
0.2766839861869812,1
0.42880576848983765,1
0.34805408120155334,1
0.3135884404182434,1
0.341208815574646,1
0.39305469393730164,1
0.34537452459335327,1
0.41213682293891907,1
0.26493456959724426,1
0.3740575313568115,1
0.38956400752067566,1
0.36929166316986084,1
0.35755258798599243,1
0.41439539194107056,1
0.32095643877983093,1
0.41308820247650146,1
0.3363695740699768,1
0.34160107374191284,1
0.35846465826034546,1
0.37188398838043213,1
0.3780289590358734,1
0.3516713082790375,1
0.4287492632865906,1
0.3727165162563324,1
0.37510037422180176,1
0.3855186104774475,1
0.4651946723461151,1
0.31008613109588623,1
0.34196773171424866,1
0.33412665128707886,1
0.3728070557117462,1
0.35163775086402893,1
0.32909372448921204,1
0.4395601153373718,1
0.3438452482223511,1
0.30296751856803894,1
0.3564080595970154,1
0.3954229950904846,1
0.3868768811225891,1
0.358187198638916,1
0.3561931848526001,1
0.41789859533309937,1
0.2610360085964203,1
0.4514336585998535,1
0.4298747181892395,1
0.421043336391449,1
0.2530369162559509,1
0.358632355928421,1
0.34910884499549866,1
0.34930339455604553,1
0.33479565382003784,1
0.3209431767463684,1
0.4057700037956238,1
0.4121035933494568,1
0.38900816440582275,1
0.41955435276031494,1
0.36712077260017395,1
0.47158071398735046,1
0.36951684951782227,1
0.35271963477134705,1
0.34475821256637573,1
0.45149707794189453,1
0.384297251701355,1
0.3382951617240906,1
0.4185178279876709,1
0.3388366997241974,1
0.33212801814079285,1
0.38490980863571167,1
0.3633836507797241,1
0.44517266750335693,1
0.3993748724460602,1
0.32711726427078247,1
0.37679120898246765,1
0.39475536346435547,1
0.46714723110198975,1
0.37620264291763306,1
0.4133334159851074,1
0.366386353969574,1
0.5182507038116455,1
0.4459494650363922,1
0.29888075590133667,1
0.2906041741371155,1
0.3253104090690613,1
0.31696808338165283,1
0.38779646158218384,1
0.4511246085166931,1
0.4130822420120239,1
0.38463640213012695,1
0.5301704406738281,1
0.44529592990875244,1
0.3096635937690735,1
0.4015025496482849,1
0.3633880317211151,1
0.30978769063949585,1
0.3430420458316803,1
0.41503584384918213,1
0.271644651889801,1
0.3665664792060852,1
0.3417443037033081,1
0.33278119564056396,1
0.3862326145172119,1
0.3910941779613495,1
0.2333480417728424,1
0.4623646140098572,1
0.29823577404022217,1
0.3548400402069092,1
0.34110912680625916,1
0.43061375617980957,1
0.43940964341163635,1
0.37952691316604614,1
0.3291065990924835,1
0.32271361351013184,1
0.3395311236381531,1
0.3483007550239563,1
0.3952081799507141,1
0.2806171178817749,1
0.3623761236667633,1
0.42806369066238403,1
0.32993558049201965,1
0.3032827377319336,1
0.4617995023727417,1
0.4619007408618927,1
0.31080859899520874,1
0.4069356918334961,1
0.358488529920578,1
0.45871108770370483,1
0.21833425760269165,1
0.4058823883533478,1
0.38376882672309875,1
0.312658429145813,1
0.4384516477584839,1
0.37960273027420044,1
0.45917990803718567,1
0.3883917033672333,1
0.2951467037200928,1
0.3549266457557678,1
0.34613505005836487,1
0.28509485721588135,1
0.2918857932090759,1
0.4227267801761627,1
0.33043912053108215,1
0.3619616627693176,1
0.3558739423751831,1
0.3114457428455353,1
0.32116109132766724,1
0.36717870831489563,1
0.300214946269989,1
0.4747978150844574,1
0.3018943667411804,1
0.34979790449142456,1
0.3347446322441101,1
0.3949428200721741,1
0.23426316678524017,1
0.4354962706565857,1
0.31218668818473816,1
0.3898060917854309,1
0.3133910894393921,1
0.3520350456237793,1
0.37154093384742737,1
0.2861487865447998,1
0.26084887981414795,1
0.3765566945075989,1
0.2805342674255371,1
0.32094141840934753,1
0.3782919943332672,1
0.4354611039161682,1
0.3568226397037506,1
0.38161492347717285,1
0.33918964862823486,1
0.38855159282684326,1
0.39916008710861206,1
0.3301616907119751,1
0.3743339776992798,1
0.3387463092803955,1
0.36776745319366455,1
0.29746535420417786,1
0.3356146812438965,1
0.2504536807537079,1
0.4530561566352844,1
0.3914795219898224,1
0.4278732240200043,1
0.34399572014808655,1
0.373394638299942,1
0.375875324010849,1
0.4736694097518921,1
0.3549198806285858,1
0.3141701817512512,1
0.3386572003364563,1
0.3774533271789551,1
0.3810879588127136,1
0.3094206154346466,1
0.41822749376296997,1
0.3796390891075134,1
0.3999823033809662,1
0.3846580982208252,1
0.3481976389884949,1
0.31524187326431274,1
0.3252207934856415,1
0.3887174725532532,1
0.4353312849998474,1
0.5215636491775513,1
0.47388169169425964,1
0.34053298830986023,1
0.3011256456375122,1
0.3828623592853546,1
0.3585507869720459,1
0.4239923357963562,1
0.45776456594467163,1
0.31250765919685364,1
0.3448432683944702,1
0.47146010398864746,1
0.3788903057575226,1
0.3283102512359619,1
0.28958529233932495,1
0.3538227677345276,1
0.5077491998672485,1
0.40103238821029663,1
0.3482682704925537,1
0.33403658866882324,1
0.33747321367263794,1
0.3591268062591553,1
0.3045429289340973,1
0.35054442286491394,1
0.2954055070877075,1
0.2789801359176636,1
0.46492189168930054,1
0.4944600760936737,1
0.4642786979675293,1
0.25842195749282837,1
0.2883657217025757,1
0.40485334396362305,1
0.37842631340026855,1
0.30873966217041016,1
0.3172587454319,1
0.3329702317714691,1
0.356790155172348,1
0.3291019797325134,1
0.2037493884563446,1
0.3098923861980438,1
0.3328213095664978,1
0.46092286705970764,1
0.33298277854919434,1
0.37751132249832153,1
0.31772997975349426,1
0.35212939977645874,1
0.3831427991390228,1
0.27975723147392273,1
0.38250279426574707,1
0.33519238233566284,1
0.3160132169723511,1
0.3309582471847534,1
0.2893087863922119,1
0.3058828115463257,1
0.3497043251991272,1
0.23391449451446533,1
0.29313984513282776,1
0.3166166841983795,1
0.46599042415618896,1
0.27382227778434753,1
0.365717351436615,1
0.433422714471817,1
0.31235629320144653,1
0.29263925552368164,1
0.277874231338501,1
0.38463765382766724,1
0.37756413221359253,1
0.35628238320350647,1
0.3308338224887848,1
0.28025051951408386,1
0.28844550251960754,1
0.30380189418792725,1
0.4090944528579712,1
0.406522274017334,1
0.34656018018722534,1
0.493407666683197,1
0.39034920930862427,1
0.3241097629070282,1
0.4810725450515747,1
0.3374466896057129,1
0.3413659334182739,1
0.32285094261169434,1
0.2796764671802521,1
0.33572766184806824,1
0.4965140223503113,1
0.3552491068840027,1
0.47848033905029297,1
0.4190221130847931,1
0.26051440834999084,1
0.3517509996891022,1
0.3559097945690155,1
0.3248507082462311,1
0.38785672187805176,1
0.40502074360847473,1
0.3699808418750763,1
0.3741324543952942,1
0.3550352454185486,1
0.32091599702835083,1
0.3842035233974457,1
0.3655020594596863,1
0.35938072204589844,1
0.2793235778808594,1
0.26386362314224243,1
0.2520282566547394,1
0.31367427110671997,1
0.3150945007801056,1
0.62979656457901,1
0.314369261264801,1
0.4278641641139984,1
0.5055384039878845,1
0.35942715406417847,1
0.37549692392349243,1
0.3084460198879242,1
0.3122235834598541,1
0.4037416875362396,1
0.38459986448287964,1
0.3445989191532135,1
0.3738189935684204,1
0.2903589606285095,1
0.3610471189022064,1
0.35383787751197815,1
0.41910815238952637,1
0.3238915205001831,1
0.3617020547389984,1
0.3564257323741913,1
0.3606295585632324,1
0.44747796654701233,1
0.34276044368743896,1
0.2930923104286194,1
0.24662673473358154,1
0.26500973105430603,1
0.3825758099555969,1
0.39424607157707214,1
0.37349504232406616,1
0.30867210030555725,1
0.3889350891113281,1
0.348425954580307,1
0.3166641592979431,1
0.47868025302886963,1
0.375122606754303,1
0.35968244075775146,1
0.38157960772514343,1
0.22726717591285706,1
0.3473636209964752,1
0.30164778232574463,1
0.35941803455352783,1
0.36264166235923767,1
0.3887878656387329,1
0.33654266595840454,1
0.37542057037353516,1
0.38557809591293335,1
0.47137439250946045,1
0.3352380692958832,1
0.39656808972358704,1
0.3122442662715912,1
0.3521360754966736,1
0.4030665159225464,1
0.42312467098236084,1
0.3832710385322571,1
0.37336093187332153,1
0.31453588604927063,1
0.3971909284591675,1
0.4602702558040619,1
0.34734398126602173,1
0.3576079308986664,1
0.33304116129875183,1
0.38280531764030457,1
0.3221092224121094,1
0.3187544345855713,1
0.27908849716186523,1
0.3614804148674011,1
0.3979554772377014,1
0.3804871141910553,1
0.32755571603775024,1
0.2897428274154663,1
0.3532279133796692,1
0.4237571358680725,1
0.2501369118690491,1
0.381618857383728,1
0.24549660086631775,1
0.4091089963912964,1
0.3729402422904968,1
0.26501891016960144,1
0.5858514904975891,1
0.34445488452911377,1
0.27623188495635986,1
0.25933489203453064,1
0.26819148659706116,1
0.35276472568511963,1
0.19606435298919678,1
0.36712610721588135,1
0.38735222816467285,1
0.4934277832508087,1
0.45240020751953125,1
0.2414126694202423,1
0.32388627529144287,1
0.4384450316429138,1
0.3468436598777771,1
0.3361518979072571,1
0.29430294036865234,1
0.27513939142227173,1
0.4346696734428406,1
0.36243051290512085,1
0.27558135986328125,1
0.2667452096939087,1
0.4527134895324707,1
0.24037423729896545,1
0.5187861919403076,1
0.41133084893226624,1
0.3643595278263092,1
0.39587295055389404,1
0.458134263753891,1
0.39822083711624146,1
0.3488515317440033,1
0.3399481177330017,1
0.37136322259902954,1
0.3560410141944885,1
0.37872642278671265,1
0.32039743661880493,1
0.23780913650989532,1
0.36893966794013977,1
0.2982252240180969,1
0.37027502059936523,1
0.2676948606967926,1
0.3678756654262543,1
0.4374733567237854,1
0.3628981113433838,1
0.38718360662460327,1
0.3421638011932373,1
0.37926918268203735,1
0.32852819561958313,1
0.28505855798721313,1
0.3492666184902191,1
0.41631683707237244,1
0.36302244663238525,1
0.3896285891532898,1
0.39678680896759033,1
0.24145734310150146,1
0.3024899959564209,1
0.407568097114563,1
0.35388872027397156,1
0.3972967267036438,1
0.40267568826675415,1
0.3195117712020874,1
0.40495315194129944,1
0.3662757873535156,1
0.38374748826026917,1
0.4277426302433014,1
0.36331847310066223,1
0.3142124116420746,1
0.3105650842189789,1
0.3574385643005371,1
0.3011051118373871,1
0.26602423191070557,1
0.2800503671169281,1
0.38598960638046265,1
0.3224572241306305,1
0.25003933906555176,1
0.44347628951072693,1
0.4007855951786041,1
0.39168035984039307,1
0.2883392572402954,1
0.2884889841079712,1
0.36184147000312805,1
0.4013451635837555,1
0.3977382183074951,1
0.28072965145111084,1
0.339026540517807,1
0.39758265018463135,1
0.3352526128292084,1
0.35586124658584595,1
0.2777940630912781,1
0.3215864300727844,1
0.2644385099411011,1
0.2926991581916809,1
0.2389780431985855,1
0.38441091775894165,1
0.3724704384803772,1
0.31565073132514954,1
0.3015831410884857,1
0.33035460114479065,1
0.30317267775535583,1
0.5012372732162476,1
0.3594586253166199,1
0.359345942735672,1
0.340193510055542,1
0.28095370531082153,1
0.37362873554229736,1
0.27047964930534363,1
0.3510463833808899,1
0.3187585175037384,1
0.3469354510307312,1
0.2673179507255554,1
0.2988732159137726,1
0.32030659914016724,1
0.2918558120727539,1
0.42113327980041504,1
0.3185461759567261,1
0.405611127614975,1
0.4033730924129486,1
0.3626070022583008,1
0.3573721945285797,1
0.34279072284698486,1
0.4389832019805908,1
0.376354455947876,1
0.37459686398506165,1
0.5074331164360046,1
0.297585129737854,1
0.4083307385444641,1
0.2801853120326996,1
0.36266469955444336,1
0.35911306738853455,1
0.35290414094924927,1
0.34249618649482727,1
0.4979124367237091,1
0.4087727963924408,1
0.38959601521492004,1
0.29908525943756104,1
0.2878130078315735,1
0.33045685291290283,1
0.3509395122528076,1
0.32698285579681396,1
0.365304172039032,1
0.32787686586380005,1
0.44211143255233765,1
0.419416606426239,1
0.30408236384391785,1
0.3351643681526184,1
0.5001245737075806,1
0.3600548803806305,1
0.36570417881011963,1
0.4495643675327301,1
0.3768591582775116,1
0.331931471824646,1
0.26902151107788086,1
0.3127724230289459,1
0.3823205232620239,1
0.2846565246582031,1
0.4490940570831299,1
0.35101574659347534,1
0.423399418592453,1
0.3591740131378174,1
0.3876608908176422,1
0.3902188539505005,1
0.3126920759677887,1
0.3441000282764435,1
0.4586593508720398,1
0.3501904010772705,1
0.4321806728839874,1
0.33387038111686707,1
0.32047033309936523,1
0.22991883754730225,1
0.29853036999702454,1
0.29044896364212036,1
0.3227193355560303,1
0.3600255250930786,1
0.40109506249427795,1
0.3445371985435486,1
0.43751847743988037,1
0.36935967206954956,1
0.3797371983528137,1
0.3380401134490967,1
0.4125341773033142,1
0.3638595640659332,1
0.2973671555519104,1
0.3125930428504944,1
0.4050114154815674,1
0.4145396053791046,1
0.3822760581970215,1
0.4352957606315613,1
0.32695260643959045,1
0.3746300935745239,1
0.40445420145988464,1
0.4475494623184204,1
0.37811750173568726,1
0.3717772364616394,1
0.33966222405433655,1
0.28693249821662903,1
0.3522801101207733,1
0.520408570766449,1
0.3044995367527008,1
0.30623477697372437,1
0.37294912338256836,1
0.40224727988243103,1
0.28919535875320435,1
0.3009464740753174,1
0.321805864572525,1
0.2360900491476059,1
0.3364541828632355,1
0.3882811963558197,1
0.2831002473831177,1
0.5176081657409668,1
0.3047526180744171,1
0.4352237582206726,1
0.4346848428249359,1
0.36717283725738525,1
0.39036285877227783,1
0.31113201379776,1
0.40469300746917725,1
0.36879077553749084,1
0.5774161219596863,1
0.33709120750427246,1
0.3572787046432495,1
0.31967979669570923,1
0.37361857295036316,1
0.527000904083252,1
0.31955525279045105,1
0.4115979075431824,1
0.3468080163002014,1
0.3106849789619446,1
0.25367000699043274,1
0.4206043779850006,1
0.5075949430465698,1
0.30829405784606934,1
0.3644177317619324,1
0.32127514481544495,1
0.42222127318382263,1
0.33704736828804016,1
0.35993707180023193,1
0.2739655375480652,1
0.3292798399925232,1
0.3922656774520874,1
0.2821776270866394,1
0.2755955159664154,1
0.44374653697013855,1
0.3718357980251312,1
0.4597371518611908,1
0.4006252884864807,1
0.4278130531311035,1
0.4359782338142395,1
0.32390862703323364,1
0.32711148262023926,1
0.30458730459213257,1
0.4152567386627197,1
0.3508778512477875,1
0.412136435508728,1
0.22378471493721008,1
0.2754974961280823,1
0.30928394198417664,1
0.3721778988838196,1
0.4064803719520569,1
0.3840887248516083,1
0.3810965418815613,1
0.4536057412624359,1
0.3366287350654602,1
0.45505398511886597,1
0.40074679255485535,1
0.3410746455192566,1
0.29417604207992554,1
0.3288394510746002,1
0.37641826272010803,1
0.41598695516586304,1
0.4192323684692383,1
0.3935834765434265,1
0.38087332248687744,1
0.30058708786964417,1
0.3258700370788574,1
0.46368423104286194,1
0.4132659435272217,1
0.3265727460384369,1
0.3509770333766937,1
0.3086594343185425,1
0.390078067779541,1
0.4793497920036316,1
0.3148529529571533,1
0.39825499057769775,1
0.3028179407119751,1
0.28319475054740906,1
0.47515785694122314,1
0.2787402272224426,1
0.37787675857543945,1
0.3898793160915375,1
0.2791542708873749,1
0.45281097292900085,1
0.4266614317893982,1
0.3552182614803314,1
0.36400535702705383,1
0.33501777052879333,1
0.3481746315956116,1
0.3092840313911438,1
0.3387286067008972,1
0.36638182401657104,1
0.4118015468120575,1
0.23673348128795624,1
0.32877880334854126,1
0.3196818232536316,1
0.34598231315612793,1
0.333868145942688,1
0.4993951916694641,1
0.37277060747146606,1
0.3258431553840637,1
0.23512554168701172,1
0.4124930500984192,1
0.34796735644340515,1
0.3738400340080261,1
0.313331663608551,1
0.2895691692829132,1
0.34029340744018555,1
0.33992815017700195,1
0.38555049896240234,1
0.3241875171661377,1
0.46218979358673096,1
0.36240875720977783,1
0.4209026098251343,1
0.3519766628742218,1
0.21477900445461273,1
0.39670756459236145,1
0.3530360162258148,1
0.4221794307231903,1
0.4407947063446045,1
0.44239574670791626,1
0.3385463058948517,1
0.32732462882995605,1
0.3860662877559662,1
0.3782486021518707,1
0.34412482380867004,1
0.43414169549942017,1
0.3213074207305908,1
0.31190967559814453,1
0.3505650758743286,1
0.3067282438278198,1
0.29402896761894226,1
0.44131192564964294,1
0.36607226729393005,1
0.3582404851913452,1
0.3807305097579956,1
0.4437215030193329,1
0.39840906858444214,1
0.3199354410171509,1
0.32200339436531067,1
0.234385684132576,1
0.338998019695282,1
0.3133016526699066,1
0.4084353446960449,1
0.4238966703414917,1
0.44437187910079956,1
0.435685396194458,1
0.2701825797557831,1
0.2780713438987732,1
0.4035051167011261,1
0.40522754192352295,1
0.40442341566085815,1
0.3805534541606903,1
0.34615570306777954,1
0.37477555871009827,1
0.343218058347702,1
0.38909104466438293,1
0.2730754613876343,1
0.35451778769493103,1
0.26911795139312744,1
0.3823251724243164,1
0.39122363924980164,1
0.34877708554267883,1
0.36151280999183655,1
0.4798550605773926,1
0.38083696365356445,1
0.3763974905014038,1
0.369920015335083,1
0.2561434507369995,1
0.3496938943862915,1
0.5230920314788818,1
0.34442558884620667,1
0.3873492479324341,1
0.3851815164089203,1
0.30034106969833374,1
0.38631144165992737,1
0.3149162530899048,1
0.3896220028400421,1
0.460451602935791,1
0.3051648736000061,1
0.2738088369369507,1
0.22356370091438293,1
0.3438479006290436,1
0.36102667450904846,1
0.29989758133888245,1
0.47387853264808655,1
0.39557579159736633,1
0.38504400849342346,1
0.39877021312713623,1
0.29367557168006897,1
0.2719237208366394,1
0.5287661552429199,1
0.3072165548801422,1
0.47523778676986694,1
0.44573161005973816,1
0.29618585109710693,1
0.4138094186782837,1
0.323710560798645,1
0.23578454554080963,1
0.3224216103553772,1
0.3990589380264282,1
0.3274286389350891,1
0.3486560583114624,1
0.30601388216018677,1
0.36474528908729553,1
0.2692258954048157,1
0.31056544184684753,1
0.2949591875076294,1
0.4704359173774719,1
0.46188896894454956,1
0.3685465455055237,1
0.4062197506427765,1
0.28943660855293274,1
0.29442575573921204,1
0.39869147539138794,1
0.32850024104118347,1
0.27914974093437195,1
0.34702593088150024,1
0.3311595320701599,1
0.3340328335762024,1
0.26895231008529663,1
0.43268486857414246,1
0.4141849875450134,1
0.38564878702163696,1
0.2520171105861664,1
0.5509992837905884,1
0.4221155047416687,1
0.4494919180870056,1
0.3506298065185547,1
0.38434937596321106,1
0.2655743956565857,1
0.4940767288208008,1
0.3786377012729645,1
0.37658584117889404,1
0.32274556159973145,1
0.37496426701545715,1
0.3176693022251129,1
0.2833843529224396,1
0.387927770614624,1
0.3372793197631836,1
0.45019102096557617,1
0.2840195298194885,1
0.35826539993286133,1
0.3107966184616089,1
0.35947442054748535,1
0.35758453607559204,1
0.4118940830230713,1
0.3662915527820587,1
0.44047123193740845,1
0.29648175835609436,1
0.31890591979026794,1
0.33507534861564636,1
0.40791794657707214,1
0.4809918701648712,1
0.30080974102020264,1
0.38186919689178467,1
0.32451704144477844,1
0.4371284544467926,1
0.37406018376350403,1
0.41562873125076294,1
0.28096580505371094,1
0.3881688117980957,1
0.39089876413345337,1
0.4459506869316101,1
0.37796229124069214,1
0.3231959640979767,1
0.2946281135082245,1
0.265534907579422,1
0.429093599319458,1
0.34398308396339417,1
0.3119860887527466,1
0.3300148844718933,1
0.3869810700416565,1
0.39530423283576965,1
0.48232150077819824,1
0.2793066203594208,1
0.3914732336997986,1
0.39110034704208374,1
0.371147096157074,1
0.4033113420009613,1
0.42208439111709595,1
0.39389705657958984,1
0.3043603003025055,1
0.43877214193344116,1
0.3629857897758484,1
0.3848516643047333,1
0.4776402413845062,1
0.47490012645721436,1
0.29090431332588196,1
0.3215358257293701,1
0.36109137535095215,1
0.4016711711883545,1
0.272405207157135,1
0.35598623752593994,1
0.32490265369415283,1
0.3698596954345703,1
0.3258594572544098,1
0.2709009349346161,1
0.3080943822860718,1
0.3307185471057892,1
0.4327095150947571,1
0.2767062783241272,1
0.36907759308815,1
0.4502435326576233,1
0.2704628109931946,1
0.37834516167640686,1
0.42167556285858154,1
0.43199825286865234,1
0.365567684173584,1
0.4971387982368469,1
0.40873315930366516,1
0.44093057513237,1
0.3788328468799591,1
0.37089717388153076,1
0.3279930055141449,1
0.38038384914398193,1
0.2313947081565857,1
0.34329044818878174,1
0.34208646416664124,1
0.3924362063407898,1
0.45364654064178467,1
0.3357468843460083,1
0.3370608985424042,1
0.3598082661628723,1
0.4977385997772217,1
0.3024238348007202,1
0.2831282913684845,1
0.21754190325737,1
0.43147900700569153,1
0.4529833495616913,1
0.37858331203460693,1
0.2734650671482086,1
0.28815212845802307,1
0.33934563398361206,1
0.46590492129325867,1
0.3881455957889557,1
0.33048853278160095,1
0.3568297028541565,1
0.4423716068267822,1
0.43807312846183777,1
0.3044271171092987,1
0.31324055790901184,1
0.367035835981369,1
0.28973388671875,1
0.3049658536911011,1
0.37673380970954895,1
0.3574891984462738,1
0.36085641384124756,1
0.28610485792160034,1
0.3102402985095978,1
0.4774874746799469,1
0.5230758190155029,1
0.3201962113380432,1
0.26917409896850586,1
0.3029780983924866,1
0.4357941746711731,1
0.3533928096294403,1
0.3612217903137207,1
0.39178648591041565,1
0.3799239695072174,1
0.295102596282959,1
0.5194425582885742,1
0.2638586163520813,1
0.292159765958786,1
0.40128496289253235,1
0.29133474826812744,1
0.4409824013710022,1
0.34854018688201904,1
0.3863027095794678,1
0.3828594386577606,1
0.4349221885204315,1
0.39902374148368835,1
0.32274407148361206,1
0.24937455356121063,1
0.40579962730407715,1
0.29008299112319946,1
0.3959600329399109,1
0.47590112686157227,1
0.45825180411338806,1
0.38209405541419983,1
0.2684975862503052,1
0.27943146228790283,1
0.3497883081436157,1
0.3852699100971222,1
0.26133212447166443,1
0.2896410822868347,1
0.24428671598434448,1
0.3383520245552063,1
0.37353041768074036,1
0.3676101267337799,1
0.2409113198518753,1
0.4664784073829651,1
0.38360244035720825,1
0.3697071075439453,1
0.25649040937423706,1
0.3353677988052368,1
0.38660967350006104,1
0.3260068893432617,1
0.34334951639175415,1
0.34242141246795654,1
0.31841444969177246,1
0.34143131971359253,1
0.3574259281158447,1
0.3651021718978882,1
0.327412486076355,1
0.40145018696784973,1
0.33369937539100647,1
0.3612256646156311,1
0.3821612298488617,1
0.2678731083869934,1
0.2519955635070801,1
0.3846292495727539,1
0.28801846504211426,1
0.4629901051521301,1
0.3534570336341858,1
0.26970499753952026,1
0.3086848855018616,1
0.2806969881057739,1
0.4107547700405121,1
0.35724133253097534,1
0.26107972860336304,1
0.3258817195892334,1
0.31342509388923645,1
0.3558749556541443,1
0.3336741626262665,1
0.32368969917297363,1
0.2823145091533661,1
0.311695396900177,1
0.367596298456192,1
0.3406524360179901,1
0.30149024724960327,1
0.38937875628471375,1
0.3638661503791809,1
0.36267170310020447,1
0.4354832172393799,1
0.34393346309661865,1
0.605390191078186,1
0.3268652558326721,1
0.4873059391975403,1
0.391219824552536,1
0.3172839283943176,1
0.34814029932022095,1
0.3669680058956146,1
0.30716899037361145,1
0.38035348057746887,1
0.36727046966552734,1
0.3646619915962219,1
0.31611672043800354,1
0.4625749886035919,1
0.327004611492157,1
0.3423500657081604,1
0.4169134497642517,1
0.3553972840309143,1
0.34949538111686707,1
0.3301491141319275,1
0.35946670174598694,1
0.29040664434432983,1
0.3538115620613098,1
0.4244685769081116,1
0.46411100029945374,1
0.370902419090271,1
0.539109468460083,1
0.4762178361415863,1
0.28654739260673523,1
0.4082222580909729,1
0.34896355867385864,1
0.26244813203811646,1
0.2911425530910492,1
0.34405046701431274,1
0.34541401267051697,1
0.3884389102458954,1
0.3112429678440094,1
0.30870282649993896,1
0.3719671964645386,1
0.26948779821395874,1
0.3196924328804016,1
0.40798142552375793,1
0.4328460097312927,1
0.3456376791000366,1
0.38503679633140564,1
0.3251591622829437,1
0.31282034516334534,1
0.4089237451553345,1
0.3078431785106659,1
0.45901811122894287,1
0.36230260133743286,1
0.42532745003700256,1
0.34287258982658386,1
0.3701689541339874,1
0.3835124373435974,1
0.4320462644100189,1
0.2592359483242035,1
0.20389951765537262,1
0.2596919536590576,1
0.41399502754211426,1
0.39638274908065796,1
0.3138474225997925,1
0.28751063346862793,1
0.31296032667160034,1
0.3312791883945465,1
0.36018234491348267,1
0.2972283959388733,1
0.347548246383667,1
0.3021978735923767,1
0.28870442509651184,1
0.33945775032043457,1
0.33121129870414734,1
0.39693889021873474,1
0.29339390993118286,1
0.3812190294265747,1
0.4370352029800415,1
0.398968368768692,1
0.3457495868206024,1
0.3586874306201935,1
0.2430097758769989,1
0.4281328022480011,1
0.3662225306034088,1
0.5365493297576904,1
0.493338942527771,1
0.3397383689880371,1
0.35173892974853516,1
0.25283628702163696,1
0.3845804035663605,1
0.38080862164497375,1
0.3660544753074646,1
0.3982661962509155,1
0.2880045175552368,1
0.2920857071876526,1
0.28785476088523865,1
0.3929652273654938,1
0.424716055393219,1
0.4505980312824249,1
0.4662747383117676,1
0.45855242013931274,1
0.277023583650589,1
0.2841869294643402,1
0.2535438537597656,1
0.33021080493927,1
0.395754337310791,1
0.40135276317596436,1
0.21255642175674438,1
0.22733497619628906,1
0.44928857684135437,1
0.34476590156555176,1
0.2340097427368164,1
0.38442543148994446,1
0.3452364206314087,1
0.40810346603393555,1
0.3438255786895752,1
0.3044660687446594,1
0.43660610914230347,1
0.2692498564720154,1
0.3303270936012268,1
0.4132119417190552,1
0.44959086179733276,1
0.34602880477905273,1
0.44455182552337646,1
0.4074550271034241,1
0.2689692974090576,1
0.43986964225769043,1
0.2912139892578125,1
0.3031657338142395,1
0.4402393102645874,1
0.27902063727378845,1
0.38565874099731445,1
0.36753034591674805,1
0.32423126697540283,1
0.43610531091690063,1
0.3690406382083893,1
0.33119845390319824,1
0.29909247159957886,1
0.29580622911453247,1
0.48634153604507446,1
0.32201945781707764,1
0.4155166745185852,1
0.3669593334197998,1
0.4272645115852356,1
0.32758817076683044,1
0.3506355881690979,1
0.3328990042209625,1
0.3357875347137451,1
0.36003950238227844,1
0.30584263801574707,1
0.44231945276260376,1
0.3327944874763489,1
0.33560267090797424,1
0.27840352058410645,1
0.2192360907793045,1
0.2394920140504837,1
0.31316375732421875,1
0.32880815863609314,1
0.32989466190338135,1
0.4441291391849518,1
0.4549388289451599,1
0.3639593720436096,1
0.44502750039100647,1
0.269737184047699,1
0.33584582805633545,1
0.349069744348526,1
0.36227211356163025,1
0.21216273307800293,1
0.37253814935684204,1
0.34753185510635376,1
0.3016276955604553,1
0.2972135543823242,1
0.37492579221725464,1
0.31881070137023926,1
0.4226648509502411,1
0.3609558641910553,1
0.26454588770866394,1
0.35584378242492676,1
0.2602340877056122,1
0.32901889085769653,1
0.38396936655044556,1
0.3339371681213379,1
0.35539621114730835,1
0.2563939690589905,1
0.3390204906463623,1
0.4183662533760071,1
0.32754039764404297,1
0.26871439814567566,1
0.4096337556838989,1
0.4168522357940674,1
0.2652837634086609,1
0.42466920614242554,1
0.3901817202568054,1
0.6797948479652405,1
0.4571761190891266,1
0.37556877732276917,1
0.3672138452529907,1
0.44654324650764465,1
0.4584536850452423,1
0.3866378664970398,1
0.3414280414581299,1
0.37646856904029846,1
0.4546259641647339,1
0.2181626856327057,1
0.3742823004722595,1
0.30146342515945435,1
0.24188897013664246,1
0.4291302263736725,1
0.5069698691368103,1
0.3530827760696411,1
0.3799668550491333,1
0.3458176851272583,1
0.42675501108169556,1
0.32941728830337524,1
0.2820599377155304,1
0.433764785528183,1
0.3995187282562256,1
0.3219876289367676,1
0.2837746739387512,1
0.25144463777542114,1
0.3527126908302307,1
0.4701482057571411,1
0.47082990407943726,1
0.31527745723724365,1
0.34477147459983826,1
0.31552085280418396,1
0.46184152364730835,1
0.290934681892395,1
0.38566792011260986,1
0.40005528926849365,1
0.3898507356643677,1
0.3600199222564697,1
0.32662737369537354,1
0.40431228280067444,1
0.5199205875396729,1
0.5297510027885437,1
0.3500104248523712,1
0.32869356870651245,1
0.3198304772377014,1
0.5293182730674744,1
0.3714127838611603,1
0.32758772373199463,1
0.39642536640167236,1
0.30728110671043396,1
0.31015080213546753,1
0.379804790019989,1
0.2966843247413635,1
0.493796169757843,1
0.29777592420578003,1
0.33816999197006226,1
0.2528383135795593,1
0.2958885431289673,1
0.30216357111930847,1
0.409675657749176,1
0.33243557810783386,1
0.36092638969421387,1
0.412513792514801,1
0.40241146087646484,1
0.3123416006565094,1
0.3653612732887268,1
0.2776305675506592,1
0.3903561234474182,1
0.2907155156135559,1
0.36182278394699097,1
0.3228391408920288,1
0.37893909215927124,1
0.2538886070251465,1
0.3335137367248535,1
0.32924383878707886,1
0.31322214007377625,1
0.34996721148490906,1
0.3287014663219452,1
0.3909150958061218,1
0.4462766647338867,1
0.37642568349838257,1
0.44983547925949097,1
0.3479425311088562,1
0.3517887592315674,1
0.2559017241001129,1
0.3708175718784332,1
0.4310954213142395,1
0.35996562242507935,1
0.45633506774902344,1
0.3532658517360687,1
0.5276591777801514,1
0.38597553968429565,1
0.3907422423362732,1
0.30005356669425964,1
0.2994992136955261,1
0.35709986090660095,1
0.3890143036842346,1
0.36840924620628357,1
0.45243963599205017,1
0.3042254149913788,1
0.5526385307312012,1
0.3820725679397583,1
0.463858425617218,1
0.3212435841560364,1
0.4933924674987793,1
0.38821130990982056,1
0.3303573727607727,1
0.35228458046913147,1
0.44242995977401733,1
0.4401562213897705,1
0.35756340622901917,1
0.33382898569107056,1
0.3355411887168884,1
0.3568758964538574,1
0.3562237620353699,1
0.4075341522693634,1
0.3380556106567383,1
0.48281800746917725,1
0.30652105808258057,1
0.3315284252166748,1
0.31997865438461304,1
0.2755275368690491,1
0.39540591835975647,1
0.3248690664768219,1
0.3733431100845337,1
0.36374783515930176,1
0.5177096128463745,1
0.4586966633796692,1
0.3957937955856323,1
0.3476620614528656,1
0.3872931897640228,1
0.23176667094230652,1
0.468954861164093,1
0.30753570795059204,1
0.36121702194213867,1
0.317750483751297,1
0.35372841358184814,1
0.4789920449256897,1
0.3737121820449829,1
0.4042699933052063,1
0.2580825388431549,1
0.2986813187599182,1
0.3625664710998535,1
0.30312633514404297,1
0.34706640243530273,1
0.2824346721172333,1
0.26739633083343506,1
0.4944653809070587,1
0.3225012719631195,1
0.4272562265396118,1
0.4083143174648285,1
0.2962510287761688,1
0.42511850595474243,1
0.41078323125839233,1
0.30602291226387024,1
0.2987173795700073,1
0.34552446007728577,1
0.47969967126846313,1
0.37095844745635986,1
0.4163471460342407,1
0.3343135118484497,1
0.2555285692214966,1
0.4127894937992096,1
0.3943846523761749,1
0.4810580015182495,1
0.39598214626312256,1
0.32661351561546326,1
0.45968756079673767,1
0.27810531854629517,1
0.36672037839889526,1
0.26625579595565796,1
0.30009889602661133,1
0.321514755487442,1
0.35654890537261963,1
0.47041094303131104,1
0.3200843334197998,1
0.4448292553424835,1
0.4462527632713318,1
0.25560975074768066,1
0.31479865312576294,1
0.46579599380493164,1
0.3362047076225281,1
0.22536468505859375,1
0.3645577132701874,1
0.327561616897583,1
0.3086439371109009,1
0.34383878111839294,1
0.33836907148361206,1
0.33196941018104553,1
0.3534311354160309,1
0.4061180353164673,1
0.2800615131855011,1
0.3724740743637085,1
0.2158322036266327,1
0.3648565113544464,1
0.39268258213996887,1
0.3806057870388031,1
0.32472673058509827,1
0.35141342878341675,1
0.2971316874027252,1
0.3661174774169922,1
0.44217631220817566,1
0.3760761022567749,1
0.3443586230278015,1
0.39081016182899475,1
0.42187103629112244,1
0.3552677035331726,1
0.31641075015068054,1
0.3704800605773926,1
0.3829558491706848,1
0.3945953845977783,1
0.3974367380142212,1
0.3587694764137268,1
0.3449195623397827,1
0.42496436834335327,1
0.40327706933021545,1
0.4378235936164856,1
0.25723975896835327,1
0.4522886276245117,1
0.20363377034664154,1
0.35199615359306335,1
0.40076398849487305,1
0.3337893486022949,1
0.3832492232322693,1
0.41886526346206665,1
0.38621798157691956,1
0.3392164707183838,1
0.3869338631629944,1
0.3323889672756195,1
0.34005308151245117,1
0.3382858633995056,1
0.463460236787796,1
0.4359900653362274,1
0.3541939854621887,1
0.3597187399864197,1
0.31757986545562744,1
0.301774263381958,1
0.4511384963989258,1
0.40877223014831543,1
0.4414331316947937,1
0.3232111930847168,1
0.3605351150035858,1
0.4323059320449829,1
0.27511221170425415,1
0.3589439392089844,1
0.2885662019252777,1
0.40360888838768005,1
0.3295156955718994,1
0.38145220279693604,1
0.33064740896224976,1
0.4090350866317749,1
0.43488919734954834,1
0.36405831575393677,1
0.3439452052116394,1
0.39327365159988403,1
0.4345302879810333,1
0.30180588364601135,1
0.3275570273399353,1
0.4303148686885834,1
0.38327449560165405,1
0.3414325714111328,1
0.38529521226882935,1
0.24671471118927002,1
0.2811221182346344,1
0.4531914293766022,1
0.3212973177433014,1
0.26439884305000305,1
0.2930610477924347,1
0.3621847331523895,1
0.35008201003074646,1
0.3252549171447754,1
0.3674669861793518,1
0.43522822856903076,1
0.21983960270881653,1
