0.5613356828689575,1
0.5145435333251953,1
0.4901302456855774,1
0.5240387916564941,1
0.5314983129501343,1
0.48408520221710205,1
0.5187859535217285,1
0.5002214908599854,1
0.48762649297714233,1
0.6090414524078369,1
0.5191470384597778,1
0.5052255392074585,1
0.5283516049385071,1
0.5403730869293213,1
0.5028668642044067,1
0.4824444353580475,1
0.5641480088233948,1
0.5286747217178345,1
0.5520002841949463,1
0.5081127285957336,1
0.5306686758995056,1
0.5338141322135925,1
0.47519275546073914,1
0.49863201379776,1
0.5324243307113647,1
0.5716251730918884,1
0.44828370213508606,1
0.48816922307014465,1
0.5211809873580933,1
0.5308449268341064,1
0.49017348885536194,1
0.5367078185081482,1
0.5222234725952148,1
0.49175772070884705,1
0.5414674282073975,1
0.497912734746933,1
0.5321434736251831,1
0.5317158699035645,1
0.531700611114502,1
0.4859524965286255,1
0.4982701539993286,1
0.5127379298210144,1
0.48642149567604065,1
0.4958156645298004,1
0.5321019291877747,1
0.47900307178497314,1
0.5601065158843994,1
0.4876228868961334,1
0.4843486249446869,1
0.5377891659736633,1
0.5072576999664307,1
0.5432171821594238,1
0.5295146703720093,1
0.4931762218475342,1
0.5794681310653687,1
0.4951341152191162,1
0.5362530946731567,1
0.4756595492362976,1
0.532620370388031,1
0.5323153138160706,1
0.5060299634933472,1
0.5371639132499695,1
0.47159674763679504,1
0.5078892111778259,1
0.4898817241191864,1
0.5288277268409729,1
0.5621668100357056,1
0.4871976375579834,1
0.5137072801589966,1
0.5214489698410034,1
0.5254322290420532,1
0.5108449459075928,1
0.4706770181655884,1
0.5135361552238464,1
0.518883228302002,1
0.5384440422058105,1
0.4797782897949219,1
0.4802424907684326,1
0.47294867038726807,1
0.4999316930770874,1
0.4891784191131592,1
0.5211277604103088,1
0.518135666847229,1
0.49931082129478455,1
0.4976765513420105,1
0.4836529791355133,1
0.4772017300128937,1
0.4965939223766327,1
0.5155174732208252,1
0.5419866442680359,1
0.5351735353469849,1
0.47676175832748413,1
0.5202614068984985,1
0.5294267535209656,1
0.4877738356590271,1
0.44124019145965576,1
0.49732881784439087,1
0.47369518876075745,1
0.5187716484069824,1
0.5445929169654846,1
0.4747465252876282,1
0.5166628956794739,1
0.5163588523864746,1
0.515703022480011,1
0.5222431421279907,1
0.520571231842041,1
0.4819236397743225,1
0.49649447202682495,1
0.5017249584197998,1
0.5425949096679688,1
0.4391333758831024,1
0.48535260558128357,1
0.49252480268478394,1
0.4672189950942993,1
0.4824649691581726,1
0.5422157049179077,1
0.5285167694091797,1
0.5001085996627808,1
0.49426013231277466,1
0.5201196074485779,1
0.46792471408843994,1
0.4884195625782013,1
0.45819777250289917,1
0.48225516080856323,1
0.43116241693496704,1
0.5529757738113403,1
0.4729716181755066,1
0.4902310371398926,1
0.5281005501747131,1
0.5426662564277649,1
0.4972521662712097,1
0.5067057609558105,1
0.5242068767547607,1
0.4930175840854645,1
0.5058720111846924,1
0.557194173336029,1
0.5283912420272827,1
0.46543094515800476,1
0.49761688709259033,1
0.4942041039466858,1
0.5123223066329956,1
0.5018248558044434,1
0.49122685194015503,1
0.5129266977310181,1
0.5391660928726196,1
0.5396295785903931,1
0.48763325810432434,1
0.4687471091747284,1
0.4655205309391022,1
0.5037641525268555,1
0.5032291412353516,1
0.4840794503688812,1
0.49742740392684937,1
0.5000589489936829,1
0.5183525085449219,1
0.4969065487384796,1
0.5322045087814331,1
0.5089405179023743,1
0.4758493900299072,1
0.5350469350814819,1
0.4988629221916199,1
0.5119163990020752,1
0.5345410108566284,1
0.5116409063339233,1
0.5659453868865967,1
0.49335789680480957,1
0.517545223236084,1
0.5438732504844666,1
0.5562249422073364,1
0.5033842921257019,1
0.527527928352356,1
0.46729403734207153,1
0.4961121082305908,1
0.49227985739707947,1
0.520224392414093,1
0.5144974589347839,1
0.49370163679122925,1
0.5326777696609497,1
0.511516809463501,1
0.4983696937561035,1
0.534976601600647,1
0.5507985353469849,1
0.4548121690750122,1
0.5045716762542725,1
0.4832659065723419,1
0.5162948369979858,1
0.5382274389266968,1
0.5458322763442993,1
0.5245252847671509,1
0.5470364093780518,1
0.524566113948822,1
0.5697834491729736,1
0.5231191515922546,1
0.5019471645355225,1
0.5465360879898071,1
0.48402923345565796,1
0.5019699335098267,1
0.4967878758907318,1
0.5123021006584167,1
0.4904366135597229,1
0.5256955027580261,1
0.5271469354629517,1
0.5144761800765991,1
0.5100430250167847,1
0.5219119191169739,1
0.5148234963417053,1
0.4902421236038208,1
0.5427150130271912,1
0.5142326354980469,1
0.5114219188690186,1
0.5125228762626648,1
0.5168945789337158,1
0.5203301906585693,1
0.43987923860549927,1
0.4672049582004547,1
0.4991726875305176,1
0.49001961946487427,1
0.527634859085083,1
0.5496301651000977,1
0.5155467391014099,1
0.4532565474510193,1
0.49300524592399597,1
0.4816776514053345,1
0.48016461730003357,1
0.5305119752883911,1
0.5170862078666687,1
0.561164140701294,1
0.49578142166137695,1
0.5102519989013672,1
0.491274893283844,1
0.5498154759407043,1
0.5018593668937683,1
0.5116629600524902,1
0.5501992106437683,1
0.5099743008613586,1
0.5590389966964722,1
0.4902800917625427,1
0.5087159872055054,1
0.5195515155792236,1
0.4873673915863037,1
0.5084232091903687,1
0.46995532512664795,1
0.48671892285346985,1
0.4968375563621521,1
0.4594195485115051,1
0.4949953556060791,1
0.46096137166023254,1
0.5370078682899475,1
0.5389903783798218,1
0.5132710933685303,1
0.5591277480125427,1
0.5536378622055054,1
0.5075459480285645,1
0.5453945994377136,1
0.4632382392883301,1
0.5278834104537964,1
0.46848466992378235,1
0.545968770980835,1
0.5006475448608398,1
0.5061542987823486,1
0.49834588170051575,1
0.5084995627403259,1
0.4989672899246216,1
0.4982617199420929,1
0.5532675981521606,1
0.49590274691581726,1
0.5169527530670166,1
0.4896688163280487,1
0.5286687612533569,1
0.5078402161598206,1
0.5014963150024414,1
0.55645751953125,1
0.5365209579467773,1
0.48725682497024536,1
0.48831868171691895,1
0.4837252199649811,1
0.5604035258293152,1
0.5772286057472229,1
0.537506103515625,1
0.5209939479827881,1
0.5043648481369019,1
0.4464268088340759,1
0.47437429428100586,1
0.5865057706832886,1
0.4960392415523529,1
0.4864955246448517,1
0.5284353494644165,1
0.5321006774902344,1
0.5014635324478149,1
0.49541330337524414,1
0.4897213876247406,1
0.5040013790130615,1
0.5700761675834656,1
0.4740282893180847,1
0.4676463007926941,1
0.5029909610748291,1
0.5047006607055664,1
0.4483375549316406,1
0.49956193566322327,1
0.5197831988334656,1
0.44143742322921753,1
0.5336536169052124,1
0.500480055809021,1
0.524248480796814,1
0.49229681491851807,1
0.5149919986724854,1
0.4871233403682709,1
0.492368221282959,1
0.49633464217185974,1
0.5135430097579956,1
0.4813135862350464,1
0.5133859515190125,1
0.5251892805099487,1
0.4898034334182739,1
0.515807032585144,1
0.5132863521575928,1
0.5241173505783081,1
0.5371065139770508,1
0.5292059183120728,1
0.48601487278938293,1
0.49825623631477356,1
0.4903244376182556,1
0.5046610832214355,1
0.43653079867362976,1
0.5159369707107544,1
0.486778199672699,1
0.4756792187690735,1
0.4843866229057312,1
0.503822922706604,1
0.5009424686431885,1
0.4895743727684021,1
0.5440117120742798,1
0.5293121337890625,1
0.5268296003341675,1
0.4957417845726013,1
0.552066445350647,1
0.5317860841751099,1
0.5332537889480591,1
0.5369467735290527,1
0.4729246497154236,1
0.49347880482673645,1
0.4813232719898224,1
0.5443874001502991,1
0.5148223638534546,1
0.48576420545578003,1
0.4328422546386719,1
0.5877410173416138,1
0.4858003258705139,1
0.5077985525131226,1
0.450028657913208,1
0.5349981188774109,1
0.5086107850074768,1
0.5122526288032532,1
0.5129115581512451,1
0.46383821964263916,1
0.4603343904018402,1
0.5116517543792725,1
0.50370192527771,1
0.49778109788894653,1
0.516797661781311,1
0.4743359684944153,1
0.5152738094329834,1
0.5191270112991333,1
0.4306198060512543,1
0.49619460105895996,1
0.5072363615036011,1
0.5470094084739685,1
0.4895922541618347,1
0.5181500911712646,1
0.5466215014457703,1
0.5707508325576782,1
0.5673509240150452,1
0.562265932559967,1
0.4756477475166321,1
0.47141629457473755,1
0.562978208065033,1
0.486517071723938,1
0.5310615301132202,1
0.5230286121368408,1
0.506558895111084,1
0.4964621067047119,1
0.5146164894104004,1
0.5221737623214722,1
0.5144920945167542,1
0.5038520693778992,1
0.5054071545600891,1
0.4909397065639496,1
0.5109514594078064,1
0.4997336268424988,1
0.48332589864730835,1
0.48075076937675476,1
0.5317959785461426,1
0.5267171859741211,1
0.5340330600738525,1
0.5157792568206787,1
0.4986976683139801,1
0.49896788597106934,1
0.5026593804359436,1
0.5331295728683472,1
0.4876067340373993,1
0.5103060007095337,1
0.5125414133071899,1
0.5135228037834167,1
0.49691563844680786,1
0.5058459043502808,1
0.5075558423995972,1
0.4955052137374878,1
0.5148941874504089,1
0.5193058252334595,1
0.5625269412994385,1
0.4855819642543793,1
0.5322891473770142,1
0.4730973243713379,1
0.5070085525512695,1
0.49120426177978516,1
0.5270525813102722,1
0.5372195839881897,1
0.5048269033432007,1
0.49703294038772583,1
0.5391548871994019,1
0.48764628171920776,1
0.5381249189376831,1
0.4944404363632202,1
0.5241369009017944,1
0.5247275829315186,1
0.48176634311676025,1
0.5501364469528198,1
0.4979064166545868,1
0.49140796065330505,1
0.4808095097541809,1
0.5559778809547424,1
0.48294374346733093,1
0.49147042632102966,1
0.5220812559127808,1
0.4816034436225891,1
0.46514788269996643,1
0.4754677414894104,1
0.47944337129592896,1
0.5304958820343018,1
0.5566825270652771,1
0.5040292739868164,1
0.48263686895370483,1
0.5151727795600891,1
0.5038679838180542,1
0.506244421005249,1
0.4158177971839905,1
0.5065465569496155,1
0.5106600522994995,1
0.4870254695415497,1
0.5157012939453125,1
0.5320884585380554,1
0.5274688601493835,1
0.5107530355453491,1
0.4803367853164673,1
0.4668920636177063,1
0.5223598480224609,1
0.49971717596054077,1
0.52495276927948,1
0.5116275548934937,1
0.5074653625488281,1
0.47104108333587646,1
0.52359938621521,1
0.5230647921562195,1
0.510252058506012,1
0.5199881792068481,1
0.5047621726989746,1
0.5458477735519409,1
0.46181774139404297,1
0.4942627251148224,1
0.5426461696624756,1
0.48954328894615173,1
0.4821803569793701,1
0.512225866317749,1
0.5067288875579834,1
0.49637946486473083,1
0.5634702444076538,1
0.5074599385261536,1
0.4646860957145691,1
0.4810437858104706,1
0.5334668159484863,1
0.47858867049217224,1
0.47086694836616516,1
0.5344820022583008,1
0.5282585620880127,1
0.51611328125,1
0.500745415687561,1
0.49666887521743774,1
0.4711650013923645,1
0.4861084222793579,1
0.5120836496353149,1
0.550005316734314,1
0.5244171619415283,1
0.5353613495826721,1
0.4832199811935425,1
0.5059912800788879,1
0.5433316826820374,1
0.5312607288360596,1
0.45971399545669556,1
0.45393073558807373,1
0.5003228187561035,1
0.4551541805267334,1
0.4977383017539978,1
0.5086231231689453,1
0.5341699719429016,1
0.5399465560913086,1
0.5230450630187988,1
0.5424067974090576,1
0.5106039047241211,1
0.48203808069229126,1
0.5248502492904663,1
0.5855718851089478,1
0.5262027382850647,1
0.43363192677497864,1
0.5217323303222656,1
0.5139611959457397,1
0.5003289580345154,1
0.5219972729682922,1
0.5009852051734924,1
0.48712092638015747,1
0.5151538252830505,1
0.4682477116584778,1
0.5485669374465942,1
0.5185812711715698,1
0.49140462279319763,1
0.5309354066848755,1
0.5222711563110352,1
0.5099674463272095,1
0.5129290819168091,1
0.5223236083984375,1
0.5121054649353027,1
0.5107048749923706,1
0.4833279252052307,1
0.4771046042442322,1
0.4871155619621277,1
0.48923712968826294,1
0.5317010879516602,1
0.5492371916770935,1
0.5093536376953125,1
0.5001699328422546,1
0.4323274493217468,1
0.4656257927417755,1
0.5139122009277344,1
0.5210816860198975,1
0.45673704147338867,1
0.5367382764816284,1
0.5514825582504272,1
0.5137953758239746,1
0.5531140565872192,1
0.5171182155609131,1
0.49386483430862427,1
0.5133601427078247,1
0.5034427046775818,1
0.550634503364563,1
0.49830788373947144,1
0.5014871954917908,1
0.4915512204170227,1
0.49192047119140625,1
0.4607774019241333,1
0.4783859848976135,1
0.5213068723678589,1
0.5425958633422852,1
0.4843398332595825,1
0.5052535533905029,1
0.4470186233520508,1
0.4501447379589081,1
0.48311343789100647,1
0.5529748201370239,1
0.5227612257003784,1
0.5104386210441589,1
0.4825419783592224,1
0.4877428114414215,1
0.48297446966171265,1
0.4816521108150482,1
0.5050314664840698,1
0.525161862373352,1
0.498710036277771,1
0.5445073843002319,1
0.5813512206077576,1
0.46804141998291016,1
0.5028696060180664,1
0.5157566070556641,1
0.4974624812602997,1
0.5466018915176392,1
0.49209290742874146,1
0.5673788785934448,1
0.5069576501846313,1
0.5173356533050537,1
0.5708413124084473,1
0.47171860933303833,1
0.5054338574409485,1
0.5318223237991333,1
0.4923340082168579,1
0.532231867313385,1
0.5482684373855591,1
0.5374861359596252,1
0.5073188543319702,1
0.504609227180481,1
0.503267765045166,1
0.5229846239089966,1
0.5518579483032227,1
0.5374969244003296,1
0.49072378873825073,1
0.5369051098823547,1
0.4754858911037445,1
0.5290895104408264,1
0.4828983545303345,1
0.5519807934761047,1
0.5045443177223206,1
0.4954954981803894,1
0.4952186942100525,1
0.5057214498519897,1
0.464502215385437,1
0.4824056327342987,1
0.534573495388031,1
0.4924214482307434,1
0.5024552345275879,1
0.542312741279602,1
0.5321256518363953,1
0.5025939345359802,1
0.46788913011550903,1
0.5411750078201294,1
0.5300154685974121,1
0.5269967317581177,1
0.5128204822540283,1
0.5041706562042236,1
0.5025465488433838,1
0.484639048576355,1
0.5336341857910156,1
0.492891788482666,1
0.48410096764564514,1
0.5151391625404358,1
0.5248137712478638,1
0.5256264805793762,1
0.5564373731613159,1
0.5241943597793579,1
0.5392082929611206,1
0.4999590814113617,1
0.5575287342071533,1
0.516205370426178,1
0.517622709274292,1
0.4906225800514221,1
0.562784731388092,1
0.5205958485603333,1
0.506857693195343,1
0.48246055841445923,1
0.506072461605072,1
0.5065373182296753,1
0.5579410791397095,1
0.5251947641372681,1
0.49954408407211304,1
0.5181838274002075,1
0.5017563700675964,1
0.4859728515148163,1
0.5245457887649536,1
0.5143240094184875,1
0.5058726072311401,1
0.5080215930938721,1
0.49311184883117676,1
0.47993868589401245,1
0.46476370096206665,1
0.4782188832759857,1
0.5319316387176514,1
0.5078885555267334,1
0.5407012701034546,1
0.4953102469444275,1
0.5114530920982361,1
0.5706458687782288,1
0.5179386138916016,1
0.5004125833511353,1
0.5088768005371094,1
0.5482291579246521,1
0.5341469645500183,1
0.5410064458847046,1
0.545364499092102,1
0.5010218620300293,1
0.5686505436897278,1
0.5131499767303467,1
0.5221281051635742,1
0.5798423290252686,1
0.4743090569972992,1
0.5483452081680298,1
0.5115607380867004,1
0.5252882242202759,1
0.49232763051986694,1
0.49849218130111694,1
0.5120774507522583,1
0.4611321687698364,1
0.5023781657218933,1
0.5187987685203552,1
0.5049216747283936,1
0.48023176193237305,1
0.47859758138656616,1
0.5272218585014343,1
0.5665221810340881,1
0.4753519296646118,1
0.5237230062484741,1
0.47917503118515015,1
0.5014375448226929,1
0.5272023677825928,1
0.5155009031295776,1
0.5080622434616089,1
0.5055084228515625,1
0.4886380434036255,1
0.47568947076797485,1
0.4741615056991577,1
0.5261646509170532,1
0.5431292057037354,1
0.5061654448509216,1
0.48459282517433167,1
0.4916008412837982,1
0.5608590841293335,1
0.4701814651489258,1
0.4979485273361206,1
0.4696226418018341,1
0.45207488536834717,1
0.5509592890739441,1
0.5005407333374023,1
0.5096027851104736,1
0.525301456451416,1
0.4514683187007904,1
0.4931245446205139,1
0.5436921715736389,1
0.5175589323043823,1
0.5133328437805176,1
0.4988517165184021,1
0.5129266977310181,1
0.46395230293273926,1
0.4755166172981262,1
0.5646470785140991,1
0.4634777903556824,1
0.5049213767051697,1
0.5036695003509521,1
0.46589037775993347,1
0.5267316102981567,1
0.5838860869407654,1
0.5187937617301941,1
0.5096421241760254,1
0.5217071771621704,1
0.4818682372570038,1
0.48860418796539307,1
0.5250669717788696,1
0.5062496662139893,1
0.5720762014389038,1
0.5344712734222412,1
0.49826347827911377,1
0.4780351221561432,1
0.46866029500961304,1
0.528268575668335,1
0.47659921646118164,1
0.49539318680763245,1
0.47648075222969055,1
0.49569281935691833,1
0.5175052881240845,1
0.48255372047424316,1
0.4807256758213043,1
0.528161883354187,1
0.4941316545009613,1
0.5622014999389648,1
0.5182416439056396,1
0.44802337884902954,1
0.5641631484031677,1
0.5103358030319214,1
0.5156515836715698,1
0.5349217653274536,1
0.5097439289093018,1
0.46856945753097534,1
0.5074065327644348,1
0.49273592233657837,1
0.5333346128463745,1
0.4941181540489197,1
0.5397462844848633,1
0.47043514251708984,1
0.4826190173625946,1
0.5041654706001282,1
0.5650063157081604,1
0.46448183059692383,1
0.5158227682113647,1
0.4891214072704315,1
0.5007438659667969,1
0.5017722249031067,1
0.5360308289527893,1
0.5325499773025513,1
0.5124685764312744,1
0.4657873809337616,1
0.4819157123565674,1
0.4749292731285095,1
0.5034668445587158,1
0.42137670516967773,1
0.5061560273170471,1
0.4982103705406189,1
0.48469528555870056,1
0.5556155443191528,1
0.5183813571929932,1
0.5384206771850586,1
0.5135724544525146,1
0.49388617277145386,1
0.523370087146759,1
0.512682318687439,1
0.49908334016799927,1
0.5762686133384705,1
0.5311759114265442,1
0.5231630206108093,1
0.5001212954521179,1
0.52757728099823,1
0.5272371768951416,1
0.4725925028324127,1
0.5058258771896362,1
0.5034719705581665,1
0.5050907135009766,1
0.49254074692726135,1
0.4639134407043457,1
0.49956101179122925,1
0.5229323506355286,1
0.48462796211242676,1
0.4827633500099182,1
0.48711317777633667,1
0.5228771567344666,1
0.47330671548843384,1
0.5230604410171509,1
0.5651171207427979,1
0.5011754035949707,1
0.46689409017562866,1
0.4731826186180115,1
0.5225440263748169,1
0.4949776232242584,1
0.5007462501525879,1
0.48384547233581543,1
0.4670524597167969,1
0.5117888450622559,1
0.4556261897087097,1
0.5185592174530029,1
0.5130115747451782,1
0.5615386962890625,1
0.5169069766998291,1
0.5022262334823608,1
0.4886077046394348,1
0.45367300510406494,1
0.4717438519001007,1
0.46459394693374634,1
0.5324651002883911,1
0.4796299934387207,1
0.5234837532043457,1
0.4833258390426636,1
0.4823317527770996,1
0.5346912741661072,1
0.49066898226737976,1
0.5705161094665527,1
0.5261566042900085,1
0.5129585862159729,1
0.5283193588256836,1
0.5247278213500977,1
0.47078609466552734,1
0.48030367493629456,1
0.49337637424468994,1
0.5282403230667114,1
0.4849131405353546,1
0.508903443813324,1
0.5092566609382629,1
0.5337753295898438,1
0.5285001993179321,1
0.4839803874492645,1
0.4611486792564392,1
0.44417619705200195,1
0.46949636936187744,1
0.47339481115341187,1
0.5267717242240906,1
0.5136677026748657,1
0.4727408289909363,1
0.48750537633895874,1
0.4752771854400635,1
0.46296268701553345,1
0.4983184337615967,1
0.506003737449646,1
0.5091142058372498,1
0.507794976234436,1
0.558961808681488,1
0.49781543016433716,1
0.5403664112091064,1
0.5257359743118286,1
0.4806073009967804,1
0.5274982452392578,1
0.5700182318687439,1
0.5023799538612366,1
0.5345876812934875,1
0.5092118382453918,1
0.5173987746238708,1
0.5624918341636658,1
0.5195188522338867,1
0.5284367799758911,1
0.5126065611839294,1
0.4757542014122009,1
0.5298714637756348,1
0.558760404586792,1
0.5066656470298767,1
0.497535765171051,1
0.48029088973999023,1
0.5120466947555542,1
0.5188805460929871,1
0.5172297954559326,1
0.5237473249435425,1
0.46696799993515015,1
0.4728444516658783,1
0.5029123425483704,1
0.5092995762825012,1
0.49140578508377075,1
0.5579508543014526,1
0.5086060762405396,1
0.493180513381958,1
0.5025259852409363,1
0.46805909276008606,1
0.5446563959121704,1
0.5289083123207092,1
0.5576355457305908,1
0.5040297508239746,1
0.5344654321670532,1
0.5592054128646851,1
0.4551241397857666,1
0.5180821418762207,1
0.5111531615257263,1
0.5579854249954224,1
0.4997800588607788,1
0.5661485195159912,1
0.5159690380096436,1
0.5386980772018433,1
0.5460631847381592,1
0.522312581539154,1
0.5602167844772339,1
0.5322191119194031,1
0.46932825446128845,1
0.5733760595321655,1
0.45333778858184814,1
0.4728426933288574,1
0.5232201814651489,1
0.5367823839187622,1
0.498134046792984,1
0.475774884223938,1
0.4887217879295349,1
0.5247025489807129,1
0.5192590355873108,1
0.4813117980957031,1
0.5346139669418335,1
0.48587459325790405,1
0.5001077651977539,1
0.5200912356376648,1
0.5025763511657715,1
0.5109602212905884,1
0.4929489493370056,1
0.5337344408035278,1
0.47809892892837524,1
0.45258355140686035,1
0.5025641918182373,1
0.4862823486328125,1
0.4694914221763611,1
0.5380856990814209,1
0.5468648672103882,1
0.579887866973877,1
0.48282182216644287,1
0.5720667839050293,1
0.47034525871276855,1
0.5009066462516785,1
0.4881328344345093,1
0.5312224626541138,1
0.48494696617126465,1
0.48919677734375,1
0.5340564250946045,1
0.5112612247467041,1
0.5093541145324707,1
0.5601170063018799,1
0.517763614654541,1
0.5384321808815002,1
0.5123894810676575,1
0.5463230013847351,1
0.4830615520477295,1
0.5665863752365112,1
0.5205317735671997,1
0.5243912935256958,1
0.5019667148590088,1
0.4821740388870239,1
0.47736597061157227,1
0.506307065486908,1
0.4854564666748047,1
0.49004843831062317,1
0.515597403049469,1
0.5473520755767822,1
0.4849264621734619,1
0.591870903968811,1
0.4868587255477905,1
0.44095873832702637,1
0.49940556287765503,1
0.5267186760902405,1
0.48036113381385803,1
0.5279070138931274,1
0.4918227195739746,1
0.5449075698852539,1
0.4971446394920349,1
0.5628229975700378,1
0.4699670672416687,1
0.4777277708053589,1
0.5688958168029785,1
0.46469900012016296,1
0.5097579956054688,1
0.5194700360298157,1
0.4740115702152252,1
0.53046715259552,1
0.5205707550048828,1
0.5386327505111694,1
0.5457209348678589,1
0.49889445304870605,1
0.5036369562149048,1
0.4982779622077942,1
0.5033200979232788,1
0.4859853684902191,1
0.4992418885231018,1
0.4776563346385956,1
0.508606493473053,1
0.48944181203842163,1
0.5359138250350952,1
0.5193081498146057,1
0.5032798051834106,1
0.4691295325756073,1
0.5300296545028687,1
0.5166995525360107,1
0.5231043100357056,1
0.5230627059936523,1
0.4783676862716675,1
0.5528433918952942,1
0.5248966217041016,1
0.4750322997570038,1
0.47450968623161316,1
0.5254974365234375,1
0.4819887578487396,1
0.49084043502807617,1
0.477758526802063,1
0.5030784010887146,1
0.5019820928573608,1
0.5203280448913574,1
0.5476530194282532,1
0.5774614810943604,1
0.564150333404541,1
0.5050402283668518,1
0.5444103479385376,1
0.4626449644565582,1
0.5008658766746521,1
0.4994696080684662,1
0.49643030762672424,1
0.4872615337371826,1
0.5179940462112427,1
0.5347957611083984,1
0.5229179859161377,1
0.47502580285072327,1
0.5484488010406494,1
0.5008543729782104,1
0.5559180378913879,1
0.5171467661857605,1
0.5257962346076965,1
0.5177001357078552,1
0.5158167481422424,1
0.5299302339553833,1
0.49070414900779724,1
0.526250958442688,1
0.5289942026138306,1
0.509804904460907,1
0.5570845603942871,1
0.5153539180755615,1
0.5070539116859436,1
0.5037480592727661,1
0.4914058744907379,1
0.517717719078064,1
0.5024605989456177,1
0.5075743794441223,1
0.519684374332428,1
0.5159056782722473,1
0.5488681197166443,1
0.5147846937179565,1
0.515221357345581,1
0.4484594762325287,1
0.4777708053588867,1
0.47059565782546997,1
0.5098899602890015,1
0.5012896656990051,1
0.5183774828910828,1
0.5152134299278259,1
0.5058063268661499,1
0.5168647766113281,1
0.5091499090194702,1
0.5940563678741455,1
0.48716065287590027,1
0.5615537762641907,1
0.5418466329574585,1
0.513141393661499,1
0.4538767337799072,1
0.5358662009239197,1
0.47194623947143555,1
0.498403936624527,1
0.5177242755889893,1
0.46594417095184326,1
0.5219457149505615,1
0.45789533853530884,1
0.513335108757019,1
0.49966639280319214,1
0.5511093735694885,1
0.4883526563644409,1
0.5096779465675354,1
0.4969467222690582,1
0.4816780090332031,1
0.50054532289505,1
0.51424241065979,1
0.5295294523239136,1
0.534209132194519,1
0.48856955766677856,1
0.5537622570991516,1
0.5525429248809814,1
0.48161786794662476,1
0.5471600890159607,1
0.5295911431312561,1
0.5161743760108948,1
0.5232343673706055,1
0.5186171531677246,1
0.4874882102012634,1
0.5326052308082581,1
0.5237962007522583,1
0.4913049340248108,1
0.5118709802627563,1
0.4992527365684509,1
0.44670096039772034,1
0.5251251459121704,1
0.5326502919197083,1
0.49266499280929565,1
0.539709210395813,1
0.4906613826751709,1
0.5173996090888977,1
0.49663427472114563,1
0.4990379810333252,1
0.5664747357368469,1
0.5519298911094666,1
0.5335830450057983,1
0.5030438899993896,1
0.47013312578201294,1
0.4961673319339752,1
0.5061917304992676,1
0.5035601258277893,1
0.49301260709762573,1
0.48062920570373535,1
0.5340571403503418,1
0.4468291997909546,1
0.5371906757354736,1
0.5773090124130249,1
0.534247636795044,1
0.4923008382320404,1
0.5507364273071289,1
0.5509536266326904,1
0.5321545600891113,1
0.4998238980770111,1
0.4785323143005371,1
0.5040169358253479,1
0.5126721858978271,1
0.5233707427978516,1
0.4521731436252594,1
0.5097365379333496,1
0.5398806929588318,1
0.5184776186943054,1
0.4834245443344116,1
0.5013704299926758,1
0.5297618508338928,1
0.562224268913269,1
0.48743391036987305,1
0.5726349353790283,1
0.5165825486183167,1
0.4505518674850464,1
0.4981936812400818,1
0.5056253671646118,1
0.49047917127609253,1
0.5042715072631836,1
0.49955475330352783,1
0.5601245164871216,1
0.5612601041793823,1
0.5534313321113586,1
0.5537861585617065,1
0.5340317487716675,1
0.491530179977417,1
0.5092580318450928,1
0.5389946699142456,1
0.5329195857048035,1
0.5042827725410461,1
0.4909704327583313,1
0.4980815052986145,1
0.4851611256599426,1
0.5084160566329956,1
0.5216411352157593,1
0.52525794506073,1
0.5171040296554565,1
0.46505317091941833,1
0.4732673168182373,1
0.4761688709259033,1
0.49182894825935364,1
0.506497323513031,1
0.49790045619010925,1
0.533311665058136,1
0.49733874201774597,1
0.4902591109275818,1
0.5362303256988525,1
0.497372567653656,1
0.5428124666213989,1
0.5386109948158264,1
0.4664425253868103,1
0.47943639755249023,1
0.4923411011695862,1
0.5827670097351074,1
0.49366748332977295,1
0.5058363676071167,1
0.4723341166973114,1
0.5428779125213623,1
0.565354585647583,1
0.5520026683807373,1
0.5201507806777954,1
0.4686201214790344,1
0.47590744495391846,1
0.5106992721557617,1
0.4939790666103363,1
0.47883906960487366,1
0.521615207195282,1
0.4544503688812256,1
0.5368043780326843,1
0.4967610836029053,1
0.5148379802703857,1
0.5338553786277771,1
0.5303952693939209,1
0.47894176840782166,1
0.5080362558364868,1
0.4600440263748169,1
0.5260810256004333,1
0.39466771483421326,1
0.5403226613998413,1
0.5617711544036865,1
0.5077612400054932,1
0.5004453659057617,1
0.44887205958366394,1
0.4923180341720581,1
0.5288803577423096,1
0.5064367055892944,1
0.5565966367721558,1
0.5041034817695618,1
0.5782099962234497,1
0.4814184010028839,1
0.5418955087661743,1
0.4581121802330017,1
0.5356637835502625,1
0.48460566997528076,1
0.5107985138893127,1
0.5746923089027405,1
0.5368909239768982,1
0.5320168733596802,1
0.5025820136070251,1
0.5117109417915344,1
0.5501360893249512,1
0.5241631865501404,1
0.5125039219856262,1
0.511924684047699,1
0.49433809518814087,1
0.5042672157287598,1
0.5120093822479248,1
0.528107225894928,1
0.48187899589538574,1
0.42649802565574646,1
0.4841166138648987,1
0.479150652885437,1
0.4816288948059082,1
0.501816987991333,1
0.520442008972168,1
0.5257636904716492,1
0.4823535084724426,1
0.6134477853775024,1
0.4856637120246887,1
0.5095028281211853,1
0.4899093210697174,1
0.4802471399307251,1
0.4709916114807129,1
0.4837225675582886,1
0.5260716676712036,1
0.5417858362197876,1
0.5634247660636902,1
0.4933672547340393,1
0.46796083450317383,1
0.5171268582344055,1
0.4762118458747864,1
0.5692817568778992,1
0.5258249044418335,1
0.5309346914291382,1
0.49903613328933716,1
0.4832353889942169,1
0.5447368621826172,1
0.48897701501846313,1
0.5150542259216309,1
0.4795728325843811,1
0.5617903470993042,1
0.5376541018486023,1
0.5270602703094482,1
0.4798599183559418,1
0.5448362827301025,1
0.4928878843784332,1
0.5281553268432617,1
0.554836630821228,1
0.5514591932296753,1
0.4879356324672699,1
0.5281760692596436,1
0.486517071723938,1
0.4847607910633087,1
0.5127154588699341,1
0.543437659740448,1
0.505449652671814,1
0.49154767394065857,1
0.4691108763217926,1
0.4832567870616913,1
0.526134192943573,1
0.48493432998657227,1
0.42862552404403687,1
0.5327756404876709,1
0.5394684076309204,1
0.4812468886375427,1
0.5162057876586914,1
0.5393038392066956,1
0.5113679766654968,1
0.4935653805732727,1
0.5211278200149536,1
0.5303958654403687,1
0.490020215511322,1
0.46667999029159546,1
0.4646419286727905,1
0.4516039490699768,1
0.47420671582221985,1
0.47033029794692993,1
0.5318842530250549,1
0.5441127419471741,1
0.4873413145542145,1
0.48859310150146484,1
0.4856499135494232,1
0.5049533247947693,1
0.4631093144416809,1
0.5110759735107422,1
0.5402268171310425,1
0.543100118637085,1
0.5532717704772949,1
0.46832019090652466,1
0.4739295244216919,1
0.5423659086227417,1
0.4938756823539734,1
0.5540640354156494,1
0.46726715564727783,1
0.4739510416984558,1
0.521121621131897,1
0.5074045658111572,1
0.4837597608566284,1
0.5295008420944214,1
0.5170851945877075,1
0.4715777635574341,1
0.4714282751083374,1
0.5610560178756714,1
0.49843207001686096,1
0.488852858543396,1
0.4980704188346863,1
0.5095313191413879,1
0.4766470789909363,1
0.5441167950630188,1
0.46686848998069763,1
0.5260800123214722,1
0.49441224336624146,1
0.4971081614494324,1
0.4727329611778259,1
0.5125645399093628,1
0.5099903345108032,1
0.5106905698776245,1
0.5256807804107666,1
0.5124319195747375,1
0.48724043369293213,1
0.5116233229637146,1
0.4666464924812317,1
0.48945340514183044,1
0.4900152385234833,1
0.5387346744537354,1
0.4878010153770447,1
0.5400280356407166,1
0.4838724136352539,1
0.507664680480957,1
0.4684467911720276,1
0.5330581665039063,1
0.5535603761672974,1
0.5037072896957397,1
0.4791026711463928,1
0.4966329038143158,1
0.5030233860015869,1
0.5225573778152466,1
0.5091228485107422,1
0.5390586853027344,1
0.5128967761993408,1
0.5233864188194275,1
0.5033515691757202,1
0.5566158294677734,1
0.4675852954387665,1
0.506904125213623,1
0.48071029782295227,1
0.5518357753753662,1
0.47113317251205444,1
0.5604538917541504,1
0.5250604748725891,1
0.5114790201187134,1
0.4771033525466919,1
0.49104905128479004,1
0.4890289008617401,1
0.49735745787620544,1
0.5417919158935547,1
0.4811756908893585,1
0.5596555471420288,1
0.4532010555267334,1
0.5097364187240601,1
0.5852985382080078,1
0.49431172013282776,1
0.48785457015037537,1
0.4748575687408447,1
0.4632701277732849,1
0.5248165130615234,1
0.4939612150192261,1
0.49633359909057617,1
0.5122033953666687,1
0.4877970814704895,1
0.5707006454467773,1
0.4620811641216278,1
0.5118169784545898,1
0.5121461749076843,1
0.5159538984298706,1
0.46188056468963623,1
0.47809523344039917,1
0.505813479423523,1
0.4914815425872803,1
0.49495407938957214,1
0.5238451361656189,1
0.4989222586154938,1
0.5076978206634521,1
0.46277719736099243,1
0.4595555067062378,1
0.4749446511268616,1
0.4934512972831726,1
0.5193467140197754,1
0.5408033728599548,1
0.4538211226463318,1
0.5223996639251709,1
0.4676291346549988,1
0.5620669722557068,1
0.48502033948898315,1
0.5721805095672607,1
0.4996199905872345,1
0.5227929949760437,1
0.4911585748195648,1
0.4817051887512207,1
0.49160948395729065,1
0.4935248792171478,1
0.48372459411621094,1
0.5155525207519531,1
0.4489673972129822,1
0.5306624174118042,1
0.4664643406867981,1
0.5011831521987915,1
0.5475061535835266,1
0.4965878129005432,1
0.4878181219100952,1
0.47377631068229675,1
0.5335888862609863,1
0.4934094548225403,1
0.5287714004516602,1
0.5460950136184692,1
0.5215252041816711,1
0.5126661062240601,1
0.5070971250534058,1
0.5121962428092957,1
0.5560547113418579,1
0.5087297558784485,1
0.5003504753112793,1
0.5007776021957397,1
0.5347100496292114,1
0.5111601948738098,1
0.4569149613380432,1
0.532879114151001,1
0.5362416505813599,1
0.4908851683139801,1
0.5275888442993164,1
0.49420326948165894,1
0.5137147903442383,1
0.4294848144054413,1
0.48874926567077637,1
0.4724653959274292,1
0.5089375376701355,1
0.45908409357070923,1
0.5310348272323608,1
0.5595601797103882,1
0.5490248203277588,1
0.49213486909866333,1
0.4871448874473572,1
0.5289372205734253,1
0.4845047891139984,1
0.5356279015541077,1
0.499462366104126,1
0.5536874532699585,1
0.4926658868789673,1
0.5091075897216797,1
0.5456415414810181,1
0.5778206586837769,1
0.5320063829421997,1
0.5314134359359741,1
0.5160708427429199,1
0.5005573034286499,1
0.5235376954078674,1
0.4711418151855469,1
0.5335110425949097,1
0.537108302116394,1
0.46633273363113403,1
0.49615296721458435,1
0.535690188407898,1
0.5263357162475586,1
0.4978191554546356,1
0.5078083872795105,1
0.49037468433380127,1
0.528602659702301,1
0.5168040990829468,1
0.5451462268829346,1
0.5331614017486572,1
0.505621612071991,1
0.47618386149406433,1
0.5301661491394043,1
0.5308526754379272,1
0.5145082473754883,1
0.49155980348587036,1
0.5006251931190491,1
0.532725989818573,1
0.5139596462249756,1
0.4657573401927948,1
0.5094473361968994,1
0.4548524022102356,1
0.5325601100921631,1
0.47483357787132263,1
0.5438656210899353,1
0.4973888397216797,1
0.5349177718162537,1
0.5048676133155823,1
0.4916675090789795,1
0.5758769512176514,1
0.5416185855865479,1
0.5542625188827515,1
0.5512539744377136,1
0.5493687391281128,1
0.4997424781322479,1
0.5487827062606812,1
0.5712825059890747,1
0.5498599410057068,1
0.5308646559715271,1
0.5021454095840454,1
0.5219958424568176,1
0.5227370262145996,1
0.5406858921051025,1
0.4839017987251282,1
0.5243405103683472,1
0.5386667251586914,1
0.5131794810295105,1
0.49527350068092346,1
0.5109463930130005,1
0.47920507192611694,1
0.49715879559516907,1
0.5479676723480225,1
0.4792037904262543,1
0.476955771446228,1
0.4674706757068634,1
0.5699889063835144,1
0.5216922163963318,1
0.5616750717163086,1
0.4950191378593445,1
0.5060412287712097,1
0.4678768813610077,1
0.5231733918190002,1
0.4696956276893616,1
0.527902364730835,1
0.5378320217132568,1
0.5112493634223938,1
0.5354017019271851,1
0.4888446629047394,1
0.4887341856956482,1
0.4985055923461914,1
0.4858214855194092,1
0.45190125703811646,1
0.43220755457878113,1
0.5129876136779785,1
0.523040235042572,1
0.5734323263168335,1
0.44086629152297974,1
0.46575313806533813,1
0.4906162619590759,1
0.5213257670402527,1
0.4667145013809204,1
0.49469685554504395,1
0.5107343196868896,1
0.490371972322464,1
0.5004713535308838,1
0.5549274682998657,1
0.47699978947639465,1
0.5383123755455017,1
0.4794747233390808,1
0.5140430927276611,1
0.5240706205368042,1
0.527551531791687,1
0.4870153069496155,1
0.4588034749031067,1
0.5130460858345032,1
0.4876331388950348,1
0.4981539249420166,1
0.5460283756256104,1
0.5602250099182129,1
0.5230726003646851,1
0.5154054164886475,1
0.4977279603481293,1
0.5172234177589417,1
0.5261940956115723,1
0.5233234167098999,1
0.515195369720459,1
0.4889317750930786,1
0.5223474502563477,1
0.530380129814148,1
0.5617747902870178,1
0.5763723850250244,1
0.5372635722160339,1
0.5041294097900391,1
0.510429859161377,1
0.5222737193107605,1
0.4949498176574707,1
0.519741952419281,1
0.4519759714603424,1
0.4820699095726013,1
0.5131648778915405,1
0.5374079942703247,1
0.5007040500640869,1
0.5014430284500122,1
0.5486897826194763,1
0.48546749353408813,1
0.4982910752296448,1
0.5459730625152588,1
0.5215095281600952,1
0.5144400596618652,1
0.48679468035697937,1
0.49863529205322266,1
0.5600703358650208,1
0.5116046667098999,1
0.49335888028144836,1
0.4479615092277527,1
0.47561338543891907,1
0.5214990377426147,1
0.5048743486404419,1
0.5763435363769531,1
0.5131219625473022,1
0.49925631284713745,1
0.526603639125824,1
0.5240015387535095,1
0.5468791723251343,1
0.47625744342803955,1
0.5007052421569824,1
0.4575296640396118,1
0.48966217041015625,1
0.46149060130119324,1
0.5284558534622192,1
0.49661120772361755,1
0.45315706729888916,1
0.486142635345459,1
0.5626931190490723,1
0.49961334466934204,1
0.46033382415771484,1
0.47335436940193176,1
0.5159440040588379,1
0.5370684266090393,1
0.49322402477264404,1
0.4953608512878418,1
0.46876126527786255,1
0.5204065442085266,1
0.5041636228561401,1
0.494956374168396,1
0.4973468780517578,1
0.5130254030227661,1
0.5090057253837585,1
0.5727652311325073,1
0.5312802791595459,1
0.4578796625137329,1
0.46955567598342896,1
0.5156526565551758,1
0.5149097442626953,1
0.4780624508857727,1
0.5139651298522949,1
0.532520055770874,1
0.4321519732475281,1
0.5379979610443115,1
0.533109188079834,1
0.5227380394935608,1
0.5045961141586304,1
0.4140128493309021,1
0.4767225384712219,1
0.5184143781661987,1
0.5758501291275024,1
0.46592894196510315,1
0.4923030436038971,1
0.5117034316062927,1
0.5148165225982666,1
0.5287861824035645,1
0.47684478759765625,1
0.5048754215240479,1
0.5152101516723633,1
0.5047993659973145,1
0.4808717370033264,1
0.4959067106246948,1
0.503631591796875,1
0.5335784554481506,1
0.5225021839141846,1
0.5134884119033813,1
0.5298507213592529,1
0.44398263096809387,1
0.49024900794029236,1
0.5323046445846558,1
0.5415245294570923,1
0.498206228017807,1
0.49305272102355957,1
0.5016433000564575,1
0.5067799091339111,1
0.5047513842582703,1
0.5038672685623169,1
0.5208742618560791,1
0.5182395577430725,1
0.47168973088264465,1
0.513843297958374,1
0.47847655415534973,1
0.45928484201431274,1
0.5085890889167786,1
0.5352901220321655,1
0.47134414315223694,1
0.5751076936721802,1
0.5143606662750244,1
0.44873765110969543,1
0.4824909567832947,1
0.553749680519104,1
0.46609652042388916,1
0.4923294186592102,1
0.4902857542037964,1
0.4882549047470093,1
0.5106626152992249,1
0.5400075912475586,1
0.5325807332992554,1
0.505859911441803,1
0.4917117953300476,1
0.5432010889053345,1
0.49038949608802795,1
0.5179001092910767,1
0.5187183022499084,1
0.5226215720176697,1
0.5221729874610901,1
0.4997430443763733,1
0.5344340205192566,1
0.5342451333999634,1
0.5418965816497803,1
0.5117738246917725,1
0.49103063344955444,1
0.49330422282218933,1
0.47828638553619385,1
0.5164154767990112,1
0.49668142199516296,1
0.5253640413284302,1
0.4940652847290039,1
0.5394735932350159,1
0.4752192497253418,1
0.5075118541717529,1
0.5288634300231934,1
0.49869304895401,1
0.5238133668899536,1
0.5076674222946167,1
0.4979017376899719,1
0.4689696431159973,1
0.5012578964233398,1
0.49909353256225586,1
0.48543989658355713,1
0.5067911744117737,1
0.5146591663360596,1
0.5560142397880554,1
0.5118341445922852,1
0.5425529479980469,1
0.4972325265407562,1
0.53497314453125,1
0.5120622515678406,1
0.5426774024963379,1
0.48359382152557373,1
0.4645001292228699,1
0.47449827194213867,1
0.4841475188732147,1
0.482636034488678,1
0.48938775062561035,1
0.5229682922363281,1
0.4662638306617737,1
0.5446164608001709,1
0.5130728483200073,1
0.457058846950531,1
0.5023106336593628,1
0.5429890155792236,1
0.5231426954269409,1
0.5364265441894531,1
0.4907907247543335,1
0.5051288604736328,1
0.5095166563987732,1
0.5379310846328735,1
0.4844222366809845,1
0.4775203466415405,1
0.4809425473213196,1
0.49996471405029297,1
0.5024847984313965,1
0.4817659854888916,1
0.5093598961830139,1
0.5117232203483582,1
0.45276939868927,1
0.5677918195724487,1
0.4884607195854187,1
0.527942419052124,1
0.5226140022277832,1
0.5394614934921265,1
0.5470439195632935,1
0.49594759941101074,1
0.45075052976608276,1
0.5521489977836609,1
0.4704565405845642,1
0.5345107316970825,1
0.5359596014022827,1
0.5387235879898071,1
0.4678731858730316,1
0.5120909214019775,1
0.4817991256713867,1
0.4800661504268646,1
0.48884642124176025,1
0.522740364074707,1
0.4991160035133362,1
0.4903325140476227,1
0.4990098774433136,1
0.5081429481506348,1
0.49208638072013855,1
0.5214100480079651,1
0.45636481046676636,1
0.47754523158073425,1
0.4773021340370178,1
0.520248532295227,1
0.5253734588623047,1
0.508716881275177,1
0.49238359928131104,1
0.4829775094985962,1
0.5553069710731506,1
0.49616867303848267,1
0.5031936764717102,1
0.5583808422088623,1
0.4778915345668793,1
0.5227236747741699,1
0.5125819444656372,1
0.4930361211299896,1
0.5240339636802673,1
0.48951348662376404,1
0.5493713021278381,1
0.50944983959198,1
0.4627460241317749,1
0.5595564842224121,1
0.4675583839416504,1
0.514286994934082,1
0.4592464566230774,1
0.4691616892814636,1
0.5072363615036011,1
0.46601760387420654,1
0.5456328988075256,1
0.5058441162109375,1
0.5107704401016235,1
0.4741494953632355,1
0.49424099922180176,1
0.49416282773017883,1
0.5246846079826355,1
0.5442862510681152,1
0.48083484172821045,1
0.5669474601745605,1
0.49817851185798645,1
0.5484294295310974,1
0.4389972686767578,1
0.5593112111091614,1
0.47472578287124634,1
0.4773610532283783,1
0.5226149559020996,1
0.49525222182273865,1
0.4836546778678894,1
0.5223003625869751,1
0.4969998002052307,1
0.511504590511322,1
0.5139924883842468,1
0.5086771249771118,1
0.5308691263198853,1
0.5302705764770508,1
0.4900089502334595,1
0.4906800091266632,1
0.49717795848846436,1
0.4819895029067993,1
0.5055763721466064,1
0.4826928377151489,1
0.5006957650184631,1
0.5092355012893677,1
0.5140203833580017,1
0.4569088816642761,1
0.5127071142196655,1
0.519496500492096,1
0.5341212749481201,1
0.5315507650375366,1
0.5133916735649109,1
0.5226247310638428,1
0.48482340574264526,1
0.5443015098571777,1
0.4845614731311798,1
0.5453870296478271,1
0.5003259181976318,1
0.4858991205692291,1
0.49820077419281006,1
0.5330103635787964,1
0.4866656959056854,1
0.5096473097801208,1
0.44707903265953064,1
0.5057079195976257,1
0.6107324361801147,1
0.4807726740837097,1
0.4441274404525757,1
0.5155341625213623,1
0.530210018157959,1
0.5383365750312805,1
0.5179886817932129,1
0.5118605494499207,1
0.5552172660827637,1
0.461853563785553,1
0.4883299171924591,1
0.48263704776763916,1
0.48298269510269165,1
0.5078412294387817,1
0.5100013017654419,1
0.5020041465759277,1
0.4998270571231842,1
0.5117090940475464,1
0.5203642249107361,1
0.5105575323104858,1
0.5242257118225098,1
0.5129722356796265,1
0.5308380126953125,1
0.5212802290916443,1
0.544141948223114,1
0.4710540175437927,1
0.43828678131103516,1
0.5627391934394836,1
0.453300416469574,1
0.5068709850311279,1
0.4789573848247528,1
0.5143385529518127,1
0.4823174476623535,1
0.5440337657928467,1
0.48249733448028564,1
0.48727935552597046,1
0.5179948806762695,1
0.5053921341896057,1
0.5467346906661987,1
0.507542610168457,1
0.5059058666229248,1
0.5106676816940308,1
0.4956231713294983,1
0.5226420164108276,1
0.4635046720504761,1
0.5580755472183228,1
0.532480001449585,1
0.5777323246002197,1
0.5406275391578674,1
0.46046870946884155,1
0.45164817571640015,1
0.5467828512191772,1
0.48360544443130493,1
0.4700634479522705,1
0.5226477980613708,1
0.49571847915649414,1
0.5364611148834229,1
0.5530540347099304,1
0.5728977918624878,1
0.5272055268287659,1
0.4443444609642029,1
0.5478476285934448,1
0.528658390045166,1
0.4964929223060608,1
0.5434978604316711,1
0.49991703033447266,1
0.5217505097389221,1
0.48224472999572754,1
0.4861319363117218,1
0.4936281740665436,1
0.5320440530776978,1
0.5265566110610962,1
0.5070419311523438,1
0.5063519477844238,1
0.5422766208648682,1
0.5239382982254028,1
0.49760568141937256,1
0.5453472137451172,1
0.464528352022171,1
0.540425717830658,1
0.47931697964668274,1
0.47695040702819824,1
0.5368058085441589,1
0.4587637186050415,1
0.4961910843849182,1
0.4946313500404358,1
0.5273733139038086,1
0.46790811419487,1
0.564430296421051,1
0.48091185092926025,1
0.521971583366394,1
0.5306692123413086,1
0.5402704477310181,1
0.4532347321510315,1
0.5235855579376221,1
0.5077903270721436,1
0.48294001817703247,1
0.504855751991272,1
0.5072396397590637,1
0.5025426149368286,1
0.5439683198928833,1
0.5134600400924683,1
0.49561676383018494,1
0.5138002634048462,1
0.4703060984611511,1
0.5300472974777222,1
0.5019192099571228,1
0.4589846730232239,1
0.478185772895813,1
0.5680570602416992,1
0.5146341919898987,1
0.48173338174819946,1
0.4850482940673828,1
0.5087605118751526,1
0.5173854827880859,1
0.5017954111099243,1
0.4752280116081238,1
0.5254776477813721,1
0.5169023275375366,1
0.5135108232498169,1
0.4747801125049591,1
0.48754435777664185,1
0.5291450023651123,1
0.5214389562606812,1
0.5143553018569946,1
0.4785078465938568,1
0.47487902641296387,1
0.5493094325065613,1
0.5031231045722961,1
0.49195489287376404,1
0.5238310694694519,1
0.4994350075721741,1
0.5329872965812683,1
0.46408161520957947,1
0.47764185070991516,1
0.44864994287490845,1
0.5377918481826782,1
0.47999680042266846,1
0.5153932571411133,1
0.4904366731643677,1
0.49209365248680115,1
0.4733368158340454,1
0.4972950220108032,1
0.48885130882263184,1
0.5358015894889832,1
0.4784243702888489,1
0.49069052934646606,1
0.4545419216156006,1
0.5596672296524048,1
0.5018697381019592,1
0.5026285648345947,1
0.5519322156906128,1
0.5132274627685547,1
0.4903912842273712,1
0.5244815349578857,1
0.48815298080444336,1
0.5292943716049194,1
0.4805801212787628,1
0.4559740722179413,1
0.4999997317790985,1
0.5366512537002563,1
0.46691417694091797,1
0.5260770916938782,1
0.5373907089233398,1
0.5081923604011536,1
0.528244137763977,1
0.47611743211746216,1
0.4824120104312897,1
0.5545563101768494,1
0.5159148573875427,1
0.525971531867981,1
0.47792577743530273,1
0.5191463232040405,1
0.5371091365814209,1
0.4962829053401947,1
0.4789252281188965,1
0.5293236970901489,1
0.5748655200004578,1
0.49573835730552673,1
0.4987614154815674,1
0.503230094909668,1
0.5043270587921143,1
0.5207763910293579,1
0.4960950016975403,1
0.49174121022224426,1
0.5049101114273071,1
0.5234261751174927,1
0.5900874733924866,1
0.495822012424469,1
0.5497179627418518,1
0.4675061106681824,1
0.4834873080253601,1
0.4658842086791992,1
0.4948805570602417,1
0.4932192862033844,1
0.5733458995819092,1
0.49030953645706177,1
0.5476271510124207,1
0.5059048533439636,1
0.4871402382850647,1
0.5291932821273804,1
0.4567881226539612,1
0.5347093343734741,1
0.5730319023132324,1
0.4515514075756073,1
0.5099540948867798,1
0.4936593770980835,1
0.5558393001556396,1
0.5123822093009949,1
0.5286179184913635,1
0.5059632062911987,1
0.5117809772491455,1
0.5366414785385132,1
0.48384323716163635,1
0.5620834231376648,1
0.46187329292297363,1
0.49660924077033997,1
0.5347323417663574,1
0.5297871828079224,1
0.5243421792984009,1
0.5049232840538025,1
0.4740544557571411,1
0.5062925219535828,1
0.48970115184783936,1
0.5095672011375427,1
0.5063487887382507,1
0.5503841638565063,1
0.5176166296005249,1
0.5674382448196411,1
0.5437993407249451,1
0.5481624603271484,1
0.4477612376213074,1
0.496235191822052,1
0.4789080321788788,1
0.468255877494812,1
0.5165271162986755,1
0.48404985666275024,1
0.5109661817550659,1
0.4577556848526001,1
0.49513840675354004,1
0.460360586643219,1
0.5518919229507446,1
0.5305335521697998,1
0.5308594107627869,1
0.4995841681957245,1
0.5606183409690857,1
0.48770272731781006,1
0.5623072385787964,1
0.5062819719314575,1
0.4854075312614441,1
0.5012651681900024,1
0.5070388317108154,1
0.4860170781612396,1
0.5392324328422546,1
0.5511762499809265,1
0.5438368916511536,1
0.515595018863678,1
0.5115322470664978,1
0.4804716110229492,1
0.511404275894165,1
0.5528950691223145,1
0.4970461130142212,1
0.530897855758667,1
0.5192921757698059,1
0.5099954605102539,1
0.4778355062007904,1
0.5466886758804321,1
0.4878416955471039,1
0.5468971133232117,1
0.5446000099182129,1
0.49325037002563477,1
0.4855199456214905,1
0.47553551197052,1
0.48678138852119446,1
0.579035758972168,1
0.509808361530304,1
0.5121049284934998,1
0.4345017075538635,1
0.5634912252426147,1
0.505039393901825,1
0.48348701000213623,1
0.506954550743103,1
0.5075822472572327,1
0.4858265817165375,1
0.5149551033973694,1
0.5524102449417114,1
0.4981023073196411,1
0.4847584068775177,1
0.4690236449241638,1
0.49986031651496887,1
0.5802494883537292,1
0.5354663133621216,1
0.5648049712181091,1
0.4963541030883789,1
0.4854821264743805,1
0.5575259923934937,1
0.5013270378112793,1
0.4949674904346466,1
0.5207539796829224,1
0.5541815757751465,1
0.5083508491516113,1
0.527668833732605,1
0.5011188387870789,1
0.5184589624404907,1
0.5019376277923584,1
0.541130542755127,1
0.5165828466415405,1
0.5391287207603455,1
0.48204705119132996,1
0.49318554997444153,1
0.5286685228347778,1
0.5179567337036133,1
0.5404156446456909,1
0.47216010093688965,1
0.5533840656280518,1
0.513857901096344,1
0.5088127851486206,1
0.5113979578018188,1
0.5376343131065369,1
0.5299052596092224,1
0.5260566473007202,1
0.5230356454849243,1
0.5194306373596191,1
0.493842214345932,1
0.49863576889038086,1
0.5274637937545776,1
0.49764084815979004,1
0.5197155475616455,1
0.5441646575927734,1
0.5773041248321533,1
0.5203489661216736,1
0.4964256286621094,1
0.4832310378551483,1
0.5088158845901489,1
0.5495404005050659,1
0.5235365629196167,1
0.4906747341156006,1
0.4948316216468811,1
0.4828915297985077,1
0.4902537763118744,1
0.4908612370491028,1
0.4480546712875366,1
0.5032235383987427,1
0.525070309638977,1
0.5461792945861816,1
0.5057463049888611,1
0.48884162306785583,1
0.5173670053482056,1
0.5580699443817139,1
0.5804659128189087,1
0.4978443384170532,1
0.43549156188964844,1
0.5216586589813232,1
0.4650439918041229,1
0.49280452728271484,1
0.5038502216339111,1
0.521491527557373,1
0.5188429355621338,1
0.5110652446746826,1
0.4692731499671936,1
0.545738697052002,1
0.4715675115585327,1
0.4996921122074127,1
0.4837394952774048,1
0.520143449306488,1
0.5336065888404846,1
0.5243738889694214,1
0.4764285385608673,1
0.46722614765167236,1
0.5199655294418335,1
0.4866728186607361,1
0.5155534744262695,1
0.5510905981063843,1
0.5009382963180542,1
0.544539213180542,1
0.460811048746109,1
0.5011366605758667,1
0.48782700300216675,1
0.5306915640830994,1
0.46458399295806885,1
0.5037358999252319,1
0.4974026381969452,1
0.5079877376556396,1
0.5366273522377014,1
0.5274693965911865,1
0.5366537570953369,1
0.4966660141944885,1
0.5125879049301147,1
0.5254490375518799,1
0.48977571725845337,1
0.44557130336761475,1
0.5640944838523865,1
0.47886091470718384,1
0.5119799375534058,1
0.5083740949630737,1
0.5572483539581299,1
0.49134361743927,1
0.5252693891525269,1
0.5425499677658081,1
0.49903005361557007,1
0.5157042741775513,1
0.5244119763374329,1
0.5472322702407837,1
0.4955700933933258,1
0.5624556541442871,1
0.4786808490753174,1
0.5272460579872131,1
0.48982542753219604,1
0.45091700553894043,1
0.493277907371521,1
0.4982109069824219,1
0.4971044659614563,1
0.4685152769088745,1
0.5222797989845276,1
0.5621724724769592,1
0.47717341780662537,1
0.5088658928871155,1
0.47271087765693665,1
0.4734687805175781,1
0.5253552198410034,1
0.5517879128456116,1
0.5309840440750122,1
0.4829249083995819,1
0.4995880126953125,1
0.5067772269248962,1
0.49002569913864136,1
0.5022817254066467,1
0.4892730116844177,1
0.5321054458618164,1
0.5406051874160767,1
0.5592774152755737,1
0.5014444589614868,1
0.5410856008529663,1
0.5275746583938599,1
0.5421913266181946,1
0.5047882795333862,1
0.49924105405807495,1
0.5589346885681152,1
0.5216559767723083,1
0.5180883407592773,1
0.5185534358024597,1
0.5214682817459106,1
0.48537319898605347,1
0.5401078462600708,1
0.4738019108772278,1
0.4645277261734009,1
0.5426416397094727,1
0.5113153457641602,1
0.5207406282424927,1
0.4769638776779175,1
0.573083221912384,1
0.49555879831314087,1
0.5535598397254944,1
0.5357158184051514,1
0.47360384464263916,1
0.5058753490447998,1
0.5225333571434021,1
0.5029423236846924,1
0.50009685754776,1
0.49184727668762207,1
0.5011796355247498,1
0.5435588359832764,1
0.5257530212402344,1
0.5072628259658813,1
0.5355197191238403,1
0.4666156768798828,1
0.51631098985672,1
0.5339211821556091,1
0.5036938190460205,1
0.5003061890602112,1
0.5015919208526611,1
0.511191725730896,1
0.5679308176040649,1
0.5065033435821533,1
0.535132884979248,1
0.5079805850982666,1
0.46109747886657715,1
0.45753929018974304,1
0.46645402908325195,1
0.4920760989189148,1
0.4978138208389282,1
0.5377448201179504,1
0.5383020639419556,1
0.5410566926002502,1
0.5322140455245972,1
0.4541582763195038,1
0.5142236351966858,1
0.48013556003570557,1
0.5182614922523499,1
0.5126311779022217,1
0.4773992598056793,1
0.4714057743549347,1
0.48154309391975403,1
0.5097658038139343,1
0.5381045341491699,1
0.4443759620189667,1
0.49404647946357727,1
0.5347878336906433,1
0.5031202435493469,1
0.5581698417663574,1
0.4595673680305481,1
0.5235663056373596,1
0.4897589087486267,1
0.44708025455474854,1
0.47880083322525024,1
0.4975791573524475,1
0.515023946762085,1
0.537948489189148,1
0.4999893605709076,1
0.5352810025215149,1
0.5629860162734985,1
0.5074965953826904,1
0.4696793556213379,1
0.5014713406562805,1
0.5367002487182617,1
0.5155166387557983,1
0.48619532585144043,1
0.5009451508522034,1
0.5399935841560364,1
0.471093088388443,1
0.5413996577262878,1
0.4653295874595642,1
0.48472169041633606,1
0.5162123441696167,1
0.5750468969345093,1
0.5056775808334351,1
0.5051289796829224,1
0.5397258996963501,1
0.4928044378757477,1
0.5204428434371948,1
0.4992556869983673,1
0.522193968296051,1
0.5046662092208862,1
0.5212678909301758,1
0.5352771282196045,1
0.5377035140991211,1
0.4934992790222168,1
0.5346078872680664,1
0.5131926536560059,1
0.5468429923057556,1
0.5225098729133606,1
0.46677732467651367,1
0.5228774547576904,1
0.5126315355300903,1
0.5102991461753845,1
0.5611937046051025,1
0.5463751554489136,1
0.533660888671875,1
0.5064222812652588,1
0.4611232280731201,1
0.5711277723312378,1
0.4701137840747833,1
0.49049457907676697,1
0.5553439855575562,1
0.5377370119094849,1
0.5816892385482788,1
0.46540385484695435,1
0.5410842895507813,1
0.4766312539577484,1
0.5162711143493652,1
0.512793779373169,1
0.5236234664916992,1
0.502865731716156,1
0.511095404624939,1
0.5016323328018188,1
0.48266732692718506,1
0.5024361610412598,1
0.4877800941467285,1
0.49575263261795044,1
0.5122867822647095,1
0.513136625289917,1
0.5216347575187683,1
0.5485239028930664,1
0.5088781714439392,1
0.5280215740203857,1
0.4867192208766937,1
0.5489239692687988,1
0.5058378577232361,1
0.5793126821517944,1
0.5151315927505493,1
0.4801582098007202,1
0.5399839282035828,1
0.50635826587677,1
0.5323251485824585,1
0.5307756662368774,1
0.5291677117347717,1
0.5310767889022827,1
0.5138844847679138,1
0.4811050295829773,1
0.5232574343681335,1
0.5106291174888611,1
0.5195565223693848,1
0.5332943201065063,1
0.48008212447166443,1
0.5180822610855103,1
0.5597869157791138,1
0.537966251373291,1
0.5573582649230957,1
0.48870670795440674,1
0.5152806639671326,1
0.5219511389732361,1
0.5531200766563416,1
0.49069592356681824,1
0.5181179046630859,1
0.5166990756988525,1
0.5248793363571167,1
0.4799346923828125,1
0.4583211839199066,1
0.47690549492836,1
0.5075147151947021,1
0.5208100080490112,1
0.4916876256465912,1
0.49336397647857666,1
0.46339792013168335,1
0.5244619846343994,1
0.4931727647781372,1
0.5162820219993591,1
0.4825703799724579,1
0.5119757652282715,1
0.5240737199783325,1
0.5092489719390869,1
0.47575899958610535,1
0.49821361899375916,1
0.585455060005188,1
0.48455068469047546,1
0.4678973853588104,1
0.5004703998565674,1
0.5421390533447266,1
0.4749440550804138,1
0.4961547255516052,1
0.46325892210006714,1
0.5230202674865723,1
0.4719856381416321,1
0.496044784784317,1
0.514366626739502,1
0.48223569989204407,1
0.5584758520126343,1
0.5172659158706665,1
0.5372664928436279,1
0.48657792806625366,1
0.5450237989425659,1
0.5243817567825317,1
0.5120218396186829,1
0.5087645053863525,1
0.47310248017311096,1
0.4834885001182556,1
0.5244669914245605,1
0.5112348794937134,1
0.5514323711395264,1
0.4484076499938965,1
0.4712032675743103,1
0.5034773349761963,1
0.5070023536682129,1
0.49224406480789185,1
0.4884372353553772,1
0.478691965341568,1
0.5085442066192627,1
0.46570587158203125,1
0.5420687198638916,1
0.4729776382446289,1
0.5169622302055359,1
0.4909156560897827,1
0.46764642000198364,1
0.5854206681251526,1
0.4897664189338684,1
0.5489832758903503,1
0.46454134583473206,1
0.48767364025115967,1
0.5478684306144714,1
0.48690587282180786,1
0.5134100317955017,1
0.5014674663543701,1
0.530928373336792,1
0.5201257467269897,1
0.4700516164302826,1
0.4989463686943054,1
0.5380348563194275,1
0.4823499023914337,1
0.494308203458786,1
0.5346435904502869,1
0.5473039746284485,1
0.4775373339653015,1
0.5067556500434875,1
0.4770934581756592,1
0.5171924829483032,1
0.49264293909072876,1
0.4915379285812378,1
0.5384153723716736,1
0.5516394376754761,1
0.5103796720504761,1
0.5162633657455444,1
0.5159798860549927,1
0.5553106069564819,1
0.4953022301197052,1
0.5132840275764465,1
0.527262806892395,1
0.512420654296875,1
0.46770310401916504,1
0.4806748032569885,1
0.5040913820266724,1
0.5239226818084717,1
0.554894745349884,1
0.500896692276001,1
0.49739697575569153,1
0.5608595609664917,1
0.49520766735076904,1
0.4494958519935608,1
0.49896228313446045,1
0.5060174465179443,1
0.4952496886253357,1
0.5181566476821899,1
0.49921008944511414,1
0.4653056859970093,1
0.4840475618839264,1
0.5276880264282227,1
0.5205917954444885,1
0.557490348815918,1
0.49400094151496887,1
0.5454258918762207,1
0.542052149772644,1
0.5315890312194824,1
0.46818870306015015,1
0.5507873892784119,1
0.5787551999092102,1
0.49190229177474976,1
0.5173648595809937,1
0.500512421131134,1
0.5302106142044067,1
0.5319352746009827,1
0.5133564472198486,1
0.4763219952583313,1
0.5216320753097534,1
0.5095679759979248,1
0.4925663471221924,1
0.5108795762062073,1
0.48713815212249756,1
0.5209871530532837,1
0.5256049036979675,1
0.46277469396591187,1
0.4876938760280609,1
0.47689390182495117,1
0.5717393159866333,1
0.46264880895614624,1
0.5326443314552307,1
0.454512357711792,1
0.5539332628250122,1
0.49336451292037964,1
0.5419676899909973,1
0.508874773979187,1
0.5186307430267334,1
0.553303599357605,1
0.5475071668624878,1
0.4825713634490967,1
0.5441799163818359,1
0.45548194646835327,1
0.46634531021118164,1
0.4438660442829132,1
0.4932839572429657,1
0.5219297409057617,1
0.5174433588981628,1
0.5290347933769226,1
0.4709506034851074,1
0.4875008761882782,1
0.5305546522140503,1
0.5243748426437378,1
0.5068854093551636,1
0.5098292231559753,1
0.49516528844833374,1
0.4668382406234741,1
0.49389708042144775,1
0.46666091680526733,1
0.5395907759666443,1
0.4824032187461853,1
0.5392743349075317,1
0.5319710969924927,1
0.51412034034729,1
0.4805523753166199,1
0.43258175253868103,1
0.4702073931694031,1
0.5336629152297974,1
0.49298375844955444,1
0.4799210727214813,1
0.5305019617080688,1
0.5214872360229492,1
0.46704918146133423,1
0.48410946130752563,1
0.5311601161956787,1
0.526654839515686,1
0.507108211517334,1
0.5572859048843384,1
0.5274107456207275,1
0.531356930732727,1
0.5047334432601929,1
0.4935920834541321,1
0.47943365573883057,1
0.5001182556152344,1
0.5505012273788452,1
0.5151164531707764,1
0.5077108144760132,1
0.47918593883514404,1
0.5511081218719482,1
0.5230458378791809,1
0.5075734853744507,1
0.4994676113128662,1
0.49445170164108276,1
0.5245604515075684,1
0.4982749819755554,1
0.4979166090488434,1
0.5075346827507019,1
0.4969823360443115,1
0.5254442691802979,1
0.49318721890449524,1
0.5393823385238647,1
0.5084620118141174,1
0.48376208543777466,1
0.5273489356040955,1
0.4973840117454529,1
0.5275023579597473,1
0.5092757344245911,1
0.47966164350509644,1
0.5168167948722839,1
0.5851994156837463,1
0.5405405759811401,1
0.497498095035553,1
0.5114456415176392,1
0.47946688532829285,1
0.5508096814155579,1
0.48645174503326416,1
0.46611911058425903,1
0.48909059166908264,1
0.4451700448989868,1
0.5335959196090698,1
0.5381340384483337,1
0.46523696184158325,1
0.5586538314819336,1
0.5290236473083496,1
0.49116843938827515,1
0.490913450717926,1
0.531146764755249,1
0.5134943127632141,1
0.49991628527641296,1
0.5257776975631714,1
0.4889460802078247,1
0.5051307082176208,1
0.5120059847831726,1
0.512750506401062,1
0.5940422415733337,1
0.5215494632720947,1
0.5270720720291138,1
0.4556827247142792,1
0.455165296792984,1
0.493639200925827,1
0.4802895784378052,1
0.5243768095970154,1
0.5309581756591797,1
0.48393958806991577,1
0.5398921966552734,1
0.4909135103225708,1
0.5150651931762695,1
0.5508121252059937,1
0.500702977180481,1
0.4429634213447571,1
0.514798104763031,1
0.49409592151641846,1
0.5726317763328552,1
0.5582970380783081,1
0.5292673110961914,1
0.5605227947235107,1
0.4925615191459656,1
0.5040212869644165,1
0.5639687776565552,1
0.5216671228408813,1
0.5462168455123901,1
0.497261643409729,1
0.5730501413345337,1
0.5123486518859863,1
0.563381552696228,1
0.4962558150291443,1
0.521865963935852,1
0.49684178829193115,1
0.5392249226570129,1
0.5624914169311523,1
0.5104557275772095,1
0.520986795425415,1
0.5091070532798767,1
0.5159817934036255,1
0.475744366645813,1
0.49223169684410095,1
0.5346240997314453,1
0.4880428910255432,1
0.5298111438751221,1
0.5037410259246826,1
0.5364706516265869,1
0.5401231050491333,1
0.5455801486968994,1
0.47980985045433044,1
0.4890357553958893,1
0.5124374628067017,1
0.5193279981613159,1
0.5109898447990417,1
0.4988739490509033,1
0.49737483263015747,1
0.5505075454711914,1
0.5528672337532043,1
0.4986727833747864,1
0.5429481863975525,1
0.53836590051651,1
0.5469150543212891,1
0.5421015024185181,1
0.5089321136474609,1
0.47253644466400146,1
0.5601299405097961,1
0.5269848108291626,1
0.489984929561615,1
0.48633089661598206,1
0.5245710015296936,1
0.5130218863487244,1
0.4635934829711914,1
0.5018149614334106,1
0.5545871257781982,1
0.4955523610115051,1
0.49893468618392944,1
0.5068261027336121,1
0.4778519570827484,1
0.5041337609291077,1
0.4716060757637024,1
0.5294424295425415,1
0.5570154190063477,1
0.5430114269256592,1
0.5084131956100464,1
0.5156415104866028,1
0.5460882186889648,1
0.5173829793930054,1
0.4825323224067688,1
0.4739839434623718,1
0.48782628774642944,1
0.48274171352386475,1
0.5634534358978271,1
0.5047928690910339,1
0.509443998336792,1
0.5315230488777161,1
0.46184980869293213,1
0.543339729309082,1
0.5511643886566162,1
0.48575305938720703,1
0.4901203215122223,1
0.4682374894618988,1
0.4954681396484375,1
0.5130818486213684,1
0.5734280347824097,1
0.5528132319450378,1
0.559723436832428,1
0.451812744140625,1
0.4853857755661011,1
0.4528435468673706,1
0.5787061452865601,1
0.49791276454925537,1
0.5460379719734192,1
0.45826900005340576,1
0.5749231576919556,1
0.5182310938835144,1
0.5016030669212341,1
0.49331778287887573,1
0.47253647446632385,1
0.5133602619171143,1
0.5511692762374878,1
0.512913703918457,1
0.4734383225440979,1
0.4574970602989197,1
0.49087923765182495,1
0.4674745202064514,1
0.557572603225708,1
0.505162239074707,1
0.4798623025417328,1
0.5069916844367981,1
0.48461583256721497,1
0.485253244638443,1
0.5474402904510498,1
0.4525100588798523,1
0.4714560806751251,1
0.5382438898086548,1
0.5581651926040649,1
0.4557642936706543,1
0.5428900718688965,1
0.5304396152496338,1
0.4984745681285858,1
0.5572881102561951,1
0.5198976397514343,1
0.5476343631744385,1
0.44850441813468933,1
0.5225318670272827,1
0.5168519020080566,1
0.5117310285568237,1
0.5023007988929749,1
0.47904807329177856,1
0.45706474781036377,1
0.5479055047035217,1
0.49452081322669983,1
0.5163129568099976,1
0.5189015865325928,1
0.46373358368873596,1
0.48860645294189453,1
0.5089293718338013,1
0.5150356292724609,1
0.5019866228103638,1
0.4858735203742981,1
0.4724719226360321,1
0.5493177175521851,1
0.49738574028015137,1
0.5139625072479248,1
0.4953628182411194,1
0.49599185585975647,1
0.5300843715667725,1
0.5318945646286011,1
0.509594202041626,1
0.5008737444877625,1
0.49706435203552246,1
0.5193182826042175,1
0.4701978266239166,1
0.47917062044143677,1
0.5485055446624756,1
0.47689008712768555,1
0.4785260856151581,1
0.4972200095653534,1
0.47687867283821106,1
0.4754609167575836,1
0.5021838545799255,1
0.4994487762451172,1
0.5177769064903259,1
0.49863171577453613,1
0.5331444144248962,1
0.49039357900619507,1
0.5108017325401306,1
0.5252339839935303,1
0.5571366548538208,1
0.5428421497344971,1
0.4600331783294678,1
0.5454609990119934,1
0.5678192377090454,1
0.5062969923019409,1
0.5157970190048218,1
0.5068566799163818,1
0.48386216163635254,1
0.5436451435089111,1
0.478543221950531,1
0.5390276908874512,1
0.5122894644737244,1
0.47040390968322754,1
0.5120384693145752,1
0.46513354778289795,1
0.5034019947052002,1
0.4907715320587158,1
0.4734005630016327,1
0.506102442741394,1
0.42798811197280884,1
0.5154293775558472,1
0.5010967254638672,1
0.4539056718349457,1
0.45932406187057495,1
0.5422471761703491,1
0.48396235704421997,1
0.5037052631378174,1
0.5060837268829346,1
0.5086605548858643,1
0.5418971180915833,1
0.49168986082077026,1
0.5433873534202576,1
0.4948251247406006,1
0.5475125312805176,1
0.5041319727897644,1
0.4855824112892151,1
0.4775969684123993,1
0.5251767635345459,1
0.5411838889122009,1
0.5465097427368164,1
0.4820406436920166,1
0.5494054555892944,1
0.527106761932373,1
0.490459680557251,1
0.5124168992042542,1
0.5264708995819092,1
0.4347933530807495,1
0.48690077662467957,1
0.5028294324874878,1
0.5486633777618408,1
0.512039065361023,1
0.5257647633552551,1
0.5639426112174988,1
0.5353458523750305,1
0.5391879081726074,1
0.5552695989608765,1
0.4957554042339325,1
0.507378339767456,1
0.46177637577056885,1
0.5169247388839722,1
0.44568151235580444,1
0.4794180989265442,1
0.4794293940067291,1
0.4540083408355713,1
0.5578027963638306,1
0.5494049787521362,1
0.5099630355834961,1
0.4641684293746948,1
0.530410647392273,1
0.47210586071014404,1
0.5386559367179871,1
0.5125547647476196,1
0.5204107761383057,1
0.5009000301361084,1
0.47261905670166016,1
0.48237863183021545,1
0.5075504779815674,1
0.49269020557403564,1
0.46297842264175415,1
0.46958088874816895,1
0.49649226665496826,1
0.5581399202346802,1
0.4901083707809448,1
0.5257840156555176,1
0.4787200689315796,1
0.49971646070480347,1
0.46921005845069885,1
0.5422773361206055,1
0.5062398314476013,1
0.5095610022544861,1
0.50972580909729,1
0.5251091122627258,1
0.5192416906356812,1
0.5039499998092651,1
0.5260224938392639,1
0.5065943002700806,1
0.5300180315971375,1
0.5025754570960999,1
0.5275927782058716,1
0.5066782832145691,1
0.5104330778121948,1
0.5582826733589172,1
0.4509471654891968,1
0.5719319581985474,1
0.5434374809265137,1
0.5396027565002441,1
0.5056164264678955,1
0.5246210098266602,1
0.5198325514793396,1
0.5070075988769531,1
0.47999364137649536,1
0.47420716285705566,1
0.5221574902534485,1
0.4801334738731384,1
0.5063472986221313,1
0.5059418082237244,1
0.46622517704963684,1
0.5705318450927734,1
0.46896734833717346,1
0.5035855770111084,1
0.5030111074447632,1
0.5281152129173279,1
0.4261541962623596,1
0.6069731712341309,1
0.5261108875274658,1
0.4744533896446228,1
0.5023401975631714,1
0.5041965842247009,1
0.4618263840675354,1
0.5236445069313049,1
0.502619743347168,1
0.5079813599586487,1
0.5002270936965942,1
0.5712356567382813,1
0.5065304040908813,1
0.506132960319519,1
0.49073168635368347,1
0.5131700038909912,1
0.5424759387969971,1
0.48244398832321167,1
0.5027821063995361,1
0.47110509872436523,1
0.44915884733200073,1
0.5264954566955566,1
0.5261251926422119,1
0.5414570569992065,1
0.5026721954345703,1
0.5442357063293457,1
0.45711982250213623,1
0.4871333837509155,1
0.5123523473739624,1
0.49229949712753296,1
0.5099844932556152,1
0.48186469078063965,1
0.5299028158187866,1
0.49492260813713074,1
0.5409409403800964,1
0.5216977596282959,1
0.5262559652328491,1
0.4759725332260132,1
0.5169438123703003,1
0.5138372182846069,1
0.49798882007598877,1
0.507108211517334,1
0.49145978689193726,1
0.541944146156311,1
0.5113040208816528,1
0.5087894201278687,1
0.5469726324081421,1
0.47072792053222656,1
0.5012822151184082,1
0.564896821975708,1
0.5076059103012085,1
0.543282151222229,1
0.5242436528205872,1
0.45118963718414307,1
0.4868878722190857,1
0.5072427988052368,1
0.535498321056366,1
0.48726990818977356,1
0.5316390991210938,1
0.470518559217453,1
0.4811862111091614,1
0.5800904035568237,1
0.5040796995162964,1
0.5207194089889526,1
0.46696335077285767,1
0.5335743427276611,1
0.5126607418060303,1
0.47754740715026855,1
0.48857155442237854,1
0.5003329515457153,1
0.49926596879959106,1
0.48457175493240356,1
0.5120428800582886,1
0.5260792970657349,1
0.5557565689086914,1
0.47263479232788086,1
0.46300065517425537,1
0.5088545083999634,1
0.46202635765075684,1
0.47936004400253296,1
0.5989415645599365,1
0.5062165260314941,1
0.47667622566223145,1
0.479057252407074,1
0.46362626552581787,1
0.47514158487319946,1
0.4912736415863037,1
0.49837037920951843,1
0.4839109182357788,1
0.5593504905700684,1
0.5165926218032837,1
0.5107494592666626,1
0.5064858198165894,1
0.4817277193069458,1
0.5720147490501404,1
0.5066946744918823,1
0.5493197441101074,1
0.5396667718887329,1
0.523500919342041,1
0.5489356517791748,1
0.5016561150550842,1
0.5086032152175903,1
0.4964725971221924,1
0.5040929317474365,1
0.5045173168182373,1
0.48010075092315674,1
0.4941025972366333,1
0.5439162254333496,1
0.4616272449493408,1
0.4794239103794098,1
0.5422564744949341,1
0.4982784390449524,1
0.5706766843795776,1
0.472426176071167,1
0.4993206262588501,1
0.5213130712509155,1
0.48667752742767334,1
0.48044833540916443,1
0.4835726320743561,1
0.4591464400291443,1
0.5175321102142334,1
0.5123459100723267,1
0.5308705568313599,1
0.5219166278839111,1
0.5076904892921448,1
0.4912407398223877,1
0.48242872953414917,1
0.4984883666038513,1
0.5138433575630188,1
0.5063329935073853,1
0.49246492981910706,1
0.5047153830528259,1
0.5035372972488403,1
0.5084391832351685,1
0.47331321239471436,1
0.47235649824142456,1
0.5096900463104248,1
0.4990766942501068,1
0.5467190742492676,1
0.48485225439071655,1
0.4940716028213501,1
0.4988788962364197,1
0.46308836340904236,1
0.5101625323295593,1
0.5240148901939392,1
0.49772778153419495,1
0.5296871662139893,1
0.5411617755889893,1
0.5031290054321289,1
0.5179938077926636,1
0.5487587451934814,1
0.47842472791671753,1
0.4780685007572174,1
0.5243144035339355,1
0.537764310836792,1
0.5125969052314758,1
0.49175652861595154,1
0.5233246088027954,1
0.48779383301734924,1
0.49605217576026917,1
0.5426869988441467,1
0.502587080001831,1
0.4958434998989105,1
0.5196981430053711,1
0.4774673283100128,1
0.46916550397872925,1
0.5008479356765747,1
0.5270398855209351,1
0.5274479389190674,1
0.5301237106323242,1
0.48610609769821167,1
0.4893553853034973,1
0.5007135272026062,1
0.48800739645957947,1
0.5401429533958435,1
0.51433265209198,1
0.4633540213108063,1
0.5433773994445801,1
0.5278990864753723,1
0.47664615511894226,1
0.4943496584892273,1
0.5489012002944946,1
0.44032764434814453,1
0.477150022983551,1
0.5050367712974548,1
0.519882082939148,1
0.5041521787643433,1
0.49172094464302063,1
0.49042224884033203,1
0.48593783378601074,1
0.5307093262672424,1
0.5375335216522217,1
0.46111905574798584,1
0.47251588106155396,1
0.5102591514587402,1
0.4890754818916321,1
0.4888131320476532,1
0.4408164620399475,1
0.49165764451026917,1
0.5170657634735107,1
0.5028900504112244,1
0.515792965888977,1
0.5156800150871277,1
0.49458789825439453,1
0.5002886056900024,1
0.6010994911193848,1
0.505085289478302,1
0.5589932203292847,1
0.47800642251968384,1
0.4900931119918823,1
0.5124785900115967,1
0.5138245820999146,1
0.47780996561050415,1
0.532355785369873,1
0.4786757826805115,1
0.5163094997406006,1
0.5248808860778809,1
0.5259314775466919,1
0.530908465385437,1
0.44421809911727905,1
0.5028116703033447,1
0.4838009476661682,1
0.5746590495109558,1
0.5782629251480103,1
0.44409090280532837,1
0.47450530529022217,1
0.49207961559295654,1
0.5896856784820557,1
0.507460355758667,1
0.49249738454818726,1
0.5065280199050903,1
0.5637791156768799,1
0.5268816351890564,1
0.47929614782333374,1
0.5004139542579651,1
0.5057711601257324,1
0.5121046304702759,1
0.4982834458351135,1
0.5250515937805176,1
0.5245424509048462,1
0.5880019068717957,1
0.468921959400177,1
0.4659488797187805,1
0.5127652883529663,1
0.5268294811248779,1
0.5253746509552002,1
0.46712297201156616,1
0.4959450960159302,1
0.4416593313217163,1
0.5156497955322266,1
0.4722140431404114,1
0.5086193084716797,1
0.4773807227611542,1
0.49238839745521545,1
0.5277884602546692,1
0.4821491241455078,1
0.483405739068985,1
0.5073074102401733,1
0.4961055517196655,1
0.5029782652854919,1
0.5189861059188843,1
0.5349209308624268,1
0.5592193603515625,1
0.49459654092788696,1
0.49889492988586426,1
0.5203173160552979,1
0.49841049313545227,1
0.48542189598083496,1
0.53123939037323,1
0.4984131455421448,1
0.5507919788360596,1
0.5582443475723267,1
0.44247961044311523,1
0.48790502548217773,1
0.5587524175643921,1
0.513367772102356,1
0.533772349357605,1
0.5018312335014343,1
0.5273773670196533,1
0.5029562711715698,1
0.5389262437820435,1
0.5018821954727173,1
0.5034116506576538,1
0.47337841987609863,1
0.5216629505157471,1
0.5147302150726318,1
0.4874010682106018,1
0.4614173471927643,1
0.48173171281814575,1
0.5096638202667236,1
0.563490629196167,1
0.5036712884902954,1
0.48525166511535645,1
0.46987783908843994,1
0.4948396682739258,1
0.5186518430709839,1
0.4987042546272278,1
0.48234066367149353,1
0.48629918694496155,1
0.5029863715171814,1
0.5095506906509399,1
0.4505842626094818,1
0.5397231578826904,1
0.567188560962677,1
0.4487762451171875,1
0.5237693786621094,1
0.5285847783088684,1
0.5003669857978821,1
0.5598913431167603,1
0.45900243520736694,1
0.5094843506813049,1
0.5461158752441406,1
0.5106334686279297,1
0.44742825627326965,1
0.534349799156189,1
0.4635911285877228,1
0.491570383310318,1
0.4982035458087921,1
0.4744466543197632,1
0.5164322853088379,1
0.5294326543807983,1
0.525471568107605,1
0.5116904973983765,1
0.529241681098938,1
0.5291215181350708,1
0.506097137928009,1
0.5603160858154297,1
0.5038920044898987,1
0.5176728963851929,1
0.5254955291748047,1
0.5069973468780518,1
0.5217339992523193,1
0.478812575340271,1
0.47561922669410706,1
0.6048328876495361,1
0.49060121178627014,1
0.5413790941238403,1
0.4840694069862366,1
0.5278595685958862,1
0.5355340838432312,1
0.4920405149459839,1
0.49551504850387573,1
0.5295068621635437,1
0.5338616371154785,1
0.4891710877418518,1
0.5100884437561035,1
0.5077797174453735,1
0.48571574687957764,1
0.5204348564147949,1
0.4827190637588501,1
0.49047768115997314,1
0.5534486174583435,1
0.5198726654052734,1
0.5087660551071167,1
0.549744725227356,1
0.5381444692611694,1
0.49545997381210327,1
0.5109479427337646,1
0.4936179220676422,1
0.5414151549339294,1
0.4985002279281616,1
0.5207456350326538,1
0.4589783549308777,1
0.5788329839706421,1
0.5512610077857971,1
0.542834997177124,1
0.48764896392822266,1
0.5070165395736694,1
0.49411535263061523,1
0.4841766357421875,1
0.5611735582351685,1
0.4985591173171997,1
0.5218797922134399,1
0.4667278528213501,1
0.49966055154800415,1
0.46861451864242554,1
0.5220643281936646,1
0.5450606942176819,1
0.5041624903678894,1
0.4950137436389923,1
0.4921428859233856,1
0.5105010271072388,1
0.48466700315475464,1
0.5016915202140808,1
0.5071659088134766,1
0.4744012951850891,1
0.47264716029167175,1
0.49492090940475464,1
0.49812424182891846,1
0.48276615142822266,1
0.48954471945762634,1
0.4681914746761322,1
0.4801444411277771,1
0.5265119075775146,1
0.4761682152748108,1
0.4915617108345032,1
0.4781724512577057,1
0.5340296030044556,1
0.5152297019958496,1
0.5430922508239746,1
0.48171350359916687,1
0.461235910654068,1
0.49645400047302246,1
0.5618578791618347,1
0.5874255895614624,1
0.6056362390518188,1
0.4672683775424957,1
0.45300084352493286,1
0.48271360993385315,1
0.48625391721725464,1
0.5365996360778809,1
0.4905112087726593,1
0.4559994041919708,1
0.5157521963119507,1
0.4791930913925171,1
0.5099338293075562,1
0.5580881834030151,1
0.4994562268257141,1
0.5443652868270874,1
0.551135241985321,1
0.5236514210700989,1
0.5082307457923889,1
0.5160349607467651,1
0.5440710783004761,1
0.5114988684654236,1
0.47657668590545654,1
0.5035918951034546,1
0.48727327585220337,1
0.5023142099380493,1
0.4838923215866089,1
0.5263640880584717,1
0.4684051275253296,1
0.5465315580368042,1
0.5315472483634949,1
0.5439637899398804,1
0.49911344051361084,1
0.5103858709335327,1
0.5460880994796753,1
0.49397939443588257,1
0.5548856258392334,1
0.5171458125114441,1
0.43770837783813477,1
0.5322694778442383,1
0.5859268307685852,1
0.4654908776283264,1
0.5032109618186951,1
0.5256534814834595,1
0.5561091303825378,1
0.49168917536735535,1
0.4964025020599365,1
0.4340301752090454,1
0.5007604360580444,1
0.5281614065170288,1
0.5311630964279175,1
0.49841463565826416,1
0.5052996277809143,1
0.4777514338493347,1
0.4704606533050537,1
0.494926393032074,1
0.4709945321083069,1
0.49358731508255005,1
0.5387433767318726,1
0.4755481481552124,1
0.5518620014190674,1
0.539794921875,1
0.513288140296936,1
0.5057498812675476,1
0.4719916582107544,1
0.4946601390838623,1
0.5111663341522217,1
0.5139206051826477,1
0.5306130051612854,1
0.4819822311401367,1
0.5295313000679016,1
0.4889695346355438,1
0.5025988817214966,1
0.4608207643032074,1
0.4879946708679199,1
0.4873477816581726,1
0.5082584619522095,1
0.5391717553138733,1
0.5133986473083496,1
0.5452916622161865,1
0.5018801689147949,1
0.5114596486091614,1
0.4872339963912964,1
0.5111005306243896,1
0.5462477207183838,1
0.4812903106212616,1
0.5063027143478394,1
0.5481245517730713,1
0.49919354915618896,1
0.4982243776321411,1
0.4984128475189209,1
0.46112388372421265,1
0.5337077379226685,1
0.5435925722122192,1
0.44820794463157654,1
0.46779486536979675,1
0.526822030544281,1
0.5179241895675659,1
0.4994701147079468,1
0.48873063921928406,1
0.45397019386291504,1
0.5140517950057983,1
0.5220216512680054,1
0.5588215589523315,1
0.504295825958252,1
0.48332223296165466,1
0.4692848026752472,1
0.5095001459121704,1
0.5018191933631897,1
0.5100869536399841,1
0.5284749269485474,1
0.5402233600616455,1
0.5357027053833008,1
0.5039308667182922,1
0.5140713453292847,1
0.5319417715072632,1
0.5262774229049683,1
0.47263815999031067,1
0.5285173654556274,1
0.5407319068908691,1
0.5026417970657349,1
0.5039681196212769,1
0.452537477016449,1
0.47736167907714844,1
0.5530165433883667,1
0.5287518501281738,1
0.4742050766944885,1
0.507840633392334,1
0.4863112270832062,1
0.4871029257774353,1
0.500382125377655,1
0.5072071552276611,1
0.504313051700592,1
0.4966025650501251,1
0.5203036069869995,1
0.504947304725647,1
0.5472325086593628,1
0.5240362286567688,1
0.5296821594238281,1
0.4894846975803375,1
0.6035906672477722,1
0.49720999598503113,1
0.45622193813323975,1
0.5069175958633423,1
0.4978426396846771,1
0.4766736924648285,1
0.4995560348033905,1
0.5719507932662964,1
0.47350332140922546,1
0.4846670627593994,1
0.5053531527519226,1
0.5016294717788696,1
0.5181075930595398,1
0.5395557880401611,1
0.5487393140792847,1
0.4603244662284851,1
0.47716790437698364,1
0.5213419795036316,1
0.533471941947937,1
0.5297335982322693,1
0.5105563402175903,1
0.511271595954895,1
0.5294004678726196,1
0.47752004861831665,1
0.46956372261047363,1
0.4563756585121155,1
0.5019590854644775,1
0.4858614504337311,1
0.5354325175285339,1
0.5053460597991943,1
0.4953823387622833,1
0.5379709005355835,1
0.4895437955856323,1
0.5352703332901001,1
0.53249192237854,1
0.5437711477279663,1
0.5384131073951721,1
0.49525511264801025,1
0.5373769998550415,1
0.4450482130050659,1
0.49694401025772095,1
0.5395476818084717,1
0.5441727042198181,1
0.5612213611602783,1
0.4847521185874939,1
0.49294155836105347,1
0.5031323432922363,1
0.5419769287109375,1
0.5383555889129639,1
0.5792415142059326,1
0.4915595054626465,1
0.5098150372505188,1
0.4685002565383911,1
0.45707517862319946,1
0.44860541820526123,1
0.5236493349075317,1
0.48016753792762756,1
0.47844719886779785,1
0.49264949560165405,1
0.5456855297088623,1
0.5200538039207458,1
0.46775075793266296,1
0.5266883373260498,1
0.5112779140472412,1
0.5336357951164246,1
0.5682257413864136,1
0.5204633474349976,1
0.4586969017982483,1
0.48102736473083496,1
0.537055492401123,1
0.5111699104309082,1
0.5317791104316711,1
0.4698711335659027,1
0.48709356784820557,1
0.5229418873786926,1
0.5231257081031799,1
0.4810958802700043,1
0.5754479169845581,1
0.5076780319213867,1
0.5319126844406128,1
0.5210239291191101,1
0.5113288164138794,1
0.5397000908851624,1
0.4725520610809326,1
0.5193347930908203,1
0.4914247989654541,1
0.503756046295166,1
0.480846107006073,1
0.5377515554428101,1
0.5011751055717468,1
0.5388646721839905,1
0.5171213150024414,1
0.5041338801383972,1
0.5431097745895386,1
0.5079232454299927,1
0.5181792974472046,1
0.5090686678886414,1
0.5635651350021362,1
0.462902307510376,1
0.5208079218864441,1
0.48376116156578064,1
0.49565184116363525,1
0.5329790115356445,1
0.48766401410102844,1
0.5126632452011108,1
0.5145794153213501,1
0.4997873902320862,1
0.5166111588478088,1
0.519446611404419,1
0.5209141969680786,1
0.4877692461013794,1
0.5323649048805237,1
0.5732455253601074,1
0.5279073715209961,1
0.5014296770095825,1
0.49796241521835327,1
0.5138674974441528,1
0.5227450132369995,1
0.5093302130699158,1
0.5040333271026611,1
0.5254288911819458,1
0.5136735439300537,1
0.538203239440918,1
0.5050896406173706,1
0.4963688254356384,1
0.49824804067611694,1
0.5025820732116699,1
0.4855044484138489,1
0.5576871633529663,1
0.5183625221252441,1
0.46751469373703003,1
0.56107497215271,1
0.47013235092163086,1
0.533904492855072,1
0.5583385229110718,1
0.49299120903015137,1
0.5019916892051697,1
0.5085946321487427,1
0.4708690643310547,1
0.5045051574707031,1
0.5301233530044556,1
0.49537351727485657,1
0.47133636474609375,1
0.5015879273414612,1
0.5495588779449463,1
0.5365952253341675,1
0.5351684093475342,1
0.5256372690200806,1
0.5188881158828735,1
0.44216346740722656,1
0.5435590744018555,1
0.5756622552871704,1
0.4827902019023895,1
0.5007190704345703,1
0.5278869867324829,1
0.533803403377533,1
0.5294989347457886,1
0.4654620289802551,1
0.5063961744308472,1
0.5238251686096191,1
0.5052237510681152,1
0.47122684121131897,1
0.47868943214416504,1
0.4678027927875519,1
0.5080751776695251,1
0.5047555565834045,1
0.5325969457626343,1
0.5095151662826538,1
0.468079149723053,1
0.4808059334754944,1
0.5540868043899536,1
0.5214066505432129,1
0.5147987008094788,1
0.4897613227367401,1
0.4897710680961609,1
0.5079880356788635,1
0.4890156388282776,1
0.537841796875,1
0.5066975355148315,1
0.49630218744277954,1
0.5560368299484253,1
0.5436973571777344,1
0.4998832941055298,1
0.49891772866249084,1
0.5010652542114258,1
0.47606784105300903,1
0.4924931824207306,1
0.5230828523635864,1
0.49586158990859985,1
0.5129193663597107,1
0.514693558216095,1
0.525245189666748,1
0.5254635810852051,1
0.5597654581069946,1
0.5157110691070557,1
0.4957435429096222,1
0.5387466549873352,1
0.5152080059051514,1
0.5433598160743713,1
0.5562575459480286,1
0.49561941623687744,1
0.4998074769973755,1
0.4380762279033661,1
0.5190129280090332,1
0.48387041687965393,1
0.5188724994659424,1
0.49167710542678833,1
0.518909752368927,1
0.5119680166244507,1
0.5615375638008118,1
0.5266953706741333,1
0.4897368848323822,1
0.48895013332366943,1
0.5054740905761719,1
0.5046484470367432,1
0.45387277007102966,1
0.5386874079704285,1
0.532162070274353,1
0.4408594071865082,1
0.4591594636440277,1
0.5512279272079468,1
0.5386356115341187,1
0.5400943756103516,1
0.4892621636390686,1
0.45421844720840454,1
0.49695172905921936,1
0.5061196088790894,1
0.48535600304603577,1
0.5417753458023071,1
0.5181303024291992,1
0.4797578454017639,1
0.5601487755775452,1
0.5308730602264404,1
0.4949735701084137,1
0.5354310274124146,1
0.47160518169403076,1
0.5528249740600586,1
0.5115948915481567,1
0.4852575361728668,1
0.4902929961681366,1
0.5348508358001709,1
0.5162574052810669,1
0.5087947845458984,1
0.5359998941421509,1
0.5058597326278687,1
0.4978030323982239,1
0.4873155355453491,1
0.5281971096992493,1
0.492158979177475,1
0.5633100271224976,1
0.4612041711807251,1
0.46474689245224,1
0.4728691577911377,1
0.5386537313461304,1
0.4902588427066803,1
0.4886681139469147,1
0.5497117042541504,1
0.546576976776123,1
0.5276901721954346,1
0.5371319651603699,1
0.4391734302043915,1
0.5501519441604614,1
0.44869646430015564,1
0.5051342844963074,1
0.5014522075653076,1
0.4836457371711731,1
0.5422112941741943,1
0.4814090132713318,1
0.49550047516822815,1
0.48058149218559265,1
0.48430511355400085,1
0.48364534974098206,1
0.4476169943809509,1
0.50263512134552,1
0.5061370134353638,1
0.5051109790802002,1
0.4530201852321625,1
0.5028982758522034,1
0.49615293741226196,1
0.46844857931137085,1
0.5090689063072205,1
0.497694194316864,1
0.5388655662536621,1
0.548583984375,1
0.5934625267982483,1
0.503300130367279,1
0.4893486499786377,1
0.5043250322341919,1
0.4888543486595154,1
0.5337259769439697,1
0.5794036984443665,1
0.5244274139404297,1
0.5045213103294373,1
0.5224241018295288,1
0.49951890110969543,1
0.49171769618988037,1
0.5232211351394653,1
0.5091807246208191,1
0.5385342240333557,1
0.45680156350135803,1
0.5113042593002319,1
0.5022928714752197,1
0.4605754613876343,1
0.4707913398742676,1
0.49816688895225525,1
0.5595586895942688,1
0.5235593914985657,1
0.521952748298645,1
0.5012997984886169,1
0.5498173236846924,1
0.570483386516571,1
0.5325287580490112,1
0.5298634767532349,1
0.502731204032898,1
0.48676323890686035,1
0.5375833511352539,1
0.530515730381012,1
0.49273553490638733,1
0.5125996470451355,1
0.5462945699691772,1
0.4977075457572937,1
0.5007370710372925,1
0.533362627029419,1
0.49415239691734314,1
0.5307687520980835,1
0.4965120851993561,1
0.4765093922615051,1
0.5560013651847839,1
0.5175496935844421,1
0.5534406900405884,1
0.5106246471405029,1
0.5319477915763855,1
0.5001688003540039,1
0.46689337491989136,1
0.5064677596092224,1
0.4829646646976471,1
0.5066600441932678,1
0.47454971075057983,1
0.5064749121665955,1
0.5141680240631104,1
0.4841310679912567,1
0.578260600566864,1
0.5443304777145386,1
0.487146258354187,1
0.5104888081550598,1
0.5094295740127563,1
0.5001965761184692,1
0.5245115756988525,1
0.5430559515953064,1
0.5214077234268188,1
0.49537670612335205,1
0.5256894826889038,1
0.4742542803287506,1
0.5593148469924927,1
0.5281092524528503,1
0.5150980949401855,1
0.5150514841079712,1
0.5028699636459351,1
0.45977360010147095,1
0.5586720705032349,1
0.43351277709007263,1
0.5175617933273315,1
0.49756258726119995,1
0.5160727500915527,1
0.47211647033691406,1
0.5168505907058716,1
0.47800374031066895,1
0.5521241426467896,1
0.5304996967315674,1
0.5077964663505554,1
0.5108828544616699,1
0.5292914509773254,1
0.5096004009246826,1
0.512205183506012,1
0.5410370826721191,1
0.4890722632408142,1
0.4712216258049011,1
0.5012075304985046,1
0.509497344493866,1
0.5061559081077576,1
0.5386707782745361,1
0.459253191947937,1
0.4955238997936249,1
0.620656430721283,1
0.49073103070259094,1
0.5077580809593201,1
0.5665343403816223,1
0.5421651601791382,1
0.5396221876144409,1
0.5248129367828369,1
0.5278751254081726,1
0.5248156785964966,1
0.4983052909374237,1
0.49398547410964966,1
0.531906247138977,1
0.5437455177307129,1
0.49280232191085815,1
0.5445959568023682,1
0.4931889474391937,1
0.5326502323150635,1
0.4797469973564148,1
0.5679322481155396,1
0.5700899362564087,1
0.528915524482727,1
0.48353108763694763,1
0.4854685068130493,1
0.4980427324771881,1
0.5669758319854736,1
0.4764001965522766,1
0.5387147665023804,1
0.5000722408294678,1
0.5026262402534485,1
0.4984532594680786,1
0.5219862461090088,1
0.4773254990577698,1
0.45599567890167236,1
0.5291622877120972,1
0.5018143653869629,1
0.5030783414840698,1
0.5607541799545288,1
0.5265459418296814,1
0.49945783615112305,1
0.4775921106338501,1
0.5285760164260864,1
0.561123251914978,1
0.4937964379787445,1
0.47212421894073486,1
0.5318079590797424,1
0.502000093460083,1
0.5127461552619934,1
0.5110278725624084,1
0.43341076374053955,1
0.5204955339431763,1
0.4676625728607178,1
0.5022968053817749,1
0.52967369556427,1
0.5033286213874817,1
0.4888126254081726,1
0.496372252702713,1
0.5248227119445801,1
0.5261967778205872,1
0.4481145441532135,1
0.4951370358467102,1
0.5242583751678467,1
0.5237778425216675,1
0.5235570669174194,1
0.4930570125579834,1
0.48509228229522705,1
0.5375433564186096,1
0.5366699695587158,1
0.511661171913147,1
0.5447434782981873,1
0.5018637776374817,1
0.5074495673179626,1
0.4986579418182373,1
0.4987568259239197,1
0.5177476406097412,1
0.5253078937530518,1
0.5221041440963745,1
0.4670601785182953,1
0.5073389410972595,1
0.5161176919937134,1
0.5059022903442383,1
0.4813472032546997,1
0.40012913942337036,1
0.5028843879699707,1
0.46414846181869507,1
0.5112882852554321,1
0.5121894478797913,1
0.5114431977272034,1
0.47012829780578613,1
0.47523313760757446,1
0.5171316862106323,1
0.4765315055847168,1
0.5220602750778198,1
0.47391417622566223,1
0.5151243209838867,1
0.49484357237815857,1
0.4603777825832367,1
0.5330919027328491,1
0.4369097650051117,1
0.5167213678359985,1
0.5797233581542969,1
0.47288140654563904,1
0.5115456581115723,1
0.5051513910293579,1
0.5021705627441406,1
0.542087197303772,1
0.5125064849853516,1
0.592888355255127,1
0.4863189458847046,1
0.5203751921653748,1
0.5485774278640747,1
0.4908277094364166,1
0.48466756939888,1
0.525577187538147,1
0.5117300152778625,1
0.5202779769897461,1
0.507658064365387,1
0.4723248779773712,1
0.5107001066207886,1
0.5062057971954346,1
0.4641289710998535,1
0.4901224970817566,1
0.4989914298057556,1
0.5106520652770996,1
0.5513061881065369,1
0.5501050353050232,1
0.49385154247283936,1
0.5060721635818481,1
0.44434624910354614,1
0.5033890604972839,1
0.48356524109840393,1
0.5132230520248413,1
0.48734724521636963,1
0.5699483156204224,1
0.49515098333358765,1
0.5207244157791138,1
0.49432045221328735,1
0.5489563345909119,1
0.4764304757118225,1
0.4109145998954773,1
0.47554051876068115,1
0.5642447471618652,1
0.5302542448043823,1
0.4738886058330536,1
0.5385268926620483,1
0.518303394317627,1
0.4675140380859375,1
0.48911744356155396,1
0.5037269592285156,1
0.5630865097045898,1
0.5283892154693604,1
0.5466941595077515,1
0.4962083101272583,1
0.5196455717086792,1
0.5216346979141235,1
0.4609917998313904,1
0.5428904294967651,1
0.5506556034088135,1
0.49361398816108704,1
0.5307543277740479,1
0.4668959379196167,1
0.48146191239356995,1
0.5681400299072266,1
0.5725734233856201,1
0.5027675628662109,1
0.482496440410614,1
0.47371500730514526,1
0.5567417144775391,1
0.5134785175323486,1
0.5069634914398193,1
0.477973997592926,1
0.529238224029541,1
0.4681916832923889,1
0.5145878791809082,1
0.5117214918136597,1
0.5020043849945068,1
0.4940624237060547,1
0.45588767528533936,1
0.5048961043357849,1
0.5445117950439453,1
0.5603843927383423,1
0.450649619102478,1
0.5219939947128296,1
0.4623285233974457,1
0.5177170038223267,1
0.5398668050765991,1
0.49820414185523987,1
0.5281318426132202,1
0.49682217836380005,1
0.4845643639564514,1
0.5286800861358643,1
0.5134071111679077,1
0.49113985896110535,1
0.49504557251930237,1
0.5038237571716309,1
0.5070070028305054,1
0.5259972214698792,1
0.5088081359863281,1
0.4764975905418396,1
0.4976893961429596,1
0.5139929056167603,1
0.44740134477615356,1
0.5197662711143494,1
0.5379012823104858,1
0.5704379081726074,1
0.47380441427230835,1
0.5658890008926392,1
0.5167970061302185,1
0.4524015784263611,1
0.4852803647518158,1
0.5183008313179016,1
0.5047329664230347,1
0.575127363204956,1
0.49211910367012024,1
0.527827262878418,1
0.5254579782485962,1
0.4783558249473572,1
0.5447365641593933,1
0.4960620403289795,1
0.47954174876213074,1
0.47672125697135925,1
0.46509313583374023,1
0.5269957780838013,1
0.5003690719604492,1
0.4516477584838867,1
0.5252509117126465,1
0.5058767795562744,1
0.5432081818580627,1
0.5304863452911377,1
0.5495620369911194,1
0.4539716839790344,1
0.5281636714935303,1
0.5089826583862305,1
0.5248637199401855,1
0.4469565749168396,1
0.5127576589584351,1
0.5878336429595947,1
0.5495848059654236,1
0.4895089864730835,1
0.5315583944320679,1
0.4861569404602051,1
0.48863041400909424,1
0.531130313873291,1
0.4920705556869507,1
0.5657253265380859,1
0.4900971055030823,1
0.4587709903717041,1
0.542838454246521,1
0.5038654804229736,1
0.5513669848442078,1
0.5076102614402771,1
0.542872428894043,1
0.44267091155052185,1
0.5715816020965576,1
0.47495174407958984,1
0.4810088574886322,1
0.48869746923446655,1
0.4922463893890381,1
0.5240150690078735,1
0.46979403495788574,1
0.5654566287994385,1
0.5006508231163025,1
0.5095696449279785,1
0.48963576555252075,1
0.477212131023407,1
0.4849552512168884,1
0.4731341600418091,1
0.5166861414909363,1
0.47087687253952026,1
0.48565495014190674,1
0.513439416885376,1
0.4939190149307251,1
0.4994555413722992,1
0.5140100717544556,1
0.49505966901779175,1
0.5253947973251343,1
0.5024061799049377,1
0.46007040143013,1
0.4551831781864166,1
0.501725435256958,1
0.47057807445526123,1
0.5161493420600891,1
0.5708878040313721,1
0.5133053064346313,1
0.47362184524536133,1
0.5054007768630981,1
0.5257079601287842,1
0.5337234735488892,1
0.5108557939529419,1
0.5699180364608765,1
0.5343748927116394,1
0.5494459867477417,1
0.5283877849578857,1
0.506870448589325,1
0.49291032552719116,1
0.445628821849823,1
0.5785622000694275,1
0.5184999704360962,1
0.5291171073913574,1
0.5300788879394531,1
0.4992912709712982,1
0.5018234848976135,1
0.5587649941444397,1
0.45100533962249756,1
0.48390626907348633,1
0.5259773135185242,1
0.511194109916687,1
0.48971816897392273,1
0.4757661819458008,1
0.5133562684059143,1
0.4936221241950989,1
0.4852958023548126,1
0.519089937210083,1
0.5164909362792969,1
0.5210665464401245,1
0.5034066438674927,1
0.4992108941078186,1
0.5450621247291565,1
0.5042937994003296,1
0.520623505115509,1
0.5123372077941895,1
0.5537835955619812,1
0.49199047684669495,1
0.5062328577041626,1
0.47344234585762024,1
0.47055137157440186,1
0.4660447835922241,1
0.5436304807662964,1
0.5056392550468445,1
0.47741109132766724,1
0.4952820837497711,1
0.4778895378112793,1
0.47184816002845764,1
0.47170060873031616,1
0.4823912978172302,1
0.49920654296875,1
0.5210320949554443,1
0.5507781505584717,1
0.46999573707580566,1
0.5464211106300354,1
0.49136611819267273,1
0.4718976616859436,1
0.5012037754058838,1
0.4622305631637573,1
0.5259525179862976,1
0.5063526630401611,1
0.5022574663162231,1
0.4841201901435852,1
0.47655022144317627,1
0.502410888671875,1
0.4768964648246765,1
0.53629469871521,1
0.518366813659668,1
0.4877750277519226,1
0.5182130336761475,1
0.5701130032539368,1
0.4803771376609802,1
0.48282742500305176,1
0.5018064975738525,1
0.5005785226821899,1
0.5529811382293701,1
0.4886047840118408,1
0.48609471321105957,1
0.5107476711273193,1
0.5171067714691162,1
0.5160660147666931,1
0.491804301738739,1
0.5266046524047852,1
0.491049587726593,1
0.4980263113975525,1
0.4478663206100464,1
0.520248532295227,1
0.5098673701286316,1
0.48908907175064087,1
0.4658195376396179,1
0.5621169805526733,1
0.5179778337478638,1
0.47212255001068115,1
0.5065367817878723,1
0.5464810132980347,1
0.5199491381645203,1
0.4474366307258606,1
0.4995569586753845,1
0.5508705377578735,1
0.5039287209510803,1
0.488747775554657,1
0.5623191595077515,1
0.4636878967285156,1
0.5209735631942749,1
0.5358614921569824,1
0.4801824986934662,1
0.4958944320678711,1
0.5267550945281982,1
0.53716641664505,1
0.47640109062194824,1
0.49920597672462463,1
0.5153954029083252,1
0.5299451351165771,1
0.5046946406364441,1
0.5260459184646606,1
0.511698842048645,1
0.5413928031921387,1
0.4901725649833679,1
0.5038751363754272,1
0.4681430459022522,1
0.5369457602500916,1
0.46575927734375,1
0.4713328778743744,1
0.4894260764122009,1
0.5346957445144653,1
0.48634958267211914,1
0.5303550958633423,1
0.5499267578125,1
0.5742549896240234,1
0.5045698881149292,1
0.5193604230880737,1
0.5112993717193604,1
0.5178346037864685,1
0.46909940242767334,1
0.504189670085907,1
0.4634857773780823,1
0.5124815702438354,1
0.4818882346153259,1
0.44016894698143005,1
0.5209445953369141,1
0.5013912320137024,1
0.4544942378997803,1
0.507422149181366,1
0.47717756032943726,1
0.48646998405456543,1
0.5050863027572632,1
0.5119417905807495,1
0.47073420882225037,1
0.5545564889907837,1
0.48235076665878296,1
0.48716098070144653,1
0.4945516586303711,1
0.49017080664634705,1
0.4874492585659027,1
0.47308915853500366,1
0.5364939570426941,1
0.5697572827339172,1
0.5151236057281494,1
0.531051754951477,1
0.5100420117378235,1
0.5115289688110352,1
0.49944812059402466,1
0.4988303482532501,1
0.5457969307899475,1
0.5049256086349487,1
0.5484795570373535,1
0.4671115279197693,1
0.5322087407112122,1
0.5150715112686157,1
0.5184472799301147,1
0.5126681327819824,1
0.5222088098526001,1
0.4692869484424591,1
0.5173834562301636,1
0.517012894153595,1
0.4615255892276764,1
0.5133645534515381,1
0.5359416007995605,1
0.4848025143146515,1
0.5145730972290039,1
0.5403321981430054,1
0.4758186936378479,1
0.4643820524215698,1
0.49697911739349365,1
0.4982281029224396,1
0.5017962455749512,1
0.5454675555229187,1
0.5303865671157837,1
0.4988434314727783,1
0.4928028881549835,1
0.5736252069473267,1
0.5820176005363464,1
0.4966495633125305,1
0.4902392029762268,1
0.4700905978679657,1
0.5170694589614868,1
0.5335407853126526,1
0.5193918347358704,1
0.5387248396873474,1
0.5422119498252869,1
0.4921697974205017,1
0.4654706120491028,1
0.48672938346862793,1
0.5181916356086731,1
0.5160311460494995,1
0.5604612231254578,1
0.49664372205734253,1
0.5239889025688171,1
0.47908321022987366,1
0.5183712244033813,1
0.531090497970581,1
0.5230283141136169,1
0.5663794279098511,1
0.5403324961662292,1
0.5426044464111328,1
0.43738001585006714,1
0.48880091309547424,1
0.4428601861000061,1
0.4772219955921173,1
0.5195051431655884,1
0.4811710715293884,1
0.5196198225021362,1
0.5340076684951782,1
0.4670819640159607,1
0.4768221378326416,1
0.483414888381958,1
0.5450084209442139,1
0.5128254890441895,1
0.5204946994781494,1
0.5133092403411865,1
0.47452476620674133,1
0.4821130335330963,1
0.539425790309906,1
0.5139135122299194,1
0.5090309381484985,1
0.5181835889816284,1
0.5039265155792236,1
0.5463023781776428,1
0.5224463939666748,1
0.5246788859367371,1
0.5477860569953918,1
0.517096996307373,1
0.5457464456558228,1
0.5364786386489868,1
0.5016841888427734,1
0.5166457295417786,1
0.5298870801925659,1
0.5018133521080017,1
0.5238337516784668,1
0.47196638584136963,1
0.5122218132019043,1
0.501764178276062,1
0.4688268303871155,1
0.49015751481056213,1
0.5237342119216919,1
0.5028117895126343,1
0.46080029010772705,1
0.5153231024742126,1
0.5470402240753174,1
0.522950291633606,1
0.49630486965179443,1
0.5214981436729431,1
0.4826200604438782,1
0.5347229242324829,1
0.5455931425094604,1
0.5501899719238281,1
0.5164598226547241,1
0.5071622729301453,1
0.5562325119972229,1
0.5127761363983154,1
0.48486435413360596,1
0.5220705270767212,1
0.48730459809303284,1
0.4826188385486603,1
0.5320550203323364,1
0.5433571338653564,1
0.557424783706665,1
0.5022419691085815,1
0.5199486017227173,1
0.5394729971885681,1
0.5023061037063599,1
0.5245672464370728,1
0.47596919536590576,1
0.5247927904129028,1
0.53005450963974,1
0.5094345808029175,1
0.5054397583007813,1
0.5167633295059204,1
0.5248632431030273,1
0.5120300650596619,1
0.46681445837020874,1
0.5995631217956543,1
0.5545463562011719,1
0.49405235052108765,1
0.5315169095993042,1
0.5105229616165161,1
0.6008208990097046,1
0.4924073815345764,1
0.46197614073753357,1
0.48927032947540283,1
0.4832828640937805,1
0.5215983390808105,1
0.5002307295799255,1
0.5040644407272339,1
0.5041574239730835,1
0.4476901590824127,1
0.49358421564102173,1
0.531792402267456,1
0.5135806798934937,1
0.5208621025085449,1
0.5782417058944702,1
0.47131407260894775,1
0.4535936713218689,1
0.49981242418289185,1
0.5264460444450378,1
0.5914592742919922,1
0.5078405141830444,1
0.5050567984580994,1
0.5203325152397156,1
0.5111629366874695,1
0.47603553533554077,1
0.49979448318481445,1
0.5499297380447388,1
0.472420334815979,1
0.47798898816108704,1
0.482024610042572,1
0.5372674465179443,1
0.48271840810775757,1
0.5014876127243042,1
0.4935252368450165,1
0.5311834812164307,1
0.4946609437465668,1
0.5254939794540405,1
0.48705631494522095,1
0.48076868057250977,1
0.47318077087402344,1
0.5393214225769043,1
0.4865662455558777,1
0.5092131495475769,1
0.49800392985343933,1
0.4915628433227539,1
0.4981556534767151,1
0.5139883756637573,1
0.54817795753479,1
0.5425686836242676,1
0.5036314129829407,1
0.539073646068573,1
0.495082825422287,1
0.5108018517494202,1
0.5271687507629395,1
0.5207850933074951,1
0.5159953832626343,1
0.46486204862594604,1
0.5036889314651489,1
0.520915150642395,1
0.5380474925041199,1
0.5103225111961365,1
0.5162042379379272,1
0.507439136505127,1
0.5518875122070313,1
0.5396008491516113,1
0.5026717782020569,1
0.5564827919006348,1
0.5435794591903687,1
0.5072921514511108,1
0.5291688442230225,1
0.562429666519165,1
0.48991385102272034,1
0.5084031224250793,1
0.49603766202926636,1
0.4856933653354645,1
0.4798600971698761,1
0.4622284173965454,1
0.47438710927963257,1
0.5020372867584229,1
0.541668176651001,1
0.5119360685348511,1
0.4978831708431244,1
0.48320817947387695,1
0.4826699495315552,1
0.5161179304122925,1
0.5146058201789856,1
0.5634653568267822,1
0.49471843242645264,1
0.4728702902793884,1
0.5393703579902649,1
0.43766748905181885,1
0.5660589933395386,1
0.5042132139205933,1
0.5452060699462891,1
0.5517251491546631,1
0.532362699508667,1
0.45917385816574097,1
0.4659835994243622,1
0.5098097324371338,1
0.5381519794464111,1
0.484933078289032,1
0.5189530849456787,1
0.49537450075149536,1
0.48641854524612427,1
0.48103684186935425,1
0.5163561105728149,1
0.5482915043830872,1
0.4987821578979492,1
0.5329040288925171,1
0.5115877389907837,1
0.5100482702255249,1
0.5215667486190796,1
0.5097339749336243,1
0.4659380316734314,1
0.5065832734107971,1
0.5324969291687012,1
0.4978558421134949,1
0.5076661705970764,1
0.4970419108867645,1
0.5096538066864014,1
0.5335071682929993,1
0.5358090996742249,1
0.4807910919189453,1
0.5031029582023621,1
0.5192934274673462,1
0.48573899269104004,1
0.5396116971969604,1
0.46715933084487915,1
0.46879151463508606,1
0.5442190170288086,1
0.46247386932373047,1
0.5342190861701965,1
0.5146732926368713,1
0.5565484166145325,1
0.5459953546524048,1
0.4613460600376129,1
0.5417177677154541,1
0.48057907819747925,1
0.473408579826355,1
0.4707045257091522,1
0.506382405757904,1
0.4749949872493744,1
0.49008870124816895,1
0.5161570906639099,1
0.5019745230674744,1
0.5298965573310852,1
0.5061533451080322,1
0.45428627729415894,1
0.5350693464279175,1
0.5548771619796753,1
0.45812055468559265,1
0.48572370409965515,1
0.46316730976104736,1
0.536742091178894,1
0.4763573408126831,1
0.5733605623245239,1
0.5025610327720642,1
0.5138488411903381,1
0.48232752084732056,1
0.5567623376846313,1
0.48394834995269775,1
0.46627068519592285,1
0.4734705090522766,1
0.5207486152648926,1
0.48908185958862305,1
0.5279383659362793,1
0.4571845531463623,1
0.48693716526031494,1
0.5003601908683777,1
0.4652233123779297,1
0.4828947186470032,1
0.5386764407157898,1
0.5440155267715454,1
0.4861670136451721,1
0.4776909351348877,1
0.5337744355201721,1
0.5444303750991821,1
0.484483540058136,1
0.5276800394058228,1
0.5157914161682129,1
0.5286097526550293,1
0.4575458765029907,1
0.49291670322418213,1
0.5602812170982361,1
0.5233017206192017,1
0.4669608473777771,1
0.4437178373336792,1
0.48141729831695557,1
0.48210278153419495,1
0.46851781010627747,1
0.4536826014518738,1
0.5520876049995422,1
0.5511077642440796,1
0.5074962377548218,1
0.5099749565124512,1
0.47176530957221985,1
0.5521420240402222,1
0.48020249605178833,1
0.49538707733154297,1
0.5056836605072021,1
0.4786761999130249,1
0.47233206033706665,1
0.4880267381668091,1
0.5162529945373535,1
0.5274993181228638,1
0.4827727675437927,1
0.47864705324172974,1
0.4934590756893158,1
0.5251812934875488,1
0.5407024621963501,1
0.5256289839744568,1
0.5084657669067383,1
0.5073188543319702,1
0.49216365814208984,1
0.4439685344696045,1
0.5103915929794312,1
0.522219181060791,1
0.4994555711746216,1
0.44929617643356323,1
0.5286227464675903,1
0.4890669584274292,1
0.49955758452415466,1
0.532606840133667,1
0.48055124282836914,1
0.5251089334487915,1
0.4992119073867798,1
0.5223657488822937,1
0.505131721496582,1
0.5239464640617371,1
0.49621647596359253,1
0.4739648699760437,1
0.5213198661804199,1
0.45987528562545776,1
0.47975122928619385,1
0.4991452693939209,1
0.5049494504928589,1
0.5058761239051819,1
0.5002679824829102,1
0.487059086561203,1
0.5078620314598083,1
0.5046865344047546,1
0.49752289056777954,1
0.5504344701766968,1
0.5111998319625854,1
0.5616815686225891,1
0.5357613563537598,1
0.4896453619003296,1
0.5268198251724243,1
0.5951437950134277,1
0.5101145505905151,1
0.43327438831329346,1
0.5203282237052917,1
0.4540092945098877,1
0.49327459931373596,1
0.5028337240219116,1
0.5878148078918457,1
0.5280959606170654,1
0.5112223625183105,1
0.4690234363079071,1
0.48867741227149963,1
0.5195651054382324,1
0.5643892288208008,1
0.4545970857143402,1
0.5042479038238525,1
0.5556365251541138,1
0.5064306259155273,1
0.5074671506881714,1
0.5052745342254639,1
0.492713063955307,1
0.5074271559715271,1
0.4761430025100708,1
0.509130597114563,1
0.5193979740142822,1
0.4905034303665161,1
0.4901150166988373,1
0.5478405952453613,1
0.5023922920227051,1
0.45657211542129517,1
0.48559945821762085,1
0.4884164333343506,1
0.5052974224090576,1
0.5283221006393433,1
0.5289772748947144,1
0.4874553084373474,1
0.5413163900375366,1
0.4941423833370209,1
0.5241309404373169,1
0.48538073897361755,1
0.5511990785598755,1
0.48180675506591797,1
0.5070070624351501,1
0.5031172037124634,1
0.4844260513782501,1
0.5112148523330688,1
0.4952726364135742,1
0.45400485396385193,1
0.5227474570274353,1
0.5040297508239746,1
0.5025581121444702,1
0.5442053079605103,1
0.5383225679397583,1
0.4785082936286926,1
0.5024460554122925,1
0.4720156788825989,1
0.5664618015289307,1
0.49659138917922974,1
0.4860382676124573,1
0.5291547775268555,1
0.48461538553237915,1
0.5449942350387573,1
0.5188694000244141,1
0.49258142709732056,1
0.492658406496048,1
0.4919412136077881,1
0.5761986970901489,1
0.514443039894104,1
0.527069091796875,1
0.4878064692020416,1
0.4687911868095398,1
0.5035266876220703,1
0.5098498463630676,1
0.4907309412956238,1
0.4967988133430481,1
0.495802640914917,1
0.5196168422698975,1
0.5010986328125,1
0.5151939988136292,1
0.5086461305618286,1
0.4659454822540283,1
0.5234167575836182,1
0.5479298830032349,1
0.487968772649765,1
0.5165311098098755,1
0.529217004776001,1
0.5043494701385498,1
0.5284936428070068,1
0.575223982334137,1
0.5131310820579529,1
0.5306283235549927,1
0.5431665182113647,1
0.4690161347389221,1
0.5076565742492676,1
0.5369974374771118,1
0.4932076930999756,1
0.47604990005493164,1
0.49922773241996765,1
0.49883976578712463,1
0.46844223141670227,1
0.4893462061882019,1
0.5147666335105896,1
0.5089770555496216,1
0.5524500012397766,1
0.5525158643722534,1
0.5014374256134033,1
0.4559866189956665,1
0.533149003982544,1
0.4998477101325989,1
0.4708291292190552,1
0.4907480478286743,1
0.466421902179718,1
0.47697463631629944,1
0.5122537612915039,1
0.49880725145339966,1
0.48699328303337097,1
0.4773004651069641,1
0.49290838837623596,1
0.4834396243095398,1
0.5110011100769043,1
0.5668494701385498,1
0.4603099226951599,1
0.5258838534355164,1
0.5071099400520325,1
0.43842869997024536,1
0.5097165107727051,1
0.4942096173763275,1
0.5150901675224304,1
0.4474075436592102,1
0.538343071937561,1
0.5279840230941772,1
0.494980126619339,1
0.4789172112941742,1
0.5454579591751099,1
0.5143458247184753,1
0.4387715458869934,1
0.4657065272331238,1
0.5119286775588989,1
0.5402482748031616,1
0.5351053476333618,1
0.4758034944534302,1
0.5239005088806152,1
0.4816586375236511,1
0.5216498970985413,1
0.5273462533950806,1
0.5256136655807495,1
0.47253966331481934,1
0.5735080242156982,1
0.5256897807121277,1
0.5120913982391357,1
0.47821271419525146,1
0.4857392907142639,1
0.5629198551177979,1
0.49936655163764954,1
0.5064008831977844,1
0.5052647590637207,1
0.5480110049247742,1
0.5133953094482422,1
0.49294307827949524,1
0.4750233292579651,1
0.5374116897583008,1
0.5078060626983643,1
0.5382243990898132,1
0.5662383437156677,1
0.4826868176460266,1
0.46580374240875244,1
0.5083068609237671,1
0.5078281164169312,1
0.47449424862861633,1
0.49435296654701233,1
0.48877233266830444,1
0.5173932313919067,1
0.5209405422210693,1
0.5181910991668701,1
0.5031861066818237,1
0.47934991121292114,1
0.5428590774536133,1
0.4525107741355896,1
0.4756146967411041,1
0.5143460035324097,1
0.4934333264827728,1
0.5107889175415039,1
0.5310695767402649,1
0.4513440728187561,1
0.531950831413269,1
0.5148698687553406,1
0.5139286518096924,1
0.505878210067749,1
0.4934016466140747,1
0.49396947026252747,1
0.4868505597114563,1
0.5090824961662292,1
0.5218679904937744,1
0.4876576066017151,1
0.5078132152557373,1
0.5027177929878235,1
0.5732424259185791,1
0.5334791541099548,1
0.4780730605125427,1
0.49946659803390503,1
0.49187394976615906,1
0.4984666109085083,1
0.5208466649055481,1
0.48649269342422485,1
0.5168641209602356,1
0.4254223704338074,1
0.46823257207870483,1
0.5627298355102539,1
0.527747392654419,1
0.5266991853713989,1
0.5042345523834229,1
0.5218590497970581,1
0.485023558139801,1
0.5252965688705444,1
0.4966718852519989,1
0.4894099533557892,1
0.5251978635787964,1
0.48927468061447144,1
0.4709208011627197,1
0.510448694229126,1
0.5001480579376221,1
0.4800527095794678,1
0.5442477464675903,1
0.5129971504211426,1
0.5414028763771057,1
0.48784852027893066,1
0.509421706199646,1
0.5157746076583862,1
0.5057337284088135,1
0.4675758183002472,1
0.4657074213027954,1
0.4748278856277466,1
0.5526340007781982,1
0.5031322240829468,1
0.5142145156860352,1
0.5373741984367371,1
0.5144729018211365,1
0.4734758734703064,1
0.5176882147789001,1
0.5487207174301147,1
0.48610109090805054,1
0.49408411979675293,1
0.49294936656951904,1
0.5635701417922974,1
0.5113312005996704,1
0.49757641553878784,1
0.5005778074264526,1
0.5113562345504761,1
0.47087082266807556,1
0.49485623836517334,1
0.5220571756362915,1
0.5083532333374023,1
0.4950302243232727,1
0.5528059005737305,1
0.47579002380371094,1
0.5579373836517334,1
0.5063058137893677,1
0.47523003816604614,1
0.5243053436279297,1
0.5019022822380066,1
0.5075807571411133,1
0.4885009527206421,1
0.4795675575733185,1
0.4923548102378845,1
0.498955100774765,1
0.5192463397979736,1
0.5734571218490601,1
0.5164996981620789,1
0.47481364011764526,1
0.48985299468040466,1
0.48522594571113586,1
0.5593103170394897,1
0.4988973140716553,1
0.5085163116455078,1
0.5276451110839844,1
0.4793030023574829,1
0.5351398587226868,1
0.5332390069961548,1
0.49508246779441833,1
0.5096645355224609,1
0.49738284945487976,1
0.4840310513973236,1
0.46496114134788513,1
0.5440442562103271,1
0.5473055243492126,1
0.48619699478149414,1
0.5096144676208496,1
0.5632675290107727,1
0.5100647807121277,1
0.5004516839981079,1
0.48295459151268005,1
0.4904583692550659,1
0.42614322900772095,1
0.4496036767959595,1
0.5441654920578003,1
0.5182029008865356,1
0.5180343389511108,1
0.538866400718689,1
0.4973984956741333,1
0.49792665243148804,1
0.5076957941055298,1
0.5777645111083984,1
0.4961232841014862,1
0.494055837392807,1
0.5011281967163086,1
0.49705109000205994,1
0.4488627314567566,1
0.5147609114646912,1
0.49303221702575684,1
0.5254393815994263,1
0.5443128347396851,1
0.5083969831466675,1
0.47503840923309326,1
0.4869352877140045,1
0.5247337818145752,1
0.5377618074417114,1
0.4916234612464905,1
0.4919075667858124,1
0.5412566065788269,1
0.5489263534545898,1
0.48624277114868164,1
0.5408376455307007,1
0.5069095492362976,1
0.5463961362838745,1
0.5040914416313171,1
0.5269804000854492,1
0.49069178104400635,1
0.4822741150856018,1
0.5359941720962524,1
0.49699294567108154,1
0.4790523052215576,1
0.5316994190216064,1
0.4869612157344818,1
0.4522911608219147,1
0.47366803884506226,1
0.5858432054519653,1
0.4945722818374634,1
0.4687401056289673,1
0.46659618616104126,1
0.5404527187347412,1
0.5028453469276428,1
0.49166005849838257,1
0.5335853099822998,1
0.5222219228744507,1
0.5201399326324463,1
0.5061449408531189,1
0.5114633440971375,1
0.5293769836425781,1
0.550179123878479,1
0.49333006143569946,1
0.5185227990150452,1
0.4600503444671631,1
0.47826260328292847,1
0.5546512603759766,1
0.4685291647911072,1
0.48852264881134033,1
0.482869416475296,1
0.5024847984313965,1
0.48189181089401245,1
0.509817361831665,1
0.4884163737297058,1
0.47730326652526855,1
0.5478032827377319,1
0.5367152690887451,1
0.5587745904922485,1
0.46567076444625854,1
0.5424262285232544,1
0.4766651391983032,1
0.45095524191856384,1
0.5039381980895996,1
0.5133926272392273,1
0.5401052236557007,1
0.5092793703079224,1
0.524114727973938,1
0.5015569925308228,1
0.5096712708473206,1
0.50372314453125,1
0.4646042585372925,1
0.47401726245880127,1
0.5253885984420776,1
0.5192926526069641,1
0.5009536147117615,1
0.47685593366622925,1
0.5319687128067017,1
0.48304080963134766,1
0.46132373809814453,1
0.4855100214481354,1
0.5134875178337097,1
0.5760876536369324,1
0.49959003925323486,1
0.5311316251754761,1
0.5519566535949707,1
0.5238416194915771,1
0.5478670597076416,1
0.5120729804039001,1
0.5828364491462708,1
0.5242672562599182,1
0.497132271528244,1
0.49680274724960327,1
0.48919615149497986,1
0.4895244836807251,1
0.5524711012840271,1
0.5143305659294128,1
0.5267535448074341,1
0.48779410123825073,1
0.5097270011901855,1
0.513168215751648,1
0.5269608497619629,1
0.4868580400943756,1
0.45124733448028564,1
0.45842206478118896,1
0.5286626815795898,1
0.46129828691482544,1
0.5289885401725769,1
0.5008114576339722,1
0.514620304107666,1
0.5227329730987549,1
0.4754449427127838,1
0.5503643155097961,1
0.4624241888523102,1
0.4705105423927307,1
0.49890726804733276,1
0.52411288022995,1
0.5056251883506775,1
0.511332631111145,1
0.589249312877655,1
0.5168724060058594,1
0.4803844690322876,1
0.5098345279693604,1
0.5377873182296753,1
0.5182321071624756,1
0.5077806115150452,1
0.5028349757194519,1
0.552228569984436,1
0.5549973845481873,1
0.47993236780166626,1
0.5091767907142639,1
0.5082127451896667,1
0.5126506090164185,1
0.5141959190368652,1
0.48259788751602173,1
0.5161533355712891,1
0.5042019486427307,1
0.4979470670223236,1
0.5292131900787354,1
0.495382696390152,1
0.48681819438934326,1
0.5497422218322754,1
0.5285365581512451,1
0.5000817775726318,1
0.5666578412055969,1
0.50816810131073,1
0.5328302383422852,1
0.5396098494529724,1
0.4658350348472595,1
0.5353931784629822,1
0.48923343420028687,1
0.5168167352676392,1
0.5023080110549927,1
0.43144452571868896,1
0.5580617189407349,1
0.4864588975906372,1
0.48943188786506653,1
0.5010563135147095,1
0.5364221334457397,1
0.5115431547164917,1
0.4861312508583069,1
0.5024543404579163,1
0.5064311027526855,1
0.56023108959198,1
0.5472736358642578,1
0.4569205045700073,1
0.490235298871994,1
0.5133348107337952,1
0.4729852080345154,1
0.5228156447410583,1
0.5067377686500549,1
0.5209910869598389,1
0.522106409072876,1
0.4925207495689392,1
0.5096625089645386,1
0.4790927767753601,1
0.5160389542579651,1
0.5334349870681763,1
0.5068626999855042,1
0.4872770309448242,1
0.5203491449356079,1
0.512436032295227,1
0.4864824712276459,1
0.5255133509635925,1
0.5662037134170532,1
0.54621821641922,1
0.5234972238540649,1
0.5053273439407349,1
0.525274395942688,1
0.5109811425209045,1
0.569831371307373,1
0.5571833848953247,1
0.5067194700241089,1
0.5215755701065063,1
0.48563218116760254,1
0.5207520723342896,1
0.4877658486366272,1
0.5093899965286255,1
0.4424324333667755,1
0.5116971731185913,1
0.5235017538070679,1
0.4943670630455017,1
0.5122252702713013,1
0.5276831388473511,1
0.5056610107421875,1
0.5414286851882935,1
0.5193668007850647,1
0.4793950915336609,1
0.4967505931854248,1
0.49906063079833984,1
0.5385946035385132,1
0.49678531289100647,1
0.4792248606681824,1
0.48761314153671265,1
0.47633492946624756,1
0.568192720413208,1
0.5444728136062622,1
0.5333939790725708,1
0.5562347769737244,1
0.4754588007926941,1
0.44986456632614136,1
0.4822651147842407,1
0.46003609895706177,1
0.5204468965530396,1
0.5215390920639038,1
0.45689085125923157,1
0.5564872622489929,1
0.500790536403656,1
0.4654732644557953,1
0.48831844329833984,1
0.4798335134983063,1
0.4989994168281555,1
0.482384592294693,1
0.5046615600585938,1
0.5121219158172607,1
0.4890354573726654,1
0.5310981273651123,1
0.4635467529296875,1
0.4576559066772461,1
0.5159416794776917,1
0.5138524174690247,1
0.490009069442749,1
0.5358685255050659,1
0.5307946801185608,1
0.49999889731407166,1
0.49343109130859375,1
0.5477392077445984,1
0.5202145576477051,1
0.4945799708366394,1
0.4667208194732666,1
0.48690399527549744,1
0.5196101069450378,1
0.4687618315219879,1
0.546370267868042,1
0.5187165141105652,1
0.5291318297386169,1
0.5667984485626221,1
0.5444405674934387,1
0.4851802587509155,1
0.5576983690261841,1
0.47416943311691284,1
0.5056228637695313,1
0.5265511274337769,1
0.5156100392341614,1
0.5010597705841064,1
0.4901568591594696,1
0.49449488520622253,1
0.5235110521316528,1
0.4952028691768646,1
0.5307703614234924,1
0.45319581031799316,1
0.5053157210350037,1
0.4934633672237396,1
0.5204172134399414,1
0.4901532530784607,1
0.5169737935066223,1
0.54365473985672,1
0.5194164514541626,1
0.5152550935745239,1
0.44494712352752686,1
0.49052339792251587,1
0.548160195350647,1
0.5144497752189636,1
0.5051902532577515,1
0.47644203901290894,1
0.5048931837081909,1
0.5070508718490601,1
0.4424997866153717,1
0.5012965202331543,1
0.5123414993286133,1
0.5427970886230469,1
0.5495123267173767,1
0.5050047636032104,1
0.4866759181022644,1
0.5183194875717163,1
0.5329786539077759,1
0.4499659538269043,1
0.5046536326408386,1
0.5313735604286194,1
0.4718918204307556,1
0.4688031077384949,1
0.47475534677505493,1
0.4667808413505554,1
0.49137818813323975,1
0.5216025710105896,1
0.5292216539382935,1
0.5111477375030518,1
0.4842566251754761,1
0.5487107038497925,1
0.539779007434845,1
0.5178641080856323,1
0.5142403841018677,1
0.5451515316963196,1
0.5146400928497314,1
0.4711591601371765,1
0.49083125591278076,1
0.49849167466163635,1
0.48972418904304504,1
0.5074288249015808,1
0.4916348457336426,1
0.5066940784454346,1
0.4658588171005249,1
0.5059167742729187,1
0.5376750230789185,1
0.4684225022792816,1
0.4931054413318634,1
0.5201244354248047,1
0.5297564268112183,1
0.5405153036117554,1
0.5509285926818848,1
0.5256073474884033,1
0.4910333752632141,1
0.4651731848716736,1
0.4899749755859375,1
0.519629955291748,1
0.5299922227859497,1
0.45331522822380066,1
0.5751471519470215,1
0.4931480586528778,1
0.5120744705200195,1
0.4920923411846161,1
0.5514596104621887,1
0.4932788610458374,1
0.5614746809005737,1
0.5425865650177002,1
0.46745699644088745,1
0.5107191801071167,1
0.5805055499076843,1
0.5339925289154053,1
0.4713965058326721,1
0.5724555253982544,1
0.5090497732162476,1
0.5054161548614502,1
0.49447742104530334,1
0.5275543928146362,1
0.5047334432601929,1
0.5020848512649536,1
0.49311691522598267,1
0.5168883800506592,1
0.5080598592758179,1
0.48605844378471375,1
0.4869483709335327,1
0.5418133735656738,1
0.5397458076477051,1
0.512501060962677,1
0.5152158141136169,1
0.5310086011886597,1
0.5187155604362488,1
0.5038998126983643,1
0.5233792066574097,1
0.5707536935806274,1
0.495334267616272,1
0.4986920952796936,1
0.4821893572807312,1
0.5146784782409668,1
0.5202025175094604,1
0.5277928113937378,1
0.5279419422149658,1
0.4947146475315094,1
0.5200005769729614,1
0.482252836227417,1
0.5330985188484192,1
0.47094109654426575,1
0.5223143696784973,1
0.5352731943130493,1
0.5111311674118042,1
0.47595447301864624,1
0.5163580179214478,1
0.5880255699157715,1
0.5029533505439758,1
0.5491713285446167,1
0.49224019050598145,1
0.44042813777923584,1
0.488303542137146,1
0.4895508885383606,1
0.5145851373672485,1
0.47900229692459106,1
0.5568811893463135,1
0.46219342947006226,1
0.4852828085422516,1
0.5192793607711792,1
0.4796452820301056,1
0.530036211013794,1
0.45350581407546997,1
0.5454076528549194,1
0.47499871253967285,1
0.5081119537353516,1
0.509240984916687,1
0.48067668080329895,1
0.5481740832328796,1
0.5106423497200012,1
0.523023784160614,1
0.47717469930648804,1
0.5272518396377563,1
0.4834047555923462,1
0.5142546892166138,1
0.48475849628448486,1
0.48248764872550964,1
0.5016831755638123,1
0.5253685712814331,1
0.45987415313720703,1
0.5142407417297363,1
0.4730987846851349,1
0.5409663319587708,1
0.5014510154724121,1
0.5522743463516235,1
0.47454965114593506,1
0.5416164398193359,1
0.4993097484111786,1
0.5419555306434631,1
0.5632690787315369,1
0.5029081106185913,1
0.49862536787986755,1
0.5191549062728882,1
0.5245438814163208,1
0.49880075454711914,1
0.5111023187637329,1
0.5091184377670288,1
0.5011484622955322,1
0.4996661841869354,1
0.524267852306366,1
0.5474975109100342,1
0.5468348264694214,1
0.44321930408477783,1
0.5422738790512085,1
0.4653833508491516,1
0.5096147060394287,1
0.5026068091392517,1
0.4830052852630615,1
0.4897088408470154,1
0.5155079364776611,1
0.5606095790863037,1
0.5491576194763184,1
0.5070666074752808,1
0.5039567947387695,1
0.49371469020843506,1
0.5283177495002747,1
0.512852668762207,1
0.513450026512146,1
0.5094264149665833,1
0.5138312578201294,1
0.5237927436828613,1
0.47338801622390747,1
0.502617359161377,1
0.5009586215019226,1
0.47069787979125977,1
0.5269743204116821,1
0.4715237021446228,1
0.5071026682853699,1
0.5185832977294922,1
0.5436980724334717,1
0.48651322722435,1
0.49855053424835205,1
0.5087158679962158,1
0.5530458092689514,1
0.5205262303352356,1
0.49857139587402344,1
0.48452675342559814,1
0.5198639631271362,1
0.49994125962257385,1
0.4812830984592438,1
0.5113295912742615,1
0.6063253879547119,1
0.5105661749839783,1
0.5274783372879028,1
0.48339495062828064,1
0.48603397607803345,1
0.5599039793014526,1
0.48787063360214233,1
0.43533188104629517,1
0.5368576049804688,1
0.5193853378295898,1
0.44552847743034363,1
0.4827576279640198,1
0.47439584136009216,1
0.5217152833938599,1
0.5501101016998291,1
0.47974252700805664,1
0.5513597130775452,1
0.5758036375045776,1
0.48758554458618164,1
0.5575655698776245,1
0.5380433797836304,1
0.5128718614578247,1
0.5516291856765747,1
0.4808313250541687,1
0.4979577660560608,1
0.46671628952026367,1
0.48040610551834106,1
0.5460716485977173,1
0.513960599899292,1
0.5655617117881775,1
0.5730271339416504,1
0.5754386186599731,1
0.4944508969783783,1
0.5147321820259094,1
0.49472612142562866,1
0.512626051902771,1
0.5314515829086304,1
0.4740326702594757,1
0.5106592774391174,1
0.49476876854896545,1
0.5279472470283508,1
0.4961497187614441,1
0.5133370161056519,1
0.4754970073699951,1
0.5094865560531616,1
0.5301856994628906,1
0.4863409399986267,1
0.5150320529937744,1
0.49040865898132324,1
0.49772998690605164,1
0.49967944622039795,1
0.5301616787910461,1
0.5385791659355164,1
0.506070613861084,1
0.5657685995101929,1
0.48890721797943115,1
0.5127090215682983,1
0.5437947511672974,1
0.47751349210739136,1
0.44704362750053406,1
0.5144978165626526,1
0.5085950493812561,1
0.4253702461719513,1
0.4916800558567047,1
0.5100218057632446,1
0.5297133922576904,1
0.4784938097000122,1
0.4960405230522156,1
0.4928983449935913,1
0.5249266028404236,1
0.5635198354721069,1
0.49126654863357544,1
0.4455593526363373,1
0.47894009947776794,1
0.5096060037612915,1
0.5004243850708008,1
0.46094512939453125,1
0.5066590309143066,1
0.47365614771842957,1
0.4854491651058197,1
0.541579008102417,1
0.504346489906311,1
0.5443927049636841,1
0.475910484790802,1
0.4708358645439148,1
0.504125714302063,1
0.5257618427276611,1
0.5170446634292603,1
0.5285955667495728,1
0.4401216506958008,1
0.4798727333545685,1
0.523117184638977,1
0.5085762739181519,1
0.5520213842391968,1
0.5057511329650879,1
0.4876454770565033,1
0.5148712992668152,1
0.5440009832382202,1
0.5067845582962036,1
0.5731453895568848,1
0.47870200872421265,1
0.4566863179206848,1
0.4905190169811249,1
0.4779418110847473,1
0.5029463768005371,1
0.4790513515472412,1
0.4897400140762329,1
0.5374811887741089,1
0.5094965696334839,1
0.4775972366333008,1
0.5240359902381897,1
0.5119030475616455,1
0.5460647344589233,1
0.5011712312698364,1
0.5419687628746033,1
0.4816822111606598,1
0.4998524785041809,1
0.5304923057556152,1
0.5040096044540405,1
0.49596506357192993,1
0.5171448588371277,1
0.5013331174850464,1
0.5000463724136353,1
0.5191141366958618,1
0.5008803606033325,1
0.5386450886726379,1
0.4818887710571289,1
0.574111819267273,1
0.5307988524436951,1
0.506733775138855,1
0.5112504959106445,1
0.5307888984680176,1
0.5648699402809143,1
0.5372081995010376,1
0.49264752864837646,1
0.5180709362030029,1
0.5015902519226074,1
0.568785548210144,1
0.5485564470291138,1
0.5343372821807861,1
0.5680009126663208,1
0.5107631683349609,1
0.5259661674499512,1
0.5748310685157776,1
0.5202513933181763,1
0.5501543283462524,1
0.5138957500457764,1
0.5077146291732788,1
0.5439972877502441,1
0.5646587610244751,1
0.5256738662719727,1
0.5110883116722107,1
0.4859048128128052,1
0.4659497141838074,1
0.5178543329238892,1
0.512748122215271,1
0.5240090489387512,1
0.5315423011779785,1
0.5064733028411865,1
0.5830802917480469,1
0.5031477212905884,1
0.521191418170929,1
0.47767266631126404,1
0.49977099895477295,1
0.4886222779750824,1
0.503512442111969,1
0.5222691297531128,1
0.5022158622741699,1
0.47905170917510986,1
0.5425176024436951,1
0.4601849913597107,1
0.5341020822525024,1
0.559393584728241,1
0.5342634916305542,1
0.4677629768848419,1
0.48278212547302246,1
0.49573367834091187,1
0.5066664814949036,1
0.5280615091323853,1
0.5448950529098511,1
0.5672066807746887,1
0.4993337392807007,1
0.49128225445747375,1
0.4785788357257843,1
0.5070868134498596,1
0.4929485619068146,1
0.4550306499004364,1
0.5477128028869629,1
0.5541404485702515,1
0.5048041343688965,1
0.5169583559036255,1
0.5533409714698792,1
0.5166504383087158,1
0.47340846061706543,1
0.4896153509616852,1
0.5372121334075928,1
0.5905743837356567,1
0.541074275970459,1
0.5395649075508118,1
0.4681655168533325,1
0.49406594038009644,1
0.5096784830093384,1
0.4978070855140686,1
0.5170149803161621,1
0.5290151238441467,1
0.5960668921470642,1
0.4435969889163971,1
0.539474606513977,1
0.48875001072883606,1
0.5822627544403076,1
0.5030712485313416,1
0.5155305862426758,1
0.4901284873485565,1
0.5545612573623657,1
0.5531473159790039,1
0.5093759894371033,1
0.5237284898757935,1
0.5011764168739319,1
0.4770958423614502,1
0.5087913870811462,1
0.52800053358078,1
0.5314229726791382,1
0.47128957509994507,1
0.5173310041427612,1
0.5322391986846924,1
0.5364747047424316,1
0.47046002745628357,1
0.4914661645889282,1
0.5098336338996887,1
0.5161482095718384,1
0.5107417106628418,1
0.5252372026443481,1
0.4799656569957733,1
0.4531551003456116,1
0.5253309011459351,1
0.49417203664779663,1
0.4833463132381439,1
0.5451064705848694,1
0.5001342296600342,1
0.4853084087371826,1
0.4789581894874573,1
0.5797793865203857,1
0.4878208041191101,1
0.4866665303707123,1
0.5327674150466919,1
0.46782997250556946,1
0.5316692590713501,1
0.49875640869140625,1
0.43707841634750366,1
0.5047270059585571,1
0.48355787992477417,1
0.4870215654373169,1
0.5785651206970215,1
0.491260290145874,1
0.5485065579414368,1
0.4875529706478119,1
0.509872555732727,1
0.5164362192153931,1
0.545158863067627,1
0.5189974308013916,1
0.46243101358413696,1
0.46542292833328247,1
0.5179985761642456,1
0.5388666391372681,1
0.5456827878952026,1
0.4938890337944031,1
0.5051397085189819,1
0.47434526681900024,1
0.4972432851791382,1
0.47258007526397705,1
0.5208300352096558,1
0.49936002492904663,1
0.5450879335403442,1
0.5352197885513306,1
0.4838251769542694,1
0.517447829246521,1
0.45875877141952515,1
0.5319186449050903,1
0.5343676805496216,1
0.5038257241249084,1
0.5350978374481201,1
0.5075422525405884,1
0.5309716463088989,1
0.5439448952674866,1
0.4887840747833252,1
0.5079161524772644,1
0.45466265082359314,1
0.5386486053466797,1
0.5754595994949341,1
0.5747290849685669,1
0.4323520362377167,1
0.5076196789741516,1
0.5350633859634399,1
0.465111643075943,1
0.4967271685600281,1
0.49444782733917236,1
0.4587603211402893,1
0.4725632071495056,1
0.5041099786758423,1
0.48873019218444824,1
0.5285351276397705,1
0.5206106901168823,1
0.48794621229171753,1
0.5628089904785156,1
0.5408112406730652,1
0.513200044631958,1
0.4953506588935852,1
0.4815598130226135,1
0.49328362941741943,1
0.5155719518661499,1
0.44126060605049133,1
0.5354529023170471,1
0.5246403813362122,1
0.5179556608200073,1
0.5465891361236572,1
0.5040339231491089,1
0.466359406709671,1
0.4676332473754883,1
0.4542912244796753,1
0.525165319442749,1
0.5058645009994507,1
0.555241048336029,1
0.5247647762298584,1
0.5073812007904053,1
0.4785231351852417,1
0.5377438068389893,1
0.5327178239822388,1
0.5051652789115906,1
0.5126451849937439,1
0.5353407859802246,1
0.5410996675491333,1
0.47729045152664185,1
0.5238786935806274,1
0.5362208485603333,1
0.4734072685241699,1
0.4897400140762329,1
0.5144698023796082,1
0.5058992505073547,1
0.4913463294506073,1
0.5544708967208862,1
0.520902156829834,1
0.4993705153465271,1
0.4717234671115875,1
0.5502668023109436,1
0.47378385066986084,1
0.5176472663879395,1
0.5292502641677856,1
0.5531785488128662,1
0.4754742980003357,1
0.4790167212486267,1
0.48259076476097107,1
0.5046977996826172,1
0.4971417188644409,1
0.5105103254318237,1
0.5227797031402588,1
0.5020817518234253,1
0.48678457736968994,1
0.485409677028656,1
0.5768779516220093,1
0.4981566071510315,1
0.5755919814109802,1
0.521561861038208,1
0.4934214949607849,1
0.5202915668487549,1
0.4895932078361511,1
0.5360121726989746,1
0.522257924079895,1
0.503960371017456,1
0.4623779356479645,1
0.5785765647888184,1
0.5281305313110352,1
0.48717474937438965,1
0.44888585805892944,1
0.5206466913223267,1
0.48700058460235596,1
0.5641206502914429,1
0.5029978156089783,1
0.4798435866832733,1
0.5533849000930786,1
0.5265970230102539,1
0.4789736866950989,1
0.5189034938812256,1
0.54902184009552,1
0.5853099226951599,1
0.5233726501464844,1
0.5077230334281921,1
0.5091220140457153,1
0.5042317509651184,1
0.5064366459846497,1
0.4719597101211548,1
0.5330901145935059,1
0.47863897681236267,1
0.4941987693309784,1
0.5331356525421143,1
0.5278477072715759,1
0.5364616513252258,1
0.4993811249732971,1
0.49473342299461365,1
0.49363359808921814,1
0.5489425659179688,1
0.5043079257011414,1
0.5100791454315186,1
0.4851609170436859,1
0.5094717741012573,1
0.5295966863632202,1
0.47937920689582825,1
0.48720383644104004,1
0.4860173463821411,1
0.4626867175102234,1
0.5378670692443848,1
0.53035569190979,1
0.5027815103530884,1
0.5246120095252991,1
0.5103055834770203,1
0.5235601663589478,1
0.516834020614624,1
0.5868565440177917,1
0.4759663939476013,1
0.4844631254673004,1
0.4898117184638977,1
0.5356780290603638,1
0.5357754826545715,1
0.5471493005752563,1
0.5424308776855469,1
0.5021006464958191,1
0.5008409023284912,1
0.5481056571006775,1
0.5093507170677185,1
0.49467527866363525,1
0.5179968476295471,1
0.5234599709510803,1
0.4925975203514099,1
0.5175768733024597,1
0.5410424470901489,1
0.5376229286193848,1
0.49763643741607666,1
0.5128373503684998,1
0.5199352502822876,1
0.5195761919021606,1
0.4948834478855133,1
0.484768807888031,1
0.48207956552505493,1
0.49113729596138,1
0.47117096185684204,1
0.46655339002609253,1
0.5552078485488892,1
0.48786094784736633,1
0.5092867612838745,1
0.5402543544769287,1
0.5460739135742188,1
0.5324393510818481,1
0.5178118944168091,1
0.4635273516178131,1
0.5019002556800842,1
0.49130117893218994,1
0.5284124612808228,1
0.508031964302063,1
0.5277527570724487,1
0.5111967325210571,1
0.5443434715270996,1
0.4961290955543518,1
0.5269476175308228,1
0.46609625220298767,1
0.49461472034454346,1
0.4907820522785187,1
0.5337957143783569,1
0.5271673202514648,1
0.497774600982666,1
0.5505446195602417,1
0.504112958908081,1
0.5390872955322266,1
0.48495978116989136,1
0.4742753505706787,1
0.5280958414077759,1
0.5117729902267456,1
0.5385169982910156,1
0.5233268737792969,1
0.5580861568450928,1
0.5365869998931885,1
0.5291837453842163,1
0.5289222002029419,1
0.5532026886940002,1
0.5318912267684937,1
0.5300267934799194,1
0.49088653922080994,1
0.4910043179988861,1
0.4876917600631714,1
0.47211146354675293,1
0.5085715055465698,1
0.4970320463180542,1
0.46303096413612366,1
0.5336869359016418,1
0.5141585469245911,1
0.48184847831726074,1
0.5437630414962769,1
0.537765622138977,1
0.5219964385032654,1
0.5418988466262817,1
0.5212639570236206,1
0.5471497774124146,1
0.5031107664108276,1
0.45809391140937805,1
0.5048694610595703,1
0.5091874003410339,1
0.4810972809791565,1
0.48796117305755615,1
0.4732128381729126,1
0.522702693939209,1
0.5551643967628479,1
0.5029178857803345,1
0.5227263569831848,1
0.5412195920944214,1
0.5238338112831116,1
0.5132322311401367,1
0.48859959840774536,1
0.4800657629966736,1
0.5151206254959106,1
0.5418921709060669,1
0.4876263737678528,1
0.4882882237434387,1
0.4921153783798218,1
0.5041787624359131,1
0.5073995590209961,1
0.5013555288314819,1
0.4997427463531494,1
0.46959632635116577,1
0.5471284985542297,1
0.5523961782455444,1
0.522095263004303,1
0.513168215751648,1
0.5316041111946106,1
0.4778217077255249,1
0.5153374075889587,1
0.5475177764892578,1
0.4758647382259369,1
0.5575675368309021,1
0.5764568448066711,1
0.48759904503822327,1
0.48574817180633545,1
0.5223153829574585,1
0.5352013111114502,1
0.5272659063339233,1
0.5583998560905457,1
0.5033066272735596,1
0.5117314457893372,1
0.5175251960754395,1
0.5115938782691956,1
0.5020058751106262,1
0.5379942655563354,1
0.5097520351409912,1
0.492623507976532,1
0.47280097007751465,1
0.5461478233337402,1
0.5608850121498108,1
0.494771808385849,1
0.5091742277145386,1
0.5151833295822144,1
0.4858863949775696,1
0.5469472408294678,1
0.5468524694442749,1
0.5437471866607666,1
0.49016159772872925,1
0.5319743156433105,1
0.5100914835929871,1
0.4761991500854492,1
0.4765723645687103,1
0.5088441967964172,1
0.5149252414703369,1
0.49320369958877563,1
0.4432029724121094,1
0.4945325255393982,1
0.5097379088401794,1
0.5354154706001282,1
0.5257985591888428,1
0.5415360927581787,1
0.4736150801181793,1
0.536250650882721,1
0.49066922068595886,1
0.4892538785934448,1
0.5304869413375854,1
0.4768091142177582,1
0.5095897912979126,1
0.4974892735481262,1
0.5367960333824158,1
0.483037531375885,1
0.4539912939071655,1
0.5210996866226196,1
0.5246939659118652,1
0.5529388189315796,1
0.5322039723396301,1
0.5054594874382019,1
0.5311808586120605,1
0.505692183971405,1
0.5503711700439453,1
0.5025191903114319,1
0.47820764780044556,1
0.466890811920166,1
0.4903586208820343,1
0.4932843744754791,1
0.4757947623729706,1
0.4724324345588684,1
0.5230422019958496,1
0.4853369891643524,1
0.5011389851570129,1
0.5443620085716248,1
0.5357142686843872,1
0.5413779020309448,1
0.47856423258781433,1
0.5159093141555786,1
0.4855606257915497,1
0.48540863394737244,1
0.4789620041847229,1
0.48230716586112976,1
0.49816110730171204,1
0.49808818101882935,1
0.49354052543640137,1
0.4859682619571686,1
0.5154063105583191,1
0.516112208366394,1
0.4897000789642334,1
0.5249893069267273,1
0.5178865194320679,1
0.5798376202583313,1
0.5276124477386475,1
0.5878391861915588,1
0.4734281003475189,1
0.5017971992492676,1
0.48692065477371216,1
0.4395655393600464,1
0.5221941471099854,1
0.4478467106819153,1
0.48618513345718384,1
0.4822613000869751,1
0.5032694935798645,1
0.5130984783172607,1
0.4720897972583771,1
0.5371067523956299,1
0.5008583664894104,1
0.5234518051147461,1
0.5386800765991211,1
0.5023406744003296,1
0.5122606754302979,1
0.5167008638381958,1
0.5212469696998596,1
0.46091464161872864,1
0.5048195123672485,1
0.5237947702407837,1
0.5280575752258301,1
0.4779503047466278,1
0.46842825412750244,1
0.4879051744937897,1
0.5271414518356323,1
0.47936534881591797,1
0.5418471097946167,1
0.5323595404624939,1
0.49662381410598755,1
0.5197927951812744,1
0.49315881729125977,1
0.49905893206596375,1
0.47157007455825806,1
0.5167790651321411,1
0.45880353450775146,1
0.596431314945221,1
0.4693577289581299,1
0.4874435067176819,1
0.4793024957180023,1
0.5098458528518677,1
0.5337178707122803,1
0.440147340297699,1
0.4922843873500824,1
0.5870624780654907,1
0.5062520503997803,1
0.5375745296478271,1
0.5443220138549805,1
0.5098686814308167,1
0.500369668006897,1
0.503746747970581,1
0.5493329167366028,1
0.4781389832496643,1
0.4568990468978882,1
0.4282180666923523,1
0.480002224445343,1
0.48850709199905396,1
0.5167766809463501,1
0.4651987552642822,1
0.5356142520904541,1
0.4805350601673126,1
0.5111859440803528,1
0.5508638024330139,1
0.5129094123840332,1
0.4857483506202698,1
0.4996788501739502,1
0.5405782461166382,1
0.4946236312389374,1
0.5260469913482666,1
0.43952783942222595,1
0.5421978235244751,1
0.45673060417175293,1
0.5395276546478271,1
0.491191029548645,1
0.5108990669250488,1
0.5263705849647522,1
0.5292329788208008,1
0.562938392162323,1
0.511356770992279,1
0.4739810824394226,1
0.5120196342468262,1
0.4957711100578308,1
0.5085406303405762,1
0.5476330518722534,1
0.4816782772541046,1
0.47551029920578003,1
0.5037978291511536,1
0.5340189933776855,1
0.4865265488624573,1
0.5253955125808716,1
0.5063279867172241,1
0.574662446975708,1
0.5270017385482788,1
0.49935173988342285,1
0.5446106195449829,1
0.5238200426101685,1
0.5159403085708618,1
0.5466762185096741,1
0.5571538209915161,1
0.568199872970581,1
0.4712398946285248,1
0.4887211322784424,1
0.4996204376220703,1
0.47687214612960815,1
0.47915565967559814,1
0.5107604265213013,1
0.5073246955871582,1
0.48584693670272827,1
0.4708271622657776,1
0.5078960061073303,1
0.49703261256217957,1
0.4987374544143677,1
0.4764229357242584,1
0.566557765007019,1
0.4874173402786255,1
0.4765589237213135,1
0.4639987349510193,1
0.5075235962867737,1
0.4600943624973297,1
0.5250289440155029,1
0.5008418560028076,1
0.4621455669403076,1
0.5561056137084961,1
0.5196597576141357,1
0.5059596300125122,1
0.4584694504737854,1
0.5289175510406494,1
0.5225039720535278,1
0.514655590057373,1
0.5178741812705994,1
0.5733885765075684,1
0.4859966039657593,1
0.501928448677063,1
0.5723779201507568,1
0.5337157845497131,1
0.4954882264137268,1
0.4720055162906647,1
0.5287754535675049,1
0.49232402443885803,1
0.4467579424381256,1
0.48412445187568665,1
0.47292864322662354,1
0.47869545221328735,1
0.47182655334472656,1
0.5060652494430542,1
0.601593017578125,1
0.45048439502716064,1
0.5144934058189392,1
0.43695080280303955,1
0.4889827370643616,1
0.46027758717536926,1
0.467646062374115,1
0.5108065605163574,1
0.5512921214103699,1
0.5421901345252991,1
0.4868727922439575,1
0.5499329566955566,1
0.5031582117080688,1
0.5009492039680481,1
0.4675840139389038,1
0.5253756046295166,1
0.5215433835983276,1
0.5189940929412842,1
0.504706621170044,1
0.49023953080177307,1
0.48567089438438416,1
0.5262527465820313,1
0.507186233997345,1
0.5007774233818054,1
0.5424909591674805,1
0.5241230726242065,1
0.4999406635761261,1
0.5223957300186157,1
0.4273998439311981,1
0.5197299718856812,1
0.5052973031997681,1
0.47898879647254944,1
0.513471245765686,1
0.5708423852920532,1
0.5139032006263733,1
0.5287775993347168,1
0.4254019856452942,1
0.48366206884384155,1
0.46679502725601196,1
0.46123504638671875,1
0.5454444885253906,1
0.5644789338111877,1
0.5078357458114624,1
0.5133399963378906,1
0.5997669696807861,1
0.49866610765457153,1
0.5071178674697876,1
0.5181525945663452,1
0.5079507827758789,1
0.5410143136978149,1
0.4830055236816406,1
0.5060433149337769,1
0.4685943126678467,1
0.5415391325950623,1
0.555933952331543,1
0.4921897351741791,1
0.493457168340683,1
0.5273349285125732,1
0.5109386444091797,1
0.5445138216018677,1
0.4967293441295624,1
0.48832106590270996,1
0.48357242345809937,1
0.5074442028999329,1
0.5040920972824097,1
0.5345038175582886,1
0.5594208836555481,1
0.5323654413223267,1
0.46914324164390564,1
0.49069851636886597,1
0.5205490589141846,1
0.5101079940795898,1
0.5024082064628601,1
0.5276607275009155,1
0.4682016372680664,1
0.5481141209602356,1
0.48613303899765015,1
0.4872533977031708,1
0.5163857936859131,1
0.47532981634140015,1
0.555740475654602,1
0.5308482646942139,1
0.5198372006416321,1
0.4733312129974365,1
0.45644670724868774,1
0.5684540271759033,1
0.501121997833252,1
0.5306764841079712,1
0.5036893486976624,1
0.47946882247924805,1
0.5485233664512634,1
0.5679731369018555,1
0.5018318891525269,1
0.4669950604438782,1
0.5311201214790344,1
0.5520542860031128,1
0.5038540363311768,1
0.477047324180603,1
0.5184428691864014,1
0.5082606077194214,1
0.45435941219329834,1
0.5163059830665588,1
0.4798632264137268,1
0.4544300436973572,1
0.48516279458999634,1
0.5432887077331543,1
0.5016937255859375,1
0.48684296011924744,1
0.5345965623855591,1
0.5229079723358154,1
0.547031581401825,1
0.5838928818702698,1
0.4481234550476074,1
0.5270311236381531,1
0.541172981262207,1
0.45206379890441895,1
0.5047315359115601,1
0.5112979412078857,1
0.4903009831905365,1
0.4937228262424469,1
0.5054618716239929,1
0.5277414321899414,1
0.4581264853477478,1
0.5692995190620422,1
0.5118834376335144,1
0.5172284841537476,1
0.4617593288421631,1
0.5404670238494873,1
0.4890877902507782,1
0.5136892795562744,1
0.5256063938140869,1
0.44431784749031067,1
0.5163381695747375,1
0.5208953619003296,1
0.5343241691589355,1
0.4811502695083618,1
0.5203748941421509,1
0.5152512788772583,1
0.48905324935913086,1
0.5164381265640259,1
0.48842042684555054,1
0.5346466302871704,1
0.5390797257423401,1
0.5352334976196289,1
0.5180879831314087,1
0.5179751515388489,1
0.48205995559692383,1
0.5010495185852051,1
0.5043494701385498,1
0.48769962787628174,1
0.5112175941467285,1
0.4850507378578186,1
0.5234955549240112,1
0.4938153326511383,1
0.5236618518829346,1
0.5704799890518188,1
0.5273271203041077,1
0.44888272881507874,1
0.4583463966846466,1
0.5121461153030396,1
0.48923033475875854,1
0.5160195827484131,1
0.5215462446212769,1
0.4574117660522461,1
0.47068193554878235,1
0.5549179911613464,1
0.4989345669746399,1
0.4796079099178314,1
0.4936199188232422,1
0.5127601027488708,1
0.49690210819244385,1
0.47315657138824463,1
0.4744628071784973,1
0.4752822518348694,1
0.48898035287857056,1
0.5125241279602051,1
0.4915500581264496,1
0.5629837512969971,1
0.560961127281189,1
0.5193147659301758,1
0.5050017237663269,1
0.5031331777572632,1
0.4787386953830719,1
0.4819209575653076,1
0.4909924268722534,1
0.4929794669151306,1
0.5276710987091064,1
0.5523867607116699,1
0.5480377674102783,1
0.5027137398719788,1
0.5090046525001526,1
0.53361976146698,1
0.4967347979545593,1
0.4936188757419586,1
0.5518524050712585,1
0.5384308695793152,1
0.5455794930458069,1
0.5279356241226196,1
0.5144549012184143,1
0.48399654030799866,1
0.5602182149887085,1
0.5092687606811523,1
0.5195776224136353,1
0.548387885093689,1
0.5204919576644897,1
0.5411754846572876,1
0.5011804699897766,1
0.4927213788032532,1
0.5636782646179199,1
0.5170215964317322,1
0.5065953731536865,1
0.5073403120040894,1
0.48636823892593384,1
0.4980763792991638,1
0.5267330408096313,1
0.4761003255844116,1
0.48256242275238037,1
0.49522829055786133,1
0.4950394034385681,1
0.5222610235214233,1
0.48590534925460815,1
0.4897114634513855,1
0.4856097102165222,1
0.5167859792709351,1
0.4725040793418884,1
0.5286529660224915,1
0.48352766036987305,1
0.5481483936309814,1
0.5324886441230774,1
0.44475051760673523,1
0.5212591886520386,1
0.5553263425827026,1
0.5525551438331604,1
0.5009543299674988,1
0.5301245450973511,1
0.4635542631149292,1
0.4933686852455139,1
0.5048233270645142,1
0.49655240774154663,1
0.4879075586795807,1
0.5448795557022095,1
0.48703721165657043,1
0.5098589658737183,1
0.5279186964035034,1
0.4625394344329834,1
0.5101464986801147,1
0.5197911262512207,1
0.525901734828949,1
0.5131139755249023,1
0.4927636981010437,1
0.4971698522567749,1
0.4613046646118164,1
0.563202977180481,1
0.5838698744773865,1
0.467971533536911,1
0.4913235604763031,1
0.5588467121124268,1
0.5567790269851685,1
0.5285574197769165,1
0.454714298248291,1
0.47722670435905457,1
0.5534992814064026,1
0.5071961879730225,1
0.5225080251693726,1
0.5235832929611206,1
0.5473511219024658,1
0.49740225076675415,1
0.5283728837966919,1
0.5182207822799683,1
0.47529730200767517,1
0.5109032392501831,1
0.5099258422851563,1
0.5011171102523804,1
0.45387738943099976,1
0.5529744625091553,1
0.5078954696655273,1
0.4985817074775696,1
0.5318971872329712,1
0.4913557171821594,1
0.5385269522666931,1
0.45667046308517456,1
0.49583515524864197,1
0.4613051116466522,1
0.47532781958580017,1
0.4934353828430176,1
0.5007858276367188,1
0.4990043342113495,1
0.4705134928226471,1
0.5073511600494385,1
0.4851353168487549,1
0.5254689455032349,1
0.5012843608856201,1
0.5279868841171265,1
0.49003589153289795,1
0.5706928372383118,1
0.49401938915252686,1
0.5087240934371948,1
0.536882758140564,1
0.47380390763282776,1
0.48289740085601807,1
0.49351373314857483,1
0.509888768196106,1
0.5064352750778198,1
0.5054108500480652,1
0.5078639388084412,1
0.47448164224624634,1
0.469287633895874,1
0.49685344099998474,1
0.45858657360076904,1
0.5234286785125732,1
0.47377029061317444,1
0.5269213914871216,1
0.45055973529815674,1
0.5003031492233276,1
0.4963611364364624,1
0.517448365688324,1
0.4381212592124939,1
0.5129764080047607,1
0.4906258285045624,1
0.5053255558013916,1
0.5280812978744507,1
0.5418146848678589,1
0.4711628556251526,1
0.47243520617485046,1
0.4482174515724182,1
0.46171101927757263,1
0.5036339163780212,1
0.5141806602478027,1
0.47211554646492004,1
0.5312492847442627,1
0.4648248553276062,1
0.5043236017227173,1
0.474974662065506,1
0.507258415222168,1
0.4525946378707886,1
0.5079730153083801,1
0.4897681474685669,1
0.4669105112552643,1
0.5219783186912537,1
0.5143532156944275,1
0.4915635585784912,1
0.5595841407775879,1
0.5171287059783936,1
0.5367987155914307,1
0.5555854439735413,1
0.540952205657959,1
0.5488587617874146,1
0.47383201122283936,1
0.505314290523529,1
0.49315667152404785,1
0.48227059841156006,1
0.5002161860466003,1
0.528968095779419,1
0.5370963215827942,1
0.4794245958328247,1
0.4988258481025696,1
0.4781346917152405,1
0.48614078760147095,1
0.4664652645587921,1
0.4867009222507477,1
0.4844675064086914,1
0.5259801149368286,1
0.4825168251991272,1
0.5425788164138794,1
0.5107333064079285,1
0.4752659797668457,1
0.5627022981643677,1
0.5064120888710022,1
0.5242432355880737,1
0.49051162600517273,1
0.5258967280387878,1
0.5371240377426147,1
0.4676196575164795,1
0.4648703932762146,1
0.5169873237609863,1
0.5476804375648499,1
0.47926971316337585,1
0.5001806020736694,1
0.5192410349845886,1
0.5315250158309937,1
0.503129243850708,1
0.4921565353870392,1
0.4680081903934479,1
0.5225129723548889,1
0.45174601674079895,1
0.5112988352775574,1
0.5421650409698486,1
0.5484616756439209,1
0.4997153878211975,1
0.5355970859527588,1
0.5125109553337097,1
0.5214012861251831,1
0.544127345085144,1
0.5048622488975525,1
0.485512912273407,1
0.49432361125946045,1
0.5139275193214417,1
0.4854772090911865,1
0.5012241005897522,1
0.45411384105682373,1
0.5438371896743774,1
0.4920330047607422,1
0.4851057827472687,1
0.5343171954154968,1
0.54694664478302,1
0.5008257627487183,1
0.4897266626358032,1
0.506744384765625,1
0.5411217212677002,1
0.5003587007522583,1
0.5350133180618286,1
0.5260190963745117,1
0.5196108818054199,1
0.48675209283828735,1
0.5396888256072998,1
0.4800744652748108,1
0.46768566966056824,1
0.5816224217414856,1
0.4828745126724243,1
0.45894914865493774,1
0.5374037623405457,1
0.550280749797821,1
0.5286784768104553,1
0.49929600954055786,1
0.5250094532966614,1
0.5076634883880615,1
0.5346372127532959,1
0.5363290309906006,1
0.49759870767593384,1
0.47142672538757324,1
0.5346744060516357,1
0.5289641618728638,1
0.4946379065513611,1
0.4808635711669922,1
0.4904714822769165,1
0.5273345708847046,1
0.5269001722335815,1
0.48853856325149536,1
0.47844478487968445,1
0.52231764793396,1
0.5166051387786865,1
0.5017253160476685,1
0.5640488862991333,1
0.508296549320221,1
0.4816250205039978,1
0.5068451762199402,1
0.5634204149246216,1
0.4911328852176666,1
0.5078099370002747,1
0.4932038486003876,1
0.5262640714645386,1
0.5212870836257935,1
0.5135635733604431,1
0.48644936084747314,1
0.5229408740997314,1
0.5059245824813843,1
0.5208355784416199,1
0.48856326937675476,1
0.5966337323188782,1
0.5230398178100586,1
0.49811846017837524,1
0.5205910801887512,1
0.4862619638442993,1
0.5136970281600952,1
0.5325667262077332,1
0.5572107434272766,1
0.5432695150375366,1
0.5072064399719238,1
0.48894500732421875,1
0.5511181354522705,1
0.5198196172714233,1
0.4861769676208496,1
0.5387334227561951,1
0.49261239171028137,1
0.49646472930908203,1
0.5555700063705444,1
0.5345757007598877,1
0.5152022838592529,1
0.5101712942123413,1
0.503334105014801,1
0.5415289402008057,1
0.5492147207260132,1
0.4788535237312317,1
0.4992848038673401,1
0.5384310483932495,1
0.5337229371070862,1
0.5120999813079834,1
0.5701046586036682,1
0.48559755086898804,1
0.4904494285583496,1
0.5363547801971436,1
0.5100014209747314,1
0.5146555304527283,1
0.5142196416854858,1
0.5005157589912415,1
0.520402193069458,1
0.5141587257385254,1
0.5425137281417847,1
0.4966522455215454,1
0.474805623292923,1
0.5597414374351501,1
0.5248875617980957,1
0.5162709951400757,1
0.5217581391334534,1
0.48091986775398254,1
0.4747850298881531,1
0.5101222395896912,1
0.5229699611663818,1
0.500840961933136,1
0.5337028503417969,1
0.4691757559776306,1
0.5426758527755737,1
0.5294291973114014,1
0.46735119819641113,1
0.5425190925598145,1
0.5080459117889404,1
0.49055981636047363,1
0.5194565057754517,1
0.4953817129135132,1
0.49598228931427,1
0.4939121603965759,1
0.4649812877178192,1
0.4980885982513428,1
0.501836895942688,1
0.5571057796478271,1
0.5510276556015015,1
0.5105353593826294,1
0.4753565788269043,1
0.5527831315994263,1
0.48734748363494873,1
0.56983482837677,1
0.5224785208702087,1
0.49364131689071655,1
0.5273350477218628,1
0.5161916017532349,1
0.48043668270111084,1
0.4861665666103363,1
0.5324827432632446,1
0.492720365524292,1
0.4916597008705139,1
0.5437546372413635,1
0.477638840675354,1
0.5076581239700317,1
0.5276398658752441,1
0.5217851400375366,1
0.5313936471939087,1
0.4654766321182251,1
0.5034375190734863,1
0.4955585300922394,1
0.5432906150817871,1
0.4851597249507904,1
0.4842621684074402,1
0.5018102526664734,1
0.49363023042678833,1
0.4783937335014343,1
0.5050594210624695,1
0.531990647315979,1
0.507813572883606,1
0.46210381388664246,1
0.5210171937942505,1
0.5168560743331909,1
0.43199193477630615,1
0.4980005919933319,1
0.46627628803253174,1
0.463049978017807,1
0.4473208785057068,1
0.49970677495002747,1
0.513695478439331,1
0.4851325750350952,1
0.49694952368736267,1
0.5013875961303711,1
0.5404200553894043,1
0.4788975715637207,1
0.5398045778274536,1
0.5316579341888428,1
0.5442766547203064,1
0.4858395755290985,1
0.47473007440567017,1
0.4924543499946594,1
0.5452680587768555,1
0.5245997905731201,1
0.5162593126296997,1
0.5379235744476318,1
0.46538102626800537,1
0.5024874210357666,1
0.49460166692733765,1
0.48518556356430054,1
0.5217873454093933,1
0.536429762840271,1
0.5568687915802002,1
0.49759969115257263,1
0.48269808292388916,1
0.4541083574295044,1
0.5362153053283691,1
0.5548574328422546,1
0.5493651628494263,1
0.49545377492904663,1
0.4797073006629944,1
0.462771475315094,1
0.5650951862335205,1
0.5196229815483093,1
0.5335596799850464,1
0.5620095729827881,1
0.5296231508255005,1
0.5517146587371826,1
0.5492870807647705,1
0.5058547854423523,1
0.5544257760047913,1
0.5020759105682373,1
0.5661197900772095,1
0.4931808412075043,1
0.5167030096054077,1
0.5064551830291748,1
0.5595405697822571,1
0.4507773518562317,1
0.4827832579612732,1
0.5127285718917847,1
0.5186854600906372,1
0.5052384734153748,1
0.5408352017402649,1
0.46238213777542114,1
0.5010210275650024,1
0.546715497970581,1
0.5004766583442688,1
0.495195597410202,1
0.5064319372177124,1
0.5363121628761292,1
0.5396534204483032,1
0.5585935711860657,1
0.5329660177230835,1
0.49868857860565186,1
0.5365782976150513,1
0.48391878604888916,1
0.5490841865539551,1
0.5199167728424072,1
0.4584773778915405,1
0.49172139167785645,1
0.5372586250305176,1
0.4747287929058075,1
0.5254442691802979,1
0.5063458681106567,1
0.5366611480712891,1
0.5002063512802124,1
0.5000258684158325,1
0.4793408513069153,1
0.5358534455299377,1
0.5197722911834717,1
0.49048876762390137,1
0.4901260733604431,1
0.47262680530548096,1
0.5644205808639526,1
0.519972562789917,1
0.5004165768623352,1
0.4998350739479065,1
0.5272141695022583,1
0.5598772764205933,1
0.4931703209877014,1
0.47927096486091614,1
0.4969959855079651,1
0.5013893842697144,1
0.538004994392395,1
0.4852086901664734,1
0.4741832911968231,1
0.538158118724823,1
0.5580576658248901,1
0.5313417911529541,1
0.5074468851089478,1
0.5652345418930054,1
0.5198018550872803,1
0.5359640121459961,1
0.5223971009254456,1
0.4884689450263977,1
0.4645712673664093,1
0.5260576605796814,1
0.511730432510376,1
0.4855979084968567,1
0.4960463345050812,1
0.46955421566963196,1
0.5367985367774963,1
0.5387887358665466,1
0.5157730579376221,1
0.537810206413269,1
0.5140674710273743,1
0.5012649297714233,1
0.4412960112094879,1
0.5499328374862671,1
0.5730589628219604,1
0.5053432583808899,1
0.48318374156951904,1
0.5476949214935303,1
0.46345511078834534,1
0.5338573455810547,1
0.5339211225509644,1
0.49250656366348267,1
0.4808920621871948,1
0.48125123977661133,1
0.5014380216598511,1
0.5141609907150269,1
0.49134504795074463,1
0.4646136462688446,1
0.5161616802215576,1
0.512366533279419,1
0.49543944001197815,1
0.4458911418914795,1
0.5210192203521729,1
0.5130691528320313,1
0.4666162431240082,1
0.4803224802017212,1
0.5079035758972168,1
0.5438718199729919,1
0.46850109100341797,1
0.48530593514442444,1
0.5253747701644897,1
0.5276539921760559,1
0.5136491060256958,1
0.5085407495498657,1
0.49620312452316284,1
0.47035932540893555,1
0.47974348068237305,1
0.4968080520629883,1
0.5473566055297852,1
0.48138463497161865,1
0.5424748659133911,1
0.5213484764099121,1
0.4975152611732483,1
0.5004889965057373,1
0.5000461339950562,1
0.5046207904815674,1
0.5194528102874756,1
0.5145666599273682,1
0.47059446573257446,1
0.5473580956459045,1
0.4682500958442688,1
0.5488985776901245,1
0.4501805305480957,1
0.49768275022506714,1
0.5226221084594727,1
0.4942317605018616,1
0.49057772755622864,1
0.5302978157997131,1
0.5598651170730591,1
0.48039257526397705,1
0.5181595087051392,1
0.4921002984046936,1
0.5506079196929932,1
0.493838906288147,1
0.46434861421585083,1
0.5038419961929321,1
0.5165878534317017,1
0.48280563950538635,1
0.529995322227478,1
0.5354868173599243,1
0.47134536504745483,1
0.4856257438659668,1
0.5102154612541199,1
0.5237349271774292,1
0.5063720941543579,1
0.5324539542198181,1
0.5100815296173096,1
0.5012696981430054,1
0.4859471917152405,1
0.5095285177230835,1
0.5302827954292297,1
0.5163406133651733,1
0.49171069264411926,1
0.4865207076072693,1
0.5727289915084839,1
0.5273312330245972,1
0.5107123255729675,1
0.5268694758415222,1
0.4623745083808899,1
0.513864278793335,1
0.5392978191375732,1
0.514376163482666,1
0.4807659387588501,1
0.5091921091079712,1
0.5200940370559692,1
0.49195733666419983,1
0.5299502611160278,1
0.5295544862747192,1
0.5133200883865356,1
0.4853983223438263,1
0.5218427181243896,1
0.5089783668518066,1
0.4908068776130676,1
0.526313066482544,1
0.5058292150497437,1
0.525545597076416,1
0.5328835248947144,1
0.5012564659118652,1
0.5295394062995911,1
0.5097616314888,1
0.5228351354598999,1
0.5495424866676331,1
0.5196354389190674,1
0.469038188457489,1
0.524419367313385,1
0.49882304668426514,1
0.5116702318191528,1
0.5344299077987671,1
0.5141735076904297,1
0.514194667339325,1
0.49297407269477844,1
0.4912741780281067,1
0.496965229511261,1
0.4943428933620453,1
0.513515830039978,1
0.5284180045127869,1
0.49337413907051086,1
0.5036054849624634,1
0.5321505069732666,1
0.5013119578361511,1
0.5258151888847351,1
0.4800867736339569,1
0.4855547845363617,1
0.5461320877075195,1
0.4602537453174591,1
0.505294680595398,1
0.5322182178497314,1
0.5322281718254089,1
0.5300564169883728,1
0.5281673669815063,1
0.5354952812194824,1
0.49907466769218445,1
0.5347588062286377,1
0.4868258237838745,1
0.5717366933822632,1
0.5602264404296875,1
0.5033566951751709,1
0.4930257797241211,1
0.5242366790771484,1
0.4704219102859497,1
0.5006731748580933,1
0.5089029669761658,1
0.5058547258377075,1
0.5265275239944458,1
0.4468213617801666,1
0.5215213298797607,1
0.519278883934021,1
0.5083540081977844,1
0.5164200067520142,1
0.514056921005249,1
0.5166622996330261,1
0.5043662786483765,1
0.49123722314834595,1
0.4572254419326782,1
0.5420949459075928,1
0.5523663759231567,1
0.4483015537261963,1
0.510066032409668,1
0.4992752969264984,1
0.5433241128921509,1
0.48898860812187195,1
0.5189099311828613,1
0.5204461812973022,1
0.5642842650413513,1
0.4672001898288727,1
0.4954272508621216,1
0.49783405661582947,1
0.4750806391239166,1
0.5336916446685791,1
0.4838826060295105,1
0.48597943782806396,1
0.49368053674697876,1
0.554145097732544,1
0.47637391090393066,1
0.5171483159065247,1
0.5019402503967285,1
0.4470975399017334,1
0.5608855485916138,1
0.6067124605178833,1
0.49832165241241455,1
0.5138382911682129,1
0.49650734663009644,1
0.4998292326927185,1
0.47785353660583496,1
0.5022672414779663,1
0.5248525142669678,1
0.504103422164917,1
0.5172526836395264,1
0.526551365852356,1
0.5198401212692261,1
0.5006475448608398,1
0.4907795786857605,1
0.4859287142753601,1
0.5015150308609009,1
0.49727436900138855,1
0.5330673456192017,1
0.478596568107605,1
0.538740873336792,1
0.47438275814056396,1
0.5414548516273499,1
0.5032789707183838,1
0.4665164053440094,1
0.4888527989387512,1
0.463504821062088,1
0.47428178787231445,1
0.48476359248161316,1
0.5237752795219421,1
0.5385535359382629,1
0.4779534935951233,1
0.4910127520561218,1
0.47135263681411743,1
0.521985650062561,1
0.5429847240447998,1
0.5510296821594238,1
0.5022604465484619,1
0.5376119613647461,1
0.4705137610435486,1
0.46428680419921875,1
0.5020848512649536,1
0.5241504907608032,1
0.5348911285400391,1
0.49906131625175476,1
0.5284319519996643,1
0.5059260129928589,1
0.49220871925354004,1
0.5264610052108765,1
0.4830060303211212,1
0.507631778717041,1
0.5068651437759399,1
0.517892062664032,1
0.49496889114379883,1
0.5587096214294434,1
0.5419670939445496,1
0.5451022386550903,1
0.5014904737472534,1
0.5114089250564575,1
0.5116133689880371,1
0.48908731341362,1
0.4971647560596466,1
0.5216625928878784,1
0.48946571350097656,1
0.4849995970726013,1
0.5016918778419495,1
0.49111509323120117,1
0.486366331577301,1
0.4960860013961792,1
0.4918658435344696,1
0.48080381751060486,1
0.49142009019851685,1
0.5024114847183228,1
0.47343990206718445,1
0.5125008821487427,1
0.5377506613731384,1
0.4639517068862915,1
0.5207515954971313,1
0.5271061658859253,1
0.570655107498169,1
0.519104540348053,1
0.4938160479068756,1
0.5258394479751587,1
0.5404738187789917,1
0.49809953570365906,1
0.5589907169342041,1
0.5676966905593872,1
0.5004184246063232,1
0.4985851049423218,1
0.52385413646698,1
0.4995804727077484,1
0.5591612458229065,1
0.4955134391784668,1
0.4764547348022461,1
0.4847414493560791,1
0.5395262241363525,1
0.48621487617492676,1
0.5236313939094543,1
0.5093246102333069,1
0.4804285168647766,1
0.5264834761619568,1
0.4786193370819092,1
0.5030314922332764,1
0.521138608455658,1
0.4915984869003296,1
0.4930533468723297,1
0.5284764766693115,1
0.512087345123291,1
0.5080420970916748,1
0.4595898985862732,1
0.5043661594390869,1
0.4665621817111969,1
0.4737919867038727,1
0.5406196117401123,1
0.5556122064590454,1
0.5087546706199646,1
0.4462474584579468,1
0.5102975368499756,1
0.5141218900680542,1
0.4712875485420227,1
0.4944007992744446,1
0.5019053816795349,1
0.45960861444473267,1
0.5063879489898682,1
0.49496859312057495,1
0.4992637038230896,1
0.51213538646698,1
0.5299692153930664,1
0.5061602592468262,1
0.5228496789932251,1
0.5540571212768555,1
0.4959286153316498,1
0.5110944509506226,1
0.5184521675109863,1
0.5237077474594116,1
0.5597368478775024,1
0.4630209803581238,1
0.5161397457122803,1
0.47577977180480957,1
0.5002411603927612,1
0.506716787815094,1
0.5694769620895386,1
0.4329618811607361,1
0.5122799873352051,1
0.4787108302116394,1
0.5425522923469543,1
0.4865250289440155,1
0.5979619026184082,1
0.44456470012664795,1
0.5055683851242065,1
0.5391935110092163,1
0.47303059697151184,1
0.5197268724441528,1
0.47550168633461,1
0.537788987159729,1
0.5110281705856323,1
0.5424562096595764,1
0.5396409034729004,1
0.46599480509757996,1
0.5114119052886963,1
0.49566954374313354,1
0.4941827356815338,1
0.5094929933547974,1
0.5278695225715637,1
0.5365793108940125,1
0.49659964442253113,1
0.4563804268836975,1
0.5670720338821411,1
0.4500805139541626,1
0.5045522451400757,1
0.5080632567405701,1
0.4642794728279114,1
0.5586378574371338,1
0.4628499746322632,1
0.48701655864715576,1
0.5128295421600342,1
0.5147124528884888,1
0.5344544053077698,1
0.5030323266983032,1
0.49277380108833313,1
0.4860008656978607,1
0.5254937410354614,1
0.4949561059474945,1
0.5038326978683472,1
0.5322573184967041,1
0.49578532576560974,1
0.48252561688423157,1
0.4675002694129944,1
0.5123698711395264,1
0.5407133102416992,1
0.5162574052810669,1
0.541951596736908,1
0.5201095342636108,1
0.5043308138847351,1
0.5193501710891724,1
0.5394719243049622,1
0.4998660385608673,1
0.4346292018890381,1
0.522294819355011,1
0.5611146688461304,1
0.5338625907897949,1
0.4920262098312378,1
0.5382891893386841,1
0.4840608835220337,1
0.5166685581207275,1
0.46440157294273376,1
0.4841439127922058,1
0.5161753296852112,1
0.5349752306938171,1
0.5711669921875,1
0.5060490369796753,1
0.4611886739730835,1
0.49709972739219666,1
0.5201875567436218,1
0.4887043833732605,1
0.4972213804721832,1
0.4845621585845947,1
0.5019815564155579,1
0.5178757905960083,1
0.48679065704345703,1
0.5172975063323975,1
0.5036029815673828,1
0.5843494534492493,1
0.5244642496109009,1
0.597743034362793,1
0.5213867425918579,1
