0.31126436591148376,1
0.526578426361084,1
0.45003074407577515,1
0.4057185649871826,1
0.3772282004356384,1
0.33525025844573975,1
0.438163161277771,1
0.357343852519989,1
0.45731979608535767,1
0.3956559896469116,1
0.41677579283714294,1
0.2954353094100952,1
0.3338344693183899,1
0.28436920046806335,1
0.3466917872428894,1
0.45734140276908875,1
0.34599900245666504,1
0.39774906635284424,1
0.4113710820674896,1
0.3409711718559265,1
0.3662000000476837,1
0.328047513961792,1
0.3551584482192993,1
0.32094019651412964,1
0.33704766631126404,1
0.3258049190044403,1
0.4085012376308441,1
0.3554588258266449,1
0.3313828706741333,1
0.3533298969268799,1
0.35612452030181885,1
0.30510106682777405,1
0.34544768929481506,1
0.33535876870155334,1
0.36845386028289795,1
0.25647643208503723,1
0.5254445672035217,1
0.34423720836639404,1
0.39784902334213257,1
0.3915938138961792,1
0.33918195962905884,1
0.3680400848388672,1
0.263219952583313,1
0.34717920422554016,1
0.379214346408844,1
0.3520870506763458,1
0.329525887966156,1
0.4916594326496124,1
0.383312463760376,1
0.4102863669395447,1
0.3745790421962738,1
0.3500676155090332,1
0.2813791036605835,1
0.5068833231925964,1
0.4241412281990051,1
0.3443780243396759,1
0.28593870997428894,1
0.40157589316368103,1
0.2880795896053314,1
0.34045255184173584,1
0.4379490315914154,1
0.39908385276794434,1
0.46657612919807434,1
0.26758959889411926,1
0.41818419098854065,1
0.3932539224624634,1
0.3447812795639038,1
0.42665520310401917,1
0.36852574348449707,1
0.3319569230079651,1
0.3176076412200928,1
0.33915820717811584,1
0.314331978559494,1
0.3549085855484009,1
0.32945385575294495,1
0.309908926486969,1
0.31950643658638,1
0.3161270022392273,1
0.3697320818901062,1
0.43300896883010864,1
0.4142889678478241,1
0.3448430895805359,1
0.4741055369377136,1
0.5395210385322571,1
0.4901397228240967,1
0.42649292945861816,1
0.3136867880821228,1
0.3573461174964905,1
0.39976799488067627,1
0.4253459572792053,1
0.40007978677749634,1
0.335346519947052,1
0.44940686225891113,1
0.43098175525665283,1
0.3021318316459656,1
0.37986186146736145,1
0.3059477210044861,1
0.23874902725219727,1
0.3691703677177429,1
0.32800620794296265,1
0.34547746181488037,1
0.3945813477039337,1
0.293159544467926,1
0.37647756934165955,1
0.3730217218399048,1
0.3995020389556885,1
0.3783281445503235,1
0.5357107520103455,1
0.3573758006095886,1
0.5046424865722656,1
0.3227846622467041,1
0.29833823442459106,1
0.47224557399749756,1
0.4180695116519928,1
0.4604559540748596,1
0.3548985719680786,1
0.3268296718597412,1
0.38434648513793945,1
0.381191223859787,1
0.32873910665512085,1
0.32713574171066284,1
0.473324179649353,1
0.4578496813774109,1
0.5314961671829224,1
0.4059699475765228,1
0.3721630573272705,1
0.29816290736198425,1
0.32221126556396484,1
0.3177781403064728,1
0.4723915457725525,1
0.3569146394729614,1
0.33479541540145874,1
0.34818917512893677,1
0.42538562417030334,1
0.3712201714515686,1
0.3971225619316101,1
0.3455951511859894,1
0.43173426389694214,1
0.3494206666946411,1
0.4848756194114685,1
0.36025330424308777,1
0.376953661441803,1
0.3502357304096222,1
0.22743986546993256,1
0.23232543468475342,1
0.39824214577674866,1
0.2694621682167053,1
0.4006933569908142,1
0.2543332576751709,1
0.33974817395210266,1
0.3228910565376282,1
0.24105241894721985,1
0.4644327759742737,1
0.39981597661972046,1
0.4682871997356415,1
0.3674815893173218,1
0.3903752267360687,1
0.2681034505367279,1
0.30762138962745667,1
0.4355034828186035,1
0.39220064878463745,1
0.3228119909763336,1
0.3619926869869232,1
0.34266090393066406,1
0.41540420055389404,1
0.2906201481819153,1
0.5581100583076477,1
0.4002653956413269,1
0.326019287109375,1
0.38533955812454224,1
0.4116881191730499,1
0.3306763768196106,1
0.3407953977584839,1
0.409241259098053,1
0.30774521827697754,1
0.326887309551239,1
0.4118098020553589,1
0.3413267135620117,1
0.39767611026763916,1
0.3633761405944824,1
0.43328607082366943,1
0.3516385555267334,1
0.3322734534740448,1
0.3644310235977173,1
0.35638293623924255,1
0.39840665459632874,1
0.3903389871120453,1
0.4143250584602356,1
0.36185917258262634,1
0.30512285232543945,1
0.38453954458236694,1
0.3383398652076721,1
0.3267512321472168,1
0.29420042037963867,1
0.33202219009399414,1
0.3999541997909546,1
0.44228729605674744,1
0.3192850947380066,1
0.30895566940307617,1
0.5232906937599182,1
0.3292123079299927,1
0.4391273558139801,1
0.3311270475387573,1
0.4835399389266968,1
0.4304223358631134,1
0.3220723867416382,1
0.2807510495185852,1
0.2348002791404724,1
0.2995235323905945,1
0.3417060375213623,1
0.3588714599609375,1
0.35646384954452515,1
0.5029240846633911,1
0.3856258690357208,1
0.3495274782180786,1
0.4299718737602234,1
0.3878750503063202,1
0.44460737705230713,1
0.4264219403266907,1
0.4193483293056488,1
0.33089494705200195,1
0.42694607377052307,1
0.4727238416671753,1
0.34672412276268005,1
0.35630878806114197,1
0.3614504933357239,1
0.4147072434425354,1
0.325517475605011,1
0.34764763712882996,1
0.5308624505996704,1
0.32744884490966797,1
0.3591551184654236,1
0.4501781463623047,1
0.32968729734420776,1
0.412021279335022,1
0.29364097118377686,1
0.3950977325439453,1
0.25866055488586426,1
0.3863562345504761,1
0.3041110336780548,1
0.3903030753135681,1
0.3829219341278076,1
0.4415322542190552,1
0.340965211391449,1
0.39475736021995544,1
0.30502545833587646,1
0.35583916306495667,1
0.4197680354118347,1
0.31415438652038574,1
0.33604639768600464,1
0.3605937361717224,1
0.3908610939979553,1
0.3394823670387268,1
0.39381375908851624,1
0.2840196490287781,1
0.4799695909023285,1
0.4544212222099304,1
0.5815404653549194,1
0.47135278582572937,1
0.4052446782588959,1
0.4109379053115845,1
0.3453834652900696,1
0.47940269112586975,1
0.40860018134117126,1
0.32727134227752686,1
0.34302735328674316,1
0.3898763656616211,1
0.41315507888793945,1
0.4679112136363983,1
0.42249423265457153,1
0.34061527252197266,1
0.4237472414970398,1
0.36789175868034363,1
0.4459227919578552,1
0.3307620882987976,1
0.39601317048072815,1
0.49879899621009827,1
0.5012490749359131,1
0.3742440938949585,1
0.4034532904624939,1
0.36748045682907104,1
0.3726709485054016,1
0.3630842864513397,1
0.36201247572898865,1
0.36124759912490845,1
0.3754861056804657,1
0.46853959560394287,1
0.31725013256073,1
0.2874748706817627,1
0.46399685740470886,1
0.36273980140686035,1
0.3260990083217621,1
0.38290032744407654,1
0.32821857929229736,1
0.33874964714050293,1
0.3247995972633362,1
0.31916484236717224,1
0.4277034401893616,1
0.2918016016483307,1
0.41371071338653564,1
0.38865548372268677,1
0.38998058438301086,1
0.4732614755630493,1
0.27257096767425537,1
0.33420994877815247,1
0.32179781794548035,1
0.3517334461212158,1
0.43329310417175293,1
0.3830791115760803,1
0.36691200733184814,1
0.3697839379310608,1
0.3416290581226349,1
0.42773741483688354,1
0.335701048374176,1
0.4079991281032562,1
0.4405391216278076,1
0.5133538842201233,1
0.3703763484954834,1
0.28709712624549866,1
0.30883702635765076,1
0.302934467792511,1
0.4732196033000946,1
0.3977121114730835,1
0.3336643576622009,1
0.4308033585548401,1
0.2764427065849304,1
0.32329899072647095,1
0.4870770275592804,1
0.47831088304519653,1
0.28677913546562195,1
0.468528151512146,1
0.3002875745296478,1
0.487387478351593,1
0.3305070400238037,1
0.45056307315826416,1
0.36613935232162476,1
0.47618600726127625,1
0.3511359691619873,1
0.4372638463973999,1
0.35516357421875,1
0.2999495565891266,1
0.3722681999206543,1
0.3254653811454773,1
0.4202221632003784,1
0.3013153076171875,1
0.37318503856658936,1
0.2763116657733917,1
0.38256651163101196,1
0.3130662441253662,1
0.3923170268535614,1
0.35709941387176514,1
0.4145183861255646,1
0.42169880867004395,1
0.3735864460468292,1
0.3823687732219696,1
0.3660651445388794,1
0.4776705801486969,1
0.4154658019542694,1
0.3825001120567322,1
0.3173258304595947,1
0.2874870002269745,1
0.4962163269519806,1
0.519465446472168,1
0.3742680847644806,1
0.3722226321697235,1
0.4007139205932617,1
0.4152491092681885,1
0.4124496579170227,1
0.40854108333587646,1
0.3995112180709839,1
0.4197278916835785,1
0.35266387462615967,1
0.304349809885025,1
0.5254093408584595,1
0.34861499071121216,1
0.33177414536476135,1
0.3203774690628052,1
0.38270169496536255,1
0.3929334282875061,1
0.43791741132736206,1
0.47347158193588257,1
0.392253577709198,1
0.31859132647514343,1
0.4678090810775757,1
0.3366049528121948,1
0.3708071708679199,1
0.4616033434867859,1
0.43233954906463623,1
0.4179002642631531,1
0.35612377524375916,1
0.41962385177612305,1
0.3346416652202606,1
0.4207385778427124,1
0.367648184299469,1
0.4408649802207947,1
0.506108820438385,1
0.41383272409439087,1
0.39264950156211853,1
0.4433162212371826,1
0.41971373558044434,1
0.3905210494995117,1
0.5052376985549927,1
0.40151071548461914,1
0.3720971941947937,1
0.34993553161621094,1
0.38538676500320435,1
0.43739160895347595,1
0.3396483063697815,1
0.3333222270011902,1
0.39583879709243774,1
0.32679319381713867,1
0.29946595430374146,1
0.3444803059101105,1
0.4586871862411499,1
0.3275665044784546,1
0.5949995517730713,1
0.3825829327106476,1
0.36424317955970764,1
0.3336840271949768,1
0.3417375981807709,1
0.32464802265167236,1
0.36637064814567566,1
0.4027847647666931,1
0.3853752613067627,1
0.5082990527153015,1
0.4769648611545563,1
0.40025651454925537,1
0.4181492030620575,1
0.41421353816986084,1
0.40573906898498535,1
0.2641240060329437,1
0.42733824253082275,1
0.3939688801765442,1
0.30816343426704407,1
0.3774294853210449,1
0.5024856328964233,1
0.44046929478645325,1
0.37978267669677734,1
0.3718090355396271,1
0.3560924232006073,1
0.45967063307762146,1
0.36336660385131836,1
0.32287248969078064,1
0.38380861282348633,1
0.256091833114624,1
0.48872992396354675,1
0.40871405601501465,1
0.3644607365131378,1
0.3383990526199341,1
0.3674502372741699,1
0.3070806860923767,1
0.3949633240699768,1
0.3975690007209778,1
0.48543766140937805,1
0.43291181325912476,1
0.36480867862701416,1
0.2999204695224762,1
0.45692986249923706,1
0.4428006708621979,1
0.36926373839378357,1
0.354518324136734,1
0.3288021683692932,1
0.36037951707839966,1
0.4097732901573181,1
0.30260273814201355,1
0.40909767150878906,1
0.3581964373588562,1
0.35219553112983704,1
0.35657602548599243,1
0.4074375033378601,1
0.37622132897377014,1
0.344147264957428,1
0.33939123153686523,1
0.34472817182540894,1
0.48658668994903564,1
0.40051591396331787,1
0.43371856212615967,1
0.4519140124320984,1
0.3883795738220215,1
0.3626403510570526,1
0.36234307289123535,1
0.47007977962493896,1
0.325113445520401,1
0.3475097119808197,1
0.47519853711128235,1
0.4003550708293915,1
0.420841783285141,1
0.3567204475402832,1
0.3017622232437134,1
0.4589613974094391,1
0.3320155739784241,1
0.43096479773521423,1
0.31477123498916626,1
0.41966599225997925,1
0.29542893171310425,1
0.3917695879936218,1
0.3087718188762665,1
0.3767298460006714,1
0.5534486174583435,1
0.5236172080039978,1
0.5233488082885742,1
0.38654330372810364,1
0.3818349540233612,1
0.46394628286361694,1
0.29627060890197754,1
0.2767687439918518,1
0.3938245475292206,1
0.46112656593322754,1
0.3020583987236023,1
0.35695159435272217,1
0.3819022476673126,1
0.3523032069206238,1
0.37676534056663513,1
0.46821674704551697,1
0.3783940374851227,1
0.510831356048584,1
0.5000693798065186,1
0.47319525480270386,1
0.5583240985870361,1
0.32906433939933777,1
0.32915443181991577,1
0.35736095905303955,1
0.4259609580039978,1
0.48921865224838257,1
0.4374828636646271,1
0.2944161295890808,1
0.3080715239048004,1
0.5486642122268677,1
0.36251509189605713,1
0.3833976984024048,1
0.43602508306503296,1
0.3029226064682007,1
0.41414880752563477,1
0.4695793092250824,1
0.488568514585495,1
0.3578556776046753,1
0.40674668550491333,1
0.3602246940135956,1
0.4235575795173645,1
0.3360300660133362,1
0.3441188633441925,1
0.3686290979385376,1
0.4005858898162842,1
0.3586132526397705,1
0.4379847049713135,1
0.4914090633392334,1
0.3439399003982544,1
0.4316612184047699,1
0.30439239740371704,1
0.4275432825088501,1
0.36197492480278015,1
0.27993398904800415,1
0.3706163465976715,1
0.37634631991386414,1
0.40228259563446045,1
0.31371524930000305,1
0.35539618134498596,1
0.3969234526157379,1
0.49011439085006714,1
0.2578423023223877,1
0.39909905195236206,1
0.29994404315948486,1
0.4190762937068939,1
0.37330496311187744,1
0.4634053111076355,1
0.35732123255729675,1
0.40206411480903625,1
0.32271212339401245,1
0.4766429662704468,1
0.37673696875572205,1
0.4178680181503296,1
0.30951371788978577,1
0.41343170404434204,1
0.34742164611816406,1
0.45657822489738464,1
0.3851502537727356,1
0.3711378276348114,1
0.4343074560165405,1
0.47245240211486816,1
0.37807244062423706,1
0.44877851009368896,1
0.3443360924720764,1
0.3487015664577484,1
0.4300232231616974,1
0.3896135091781616,1
0.25855857133865356,1
0.39787226915359497,1
0.36618584394454956,1
0.40330421924591064,1
0.4118727445602417,1
0.4057348966598511,1
0.30106449127197266,1
0.41226476430892944,1
0.4174705743789673,1
0.3856083154678345,1
0.36805838346481323,1
0.45574381947517395,1
0.3721156120300293,1
0.2994254529476166,1
0.3684581220149994,1
0.4152902066707611,1
0.3715236783027649,1
0.40125298500061035,1
0.32600632309913635,1
0.2662159204483032,1
0.3948323130607605,1
0.3877357244491577,1
0.3844977617263794,1
0.4197992980480194,1
0.3218245506286621,1
0.44998466968536377,1
0.32714781165122986,1
0.49689239263534546,1
0.5209901332855225,1
0.39318639039993286,1
0.38529255986213684,1
0.39027976989746094,1
0.29938367009162903,1
0.3273053765296936,1
0.3797146677970886,1
0.4089963436126709,1
0.3359053134918213,1
0.3575053811073303,1
0.39165836572647095,1
0.3727647364139557,1
0.46310096979141235,1
0.4158083200454712,1
0.3335687518119812,1
0.4114036560058594,1
0.42704153060913086,1
0.2583104372024536,1
0.4751010537147522,1
0.41904985904693604,1
0.34872615337371826,1
0.41098982095718384,1
0.29560989141464233,1
0.43514284491539,1
0.34342843294143677,1
0.3373458981513977,1
0.3476978838443756,1
0.40462058782577515,1
0.3380080461502075,1
0.3906978964805603,1
0.36345571279525757,1
0.43328770995140076,1
0.4217429459095001,1
0.3624124526977539,1
0.3637707531452179,1
0.4264931380748749,1
0.34894508123397827,1
0.28797030448913574,1
0.4277328848838806,1
0.3602762222290039,1
0.3786779046058655,1
0.33540254831314087,1
0.4088743329048157,1
0.4862104058265686,1
0.386331707239151,1
0.3731585144996643,1
0.3361613154411316,1
0.339184045791626,1
0.3458358645439148,1
0.4515208601951599,1
0.38709771633148193,1
0.41477859020233154,1
0.4271598756313324,1
0.3597971200942993,1
0.32700544595718384,1
0.4453251361846924,1
0.49063414335250854,1
0.4079302251338959,1
0.3228473961353302,1
0.2994644045829773,1
0.3247213363647461,1
0.4194281995296478,1
0.34774264693260193,1
0.4186220169067383,1
0.32565969228744507,1
0.35210156440734863,1
0.31196731328964233,1
0.3906121551990509,1
0.33958038687705994,1
0.30003973841667175,1
0.4804825484752655,1
0.3463660776615143,1
0.28684085607528687,1
0.28143376111984253,1
0.3830932378768921,1
0.46036311984062195,1
0.3486486077308655,1
0.27480000257492065,1
0.47278499603271484,1
0.32440808415412903,1
0.2821411192417145,1
0.34400755167007446,1
0.4022235870361328,1
0.4980778694152832,1
0.2965819239616394,1
0.3795763850212097,1
0.36965611577033997,1
0.4121350347995758,1
0.2887040972709656,1
0.29595983028411865,1
0.43696093559265137,1
0.41702550649642944,1
0.3342413306236267,1
0.336901992559433,1
0.4307376742362976,1
0.3554384708404541,1
0.37107107043266296,1
0.3678819239139557,1
0.2739028036594391,1
0.4229844808578491,1
0.40431907773017883,1
0.3373066186904907,1
0.37711790204048157,1
0.2740096151828766,1
0.4311125874519348,1
0.31275999546051025,1
0.3115607500076294,1
0.4823758602142334,1
0.4028034806251526,1
0.3202926516532898,1
0.3468697667121887,1
0.3330904245376587,1
0.3653857707977295,1
0.4332697093486786,1
0.3871769905090332,1
0.29903241991996765,1
0.39581164717674255,1
0.3695010542869568,1
0.44673943519592285,1
0.35532093048095703,1
0.2759518623352051,1
0.3605566620826721,1
0.4897400736808777,1
0.3028028607368469,1
0.305558979511261,1
0.38042575120925903,1
0.5109963417053223,1
0.267871618270874,1
0.47100430727005005,1
0.2919365167617798,1
0.3768400549888611,1
0.3930811882019043,1
0.3209034204483032,1
0.4629465937614441,1
0.3349539637565613,1
0.36550676822662354,1
0.4574958086013794,1
0.36727386713027954,1
0.3508339524269104,1
0.3133656680583954,1
0.4345211982727051,1
0.43512535095214844,1
0.3955554962158203,1
0.3444335460662842,1
0.3884804844856262,1
0.47198861837387085,1
0.3972288966178894,1
0.34324830770492554,1
0.6635900139808655,1
0.3735293447971344,1
0.3602418303489685,1
0.4135432243347168,1
0.31678956747055054,1
0.35392075777053833,1
0.4350552558898926,1
0.515825629234314,1
0.3839015066623688,1
0.4181191325187683,1
0.49113497138023376,1
0.41333746910095215,1
0.32758235931396484,1
0.3890680968761444,1
0.2968892455101013,1
0.5387365818023682,1
0.4344024062156677,1
0.3188548982143402,1
0.43161433935165405,1
0.3499371111392975,1
0.39894717931747437,1
0.37549373507499695,1
0.34312063455581665,1
0.44698566198349,1
0.34408867359161377,1
0.3422129154205322,1
0.38400474190711975,1
0.35217171907424927,1
0.4064903259277344,1
0.3833805322647095,1
0.34172236919403076,1
0.3264147937297821,1
0.31052207946777344,1
0.3542092740535736,1
0.4545942544937134,1
0.43654099106788635,1
0.2989463806152344,1
0.4921354651451111,1
0.36452049016952515,1
0.4505564570426941,1
0.32935962080955505,1
0.33724719285964966,1
0.311495840549469,1
0.2925610840320587,1
0.35838761925697327,1
0.3817840814590454,1
0.40446609258651733,1
0.3236734867095947,1
0.3003941774368286,1
0.5084565877914429,1
0.4664579927921295,1
0.531790554523468,1
0.3131328225135803,1
0.34560704231262207,1
0.36872342228889465,1
0.3487028479576111,1
0.32675328850746155,1
0.41864684224128723,1
0.4946788549423218,1
0.3646323084831238,1
0.3214191198348999,1
0.4541594386100769,1
0.4355261027812958,1
0.2652530372142792,1
0.39847803115844727,1
0.41012632846832275,1
0.3645552694797516,1
0.4967380464076996,1
0.43798866868019104,1
0.49694302678108215,1
0.39147940278053284,1
0.33284687995910645,1
0.447928786277771,1
0.4225524067878723,1
0.3359934985637665,1
0.37786000967025757,1
0.3113322854042053,1
0.39216116070747375,1
0.369711309671402,1
0.3444729447364807,1
0.47639742493629456,1
0.3802858591079712,1
0.43718647956848145,1
0.34590819478034973,1
0.4101064205169678,1
0.3397074341773987,1
0.33819958567619324,1
0.31729820370674133,1
0.3875381052494049,1
0.37671536207199097,1
0.4279572665691376,1
0.33611416816711426,1
0.38280126452445984,1
0.38264569640159607,1
0.4210984706878662,1
0.392142117023468,1
0.3963131010532379,1
0.38156867027282715,1
0.42128226161003113,1
0.32427018880844116,1
0.5843367576599121,1
0.4322117567062378,1
0.22980719804763794,1
0.5136047601699829,1
0.41417303681373596,1
0.42266908288002014,1
0.48541831970214844,1
0.46313580870628357,1
0.36645862460136414,1
0.582393229007721,1
0.3487569987773895,1
0.285677433013916,1
0.43508297204971313,1
0.333235502243042,1
0.34762299060821533,1
0.41723889112472534,1
0.3637431859970093,1
0.4309481382369995,1
0.3554062843322754,1
0.35317498445510864,1
0.38264715671539307,1
0.3555527329444885,1
0.3629686236381531,1
0.4344298839569092,1
0.41479653120040894,1
0.4636784791946411,1
0.3824983835220337,1
0.36048462986946106,1
0.36652642488479614,1
0.36978623270988464,1
0.4595891237258911,1
0.3738139867782593,1
0.5421885251998901,1
0.3340180814266205,1
0.3586251139640808,1
0.3359270393848419,1
0.39242058992385864,1
0.4304131865501404,1
0.3132832944393158,1
0.45361950993537903,1
0.4627540409564972,1
0.3113013803958893,1
0.3384193480014801,1
0.4712553322315216,1
0.3737078905105591,1
0.399247944355011,1
0.31920742988586426,1
0.35384994745254517,1
0.36298808455467224,1
0.3951197862625122,1
0.3450133502483368,1
0.38256964087486267,1
0.508084237575531,1
0.39810100197792053,1
0.4733963906764984,1
0.3115652799606323,1
0.45963430404663086,1
0.37292709946632385,1
0.407210111618042,1
0.3536468744277954,1
0.3726862370967865,1
0.41303732991218567,1
0.41746753454208374,1
0.4557720422744751,1
0.307352751493454,1
0.43130019307136536,1
0.4198737144470215,1
0.35616010427474976,1
0.5330417156219482,1
0.3708735704421997,1
0.3444916009902954,1
0.3291771411895752,1
0.39064329862594604,1
0.33986586332321167,1
0.4231645464897156,1
0.42876335978507996,1
0.4612593948841095,1
0.4172549247741699,1
0.4225601255893707,1
0.4849434494972229,1
0.3711726665496826,1
0.37571007013320923,1
0.34311023354530334,1
0.2981220781803131,1
0.38085585832595825,1
0.3803390860557556,1
0.5187293887138367,1
0.427080363035202,1
0.397931307554245,1
0.301786869764328,1
0.4244396388530731,1
0.46712902188301086,1
0.4001258313655853,1
0.3298250436782837,1
0.46985289454460144,1
0.31359434127807617,1
0.41954439878463745,1
0.3187493681907654,1
0.27931612730026245,1
0.33123672008514404,1
0.35811853408813477,1
0.3891119360923767,1
0.3105592131614685,1
0.48326975107192993,1
0.4427243173122406,1
0.2861379384994507,1
0.3995206952095032,1
0.48776960372924805,1
0.4373244345188141,1
0.41282087564468384,1
0.3337368965148926,1
0.30435237288475037,1
0.29252904653549194,1
0.42318087816238403,1
0.3445335030555725,1
0.49078595638275146,1
0.27757200598716736,1
0.364551842212677,1
0.3525063395500183,1
0.36184293031692505,1
0.3680626153945923,1
0.3965262770652771,1
0.38675111532211304,1
0.3785567879676819,1
0.3172071576118469,1
0.3694435954093933,1
0.49907779693603516,1
0.5062689781188965,1
0.37589749693870544,1
0.31844407320022583,1
0.4234897494316101,1
0.39700326323509216,1
0.4303553104400635,1
0.41687774658203125,1
0.42105457186698914,1
0.5119572281837463,1
0.43658459186553955,1
0.3914962410926819,1
0.46011805534362793,1
0.5188632607460022,1
0.3280993700027466,1
0.4574112594127655,1
0.4142634868621826,1
0.35102295875549316,1
0.4011620879173279,1
0.36816757917404175,1
0.4640865623950958,1
0.4057435691356659,1
0.5414882898330688,1
0.36255601048469543,1
0.4262341260910034,1
0.29415568709373474,1
0.2963952422142029,1
0.5370048880577087,1
0.30136507749557495,1
0.4387601315975189,1
0.4066276550292969,1
0.3842330574989319,1
0.38684219121932983,1
0.4865962266921997,1
0.35991835594177246,1
0.4081991910934448,1
0.35463830828666687,1
0.37574660778045654,1
0.32029905915260315,1
0.3822120428085327,1
0.5012382864952087,1
0.3798378109931946,1
0.4385431408882141,1
0.3534232974052429,1
0.3650318384170532,1
0.3565825819969177,1
0.3568650782108307,1
0.5121108889579773,1
0.49495837092399597,1
0.41724732518196106,1
0.374444842338562,1
0.32000961899757385,1
0.3800223767757416,1
0.328963965177536,1
0.2904248535633087,1
0.388826847076416,1
0.3565700948238373,1
0.46510928869247437,1
0.314399778842926,1
0.3526076674461365,1
0.5961604118347168,1
0.282962441444397,1
0.32630008459091187,1
0.3677263855934143,1
0.46956342458724976,1
0.39102524518966675,1
0.3207419216632843,1
0.47839415073394775,1
0.41657835245132446,1
0.40662455558776855,1
0.44174203276634216,1
0.30637669563293457,1
0.4227086007595062,1
0.4117274284362793,1
0.34872063994407654,1
0.27641189098358154,1
0.5067863464355469,1
0.4526516795158386,1
0.3325396180152893,1
0.31523874402046204,1
0.4000858962535858,1
0.4327486455440521,1
0.41326767206192017,1
0.3795243501663208,1
0.3349684774875641,1
0.3940674960613251,1
0.3472125232219696,1
0.40476906299591064,1
0.44929614663124084,1
0.3102662265300751,1
0.3923419713973999,1
0.42349132895469666,1
0.3930659294128418,1
0.283219575881958,1
0.4150761365890503,1
0.3438805639743805,1
0.3514474332332611,1
0.3501085638999939,1
0.4493887424468994,1
0.42872923612594604,1
0.5406670570373535,1
0.3285301625728607,1
0.40305933356285095,1
0.33595502376556396,1
0.5124499201774597,1
0.3859291672706604,1
0.35935431718826294,1
0.38294482231140137,1
0.37345629930496216,1
0.5148762464523315,1
0.3469766080379486,1
0.2982381582260132,1
0.4307596981525421,1
0.32152339816093445,1
0.38736531138420105,1
0.3673287332057953,1
0.25349724292755127,1
0.35083436965942383,1
0.3447401523590088,1
0.4729529321193695,1
0.41026365756988525,1
0.31393617391586304,1
0.3789500892162323,1
0.4087161123752594,1
0.4459826350212097,1
0.4618633985519409,1
0.3232778012752533,1
0.29834800958633423,1
0.3440980315208435,1
0.48200368881225586,1
0.4701719284057617,1
0.37801602482795715,1
0.2909230589866638,1
0.3482617139816284,1
0.30633777379989624,1
0.302717387676239,1
0.4120461046695709,1
0.360592246055603,1
0.43860793113708496,1
0.4947997033596039,1
0.43103843927383423,1
0.3592192828655243,1
0.2786272168159485,1
0.3489043116569519,1
0.41954225301742554,1
0.42798006534576416,1
0.33174973726272583,1
0.364322692155838,1
0.40867188572883606,1
0.4619266986846924,1
0.4268133044242859,1
0.3253704607486725,1
0.41156071424484253,1
0.3626609742641449,1
0.37433212995529175,1
0.2936123013496399,1
0.39523977041244507,1
0.4064154624938965,1
0.39732182025909424,1
0.3433893918991089,1
0.5023043155670166,1
0.37268513441085815,1
0.3942878246307373,1
0.49137628078460693,1
0.33191633224487305,1
0.4109579026699066,1
0.41495102643966675,1
0.35930493474006653,1
0.426272988319397,1
0.3173096179962158,1
0.42404505610466003,1
0.33351850509643555,1
0.40982890129089355,1
0.5063797235488892,1
0.40536367893218994,1
0.38705483078956604,1
0.28077465295791626,1
0.4095528721809387,1
0.38949811458587646,1
0.33046334981918335,1
0.4260094165802002,1
0.3502092957496643,1
0.3575373888015747,1
0.4596908688545227,1
0.32328692078590393,1
0.6257973909378052,1
0.301322340965271,1
0.36668485403060913,1
0.34534507989883423,1
0.45596981048583984,1
0.3528897166252136,1
0.3448815643787384,1
0.379128098487854,1
0.2666235566139221,1
0.359951376914978,1
0.46433648467063904,1
0.4023674726486206,1
0.47272512316703796,1
0.3678038716316223,1
0.43178147077560425,1
0.4524345099925995,1
0.4405042827129364,1
0.3178420662879944,1
0.41964930295944214,1
0.32775241136550903,1
0.38281214237213135,1
0.4789925217628479,1
0.3921051025390625,1
0.3963964283466339,1
0.38360467553138733,1
0.3458949327468872,1
0.3362128436565399,1
0.41711655259132385,1
0.30772000551223755,1
0.4216967225074768,1
0.37129682302474976,1
0.3846065402030945,1
0.36347585916519165,1
0.3366715610027313,1
0.2955780625343323,1
0.3782676160335541,1
0.3835245370864868,1
0.4802784323692322,1
0.3255227208137512,1
0.2156010866165161,1
0.3612957000732422,1
0.3932111859321594,1
0.3277568519115448,1
0.45191171765327454,1
0.33754515647888184,1
0.4319925010204315,1
0.3147166669368744,1
0.4152548909187317,1
0.5187990665435791,1
0.34367212653160095,1
0.37834224104881287,1
0.35013848543167114,1
0.4261056184768677,1
0.38079771399497986,1
0.502630352973938,1
0.45430445671081543,1
0.4330662488937378,1
0.31120815873146057,1
0.3519645929336548,1
0.4140493869781494,1
0.3065631687641144,1
0.3831828236579895,1
0.2942284941673279,1
0.4982912838459015,1
0.36167091131210327,1
0.41262418031692505,1
0.4309065639972687,1
0.5628324747085571,1
0.3174113631248474,1
0.38739049434661865,1
0.31245893239974976,1
0.4090467393398285,1
0.29615849256515503,1
0.44341856241226196,1
0.37850722670555115,1
0.4563577175140381,1
0.3747325539588928,1
0.40843820571899414,1
0.36117273569107056,1
0.3981320559978485,1
0.2942836284637451,1
0.3608059883117676,1
0.3988357186317444,1
0.3522404432296753,1
0.44215404987335205,1
0.38566190004348755,1
0.3173600435256958,1
0.3234330117702484,1
0.41109582781791687,1
0.3511284589767456,1
0.4147260785102844,1
0.2961587905883789,1
0.4040728211402893,1
0.3924911916255951,1
0.4091918170452118,1
0.3812505006790161,1
0.3796008229255676,1
0.3976522982120514,1
0.49419018626213074,1
0.4394686818122864,1
0.4471684992313385,1
0.2957060635089874,1
0.4953482151031494,1
0.37843015789985657,1
0.3210388123989105,1
0.36942699551582336,1
0.3915824294090271,1
0.3958980441093445,1
0.27664873003959656,1
0.3017083704471588,1
0.37110838294029236,1
0.25398948788642883,1
0.3412235975265503,1
0.34422218799591064,1
0.30849283933639526,1
0.32543429732322693,1
0.4423689544200897,1
0.44274085760116577,1
0.27385398745536804,1
0.3970182240009308,1
0.356432169675827,1
0.3975811004638672,1
0.45346492528915405,1
0.4708271920681,1
0.46087485551834106,1
0.2898353934288025,1
0.5044894814491272,1
0.3369331657886505,1
0.48210906982421875,1
0.38601452112197876,1
0.43379658460617065,1
0.3678433299064636,1
0.4215785264968872,1
0.3959624469280243,1
0.5392434597015381,1
0.5249568819999695,1
0.39895039796829224,1
0.35852184891700745,1
0.3987300992012024,1
0.3939597010612488,1
0.3478606939315796,1
0.46637123823165894,1
0.5203341245651245,1
0.45941901206970215,1
0.3902434706687927,1
0.5341209769248962,1
0.4049275815486908,1
0.3799924850463867,1
0.3334934711456299,1
0.48285242915153503,1
0.2454565316438675,1
0.3073897659778595,1
0.3620595633983612,1
0.36558157205581665,1
0.4661265015602112,1
0.4290607273578644,1
0.3489826023578644,1
0.3298059403896332,1
0.3401517868041992,1
0.35529449582099915,1
0.42748740315437317,1
0.4735718369483948,1
0.4234831929206848,1
0.48693469166755676,1
0.39920133352279663,1
0.4435792565345764,1
0.37949827313423157,1
0.2980668842792511,1
0.33214548230171204,1
0.51285719871521,1
0.4770391583442688,1
0.2929452061653137,1
0.48438432812690735,1
0.4930166006088257,1
0.3641262352466583,1
0.4411347508430481,1
0.3431108295917511,1
0.3753983974456787,1
0.26227834820747375,1
0.4117380380630493,1
0.40753692388534546,1
0.349699467420578,1
0.29882216453552246,1
0.40657156705856323,1
0.5155125260353088,1
0.49563950300216675,1
0.49932655692100525,1
0.35421818494796753,1
0.4171201288700104,1
0.34331801533699036,1
0.30768734216690063,1
0.4949638247489929,1
0.432229220867157,1
0.3202400207519531,1
0.3547450006008148,1
0.4133296608924866,1
0.4509747624397278,1
0.29632335901260376,1
0.4599950909614563,1
0.41634610295295715,1
0.40165844559669495,1
0.459800124168396,1
0.3745277523994446,1
0.39915889501571655,1
0.341324120759964,1
0.3091428577899933,1
0.35405048727989197,1
0.3889922499656677,1
0.41965633630752563,1
0.24554702639579773,1
0.31479328870773315,1
0.3090471625328064,1
0.38803455233573914,1
0.38479501008987427,1
0.4270077049732208,1
0.5290334820747375,1
0.4145747423171997,1
0.4974416196346283,1
0.373757541179657,1
0.4725601077079773,1
0.34582677483558655,1
0.3033139705657959,1
0.36984336376190186,1
0.3903716504573822,1
0.5470102429389954,1
0.4309932589530945,1
0.40193191170692444,1
0.34081360697746277,1
0.2971263527870178,1
0.3108764588832855,1
0.44458597898483276,1
0.39978930354118347,1
0.42307114601135254,1
0.3586914837360382,1
0.44099533557891846,1
0.4611635208129883,1
0.31446462869644165,1
0.3330686390399933,1
0.24742385745048523,1
0.38389238715171814,1
0.4529704749584198,1
0.3270920515060425,1
0.37703537940979004,1
0.4052276015281677,1
0.35836613178253174,1
0.4788694977760315,1
0.39036881923675537,1
0.38699233531951904,1
0.36076927185058594,1
0.3984701931476593,1
0.4314839243888855,1
0.5655773282051086,1
0.3648245334625244,1
0.3707439601421356,1
0.39392152428627014,1
0.4565955698490143,1
0.3609389066696167,1
0.3043757975101471,1
0.3937544822692871,1
0.5603808164596558,1
0.282391756772995,1
0.4409371614456177,1
0.2543632388114929,1
0.47397881746292114,1
0.3633705675601959,1
0.5096553564071655,1
0.527308464050293,1
0.4842168688774109,1
0.37446466088294983,1
0.36154136061668396,1
0.4447140693664551,1
0.3093993365764618,1
0.3827495574951172,1
0.38721033930778503,1
0.3395501375198364,1
0.3953084647655487,1
0.3582398295402527,1
0.3503594994544983,1
0.37456172704696655,1
0.31443139910697937,1
0.35784852504730225,1
0.3552408814430237,1
0.3498063087463379,1
0.3526834547519684,1
0.38692212104797363,1
0.3778170049190521,1
0.4790470004081726,1
0.2619280219078064,1
0.29081693291664124,1
0.45017510652542114,1
0.47416359186172485,1
0.40526479482650757,1
0.4284909963607788,1
0.40397006273269653,1
0.4254721701145172,1
0.3892119526863098,1
0.4024015963077545,1
0.41409751772880554,1
0.2665746212005615,1
0.44785887002944946,1
0.42638179659843445,1
0.4628463387489319,1
0.4103504419326782,1
0.3346741199493408,1
0.4576845169067383,1
0.45715826749801636,1
0.45496100187301636,1
0.5148124694824219,1
0.4373437166213989,1
0.47729969024658203,1
0.2561541199684143,1
0.351884126663208,1
0.3934310972690582,1
0.4552800953388214,1
0.39115414023399353,1
0.38024038076400757,1
0.37471699714660645,1
0.29387301206588745,1
0.3980099856853485,1
0.3687403202056885,1
0.3600645065307617,1
0.4078388214111328,1
0.4052494764328003,1
0.3338576555252075,1
0.3850328326225281,1
0.42707163095474243,1
0.47918805480003357,1
0.18844284117221832,1
0.3371506929397583,1
0.362174391746521,1
0.3907965421676636,1
0.495843768119812,1
0.40371590852737427,1
0.34617626667022705,1
0.37640565633773804,1
0.3634324073791504,1
0.3415203094482422,1
0.4476853907108307,1
0.29149383306503296,1
0.37156084179878235,1
0.3585117757320404,1
0.4081675112247467,1
0.42277657985687256,1
0.47003620862960815,1
0.4443075656890869,1
0.44456833600997925,1
0.4596443176269531,1
0.38529860973358154,1
0.5069485306739807,1
0.33353090286254883,1
0.4115044176578522,1
0.36447417736053467,1
0.38931339979171753,1
0.3321494460105896,1
0.41723933815956116,1
0.527457594871521,1
0.37484902143478394,1
0.3838931918144226,1
0.37342146039009094,1
0.5549188852310181,1
0.3907988369464874,1
0.33010417222976685,1
0.38155901432037354,1
0.4587269425392151,1
0.36234578490257263,1
0.3735867440700531,1
0.31589627265930176,1
0.3708901107311249,1
0.4377051591873169,1
0.30784204602241516,1
0.3771035075187683,1
0.3789592683315277,1
0.3054690957069397,1
0.40091368556022644,1
0.3865002989768982,1
0.30592381954193115,1
0.3439241647720337,1
0.39323335886001587,1
0.4989677667617798,1
0.4187682569026947,1
0.4426565170288086,1
0.4049850106239319,1
0.36169949173927307,1
0.39454716444015503,1
0.2980465292930603,1
0.38156646490097046,1
0.38645491003990173,1
0.452649861574173,1
0.39951130747795105,1
0.43655356764793396,1
0.2994980812072754,1
0.42125403881073,1
0.43155431747436523,1
0.4232429563999176,1
0.42478179931640625,1
0.43691104650497437,1
0.39535558223724365,1
0.35477253794670105,1
0.3968536853790283,1
0.47292274236679077,1
0.36796146631240845,1
0.33584123849868774,1
0.3927571773529053,1
0.3722110688686371,1
0.3854748606681824,1
0.3752339482307434,1
0.368119478225708,1
0.36406198143959045,1
0.3906586766242981,1
0.4751306176185608,1
0.328438401222229,1
0.415044367313385,1
0.40318942070007324,1
0.35526907444000244,1
0.43403002619743347,1
0.2993735671043396,1
0.27276962995529175,1
0.4645642042160034,1
0.33167731761932373,1
0.4329940378665924,1
0.4096413850784302,1
0.3274698257446289,1
0.3086279332637787,1
0.3272847831249237,1
0.36307039856910706,1
0.34697437286376953,1
0.4887670874595642,1
0.32103341817855835,1
0.41164031624794006,1
0.37033963203430176,1
0.2762354612350464,1
0.3030552566051483,1
0.37820082902908325,1
0.3890097737312317,1
0.40317896008491516,1
0.5179214477539063,1
0.485493928194046,1
0.3174072802066803,1
0.376320481300354,1
0.46818238496780396,1
0.4292394816875458,1
0.42930442094802856,1
0.4588727355003357,1
0.3893778920173645,1
0.2864276170730591,1
0.4440273642539978,1
0.32475194334983826,1
0.33064547181129456,1
0.37547236680984497,1
0.366277277469635,1
0.32666540145874023,1
0.4774581789970398,1
0.40321725606918335,1
0.35864490270614624,1
0.34740149974823,1
0.24577376246452332,1
0.3505498766899109,1
0.4220382571220398,1
0.34295663237571716,1
0.3558772802352905,1
0.4081155061721802,1
0.3815889358520508,1
0.3571932315826416,1
0.49963635206222534,1
0.48623788356781006,1
0.4643310606479645,1
0.3511312007904053,1
0.43809136748313904,1
0.40460193157196045,1
0.32146427035331726,1
0.4221747815608978,1
0.36116495728492737,1
0.36800917983055115,1
0.42291849851608276,1
0.400003582239151,1
0.3916342556476593,1
0.40431147813796997,1
0.380174458026886,1
0.3744194805622101,1
0.3985725939273834,1
0.3779352009296417,1
0.40700721740722656,1
0.3135949969291687,1
0.31508734822273254,1
0.34785744547843933,1
0.4643499255180359,1
0.38467445969581604,1
0.31383001804351807,1
0.37375015020370483,1
0.35479092597961426,1
0.44883638620376587,1
0.297859787940979,1
0.3261879086494446,1
0.4060301184654236,1
0.43771427869796753,1
0.3975328803062439,1
0.28382638096809387,1
0.5060096979141235,1
0.4237328767776489,1
0.3393856883049011,1
0.458268940448761,1
0.40798085927963257,1
0.45000049471855164,1
0.40063369274139404,1
0.41612303256988525,1
0.42606213688850403,1
0.44114547967910767,1
0.30230048298835754,1
0.34348827600479126,1
0.2910671532154083,1
0.38810521364212036,1
0.3654826879501343,1
0.3613385558128357,1
0.374697744846344,1
0.37170472741127014,1
0.3503756821155548,1
0.5168231129646301,1
0.34274357557296753,1
0.3116958737373352,1
0.2985605001449585,1
0.2753456234931946,1
0.32047557830810547,1
0.3789527714252472,1
0.520361602306366,1
0.29077979922294617,1
0.4356916844844818,1
0.42670300602912903,1
0.425465852022171,1
0.42505884170532227,1
0.44567447900772095,1
0.3420177400112152,1
0.3792954683303833,1
0.43585205078125,1
0.3290945291519165,1
0.403120219707489,1
0.3805246949195862,1
0.34761905670166016,1
0.4254821538925171,1
0.5021265745162964,1
0.3521885275840759,1
0.3823584318161011,1
0.29981741309165955,1
0.49031364917755127,1
0.4172019958496094,1
0.38954228162765503,1
0.2851911783218384,1
0.4264754056930542,1
0.4154604971408844,1
0.40388059616088867,1
0.501784086227417,1
0.3110554814338684,1
0.3659379780292511,1
0.3734849989414215,1
0.5462077856063843,1
0.37717652320861816,1
0.4083704352378845,1
0.3560701608657837,1
0.27058008313179016,1
0.387267529964447,1
0.4868839979171753,1
0.38698163628578186,1
0.5147872567176819,1
0.3469048738479614,1
0.3897528648376465,1
0.4142448902130127,1
0.28830835223197937,1
0.28337666392326355,1
0.438406765460968,1
0.4463329017162323,1
0.38138920068740845,1
0.3288377523422241,1
0.3667983412742615,1
0.43964725732803345,1
0.28089994192123413,1
0.3358556628227234,1
0.3485250771045685,1
0.4192408621311188,1
0.4970744252204895,1
0.36700597405433655,1
0.4689801335334778,1
0.36489999294281006,1
0.383650004863739,1
0.22431053221225739,1
0.22575971484184265,1
0.4407884478569031,1
0.5199146866798401,1
0.3742334544658661,1
0.39211905002593994,1
0.35215187072753906,1
0.4827583432197571,1
0.37444502115249634,1
0.3511154055595398,1
0.34476813673973083,1
0.3371973931789398,1
0.3893752098083496,1
0.4114536643028259,1
0.3495253324508667,1
0.35958877205848694,1
0.3608822524547577,1
0.5396046042442322,1
0.2802821695804596,1
0.3896130919456482,1
0.44458797574043274,1
0.3259986639022827,1
0.35773998498916626,1
0.44016921520233154,1
0.38092607259750366,1
0.3763998746871948,1
0.3398217558860779,1
0.456890344619751,1
0.36814308166503906,1
0.3670387268066406,1
0.39627018570899963,1
0.36170750856399536,1
0.33214637637138367,1
0.3768772482872009,1
0.5099342465400696,1
0.32540249824523926,1
0.44409775733947754,1
0.3269994556903839,1
0.3654376268386841,1
0.39041218161582947,1
0.364190936088562,1
0.5107144117355347,1
0.41631388664245605,1
0.4118450880050659,1
0.3640238046646118,1
0.3125663697719574,1
0.36089348793029785,1
0.38647425174713135,1
0.36752593517303467,1
0.363753080368042,1
0.4874148964881897,1
0.3397986888885498,1
0.42931774258613586,1
0.4383693039417267,1
0.21882843971252441,1
0.31583070755004883,1
0.28552716970443726,1
0.4298080801963806,1
0.5184800028800964,1
0.4426674544811249,1
0.4133189916610718,1
0.4406642019748688,1
0.3619955778121948,1
0.4205731153488159,1
0.45068103075027466,1
0.3294854462146759,1
0.4321875274181366,1
0.40103137493133545,1
0.3807772099971771,1
0.4239577651023865,1
0.3927263617515564,1
0.2968043386936188,1
0.4437049925327301,1
0.414044052362442,1
0.31656646728515625,1
0.27176541090011597,1
0.36842072010040283,1
0.4282746911048889,1
0.37771642208099365,1
0.47194868326187134,1
0.4133947491645813,1
0.3523158133029938,1
0.4719057083129883,1
0.40980076789855957,1
0.4029615521430969,1
0.6509366035461426,1
0.42700058221817017,1
0.311088502407074,1
0.3759235441684723,1
0.44532114267349243,1
0.42130047082901,1
0.34731951355934143,1
0.3845756947994232,1
0.3822562098503113,1
0.3284904956817627,1
0.3557000160217285,1
0.4405466318130493,1
0.5049878358840942,1
0.28129303455352783,1
0.3262844383716583,1
0.4192521572113037,1
0.33661943674087524,1
0.2727871239185333,1
0.37898576259613037,1
0.3106183409690857,1
0.3610691428184509,1
0.4188787341117859,1
0.38383984565734863,1
0.3205828070640564,1
0.23149237036705017,1
0.40824365615844727,1
0.4506593942642212,1
0.39359787106513977,1
0.4091205894947052,1
0.34231793880462646,1
0.33052289485931396,1
0.39817100763320923,1
0.4194716215133667,1
0.37745752930641174,1
0.3936811089515686,1
0.31932735443115234,1
0.490986704826355,1
0.3962377905845642,1
0.34722018241882324,1
0.31925687193870544,1
0.2966330349445343,1
0.3425123989582062,1
0.45579099655151367,1
0.39517146348953247,1
0.3770550787448883,1
0.49108797311782837,1
0.33007392287254333,1
0.321790486574173,1
0.3573867678642273,1
0.3467160761356354,1
0.3522413372993469,1
0.4957740008831024,1
0.3590649366378784,1
0.5166999101638794,1
0.30358177423477173,1
0.40260446071624756,1
0.4784095883369446,1
0.35745272040367126,1
0.2734624743461609,1
0.3818961977958679,1
0.3862415552139282,1
0.38075974583625793,1
0.39372631907463074,1
0.2889484763145447,1
0.39785778522491455,1
0.3734666705131531,1
0.37951451539993286,1
0.48128461837768555,1
0.3878774642944336,1
0.36521193385124207,1
0.36564144492149353,1
0.4502035677433014,1
0.46415460109710693,1
0.4152646064758301,1
0.28868505358695984,1
0.36052238941192627,1
0.30666840076446533,1
0.530023455619812,1
0.4394690990447998,1
0.6229159832000732,1
0.28127169609069824,1
0.3127399682998657,1
0.2973765730857849,1
0.22070327401161194,1
0.4164454936981201,1
0.36919039487838745,1
0.44013333320617676,1
0.37640243768692017,1
0.2873227596282959,1
0.34899890422821045,1
0.3670361042022705,1
0.3590293824672699,1
0.4366966784000397,1
0.38978511095046997,1
0.327298104763031,1
0.40797701478004456,1
0.3423035144805908,1
0.43352746963500977,1
0.48813581466674805,1
0.43612420558929443,1
0.40156447887420654,1
0.38256150484085083,1
0.33502626419067383,1
0.2809068560600281,1
0.2920798659324646,1
0.4988263249397278,1
0.4493344724178314,1
0.4452695846557617,1
0.3887884318828583,1
0.3684093952178955,1
0.27394869923591614,1
0.3011389970779419,1
0.4442361891269684,1
0.31333503127098083,1
0.41853681206703186,1
0.3257004916667938,1
0.5036275386810303,1
0.375990629196167,1
0.36622312664985657,1
0.46098044514656067,1
0.3861587345600128,1
0.29998981952667236,1
0.2644415497779846,1
0.4713239371776581,1
0.35711216926574707,1
0.37220993638038635,1
0.3657516837120056,1
0.39911437034606934,1
0.42023998498916626,1
0.28000688552856445,1
0.39209386706352234,1
0.3651180863380432,1
0.40171927213668823,1
0.3793889880180359,1
0.39401546120643616,1
0.3408938944339752,1
0.5007472038269043,1
0.4290059804916382,1
0.4637841582298279,1
0.5307539105415344,1
0.4900989234447479,1
0.36888760328292847,1
0.40774303674697876,1
0.4387394189834595,1
0.45276105403900146,1
0.40674182772636414,1
0.41123706102371216,1
0.3883339762687683,1
0.43856775760650635,1
0.3489244878292084,1
0.33107128739356995,1
0.42135700583457947,1
0.3647254407405853,1
0.3155635893344879,1
0.33900803327560425,1
0.39057812094688416,1
0.3373919725418091,1
0.3363586664199829,1
0.3589799404144287,1
0.3207436501979828,1
0.4410862624645233,1
0.36651474237442017,1
0.36962196230888367,1
0.4910125136375427,1
0.38961535692214966,1
0.375060498714447,1
0.3588714599609375,1
0.3073573410511017,1
0.4114950895309448,1
0.294866144657135,1
0.2964080274105072,1
0.31064262986183167,1
0.34383082389831543,1
0.4080449938774109,1
0.35003983974456787,1
0.3866576552391052,1
0.37892022728919983,1
0.2712896466255188,1
0.3411191701889038,1
0.5436934232711792,1
0.3924451172351837,1
0.3448610305786133,1
0.3617522418498993,1
0.3838322162628174,1
0.41665881872177124,1
0.42472636699676514,1
0.4449350833892822,1
0.3682379722595215,1
0.40115055441856384,1
0.3975723087787628,1
0.4665595293045044,1
0.40308600664138794,1
0.3939511477947235,1
0.3145557641983032,1
0.45710498094558716,1
0.2998799681663513,1
0.3644198775291443,1
0.4049054682254791,1
0.4252406656742096,1
0.4131588935852051,1
0.33532941341400146,1
0.46046966314315796,1
0.3540302813053131,1
0.3061857223510742,1
0.4287629723548889,1
0.47668391466140747,1
0.33726435899734497,1
0.40319615602493286,1
0.3261926770210266,1
0.43638214468955994,1
0.39065229892730713,1
0.4094667434692383,1
0.5125929713249207,1
0.31575801968574524,1
0.5380376577377319,1
0.4496283233165741,1
0.3532294034957886,1
0.33548715710639954,1
0.39744019508361816,1
0.4935747981071472,1
0.45089709758758545,1
0.28225070238113403,1
0.31482768058776855,1
0.3814902603626251,1
0.423494428396225,1
0.37407687306404114,1
0.36430823802948,1
0.3219984173774719,1
0.4062432050704956,1
0.4112289547920227,1
0.3049496114253998,1
0.3054737150669098,1
0.39735832810401917,1
0.3132193684577942,1
0.43058714270591736,1
0.4800119400024414,1
0.3721962571144104,1
0.3871147036552429,1
0.3497593104839325,1
0.37925776839256287,1
0.3807469606399536,1
0.261793851852417,1
0.3277866542339325,1
0.4257819652557373,1
0.2949587106704712,1
0.387428343296051,1
0.39728453755378723,1
0.40918803215026855,1
0.44561660289764404,1
0.4197689890861511,1
0.3817707598209381,1
0.27300962805747986,1
0.37312644720077515,1
0.31580182909965515,1
0.3632437288761139,1
0.2155826985836029,1
0.35293078422546387,1
0.4695436954498291,1
0.3237870931625366,1
0.31980252265930176,1
0.421152263879776,1
0.4297764301300049,1
0.3971259891986847,1
0.3522092401981354,1
0.4256654679775238,1
0.3594154715538025,1
0.40341809391975403,1
0.49859708547592163,1
0.4115836024284363,1
0.4410797953605652,1
0.3910800516605377,1
0.4018254280090332,1
0.44532543420791626,1
0.4456908106803894,1
0.5970906019210815,1
0.47422537207603455,1
0.4236834645271301,1
0.4632159471511841,1
0.3599594831466675,1
0.3691214323043823,1
0.4311002492904663,1
0.3288075029850006,1
0.37708503007888794,1
0.39726588129997253,1
0.3185841143131256,1
0.4932399392127991,1
0.41528820991516113,1
0.4180123805999756,1
0.4144555926322937,1
0.3959329426288605,1
0.4264334440231323,1
0.46346229314804077,1
0.3744865655899048,1
0.4013057351112366,1
0.4322988986968994,1
0.32060742378234863,1
0.3833810091018677,1
0.2916460633277893,1
0.34248578548431396,1
0.4792402386665344,1
0.36472368240356445,1
0.4524007737636566,1
0.4166561961174011,1
0.37620973587036133,1
0.467692106962204,1
0.4827148914337158,1
0.3968658447265625,1
0.3571367859840393,1
0.46480023860931396,1
0.49310559034347534,1
0.3670019805431366,1
0.4112622141838074,1
0.5061430931091309,1
0.3447175920009613,1
0.4111434817314148,1
0.37893950939178467,1
0.2640613317489624,1
0.38333237171173096,1
0.5095230937004089,1
0.3897237181663513,1
0.29613617062568665,1
0.3121117949485779,1
0.41675901412963867,1
0.2940308749675751,1
0.4541916847229004,1
0.40308037400245667,1
0.31480056047439575,1
0.38402608036994934,1
0.2822381854057312,1
0.3679519295692444,1
0.36935338377952576,1
0.40903040766716003,1
0.40074360370635986,1
0.5138468742370605,1
0.4236821234226227,1
0.30713415145874023,1
0.40017643570899963,1
0.3193855285644531,1
0.3438223600387573,1
0.38112637400627136,1
0.44168442487716675,1
0.4101746380329132,1
0.415701299905777,1
0.31048160791397095,1
0.4185706377029419,1
0.3405550718307495,1
0.35224562883377075,1
0.4499914348125458,1
0.3464251458644867,1
0.3970016539096832,1
0.4537058472633362,1
0.6237603425979614,1
0.3297255039215088,1
0.3928423225879669,1
0.29528123140335083,1
0.5068142414093018,1
0.30501991510391235,1
0.2927628755569458,1
0.2882370352745056,1
0.3754105567932129,1
0.4020463824272156,1
0.403332382440567,1
0.2639656662940979,1
0.3456653356552124,1
0.48060908913612366,1
0.44745758175849915,1
0.5332223176956177,1
0.4095715880393982,1
0.32077810168266296,1
0.32356444001197815,1
0.48928380012512207,1
0.38156992197036743,1
0.37790948152542114,1
0.44774866104125977,1
0.38559919595718384,1
0.2996658384799957,1
0.4279021620750427,1
0.3773425817489624,1
0.364423930644989,1
0.3907373249530792,1
0.4641651511192322,1
0.3201054036617279,1
0.3125610947608948,1
0.3284355401992798,1
0.34835392236709595,1
0.33576345443725586,1
0.3529631495475769,1
0.4112262427806854,1
0.39484524726867676,1
0.31252291798591614,1
0.37956440448760986,1
0.4383254945278168,1
0.42027175426483154,1
0.34232112765312195,1
0.46416985988616943,1
0.37232205271720886,1
0.4909112751483917,1
0.29993438720703125,1
0.49622881412506104,1
0.3255094885826111,1
0.3230712413787842,1
0.41062843799591064,1
0.3781132996082306,1
0.31922948360443115,1
0.3787020444869995,1
0.29731154441833496,1
0.37197592854499817,1
0.365145206451416,1
0.3752046823501587,1
0.38111817836761475,1
0.4538857042789459,1
0.40206944942474365,1
0.3520340919494629,1
0.375033438205719,1
0.3595582842826843,1
0.3148009479045868,1
0.3791844844818115,1
0.29033035039901733,1
0.364517480134964,1
0.3593258261680603,1
0.3745298981666565,1
0.41218066215515137,1
0.3622347414493561,1
0.38405442237854004,1
0.43262991309165955,1
0.3267066180706024,1
0.39289790391921997,1
0.3882851004600525,1
0.40405866503715515,1
0.4263535141944885,1
0.4432578682899475,1
0.5149375200271606,1
0.4609995484352112,1
0.3956463932991028,1
0.47770440578460693,1
0.46651047468185425,1
0.4328443706035614,1
0.42349478602409363,1
0.3769938051700592,1
0.44426536560058594,1
0.31030869483947754,1
0.3633197546005249,1
0.2965293228626251,1
0.3627263605594635,1
0.4427063465118408,1
0.3384777903556824,1
0.32982683181762695,1
0.4071190357208252,1
0.4177418053150177,1
0.3055829107761383,1
0.40253257751464844,1
0.3270975649356842,1
0.3070037364959717,1
0.3359181880950928,1
0.36617612838745117,1
0.4011435806751251,1
0.4470483064651489,1
0.25913506746292114,1
0.24755842983722687,1
0.4624839723110199,1
0.38981062173843384,1
0.43905168771743774,1
0.399813711643219,1
0.35479092597961426,1
0.37739279866218567,1
0.40422946214675903,1
0.37308698892593384,1
0.3193446397781372,1
0.389792799949646,1
0.4607123136520386,1
0.3096187114715576,1
0.3826160430908203,1
0.3411301374435425,1
0.38310182094573975,1
0.46129310131073,1
0.36109572649002075,1
0.3398985266685486,1
0.4196431636810303,1
0.4089183807373047,1
0.35406139492988586,1
0.29513442516326904,1
0.3763235807418823,1
0.27399587631225586,1
0.4175153076648712,1
0.42214494943618774,1
0.4044639468193054,1
0.5049726963043213,1
0.4776730537414551,1
0.30607879161834717,1
0.3699705898761749,1
0.43853887915611267,1
0.2768380045890808,1
0.3515620529651642,1
0.2884509563446045,1
0.3942675292491913,1
0.3357677459716797,1
0.42464178800582886,1
0.3947996497154236,1
0.3510642349720001,1
0.32986122369766235,1
0.3274555206298828,1
0.2978910207748413,1
0.4571904242038727,1
0.34036561846733093,1
0.3991561233997345,1
0.3489534854888916,1
0.3437376618385315,1
0.3760303854942322,1
0.38655155897140503,1
0.39071279764175415,1
0.36666756868362427,1
0.48650842905044556,1
0.34915268421173096,1
0.3202517032623291,1
0.40434256196022034,1
0.37334004044532776,1
0.44351011514663696,1
0.4019552171230316,1
0.4763478636741638,1
0.3419908881187439,1
0.3449702560901642,1
0.32572421431541443,1
0.29305723309516907,1
0.47746193408966064,1
0.33440059423446655,1
0.37989285588264465,1
0.37966665625572205,1
0.3605169355869293,1
0.49977731704711914,1
0.39468300342559814,1
0.38511720299720764,1
0.3498114049434662,1
0.4243624806404114,1
0.3665970265865326,1
0.3528383672237396,1
0.4001757502555847,1
0.410725474357605,1
0.3653203845024109,1
0.4493693709373474,1
0.3791505694389343,1
0.3911624848842621,1
0.39541545510292053,1
0.41475623846054077,1
0.28037071228027344,1
0.35353827476501465,1
0.35580071806907654,1
0.45282644033432007,1
0.42920857667922974,1
0.37649649381637573,1
0.23509031534194946,1
0.48924243450164795,1
0.33626192808151245,1
0.3433457911014557,1
0.2654794752597809,1
0.4078647494316101,1
0.4197328984737396,1
0.28407931327819824,1
0.33320605754852295,1
0.49544647336006165,1
0.4209674596786499,1
0.4600183963775635,1
0.38879987597465515,1
0.43540090322494507,1
0.38087278604507446,1
0.39074790477752686,1
0.4134265184402466,1
0.4198194742202759,1
0.5156957507133484,1
0.3989406228065491,1
0.41167187690734863,1
0.31271296739578247,1
0.4216029942035675,1
0.4582917392253876,1
0.33714258670806885,1
0.3604506254196167,1
0.3411492109298706,1
0.4267852306365967,1
0.3309115767478943,1
0.4889104664325714,1
0.590444803237915,1
0.37471818923950195,1
0.34246760606765747,1
0.4314098358154297,1
0.43271657824516296,1
0.5009264945983887,1
0.26956498622894287,1
0.46834343671798706,1
0.42264434695243835,1
0.30025288462638855,1
0.34869134426116943,1
0.4122757911682129,1
0.5563253164291382,1
0.47674208879470825,1
0.3541123867034912,1
0.32198187708854675,1
0.4058780074119568,1
0.5068231225013733,1
0.34613168239593506,1
0.3800376057624817,1
0.3599953055381775,1
0.3757403492927551,1
0.35659176111221313,1
0.3043277859687805,1
0.3724994361400604,1
0.31383487582206726,1
0.38449376821517944,1
0.41020601987838745,1
0.3888920247554779,1
0.31755882501602173,1
0.3652920126914978,1
0.356658011674881,1
0.3274725079536438,1
0.3538796305656433,1
0.42034459114074707,1
0.4272729456424713,1
0.38125932216644287,1
0.4073716998100281,1
0.3870799243450165,1
0.42276448011398315,1
0.42167264223098755,1
0.4558415710926056,1
0.3110288977622986,1
0.40951505303382874,1
0.39346686005592346,1
0.36585187911987305,1
0.46071863174438477,1
0.39598003029823303,1
0.38854318857192993,1
0.34197351336479187,1
0.3865438997745514,1
0.3053061366081238,1
0.43519777059555054,1
0.4674719274044037,1
0.3385196328163147,1
0.48383015394210815,1
0.4413550794124603,1
0.33441996574401855,1
0.4043327271938324,1
0.2718392014503479,1
0.3721807301044464,1
0.3952704071998596,1
0.43168145418167114,1
0.4777504503726959,1
0.30241847038269043,1
0.3390957713127136,1
0.3604357838630676,1
0.4229520559310913,1
0.354885458946228,1
0.5155279636383057,1
0.3536757826805115,1
0.3781803250312805,1
0.39268070459365845,1
0.4432833194732666,1
0.41100090742111206,1
0.25957292318344116,1
0.3774740993976593,1
0.2802353501319885,1
0.3421021103858948,1
0.43009424209594727,1
0.31915557384490967,1
0.4461349844932556,1
0.3776702284812927,1
0.37595734000205994,1
0.41359996795654297,1
0.2955932319164276,1
0.41590434312820435,1
0.3639172315597534,1
0.39336833357810974,1
0.3691714406013489,1
0.39477968215942383,1
0.4059053659439087,1
0.5101858973503113,1
0.38503870368003845,1
0.41888588666915894,1
0.293070524930954,1
0.4120723009109497,1
0.45110565423965454,1
0.414461225271225,1
0.2872507572174072,1
0.43069735169410706,1
0.3360557556152344,1
0.25342100858688354,1
0.304327130317688,1
0.4317297339439392,1
0.40211886167526245,1
0.37359854578971863,1
0.40141192078590393,1
0.47017669677734375,1
0.25824809074401855,1
0.3019755780696869,1
0.3790014088153839,1
0.40831732749938965,1
0.34097185730934143,1
0.5069245100021362,1
0.4095974266529083,1
0.44848349690437317,1
0.4362242817878723,1
0.3595532178878784,1
0.4015597403049469,1
0.4104689955711365,1
0.35790902376174927,1
0.42073535919189453,1
0.39277738332748413,1
0.3636564016342163,1
0.38964641094207764,1
0.323428213596344,1
0.43687912821769714,1
0.39053142070770264,1
0.298750102519989,1
0.37504076957702637,1
0.38189807534217834,1
0.4381594955921173,1
0.3465123176574707,1
0.3302222490310669,1
0.4022197723388672,1
0.33159562945365906,1
0.526715874671936,1
0.42246752977371216,1
0.4521591067314148,1
0.31006330251693726,1
0.29689130187034607,1
0.35271909832954407,1
0.32350337505340576,1
0.37559670209884644,1
0.3946744203567505,1
0.3554571568965912,1
0.3438928723335266,1
0.3295400142669678,1
0.36476266384124756,1
0.3726954460144043,1
0.43845894932746887,1
0.5036940574645996,1
0.3624191880226135,1
0.3620557188987732,1
0.3680301308631897,1
0.5178273916244507,1
0.3800472021102905,1
0.4669853746891022,1
0.3414386808872223,1
0.3428494930267334,1
0.37145960330963135,1
0.3626856207847595,1
0.3796747624874115,1
0.3964121639728546,1
0.3946050703525543,1
0.400040864944458,1
0.39875125885009766,1
0.28222230076789856,1
0.4495490789413452,1
0.39176619052886963,1
0.41841763257980347,1
0.3598760664463043,1
0.3579886257648468,1
0.45141851902008057,1
0.39635759592056274,1
0.2571454644203186,1
0.44883352518081665,1
0.40680062770843506,1
0.3648037910461426,1
0.4097750186920166,1
0.33242926001548767,1
0.5026799440383911,1
0.4035993814468384,1
0.4683019518852234,1
0.3930776119232178,1
0.34297674894332886,1
0.5050958395004272,1
0.3196645677089691,1
0.27914196252822876,1
0.39698272943496704,1
0.41245242953300476,1
0.46416330337524414,1
0.3097873330116272,1
0.4095500707626343,1
0.44086670875549316,1
0.32999497652053833,1
0.44500812888145447,1
0.32268425822257996,1
0.29110437631607056,1
0.34736233949661255,1
0.36862441897392273,1
0.34252291917800903,1
0.360337495803833,1
0.34382525086402893,1
0.48460331559181213,1
0.35336020588874817,1
0.356914758682251,1
0.38214385509490967,1
0.5295815467834473,1
0.3555886149406433,1
0.5005970597267151,1
0.3203570544719696,1
0.449075847864151,1
0.3888849914073944,1
0.3095953166484833,1
0.35198652744293213,1
0.35739585757255554,1
0.37144774198532104,1
0.3954119086265564,1
0.35358402132987976,1
0.4579625725746155,1
0.42526593804359436,1
0.3920450806617737,1
0.37387990951538086,1
0.4602891802787781,1
0.46638423204421997,1
0.39475497603416443,1
0.43884313106536865,1
0.3445935547351837,1
0.4781482517719269,1
0.34198981523513794,1
0.27049458026885986,1
0.43857526779174805,1
0.3429432809352875,1
0.5003941655158997,1
0.39506831765174866,1
0.33919763565063477,1
0.31714069843292236,1
0.2882654666900635,1
0.324493408203125,1
0.34082937240600586,1
0.28381234407424927,1
0.46999645233154297,1
0.4449436068534851,1
0.47677531838417053,1
0.31089338660240173,1
0.333392858505249,1
0.37982118129730225,1
0.348196417093277,1
0.3413885235786438,1
0.4900440573692322,1
0.39595478773117065,1
0.3182262182235718,1
0.4660613536834717,1
0.36476466059684753,1
0.38428813219070435,1
0.4590935707092285,1
0.4791263937950134,1
0.3745068609714508,1
0.36662936210632324,1
0.3619048297405243,1
0.41472047567367554,1
0.3486619293689728,1
0.33007752895355225,1
0.4095847010612488,1
0.3438992500305176,1
0.4335837960243225,1
0.3839043080806732,1
0.3834191560745239,1
0.34300947189331055,1
0.463118314743042,1
0.2616291642189026,1
0.4490652084350586,1
0.37217721343040466,1
0.35963740944862366,1
0.426409512758255,1
0.3148326873779297,1
0.3575740456581116,1
0.45724308490753174,1
0.5044581890106201,1
0.2893577814102173,1
0.38319772481918335,1
0.3652818500995636,1
0.42064169049263,1
0.4569874405860901,1
0.5163217186927795,1
0.30784961581230164,1
0.4196569621562958,1
0.3904070258140564,1
0.3577893376350403,1
0.32493141293525696,1
0.2519691586494446,1
0.42752528190612793,1
0.37799549102783203,1
0.46196216344833374,1
0.35681241750717163,1
0.4855584502220154,1
0.3491427004337311,1
0.39539873600006104,1
0.4574231803417206,1
0.4863814115524292,1
0.35953599214553833,1
0.2146519422531128,1
0.4263249337673187,1
0.2516418993473053,1
0.3064451813697815,1
0.3679918646812439,1
0.3444921374320984,1
0.37823230028152466,1
0.4668421745300293,1
0.2852489650249481,1
0.3257203698158264,1
0.4932038486003876,1
0.3022802472114563,1
0.42995133996009827,1
0.3672220706939697,1
0.3024747371673584,1
0.38127410411834717,1
0.4890616834163666,1
0.3102608323097229,1
0.4035269618034363,1
0.33964473009109497,1
0.33522307872772217,1
0.34513556957244873,1
0.41778063774108887,1
0.38181501626968384,1
0.37167584896087646,1
0.4140043258666992,1
0.3387746810913086,1
0.4085674583911896,1
0.3461003303527832,1
0.3116305470466614,1
0.4177911877632141,1
0.3115382194519043,1
0.319999635219574,1
0.3976961374282837,1
0.3853669762611389,1
0.2885315418243408,1
0.35311928391456604,1
0.4631054401397705,1
0.36047816276550293,1
0.4789472222328186,1
0.42578691244125366,1
0.2804652154445648,1
0.46610119938850403,1
0.4728296399116516,1
0.2410508245229721,1
0.3622307777404785,1
0.3860284388065338,1
0.41401129961013794,1
0.36292433738708496,1
0.2781336307525635,1
0.39728641510009766,1
0.4511227011680603,1
0.37311041355133057,1
0.4200401306152344,1
0.4786622226238251,1
0.41041094064712524,1
0.36261674761772156,1
0.4044554829597473,1
0.340939998626709,1
0.34060588479042053,1
0.3322402238845825,1
0.34521839022636414,1
0.40926745533943176,1
0.3581993579864502,1
0.42259708046913147,1
0.3032499849796295,1
0.484524130821228,1
0.37947818636894226,1
0.28171488642692566,1
0.4909387230873108,1
0.3889721930027008,1
0.38360652327537537,1
0.2688800096511841,1
0.383680522441864,1
0.32628804445266724,1
0.44243353605270386,1
0.3846501111984253,1
0.3328416347503662,1
0.42083728313446045,1
0.5629470348358154,1
0.37570589780807495,1
0.3365398347377777,1
0.328888863325119,1
0.45788639783859253,1
0.3727245330810547,1
0.2838156819343567,1
0.3949962258338928,1
0.43165451288223267,1
0.36238008737564087,1
0.3537309169769287,1
0.42123231291770935,1
0.42983657121658325,1
0.3371356129646301,1
0.4206289052963257,1
0.32919538021087646,1
0.4799368381500244,1
0.4952985644340515,1
0.45852425694465637,1
0.4147135615348816,1
0.3634803295135498,1
0.574753999710083,1
0.3872343897819519,1
0.31127309799194336,1
0.249671071767807,1
0.38289040327072144,1
0.5043609142303467,1
0.3398125171661377,1
0.42537543177604675,1
0.44523143768310547,1
0.3587443232536316,1
0.4591785669326782,1
0.4724574685096741,1
0.3691442906856537,1
0.3881130516529083,1
0.37663692235946655,1
0.39305585622787476,1
0.38959240913391113,1
0.560437023639679,1
0.41433489322662354,1
0.30190783739089966,1
0.2844673991203308,1
0.4131118655204773,1
0.37770864367485046,1
0.316139280796051,1
0.37181976437568665,1
0.40067580342292786,1
0.4026804566383362,1
0.4004974365234375,1
0.40392279624938965,1
0.44529443979263306,1
0.41039156913757324,1
0.38312387466430664,1
0.3612595796585083,1
0.362106591463089,1
0.4654668867588043,1
0.36598193645477295,1
0.38376641273498535,1
0.5057960152626038,1
0.3188103437423706,1
0.44836199283599854,1
0.43320730328559875,1
0.35742732882499695,1
0.3959033489227295,1
0.40872079133987427,1
0.3315810561180115,1
0.3656843304634094,1
0.3605950176715851,1
0.4225168526172638,1
0.32886433601379395,1
0.30189403891563416,1
0.4532538652420044,1
0.42219579219818115,1
0.3411700129508972,1
0.4202217161655426,1
0.48036879301071167,1
0.3966670632362366,1
0.36764591932296753,1
0.30666565895080566,1
0.31885072588920593,1
0.35237714648246765,1
0.29293665289878845,1
0.40129411220550537,1
0.4300946891307831,1
0.3977157771587372,1
0.37563079595565796,1
0.37288641929626465,1
0.3276228904724121,1
0.4502912163734436,1
0.4534917175769806,1
0.4338110089302063,1
0.3665653169155121,1
0.38117480278015137,1
0.5567915439605713,1
0.4494863450527191,1
0.3545892536640167,1
0.3312974274158478,1
0.36971426010131836,1
0.38235437870025635,1
0.3622512221336365,1
0.37490180134773254,1
0.4708712100982666,1
0.310650110244751,1
0.410508930683136,1
0.4210222065448761,1
0.3299739956855774,1
0.3187101185321808,1
0.2661713659763336,1
0.32447683811187744,1
0.3057228624820709,1
0.3482573628425598,1
0.4044104814529419,1
0.4767320156097412,1
0.45505785942077637,1
0.3941277265548706,1
0.4681597352027893,1
0.4120081067085266,1
0.2587927579879761,1
0.3912782073020935,1
0.39442598819732666,1
0.265167236328125,1
0.40445342659950256,1
0.38835418224334717,1
0.5279465913772583,1
0.3437386751174927,1
0.2566528916358948,1
0.32996511459350586,1
0.27224934101104736,1
0.31649166345596313,1
0.30038562417030334,1
0.30344927310943604,1
0.3257392644882202,1
0.3658338785171509,1
0.45744138956069946,1
0.3296029567718506,1
0.3672308027744293,1
0.2936446964740753,1
0.2913341522216797,1
0.26232022047042847,1
0.48422741889953613,1
0.44867485761642456,1
0.2685251533985138,1
0.3291732668876648,1
0.34444648027420044,1
0.3933822512626648,1
0.35677963495254517,1
0.43705496191978455,1
0.2932617664337158,1
0.3919450044631958,1
0.31746259331703186,1
0.38264402747154236,1
0.5581760406494141,1
0.4467594623565674,1
0.370466947555542,1
0.405795693397522,1
0.33179163932800293,1
0.2791920602321625,1
0.4177442193031311,1
0.35817819833755493,1
0.29852283000946045,1
0.3650611639022827,1
0.40816229581832886,1
0.27664393186569214,1
0.40504440665245056,1
0.37686169147491455,1
0.26961058378219604,1
0.3336575925350189,1
0.3940820097923279,1
0.3515509068965912,1
0.4297500252723694,1
0.5088079571723938,1
0.3142101466655731,1
0.3961070775985718,1
0.2727007567882538,1
0.503113865852356,1
0.33330270648002625,1
0.36427411437034607,1
0.373340368270874,1
0.4648945927619934,1
0.42330557107925415,1
0.34325069189071655,1
0.3834644556045532,1
0.4535013735294342,1
0.4856947064399719,1
0.34968703985214233,1
0.3392427861690521,1
0.40130600333213806,1
0.39576825499534607,1
0.3531173765659332,1
0.3757484257221222,1
0.3478432297706604,1
0.39546459913253784,1
0.4323813319206238,1
0.3415921628475189,1
0.33463335037231445,1
0.4488239288330078,1
0.3914729356765747,1
0.34432482719421387,1
0.43359148502349854,1
0.3981696665287018,1
0.4835355281829834,1
0.4003427028656006,1
0.5389514565467834,1
0.372458815574646,1
0.3137587904930115,1
0.4199563264846802,1
0.3754538595676422,1
0.41921156644821167,1
0.3037375807762146,1
0.43843549489974976,1
0.35234227776527405,1
0.3829926550388336,1
0.32480931282043457,1
0.30552971363067627,1
0.3356163501739502,1
0.5140507817268372,1
0.4473974108695984,1
0.49446994066238403,1
0.3727133870124817,1
0.40546607971191406,1
0.42795413732528687,1
0.3367234468460083,1
0.30433809757232666,1
0.42474162578582764,1
0.29625561833381653,1
0.3730168640613556,1
0.35181719064712524,1
0.3422822952270508,1
0.31941989064216614,1
0.44064533710479736,1
0.36519134044647217,1
0.4199431836605072,1
0.4122864603996277,1
0.4052048325538635,1
0.3738332986831665,1
0.35383689403533936,1
0.4461851119995117,1
0.41995733976364136,1
0.25956153869628906,1
0.4857257604598999,1
0.4066852331161499,1
0.4238721430301666,1
0.47282564640045166,1
0.3246036469936371,1
0.5691476464271545,1
0.4631471037864685,1
0.35299670696258545,1
0.30546122789382935,1
0.35879597067832947,1
0.4415000379085541,1
0.45518749952316284,1
0.28289419412612915,1
0.38756823539733887,1
0.35897138714790344,1
0.2547951936721802,1
0.3007493019104004,1
0.430848628282547,1
0.5423154830932617,1
0.4109988212585449,1
0.31036072969436646,1
0.4151459336280823,1
0.40681251883506775,1
0.41200411319732666,1
0.350612998008728,1
0.39051443338394165,1
0.30335861444473267,1
0.4885585904121399,1
0.36797529458999634,1
0.44989311695098877,1
0.21499602496623993,1
0.3519930839538574,1
0.3317376375198364,1
0.4398992955684662,1
0.2681739628314972,1
0.4381147027015686,1
0.2503570318222046,1
0.4620094299316406,1
0.38214969635009766,1
0.4092700481414795,1
0.41659027338027954,1
0.42945799231529236,1
0.3615989089012146,1
0.4334229826927185,1
0.6424039006233215,1
0.4449354410171509,1
0.360382616519928,1
0.41357624530792236,1
0.3689490556716919,1
0.373521089553833,1
0.4111652076244354,1
0.41383257508277893,1
0.3462754487991333,1
0.3762824535369873,1
0.5469198226928711,1
0.4999203681945801,1
0.394276887178421,1
0.39385902881622314,1
0.40075600147247314,1
0.299018919467926,1
0.332724392414093,1
0.4489593505859375,1
0.3268223702907562,1
0.46725165843963623,1
0.3791866898536682,1
0.3985607624053955,1
0.5351487398147583,1
0.4848310947418213,1
0.46745675802230835,1
0.39305293560028076,1
0.44104909896850586,1
0.34137260913848877,1
0.35814154148101807,1
0.4647224545478821,1
0.3556665778160095,1
0.3885379433631897,1
0.49106788635253906,1
0.3446527421474457,1
0.2623826861381531,1
0.36754122376441956,1
0.32700255513191223,1
0.29493844509124756,1
0.3247827887535095,1
0.3150145411491394,1
0.4728975296020508,1
0.4441829323768616,1
0.44595640897750854,1
0.36993688344955444,1
0.3250431418418884,1
0.3711729943752289,1
0.4158307909965515,1
0.3118792474269867,1
0.3305046558380127,1
0.3612936735153198,1
0.4003661870956421,1
0.4333362579345703,1
0.37468475103378296,1
0.42325979471206665,1
0.4149254560470581,1
0.2415601760149002,1
0.33348536491394043,1
0.3880043029785156,1
0.40947777032852173,1
0.40684521198272705,1
0.4348621070384979,1
0.4246586561203003,1
0.45752742886543274,1
0.453072190284729,1
0.3749806880950928,1
0.37855517864227295,1
0.266531765460968,1
0.35256651043891907,1
0.36770379543304443,1
0.44271641969680786,1
0.45192915201187134,1
0.4600042700767517,1
0.3466365933418274,1
0.47051239013671875,1
0.32641303539276123,1
0.39917704463005066,1
0.39048850536346436,1
0.3977971076965332,1
0.3417987525463104,1
0.36849337816238403,1
0.2936776280403137,1
0.3450549840927124,1
0.36241814494132996,1
0.39938658475875854,1
0.3140106201171875,1
0.49245309829711914,1
0.4322302043437958,1
0.40980789065361023,1
0.4497244656085968,1
0.4248642325401306,1
0.40581920742988586,1
0.34216803312301636,1
0.4034278094768524,1
0.3138071894645691,1
0.41065695881843567,1
0.34964191913604736,1
0.3954163193702698,1
0.3915698826313019,1
0.39825260639190674,1
0.2871277928352356,1
0.3834931552410126,1
0.3539787828922272,1
0.4319303035736084,1
0.29932117462158203,1
0.46547555923461914,1
0.33129510283470154,1
0.3528293967247009,1
0.3665749430656433,1
0.4481860101222992,1
0.36431872844696045,1
0.3591093420982361,1
0.37393736839294434,1
0.3903384804725647,1
0.37384581565856934,1
0.4147114157676697,1
0.3539734482765198,1
0.47732967138290405,1
0.29865044355392456,1
0.37151575088500977,1
0.42267611622810364,1
0.4210658073425293,1
0.43323200941085815,1
0.391365110874176,1
0.4048849046230316,1
0.3596147894859314,1
0.26319098472595215,1
0.35621681809425354,1
0.3218701183795929,1
0.3879902958869934,1
0.36421990394592285,1
0.2932831048965454,1
0.3550369143486023,1
0.39651575684547424,1
0.3297261893749237,1
0.4365430772304535,1
0.30561575293540955,1
0.3634207844734192,1
0.3896138668060303,1
0.3626246452331543,1
0.4923667311668396,1
0.3983558714389801,1
0.40779900550842285,1
0.3245208263397217,1
0.40323561429977417,1
0.401194304227829,1
0.3535940647125244,1
0.2904452681541443,1
0.36583879590034485,1
0.31222963333129883,1
0.4122997224330902,1
0.3880767822265625,1
0.35857802629470825,1
0.25990402698516846,1
0.2443656027317047,1
0.38433629274368286,1
0.28426796197891235,1
0.42308154702186584,1
0.35536500811576843,1
0.2942616939544678,1
0.3163911700248718,1
0.42341506481170654,1
0.3844833970069885,1
0.36519119143486023,1
0.2550686299800873,1
0.4827039837837219,1
0.3259251117706299,1
0.46364420652389526,1
0.29504501819610596,1
0.34162285923957825,1
0.38959676027297974,1
0.45285341143608093,1
0.36065149307250977,1
0.47665366530418396,1
0.42264455556869507,1
0.41200387477874756,1
0.5312492251396179,1
0.3573516011238098,1
0.35503220558166504,1
0.4884023666381836,1
0.282870352268219,1
0.3869197964668274,1
0.4370747208595276,1
0.4496682286262512,1
0.46378397941589355,1
0.4280549883842468,1
0.4235038459300995,1
0.37495461106300354,1
0.4309799075126648,1
0.5327680706977844,1
0.36487337946891785,1
0.4103856086730957,1
0.4295482039451599,1
0.371890664100647,1
0.4016551375389099,1
0.3732030987739563,1
0.38462501764297485,1
0.2914859354496002,1
0.37880128622055054,1
0.3770693242549896,1
0.4765275716781616,1
0.5156183242797852,1
0.41557806730270386,1
0.36232250928878784,1
0.4541485905647278,1
0.3562329411506653,1
0.43915823101997375,1
0.3327341675758362,1
0.34879446029663086,1
0.42087361216545105,1
0.5064722895622253,1
0.3170790672302246,1
0.48262569308280945,1
0.42079785466194153,1
0.4165358543395996,1
0.44034698605537415,1
0.5030916929244995,1
0.43373194336891174,1
0.3631575107574463,1
0.4326398968696594,1
0.28755122423171997,1
0.4065069556236267,1
0.4296136796474457,1
0.527353048324585,1
0.399114727973938,1
0.32936859130859375,1
0.43509185314178467,1
0.4643060564994812,1
0.3703383803367615,1
0.44217586517333984,1
0.3581008315086365,1
0.44509685039520264,1
0.32314273715019226,1
0.4148712456226349,1
0.4646444320678711,1
0.3771413564682007,1
0.46678054332733154,1
0.4936700165271759,1
0.4146271049976349,1
0.47251075506210327,1
0.3990951180458069,1
0.38796550035476685,1
0.3799489736557007,1
0.3419915437698364,1
0.40446391701698303,1
0.3501656651496887,1
0.5073293447494507,1
0.330905556678772,1
0.3753407597541809,1
0.46540579199790955,1
0.35578399896621704,1
0.3555343747138977,1
0.3158872723579407,1
0.46167993545532227,1
0.38562971353530884,1
0.5438189506530762,1
0.33897972106933594,1
0.31409358978271484,1
0.5318235158920288,1
0.4150608479976654,1
0.30597949028015137,1
0.4270704984664917,1
0.30735769867897034,1
0.33415693044662476,1
0.3330889940261841,1
0.4518287479877472,1
0.3891662657260895,1
0.3626205325126648,1
0.44260168075561523,1
0.45036497712135315,1
0.4028998017311096,1
0.32140952348709106,1
0.4367184638977051,1
0.3646628260612488,1
0.40626513957977295,1
0.38455215096473694,1
0.3857727646827698,1
0.5239406824111938,1
0.3748449385166168,1
0.44250553846359253,1
0.46310603618621826,1
0.4409000873565674,1
0.403167724609375,1
0.37107333540916443,1
0.39170631766319275,1
0.382222443819046,1
0.4551011323928833,1
0.33362022042274475,1
0.3858022391796112,1
0.38714224100112915,1
0.3867555856704712,1
0.4643770456314087,1
0.41547104716300964,1
0.37540045380592346,1
0.3058331608772278,1
0.5410374402999878,1
0.37910664081573486,1
0.4044110178947449,1
0.3749791085720062,1
0.37887972593307495,1
0.469218909740448,1
0.42494431138038635,1
0.3744257986545563,1
0.33052876591682434,1
0.40503188967704773,1
0.38802844285964966,1
0.35908904671669006,1
0.4926748275756836,1
0.26584476232528687,1
0.3919810354709625,1
0.3821435570716858,1
0.29292142391204834,1
0.40074560046195984,1
0.4565088748931885,1
0.4313633441925049,1
0.4639144241809845,1
0.3503990173339844,1
0.37874308228492737,1
0.3048105239868164,1
0.28070181608200073,1
0.4005546271800995,1
0.3706894516944885,1
0.37616997957229614,1
0.3690291941165924,1
0.4152899980545044,1
0.39984211325645447,1
0.35948723554611206,1
0.39420968294143677,1
0.33173003792762756,1
0.49980390071868896,1
0.36795157194137573,1
0.3902090787887573,1
0.43802714347839355,1
0.45917683839797974,1
0.21346907317638397,1
0.4437409043312073,1
0.47359395027160645,1
0.3809014856815338,1
0.43929386138916016,1
0.33190998435020447,1
0.4539087116718292,1
0.45286044478416443,1
0.33783453702926636,1
0.43973445892333984,1
0.3737185597419739,1
0.31450748443603516,1
0.3650863468647003,1
0.39820045232772827,1
0.36092233657836914,1
0.4152244031429291,1
0.29346251487731934,1
0.42067939043045044,1
0.44295352697372437,1
0.36295124888420105,1
0.39437687397003174,1
0.40237903594970703,1
0.4158533811569214,1
0.3412235379219055,1
0.4252811074256897,1
0.43268677592277527,1
0.3481641113758087,1
0.4090157747268677,1
0.4761792719364166,1
0.3642098903656006,1
0.4865850806236267,1
0.39212751388549805,1
0.3148200511932373,1
0.3139733672142029,1
0.4503817558288574,1
0.30423691868782043,1
0.3342876434326172,1
0.35634368658065796,1
0.45075833797454834,1
0.48836812376976013,1
0.40561720728874207,1
0.43311816453933716,1
0.5004573464393616,1
0.4333527684211731,1
0.3762240409851074,1
0.3120817542076111,1
0.3023360073566437,1
0.321224570274353,1
0.444749653339386,1
0.2980348765850067,1
0.45198526978492737,1
0.46254271268844604,1
0.27866625785827637,1
0.31234440207481384,1
0.4162689447402954,1
0.3503285050392151,1
0.23978586494922638,1
0.39031505584716797,1
0.29504793882369995,1
0.4445269703865051,1
0.346739262342453,1
0.49923789501190186,1
0.34156668186187744,1
0.41861221194267273,1
0.333427369594574,1
0.3146049976348877,1
0.4633095860481262,1
0.39920175075531006,1
0.39243999123573303,1
0.3215169310569763,1
0.48376065492630005,1
0.35674580931663513,1
0.45248696208000183,1
0.3716884255409241,1
0.39948737621307373,1
0.41194212436676025,1
0.44427764415740967,1
0.2759706377983093,1
0.41688352823257446,1
0.2946547567844391,1
0.37010276317596436,1
0.49388444423675537,1
0.3628354072570801,1
0.36693230271339417,1
0.2772359848022461,1
0.3649672269821167,1
0.29834073781967163,1
0.4222806692123413,1
0.4316580295562744,1
0.28519517183303833,1
0.2629774212837219,1
0.3455137014389038,1
0.3483133614063263,1
0.41725000739097595,1
0.49286460876464844,1
0.3456748127937317,1
0.3577828109264374,1
0.3545885980129242,1
0.3600781559944153,1
0.45631662011146545,1
0.39310339093208313,1
0.2851320505142212,1
0.34305110573768616,1
0.323971688747406,1
0.3243107795715332,1
0.378803014755249,1
0.28662389516830444,1
0.3515203595161438,1
0.3685349225997925,1
0.2451253980398178,1
0.34359532594680786,1
0.33733755350112915,1
0.4551774263381958,1
0.36430665850639343,1
0.4015390872955322,1
0.2871153950691223,1
0.34729254245758057,1
0.4091877341270447,1
0.36703795194625854,1
0.4284101128578186,1
0.3345194458961487,1
0.3484131693840027,1
0.37811678647994995,1
0.4590175747871399,1
0.342536985874176,1
0.43538743257522583,1
0.3888688087463379,1
0.3581700325012207,1
0.3044637441635132,1
0.390705406665802,1
0.410022497177124,1
0.37064287066459656,1
0.38553446531295776,1
0.39114639163017273,1
0.3516494631767273,1
0.19708247482776642,1
0.3898864984512329,1
0.2683815658092499,1
0.42208805680274963,1
0.4016859829425812,1
0.3535541892051697,1
0.5385773181915283,1
0.3690145015716553,1
0.3089877963066101,1
0.42128515243530273,1
0.28543418645858765,1
0.36250895261764526,1
0.3703508675098419,1
0.35355716943740845,1
0.36644017696380615,1
0.4096042811870575,1
0.3700096607208252,1
0.36697226762771606,1
0.44699549674987793,1
0.41661855578422546,1
0.48591792583465576,1
0.35854315757751465,1
0.45518821477890015,1
0.4602915048599243,1
0.3802340626716614,1
0.39474648237228394,1
0.35140371322631836,1
0.4840701222419739,1
0.3388177752494812,1
0.3479887843132019,1
0.5698698163032532,1
0.37645837664604187,1
0.371065616607666,1
0.3444414734840393,1
0.4557262063026428,1
0.35102951526641846,1
0.4353145956993103,1
0.4535953998565674,1
0.4501870274543762,1
0.4764944314956665,1
0.3864268362522125,1
0.3936241865158081,1
0.3223487436771393,1
0.32275399565696716,1
0.41441309452056885,1
0.3429621756076813,1
0.3255741596221924,1
0.4359843134880066,1
0.46397483348846436,1
0.31974512338638306,1
0.3962855041027069,1
0.40759602189064026,1
0.3548327386379242,1
0.3362562656402588,1
0.43916741013526917,1
0.41483834385871887,1
0.43719664216041565,1
0.42133355140686035,1
0.3195796608924866,1
0.35018718242645264,1
0.3682490587234497,1
0.33290228247642517,1
0.3896747827529907,1
0.4299522638320923,1
0.27776506543159485,1
0.3911699056625366,1
0.33207571506500244,1
0.2871692478656769,1
0.3967900276184082,1
0.34375709295272827,1
0.38954976201057434,1
0.34876471757888794,1
0.4016135632991791,1
0.4557104706764221,1
0.45612606406211853,1
0.36229202151298523,1
0.3261685073375702,1
0.3225460648536682,1
0.45313718914985657,1
0.3185323476791382,1
0.33830586075782776,1
0.3871629238128662,1
0.32306143641471863,1
0.3641151189804077,1
0.47419166564941406,1
0.3484516441822052,1
0.3826037645339966,1
0.39183494448661804,1
0.44272008538246155,1
0.37798455357551575,1
0.34375452995300293,1
0.340800940990448,1
0.36376094818115234,1
0.5609635710716248,1
0.34593647718429565,1
0.40011605620384216,1
0.3964146375656128,1
0.30810409784317017,1
0.31760692596435547,1
0.39281442761421204,1
0.384467214345932,1
0.38901668787002563,1
0.34787389636039734,1
0.3858391046524048,1
0.3372182250022888,1
0.4411916136741638,1
0.38946810364723206,1
0.4320554733276367,1
0.3281291425228119,1
0.26213228702545166,1
0.4827260375022888,1
0.32113486528396606,1
0.35098740458488464,1
0.34533923864364624,1
0.3592885434627533,1
0.30523645877838135,1
0.4977034032344818,1
0.2905918061733246,1
0.3680064380168915,1
0.5445995330810547,1
0.40039658546447754,1
0.3851475119590759,1
0.3836422860622406,1
0.39344853162765503,1
0.2833259701728821,1
0.3747439682483673,1
0.39272767305374146,1
0.3859047293663025,1
0.3839409351348877,1
0.4830726683139801,1
0.38040590286254883,1
0.41694989800453186,1
0.40534543991088867,1
0.29851284623146057,1
0.3903662860393524,1
0.3743230700492859,1
0.4540288746356964,1
0.4649794399738312,1
0.40922775864601135,1
0.30582761764526367,1
0.347666472196579,1
0.23826433718204498,1
0.4562748074531555,1
0.32473862171173096,1
0.4023134708404541,1
0.352633535861969,1
0.3349250555038452,1
0.4676876366138458,1
0.3638985753059387,1
0.4148866832256317,1
0.30896008014678955,1
0.47183704376220703,1
0.3689723610877991,1
0.4627058804035187,1
0.3834783434867859,1
0.3897537291049957,1
0.38492727279663086,1
0.6345102787017822,1
0.39040595293045044,1
0.39541804790496826,1
0.29750484228134155,1
0.3437215983867645,1
0.3586372435092926,1
0.4223215579986572,1
0.3489419221878052,1
0.42539161443710327,1
0.38973966240882874,1
0.44122856855392456,1
0.41037100553512573,1
0.45201554894447327,1
0.38780122995376587,1
0.43685442209243774,1
0.4270935356616974,1
0.38161683082580566,1
0.3181268274784088,1
0.4337867498397827,1
0.35966956615448,1
0.2836592197418213,1
0.315141499042511,1
0.4206177592277527,1
0.41914665699005127,1
0.3736010789871216,1
0.3754032254219055,1
0.3772120475769043,1
0.31629589200019836,1
0.290068119764328,1
0.34221550822257996,1
0.4674416184425354,1
0.34977075457572937,1
0.4205789268016815,1
0.3663892149925232,1
0.3226223587989807,1
0.32291531562805176,1
0.3786380887031555,1
0.3874126076698303,1
0.4073486030101776,1
0.3230625092983246,1
0.3221018612384796,1
0.5091683268547058,1
0.4676857590675354,1
0.33707377314567566,1
0.42992743849754333,1
0.37460678815841675,1
0.463986873626709,1
0.4213825762271881,1
0.37163907289505005,1
0.389383465051651,1
0.3494836390018463,1
0.3616618514060974,1
0.4281863272190094,1
0.4982337951660156,1
0.4524284899234772,1
0.3174685537815094,1
0.3492187261581421,1
0.4423392415046692,1
0.3296877145767212,1
0.32923969626426697,1
0.41209137439727783,1
0.41506457328796387,1
0.3738788068294525,1
0.34172242879867554,1
0.38125693798065186,1
0.3698577284812927,1
0.398612916469574,1
0.3714602291584015,1
0.3355674743652344,1
0.40794187784194946,1
0.350394070148468,1
0.4071026146411896,1
0.35820984840393066,1
0.28695011138916016,1
0.4585973024368286,1
0.5081266164779663,1
0.3320918679237366,1
0.3195837140083313,1
0.5128176808357239,1
0.3038707375526428,1
0.3425392508506775,1
0.3865419030189514,1
0.3124212622642517,1
0.430608868598938,1
0.3739183247089386,1
0.40657779574394226,1
0.34123969078063965,1
0.5117464065551758,1
0.3796703815460205,1
0.3634379506111145,1
0.3741992115974426,1
0.3148358166217804,1
0.4347924292087555,1
0.41690629720687866,1
0.3951450288295746,1
0.43000736832618713,1
0.41544002294540405,1
0.35932713747024536,1
0.356497585773468,1
0.24136775732040405,1
0.31194886565208435,1
0.5041736364364624,1
0.3918367028236389,1
0.33877304196357727,1
0.3256482481956482,1
0.446527898311615,1
0.3439888060092926,1
0.4313954710960388,1
0.4178810715675354,1
0.47020289301872253,1
0.355200856924057,1
0.3378034234046936,1
0.39050841331481934,1
0.3667415678501129,1
0.4209451675415039,1
0.3436640501022339,1
0.33846813440322876,1
0.35086604952812195,1
0.4078041613101959,1
0.384646475315094,1
0.3884727358818054,1
0.30673104524612427,1
0.39215075969696045,1
0.45945900678634644,1
0.5051393508911133,1
0.41788041591644287,1
0.37867772579193115,1
0.34471410512924194,1
0.3296055197715759,1
0.33224499225616455,1
0.3521025478839874,1
0.36873820424079895,1
0.2701851427555084,1
0.4490184187889099,1
0.38227975368499756,1
0.43024954199790955,1
0.3280998170375824,1
0.39036309719085693,1
0.39799630641937256,1
0.28433316946029663,1
0.36495086550712585,1
0.4603455066680908,1
0.5006575584411621,1
0.34477663040161133,1
0.3416249752044678,1
0.5092363357543945,1
0.4250193238258362,1
0.4219364523887634,1
0.4444614052772522,1
0.44047847390174866,1
0.3774738907814026,1
0.5104100108146667,1
0.32087966799736023,1
0.4010370373725891,1
0.2746330201625824,1
0.3610396385192871,1
0.3995739817619324,1
0.4133216142654419,1
0.4154018759727478,1
0.43835973739624023,1
0.35608434677124023,1
0.41332751512527466,1
0.37182924151420593,1
0.28078195452690125,1
0.4930109977722168,1
0.3275667130947113,1
0.25741952657699585,1
0.38988181948661804,1
0.5727687478065491,1
0.43314164876937866,1
0.35410869121551514,1
0.36212867498397827,1
0.30539923906326294,1
0.47565779089927673,1
0.4418257474899292,1
0.45055919885635376,1
0.37352070212364197,1
0.434258371591568,1
0.5466018319129944,1
0.2965567111968994,1
0.46177858114242554,1
0.34321272373199463,1
0.3817044198513031,1
0.4070150554180145,1
0.4099057912826538,1
0.329894483089447,1
0.393939733505249,1
0.339092880487442,1
0.38649362325668335,1
0.48329871892929077,1
0.4456852972507477,1
0.48510614037513733,1
0.3518984317779541,1
0.28383755683898926,1
0.3795067369937897,1
0.3756275773048401,1
0.47898736596107483,1
0.46728479862213135,1
0.31666648387908936,1
0.2743285894393921,1
0.4976246953010559,1
0.5280110836029053,1
0.3700609505176544,1
0.3556950092315674,1
0.3121243715286255,1
0.39272215962409973,1
0.435177206993103,1
0.39307332038879395,1
0.4054567515850067,1
0.35502079129219055,1
0.35159459710121155,1
0.36217087507247925,1
0.3207738995552063,1
0.3171902298927307,1
0.43255043029785156,1
0.3825024962425232,1
0.3808293044567108,1
0.48240742087364197,1
0.39638838171958923,1
0.3312510848045349,1
0.3540310263633728,1
0.397466778755188,1
0.35958507657051086,1
0.36749449372291565,1
0.3321494162082672,1
0.30168417096138,1
0.3799310028553009,1
0.4004885256290436,1
0.32940471172332764,1
0.3753325641155243,1
0.4231319725513458,1
0.4280937910079956,1
0.4637170135974884,1
0.44469180703163147,1
0.4051792323589325,1
0.2827359437942505,1
0.4153291881084442,1
0.3466278314590454,1
0.44807931780815125,1
0.31286874413490295,1
0.32179734110832214,1
0.4453592896461487,1
0.3685671091079712,1
0.39705559611320496,1
0.31482815742492676,1
0.40414634346961975,1
0.36951708793640137,1
0.4097064137458801,1
0.329201340675354,1
0.4606565833091736,1
0.47823458909988403,1
0.32710370421409607,1
0.40602877736091614,1
0.3367152512073517,1
0.3808373212814331,1
0.36446285247802734,1
0.28423887491226196,1
0.3753596246242523,1
0.5364416837692261,1
0.3513355255126953,1
0.40499863028526306,1
0.3703291118144989,1
0.39948204159736633,1
0.2815549969673157,1
0.3535066246986389,1
0.3060145378112793,1
0.40886396169662476,1
0.3486611247062683,1
0.35392075777053833,1
0.39210647344589233,1
0.30541542172431946,1
0.3923918306827545,1
0.304092675447464,1
0.3471563458442688,1
0.5358158349990845,1
0.4280658960342407,1
0.3581202030181885,1
0.43968766927719116,1
0.35905566811561584,1
0.30236831307411194,1
0.3432043492794037,1
0.3484683632850647,1
0.27045178413391113,1
0.3888416886329651,1
0.341155469417572,1
0.3351897597312927,1
0.45353615283966064,1
0.4607383608818054,1
0.33837780356407166,1
0.25499022006988525,1
0.4024307429790497,1
0.5062567591667175,1
0.2819858193397522,1
0.41379183530807495,1
0.3715059161186218,1
0.4191918969154358,1
0.48984605073928833,1
0.31705936789512634,1
0.3735746145248413,1
0.37651991844177246,1
0.5838527679443359,1
0.398606538772583,1
0.37498289346694946,1
0.34410661458969116,1
0.46529948711395264,1
0.40198931097984314,1
0.42632293701171875,1
0.3526083827018738,1
0.41858118772506714,1
0.3961450159549713,1
0.39043936133384705,1
0.2747754752635956,1
0.38881149888038635,1
0.3469742238521576,1
0.4564260244369507,1
0.40768465399742126,1
0.3818812072277069,1
0.43648627400398254,1
0.4159863293170929,1
0.4062919318675995,1
0.3500039279460907,1
0.3357059359550476,1
0.3264518082141876,1
0.36573752760887146,1
0.37754830718040466,1
0.45574891567230225,1
0.4020204544067383,1
0.4523729979991913,1
0.3639795780181885,1
0.330108642578125,1
0.46485960483551025,1
0.410650372505188,1
0.39224380254745483,1
0.32864910364151,1
0.40088632702827454,1
0.3310554027557373,1
0.4310007691383362,1
0.3778340816497803,1
0.32545173168182373,1
0.34311139583587646,1
0.402439683675766,1
0.44989514350891113,1
0.4479535222053528,1
0.38330018520355225,1
0.4370732605457306,1
0.37198007106781006,1
0.3786827325820923,1
0.5169158577919006,1
0.30969488620758057,1
0.4722049832344055,1
0.4299452304840088,1
0.377143532037735,1
0.4086284339427948,1
0.44659239053726196,1
0.37740710377693176,1
0.42440375685691833,1
0.3993566036224365,1
0.5213695168495178,1
0.5044364333152771,1
0.3179989457130432,1
0.44043469429016113,1
0.41179731488227844,1
0.2910556197166443,1
0.40033698081970215,1
0.4700508713722229,1
0.40934422612190247,1
0.3360150456428528,1
0.4734728932380676,1
0.3695325255393982,1
0.3554428219795227,1
0.40140482783317566,1
0.38933736085891724,1
0.3044942021369934,1
0.3649265468120575,1
0.41602274775505066,1
0.3279428482055664,1
0.36813461780548096,1
0.4090220332145691,1
0.3964942991733551,1
0.3943041265010834,1
0.41811349987983704,1
0.4251192808151245,1
0.527681827545166,1
0.29976341128349304,1
0.4303143620491028,1
0.4051498472690582,1
0.4108571708202362,1
0.49309754371643066,1
0.47563761472702026,1
0.3862687945365906,1
0.33398550748825073,1
0.5532382130622864,1
0.36666804552078247,1
0.3524971902370453,1
0.415260374546051,1
0.4040701389312744,1
0.34174594283103943,1
0.2878749370574951,1
0.4678850769996643,1
0.3741570711135864,1
0.2737863063812256,1
0.40462934970855713,1
0.39688366651535034,1
0.32125765085220337,1
0.38647085428237915,1
0.4905719757080078,1
0.407353937625885,1
0.3415696620941162,1
0.33861446380615234,1
0.37319591641426086,1
0.4565357565879822,1
0.4353562593460083,1
0.5359023809432983,1
0.46081939339637756,1
0.4537954032421112,1
0.3107956051826477,1
0.33408990502357483,1
0.45200315117836,1
0.4617176055908203,1
0.4406748116016388,1
0.35343387722969055,1
0.3570365309715271,1
0.4149510860443115,1
0.3448251485824585,1
0.47248172760009766,1
0.4296124577522278,1
0.33827099204063416,1
0.47201770544052124,1
0.4293428659439087,1
0.47755780816078186,1
0.2509158253669739,1
0.4687497019767761,1
0.39714327454566956,1
0.4519224762916565,1
0.41616949439048767,1
0.45030084252357483,1
0.34959158301353455,1
0.40915846824645996,1
0.4152636229991913,1
0.39606255292892456,1
0.39938658475875854,1
0.3214647173881531,1
0.3629147708415985,1
0.35281267762184143,1
0.4104699194431305,1
0.4691718816757202,1
0.3528600335121155,1
0.42109739780426025,1
0.38583675026893616,1
0.3944447338581085,1
0.41016900539398193,1
0.41306793689727783,1
0.4236365854740143,1
0.35947591066360474,1
0.47022679448127747,1
0.5201956033706665,1
0.4726371169090271,1
0.32739269733428955,1
0.3832082748413086,1
0.43982309103012085,1
0.4261651635169983,1
0.23798778653144836,1
0.38799670338630676,1
0.4353034198284149,1
0.3755939304828644,1
0.3167842924594879,1
0.4051915109157562,1
0.4112999141216278,1
0.40409404039382935,1
0.3077371120452881,1
0.43869099020957947,1
0.449984610080719,1
0.41527748107910156,1
0.34797829389572144,1
0.38687238097190857,1
0.3795408010482788,1
0.42187362909317017,1
0.3243290185928345,1
0.500440776348114,1
0.42616498470306396,1
0.3358483612537384,1
0.3956053555011749,1
0.2401401847600937,1
0.3792836666107178,1
0.4082238972187042,1
0.4345364272594452,1
0.48174014687538147,1
0.36675775051116943,1
0.36640793085098267,1
0.3350433111190796,1
0.39914268255233765,1
0.3220239281654358,1
0.3417842388153076,1
0.3418608009815216,1
0.3911210596561432,1
0.3950728476047516,1
0.39162808656692505,1
0.33473363518714905,1
0.42857277393341064,1
0.5579820871353149,1
0.46049314737319946,1
0.41412684321403503,1
0.39740419387817383,1
0.36342287063598633,1
0.3662987947463989,1
0.3538243770599365,1
0.4343112111091614,1
0.42292821407318115,1
0.37125730514526367,1
0.4284919500350952,1
0.3369724154472351,1
0.3772481083869934,1
0.34315094351768494,1
0.3976360559463501,1
0.4265327453613281,1
0.3637019097805023,1
0.417106568813324,1
0.37629368901252747,1
0.3963931202888489,1
0.3474145531654358,1
0.4548746347427368,1
0.369901180267334,1
0.3296985626220703,1
0.4308607876300812,1
0.30203521251678467,1
0.3317467272281647,1
0.3408755362033844,1
0.4083012044429779,1
0.4237426221370697,1
0.4601830840110779,1
0.38283026218414307,1
0.35268670320510864,1
0.5737723112106323,1
0.4266785979270935,1
0.46168768405914307,1
0.32824766635894775,1
0.31686341762542725,1
0.37879687547683716,1
0.42225685715675354,1
0.4092648923397064,1
0.30634260177612305,1
0.42801633477211,1
0.36778515577316284,1
0.40159448981285095,1
0.35449594259262085,1
0.3541634678840637,1
0.43422776460647583,1
0.29533645510673523,1
0.490903377532959,1
0.3879554569721222,1
0.43008601665496826,1
0.3975083529949188,1
0.4445345401763916,1
0.49822431802749634,1
0.391658216714859,1
0.42662176489830017,1
0.42947816848754883,1
0.35938555002212524,1
0.42351868748664856,1
0.3394569456577301,1
0.4537299573421478,1
0.3665319085121155,1
0.4979749321937561,1
0.3322480320930481,1
0.3140367269515991,1
0.39637044072151184,1
0.41614803671836853,1
0.40678608417510986,1
0.3567557632923126,1
0.36480653285980225,1
0.3931294083595276,1
0.44911128282546997,1
0.34223365783691406,1
0.5156806707382202,1
0.3312423825263977,1
0.4374086558818817,1
0.45005714893341064,1
0.3436504900455475,1
0.3106427788734436,1
0.46873217821121216,1
0.35264530777931213,1
0.42127951979637146,1
0.350002646446228,1
0.37716609239578247,1
0.3776074945926666,1
0.42642584443092346,1
0.40752822160720825,1
0.4091395139694214,1
0.4545145630836487,1
0.43911802768707275,1
0.34996068477630615,1
0.30882370471954346,1
0.5311239957809448,1
0.39867523312568665,1
0.4883274435997009,1
0.5169901847839355,1
0.2916862368583679,1
0.3065275549888611,1
0.3562111258506775,1
0.28494635224342346,1
0.32748863101005554,1
0.2563367486000061,1
0.3436097502708435,1
0.4030361473560333,1
0.3749294877052307,1
0.4194508194923401,1
0.2689390778541565,1
0.4208788573741913,1
0.2870873510837555,1
0.3041226267814636,1
0.3891061544418335,1
0.38186439871788025,1
0.3711434602737427,1
0.30950501561164856,1
0.29460349678993225,1
0.32292303442955017,1
0.3767000436782837,1
0.42342519760131836,1
0.46462488174438477,1
0.3233848214149475,1
0.36539846658706665,1
0.39636242389678955,1
0.31300997734069824,1
0.2801463305950165,1
0.3507193326950073,1
0.35566455125808716,1
0.29005950689315796,1
0.4117248058319092,1
0.46317049860954285,1
0.31127357482910156,1
0.40119487047195435,1
0.3967479467391968,1
0.3341301381587982,1
0.45319220423698425,1
0.33892691135406494,1
0.353831946849823,1
0.3664281964302063,1
0.3815208077430725,1
0.2752411663532257,1
0.3738645315170288,1
0.37838828563690186,1
0.3994932472705841,1
0.32460907101631165,1
0.3727630376815796,1
0.3084307014942169,1
0.4205346703529358,1
0.44686299562454224,1
0.336773157119751,1
0.3681590259075165,1
0.37712162733078003,1
0.4385247230529785,1
0.4418580234050751,1
0.4856145679950714,1
0.38881003856658936,1
0.4549354910850525,1
0.3183155059814453,1
0.38876622915267944,1
0.4429472088813782,1
0.4317384660243988,1
0.41395270824432373,1
0.4312003254890442,1
0.2415262758731842,1
0.38120710849761963,1
0.48378902673721313,1
0.48032814264297485,1
0.44091829657554626,1
0.32870689034461975,1
0.3788674771785736,1
0.5165776014328003,1
0.3698919415473938,1
0.36418211460113525,1
0.3990802764892578,1
0.4089571535587311,1
0.4190937578678131,1
0.38850137591362,1
0.4683273732662201,1
0.3456645607948303,1
0.44273877143859863,1
0.37084323167800903,1
0.4456697702407837,1
0.41636142134666443,1
0.4096199870109558,1
0.35556453466415405,1
0.3377336263656616,1
0.46166419982910156,1
0.3481099009513855,1
0.3520902991294861,1
0.4150955080986023,1
0.3454104959964752,1
0.3145284652709961,1
0.33866390585899353,1
0.35861027240753174,1
0.4861634373664856,1
0.38504692912101746,1
0.4184913635253906,1
0.42144984006881714,1
0.4378321170806885,1
0.34837958216667175,1
0.5540049076080322,1
0.37017759680747986,1
0.36853083968162537,1
0.5384846329689026,1
0.4857385754585266,1
0.3522513508796692,1
0.36791133880615234,1
0.38648438453674316,1
0.39556702971458435,1
0.3222652077674866,1
0.321704626083374,1
0.4715256690979004,1
0.3810034990310669,1
0.5120611786842346,1
0.36590009927749634,1
0.3333865702152252,1
0.33812588453292847,1
0.33838218450546265,1
0.37381672859191895,1
0.36870118975639343,1
0.3869204819202423,1
0.3738827109336853,1
0.3479308485984802,1
0.43073999881744385,1
0.42829832434654236,1
0.33383461833000183,1
0.4770520329475403,1
0.3466753363609314,1
0.37666186690330505,1
0.40344831347465515,1
0.4164321720600128,1
0.38467466831207275,1
0.39308637380599976,1
0.34331175684928894,1
0.4461112916469574,1
0.36498600244522095,1
0.35543766617774963,1
0.4056064486503601,1
0.3339826464653015,1
0.466779500246048,1
0.3648670017719269,1
0.3868136405944824,1
0.3961755037307739,1
0.39979010820388794,1
0.3837819993495941,1
0.4395344853401184,1
0.4201350808143616,1
0.3722279667854309,1
0.38880160450935364,1
0.3419927656650543,1
0.43775641918182373,1
0.31441235542297363,1
0.365837961435318,1
0.40148746967315674,1
0.31653478741645813,1
0.4226863384246826,1
0.4321734309196472,1
0.43390247225761414,1
0.41078197956085205,1
0.5204408168792725,1
0.44707825779914856,1
0.288116991519928,1
0.38335737586021423,1
0.3601725399494171,1
0.4120340049266815,1
0.37340790033340454,1
0.35147589445114136,1
0.39091646671295166,1
0.3538452982902527,1
0.3762513995170593,1
0.31397026777267456,1
0.3911266028881073,1
0.39004895091056824,1
0.4903649091720581,1
0.4666147828102112,1
0.4698674976825714,1
0.3682968020439148,1
0.37757664918899536,1
0.4594545364379883,1
0.37056964635849,1
0.375415176153183,1
0.32754307985305786,1
0.5772600173950195,1
0.3353326618671417,1
0.4134695827960968,1
0.35569533705711365,1
0.4368961453437805,1
0.5132375359535217,1
0.3964514136314392,1
0.286385715007782,1
0.42331814765930176,1
0.42077070474624634,1
0.30274927616119385,1
0.4253351092338562,1
0.43013453483581543,1
0.27849429845809937,1
0.38178250193595886,1
0.3106704354286194,1
0.45672690868377686,1
0.3359386920928955,1
0.27377280592918396,1
0.3219246566295624,1
0.3398265540599823,1
0.4713202714920044,1
0.40854978561401367,1
0.3086140751838684,1
0.391018807888031,1
0.35747677087783813,1
0.43338802456855774,1
0.5719877481460571,1
0.4668272137641907,1
0.325278639793396,1
0.4922170042991638,1
0.43776625394821167,1
0.4295044541358948,1
0.2718122601509094,1
0.4008259177207947,1
0.31398215889930725,1
0.439836323261261,1
0.3030725121498108,1
0.3449867367744446,1
0.3138308823108673,1
0.3028768301010132,1
0.41441529989242554,1
0.2832224369049072,1
0.40934890508651733,1
0.429199755191803,1
0.45293697714805603,1
0.3512685000896454,1
0.47048282623291016,1
0.37623125314712524,1
0.3110101819038391,1
0.34642618894577026,1
0.4771484136581421,1
0.3404976725578308,1
0.3507874011993408,1
0.40758785605430603,1
0.32011878490448,1
0.48482751846313477,1
0.4888092875480652,1
0.3871719241142273,1
0.37595126032829285,1
0.3730017840862274,1
0.4081173837184906,1
0.4109545052051544,1
0.4201561510562897,1
0.6239118576049805,1
0.30799180269241333,1
0.4045224189758301,1
0.2439224123954773,1
0.4025551676750183,1
0.35539546608924866,1
0.3947826027870178,1
0.4268164038658142,1
0.31503480672836304,1
0.3416288495063782,1
0.3014260232448578,1
0.3962504267692566,1
0.4129350781440735,1
0.40582287311553955,1
0.38925909996032715,1
0.3429523706436157,1
0.32524076104164124,1
0.559359073638916,1
0.3815329372882843,1
0.3954141139984131,1
0.38807424902915955,1
0.26722341775894165,1
0.4126788377761841,1
0.316923588514328,1
0.44390347599983215,1
0.27480217814445496,1
0.40545332431793213,1
0.41870343685150146,1
0.410146027803421,1
0.4269103407859802,1
0.3554404079914093,1
0.49031978845596313,1
0.3732191324234009,1
0.3295650780200958,1
0.41438570618629456,1
0.3810582756996155,1
0.4918671250343323,1
0.29497581720352173,1
0.3833240866661072,1
0.4029040038585663,1
0.32119858264923096,1
0.44407954812049866,1
0.3608928322792053,1
0.5028582215309143,1
0.27952390909194946,1
0.4203743040561676,1
0.3872828483581543,1
0.4789501428604126,1
0.39176806807518005,1
0.4697849750518799,1
0.4502331018447876,1
0.3053974509239197,1
0.37888479232788086,1
0.37518739700317383,1
0.4239751100540161,1
0.4904823303222656,1
0.49109774827957153,1
0.4217616319656372,1
0.32951819896698,1
0.42255663871765137,1
0.4543176293373108,1
0.4358136057853699,1
0.36874938011169434,1
0.40916770696640015,1
0.3625425696372986,1
0.32247620820999146,1
0.3968468904495239,1
0.4155503511428833,1
0.45604151487350464,1
0.4327518939971924,1
0.27906155586242676,1
0.36819612979888916,1
0.3804791271686554,1
0.33358994126319885,1
0.3062896132469177,1
0.3883247971534729,1
0.3880962133407593,1
0.37332281470298767,1
0.33802396059036255,1
0.44232457876205444,1
0.3430866003036499,1
0.37511444091796875,1
0.30464816093444824,1
0.49240922927856445,1
0.47019723057746887,1
0.48720699548721313,1
0.3393811285495758,1
0.44007253646850586,1
0.345613956451416,1
0.4152791500091553,1
0.4488009214401245,1
0.4885338246822357,1
0.2724061608314514,1
0.3971254229545593,1
0.4304072856903076,1
0.28832459449768066,1
0.34633058309555054,1
0.3249713182449341,1
0.4599047303199768,1
0.40246403217315674,1
0.3785228133201599,1
0.38046035170555115,1
0.42332524061203003,1
0.3641816973686218,1
0.4089965224266052,1
0.4064587652683258,1
0.47730743885040283,1
0.39859259128570557,1
0.45887255668640137,1
0.40749412775039673,1
0.38861194252967834,1
0.40446895360946655,1
0.3652833104133606,1
0.4293767511844635,1
0.5564389228820801,1
0.5281187295913696,1
0.3735424876213074,1
0.36492741107940674,1
0.5820792317390442,1
0.28893983364105225,1
0.403018057346344,1
0.40400150418281555,1
0.37038248777389526,1
0.4135644733905792,1
0.4164111316204071,1
0.3505382835865021,1
0.3275238573551178,1
0.32085323333740234,1
0.39236336946487427,1
0.37298187613487244,1
0.44736358523368835,1
0.34642159938812256,1
0.3165343701839447,1
0.37305748462677,1
0.4220447540283203,1
0.44246989488601685,1
0.3285682797431946,1
0.4287346601486206,1
0.4155592620372772,1
0.430044949054718,1
0.3798114061355591,1
0.37497571110725403,1
0.4013267457485199,1
0.3930952250957489,1
0.3407350778579712,1
0.44339653849601746,1
0.35996514558792114,1
0.3590116500854492,1
0.3636576533317566,1
0.28744903206825256,1
0.41121402382850647,1
0.49802500009536743,1
0.44507670402526855,1
0.41042232513427734,1
0.4726749658584595,1
0.5231160521507263,1
0.38066989183425903,1
0.3583800792694092,1
0.3409698009490967,1
0.2595023512840271,1
0.3751254379749298,1
0.42565953731536865,1
0.4260321855545044,1
0.3467421531677246,1
0.39007794857025146,1
0.34716367721557617,1
0.3674269914627075,1
0.40631183981895447,1
0.39415138959884644,1
0.43031179904937744,1
0.35286635160446167,1
0.45923298597335815,1
0.35672181844711304,1
0.4231393337249756,1
0.29343581199645996,1
0.35210394859313965,1
0.38924574851989746,1
0.3923453688621521,1
0.39405539631843567,1
0.46488189697265625,1
0.39008110761642456,1
0.46148359775543213,1
0.35202422738075256,1
0.3989297151565552,1
0.4556533396244049,1
0.45321720838546753,1
0.29228562116622925,1
0.3215140700340271,1
0.3223138451576233,1
0.3339413106441498,1
0.3925899267196655,1
0.40700456500053406,1
0.4824715256690979,1
0.34228259325027466,1
0.40655583143234253,1
0.3447352945804596,1
0.38544386625289917,1
0.4462222456932068,1
0.3663572669029236,1
0.3440549969673157,1
0.34730857610702515,1
0.45030468702316284,1
0.3664554953575134,1
0.4083927869796753,1
0.2718092203140259,1
0.33298808336257935,1
0.31120574474334717,1
0.3669535517692566,1
0.4833241105079651,1
0.2483026087284088,1
0.2446049004793167,1
0.34949159622192383,1
0.49408280849456787,1
0.3298172950744629,1
0.3876737356185913,1
0.3503093123435974,1
0.32166606187820435,1
0.32011574506759644,1
0.39594143629074097,1
0.3649696707725525,1
0.4099356532096863,1
0.3554955720901489,1
0.3346216082572937,1
0.3493010103702545,1
0.4001583755016327,1
0.39665475487709045,1
0.4229942262172699,1
0.28183525800704956,1
0.3515617847442627,1
0.354534775018692,1
0.29361990094184875,1
0.3959105312824249,1
0.37888839840888977,1
0.35488903522491455,1
0.5048946142196655,1
0.41875118017196655,1
0.6255959868431091,1
0.2659693658351898,1
0.40007349848747253,1
0.3715841770172119,1
0.45172202587127686,1
0.37869733572006226,1
0.3771403431892395,1
0.4210793375968933,1
0.3233705163002014,1
0.34852829575538635,1
0.3880438804626465,1
0.5479584336280823,1
0.38689321279525757,1
0.34194642305374146,1
0.35907644033432007,1
0.40048617124557495,1
0.36516425013542175,1
0.4285046458244324,1
0.365193247795105,1
0.39799556136131287,1
0.4462764859199524,1
0.45588040351867676,1
0.3736855983734131,1
0.42714372277259827,1
0.3818233609199524,1
0.43830469250679016,1
0.5022103786468506,1
0.3894984722137451,1
0.4223651885986328,1
0.3995774984359741,1
0.27051323652267456,1
0.36744242906570435,1
0.33257150650024414,1
0.3114266097545624,1
0.3668273389339447,1
0.4465646743774414,1
0.31826353073120117,1
0.3778020739555359,1
0.3715958595275879,1
0.3801974058151245,1
0.28918492794036865,1
0.4022146761417389,1
0.283903032541275,1
0.36206746101379395,1
0.4541877806186676,1
0.3085160553455353,1
0.3317874073982239,1
0.34645241498947144,1
0.4222332239151001,1
0.4028620719909668,1
0.3318674564361572,1
0.4349696934223175,1
0.43044033646583557,1
0.3854634165763855,1
0.3844349980354309,1
0.40501293540000916,1
0.4388098418712616,1
0.44635260105133057,1
0.3669453263282776,1
0.2856554090976715,1
0.3417155146598816,1
0.34522268176078796,1
0.3999006748199463,1
0.5804964303970337,1
0.32295095920562744,1
0.3453494608402252,1
0.40913280844688416,1
0.4000236988067627,1
0.35182130336761475,1
0.3487797975540161,1
0.4097011685371399,1
0.3822105824947357,1
0.4446333944797516,1
0.5001926422119141,1
0.4031646251678467,1
0.475117951631546,1
0.48628804087638855,1
0.3271712362766266,1
0.3457220792770386,1
0.33037179708480835,1
0.41633695363998413,1
0.3615502715110779,1
0.42850056290626526,1
0.41545888781547546,1
0.37724077701568604,1
0.4244869649410248,1
0.43327170610427856,1
0.3747989237308502,1
0.3393705189228058,1
0.4190192222595215,1
0.3094678521156311,1
0.4357408583164215,1
0.36305564641952515,1
0.3459213078022003,1
0.36003923416137695,1
0.5062394142150879,1
0.3380851745605469,1
0.36446714401245117,1
0.3250182867050171,1
0.3846074342727661,1
0.3792123794555664,1
0.3611147105693817,1
0.5034244060516357,1
0.3938009738922119,1
0.35641855001449585,1
0.34323155879974365,1
0.5027722120285034,1
0.274734765291214,1
0.4644942879676819,1
0.4257030785083771,1
0.3571113348007202,1
0.3204200565814972,1
0.4704124331474304,1
0.38835835456848145,1
0.32434532046318054,1
0.41638851165771484,1
0.408536434173584,1
0.35977691411972046,1
0.3981086313724518,1
0.40057721734046936,1
0.2856277823448181,1
0.3362433612346649,1
0.5128341913223267,1
0.34767502546310425,1
0.3941214382648468,1
0.3746238052845001,1
0.41707926988601685,1
0.2738006114959717,1
0.4725184440612793,1
0.3903684914112091,1
0.2825413942337036,1
0.4107096195220947,1
0.4737984538078308,1
0.41286808252334595,1
0.36508896946907043,1
0.40011492371559143,1
0.3915482461452484,1
0.4459870159626007,1
0.3592514395713806,1
0.3343532979488373,1
0.34933599829673767,1
0.5138360261917114,1
0.3734017610549927,1
0.3051639497280121,1
0.37706923484802246,1
0.4269505441188812,1
0.4939092993736267,1
0.35776859521865845,1
0.3682113587856293,1
0.3687353730201721,1
0.4154320955276489,1
0.3814588785171509,1
0.3445691466331482,1
0.40068721771240234,1
0.5003646016120911,1
0.39910969138145447,1
0.41235336661338806,1
0.32655954360961914,1
0.3268294632434845,1
0.40464097261428833,1
0.28141504526138306,1
0.5684252977371216,1
0.35418328642845154,1
0.3536692261695862,1
0.29463085532188416,1
0.47749561071395874,1
0.4975080192089081,1
0.3754582703113556,1
0.39281290769577026,1
0.41114121675491333,1
0.293931782245636,1
0.3608907163143158,1
0.3533189594745636,1
0.4183872938156128,1
0.3520609140396118,1
0.4185376465320587,1
0.45257729291915894,1
0.33651307225227356,1
0.37965843081474304,1
0.44744163751602173,1
0.28717929124832153,1
0.3977980315685272,1
0.3398582637310028,1
0.3400307893753052,1
0.3004375100135803,1
0.3369426727294922,1
0.3664720058441162,1
0.3564985394477844,1
0.32613980770111084,1
0.43109798431396484,1
0.38627752661705017,1
0.3260285556316376,1
0.204800546169281,1
0.45111799240112305,1
0.46525871753692627,1
0.3999347686767578,1
0.38085976243019104,1
0.3134957551956177,1
0.41179633140563965,1
0.35109883546829224,1
0.40691083669662476,1
0.30550137162208557,1
0.3601078689098358,1
0.363606333732605,1
0.4234431982040405,1
0.3611418604850769,1
0.40800026059150696,1
0.32226333022117615,1
0.41160285472869873,1
0.3823658227920532,1
0.31702345609664917,1
0.4577717185020447,1
0.4291648864746094,1
0.3573862612247467,1
0.3471697270870209,1
0.384677529335022,1
0.46940702199935913,1
0.3345634937286377,1
0.4309217929840088,1
0.499259889125824,1
0.4042413830757141,1
0.3276557922363281,1
0.36648237705230713,1
0.38416051864624023,1
0.3551408648490906,1
0.4192981719970703,1
0.4501994848251343,1
0.43199145793914795,1
0.3869320750236511,1
0.3500604033470154,1
0.5277537703514099,1
0.35786402225494385,1
0.3436344265937805,1
0.41756314039230347,1
0.28352221846580505,1
0.41116663813591003,1
0.45298510789871216,1
0.4450681209564209,1
0.3398689925670624,1
0.442335307598114,1
0.2547845244407654,1
0.3434508442878723,1
0.30900728702545166,1
0.4337928593158722,1
0.30068239569664,1
0.4222634434700012,1
0.4728022813796997,1
0.33736175298690796,1
0.37606626749038696,1
0.3648829162120819,1
0.25493288040161133,1
0.35740798711776733,1
0.3348250985145569,1
0.3421691358089447,1
0.37789833545684814,1
0.4653052091598511,1
0.44453224539756775,1
0.5194618701934814,1
0.34691762924194336,1
0.3129047751426697,1
0.395023375749588,1
0.424504816532135,1
0.307162880897522,1
0.42138636112213135,1
0.35223332047462463,1
0.37072932720184326,1
0.3662237226963043,1
0.36539313197135925,1
0.4028123617172241,1
0.3345986008644104,1
0.3993476629257202,1
0.3672226667404175,1
0.35382306575775146,1
0.41647008061408997,1
0.3970593214035034,1
0.40535855293273926,1
0.4093937277793884,1
0.5328598022460938,1
0.47829294204711914,1
0.3700908422470093,1
0.40107297897338867,1
0.49119603633880615,1
0.38039717078208923,1
0.35823118686676025,1
0.25804534554481506,1
0.4137272834777832,1
0.3281830847263336,1
0.3424796164035797,1
0.25705504417419434,1
0.4147140681743622,1
0.444029837846756,1
0.44863051176071167,1
0.45493799448013306,1
0.3117554485797882,1
0.31067126989364624,1
0.4154689908027649,1
0.3501763641834259,1
0.38648244738578796,1
0.3299484848976135,1
0.4775559902191162,1
0.35087817907333374,1
0.4322095513343811,1
0.4503040313720703,1
0.31538933515548706,1
0.396273672580719,1
0.28684666752815247,1
0.4683433175086975,1
0.3032071888446808,1
0.3840436339378357,1
0.2958816885948181,1
0.34193289279937744,1
0.4590282142162323,1
0.363910973072052,1
0.3305938243865967,1
0.3733125925064087,1
0.3367926776409149,1
0.3369801342487335,1
0.4387001693248749,1
0.39142096042633057,1
0.4027665853500366,1
0.26476946473121643,1
0.3689807951450348,1
0.41179829835891724,1
0.35819464921951294,1
0.36898186802864075,1
0.4409034550189972,1
0.5396834015846252,1
0.4041390120983124,1
0.38793668150901794,1
0.3170982003211975,1
0.41332367062568665,1
0.33000338077545166,1
0.2874135971069336,1
0.41331446170806885,1
0.32557588815689087,1
0.4477953612804413,1
0.2631189823150635,1
0.3156076669692993,1
0.43665972352027893,1
0.386195570230484,1
0.3338945209980011,1
0.36804866790771484,1
0.3684702217578888,1
0.520763099193573,1
0.3831508159637451,1
0.3362131416797638,1
0.39732134342193604,1
0.2657371163368225,1
0.40892595052719116,1
0.5648916363716125,1
0.2941850423812866,1
0.3938021659851074,1
0.3197418451309204,1
0.38583534955978394,1
0.33377474546432495,1
0.43172216415405273,1
0.32879868149757385,1
0.3498324751853943,1
0.41256994009017944,1
0.43840086460113525,1
0.44181662797927856,1
0.35341280698776245,1
0.49741312861442566,1
0.4545203149318695,1
0.4315047562122345,1
0.5102396011352539,1
0.34354493021965027,1
0.42490696907043457,1
0.4593373239040375,1
0.24998724460601807,1
0.27347204089164734,1
0.4182756245136261,1
0.45083561539649963,1
0.4857178330421448,1
0.4489237070083618,1
0.4418272376060486,1
0.32262033224105835,1
0.29963937401771545,1
0.41779983043670654,1
0.34792977571487427,1
0.4766386151313782,1
0.45859411358833313,1
0.31920909881591797,1
0.3430660665035248,1
0.3583085834980011,1
0.3099042773246765,1
0.41754287481307983,1
0.40731072425842285,1
0.5105502009391785,1
0.4499024748802185,1
0.39487820863723755,1
0.32016730308532715,1
0.33746403455734253,1
0.4578455686569214,1
0.34508827328681946,1
0.4034009277820587,1
0.24936747550964355,1
0.4005197286605835,1
0.38551944494247437,1
0.45162537693977356,1
0.4075920283794403,1
0.4492020606994629,1
0.4867017865180969,1
0.3633943796157837,1
0.31506451964378357,1
0.3501606583595276,1
0.5290089249610901,1
0.4035976231098175,1
0.4568071961402893,1
0.3876778483390808,1
0.3173525333404541,1
0.3300528824329376,1
0.3721124231815338,1
0.4656611680984497,1
0.2940695285797119,1
0.4377756714820862,1
0.3629973232746124,1
0.3716318905353546,1
0.36391305923461914,1
0.338729590177536,1
0.43241995573043823,1
0.34078148007392883,1
0.40760064125061035,1
0.39379554986953735,1
0.30315256118774414,1
0.3663761615753174,1
0.38981783390045166,1
0.3634587228298187,1
0.3614257872104645,1
0.4009198546409607,1
0.40480101108551025,1
0.34883636236190796,1
0.413529634475708,1
0.2826976478099823,1
0.5146615505218506,1
0.3666459321975708,1
0.3852027952671051,1
0.3359454870223999,1
0.33637940883636475,1
0.46647846698760986,1
0.2759840488433838,1
0.43366995453834534,1
0.3663405478000641,1
0.3426821529865265,1
0.3677854537963867,1
0.2882687449455261,1
0.35927510261535645,1
0.3885071873664856,1
0.3661820888519287,1
0.48370853066444397,1
0.3238542675971985,1
0.34199243783950806,1
0.35190457105636597,1
0.3408536911010742,1
0.3550524115562439,1
0.41929638385772705,1
0.3631424903869629,1
0.39861977100372314,1
0.48218950629234314,1
0.3317541480064392,1
0.31798020005226135,1
0.3885060250759125,1
0.4367316961288452,1
0.4381759762763977,1
0.4323028028011322,1
0.4474533200263977,1
0.49091601371765137,1
0.3023380637168884,1
0.35161879658699036,1
0.3705024719238281,1
0.3921222984790802,1
0.4031977653503418,1
0.3315926790237427,1
0.33638522028923035,1
0.32022568583488464,1
0.3840194046497345,1
0.3745470643043518,1
0.41954919695854187,1
0.39568835496902466,1
0.39777490496635437,1
0.40402892231941223,1
0.36099979281425476,1
0.3317135274410248,1
0.5272352695465088,1
0.48594406247138977,1
0.45395156741142273,1
0.4220789074897766,1
0.4442199170589447,1
0.47396063804626465,1
0.3610791563987732,1
0.31970277428627014,1
0.2625771462917328,1
0.474466472864151,1
0.3410869538784027,1
0.32175183296203613,1
0.39050859212875366,1
0.5888461470603943,1
0.34301769733428955,1
0.3646763265132904,1
0.4702737033367157,1
0.3400358557701111,1
0.3811897039413452,1
0.3945518136024475,1
0.3862631916999817,1
0.3354659974575043,1
0.5232011079788208,1
0.3956899046897888,1
0.47183310985565186,1
0.3695034980773926,1
0.4190293550491333,1
0.3296055495738983,1
0.5243386626243591,1
0.476797878742218,1
0.2971150279045105,1
0.4072856307029724,1
0.352607786655426,1
0.4738010764122009,1
0.36144357919692993,1
0.3255693316459656,1
0.3265077471733093,1
0.37418287992477417,1
0.4476443827152252,1
0.35495054721832275,1
0.3802551031112671,1
0.37572184205055237,1
0.4596583843231201,1
0.41411566734313965,1
0.4903452396392822,1
0.33499735593795776,1
0.3925100862979889,1
0.3243353068828583,1
0.4108803868293762,1
0.3880797326564789,1
0.42673835158348083,1
0.33965760469436646,1
0.31226417422294617,1
0.3807576298713684,1
0.5108190774917603,1
0.4790298342704773,1
0.3718099594116211,1
0.3731675148010254,1
0.3784424066543579,1
0.3195236027240753,1
0.2808423340320587,1
0.40515029430389404,1
0.3776225745677948,1
0.5109227895736694,1
0.3871322274208069,1
0.4359155297279358,1
0.3919260501861572,1
0.3846284747123718,1
0.289050817489624,1
0.25428545475006104,1
0.36799946427345276,1
0.5119964480400085,1
0.34129422903060913,1
0.3101394772529602,1
0.49756747484207153,1
0.336511492729187,1
0.4694780111312866,1
0.5406564474105835,1
0.3284152150154114,1
0.4551343321800232,1
0.31608107686042786,1
0.38009029626846313,1
0.2861385643482208,1
0.34562036395072937,1
0.4373460114002228,1
0.41822800040245056,1
0.6047608256340027,1
0.38233762979507446,1
0.3460886478424072,1
0.4030752182006836,1
0.39805835485458374,1
0.30745524168014526,1
0.6109341979026794,1
0.4910447299480438,1
0.3950613737106323,1
0.4070310592651367,1
0.350462943315506,1
0.4083344340324402,1
0.3676605820655823,1
0.4215736389160156,1
0.4263163208961487,1
0.4170878231525421,1
0.3707927465438843,1
0.36786094307899475,1
0.38321739435195923,1
0.4490305781364441,1
0.2939859628677368,1
0.3242306709289551,1
0.4899137318134308,1
0.3068540692329407,1
0.40421372652053833,1
0.3081474304199219,1
0.4050005078315735,1
0.5329801440238953,1
0.3971613049507141,1
0.40966325998306274,1
0.3039768934249878,1
0.37771105766296387,1
0.3935883045196533,1
0.4109310805797577,1
0.40562522411346436,1
0.3878566026687622,1
0.3187462389469147,1
0.40272748470306396,1
0.36636480689048767,1
0.390654981136322,1
0.3790017366409302,1
0.4095962345600128,1
0.3769484758377075,1
0.39484110474586487,1
0.39162978529930115,1
0.35831716656684875,1
0.47646239399909973,1
0.5353567600250244,1
0.3542972207069397,1
0.47780725359916687,1
0.34446197748184204,1
0.31180813908576965,1
0.3144872188568115,1
0.5528545379638672,1
0.31037798523902893,1
0.3674735724925995,1
0.43446481227874756,1
0.36460262537002563,1
0.45592567324638367,1
0.3771125078201294,1
0.40575888752937317,1
0.34747710824012756,1
0.3836936354637146,1
0.4441419541835785,1
0.3646240830421448,1
0.48469308018684387,1
0.363941490650177,1
0.3453511595726013,1
0.48573264479637146,1
0.3728434145450592,1
0.32034820318222046,1
0.5108760595321655,1
0.39871838688850403,1
0.34212684631347656,1
0.40338507294654846,1
0.3405548334121704,1
0.4198607802391052,1
0.31323662400245667,1
0.4122805595397949,1
0.4242713451385498,1
0.3743637800216675,1
0.3447849452495575,1
0.4496425986289978,1
0.5838584899902344,1
0.4062667489051819,1
0.3534958064556122,1
0.3746478259563446,1
0.36661410331726074,1
0.3762980103492737,1
0.37778568267822266,1
0.34022846817970276,1
0.40922659635543823,1
0.4752243161201477,1
0.31587284803390503,1
0.3939290940761566,1
0.3151519298553467,1
0.523328423500061,1
0.4380742907524109,1
0.40309610962867737,1
0.25526171922683716,1
0.2602075934410095,1
0.46080368757247925,1
0.5047600269317627,1
0.3824551999568939,1
0.34766697883605957,1
0.45160865783691406,1
0.4006240963935852,1
0.4130936563014984,1
0.37440064549446106,1
0.4023040533065796,1
0.4460126757621765,1
0.3498466908931732,1
0.5477874279022217,1
0.289415180683136,1
0.41106387972831726,1
0.3882873058319092,1
0.36440321803092957,1
0.38707512617111206,1
0.49552154541015625,1
0.43389028310775757,1
0.4761345684528351,1
0.35070478916168213,1
0.48552650213241577,1
0.2902950644493103,1
0.3865261673927307,1
0.40879392623901367,1
0.4779718816280365,1
0.2764887809753418,1
0.3859264850616455,1
0.35172149538993835,1
0.3968946933746338,1
0.4774526357650757,1
0.4086906313896179,1
0.2737632989883423,1
0.41804856061935425,1
0.3801867365837097,1
0.4012754559516907,1
0.3725310266017914,1
0.3126245141029358,1
0.4172835052013397,1
0.3452240228652954,1
0.3755916953086853,1
0.3644959330558777,1
0.37740153074264526,1
0.4306624233722687,1
0.3881629705429077,1
0.5463042259216309,1
0.30888745188713074,1
0.4481387436389923,1
0.3285773694515228,1
0.35218918323516846,1
0.32089364528656006,1
0.5009410381317139,1
0.4439680874347687,1
0.41511034965515137,1
0.29760897159576416,1
0.3377595543861389,1
0.38004887104034424,1
0.3830072283744812,1
0.44720304012298584,1
0.3416166305541992,1
0.35113391280174255,1
0.447783887386322,1
0.34696921706199646,1
0.4221676290035248,1
0.469696581363678,1
0.3814205825328827,1
0.45803356170654297,1
0.3757549822330475,1
0.4440597891807556,1
0.4290168285369873,1
0.30694323778152466,1
0.45682254433631897,1
0.37513187527656555,1
0.4391745328903198,1
0.4530255198478699,1
0.41248631477355957,1
0.40165460109710693,1
0.38324397802352905,1
0.3824464678764343,1
0.3339803218841553,1
0.3330583870410919,1
0.4322865903377533,1
0.2724641263484955,1
0.38087090849876404,1
0.35551780462265015,1
0.4567916989326477,1
0.4202233850955963,1
0.4802090525627136,1
0.3893611431121826,1
0.4813973605632782,1
0.3830299973487854,1
0.3309037983417511,1
0.3752470910549164,1
0.39205995202064514,1
0.47343605756759644,1
0.33887773752212524,1
0.3094352185726166,1
0.4162209928035736,1
0.34621861577033997,1
0.4365614652633667,1
0.3747343420982361,1
0.5086361169815063,1
0.3551146388053894,1
0.3432016968727112,1
0.35622864961624146,1
0.37411630153656006,1
0.3101845681667328,1
0.3349478840827942,1
0.486226886510849,1
0.43968746066093445,1
0.3998175859451294,1
0.29736417531967163,1
0.5257540941238403,1
0.37363705039024353,1
0.5292341709136963,1
0.36979198455810547,1
0.2847200036048889,1
0.3175547122955322,1
0.36908724904060364,1
0.2938295602798462,1
0.37562406063079834,1
0.44600871205329895,1
0.531926691532135,1
0.42005667090415955,1
0.4354051649570465,1
0.4824908971786499,1
0.3350769877433777,1
0.3252997398376465,1
0.3055548071861267,1
0.5288397073745728,1
0.2086130529642105,1
0.3234998285770416,1
0.4924052357673645,1
0.29724690318107605,1
0.3546987771987915,1
0.3670877516269684,1
0.35651350021362305,1
0.36247655749320984,1
0.39501726627349854,1
0.300070196390152,1
0.3251543641090393,1
0.33048540353775024,1
0.3830520510673523,1
0.43164482712745667,1
0.4694462716579437,1
0.5375343561172485,1
0.39105674624443054,1
0.21872809529304504,1
0.3803471326828003,1
0.33285820484161377,1
0.42492350935935974,1
0.4675525426864624,1
0.5760647058486938,1
0.38944217562675476,1
0.3434969186782837,1
0.2998502850532532,1
0.40111666917800903,1
0.3551219701766968,1
0.3249374032020569,1
0.3806619346141815,1
0.5128635764122009,1
0.4221850633621216,1
0.4160948395729065,1
0.433860182762146,1
0.3837509751319885,1
0.3393440544605255,1
0.39152857661247253,1
0.38996386528015137,1
0.3533172607421875,1
0.49824684858322144,1
0.494901567697525,1
0.36866945028305054,1
0.376585453748703,1
0.4187716245651245,1
0.41845810413360596,1
0.3412928581237793,1
0.443249374628067,1
0.37687328457832336,1
0.3036347031593323,1
0.39598286151885986,1
0.35923075675964355,1
0.5622216463088989,1
0.28364354372024536,1
0.34715208411216736,1
0.5028092265129089,1
0.38848647475242615,1
0.36252498626708984,1
0.41453248262405396,1
0.2966746687889099,1
0.3596354126930237,1
0.28995293378829956,1
0.33995509147644043,1
0.31719011068344116,1
0.405519962310791,1
0.3662067651748657,1
0.45031803846359253,1
0.4048529267311096,1
0.4085903763771057,1
0.3512645363807678,1
0.3714468479156494,1
0.3333718478679657,1
0.4471375346183777,1
0.33114439249038696,1
0.45835235714912415,1
0.4797213673591614,1
0.37497514486312866,1
0.42946857213974,1
0.528046727180481,1
0.5911217927932739,1
0.3583369851112366,1
0.3256473243236542,1
0.4576302468776703,1
0.3830546736717224,1
0.3065146803855896,1
0.3646264672279358,1
0.3378089666366577,1
0.3377164602279663,1
0.35343828797340393,1
0.45955222845077515,1
0.48837539553642273,1
0.5075175166130066,1
0.3150424659252167,1
0.3834829330444336,1
0.3631839454174042,1
0.290338933467865,1
0.2974550724029541,1
0.3163115978240967,1
0.37500715255737305,1
0.40257537364959717,1
0.3613853454589844,1
0.3767760097980499,1
0.3300096094608307,1
0.39444440603256226,1
0.3597906231880188,1
0.27447980642318726,1
0.4497542977333069,1
0.3556339144706726,1
0.35334306955337524,1
0.4241369068622589,1
0.431715190410614,1
0.43964099884033203,1
0.3873640298843384,1
0.3593713343143463,1
0.41891586780548096,1
0.46871495246887207,1
0.3320481777191162,1
0.41346681118011475,1
0.32502302527427673,1
0.3784021735191345,1
0.4587819278240204,1
0.5115868449211121,1
0.32656556367874146,1
0.469543993473053,1
0.46185460686683655,1
0.40640968084335327,1
0.36229443550109863,1
0.48104220628738403,1
0.43888726830482483,1
0.36252909898757935,1
0.360260546207428,1
0.4266122579574585,1
0.4073598086833954,1
0.37353184819221497,1
0.5667632818222046,1
0.3986814022064209,1
0.4079708456993103,1
0.5134299397468567,1
0.29593345522880554,1
0.35955265164375305,1
0.41914886236190796,1
0.3783486485481262,1
0.38722777366638184,1
0.36853086948394775,1
0.31868302822113037,1
0.37780869007110596,1
0.26387256383895874,1
0.47648540139198303,1
0.44801199436187744,1
0.4410144090652466,1
0.4518570005893707,1
0.41172927618026733,1
0.5121192336082458,1
0.36360853910446167,1
0.4592837691307068,1
0.3809817433357239,1
0.3978733420372009,1
0.3163889944553375,1
0.25933346152305603,1
0.4801757037639618,1
0.32529470324516296,1
0.31530874967575073,1
0.35525545477867126,1
0.44785261154174805,1
0.46571916341781616,1
0.3746306598186493,1
0.3071369528770447,1
0.31500691175460815,1
0.36198627948760986,1
0.4739450216293335,1
0.35055339336395264,1
0.3564915359020233,1
0.4734785854816437,1
0.3830409646034241,1
0.34273961186408997,1
0.40904945135116577,1
0.3541254997253418,1
0.2973456084728241,1
0.45439383387565613,1
0.3809535503387451,1
0.35424575209617615,1
0.32726573944091797,1
0.317760169506073,1
0.3842555284500122,1
0.29376912117004395,1
0.3313504457473755,1
0.3491528332233429,1
0.4014770984649658,1
0.3059612810611725,1
0.4280337691307068,1
0.4752529561519623,1
0.29157400131225586,1
0.3467767834663391,1
0.35869544744491577,1
0.3958122134208679,1
0.4171295762062073,1
0.3103167414665222,1
0.435502290725708,1
0.44593268632888794,1
0.38833123445510864,1
0.3650089502334595,1
0.37732183933258057,1
0.43720561265945435,1
0.32483845949172974,1
0.33511388301849365,1
0.37474527955055237,1
0.40627941489219666,1
0.45701080560684204,1
0.46296072006225586,1
0.3702852427959442,1
0.3265746831893921,1
0.40002965927124023,1
0.3737005591392517,1
0.3429250121116638,1
0.38341963291168213,1
0.5343930721282959,1
0.3753228783607483,1
0.5423892736434937,1
0.33038514852523804,1
0.3687979578971863,1
0.44217532873153687,1
0.4797194004058838,1
0.4374596178531647,1
0.3849422335624695,1
0.3419226408004761,1
0.3460802733898163,1
0.4659176766872406,1
0.3010992407798767,1
0.28551697731018066,1
0.3215835988521576,1
0.40316522121429443,1
0.4143022894859314,1
0.4804462790489197,1
0.42594999074935913,1
0.36235523223876953,1
0.48326748609542847,1
0.3780237138271332,1
0.3609045445919037,1
0.41690757870674133,1
0.4355810880661011,1
0.42400601506233215,1
0.3041994273662567,1
0.2794942259788513,1
0.36038738489151,1
0.2850974500179291,1
0.32169783115386963,1
0.3357537090778351,1
0.3343067467212677,1
0.46229463815689087,1
0.3432804346084595,1
0.459675133228302,1
0.34267809987068176,1
0.41071975231170654,1
0.4953685700893402,1
0.4888519048690796,1
0.4957296550273895,1
0.3429045081138611,1
0.361451119184494,1
0.42466825246810913,1
0.4803345799446106,1
0.31912922859191895,1
0.41184332966804504,1
0.4418204724788666,1
0.3891265094280243,1
0.3669704794883728,1
0.40667712688446045,1
0.35419774055480957,1
0.3858841359615326,1
0.43452733755111694,1
0.3639453649520874,1
0.4743445813655853,1
0.3965136408805847,1
0.3800273537635803,1
0.36688101291656494,1
0.46769729256629944,1
0.3281876742839813,1
0.38530147075653076,1
0.4298497438430786,1
0.3949702978134155,1
0.44213855266571045,1
0.40232497453689575,1
0.39726772904396057,1
0.47461363673210144,1
0.313408225774765,1
0.4305351972579956,1
0.5508744120597839,1
0.42065364122390747,1
0.4704359769821167,1
0.3585435450077057,1
0.4227995276451111,1
0.5120774507522583,1
0.34929555654525757,1
0.34343114495277405,1
0.3233385682106018,1
0.48133015632629395,1
0.33853116631507874,1
0.4748559892177582,1
0.3931412100791931,1
0.43152496218681335,1
0.4005894362926483,1
0.3895421624183655,1
0.3358265459537506,1
0.4327213764190674,1
0.3244169354438782,1
0.4874449372291565,1
0.33968913555145264,1
0.3304043114185333,1
0.43782883882522583,1
0.37171339988708496,1
0.3708961308002472,1
0.2790859043598175,1
0.3668823838233948,1
0.33556658029556274,1
0.41483622789382935,1
0.3225405812263489,1
0.3027184307575226,1
0.3767232596874237,1
0.4117087721824646,1
0.4155884087085724,1
0.32418346405029297,1
0.45004963874816895,1
0.3668282628059387,1
0.41352319717407227,1
0.2768457531929016,1
0.3209882378578186,1
0.3647266924381256,1
0.38478997349739075,1
0.39313066005706787,1
0.32843244075775146,1
0.37090814113616943,1
0.6014987230300903,1
0.4847481846809387,1
0.320220410823822,1
0.5163072347640991,1
0.42211899161338806,1
0.39740556478500366,1
0.42494285106658936,1
0.4122270941734314,1
0.37215080857276917,1
0.41698378324508667,1
0.41394850611686707,1
0.40147918462753296,1
0.46229660511016846,1
0.38640809059143066,1
0.4751024842262268,1
0.338240385055542,1
0.39834141731262207,1
0.3271945118904114,1
0.451307088136673,1
0.4054276943206787,1
0.3662727177143097,1
0.33802831172943115,1
0.391362726688385,1
0.3147248327732086,1
0.4017316401004791,1
0.2933082580566406,1
0.369167685508728,1
0.552178680896759,1
0.5185819864273071,1
0.4537584185600281,1
0.27612239122390747,1
0.3537672162055969,1
0.4418233036994934,1
0.3978230357170105,1
0.45479708909988403,1
0.3310517966747284,1
0.39182454347610474,1
0.3744155168533325,1
0.36377716064453125,1
0.46972909569740295,1
0.3297537565231323,1
0.4579465389251709,1
0.4243088960647583,1
0.2805337905883789,1
0.4200493395328522,1
0.42962461709976196,1
0.38758933544158936,1
0.41178202629089355,1
0.3783637285232544,1
0.3506408929824829,1
0.31458741426467896,1
0.2979632318019867,1
0.4447641670703888,1
0.40432119369506836,1
0.40155333280563354,1
0.4889877438545227,1
0.3890623152256012,1
0.4211159348487854,1
0.34331411123275757,1
0.4412415623664856,1
0.41677775979042053,1
0.3772117495536804,1
0.35467836260795593,1
0.4110974669456482,1
0.3239624500274658,1
0.2869867980480194,1
0.34620028734207153,1
0.3298010230064392,1
0.43055424094200134,1
0.341595858335495,1
0.2506422996520996,1
0.43646496534347534,1
0.4067659378051758,1
0.3392520844936371,1
0.3436596989631653,1
0.44124531745910645,1
0.3857623040676117,1
0.41096073389053345,1
0.3713374733924866,1
0.4171523451805115,1
0.4414478540420532,1
0.44709646701812744,1
0.33418601751327515,1
0.4006427824497223,1
0.31099632382392883,1
0.37938636541366577,1
0.44616252183914185,1
0.3230896592140198,1
0.3735547661781311,1
0.2568168640136719,1
0.3704807758331299,1
0.3456995189189911,1
0.33671221137046814,1
0.32274508476257324,1
0.3137392997741699,1
0.3400009870529175,1
0.30413883924484253,1
0.5401179790496826,1
0.3942626118659973,1
0.3279995322227478,1
0.40645191073417664,1
0.35715657472610474,1
0.47081059217453003,1
0.29733341932296753,1
0.3557569682598114,1
0.33011147379875183,1
0.3619574010372162,1
0.4625909626483917,1
0.40413933992385864,1
0.3375316560268402,1
0.3265456557273865,1
0.30437004566192627,1
0.4501626491546631,1
0.3693453073501587,1
0.2669115364551544,1
0.4226670265197754,1
0.4147188067436218,1
0.45053642988204956,1
0.3819645643234253,1
0.35293906927108765,1
0.4176744818687439,1
0.3350425064563751,1
0.4184061288833618,1
0.34284451603889465,1
0.4334805905818939,1
0.3735213577747345,1
0.3761295676231384,1
0.4744532108306885,1
0.34156152606010437,1
0.4251900911331177,1
0.350678414106369,1
0.3967871069908142,1
0.4352762699127197,1
0.4395608603954315,1
0.3244168758392334,1
0.3250272870063782,1
0.3305891752243042,1
0.4558609127998352,1
0.3340177536010742,1
0.40029627084732056,1
0.4005108177661896,1
0.4540473520755768,1
0.3659200072288513,1
0.400124192237854,1
0.35930973291397095,1
0.3936110734939575,1
0.28695768117904663,1
0.465423047542572,1
0.39138084650039673,1
0.42310065031051636,1
0.33021655678749084,1
0.37158215045928955,1
0.3654562532901764,1
0.3368319272994995,1
0.42738622426986694,1
0.42984217405319214,1
0.41549789905548096,1
0.38053420186042786,1
0.3231809139251709,1
0.34163546562194824,1
0.38660937547683716,1
0.46385571360588074,1
0.3598092198371887,1
0.38015055656433105,1
0.4910614788532257,1
0.36883825063705444,1
0.44580939412117004,1
0.44773349165916443,1
0.3614315688610077,1
0.36689090728759766,1
0.4325557351112366,1
0.450786292552948,1
0.2998530864715576,1
0.3349872827529907,1
0.31458836793899536,1
0.3553702235221863,1
0.31497251987457275,1
0.35845667123794556,1
0.35757020115852356,1
0.33546504378318787,1
0.3468894362449646,1
0.3976562023162842,1
0.4388737082481384,1
0.2746086120605469,1
0.42917394638061523,1
0.41980186104774475,1
0.3370223641395569,1
0.35962098836898804,1
0.32519635558128357,1
0.32006293535232544,1
0.3040834367275238,1
0.38624244928359985,1
0.3192310035228729,1
0.37164074182510376,1
0.43221569061279297,1
0.29715198278427124,1
0.353089839220047,1
0.3568124771118164,1
0.4399987459182739,1
0.37828338146209717,1
0.24218052625656128,1
0.45583486557006836,1
0.4270061254501343,1
0.38667282462120056,1
0.355078786611557,1
0.3954964578151703,1
0.40202516317367554,1
0.4346294403076172,1
0.3274103105068207,1
0.4135114550590515,1
0.4064375162124634,1
0.34349325299263,1
0.35779765248298645,1
0.32559487223625183,1
0.33828091621398926,1
0.41112998127937317,1
0.4541757106781006,1
0.44966280460357666,1
0.4018292725086212,1
0.3664363622665405,1
0.356008380651474,1
0.3311617374420166,1
0.3804152309894562,1
0.3100084960460663,1
0.6031794548034668,1
0.4652804136276245,1
0.2698752284049988,1
0.40266355872154236,1
0.3772734999656677,1
0.39180833101272583,1
0.4171556830406189,1
0.5076404809951782,1
0.4363633990287781,1
0.31140264868736267,1
0.4420950412750244,1
0.3081319332122803,1
0.4393467903137207,1
0.3799566328525543,1
0.36477237939834595,1
0.4383540749549866,1
0.5166684985160828,1
0.47343650460243225,1
0.3377332389354706,1
0.305184930562973,1
0.3664249777793884,1
0.3178875744342804,1
0.43775564432144165,1
0.46334901452064514,1
0.4666144549846649,1
0.4295138120651245,1
0.3286510705947876,1
0.35785555839538574,1
0.3209145665168762,1
0.4327813684940338,1
0.331108033657074,1
0.42096665501594543,1
0.3522832691669464,1
0.35585325956344604,1
0.33549994230270386,1
0.4401158094406128,1
0.46549665927886963,1
0.4748017191886902,1
0.45793139934539795,1
0.2773393392562866,1
0.43912604451179504,1
0.510658860206604,1
0.3324822783470154,1
0.48717305064201355,1
0.4259362518787384,1
0.37988412380218506,1
0.37977051734924316,1
0.3057684600353241,1
0.38837161660194397,1
0.3647423982620239,1
0.4401983916759491,1
0.37784796953201294,1
0.3317858576774597,1
0.38561365008354187,1
0.3020724654197693,1
0.4361807405948639,1
0.31771156191825867,1
0.44354334473609924,1
0.25168004631996155,1
0.44171661138534546,1
0.3952358663082123,1
0.4789862334728241,1
0.2997654974460602,1
0.38711631298065186,1
0.4245278239250183,1
0.4245718717575073,1
0.2766585946083069,1
0.4229514002799988,1
0.32299643754959106,1
0.4374944269657135,1
0.3420087993144989,1
0.42761296033859253,1
0.42034095525741577,1
0.356334388256073,1
0.2891119718551636,1
0.2908874452114105,1
0.36015784740448,1
0.3222322463989258,1
0.4236180782318115,1
0.33469921350479126,1
0.33460965752601624,1
0.42030030488967896,1
0.2907954454421997,1
0.47336718440055847,1
0.4068962633609772,1
0.4247478246688843,1
0.41723889112472534,1
0.3714589774608612,1
0.3805396556854248,1
0.5099157094955444,1
0.3183947801589966,1
0.3799184560775757,1
0.4167211055755615,1
0.34484192728996277,1
0.4149892032146454,1
0.41925138235092163,1
0.466982364654541,1
0.3363826870918274,1
0.37129300832748413,1
0.33478307723999023,1
0.4186296761035919,1
0.45326849818229675,1
0.3393973112106323,1
0.42415687441825867,1
0.31665560603141785,1
0.31459376215934753,1
0.2660449743270874,1
0.33459335565567017,1
0.3440147638320923,1
0.3810950517654419,1
0.3872430920600891,1
0.3471325635910034,1
0.39334261417388916,1
0.3050980865955353,1
0.3867120146751404,1
0.32274961471557617,1
0.5391387343406677,1
0.30890804529190063,1
0.37806636095046997,1
0.3970874845981598,1
0.32688480615615845,1
0.30305758118629456,1
0.40098437666893005,1
0.6207380294799805,1
0.35697296261787415,1
0.3607097864151001,1
0.5122824907302856,1
0.3448544144630432,1
0.3040105104446411,1
0.35225313901901245,1
0.41171830892562866,1
0.514994740486145,1
0.3687380850315094,1
0.4453723430633545,1
0.4543318748474121,1
0.3949747085571289,1
0.379299521446228,1
0.44961267709732056,1
0.32189124822616577,1
0.4967636466026306,1
0.40979939699172974,1
0.31642478704452515,1
0.46729665994644165,1
0.41595518589019775,1
0.5106390714645386,1
0.3072894811630249,1
0.29956480860710144,1
0.48869726061820984,1
0.350454717874527,1
0.4598882794380188,1
0.4893791079521179,1
0.3554690480232239,1
0.3553246259689331,1
0.37641051411628723,1
0.3804264962673187,1
0.4277808368206024,1
0.4171484708786011,1
0.4388648271560669,1
0.3082314133644104,1
0.27720701694488525,1
0.4049029052257538,1
0.3956074118614197,1
0.4775078594684601,1
0.2650536000728607,1
0.3776286840438843,1
0.5194432735443115,1
0.45166781544685364,1
0.3930225670337677,1
0.3816516697406769,1
0.4308617413043976,1
0.3619341254234314,1
0.3353658616542816,1
0.31498581171035767,1
0.36330682039260864,1
0.3065396845340729,1
0.3930867910385132,1
0.29200658202171326,1
0.40481674671173096,1
0.34355974197387695,1
0.43035367131233215,1
0.4575354754924774,1
0.43161630630493164,1
0.2768596410751343,1
0.4008781909942627,1
0.3908747136592865,1
0.32095736265182495,1
0.35281452536582947,1
0.33727407455444336,1
0.418113112449646,1
0.3808850944042206,1
0.44294098019599915,1
0.39283913373947144,1
0.3621829152107239,1
0.49454981088638306,1
0.43357759714126587,1
0.45389410853385925,1
0.2631205916404724,1
0.3661506474018097,1
0.46398666501045227,1
0.3225947618484497,1
0.43487104773521423,1
0.4813539683818817,1
0.4884932339191437,1
0.3802086114883423,1
0.41935479640960693,1
0.337578147649765,1
0.36965256929397583,1
0.237942174077034,1
0.36008220911026,1
0.3594985604286194,1
0.3978089392185211,1
0.35926541686058044,1
0.3886564373970032,1
0.2828441858291626,1
0.30778130888938904,1
0.35543686151504517,1
0.3525876998901367,1
0.3152546286582947,1
0.42969366908073425,1
0.4551360309123993,1
0.4912239909172058,1
0.35051971673965454,1
0.3351736068725586,1
0.28160277009010315,1
0.31852591037750244,1
0.4391121566295624,1
0.40304142236709595,1
0.4232020676136017,1
0.47049257159233093,1
0.36371156573295593,1
0.37560516595840454,1
0.33510375022888184,1
0.35928428173065186,1
0.34609270095825195,1
0.4587518870830536,1
0.41465693712234497,1
0.39518487453460693,1
0.3206322491168976,1
0.38881540298461914,1
0.35912156105041504,1
0.32918617129325867,1
0.3652334213256836,1
0.4106254279613495,1
0.40325504541397095,1
0.52262282371521,1
0.3725198805332184,1
0.3781674802303314,1
0.3908092975616455,1
0.48747116327285767,1
0.43156951665878296,1
0.4180870056152344,1
0.31871411204338074,1
0.4189901351928711,1
0.32788538932800293,1
0.31357523798942566,1
0.3648228049278259,1
0.3387663960456848,1
0.4162216782569885,1
0.4030618667602539,1
0.4571020007133484,1
0.36131876707077026,1
0.4830997586250305,1
0.4928053021430969,1
0.38670700788497925,1
0.3430352807044983,1
0.30000773072242737,1
0.4945886433124542,1
0.34043681621551514,1
0.37925630807876587,1
0.36569344997406006,1
0.35879603028297424,1
0.44854432344436646,1
0.36113327741622925,1
0.46074146032333374,1
0.34887969493865967,1
0.40394335985183716,1
0.39736083149909973,1
0.3530677258968353,1
0.42946135997772217,1
0.35110363364219666,1
0.39712533354759216,1
0.34213006496429443,1
0.30375584959983826,1
0.38755369186401367,1
0.42316266894340515,1
0.4072605073451996,1
0.3760085701942444,1
0.35218730568885803,1
0.3907206654548645,1
0.4341292381286621,1
0.3837317228317261,1
0.33518505096435547,1
0.28031089901924133,1
0.412458598613739,1
0.31498461961746216,1
0.3467812240123749,1
0.41574186086654663,1
0.37568649649620056,1
0.35906654596328735,1
0.4630194306373596,1
0.4243928790092468,1
0.40879613161087036,1
0.41033467650413513,1
0.46396404504776,1
0.282031774520874,1
0.31191885471343994,1
0.323029488325119,1
0.3119315803050995,1
0.3915849030017853,1
0.47006598114967346,1
0.4649072289466858,1
0.40606239438056946,1
0.3485855758190155,1
0.3652576804161072,1
0.3982895016670227,1
0.36011287569999695,1
0.34645208716392517,1
0.2913942337036133,1
0.32332339882850647,1
0.24456633627414703,1
0.4318123459815979,1
0.3918357789516449,1
0.47200798988342285,1
0.5160014629364014,1
0.5103497505187988,1
0.4706127345561981,1
0.34141606092453003,1
0.32457682490348816,1
0.42828369140625,1
0.5524969100952148,1
0.3571208417415619,1
0.3451003432273865,1
0.43434226512908936,1
0.434730589389801,1
0.3974510431289673,1
0.33142274618148804,1
0.47998932003974915,1
0.37906908988952637,1
0.33299070596694946,1
0.40332773327827454,1
0.30497947335243225,1
0.347860723733902,1
0.3518562316894531,1
0.39192813634872437,1
0.31003832817077637,1
0.4445499777793884,1
0.3295462429523468,1
0.32585012912750244,1
0.3890884518623352,1
0.3218303322792053,1
0.35975348949432373,1
0.45484450459480286,1
0.4001882076263428,1
0.4213579297065735,1
0.3737611770629883,1
0.33804813027381897,1
0.4952346682548523,1
0.5321441292762756,1
0.42775100469589233,1
0.4001128077507019,1
0.3854457139968872,1
0.5341503024101257,1
0.42274630069732666,1
0.4554254114627838,1
0.4483375549316406,1
0.358319491147995,1
0.40107715129852295,1
0.41218429803848267,1
0.4123251140117645,1
0.4686940610408783,1
0.33913543820381165,1
0.37519076466560364,1
0.3640768229961395,1
0.3350731134414673,1
0.3452392816543579,1
0.2864803075790405,1
0.4785040616989136,1
0.3310234546661377,1
0.38086360692977905,1
0.4310813546180725,1
0.4054851233959198,1
0.38888901472091675,1
0.40350085496902466,1
0.387713760137558,1
0.3585135340690613,1
0.28110241889953613,1
0.37952154874801636,1
0.39221423864364624,1
0.44981271028518677,1
0.48666343092918396,1
0.3732537031173706,1
0.4713270664215088,1
0.3673296570777893,1
0.38719892501831055,1
0.45277297496795654,1
0.40294939279556274,1
0.32546374201774597,1
0.2696487009525299,1
0.3747824430465698,1
0.4054250419139862,1
0.2934332489967346,1
0.4887339472770691,1
0.34737908840179443,1
0.29474037885665894,1
0.5455543398857117,1
0.4946464002132416,1
0.3672499656677246,1
0.3284837007522583,1
0.38435739278793335,1
0.430140882730484,1
0.30722641944885254,1
0.31573331356048584,1
0.3500623404979706,1
0.342510461807251,1
0.45309844613075256,1
0.38147252798080444,1
0.40903159976005554,1
0.4009473919868469,1
0.42354655265808105,1
0.3513977527618408,1
0.422379732131958,1
0.4427432119846344,1
0.3549771308898926,1
0.42753341794013977,1
0.305185467004776,1
0.3754844069480896,1
0.438909649848938,1
0.34214454889297485,1
0.3554162383079529,1
0.371414452791214,1
0.32437169551849365,1
0.41131865978240967,1
0.3850872814655304,1
0.33987507224082947,1
0.4730476140975952,1
0.2971419095993042,1
0.4063102602958679,1
0.35760897397994995,1
0.45059385895729065,1
0.45817574858665466,1
0.49685364961624146,1
0.3631831705570221,1
0.2977570593357086,1
0.4313395023345947,1
0.39242666959762573,1
0.4281004071235657,1
0.43322890996932983,1
0.4692070484161377,1
0.340112566947937,1
0.32031646370887756,1
0.40268436074256897,1
0.39337193965911865,1
0.49375325441360474,1
0.3811817169189453,1
0.43311887979507446,1
0.33789122104644775,1
0.3475557267665863,1
0.3200908899307251,1
0.35687321424484253,1
0.37446677684783936,1
0.44881004095077515,1
0.35261544585227966,1
0.49890026450157166,1
0.3799562454223633,1
0.3201425075531006,1
0.41067296266555786,1
0.4259960651397705,1
0.3436066210269928,1
0.3747577667236328,1
0.35648298263549805,1
0.40882036089897156,1
0.41497159004211426,1
0.3874248266220093,1
0.353762686252594,1
0.4067283272743225,1
0.37393802404403687,1
0.5013586282730103,1
0.46332281827926636,1
0.36572396755218506,1
0.3930339217185974,1
0.31641483306884766,1
0.539016842842102,1
0.40022599697113037,1
0.4229874610900879,1
0.3939618468284607,1
0.3549894094467163,1
0.29871565103530884,1
0.4442945122718811,1
0.34135377407073975,1
0.4709697365760803,1
0.3867153525352478,1
0.3391262888908386,1
0.39877307415008545,1
0.39687925577163696,1
0.2504895329475403,1
0.3832465410232544,1
0.3947976231575012,1
0.30593928694725037,1
0.42678236961364746,1
0.3810455799102783,1
0.32208773493766785,1
0.37529855966567993,1
0.5181422233581543,1
0.3371593952178955,1
0.32881784439086914,1
0.322852224111557,1
0.37576356530189514,1
0.41336411237716675,1
0.35706308484077454,1
0.3517299294471741,1
0.39626920223236084,1
0.3355088233947754,1
0.331423819065094,1
0.34349754452705383,1
0.45429232716560364,1
0.3982429504394531,1
0.3807861804962158,1
0.4041215181350708,1
0.3641882538795471,1
0.3397713303565979,1
0.3693258464336395,1
0.35533303022384644,1
0.32187706232070923,1
0.40666356682777405,1
0.36749863624572754,1
0.3393574655056,1
0.3994876742362976,1
0.4515018165111542,1
0.3876771032810211,1
0.33428046107292175,1
0.39024969935417175,1
0.3675107955932617,1
0.4106396436691284,1
0.34922075271606445,1
0.33346813917160034,1
0.25401902198791504,1
0.3090265095233917,1
0.3408544063568115,1
0.35777002573013306,1
0.32187169790267944,1
0.29827630519866943,1
0.5312188267707825,1
0.5206658840179443,1
0.4134255051612854,1
0.3295280635356903,1
0.3353317975997925,1
0.36474496126174927,1
0.3847929537296295,1
0.44923925399780273,1
0.47444140911102295,1
0.2928292155265808,1
0.3057860732078552,1
0.3425208032131195,1
0.42303305864334106,1
0.3847396671772003,1
0.2722390592098236,1
0.34287285804748535,1
0.30846479535102844,1
0.22793664038181305,1
0.41022154688835144,1
0.43074578046798706,1
0.40692803263664246,1
0.440865159034729,1
0.36385148763656616,1
0.3938578963279724,1
0.33426475524902344,1
0.3766446113586426,1
0.3999077081680298,1
0.3201245665550232,1
0.3115527629852295,1
0.38124316930770874,1
0.3240180015563965,1
0.3510880768299103,1
0.35996612906455994,1
0.3963419795036316,1
0.4559917449951172,1
0.2754087746143341,1
0.390971302986145,1
0.3620968163013458,1
0.3131211996078491,1
0.5277100205421448,1
0.40865108370780945,1
0.3257565200328827,1
0.3477446436882019,1
0.3936563730239868,1
0.35383981466293335,1
0.3883879780769348,1
0.4698164463043213,1
0.277915894985199,1
0.3302399516105652,1
0.4475497007369995,1
0.32164740562438965,1
0.3077300488948822,1
0.3929159939289093,1
0.3845181465148926,1
0.2973247170448303,1
0.38080501556396484,1
0.4115801453590393,1
0.3407618999481201,1
0.46559208631515503,1
0.418948233127594,1
0.5103877782821655,1
0.38713741302490234,1
0.5440710783004761,1
0.4205828905105591,1
0.36989545822143555,1
0.35988280177116394,1
0.4591551423072815,1
0.2525322437286377,1
0.3784182071685791,1
0.3669344186782837,1
0.4303496479988098,1
0.3307086229324341,1
0.4256539046764374,1
0.42714905738830566,1
0.3542782664299011,1
0.3726269602775574,1
0.4923577606678009,1
0.4266154170036316,1
0.44794708490371704,1
0.3088858723640442,1
0.3703775107860565,1
0.3948153853416443,1
0.3749082684516907,1
0.3995284140110016,1
0.4426969587802887,1
0.45571592450141907,1
0.4285297393798828,1
0.4063175916671753,1
0.31916290521621704,1
0.4340275526046753,1
0.38057637214660645,1
0.5151023864746094,1
0.3736047148704529,1
0.45034223794937134,1
0.44323235750198364,1
0.3559584617614746,1
0.43384432792663574,1
0.2763242721557617,1
0.36687418818473816,1
0.34820061922073364,1
0.29243767261505127,1
0.39305010437965393,1
0.33834993839263916,1
0.3335949182510376,1
0.409080445766449,1
0.37284666299819946,1
0.43026769161224365,1
0.38166970014572144,1
0.28213298320770264,1
0.3598971664905548,1
0.33058178424835205,1
0.4827984571456909,1
0.3073006570339203,1
0.2698536813259125,1
0.44094061851501465,1
0.3976396918296814,1
0.31925445795059204,1
0.4113447666168213,1
0.39366665482521057,1
0.4842619299888611,1
0.40659433603286743,1
0.4653446078300476,1
0.3998832106590271,1
0.3556164503097534,1
0.3323414921760559,1
0.469775527715683,1
0.35582321882247925,1
0.36860448122024536,1
0.30276352167129517,1
0.4091518819332123,1
0.39961665868759155,1
0.3011056184768677,1
0.42352989315986633,1
0.3560563921928406,1
0.41958749294281006,1
0.27083033323287964,1
0.41885221004486084,1
0.481336772441864,1
0.38361477851867676,1
0.5014484524726868,1
0.35052967071533203,1
0.47045832872390747,1
0.3066243827342987,1
0.3476938009262085,1
0.4290317893028259,1
0.31364190578460693,1
0.3117469549179077,1
0.28987550735473633,1
0.4977511465549469,1
0.37055718898773193,1
0.297751784324646,1
0.34766456484794617,1
0.31520307064056396,1
0.3017406165599823,1
0.38136255741119385,1
0.32810813188552856,1
0.4069690704345703,1
0.45761972665786743,1
0.4382171630859375,1
0.4333973526954651,1
0.30441999435424805,1
0.36066532135009766,1
0.3131259083747864,1
0.42014360427856445,1
0.44848132133483887,1
0.5056205987930298,1
0.5482061505317688,1
0.3686315715312958,1
0.365569144487381,1
0.3420342206954956,1
0.291179895401001,1
0.41205450892448425,1
0.4901695251464844,1
0.3723103106021881,1
0.41667062044143677,1
0.46543753147125244,1
0.4624861180782318,1
0.2540239095687866,1
0.3470529019832611,1
0.45949825644493103,1
0.31872040033340454,1
0.3570311665534973,1
0.4953317642211914,1
0.4257412850856781,1
0.299834668636322,1
0.33668896555900574,1
0.4382951557636261,1
0.5057411193847656,1
0.3816556930541992,1
0.5329520106315613,1
0.4082617461681366,1
0.4041227102279663,1
0.3927549421787262,1
0.32752150297164917,1
0.3685894310474396,1
0.3917062282562256,1
0.48654353618621826,1
0.4779871702194214,1
0.45612722635269165,1
0.34474173188209534,1
0.3591868281364441,1
0.2782454490661621,1
0.33685609698295593,1
0.40766388177871704,1
0.35165509581565857,1
0.30429157614707947,1
0.42578715085983276,1
0.44911977648735046,1
0.5037860870361328,1
0.5144504308700562,1
0.3032832443714142,1
0.3781394064426422,1
0.33236634731292725,1
0.3871909976005554,1
0.3480015993118286,1
0.3979095220565796,1
0.3129931688308716,1
0.34431755542755127,1
0.31220561265945435,1
0.36285263299942017,1
0.4901345372200012,1
0.42871445417404175,1
0.4044918417930603,1
0.3875237703323364,1
0.3487686514854431,1
0.34046030044555664,1
0.3098744750022888,1
0.40989211201667786,1
0.3778129816055298,1
0.36442968249320984,1
0.3781692385673523,1
0.40226811170578003,1
0.3438730835914612,1
0.366618275642395,1
0.4381939172744751,1
0.39937618374824524,1
0.3320353627204895,1
0.375994473695755,1
0.41907086968421936,1
0.5842072367668152,1
0.37648487091064453,1
0.447574257850647,1
0.44866353273391724,1
0.4273870885372162,1
0.3563154339790344,1
0.33370107412338257,1
0.38078126311302185,1
0.35675081610679626,1
0.3120841681957245,1
0.39643192291259766,1
0.4209102988243103,1
0.3178832530975342,1
0.34810173511505127,1
0.3081793487071991,1
0.33031371235847473,1
0.3552120625972748,1
0.38486045598983765,1
0.3621669113636017,1
0.5143650770187378,1
0.4407445788383484,1
0.4522707462310791,1
0.3755429983139038,1
0.3751217722892761,1
0.37187376618385315,1
0.4491647183895111,1
0.41415664553642273,1
0.4140704870223999,1
0.36131078004837036,1
0.3152836263179779,1
0.43256327509880066,1
0.5077405571937561,1
0.42057228088378906,1
0.44585561752319336,1
0.47593235969543457,1
0.4285876154899597,1
0.2554152011871338,1
0.30513155460357666,1
0.4117063283920288,1
0.3844921588897705,1
0.44780492782592773,1
0.4359986186027527,1
0.389871209859848,1
0.4994124472141266,1
0.3549840748310089,1
0.3962162137031555,1
0.43853580951690674,1
0.2999759316444397,1
0.4637436866760254,1
0.37954169511795044,1
0.35421282052993774,1
0.4221370816230774,1
0.42404550313949585,1
0.2718486189842224,1
0.34884703159332275,1
0.3866662383079529,1
0.41625845432281494,1
0.4470367431640625,1
0.27097177505493164,1
0.33660680055618286,1
0.38947194814682007,1
0.395291805267334,1
0.37187135219573975,1
0.446826308965683,1
0.3532860279083252,1
0.34220337867736816,1
0.351642370223999,1
0.33423131704330444,1
0.30860576033592224,1
0.4014050364494324,1
0.36348479986190796,1
0.46631139516830444,1
0.5071388483047485,1
0.2911440134048462,1
0.31481945514678955,1
0.3568086624145508,1
0.33985188603401184,1
0.4532332122325897,1
0.4076603651046753,1
0.39094460010528564,1
0.3658883571624756,1
0.4365767538547516,1
0.3251606822013855,1
0.32039815187454224,1
0.3222242295742035,1
0.31649383902549744,1
0.4135528802871704,1
0.41488027572631836,1
0.4071550667285919,1
0.27900949120521545,1
0.4221741557121277,1
0.35283464193344116,1
0.3417412042617798,1
0.39008936285972595,1
0.37177327275276184,1
0.374201238155365,1
0.3980720639228821,1
0.4238205552101135,1
0.3798673450946808,1
0.4032106399536133,1
0.37690043449401855,1
0.40857699513435364,1
0.4227328300476074,1
0.3539656102657318,1
0.4349355697631836,1
0.3436776399612427,1
0.41454246640205383,1
0.5285754203796387,1
0.3654717803001404,1
0.4586601257324219,1
0.5710225701332092,1
0.4765966534614563,1
0.32975608110427856,1
0.3706669509410858,1
0.34990403056144714,1
0.3712638020515442,1
0.43528735637664795,1
0.5167829990386963,1
0.23457956314086914,1
0.35328128933906555,1
0.5272254347801208,1
0.3276824355125427,1
0.3740244209766388,1
0.3578406572341919,1
0.3613617420196533,1
0.34632211923599243,1
0.3615204095840454,1
0.3811511695384979,1
0.3679427206516266,1
0.30981966853141785,1
0.3591376543045044,1
0.33094170689582825,1
0.3348989486694336,1
0.4151957333087921,1
0.42314907908439636,1
0.3839871287345886,1
0.35238122940063477,1
0.4834938049316406,1
0.2757921814918518,1
0.480316162109375,1
0.367292582988739,1
0.46214887499809265,1
0.39755773544311523,1
0.4278361201286316,1
0.4232530891895294,1
0.4433058500289917,1
0.27641555666923523,1
0.4164862036705017,1
0.3505466878414154,1
0.48566216230392456,1
0.3812764286994934,1
0.3723567724227905,1
0.40475523471832275,1
0.39785128831863403,1
0.3671765923500061,1
0.3912348747253418,1
0.3836992084980011,1
0.2594728469848633,1
0.3098028898239136,1
0.44686785340309143,1
0.3565317988395691,1
0.3802337646484375,1
0.3587917685508728,1
0.34828051924705505,1
0.3492932617664337,1
0.3792901635169983,1
0.3658604919910431,1
0.5065778493881226,1
0.3510270118713379,1
0.4143742620944977,1
0.3630996346473694,1
0.3633975386619568,1
0.35624295473098755,1
0.41061365604400635,1
0.4407680332660675,1
0.2785758674144745,1
0.4307808578014374,1
0.3834739327430725,1
0.40553784370422363,1
0.37921783328056335,1
0.3783646821975708,1
0.5427046418190002,1
0.34007930755615234,1
0.3162878453731537,1
0.3789757192134857,1
0.40006572008132935,1
0.39124083518981934,1
0.4454520642757416,1
0.366272896528244,1
0.3779872953891754,1
0.38438880443573,1
0.37125876545906067,1
0.3592197299003601,1
0.3127638101577759,1
0.5461575984954834,1
0.3419756293296814,1
0.3652622103691101,1
0.4007886052131653,1
0.35706764459609985,1
0.39082881808280945,1
0.41748592257499695,1
0.36682167649269104,1
0.3906312584877014,1
0.49455761909484863,1
0.38111788034439087,1
0.39733120799064636,1
0.47604072093963623,1
0.4082176685333252,1
0.2779310345649719,1
0.431406170129776,1
0.4386592209339142,1
0.37682920694351196,1
0.28158798813819885,1
0.34793582558631897,1
0.34531378746032715,1
0.39317935705184937,1
0.3344586491584778,1
0.37447449564933777,1
0.32716354727745056,1
0.41019952297210693,1
0.38984215259552,1
0.3657304346561432,1
0.36839327216148376,1
0.28682416677474976,1
0.40740877389907837,1
0.40960893034935,1
0.32975324988365173,1
0.4358677864074707,1
0.34855887293815613,1
0.5458390712738037,1
0.46647804975509644,1
0.3796795606613159,1
0.42632463574409485,1
0.41111403703689575,1
0.3827851414680481,1
0.3639776110649109,1
0.40331795811653137,1
0.40710338950157166,1
0.5064529776573181,1
0.380662739276886,1
0.4499455392360687,1
0.27010589838027954,1
0.45903265476226807,1
0.3170573115348816,1
0.32261162996292114,1
0.41038936376571655,1
0.34252744913101196,1
0.352112352848053,1
0.47394901514053345,1
0.45743677020072937,1
0.3877009451389313,1
0.3066672384738922,1
0.40268850326538086,1
0.3122178614139557,1
0.41705265641212463,1
0.42266809940338135,1
0.48552143573760986,1
0.3451474905014038,1
0.37375569343566895,1
0.4654940962791443,1
0.45050472021102905,1
0.3704674243927002,1
0.34771743416786194,1
0.30296584963798523,1
0.43835145235061646,1
0.3176668882369995,1
0.4034307897090912,1
0.3271653652191162,1
0.3669133484363556,1
0.4690594971179962,1
0.46855682134628296,1
0.378160297870636,1
0.4425111711025238,1
0.37811410427093506,1
0.3627423048019409,1
0.49428224563598633,1
0.3542814254760742,1
0.4409100115299225,1
0.42371508479118347,1
0.38268354535102844,1
0.33905094861984253,1
0.32494476437568665,1
0.40104275941848755,1
0.31822437047958374,1
0.4420710504055023,1
0.3823544383049011,1
0.5103850364685059,1
0.3490515351295471,1
0.357246458530426,1
0.5226101875305176,1
0.3940582573413849,1
0.36094602942466736,1
0.4280160963535309,1
0.4593685269355774,1
0.3099226951599121,1
0.3140351176261902,1
0.32985827326774597,1
0.3743317723274231,1
0.4849797785282135,1
0.46200233697891235,1
0.3825626075267792,1
0.26813167333602905,1
0.3609357476234436,1
0.2910156846046448,1
0.44564661383628845,1
0.4876715838909149,1
0.3962465822696686,1
0.41382795572280884,1
0.5202280879020691,1
0.34419745206832886,1
0.35933393239974976,1
0.4413452744483948,1
0.43161046504974365,1
0.3831169605255127,1
0.3884822726249695,1
0.2873927354812622,1
0.3936907947063446,1
0.3563649654388428,1
0.4403139352798462,1
0.5006512403488159,1
0.2880088984966278,1
0.323443204164505,1
0.44394439458847046,1
0.46748438477516174,1
0.35763612389564514,1
0.32930102944374084,1
0.3696272373199463,1
0.45987966656684875,1
0.42076337337493896,1
0.47448280453681946,1
0.42496800422668457,1
0.29339516162872314,1
0.3385974168777466,1
0.5555679798126221,1
0.41312095522880554,1
0.31525665521621704,1
0.40478599071502686,1
0.5516220331192017,1
0.3906290531158447,1
0.35857051610946655,1
0.402304470539093,1
0.3914617896080017,1
0.43261027336120605,1
0.28091999888420105,1
0.3903694450855255,1
0.4476846158504486,1
0.4183562994003296,1
0.37611737847328186,1
0.3674946129322052,1
0.48453736305236816,1
0.35004377365112305,1
0.4846367835998535,1
0.4171939790248871,1
0.3523021936416626,1
0.4460322856903076,1
0.4086650609970093,1
0.3399273753166199,1
0.3440137505531311,1
0.41522085666656494,1
0.2602215111255646,1
0.4536541700363159,1
0.41508930921554565,1
0.4246877431869507,1
0.400625079870224,1
0.4218698740005493,1
0.37647366523742676,1
0.3998412489891052,1
0.3720415532588959,1
0.35740095376968384,1
0.33663076162338257,1
0.35669708251953125,1
0.351299524307251,1
0.47751384973526,1
0.31723129749298096,1
0.5107948184013367,1
0.41178619861602783,1
0.4327605962753296,1
0.3576090633869171,1
0.3059462904930115,1
0.32198697328567505,1
0.43354785442352295,1
0.3869723975658417,1
0.4432518184185028,1
0.3292773365974426,1
0.38022658228874207,1
0.3569493293762207,1
0.3921935558319092,1
0.30999743938446045,1
0.41362783312797546,1
0.38828372955322266,1
0.47894465923309326,1
0.36180585622787476,1
0.41410407423973083,1
0.39240536093711853,1
0.4241209030151367,1
0.35654759407043457,1
0.4382888078689575,1
0.46978092193603516,1
0.39065903425216675,1
0.3376774191856384,1
0.4207651615142822,1
0.38310903310775757,1
0.3339829444885254,1
0.4591909348964691,1
0.34887397289276123,1
0.4074137806892395,1
0.5114274024963379,1
0.43976160883903503,1
0.3627663850784302,1
0.35985875129699707,1
0.3920553922653198,1
0.4304105043411255,1
0.4572826027870178,1
0.35010212659835815,1
0.3880453407764435,1
0.4045551121234894,1
0.48173072934150696,1
0.35322991013526917,1
0.2756628394126892,1
0.44068628549575806,1
0.3871593773365021,1
0.4474969506263733,1
0.2172684371471405,1
0.35394763946533203,1
0.4116482138633728,1
0.3336271643638611,1
0.2579077482223511,1
0.32029762864112854,1
0.479558527469635,1
0.39204657077789307,1
0.35448816418647766,1
0.27725303173065186,1
0.45905476808547974,1
0.319485068321228,1
0.3976973593235016,1
0.452686071395874,1
0.42771151661872864,1
0.3752864897251129,1
0.37973907589912415,1
0.4327966272830963,1
0.33183711767196655,1
0.372225821018219,1
0.46638450026512146,1
0.4027312397956848,1
0.34014207124710083,1
0.37382447719573975,1
0.3105805516242981,1
0.368915319442749,1
0.34957656264305115,1
0.5233079195022583,1
0.46321600675582886,1
0.29847264289855957,1
0.532576322555542,1
0.41548293828964233,1
0.4620911478996277,1
0.4095054566860199,1
0.3437396287918091,1
0.4156123995780945,1
0.4307919144630432,1
0.45186829566955566,1
0.46171456575393677,1
0.46254628896713257,1
0.3432406783103943,1
0.43248021602630615,1
0.400782972574234,1
0.3690112233161926,1
0.3265005946159363,1
0.4838968515396118,1
0.4021972119808197,1
0.46046602725982666,1
0.3177580237388611,1
0.38699662685394287,1
0.5148149132728577,1
0.491737961769104,1
0.32163843512535095,1
0.351279616355896,1
0.31444051861763,1
0.44061118364334106,1
0.3574034869670868,1
0.43146783113479614,1
0.49964988231658936,1
0.44029414653778076,1
0.3461564779281616,1
0.32314085960388184,1
0.3937491178512573,1
0.4396296739578247,1
0.4261718988418579,1
0.36577683687210083,1
0.4202140271663666,1
0.3364187479019165,1
0.31023627519607544,1
0.4123104512691498,1
0.424945205450058,1
0.3332062363624573,1
0.3643803000450134,1
0.38655322790145874,1
0.28906184434890747,1
0.3555285334587097,1
0.4234545826911926,1
0.46358123421669006,1
0.3753014802932739,1
0.4053484797477722,1
0.3312925100326538,1
0.43413251638412476,1
0.5026480555534363,1
0.3919161558151245,1
0.3772348165512085,1
0.33620044589042664,1
0.4790853261947632,1
0.36818093061447144,1
0.3929750621318817,1
0.4657324552536011,1
0.44788452982902527,1
0.32393404841423035,1
0.48548397421836853,1
0.43440157175064087,1
0.3854244351387024,1
0.3652414083480835,1
0.4565926492214203,1
0.3457711935043335,1
0.275757759809494,1
0.4020833969116211,1
0.3150865435600281,1
0.4273718595504761,1
0.41107189655303955,1
0.38897061347961426,1
0.44786879420280457,1
0.3828423023223877,1
0.5089127421379089,1
0.3772098422050476,1
0.48536747694015503,1
0.4542625844478607,1
0.42791178822517395,1
0.326229453086853,1
0.3470361530780792,1
0.33683013916015625,1
0.42321863770484924,1
0.36845850944519043,1
0.3736431896686554,1
0.3315427005290985,1
0.3603932857513428,1
0.3554344177246094,1
0.4307657480239868,1
0.354311466217041,1
0.3942253887653351,1
0.3607291579246521,1
0.3468993306159973,1
0.4719197154045105,1
0.3452438712120056,1
0.40030571818351746,1
0.42246243357658386,1
0.5093903541564941,1
0.4358596205711365,1
0.48656490445137024,1
0.34426742792129517,1
0.3431583642959595,1
0.30314093828201294,1
0.3625810444355011,1
0.4292168915271759,1
0.4215058386325836,1
0.33544567227363586,1
0.3604021668434143,1
0.3595489263534546,1
0.31695592403411865,1
0.4139816164970398,1
0.33871328830718994,1
0.36255547404289246,1
0.4730001389980316,1
0.3855170011520386,1
0.38439512252807617,1
0.3502054512500763,1
0.37153083086013794,1
0.34936949610710144,1
0.3482651114463806,1
0.5332306027412415,1
0.33273348212242126,1
0.2982780933380127,1
0.2992297410964966,1
0.35675138235092163,1
0.4373400807380676,1
0.6840164661407471,1
0.38583970069885254,1
0.48692989349365234,1
0.30995258688926697,1
0.45456475019454956,1
0.360483318567276,1
0.4517902731895447,1
0.4641023874282837,1
0.2975178062915802,1
0.36253827810287476,1
0.331953227519989,1
0.36142781376838684,1
0.4944596588611603,1
0.34747400879859924,1
0.37718087434768677,1
0.49571818113327026,1
0.4109382927417755,1
0.3232356309890747,1
0.4802032709121704,1
0.3072923719882965,1
0.3001207709312439,1
0.3916222155094147,1
0.36429914832115173,1
0.3531554937362671,1
0.41994231939315796,1
0.3925139307975769,1
0.40445974469184875,1
0.2877351641654968,1
0.34858065843582153,1
0.24613012373447418,1
0.35462695360183716,1
0.4197179079055786,1
0.34969547390937805,1
0.41403478384017944,1
0.28360626101493835,1
0.39312922954559326,1
0.43612217903137207,1
0.3990331292152405,1
0.2987716794013977,1
0.2824331521987915,1
0.403569757938385,1
0.3996128737926483,1
0.37008804082870483,1
0.3778975307941437,1
0.3342215418815613,1
0.3880615830421448,1
0.31999218463897705,1
0.3061189651489258,1
0.40751227736473083,1
0.5127554535865784,1
0.26959845423698425,1
0.3680294454097748,1
0.337998628616333,1
0.31202253699302673,1
0.39425474405288696,1
0.38566941022872925,1
0.33356526494026184,1
0.28910914063453674,1
0.512147068977356,1
0.30062368512153625,1
0.43971168994903564,1
0.38827741146087646,1
0.45018401741981506,1
0.4366331696510315,1
0.3333689272403717,1
0.46983325481414795,1
0.2853839099407196,1
0.4293060600757599,1
0.38806843757629395,1
0.4288330674171448,1
0.3967423439025879,1
0.38087499141693115,1
0.3012179732322693,1
0.42982372641563416,1
0.3996407389640808,1
0.40355589985847473,1
0.3441076874732971,1
0.34722697734832764,1
0.22415846586227417,1
0.4207530617713928,1
0.3964356780052185,1
0.4375932514667511,1
0.41721177101135254,1
0.37801000475883484,1
0.3667699098587036,1
0.33558061718940735,1
0.5097783803939819,1
0.33867964148521423,1
0.34884411096572876,1
0.4011974036693573,1
0.36162063479423523,1
0.31942421197891235,1
0.3193824887275696,1
0.39521554112434387,1
0.3686545491218567,1
0.43761250376701355,1
0.38487911224365234,1
0.40336883068084717,1
0.4601202607154846,1
0.4372689723968506,1
0.31283295154571533,1
0.41070711612701416,1
0.3454183340072632,1
0.3575833737850189,1
0.39680615067481995,1
0.3077140152454376,1
0.5189264416694641,1
0.35450026392936707,1
0.3674083352088928,1
0.44107383489608765,1
0.33223170042037964,1
0.5031417012214661,1
0.4881429672241211,1
0.4185712933540344,1
0.3907918632030487,1
0.38274431228637695,1
0.44238966703414917,1
0.3667033314704895,1
0.3476519286632538,1
0.32221484184265137,1
0.3132573664188385,1
0.24560797214508057,1
0.33483585715293884,1
0.36049437522888184,1
0.4161570370197296,1
0.38132697343826294,1
0.41205930709838867,1
0.3207870125770569,1
0.36150115728378296,1
0.4921765923500061,1
0.4578048884868622,1
0.5207135677337646,1
0.34465762972831726,1
0.32848575711250305,1
0.3805018663406372,1
0.374801367521286,1
0.4697718620300293,1
0.40518200397491455,1
0.41036760807037354,1
0.3692731559276581,1
0.4931826889514923,1
0.3030302822589874,1
0.2746686637401581,1
0.39150214195251465,1
0.430559366941452,1
0.3414751887321472,1
0.501239001750946,1
0.3146463632583618,1
0.4533900022506714,1
0.32993602752685547,1
0.322931706905365,1
0.41311854124069214,1
0.32832586765289307,1
0.3502543568611145,1
0.3714689314365387,1
0.34108585119247437,1
0.4082345962524414,1
0.4791330099105835,1
0.39393526315689087,1
0.3935602605342865,1
0.3370421528816223,1
0.34237247705459595,1
0.35522890090942383,1
0.426593542098999,1
0.35097238421440125,1
0.4102005958557129,1
0.34639835357666016,1
0.366134911775589,1
0.36897405982017517,1
0.414475679397583,1
0.36239704489707947,1
0.4473763108253479,1
0.33414924144744873,1
0.3325818181037903,1
0.4026552140712738,1
0.40546756982803345,1
0.35215234756469727,1
0.5173203945159912,1
0.38675859570503235,1
0.48757076263427734,1
0.32478970289230347,1
0.31661832332611084,1
0.4481000304222107,1
0.5010104775428772,1
0.3059772849082947,1
0.3945235311985016,1
0.352436363697052,1
0.3185861110687256,1
0.3464074730873108,1
0.3068622648715973,1
0.3658987879753113,1
0.41060733795166016,1
0.3403629660606384,1
0.38383790850639343,1
0.4390096366405487,1
0.532606303691864,1
0.36916643381118774,1
0.37381720542907715,1
0.30500921607017517,1
0.4698113799095154,1
0.4444527328014374,1
0.45401304960250854,1
0.3689095377922058,1
0.47884607315063477,1
0.4146890640258789,1
0.4307568073272705,1
0.41883397102355957,1
0.3177799880504608,1
0.4211938977241516,1
0.4183492064476013,1
0.38458964228630066,1
0.29077577590942383,1
0.3691982924938202,1
0.4559611678123474,1
0.5056846141815186,1
0.3390578329563141,1
0.4284370541572571,1
0.4984808564186096,1
0.2546304762363434,1
0.32364487648010254,1
0.328323632478714,1
0.3807382583618164,1
0.3625391721725464,1
0.383891224861145,1
0.3726913630962372,1
0.3309779167175293,1
0.3126460909843445,1
0.48018667101860046,1
0.5002623200416565,1
0.5071011185646057,1
0.37368518114089966,1
0.301662802696228,1
0.36752599477767944,1
0.37175819277763367,1
0.40198177099227905,1
0.3492802679538727,1
0.4198811650276184,1
0.464187353849411,1
0.3367731273174286,1
0.28634247183799744,1
0.372155100107193,1
0.38055774569511414,1
0.32836538553237915,1
0.40580859780311584,1
0.38485994935035706,1
0.3922763764858246,1
0.4378359913825989,1
0.43716636300086975,1
0.4087955057621002,1
0.4476624131202698,1
0.36216655373573303,1
0.3789987862110138,1
0.3662363588809967,1
0.47328442335128784,1
0.3666454255580902,1
0.3655383884906769,1
0.2784997224807739,1
0.3941308856010437,1
0.3435012698173523,1
0.4585146903991699,1
0.3849431574344635,1
0.4100102186203003,1
0.35970041155815125,1
0.2889085114002228,1
0.366316556930542,1
0.33939093351364136,1
0.44376152753829956,1
0.39331766963005066,1
0.3460240960121155,1
0.3489443361759186,1
0.3775154948234558,1
0.44473695755004883,1
0.3247169852256775,1
0.2509486675262451,1
0.36794471740722656,1
0.40728113055229187,1
0.36284559965133667,1
0.38506007194519043,1
0.35961177945137024,1
0.4143121838569641,1
0.2711215913295746,1
0.3973572850227356,1
0.30510517954826355,1
0.45332279801368713,1
0.3254961371421814,1
0.33698445558547974,1
0.3820638060569763,1
0.4219207167625427,1
0.4186084568500519,1
0.4204167425632477,1
0.3815304934978485,1
0.29230594635009766,1
0.39353394508361816,1
0.40236029028892517,1
0.49758756160736084,1
0.42124176025390625,1
0.35394182801246643,1
0.3349209427833557,1
0.41428327560424805,1
0.3204256296157837,1
0.334936261177063,1
0.37006905674934387,1
0.42778903245925903,1
0.28683245182037354,1
0.3818039000034332,1
0.4133049249649048,1
0.46599745750427246,1
0.3764561712741852,1
0.3028464615345001,1
0.36981722712516785,1
0.32882213592529297,1
0.3655158281326294,1
0.4075043201446533,1
0.3700243830680847,1
0.3049260079860687,1
0.34968793392181396,1
0.4435355067253113,1
0.3231607675552368,1
0.33734890818595886,1
0.44834136962890625,1
0.573871374130249,1
0.3879554867744446,1
0.34335389733314514,1
0.42599567770957947,1
0.3891398012638092,1
0.40203940868377686,1
0.4034794867038727,1
0.36442798376083374,1
0.4184613823890686,1
0.450329452753067,1
0.3074357509613037,1
0.2772905230522156,1
0.4743364751338959,1
0.31994640827178955,1
0.3589076101779938,1
0.28741151094436646,1
0.36996540427207947,1
0.41644948720932007,1
0.41960278153419495,1
0.43261024355888367,1
0.44779402017593384,1
0.25804951786994934,1
0.27284908294677734,1
0.4842999279499054,1
0.31883686780929565,1
0.3673863112926483,1
0.4546828866004944,1
0.39544999599456787,1
0.4629194140434265,1
0.5289633870124817,1
0.3386058211326599,1
0.31117475032806396,1
0.4525761604309082,1
0.3283745050430298,1
0.33190128207206726,1
0.4324883818626404,1
0.4008253812789917,1
0.3874761462211609,1
0.40513816475868225,1
0.40726417303085327,1
0.4337710738182068,1
0.3445354402065277,1
0.42482009530067444,1
0.36610889434814453,1
0.38676539063453674,1
0.40491947531700134,1
0.3237788677215576,1
0.3763914406299591,1
0.42685115337371826,1
0.38463830947875977,1
0.38569173216819763,1
0.41144394874572754,1
0.36689579486846924,1
0.2920025885105133,1
0.4069724977016449,1
0.359050452709198,1
0.44617271423339844,1
0.3910156488418579,1
0.24396567046642303,1
0.4078872501850128,1
0.3025199770927429,1
0.495770126581192,1
0.3772433400154114,1
0.35148730874061584,1
0.3872224688529968,1
0.40717294812202454,1
0.41048213839530945,1
0.326545387506485,1
0.397716760635376,1
0.46214529871940613,1
0.3794965445995331,1
0.4288124740123749,1
0.3574802279472351,1
0.30121445655822754,1
0.5039808750152588,1
0.413993775844574,1
0.24056190252304077,1
0.3146154582500458,1
0.38438156247138977,1
0.36081480979919434,1
0.394888699054718,1
0.48546963930130005,1
0.469367116689682,1
0.4496917426586151,1
0.41207361221313477,1
0.31161579489707947,1
0.35234421491622925,1
0.36651551723480225,1
0.32951298356056213,1
0.6461584568023682,1
0.40071845054626465,1
0.36043548583984375,1
0.41717588901519775,1
0.3867453336715698,1
0.3778659403324127,1
0.5193973779678345,1
0.432551771402359,1
0.3006516993045807,1
0.4197620451450348,1
0.418489933013916,1
0.4268619120121002,1
0.2952914834022522,1
0.4099084138870239,1
0.48855704069137573,1
0.30635973811149597,1
0.4294968843460083,1
0.3788367807865143,1
0.38538068532943726,1
0.31886225938796997,1
0.37372273206710815,1
0.35890474915504456,1
0.3843762278556824,1
0.507160484790802,1
0.44872963428497314,1
0.4717407822608948,1
0.40914249420166016,1
0.37672698497772217,1
0.3310294449329376,1
0.4533441960811615,1
0.3018495440483093,1
0.39935123920440674,1
0.32764843106269836,1
0.4160681664943695,1
0.3532400131225586,1
0.462215393781662,1
0.4103427529335022,1
0.3072483539581299,1
0.4943804144859314,1
0.38384658098220825,1
0.3558685779571533,1
0.3286888301372528,1
0.43099212646484375,1
0.4263908863067627,1
0.3278476595878601,1
0.3411547541618347,1
0.4549683928489685,1
0.32718250155448914,1
0.43602263927459717,1
0.4223491847515106,1
0.34560292959213257,1
0.3031766712665558,1
0.35413384437561035,1
0.35096633434295654,1
0.40759938955307007,1
0.3316139578819275,1
0.42355772852897644,1
0.29778170585632324,1
0.48621565103530884,1
0.31437718868255615,1
0.29889965057373047,1
0.44996803998947144,1
0.31287914514541626,1
0.5550351142883301,1
0.3234632611274719,1
0.4195832908153534,1
0.5722389817237854,1
0.32915574312210083,1
0.40670713782310486,1
0.3878215551376343,1
0.40054208040237427,1
0.4495355188846588,1
0.3325488269329071,1
0.3720947206020355,1
0.36027446389198303,1
0.3744756281375885,1
0.3529769778251648,1
0.47941145300865173,1
0.34304559230804443,1
0.396280437707901,1
0.4505006968975067,1
0.3669412136077881,1
0.3192141652107239,1
0.35285383462905884,1
0.4076012969017029,1
0.2831488251686096,1
0.44558775424957275,1
0.3481118679046631,1
0.36792510747909546,1
0.4241124391555786,1
0.3708171844482422,1
0.3054543435573578,1
0.4182658791542053,1
0.41892996430397034,1
0.42918890714645386,1
0.3886089324951172,1
0.3815130591392517,1
0.28095248341560364,1
0.38342201709747314,1
0.36823832988739014,1
0.478719025850296,1
0.3548828363418579,1
0.4316243529319763,1
0.3388787806034088,1
0.2869163155555725,1
0.37525373697280884,1
0.2519870400428772,1
0.4189780652523041,1
0.40769174695014954,1
0.3676307499408722,1
0.47676506638526917,1
0.3271537721157074,1
0.47249436378479004,1
0.3806997537612915,1
0.32460492849349976,1
0.48575425148010254,1
0.32869017124176025,1
0.4263983964920044,1
0.4246019124984741,1
0.38176780939102173,1
0.4692058265209198,1
0.3909975588321686,1
0.2483208328485489,1
0.374424010515213,1
0.35494646430015564,1
0.3588634133338928,1
0.41273871064186096,1
0.3873865008354187,1
0.36655688285827637,1
0.36825621128082275,1
0.3623993396759033,1
0.29413142800331116,1
0.4355723261833191,1
0.33150428533554077,1
0.3838408291339874,1
0.4021139144897461,1
0.4110846519470215,1
0.3643835783004761,1
0.35888633131980896,1
0.32323557138442993,1
0.3834580183029175,1
0.3631401062011719,1
0.3374451696872711,1
0.4287593960762024,1
0.41477906703948975,1
0.2872433364391327,1
0.4373210668563843,1
0.4636659324169159,1
0.3993554711341858,1
0.5210086107254028,1
0.43302878737449646,1
0.48888251185417175,1
0.4169444441795349,1
0.3435201048851013,1
0.488858163356781,1
0.42666691541671753,1
0.4424741268157959,1
0.3439207971096039,1
0.4317113757133484,1
0.391751229763031,1
0.47561195492744446,1
0.42241421341896057,1
0.3638717234134674,1
0.4787599444389343,1
0.35281050205230713,1
0.3739372491836548,1
0.44439172744750977,1
0.3773140609264374,1
0.40231943130493164,1
0.29533785581588745,1
0.41199249029159546,1
0.5019257068634033,1
0.3838353455066681,1
0.43469616770744324,1
0.3622373938560486,1
0.3784889578819275,1
0.3071737289428711,1
0.4541519284248352,1
0.4230409562587738,1
0.3767937123775482,1
0.3580983579158783,1
0.25730496644973755,1
0.5023176074028015,1
0.2610834240913391,1
0.38026100397109985,1
0.37529218196868896,1
0.31186455488204956,1
0.4731745719909668,1
0.45637866854667664,1
0.2908105254173279,1
0.37519609928131104,1
0.3238527476787567,1
0.2967512011528015,1
0.4929123520851135,1
0.39111876487731934,1
0.32424989342689514,1
0.38554617762565613,1
0.41846323013305664,1
0.32807105779647827,1
0.29851800203323364,1
0.3681638240814209,1
0.4551805257797241,1
0.28860726952552795,1
0.28922945261001587,1
0.3845987617969513,1
0.5981747508049011,1
0.4685511887073517,1
0.3550267815589905,1
0.5634033679962158,1
0.35977721214294434,1
0.40494999289512634,1
0.2873094081878662,1
0.29178667068481445,1
0.351340115070343,1
0.40441611409187317,1
0.4133032560348511,1
0.41565895080566406,1
0.3320852518081665,1
0.37942808866500854,1
0.4390486180782318,1
0.3275999128818512,1
0.4007594585418701,1
0.3443883955478668,1
0.38393333554267883,1
0.34938502311706543,1
0.3295091390609741,1
0.44629111886024475,1
0.30837103724479675,1
0.382891446352005,1
0.42989176511764526,1
0.3004632592201233,1
0.3392888009548187,1
0.37156298756599426,1
0.3382614552974701,1
0.37614452838897705,1
0.36000746488571167,1
0.4343135356903076,1
0.3514977991580963,1
0.4092392325401306,1
0.3169054388999939,1
0.3943050503730774,1
0.3432788848876953,1
0.4034578800201416,1
0.34535568952560425,1
0.5230494141578674,1
0.3370411992073059,1
0.39378175139427185,1
0.44134896993637085,1
0.30206936597824097,1
0.3531458377838135,1
0.3869834542274475,1
0.3473052978515625,1
0.3738574683666229,1
0.35840266942977905,1
0.42492392659187317,1
0.38972893357276917,1
0.3995908796787262,1
0.43620526790618896,1
0.4030025899410248,1
0.3043043613433838,1
0.3410104513168335,1
0.47271257638931274,1
0.33013916015625,1
0.4463053345680237,1
0.4234761595726013,1
0.41150617599487305,1
0.3375076353549957,1
0.37713170051574707,1
0.40352514386177063,1
0.35780107975006104,1
0.41211435198783875,1
0.4391862452030182,1
0.32991063594818115,1
0.46694085001945496,1
0.38347405195236206,1
0.4925730228424072,1
0.40764719247817993,1
0.4232691824436188,1
0.45790785551071167,1
0.33955684304237366,1
0.4810614585876465,1
0.444402813911438,1
0.4068412184715271,1
0.5311713218688965,1
0.30008459091186523,1
0.4069518446922302,1
0.46486493945121765,1
0.4088139533996582,1
0.3947935104370117,1
0.36432787775993347,1
0.5013703107833862,1
0.3765932321548462,1
0.35667893290519714,1
0.3815597891807556,1
0.3231300413608551,1
0.5128867030143738,1
0.36539116501808167,1
0.40603193640708923,1
0.4182194471359253,1
0.43517544865608215,1
0.4808146357536316,1
0.32740429043769836,1
0.42900481820106506,1
0.4525357186794281,1
0.4980647563934326,1
0.37285947799682617,1
0.40359678864479065,1
0.582862377166748,1
0.4481801688671112,1
0.4321948289871216,1
0.39155542850494385,1
0.2886785864830017,1
0.4015161395072937,1
0.31960785388946533,1
0.4064403772354126,1
0.35263070464134216,1
0.3960106372833252,1
0.36914587020874023,1
0.3642311990261078,1
0.40312618017196655,1
0.49667200446128845,1
0.4957863986492157,1
0.3008318543434143,1
0.43398967385292053,1
0.38114890456199646,1
0.322258859872818,1
0.37005752325057983,1
0.3205313980579376,1
0.4903600811958313,1
0.3759381175041199,1
0.4624307453632355,1
0.42334380745887756,1
0.37479299306869507,1
0.37639349699020386,1
0.5042383670806885,1
0.47050005197525024,1
0.4285038709640503,1
0.3542024493217468,1
0.3658059239387512,1
0.33287495374679565,1
0.3659951984882355,1
0.4066716432571411,1
0.476815402507782,1
0.37047308683395386,1
0.4001655578613281,1
0.4399314820766449,1
0.5049288868904114,1
0.31031760573387146,1
0.3479931354522705,1
0.49297767877578735,1
0.3159852921962738,1
0.36446869373321533,1
0.3835555911064148,1
0.3122214078903198,1
0.38607466220855713,1
0.4162396192550659,1
0.4868476986885071,1
0.3873872756958008,1
0.45216578245162964,1
0.37373095750808716,1
0.4226318895816803,1
0.5618525743484497,1
0.3273445963859558,1
0.4960455298423767,1
0.3110887110233307,1
0.4145861864089966,1
0.32222747802734375,1
0.3401084244251251,1
0.351051926612854,1
0.4224967360496521,1
0.2920067608356476,1
0.4419877529144287,1
0.5086705088615417,1
0.3880162835121155,1
0.5833393931388855,1
0.4792751371860504,1
0.399288147687912,1
0.38300514221191406,1
0.4144832193851471,1
0.4236820936203003,1
0.4874829947948456,1
0.47730034589767456,1
0.4120781421661377,1
0.4229273200035095,1
0.3542535603046417,1
0.5150066018104553,1
0.47239771485328674,1
0.3570757508277893,1
0.46286094188690186,1
0.38358333706855774,1
0.35762038826942444,1
0.44914868474006653,1
0.4245423674583435,1
0.4537174701690674,1
0.3584400713443756,1
0.3679831624031067,1
0.334247887134552,1
0.33014777302742004,1
0.46221333742141724,1
0.3641504645347595,1
0.36577868461608887,1
0.3014112710952759,1
0.45278996229171753,1
0.4001816511154175,1
0.3907797336578369,1
0.5409060716629028,1
0.39321330189704895,1
0.4636729657649994,1
0.36493119597435,1
0.3814185857772827,1
0.44142580032348633,1
0.4365788698196411,1
0.4438357949256897,1
0.2937542200088501,1
0.4112960696220398,1
0.4767396152019501,1
0.3730897903442383,1
0.37797433137893677,1
0.4218788743019104,1
0.4299505352973938,1
0.3006290793418884,1
0.3301600515842438,1
0.38588154315948486,1
0.4785690903663635,1
0.43017578125,1
0.3890683650970459,1
0.3481246531009674,1
0.3523063659667969,1
0.3614729046821594,1
0.40567266941070557,1
0.40297043323516846,1
0.5206742286682129,1
0.40442943572998047,1
0.29789477586746216,1
0.34335505962371826,1
0.41914406418800354,1
0.3815828859806061,1
0.3942568898200989,1
0.3505924642086029,1
0.41856223344802856,1
0.4238344430923462,1
0.4651174545288086,1
0.3914220929145813,1
0.3480685353279114,1
0.2632302939891815,1
0.4700838029384613,1
0.37786203622817993,1
0.31799110770225525,1
0.41906866431236267,1
0.31989482045173645,1
0.3302342891693115,1
0.43188807368278503,1
0.36873435974121094,1
0.43443143367767334,1
0.460831880569458,1
0.39831632375717163,1
0.4593679904937744,1
0.32877373695373535,1
0.3406238555908203,1
0.29176074266433716,1
0.417955607175827,1
0.37592101097106934,1
0.39117616415023804,1
0.3584858477115631,1
0.3799840211868286,1
0.45426303148269653,1
0.5063057541847229,1
0.37784379720687866,1
0.2826753854751587,1
0.37440502643585205,1
0.37689995765686035,1
0.41147708892822266,1
0.36336612701416016,1
0.4185728430747986,1
0.34127941727638245,1
0.38769441843032837,1
0.33769479393959045,1
0.4297897219657898,1
0.4340817630290985,1
0.42522865533828735,1
0.32599085569381714,1
0.3762843608856201,1
0.4014033377170563,1
0.4083910584449768,1
0.3720139265060425,1
0.4173383116722107,1
0.29904842376708984,1
0.3647354245185852,1
0.44314777851104736,1
0.4352569282054901,1
0.5055364370346069,1
0.3039439916610718,1
0.3890305757522583,1
0.3513983488082886,1
0.2817797362804413,1
0.4040229916572571,1
0.3266771137714386,1
0.3005251884460449,1
0.3872593939304352,1
0.4381789565086365,1
0.4395618736743927,1
0.40882545709609985,1
0.5483040809631348,1
0.40583354234695435,1
0.3565351665019989,1
0.3475722074508667,1
0.3554852604866028,1
0.35444334149360657,1
0.43094220757484436,1
0.3275584876537323,1
0.34392499923706055,1
0.3873947262763977,1
0.4281923472881317,1
0.2656148076057434,1
0.39462849497795105,1
0.42172908782958984,1
0.4977874457836151,1
0.5098960995674133,1
0.34971293807029724,1
0.4171295762062073,1
0.4801861643791199,1
0.3765580654144287,1
0.5302135944366455,1
0.39944183826446533,1
0.397431343793869,1
0.32095634937286377,1
0.4232746362686157,1
0.29320675134658813,1
0.34114810824394226,1
0.4529581069946289,1
0.42055049538612366,1
0.32560980319976807,1
0.4092331826686859,1
0.24494411051273346,1
0.336558073759079,1
0.38601794838905334,1
0.3726721405982971,1
0.39253973960876465,1
0.36080437898635864,1
0.3297262191772461,1
0.4348912835121155,1
0.28794169425964355,1
0.4117182791233063,1
0.32356542348861694,1
0.38979604840278625,1
0.3891192674636841,1
0.46930617094039917,1
0.34316641092300415,1
0.4166952669620514,1
0.39928221702575684,1
0.35899829864501953,1
0.29604706168174744,1
0.4024330675601959,1
0.36628276109695435,1
0.34787794947624207,1
0.33144134283065796,1
0.45339128375053406,1
0.2861824631690979,1
0.31172749400138855,1
0.36356106400489807,1
0.35862842202186584,1
0.4237969219684601,1
0.3414444327354431,1
0.41368767619132996,1
0.43033862113952637,1
0.4197304844856262,1
0.4553203284740448,1
0.44892460107803345,1
0.3441547751426697,1
0.4210359454154968,1
0.5206109285354614,1
0.4002915918827057,1
0.515762448310852,1
0.41750040650367737,1
0.36549097299575806,1
0.3719291687011719,1
0.3456149697303772,1
0.30518868565559387,1
0.3741598129272461,1
0.35220491886138916,1
0.42748159170150757,1
0.342446893453598,1
0.3426872193813324,1
0.39433932304382324,1
0.3280700147151947,1
0.4062073528766632,1
0.3680252134799957,1
0.33609360456466675,1
0.3549881875514984,1
0.4858629107475281,1
0.29166311025619507,1
0.4725845456123352,1
0.39284971356391907,1
0.4523071050643921,1
0.3819076120853424,1
0.47191786766052246,1
0.3322792649269104,1
0.37078696489334106,1
0.45000484585762024,1
0.49430155754089355,1
0.3225958049297333,1
0.40170612931251526,1
0.3624517619609833,1
0.33356261253356934,1
0.4740024209022522,1
0.5720841884613037,1
0.3040907680988312,1
0.36725252866744995,1
0.4599039554595947,1
0.38278329372406006,1
0.38873809576034546,1
0.4628196060657501,1
0.3294380307197571,1
0.3944551944732666,1
0.3984019160270691,1
0.28804874420166016,1
0.30896854400634766,1
0.4606199264526367,1
0.3663453459739685,1
0.41931235790252686,1
0.37411606311798096,1
0.36763882637023926,1
0.29538461565971375,1
0.3570096492767334,1
0.4900389313697815,1
0.36864137649536133,1
0.3174271285533905,1
0.37900981307029724,1
0.29450443387031555,1
0.3724917769432068,1
0.38741376996040344,1
0.33676302433013916,1
0.4937115013599396,1
0.3992776870727539,1
0.40637660026550293,1
0.2848186194896698,1
0.355283260345459,1
0.45690855383872986,1
0.3861323595046997,1
0.3571900725364685,1
0.4340517818927765,1
0.28975677490234375,1
0.33717745542526245,1
0.46704602241516113,1
0.3098418712615967,1
0.3287361264228821,1
0.3135954737663269,1
0.3747592568397522,1
0.404754638671875,1
0.5575057864189148,1
0.28295016288757324,1
0.32931381464004517,1
0.4115932583808899,1
0.4248001277446747,1
0.29591435194015503,1
0.3112656772136688,1
0.33663278818130493,1
0.3262144923210144,1
0.45344263315200806,1
0.44166967272758484,1
0.3144700527191162,1
0.47773733735084534,1
0.3900814950466156,1
0.27456527948379517,1
0.2640492022037506,1
0.32796379923820496,1
0.39148586988449097,1
0.3225281834602356,1
0.39297860860824585,1
0.4453585147857666,1
0.38644278049468994,1
0.3452832102775574,1
0.4645756185054779,1
0.404305636882782,1
0.41419240832328796,1
0.2964891791343689,1
0.3784990906715393,1
0.4337368607521057,1
0.3937603831291199,1
0.40817534923553467,1
0.3153311610221863,1
0.36229491233825684,1
0.4159929156303406,1
0.44350382685661316,1
0.43620622158050537,1
0.47188347578048706,1
0.42628705501556396,1
0.38920941948890686,1
0.37574324011802673,1
0.3881433606147766,1
0.3925110697746277,1
0.390731543302536,1
0.35649335384368896,1
0.3806459605693817,1
0.3981676697731018,1
0.39081689715385437,1
0.39407604932785034,1
0.30924615263938904,1
0.3040299713611603,1
0.3564530611038208,1
0.3118126094341278,1
0.43597927689552307,1
0.30190974473953247,1
0.411853164434433,1
0.37150391936302185,1
0.42359456419944763,1
0.37142646312713623,1
0.33458849787712097,1
0.3532264530658722,1
0.3623048663139343,1
0.38529711961746216,1
0.5154017806053162,1
0.32795077562332153,1
0.4235902428627014,1
0.41857945919036865,1
0.37842798233032227,1
0.4076372981071472,1
0.35608235001564026,1
0.32641932368278503,1
0.47495970129966736,1
0.41644084453582764,1
0.346249520778656,1
0.3336411118507385,1
0.3998526334762573,1
0.31222593784332275,1
0.4320075809955597,1
0.4155338704586029,1
0.2736058831214905,1
0.47274136543273926,1
0.37826526165008545,1
0.38768619298934937,1
0.5180683135986328,1
0.4075944423675537,1
0.38707464933395386,1
0.4911838173866272,1
0.3630533516407013,1
0.41595160961151123,1
0.39684510231018066,1
0.4742434620857239,1
0.4451867640018463,1
0.38261833786964417,1
0.31552791595458984,1
0.45791226625442505,1
0.341591477394104,1
0.4145117998123169,1
0.25646060705184937,1
0.3361433446407318,1
0.3444758355617523,1
0.46703261137008667,1
0.49597233533859253,1
0.34698808193206787,1
0.3372417092323303,1
0.45115500688552856,1
0.3948264718055725,1
0.47080641984939575,1
0.37316086888313293,1
0.48304569721221924,1
0.36606189608573914,1
0.3932346701622009,1
0.3612147271633148,1
0.3410835564136505,1
0.42781734466552734,1
0.30228865146636963,1
0.4643075466156006,1
0.38421332836151123,1
0.37737196683883667,1
0.3698936104774475,1
0.35526639223098755,1
0.3203228712081909,1
0.44530144333839417,1
0.33677592873573303,1
0.4576685130596161,1
0.4413684606552124,1
0.4155923128128052,1
0.32366737723350525,1
0.5830599665641785,1
0.42912933230400085,1
0.3619462251663208,1
0.25151413679122925,1
0.4055969715118408,1
0.3206698000431061,1
0.33658552169799805,1
0.3327598571777344,1
0.3816065192222595,1
0.34543654322624207,1
0.5892962217330933,1
0.5445132255554199,1
0.3379160761833191,1
0.2605069577693939,1
0.3294275999069214,1
0.3702508211135864,1
0.3528170883655548,1
0.28393590450286865,1
0.28443431854248047,1
0.38986045122146606,1
0.34733498096466064,1
0.35184240341186523,1
0.4149128198623657,1
0.3956787884235382,1
0.38196292519569397,1
0.4275195896625519,1
0.40595144033432007,1
0.38437432050704956,1
0.41425812244415283,1
0.37804850935935974,1
0.33221399784088135,1
0.3921124339103699,1
0.47329333424568176,1
0.4027401804924011,1
0.3426438570022583,1
0.3423469662666321,1
0.35499292612075806,1
0.4885731637477875,1
0.43299973011016846,1
0.3991379141807556,1
0.35734686255455017,1
0.3410283625125885,1
0.40544450283050537,1
0.3836139738559723,1
0.3794080317020416,1
0.3384089469909668,1
0.2845314145088196,1
0.3724707365036011,1
0.41261476278305054,1
0.32824817299842834,1
0.40156158804893494,1
0.45991575717926025,1
0.3706296682357788,1
0.4751960039138794,1
0.2770591974258423,1
0.3936867415904999,1
0.42408856749534607,1
0.46734315156936646,1
0.3645952343940735,1
0.4290846884250641,1
0.5351324677467346,1
0.30312177538871765,1
0.4205628037452698,1
0.48410171270370483,1
0.44932714104652405,1
0.27434754371643066,1
0.5191984176635742,1
0.35916197299957275,1
0.4270116984844208,1
0.32309281826019287,1
0.32414567470550537,1
0.322139173746109,1
0.2972102165222168,1
0.4583720266819,1
0.4900211691856384,1
0.3559029996395111,1
0.2904280424118042,1
0.3654586672782898,1
0.43061563372612,1
0.38288408517837524,1
0.47420334815979004,1
0.37027081847190857,1
0.36002466082572937,1
0.45228105783462524,1
0.28218525648117065,1
0.4321649670600891,1
0.2738115191459656,1
0.4245373010635376,1
0.3669705390930176,1
0.4205211102962494,1
0.40967270731925964,1
0.4621032178401947,1
0.36091917753219604,1
0.3456507921218872,1
0.44114935398101807,1
0.26575279235839844,1
0.4341799318790436,1
0.44287800788879395,1
0.34786608815193176,1
0.42610055208206177,1
0.3439350724220276,1
0.3775913715362549,1
0.31684479117393494,1
0.3237346410751343,1
0.4155244827270508,1
0.3221008777618408,1
0.37791892886161804,1
0.3103010952472687,1
0.31174105405807495,1
0.4288996160030365,1
0.3304208517074585,1
0.24294596910476685,1
0.2827715277671814,1
0.31756556034088135,1
0.41335755586624146,1
0.43268224596977234,1
0.3766712248325348,1
0.35865163803100586,1
0.4404560625553131,1
0.3184378147125244,1
0.3685801327228546,1
0.41602277755737305,1
0.3716271221637726,1
0.23670700192451477,1
0.4361233115196228,1
0.3796235918998718,1
0.31117376685142517,1
0.4431576132774353,1
0.41449108719825745,1
0.463279664516449,1
0.39098015427589417,1
0.4846256375312805,1
0.27107980847358704,1
0.3996574878692627,1
0.4371226131916046,1
0.31430771946907043,1
0.4638015627861023,1
0.33789852261543274,1
0.35946041345596313,1
0.46442604064941406,1
0.34092745184898376,1
0.36169910430908203,1
0.28733402490615845,1
0.3145480751991272,1
0.41641247272491455,1
0.31333303451538086,1
0.43232405185699463,1
0.33136415481567383,1
0.37526735663414,1
0.4300011098384857,1
0.5608733296394348,1
0.41327810287475586,1
0.42513152956962585,1
0.5049310922622681,1
0.3736496567726135,1
0.46972960233688354,1
0.3476455509662628,1
0.34718042612075806,1
0.32342737913131714,1
0.330668181180954,1
0.5696774125099182,1
0.4083622694015503,1
0.38331490755081177,1
0.45251327753067017,1
0.3885713815689087,1
0.41692444682121277,1
0.2830507457256317,1
0.35942327976226807,1
0.3579990565776825,1
0.3889889717102051,1
0.288377583026886,1
0.3843251168727875,1
0.36493128538131714,1
0.3771541714668274,1
0.3716112971305847,1
0.338653564453125,1
0.3859937787055969,1
0.41434162855148315,1
0.3926960825920105,1
0.35373029112815857,1
0.3829655647277832,1
0.5118680000305176,1
0.2748833894729614,1
0.3667219877243042,1
0.3063185214996338,1
0.38684022426605225,1
0.3292391300201416,1
0.35613828897476196,1
0.5286585092544556,1
0.36900582909584045,1
0.38766154646873474,1
0.4089442491531372,1
0.4529513418674469,1
0.5084060430526733,1
0.4025847017765045,1
0.3268314599990845,1
0.34806063771247864,1
0.3363463580608368,1
0.3354830741882324,1
0.3408900499343872,1
0.2514954209327698,1
0.35906320810317993,1
0.39392539858818054,1
0.5103480815887451,1
0.4770636558532715,1
0.2957410216331482,1
0.565461277961731,1
0.4025563597679138,1
0.4123697578907013,1
0.4211490750312805,1
0.28512558341026306,1
0.3391203284263611,1
0.5490235090255737,1
0.4296756088733673,1
0.39645475149154663,1
0.46975046396255493,1
0.4045979380607605,1
0.3325875997543335,1
0.35159391164779663,1
0.40055108070373535,1
0.5426409840583801,1
0.44135475158691406,1
0.3018644154071808,1
0.4401630163192749,1
0.3931719958782196,1
0.3732036054134369,1
0.35878920555114746,1
0.38884443044662476,1
0.3773719370365143,1
0.316646933555603,1
0.32228773832321167,1
0.25028374791145325,1
0.3769175112247467,1
0.4736289381980896,1
0.4094436764717102,1
0.3382248878479004,1
0.384096622467041,1
0.5738959908485413,1
0.4067332446575165,1
0.3096679449081421,1
0.41011473536491394,1
0.33498838543891907,1
0.412786602973938,1
0.3441469669342041,1
0.37188848853111267,1
0.4261922240257263,1
0.30918899178504944,1
0.40521693229675293,1
0.5146782994270325,1
0.34460341930389404,1
0.3621581792831421,1
0.28323933482170105,1
0.3534972369670868,1
0.32043910026550293,1
0.43930983543395996,1
0.37625980377197266,1
0.40107983350753784,1
0.37309038639068604,1
0.4538651406764984,1
0.33041679859161377,1
0.4365081489086151,1
0.37002575397491455,1
0.4780929386615753,1
0.38498884439468384,1
0.4504128694534302,1
0.5347320437431335,1
0.4416375458240509,1
0.3681718409061432,1
0.37859320640563965,1
0.5086140036582947,1
0.423372745513916,1
0.36850249767303467,1
0.368708074092865,1
0.29607659578323364,1
0.40112224221229553,1
0.44382357597351074,1
0.28904688358306885,1
0.4807107150554657,1
0.5274728536605835,1
0.28845372796058655,1
0.3864672780036926,1
0.5066909790039063,1
0.3865123391151428,1
0.4644520580768585,1
0.33375370502471924,1
0.3657481074333191,1
0.3758127689361572,1
0.42678728699684143,1
0.38795581459999084,1
0.3787457346916199,1
0.3751978278160095,1
0.4162960648536682,1
0.34729447960853577,1
0.4042772352695465,1
0.39346441626548767,1
0.3995915651321411,1
0.395273894071579,1
0.46213382482528687,1
0.3340327739715576,1
0.4442653954029083,1
0.4646925926208496,1
0.30396008491516113,1
0.349910169839859,1
0.2970413565635681,1
0.41982126235961914,1
0.42020392417907715,1
0.3716379404067993,1
0.3551948070526123,1
0.4173630475997925,1
0.5173546075820923,1
0.4702201187610626,1
0.33739838004112244,1
0.35845091938972473,1
0.31150323152542114,1
0.3503791093826294,1
0.3871256113052368,1
0.3622919023036957,1
0.3814496397972107,1
0.32944256067276,1
0.41137978434562683,1
0.3631606698036194,1
0.347017765045166,1
0.3747365474700928,1
0.3704013228416443,1
0.35322821140289307,1
0.4610619843006134,1
0.41036903858184814,1
0.5019772052764893,1
0.2766669988632202,1
0.45544642210006714,1
0.39466074109077454,1
0.3821413516998291,1
0.4969787001609802,1
0.3413342833518982,1
0.3359481990337372,1
0.41941407322883606,1
0.3961199223995209,1
0.34772029519081116,1
0.33468836545944214,1
0.32579582929611206,1
0.4049762189388275,1
0.3413255512714386,1
0.3612014055252075,1
0.4289018511772156,1
0.28786739706993103,1
0.40799593925476074,1
0.46443167328834534,1
0.39224958419799805,1
0.37024161219596863,1
0.48290595412254333,1
0.4373381733894348,1
0.31919312477111816,1
0.38330087065696716,1
0.39523690938949585,1
0.33010613918304443,1
0.30961060523986816,1
0.334436297416687,1
0.3480198085308075,1
0.42474842071533203,1
0.39109575748443604,1
0.37518519163131714,1
0.3529462516307831,1
0.3396402597427368,1
0.4234141707420349,1
0.4193747341632843,1
0.30399811267852783,1
0.3923550844192505,1
0.2934783101081848,1
0.47302699089050293,1
0.3918065130710602,1
0.4009631872177124,1
0.43346214294433594,1
0.3766935169696808,1
0.36016911268234253,1
0.38565218448638916,1
0.41454464197158813,1
0.3220885992050171,1
0.29713812470436096,1
0.40852779150009155,1
0.5383788347244263,1
0.35193580389022827,1
0.3604990541934967,1
0.42289820313453674,1
0.4023425281047821,1
0.5888861417770386,1
0.3560437560081482,1
0.348716676235199,1
0.2853805422782898,1
0.38116925954818726,1
0.35167407989501953,1
0.3409176468849182,1
0.4369831085205078,1
0.43997272849082947,1
0.5400753021240234,1
0.425213485956192,1
0.35464081168174744,1
0.4335915148258209,1
0.37367087602615356,1
0.4403154253959656,1
0.29574310779571533,1
0.36246299743652344,1
0.45538169145584106,1
0.2388177514076233,1
0.42688968777656555,1
0.3569016456604004,1
0.5101778507232666,1
0.3999503254890442,1
0.33592817187309265,1
0.26723310351371765,1
0.40272417664527893,1
0.4543842673301697,1
0.3833152651786804,1
0.4774715304374695,1
0.4760126769542694,1
0.3366788327693939,1
0.377072811126709,1
0.4002832770347595,1
0.2868984043598175,1
0.3222072422504425,1
0.3982386589050293,1
0.406187504529953,1
0.3922092318534851,1
0.3206942081451416,1
0.42222583293914795,1
0.3233862519264221,1
0.4259762763977051,1
0.4523223042488098,1
0.29697510600090027,1
0.46819204092025757,1
0.2944415807723999,1
0.36998191475868225,1
0.3401615023612976,1
0.2923622727394104,1
0.44147789478302,1
0.28143972158432007,1
0.4270612895488739,1
0.4027768671512604,1
0.2486218512058258,1
0.34087711572647095,1
0.3809491991996765,1
0.444735586643219,1
0.41017717123031616,1
0.32269757986068726,1
0.33685052394866943,1
0.5354301929473877,1
0.3671909272670746,1
0.44707444310188293,1
0.49377256631851196,1
0.37279212474823,1
0.3905537724494934,1
0.37099963426589966,1
0.39598485827445984,1
0.445078581571579,1
0.38049566745758057,1
0.36927711963653564,1
0.39074358344078064,1
0.41984662413597107,1
0.40457817912101746,1
0.3154352307319641,1
0.33605730533599854,1
0.30529528856277466,1
0.3695552945137024,1
0.4083177149295807,1
0.3317549526691437,1
0.29454150795936584,1
0.4474712014198303,1
0.5762193202972412,1
0.4616783857345581,1
0.2894023656845093,1
0.4063512980937958,1
0.43277305364608765,1
0.26245540380477905,1
0.41284555196762085,1
0.3447030186653137,1
0.32567596435546875,1
0.4424012303352356,1
0.5619843602180481,1
0.3937382698059082,1
0.34552353620529175,1
0.36726123094558716,1
0.4114571213722229,1
0.3931781053543091,1
0.32749247550964355,1
0.4709759056568146,1
0.3826850652694702,1
0.39899858832359314,1
0.42414283752441406,1
0.3654360771179199,1
0.3268546760082245,1
0.3605315089225769,1
0.4325002431869507,1
0.3353078067302704,1
0.406770795583725,1
0.33369535207748413,1
0.40613070130348206,1
0.4255470037460327,1
0.4755222797393799,1
0.35290098190307617,1
0.3959992825984955,1
0.41297227144241333,1
0.36099860072135925,1
0.5351958870887756,1
0.23974841833114624,1
0.33553844690322876,1
0.41431868076324463,1
0.41559892892837524,1
0.4922693967819214,1
0.37615296244621277,1
0.3734821081161499,1
0.4274420440196991,1
0.3665556311607361,1
0.4465920627117157,1
0.3693664073944092,1
0.35485073924064636,1
0.3944455087184906,1
0.38605108857154846,1
0.37184783816337585,1
0.310503214597702,1
0.394869863986969,1
0.45123761892318726,1
0.36818891763687134,1
0.425559401512146,1
0.3765086531639099,1
0.3525027632713318,1
0.4602019190788269,1
0.35262441635131836,1
0.36208927631378174,1
0.37140628695487976,1
0.30159541964530945,1
0.5111229419708252,1
0.4553895890712738,1
0.30861109495162964,1
0.3961392641067505,1
0.3196232318878174,1
0.3247922658920288,1
0.39388251304626465,1
0.5054613351821899,1
0.5098147392272949,1
0.39317992329597473,1
0.5119383335113525,1
0.3160163462162018,1
0.32167863845825195,1
0.45469605922698975,1
0.39452311396598816,1
0.34070515632629395,1
0.3119783103466034,1
0.42552056908607483,1
0.3522084951400757,1
0.33643773198127747,1
0.4289376139640808,1
0.3944871425628662,1
0.4570063054561615,1
0.37611517310142517,1
0.3758569359779358,1
0.31442636251449585,1
0.3887525796890259,1
0.43659472465515137,1
0.3091081380844116,1
0.30402788519859314,1
0.23861557245254517,1
0.38222500681877136,1
0.35757842659950256,1
0.46577513217926025,1
0.45828622579574585,1
0.36650550365448,1
0.34088265895843506,1
0.43939879536628723,1
0.41206496953964233,1
0.4556843042373657,1
0.36863672733306885,1
0.3753754198551178,1
0.4748559296131134,1
0.531686544418335,1
0.34593665599823,1
0.4809315800666809,1
0.39906203746795654,1
0.4650842547416687,1
0.34847548604011536,1
0.3712629973888397,1
0.34835976362228394,1
0.2853913903236389,1
0.31971871852874756,1
0.23942147195339203,1
0.4613821506500244,1
0.3061493933200836,1
0.4416700601577759,1
0.2866869270801544,1
0.5475229024887085,1
0.38737839460372925,1
0.445418119430542,1
0.38664907217025757,1
0.3344689607620239,1
0.3314998745918274,1
0.4695679545402527,1
0.49417611956596375,1
0.4455401301383972,1
0.4586676359176636,1
0.29698675870895386,1
0.45847171545028687,1
0.6156815886497498,1
0.46220386028289795,1
0.3574941158294678,1
0.3971761465072632,1
0.3531271815299988,1
0.416972815990448,1
0.4058656692504883,1
0.38778072595596313,1
0.4825839400291443,1
0.39667466282844543,1
0.2963259220123291,1
0.486237108707428,1
0.3633333444595337,1
0.3006715178489685,1
0.366365522146225,1
0.3475600779056549,1
0.38273048400878906,1
0.310541033744812,1
0.3404029607772827,1
0.32011210918426514,1
0.37765735387802124,1
0.4679133892059326,1
0.5535336136817932,1
0.30535298585891724,1
0.4925077259540558,1
0.4120391011238098,1
0.33162936568260193,1
0.4121223986148834,1
0.45914125442504883,1
0.26346150040626526,1
0.45211243629455566,1
0.39577966928482056,1
0.3697519302368164,1
0.395144522190094,1
0.4014154076576233,1
0.5011155009269714,1
0.34366777539253235,1
0.3407331109046936,1
0.40428125858306885,1
0.36356890201568604,1
0.3977663815021515,1
0.3933940529823303,1
0.3124649226665497,1
0.3095840811729431,1
0.27216774225234985,1
0.5155118703842163,1
0.39901620149612427,1
0.32106468081474304,1
0.3621569573879242,1
0.37118345499038696,1
0.3777202367782593,1
0.38684165477752686,1
0.35641202330589294,1
0.40380507707595825,1
0.4030340015888214,1
0.4178686738014221,1
0.33400601148605347,1
0.3691554069519043,1
0.2918059229850769,1
0.3566761016845703,1
0.3594876825809479,1
0.4412592649459839,1
0.4039941728115082,1
0.3361741900444031,1
0.4271395206451416,1
0.4154927432537079,1
0.3658120036125183,1
0.3780287206172943,1
0.45961838960647583,1
0.39431512355804443,1
0.46648627519607544,1
0.3267669677734375,1
0.4235181212425232,1
0.39213883876800537,1
0.46712929010391235,1
0.3502136766910553,1
0.4368882179260254,1
0.44579756259918213,1
0.34974950551986694,1
0.31228744983673096,1
0.4033517837524414,1
0.37935590744018555,1
0.43613648414611816,1
0.34592127799987793,1
0.4740397036075592,1
0.38976460695266724,1
0.42898398637771606,1
0.5474599003791809,1
0.44503724575042725,1
0.4533310830593109,1
0.4137704372406006,1
0.3670498728752136,1
0.3347611129283905,1
0.3850780725479126,1
0.410726934671402,1
0.2892480492591858,1
0.3816082775592804,1
0.4018409848213196,1
0.413308322429657,1
0.42012259364128113,1
0.4101107716560364,1
0.44779178500175476,1
0.3371850848197937,1
0.37980878353118896,1
0.3063758313655853,1
0.3661535978317261,1
0.33074861764907837,1
0.4238918721675873,1
0.3594125807285309,1
0.3277133107185364,1
0.2775577902793884,1
0.4062574505805969,1
0.36367475986480713,1
0.4366149604320526,1
0.31521371006965637,1
0.3857520818710327,1
0.3168449401855469,1
0.34709274768829346,1
0.3367920219898224,1
0.5191218256950378,1
0.4617294371128082,1
0.25628548860549927,1
0.38828542828559875,1
0.3647865056991577,1
0.5793248414993286,1
0.37979984283447266,1
0.391032338142395,1
0.4663737416267395,1
0.31829312443733215,1
0.36540141701698303,1
0.3355481028556824,1
0.3237200677394867,1
0.3306061029434204,1
0.3348672688007355,1
0.37332236766815186,1
0.3924095034599304,1
0.40111345052719116,1
0.3245977759361267,1
0.37297841906547546,1
0.4059002995491028,1
0.38518786430358887,1
0.37923160195350647,1
0.45921748876571655,1
0.44075971841812134,1
0.33133772015571594,1
0.4547217786312103,1
0.40454453229904175,1
0.4218631386756897,1
0.4837518334388733,1
0.3690268397331238,1
0.36343130469322205,1
0.39824604988098145,1
0.3219318687915802,1
0.4805351197719574,1
0.3918759524822235,1
0.45136862993240356,1
0.36858421564102173,1
0.3948274254798889,1
0.47904354333877563,1
0.35048770904541016,1
0.4109497666358948,1
0.500292956829071,1
0.3311796188354492,1
0.40381577610969543,1
0.42453324794769287,1
0.3340316712856293,1
0.5248358249664307,1
0.5429130792617798,1
0.40845948457717896,1
0.39531245827674866,1
0.3083120584487915,1
0.3922644853591919,1
0.31261199712753296,1
0.34394481778144836,1
0.45485392212867737,1
0.32429075241088867,1
0.3793466091156006,1
0.31509435176849365,1
0.34772735834121704,1
0.3323981463909149,1
0.4385521113872528,1
0.41635122895240784,1
0.4224369525909424,1
0.3605428636074066,1
0.3870084881782532,1
0.36805224418640137,1
0.38799381256103516,1
0.5565953254699707,1
0.33559828996658325,1
0.4670100808143616,1
0.3869600296020508,1
0.4070613980293274,1
0.2771297097206116,1
0.4509274959564209,1
0.3270387053489685,1
0.47517573833465576,1
0.3261970281600952,1
0.4513811469078064,1
0.3230443298816681,1
0.35291600227355957,1
0.34970659017562866,1
0.4320220947265625,1
0.4183160066604614,1
0.39457541704177856,1
0.4195669889450073,1
0.4471844434738159,1
0.3785572648048401,1
0.35484349727630615,1
0.3599940538406372,1
0.4006359875202179,1
0.3373038172721863,1
0.42320942878723145,1
0.36473774909973145,1
0.3585442006587982,1
0.40945082902908325,1
0.3097067177295685,1
0.47292524576187134,1
0.39644551277160645,1
0.32538512349128723,1
0.3951478600502014,1
0.3810337781906128,1
0.5003262758255005,1
0.42150840163230896,1
0.38321560621261597,1
0.48921656608581543,1
0.389548122882843,1
0.38034749031066895,1
0.3821753263473511,1
0.4644097089767456,1
0.32133662700653076,1
0.40308165550231934,1
0.41369903087615967,1
0.4076809287071228,1
0.47474050521850586,1
0.4716694951057434,1
0.37174010276794434,1
0.31739336252212524,1
0.3684094548225403,1
0.34195050597190857,1
0.3535120189189911,1
0.3043823838233948,1
0.3594081401824951,1
0.4225827753543854,1
0.2960180938243866,1
0.2748778462409973,1
0.32572928071022034,1
0.4091629683971405,1
0.3939400911331177,1
0.4593290686607361,1
0.4062252640724182,1
0.3718491792678833,1
0.3616277277469635,1
0.35364246368408203,1
0.34382909536361694,1
0.4452706575393677,1
0.306374728679657,1
0.4119608998298645,1
0.3554554581642151,1
0.46811097860336304,1
0.29555660486221313,1
0.4347098171710968,1
0.4624949097633362,1
0.3152557611465454,1
0.3553388714790344,1
0.45673850178718567,1
0.3540942668914795,1
0.529105544090271,1
0.3349856734275818,1
0.4642786979675293,1
0.47110387682914734,1
0.39703577756881714,1
0.4101181626319885,1
0.383486270904541,1
0.36334356665611267,1
0.3736240863800049,1
0.35862109065055847,1
0.38538020849227905,1
0.4146287441253662,1
0.5301898717880249,1
0.24840235710144043,1
0.37687137722969055,1
0.4010799527168274,1
0.3436875343322754,1
0.292686402797699,1
0.3545360565185547,1
0.4308665990829468,1
0.35161179304122925,1
0.437226802110672,1
0.47644585371017456,1
0.2620939612388611,1
0.29791879653930664,1
0.38320788741111755,1
0.526496946811676,1
0.3355371654033661,1
0.4837352931499481,1
0.38431575894355774,1
0.3897799849510193,1
0.45068034529685974,1
0.2997905910015106,1
0.4532518982887268,1
0.39785903692245483,1
0.3497689962387085,1
0.5350086092948914,1
0.5370113849639893,1
0.2812061309814453,1
0.3781341016292572,1
0.42471691966056824,1
0.48926544189453125,1
0.2720283269882202,1
0.48487958312034607,1
0.36638951301574707,1
0.37457478046417236,1
0.3728557229042053,1
0.38940614461898804,1
0.5510741472244263,1
0.3084931969642639,1
0.31803810596466064,1
0.3594123125076294,1
0.46431589126586914,1
0.32978957891464233,1
0.31717151403427124,1
0.410630464553833,1
0.42969995737075806,1
0.45596057176589966,1
0.38060569763183594,1
0.3299344778060913,1
0.3639577627182007,1
0.3866429328918457,1
0.5363023281097412,1
0.38417869806289673,1
0.40210336446762085,1
0.3441389203071594,1
0.3777756989002228,1
0.4835851788520813,1
0.4297977685928345,1
0.3751803934574127,1
0.5473950505256653,1
0.49158310890197754,1
0.3702455163002014,1
0.43505859375,1
0.3979419767856598,1
0.44970569014549255,1
0.4083881080150604,1
0.3440789580345154,1
0.5021345019340515,1
0.38645464181900024,1
0.3550179600715637,1
0.3377016484737396,1
0.3945744037628174,1
0.4123668670654297,1
0.3189134895801544,1
0.4010550379753113,1
0.3632192611694336,1
0.3709738850593567,1
0.36484870314598083,1
0.49782896041870117,1
0.4042228162288666,1
0.422660231590271,1
0.5445353388786316,1
0.32882383465766907,1
0.45606499910354614,1
0.3429890275001526,1
0.3695961534976959,1
0.36476248502731323,1
0.3468281626701355,1
0.3771730959415436,1
0.4252558946609497,1
0.35242730379104614,1
0.35835620760917664,1
0.356331467628479,1
0.38849860429763794,1
0.4187679886817932,1
0.36941617727279663,1
0.4337773025035858,1
0.38906294107437134,1
0.5804789662361145,1
0.27192452549934387,1
0.38358357548713684,1
0.39618122577667236,1
0.3812861442565918,1
0.36004847288131714,1
0.44741785526275635,1
0.30444157123565674,1
0.2983487546443939,1
0.31365731358528137,1
0.3883678615093231,1
0.3896518051624298,1
0.3346623480319977,1
0.5820958018302917,1
0.3106522560119629,1
0.3881866931915283,1
0.301150381565094,1
0.27629733085632324,1
0.40258461236953735,1
0.3753507137298584,1
0.46497446298599243,1
0.36429667472839355,1
0.3671188950538635,1
0.37177035212516785,1
0.5059466361999512,1
0.341062068939209,1
0.42866402864456177,1
0.4541109800338745,1
0.3535035252571106,1
0.37318795919418335,1
0.37420591711997986,1
0.47026926279067993,1
0.3896664083003998,1
0.2752249836921692,1
0.4646955728530884,1
0.4224777817726135,1
0.4682472348213196,1
0.4337398111820221,1
0.3936693072319031,1
0.35034114122390747,1
0.3483255207538605,1
0.30346858501434326,1
0.39902397990226746,1
0.39321357011795044,1
0.5401243567466736,1
0.3705417513847351,1
0.30281972885131836,1
0.3893384039402008,1
0.4754597544670105,1
0.3133423924446106,1
0.44261956214904785,1
0.4553558826446533,1
0.4244345426559448,1
0.3407703638076782,1
0.4197326898574829,1
0.36151406168937683,1
0.37888240814208984,1
0.3568073809146881,1
0.3366447687149048,1
0.3276478052139282,1
0.4633331894874573,1
0.4067126214504242,1
0.4316977262496948,1
0.42860427498817444,1
0.39219143986701965,1
0.4527476727962494,1
0.42496761679649353,1
0.307949960231781,1
0.32155555486679077,1
0.34261298179626465,1
0.4070691764354706,1
0.42367255687713623,1
0.4646068811416626,1
0.35619333386421204,1
0.5019870400428772,1
0.4965188503265381,1
0.5184236764907837,1
0.3286709785461426,1
0.30487918853759766,1
0.3415388762950897,1
0.39895057678222656,1
0.45088934898376465,1
0.4417349696159363,1
0.346969872713089,1
0.32148635387420654,1
0.3774280250072479,1
0.4200655221939087,1
0.4291839003562927,1
0.4355618953704834,1
0.40242645144462585,1
0.44122469425201416,1
0.4828094244003296,1
0.3299344480037689,1
0.24213415384292603,1
0.3503507077693939,1
0.2979748845100403,1
0.27295756340026855,1
0.39188554883003235,1
0.3525542616844177,1
0.367099791765213,1
0.4074243903160095,1
0.3338811993598938,1
0.3483923077583313,1
0.5458595156669617,1
0.34432268142700195,1
0.4453660249710083,1
0.4918074607849121,1
0.34617698192596436,1
0.2987324297428131,1
0.3743942677974701,1
0.3951941132545471,1
0.2519986927509308,1
0.3688783049583435,1
0.3926568329334259,1
0.38719117641448975,1
0.34784966707229614,1
0.4622883200645447,1
0.4044378399848938,1
0.2753148078918457,1
0.4644652009010315,1
0.5706866383552551,1
0.3365321457386017,1
0.389767050743103,1
0.39860889315605164,1
0.38879114389419556,1
0.42262834310531616,1
0.30582597851753235,1
0.3809778690338135,1
0.35507872700691223,1
0.32946309447288513,1
0.35215437412261963,1
0.29647308588027954,1
0.3477010428905487,1
0.5072371363639832,1
0.34210205078125,1
0.47575968503952026,1
0.31931453943252563,1
0.4041804075241089,1
0.3922536373138428,1
0.3753335773944855,1
0.4048706293106079,1
0.32966935634613037,1
0.4475650191307068,1
0.3269078731536865,1
0.42592310905456543,1
0.39026159048080444,1
0.3237074017524719,1
0.511468231678009,1
0.4040975868701935,1
0.32225173711776733,1
0.41566959023475647,1
0.4442969262599945,1
0.35862571001052856,1
0.41070041060447693,1
0.26784247159957886,1
0.4145359992980957,1
0.3551672399044037,1
0.3185286819934845,1
0.4317246675491333,1
0.3300569951534271,1
0.29282310605049133,1
0.5080490112304688,1
0.3496699929237366,1
0.38322198390960693,1
0.4359864890575409,1
0.3124590516090393,1
0.3949900269508362,1
0.38595470786094666,1
0.36790192127227783,1
0.29516488313674927,1
0.41023391485214233,1
0.40858277678489685,1
0.3419964909553528,1
0.46359938383102417,1
0.41734734177589417,1
0.2770940661430359,1
0.2829854488372803,1
0.4100775122642517,1
0.3684043884277344,1
0.3907671272754669,1
0.3830980658531189,1
0.46602803468704224,1
0.2803508937358856,1
0.5453435778617859,1
0.3112969696521759,1
0.4755076766014099,1
0.29076090455055237,1
0.44046616554260254,1
0.335457980632782,1
0.41533488035202026,1
0.3794426918029785,1
0.44274967908859253,1
0.3626091480255127,1
0.34762808680534363,1
0.4752609431743622,1
0.44524016976356506,1
0.33757659792900085,1
0.43410396575927734,1
0.4543856382369995,1
0.29413723945617676,1
0.517055869102478,1
0.28527337312698364,1
0.4097800552845001,1
0.4563654661178589,1
0.27990004420280457,1
0.5246476531028748,1
0.4041534960269928,1
0.36958634853363037,1
0.4099476933479309,1
0.2877795994281769,1
0.4303695559501648,1
0.44421684741973877,1
0.3437632918357849,1
0.38467976450920105,1
0.3971042037010193,1
0.27420127391815186,1
0.40943071246147156,1
0.4084031879901886,1
0.38852864503860474,1
0.47777289152145386,1
0.35624802112579346,1
0.29924046993255615,1
0.5428268909454346,1
0.27879220247268677,1
0.3813442289829254,1
0.6750614643096924,1
0.30804625153541565,1
0.3993445038795471,1
0.42248713970184326,1
0.3724888563156128,1
0.3612194061279297,1
0.4024498462677002,1
0.3391426205635071,1
0.40251725912094116,1
0.35798949003219604,1
0.393887460231781,1
0.32126060128211975,1
0.3935195803642273,1
0.3044813573360443,1
0.4924969971179962,1
0.3216176927089691,1
0.3889094889163971,1
0.3484959006309509,1
0.28858691453933716,1
0.4250299334526062,1
0.48880770802497864,1
0.3377320468425751,1
0.4336157441139221,1
0.28498828411102295,1
0.3321341872215271,1
0.412814199924469,1
0.4437257647514343,1
0.4330868422985077,1
0.3216681182384491,1
0.41407543420791626,1
0.42207539081573486,1
0.35390394926071167,1
0.38083744049072266,1
0.44933608174324036,1
0.3739825487136841,1
0.34901222586631775,1
0.3873324990272522,1
0.3378484547138214,1
0.3985553979873657,1
0.32022905349731445,1
0.4554598331451416,1
0.42456406354904175,1
0.42302799224853516,1
0.49110734462738037,1
0.3762834668159485,1
0.35791289806365967,1
0.4318295121192932,1
0.38957318663597107,1
0.4055197238922119,1
0.32089555263519287,1
0.35583388805389404,1
0.4303074777126312,1
0.40345415472984314,1
0.4167133569717407,1
0.32810279726982117,1
0.45387881994247437,1
0.42465847730636597,1
0.3666459619998932,1
0.3854113221168518,1
0.45578908920288086,1
0.3756067752838135,1
0.4559696316719055,1
0.4397549033164978,1
0.36003363132476807,1
0.37751007080078125,1
0.3358337879180908,1
0.2931017577648163,1
0.40585246682167053,1
0.4061857759952545,1
0.3772794008255005,1
0.42163318395614624,1
0.3183443546295166,1
0.3200310170650482,1
0.41642409563064575,1
0.4481252431869507,1
0.40433448553085327,1
0.3912888467311859,1
0.3157106935977936,1
0.3847731351852417,1
0.4266356825828552,1
0.40062782168388367,1
0.4031215310096741,1
0.3742114305496216,1
0.35752230882644653,1
0.3795199394226074,1
0.3991188704967499,1
0.39826756715774536,1
0.30951717495918274,1
0.3312036991119385,1
0.3055846393108368,1
0.4019027352333069,1
0.43598780035972595,1
0.35036128759384155,1
0.3168104588985443,1
0.365532249212265,1
0.3504191040992737,1
0.3989148736000061,1
0.3279842138290405,1
0.3466552197933197,1
0.3116971254348755,1
0.3125382661819458,1
0.45483091473579407,1
0.41488540172576904,1
0.5037102699279785,1
0.542963445186615,1
0.3071851432323456,1
0.43548405170440674,1
0.38815540075302124,1
0.2912726104259491,1
0.39109477400779724,1
0.18227608501911163,1
0.37514740228652954,1
0.4372867941856384,1
0.3812972903251648,1
0.39259523153305054,1
0.40017449855804443,1
0.3203994035720825,1
0.2847713828086853,1
0.33693069219589233,1
0.3915913701057434,1
0.4272254705429077,1
0.3786567449569702,1
0.37069523334503174,1
0.41864293813705444,1
0.4515969157218933,1
0.4342445731163025,1
0.30759286880493164,1
0.3818250298500061,1
0.4359258711338043,1
0.4439142048358917,1
0.47423702478408813,1
0.4119401276111603,1
0.2947641909122467,1
0.34536242485046387,1
0.43592312932014465,1
0.4049391746520996,1
0.3934197425842285,1
0.45150136947631836,1
0.4125487208366394,1
0.3820679783821106,1
0.5010096430778503,1
0.45145609974861145,1
0.5027479529380798,1
0.3297277092933655,1
0.2920488119125366,1
0.46651822328567505,1
0.23471614718437195,1
0.4704429507255554,1
0.28160810470581055,1
0.41997501254081726,1
0.3564470410346985,1
0.4891718626022339,1
0.2769201397895813,1
0.4229243993759155,1
0.42708224058151245,1
0.36592578887939453,1
0.35645791888237,1
0.3277500867843628,1
0.273206889629364,1
0.4403843879699707,1
0.35656917095184326,1
0.3379039764404297,1
0.4423345923423767,1
0.4179232716560364,1
0.27996960282325745,1
0.378554105758667,1
0.40818384289741516,1
0.32476282119750977,1
0.3724634349346161,1
0.39149391651153564,1
0.44003933668136597,1
0.4151664674282074,1
0.44085633754730225,1
0.40768003463745117,1
0.4266006350517273,1
0.36944615840911865,1
0.4986569881439209,1
0.42459332942962646,1
0.35980114340782166,1
0.3283517062664032,1
0.3385826647281647,1
0.4435179531574249,1
0.5098511576652527,1
0.34948650002479553,1
0.3797922134399414,1
0.4092802405357361,1
0.36386045813560486,1
0.35854393243789673,1
0.30730676651000977,1
0.370955228805542,1
0.3565549850463867,1
0.3841284513473511,1
0.31127554178237915,1
0.3486034870147705,1
0.3417094945907593,1
0.3574957251548767,1
0.3077400326728821,1
0.3610258102416992,1
0.3958154618740082,1
0.3750233054161072,1
0.38433146476745605,1
0.36288461089134216,1
0.42484402656555176,1
0.3458820581436157,1
0.31696420907974243,1
0.5079017877578735,1
0.37985438108444214,1
0.36373215913772583,1
0.4048576056957245,1
0.3887401819229126,1
0.3870951533317566,1
0.3515339493751526,1
0.3755563199520111,1
0.3924192190170288,1
0.5396235585212708,1
0.32117295265197754,1
0.5021743178367615,1
0.3857763111591339,1
0.3654628396034241,1
0.34255489706993103,1
0.42007553577423096,1
0.3040182292461395,1
0.4828885793685913,1
0.4066546559333801,1
0.38728296756744385,1
0.27867573499679565,1
0.35202932357788086,1
0.4218902587890625,1
0.40021592378616333,1
0.5158259868621826,1
0.3731306791305542,1
0.4112813174724579,1
0.3034105598926544,1
0.2345941662788391,1
0.4250136613845825,1
0.41060030460357666,1
0.47425344586372375,1
0.37212270498275757,1
0.34040525555610657,1
0.32242295145988464,1
0.34042030572891235,1
0.36062055826187134,1
0.42762431502342224,1
0.4188391864299774,1
0.3235928416252136,1
0.38514965772628784,1
0.3940262198448181,1
0.40360957384109497,1
0.415860652923584,1
0.37010034918785095,1
0.48077595233917236,1
0.2603108882904053,1
0.34230899810791016,1
0.293322890996933,1
0.39961177110671997,1
0.3781149089336395,1
0.3323783278465271,1
0.2987790107727051,1
0.4085151255130768,1
0.3537593483924866,1
0.448896199464798,1
0.40808841586112976,1
0.27775052189826965,1
0.3703882694244385,1
0.3718976378440857,1
0.31766068935394287,1
0.4069378972053528,1
0.3204078674316406,1
0.4673122763633728,1
0.4539376497268677,1
0.2724877893924713,1
0.3537631034851074,1
0.39978596568107605,1
0.37071487307548523,1
0.37334126234054565,1
0.30495485663414,1
0.4615877866744995,1
0.4001176953315735,1
0.5061455368995667,1
0.3967325985431671,1
0.33504414558410645,1
0.3793920576572418,1
0.458041250705719,1
0.6239728927612305,1
0.3605809211730957,1
0.4516570270061493,1
0.3400871157646179,1
0.32525455951690674,1
0.43094074726104736,1
0.46229273080825806,1
0.34944942593574524,1
0.4272834062576294,1
0.3375872075557709,1
0.5614559650421143,1
0.4573494791984558,1
0.4054608941078186,1
0.35896873474121094,1
0.3100811243057251,1
0.37261712551116943,1
0.25079870223999023,1
0.3587338924407959,1
0.339465856552124,1
0.3585016429424286,1
0.42606282234191895,1
0.4614679217338562,1
0.5935186147689819,1
0.39867234230041504,1
0.35314416885375977,1
0.3424411714076996,1
0.4000788927078247,1
0.34831929206848145,1
0.29944100975990295,1
0.4032941162586212,1
0.4590376615524292,1
0.4022696614265442,1
0.43713608384132385,1
0.32879015803337097,1
0.357954204082489,1
0.3224793076515198,1
0.3757636845111847,1
0.34687069058418274,1
0.3886270523071289,1
0.3347514271736145,1
0.3124687373638153,1
0.40850457549095154,1
0.2731543481349945,1
0.40660572052001953,1
0.41631466150283813,1
0.2939935624599457,1
0.40492671728134155,1
0.3897225558757782,1
0.34230542182922363,1
0.3514087200164795,1
0.3975387215614319,1
0.3672333359718323,1
0.4170302152633667,1
0.469432532787323,1
0.34698426723480225,1
0.4198495149612427,1
0.4477471709251404,1
0.44267186522483826,1
0.3135504722595215,1
0.3800990581512451,1
0.38592249155044556,1
0.3363438844680786,1
0.36766618490219116,1
0.4516868591308594,1
0.36856725811958313,1
0.3346545696258545,1
0.40538379549980164,1
0.3950999975204468,1
0.4382951259613037,1
0.48788055777549744,1
0.3046531677246094,1
0.38856273889541626,1
0.48270943760871887,1
0.449043333530426,1
0.385896772146225,1
0.2785600423812866,1
0.4186664819717407,1
0.5145193934440613,1
0.25331151485443115,1
0.41830235719680786,1
0.3434160351753235,1
0.5361713171005249,1
0.5246312022209167,1
0.29620635509490967,1
0.354358971118927,1
0.31702208518981934,1
0.27699539065361023,1
0.42034947872161865,1
0.32804834842681885,1
0.46427321434020996,1
0.3981606066226959,1
0.3689115047454834,1
0.6107796430587769,1
0.30973201990127563,1
0.26922300457954407,1
0.3932883143424988,1
0.39878183603286743,1
0.39856481552124023,1
0.3732951879501343,1
0.4012960195541382,1
0.32963576912879944,1
0.3581479787826538,1
0.39367422461509705,1
0.35952630639076233,1
0.3852686882019043,1
0.46443015336990356,1
0.4780797064304352,1
0.39316117763519287,1
0.3309529423713684,1
0.5602922439575195,1
0.4358057379722595,1
0.3586655557155609,1
0.36889567971229553,1
0.4896419644355774,1
0.34390321373939514,1
0.36609381437301636,1
0.3820664882659912,1
0.3500264585018158,1
0.42715826630592346,1
0.3456014394760132,1
0.44621285796165466,1
0.37038475275039673,1
0.3586677014827728,1
0.35486268997192383,1
0.5245071649551392,1
0.3127672076225281,1
0.42677995562553406,1
0.40422362089157104,1
0.3910132348537445,1
0.4616202712059021,1
0.26967862248420715,1
0.33471542596817017,1
0.3607291281223297,1
0.324950248003006,1
0.4896853268146515,1
0.43252289295196533,1
0.3604748845100403,1
0.46350252628326416,1
0.34417417645454407,1
0.3342300355434418,1
0.42589884996414185,1
0.2796369194984436,1
0.34155768156051636,1
0.4292892813682556,1
0.3850949704647064,1
0.3640536069869995,1
0.3555259704589844,1
0.37472957372665405,1
0.3106478452682495,1
0.3987913131713867,1
0.3315332233905792,1
0.36937272548675537,1
0.4970235228538513,1
0.34883660078048706,1
0.43861132860183716,1
0.32799506187438965,1
0.3002992272377014,1
0.3568166494369507,1
0.37176427245140076,1
0.3362840712070465,1
0.3621598184108734,1
0.3625149130821228,1
0.30208608508110046,1
0.38278883695602417,1
0.397175133228302,1
0.576977014541626,1
0.36138924956321716,1
0.37981128692626953,1
0.3742486834526062,1
0.36659350991249084,1
0.35032153129577637,1
0.5136300921440125,1
0.23356246948242188,1
0.3896341323852539,1
0.5360690355300903,1
0.350223183631897,1
0.35157904028892517,1
0.29170283675193787,1
0.3946980834007263,1
0.46141567826271057,1
0.31793951988220215,1
0.3676130175590515,1
0.3744926452636719,1
0.3102979362010956,1
0.4335951507091522,1
0.38151705265045166,1
0.3488665819168091,1
0.40463951230049133,1
0.39157193899154663,1
0.4320252537727356,1
0.502650797367096,1
0.3959652781486511,1
0.5186182856559753,1
0.39725935459136963,1
0.3204535245895386,1
0.39041411876678467,1
0.4254394769668579,1
0.37373727560043335,1
0.4778776466846466,1
0.3362519145011902,1
0.3373841345310211,1
0.308849573135376,1
0.3369433283805847,1
0.33513063192367554,1
0.4506170153617859,1
0.3878139853477478,1
0.39604640007019043,1
0.4127766489982605,1
0.36850523948669434,1
0.44194966554641724,1
0.4131944477558136,1
0.3208715617656708,1
0.27525395154953003,1
0.38582611083984375,1
0.43565815687179565,1
0.40104201436042786,1
0.4964650571346283,1
0.3578749895095825,1
0.3803783059120178,1
0.3187962472438812,1
0.46862271428108215,1
0.3645813763141632,1
0.3943372964859009,1
0.3316023647785187,1
0.45669469237327576,1
0.2834005653858185,1
0.38463616371154785,1
0.3295142948627472,1
0.47327035665512085,1
0.361339271068573,1
0.44817715883255005,1
0.4148198366165161,1
0.3831004202365875,1
0.4005575180053711,1
0.37551149725914,1
0.4077799916267395,1
0.3386794328689575,1
0.32764849066734314,1
0.3265412747859955,1
0.3593798875808716,1
0.3071759343147278,1
0.49594664573669434,1
0.20604772865772247,1
0.36909162998199463,1
0.3567986488342285,1
0.3857661187648773,1
0.4210870862007141,1
0.35588395595550537,1
0.3889496326446533,1
0.4000351130962372,1
0.4727418124675751,1
0.38342320919036865,1
0.3190194070339203,1
0.3866029381752014,1
0.3094661831855774,1
0.32163649797439575,1
0.33987393975257874,1
0.34044015407562256,1
0.39022010564804077,1
0.4020223021507263,1
0.3888307809829712,1
0.3210427761077881,1
0.452769011259079,1
0.34405526518821716,1
0.44139063358306885,1
0.34129059314727783,1
0.3645769953727722,1
0.5046448707580566,1
0.33017125725746155,1
0.29357045888900757,1
0.37540024518966675,1
0.35692697763442993,1
0.5143613219261169,1
0.401061087846756,1
0.4759066104888916,1
0.33777984976768494,1
0.29230278730392456,1
0.32272666692733765,1
0.47509288787841797,1
0.371360182762146,1
0.429479718208313,1
0.35854753851890564,1
0.25971683859825134,1
0.3851761221885681,1
0.29868704080581665,1
0.36929190158843994,1
0.36440184712409973,1
0.3459830582141876,1
0.3509054183959961,1
0.4336295425891876,1
0.3580816388130188,1
0.4992062747478485,1
0.47664573788642883,1
0.43774688243865967,1
0.326101690530777,1
0.34525319933891296,1
0.42918503284454346,1
0.3680914044380188,1
0.49905160069465637,1
0.43966782093048096,1
0.2713601887226105,1
0.2600513696670532,1
0.4564981758594513,1
0.3433220386505127,1
0.3649821877479553,1
0.40210676193237305,1
0.4090506434440613,1
0.28542670607566833,1
0.31870782375335693,1
0.4463750720024109,1
0.310150682926178,1
0.30198657512664795,1
0.3288803696632385,1
0.3233256936073303,1
0.367511123418808,1
0.33679264783859253,1
0.4707905054092407,1
0.22096048295497894,1
0.26255002617836,1
0.36996760964393616,1
0.40588539838790894,1
0.35715818405151367,1
0.40488511323928833,1
0.3704277575016022,1
0.4133225381374359,1
0.3557848334312439,1
0.337918221950531,1
0.32517531514167786,1
0.4590635597705841,1
0.3505658805370331,1
0.3693060874938965,1
0.4384568929672241,1
0.4776644706726074,1
0.3596668243408203,1
0.38208046555519104,1
0.4026973247528076,1
0.3246575593948364,1
0.41995495557785034,1
0.4339658319950104,1
0.5028806924819946,1
0.415898859500885,1
0.5363205075263977,1
0.3239304721355438,1
0.37072181701660156,1
0.37287068367004395,1
0.3864172697067261,1
0.4033506214618683,1
0.4362546503543854,1
0.3627406358718872,1
0.3316079378128052,1
0.38053053617477417,1
0.3497527539730072,1
0.4428929090499878,1
0.46008992195129395,1
0.4569457769393921,1
0.44598084688186646,1
0.36023712158203125,1
0.36484527587890625,1
0.3756241500377655,1
0.3965058922767639,1
0.5110461711883545,1
0.3231945037841797,1
0.3577014207839966,1
0.4183619022369385,1
0.4274787902832031,1
0.4494227468967438,1
0.40043309330940247,1
0.3341042399406433,1
0.44820353388786316,1
0.37941300868988037,1
0.3722507953643799,1
0.381233811378479,1
0.45278090238571167,1
0.40477311611175537,1
0.3961673378944397,1
0.3457736372947693,1
0.35351502895355225,1
0.2805417478084564,1
0.3888208866119385,1
0.3718905448913574,1
0.3911663591861725,1
0.4791423976421356,1
0.4838274121284485,1
0.44873106479644775,1
0.3154672682285309,1
0.3709454834461212,1
0.37056785821914673,1
0.3191249966621399,1
0.346523642539978,1
0.30995529890060425,1
0.42377418279647827,1
0.35457825660705566,1
0.45655500888824463,1
0.3230915069580078,1
0.4301622211933136,1
0.4421287775039673,1
0.33035847544670105,1
0.32814374566078186,1
0.46871712803840637,1
0.47509151697158813,1
0.33415359258651733,1
0.38098764419555664,1
0.3967795968055725,1
0.3095557391643524,1
0.45381444692611694,1
0.31781119108200073,1
0.23098258674144745,1
0.3642721176147461,1
0.3220357894897461,1
0.30599039793014526,1
0.4152876138687134,1
0.37986183166503906,1
0.3607935309410095,1
0.3214884102344513,1
0.34135162830352783,1
0.40842825174331665,1
0.38427138328552246,1
0.3682774603366852,1
0.40672677755355835,1
0.3149583041667938,1
0.3237549662590027,1
0.341047465801239,1
0.4097399115562439,1
0.31777429580688477,1
0.40569257736206055,1
0.3567468822002411,1
0.4077455401420593,1
0.5155296325683594,1
0.32658353447914124,1
0.47119140625,1
0.33041325211524963,1
0.3604862093925476,1
0.47319546341896057,1
0.3684878647327423,1
0.35635900497436523,1
0.4531605839729309,1
0.32876861095428467,1
0.32909438014030457,1
0.3580847680568695,1
0.3990062177181244,1
0.3322272300720215,1
0.34117642045021057,1
0.3493037521839142,1
0.34426844120025635,1
0.3610730469226837,1
0.4023721218109131,1
0.3427468538284302,1
0.46626970171928406,1
0.37654516100883484,1
0.3866806626319885,1
0.42115169763565063,1
0.35307595133781433,1
0.4186331331729889,1
0.46607938408851624,1
0.42891135811805725,1
0.3490907549858093,1
0.4666343331336975,1
0.38841408491134644,1
0.43054819107055664,1
0.5735607147216797,1
0.362375944852829,1
0.43963709473609924,1
0.4630516767501831,1
0.521872878074646,1
0.47896283864974976,1
0.3563997745513916,1
0.36283788084983826,1
0.41842055320739746,1
0.4207792282104492,1
0.31805241107940674,1
0.4713742136955261,1
0.41632527112960815,1
0.5117504596710205,1
0.31614571809768677,1
0.4306178092956543,1
0.37312668561935425,1
0.3450365662574768,1
0.39558640122413635,1
0.3992491364479065,1
0.4109698534011841,1
0.3507190942764282,1
0.4266226291656494,1
0.3283524513244629,1
0.41906532645225525,1
0.4059840738773346,1
0.29838281869888306,1
0.45324990153312683,1
0.30525580048561096,1
0.4066760241985321,1
0.38487058877944946,1
0.32716912031173706,1
0.4516952931880951,1
0.3680773973464966,1
0.32867300510406494,1
0.3581838011741638,1
0.49674081802368164,1
0.4460079073905945,1
0.33592915534973145,1
0.40915587544441223,1
0.3385411500930786,1
0.40355223417282104,1
0.29415664076805115,1
0.3735485374927521,1
0.4752279222011566,1
0.3458220362663269,1
0.4781269133090973,1
0.422321617603302,1
0.40542230010032654,1
0.5222601890563965,1
0.3904881477355957,1
0.42395418882369995,1
0.5383163690567017,1
0.40778422355651855,1
0.3619571626186371,1
0.36947280168533325,1
0.36977601051330566,1
0.29384952783584595,1
0.30008411407470703,1
0.42803600430488586,1
0.3790373206138611,1
0.39238280057907104,1
0.3859507441520691,1
0.3822501301765442,1
0.4098840355873108,1
0.3321426510810852,1
0.3261675238609314,1
0.33133721351623535,1
0.3677792549133301,1
0.3464440703392029,1
0.38383373618125916,1
0.3995280861854553,1
0.2918715178966522,1
0.44915735721588135,1
0.3441818356513977,1
0.42197442054748535,1
0.319514662027359,1
0.37387582659721375,1
0.24994811415672302,1
0.32264232635498047,1
0.4621683955192566,1
0.279270738363266,1
0.4254313111305237,1
0.44968584179878235,1
0.4150753617286682,1
0.467324435710907,1
0.3264719843864441,1
0.5747227668762207,1
0.4036702513694763,1
0.34919095039367676,1
0.40980491042137146,1
0.44371432065963745,1
0.4059252142906189,1
0.3648015260696411,1
0.48576200008392334,1
0.30871284008026123,1
0.3557635247707367,1
0.48099851608276367,1
0.4269825220108032,1
0.3383813202381134,1
0.4276990294456482,1
0.5276003479957581,1
0.3596687316894531,1
0.43806594610214233,1
0.4035584330558777,1
0.4276013672351837,1
0.4595763385295868,1
0.4422500431537628,1
0.4245107173919678,1
0.3228444755077362,1
0.37563809752464294,1
0.35546568036079407,1
0.5109277963638306,1
0.34637385606765747,1
0.30822819471359253,1
0.4261215329170227,1
0.4810366630554199,1
0.3158987760543823,1
0.3986733555793762,1
0.35585829615592957,1
0.3184807598590851,1
0.36356639862060547,1
0.3130428194999695,1
0.3205111026763916,1
0.27880603075027466,1
0.34020745754241943,1
0.4771430194377899,1
0.41448158025741577,1
0.46752288937568665,1
0.4563264548778534,1
0.4065256118774414,1
0.4856112003326416,1
0.409556120634079,1
0.47542262077331543,1
0.4713898301124573,1
0.39241981506347656,1
0.41916555166244507,1
0.3767479956150055,1
0.36346763372421265,1
0.36938878893852234,1
0.2716394066810608,1
0.5014874339103699,1
0.42742258310317993,1
0.49712544679641724,1
0.25818005204200745,1
0.5160609483718872,1
0.3663545250892639,1
0.34068477153778076,1
0.3483193814754486,1
0.4426073133945465,1
0.29506590962409973,1
0.3062843084335327,1
0.3648378551006317,1
0.4133598506450653,1
0.35710203647613525,1
0.3417585492134094,1
0.5287333130836487,1
0.49084293842315674,1
0.39699846506118774,1
0.34282970428466797,1
0.3924371004104614,1
0.4385521113872528,1
0.4403288960456848,1
0.33390066027641296,1
0.49830394983291626,1
0.3148672580718994,1
0.31416773796081543,1
0.3583490252494812,1
0.35141170024871826,1
0.4431400001049042,1
0.41974300146102905,1
0.41059303283691406,1
0.38095539808273315,1
0.3567597568035126,1
0.47558826208114624,1
0.4045022428035736,1
0.4481661021709442,1
0.4752654433250427,1
0.4205324947834015,1
0.3157956302165985,1
0.40260863304138184,1
0.4467288851737976,1
0.3359317183494568,1
0.3828955292701721,1
0.337532639503479,1
0.43181079626083374,1
0.3871275782585144,1
0.3797360062599182,1
0.39508122205734253,1
0.42328760027885437,1
0.3626212775707245,1
0.5007457733154297,1
0.40802323818206787,1
0.4172654449939728,1
0.4144400358200073,1
0.3974793553352356,1
0.3655305504798889,1
0.394287645816803,1
0.47728440165519714,1
0.4123959243297577,1
0.3715125620365143,1
0.35104596614837646,1
0.2872525155544281,1
0.30511918663978577,1
0.3842977285385132,1
0.3535366952419281,1
0.3660416901111603,1
0.3453723192214966,1
0.40289005637168884,1
0.3186522126197815,1
0.41253456473350525,1
0.4162275195121765,1
0.429343581199646,1
0.4240240454673767,1
0.391134649515152,1
0.384258508682251,1
0.3167167603969574,1
0.3647524118423462,1
0.3556114435195923,1
0.40426692366600037,1
0.3535333275794983,1
0.4925404489040375,1
0.2960090637207031,1
0.3724778890609741,1
0.34501343965530396,1
0.3846161663532257,1
0.44190871715545654,1
0.3656613826751709,1
0.3338293433189392,1
0.31177717447280884,1
0.415289044380188,1
0.2633326053619385,1
0.35200589895248413,1
0.4468541145324707,1
0.3981420695781708,1
0.3318275809288025,1
0.3818342685699463,1
0.32095927000045776,1
0.3577515482902527,1
0.35003840923309326,1
0.3762303590774536,1
0.48347577452659607,1
0.3130587041378021,1
0.4315243661403656,1
0.36888712644577026,1
0.3557475805282593,1
0.38833558559417725,1
0.34447115659713745,1
0.3130854666233063,1
0.37167179584503174,1
0.3946658670902252,1
0.3253450095653534,1
0.4214302599430084,1
0.33943864703178406,1
0.35542750358581543,1
0.38213521242141724,1
0.4365847408771515,1
0.48408690094947815,1
0.3892182409763336,1
0.3790621757507324,1
0.4054624140262604,1
0.4378351867198944,1
0.3943343162536621,1
0.34564632177352905,1
0.3749813437461853,1
0.37011706829071045,1
0.34445300698280334,1
0.4458680748939514,1
0.3211142122745514,1
0.3393668532371521,1
0.3883628845214844,1
0.33487558364868164,1
0.4642936587333679,1
0.30078721046447754,1
0.4170922636985779,1
0.3678644299507141,1
0.3916643261909485,1
0.4614826440811157,1
0.3817097246646881,1
0.3517393469810486,1
0.4082794487476349,1
0.43465349078178406,1
0.38859784603118896,1
0.36945176124572754,1
0.448874294757843,1
0.46640509366989136,1
0.41022878885269165,1
0.41040945053100586,1
0.3936808705329895,1
0.4329444169998169,1
0.4850083291530609,1
0.38468968868255615,1
0.43152517080307007,1
0.3816813826560974,1
0.3867967426776886,1
0.29931727051734924,1
0.37358856201171875,1
0.37636125087738037,1
0.34369897842407227,1
0.44180604815483093,1
0.4341262876987457,1
0.36519768834114075,1
0.4189745783805847,1
0.39674216508865356,1
0.31652212142944336,1
0.3047219514846802,1
0.4500609338283539,1
0.35510218143463135,1
0.34245243668556213,1
0.38369059562683105,1
0.43727418780326843,1
0.41038262844085693,1
0.3070303201675415,1
0.38198333978652954,1
0.4008866250514984,1
0.4335215091705322,1
0.30902546644210815,1
0.3975675702095032,1
0.39155760407447815,1
0.34602606296539307,1
0.4288974702358246,1
0.4244898855686188,1
0.3743398189544678,1
0.35707616806030273,1
0.3588743805885315,1
0.4220045804977417,1
0.5213392376899719,1
0.4088611602783203,1
0.2855451703071594,1
0.42986172437667847,1
0.3775836229324341,1
0.38028013706207275,1
0.23788563907146454,1
0.33886730670928955,1
0.36750149726867676,1
0.4432935118675232,1
0.37981337308883667,1
0.4424365758895874,1
0.37556207180023193,1
0.43301814794540405,1
0.3204736113548279,1
0.5159527659416199,1
0.359017014503479,1
0.31707441806793213,1
0.44478440284729004,1
0.39573800563812256,1
0.4862687587738037,1
0.3681962788105011,1
0.33685290813446045,1
0.49261581897735596,1
0.30128318071365356,1
0.32389119267463684,1
0.38958555459976196,1
0.3602953553199768,1
0.3881334662437439,1
0.33338478207588196,1
0.34105783700942993,1
0.4021557867527008,1
0.48123878240585327,1
0.481155663728714,1
0.3888457417488098,1
0.4486328065395355,1
0.4152619540691376,1
0.32947954535484314,1
0.4664599895477295,1
0.3269129991531372,1
0.41887569427490234,1
0.3896341323852539,1
0.3654705584049225,1
0.30986160039901733,1
0.3817148208618164,1
0.3983650207519531,1
0.3725084066390991,1
0.3126221299171448,1
0.38317400217056274,1
0.6748430728912354,1
0.3700222969055176,1
0.3761652112007141,1
0.4440745413303375,1
0.4024791121482849,1
0.4846544861793518,1
0.4758616089820862,1
0.44999977946281433,1
0.3211827278137207,1
0.47597867250442505,1
0.3414064645767212,1
0.3971909284591675,1
0.4635573625564575,1
0.41660234332084656,1
0.3608154058456421,1
0.4574810266494751,1
0.49217355251312256,1
0.4396997094154358,1
0.3014063239097595,1
0.39523065090179443,1
0.49747613072395325,1
0.4186055660247803,1
0.31065815687179565,1
0.3796381652355194,1
0.330249547958374,1
0.3359912931919098,1
0.3237265944480896,1
0.4465160369873047,1
0.3750375509262085,1
0.2689056396484375,1
0.34917742013931274,1
0.46452781558036804,1
0.4162404537200928,1
0.28877973556518555,1
0.3831261396408081,1
0.33939000964164734,1
0.34675756096839905,1
0.33195066452026367,1
0.3666505217552185,1
0.5279232263565063,1
0.3442966043949127,1
0.42720144987106323,1
0.4412783086299896,1
0.30420026183128357,1
0.3908845782279968,1
0.4321441352367401,1
0.4177604615688324,1
0.43501877784729004,1
0.27826106548309326,1
0.3915303349494934,1
0.4728511869907379,1
0.40282782912254333,1
0.45351552963256836,1
0.38321107625961304,1
0.35717713832855225,1
0.41392433643341064,1
0.4554952383041382,1
0.38712185621261597,1
0.34448012709617615,1
0.42631691694259644,1
0.43262940645217896,1
0.43513625860214233,1
0.3172476291656494,1
0.3471498191356659,1
0.33481794595718384,1
0.4716440439224243,1
0.39706340432167053,1
0.45668888092041016,1
0.41814732551574707,1
0.37543606758117676,1
0.45681238174438477,1
0.29650288820266724,1
0.31598687171936035,1
0.41802743077278137,1
0.38326287269592285,1
0.36426955461502075,1
0.34892886877059937,1
0.4459533989429474,1
0.39864158630371094,1
0.37852704524993896,1
0.36720389127731323,1
0.4343961179256439,1
0.42922118306159973,1
0.3589416742324829,1
0.37692612409591675,1
0.41181114315986633,1
0.27031630277633667,1
0.32518965005874634,1
0.2846035361289978,1
0.42175525426864624,1
0.30618584156036377,1
0.2549247145652771,1
0.3779703378677368,1
0.342501699924469,1
0.404063880443573,1
0.48002517223358154,1
0.3678344488143921,1
0.328792929649353,1
0.40169063210487366,1
0.2553372383117676,1
0.36879709362983704,1
0.3359588086605072,1
0.3473222255706787,1
0.3800758719444275,1
0.3219987750053406,1
0.5241171717643738,1
0.3806411921977997,1
0.5235170125961304,1
0.3042253851890564,1
0.39197584986686707,1
0.4000587463378906,1
0.25616446137428284,1
0.34821340441703796,1
0.40425658226013184,1
0.34607893228530884,1
0.40105098485946655,1
0.46237215399742126,1
0.46543529629707336,1
0.442135214805603,1
0.45373398065567017,1
0.4164363145828247,1
0.30729585886001587,1
0.37280237674713135,1
0.35282576084136963,1
0.3932344913482666,1
0.42037540674209595,1
0.4436943531036377,1
0.4815634787082672,1
0.34176260232925415,1
0.3603951334953308,1
0.40834498405456543,1
0.39423632621765137,1
0.2716296911239624,1
0.2617076635360718,1
0.42042022943496704,1
0.5186416506767273,1
0.3058812916278839,1
0.26304346323013306,1
0.3847428858280182,1
0.44271668791770935,1
0.36365795135498047,1
0.3582644760608673,1
0.3627685010433197,1
0.3017224073410034,1
0.4652414619922638,1
0.36581337451934814,1
0.3567647337913513,1
0.4608008563518524,1
0.41028109192848206,1
0.39388614892959595,1
0.3474712371826172,1
0.4399450719356537,1
0.518170952796936,1
0.34506452083587646,1
0.5744888186454773,1
0.3678734600543976,1
0.5454237461090088,1
0.32052814960479736,1
0.3760342597961426,1
0.40738964080810547,1
0.30683401226997375,1
0.4260181784629822,1
0.28416988253593445,1
0.3075006306171417,1
0.2408788651227951,1
0.34886854887008667,1
0.3802323341369629,1
0.5264199376106262,1
0.4075343906879425,1
0.45066630840301514,1
0.589285671710968,1
0.34022805094718933,1
0.4432545304298401,1
0.41085973381996155,1
0.337648868560791,1
0.30889269709587097,1
0.353309690952301,1
0.3793197274208069,1
0.32285720109939575,1
0.3258206844329834,1
0.47912395000457764,1
0.37958502769470215,1
0.4269629716873169,1
0.3930823802947998,1
0.3382146954536438,1
0.31662583351135254,1
0.43068674206733704,1
0.40886369347572327,1
0.38920676708221436,1
0.40629446506500244,1
0.32159942388534546,1
0.35666200518608093,1
0.28993237018585205,1
0.40585535764694214,1
0.42740362882614136,1
0.3096103072166443,1
0.3640654385089874,1
0.35014089941978455,1
0.38025254011154175,1
0.36174333095550537,1
0.33744016289711,1
0.414196252822876,1
0.4629034399986267,1
0.4359239339828491,1
0.36756762862205505,1
0.42525559663772583,1
0.4156392812728882,1
0.4824824929237366,1
0.2134028971195221,1
0.35636281967163086,1
0.45239514112472534,1
0.4566664695739746,1
0.4657765030860901,1
0.2604081630706787,1
0.3078334629535675,1
0.43605929613113403,1
0.4206039309501648,1
0.377026230096817,1
0.4237985908985138,1
0.37492167949676514,1
0.35631459951400757,1
0.49496549367904663,1
0.3032953143119812,1
0.3742240071296692,1
0.38321295380592346,1
0.4209190309047699,1
0.4878658056259155,1
0.3935413658618927,1
0.4123533368110657,1
0.4779531955718994,1
0.42884474992752075,1
0.34855470061302185,1
0.3820676803588867,1
0.3776622712612152,1
0.3202410340309143,1
0.36963769793510437,1
0.37771695852279663,1
0.3774452805519104,1
0.3743971288204193,1
0.23915275931358337,1
0.4246322810649872,1
0.3959256112575531,1
0.4284035861492157,1
0.3636302351951599,1
0.4087003469467163,1
0.38996249437332153,1
0.3858211636543274,1
0.3340955972671509,1
0.40419626235961914,1
0.3342205882072449,1
0.5178967714309692,1
0.37448352575302124,1
0.4264562129974365,1
0.37315961718559265,1
0.41503793001174927,1
0.542779803276062,1
0.3499273657798767,1
0.33652031421661377,1
0.45023730397224426,1
0.3878001272678375,1
0.3889752924442291,1
0.3900143504142761,1
0.4288254678249359,1
0.3390249013900757,1
0.4608139395713806,1
0.47935640811920166,1
0.4383223354816437,1
0.36514541506767273,1
0.4024099111557007,1
0.40436530113220215,1
0.4110468626022339,1
0.31819966435432434,1
0.38972631096839905,1
0.385244220495224,1
0.35465264320373535,1
0.41216832399368286,1
0.36253926157951355,1
0.3609119653701782,1
0.360248863697052,1
0.40604984760284424,1
0.3779354989528656,1
0.24991804361343384,1
0.5106054544448853,1
0.3860948085784912,1
0.45306140184402466,1
0.4391114115715027,1
0.29554271697998047,1
0.37765219807624817,1
0.4506042003631592,1
0.4891090393066406,1
0.33494287729263306,1
0.5450507402420044,1
0.45156216621398926,1
0.3152081370353699,1
0.3768806755542755,1
0.32568076252937317,1
0.39693543314933777,1
0.38325196504592896,1
0.47376549243927,1
0.3528984785079956,1
0.5047358274459839,1
0.3722072243690491,1
0.4620792269706726,1
0.3424692451953888,1
0.38369765877723694,1
0.2758023738861084,1
0.3562239110469818,1
0.40670934319496155,1
0.3185744881629944,1
0.29064610600471497,1
0.3979673683643341,1
0.44608962535858154,1
0.25668829679489136,1
0.39695343375205994,1
0.37340134382247925,1
0.29759567975997925,1
0.40302762389183044,1
0.38030630350112915,1
0.3307356834411621,1
0.4065830111503601,1
0.4481012523174286,1
0.3680189847946167,1
0.3568086624145508,1
0.47565847635269165,1
0.3503790497779846,1
0.30291426181793213,1
0.4136812090873718,1
0.4121432304382324,1
0.3710906505584717,1
0.3116222321987152,1
0.42706701159477234,1
0.4879080653190613,1
0.3648549020290375,1
0.31685304641723633,1
0.417508602142334,1
0.3070407509803772,1
0.29056277871131897,1
0.3589652478694916,1
0.40118110179901123,1
0.4082666337490082,1
0.3285332918167114,1
0.4491928815841675,1
0.3356001377105713,1
0.2328622043132782,1
0.2540060877799988,1
0.3205481469631195,1
0.402729868888855,1
0.38815921545028687,1
0.3427928686141968,1
0.32022202014923096,1
0.40037089586257935,1
0.4003196954727173,1
0.27826038002967834,1
0.366970419883728,1
0.3479211926460266,1
0.40723901987075806,1
0.42507249116897583,1
0.35988038778305054,1
0.3893226981163025,1
0.34400883316993713,1
0.43006229400634766,1
0.32102125883102417,1
0.3982047140598297,1
0.3964075446128845,1
0.39757341146469116,1
0.44066694378852844,1
0.5482380986213684,1
0.4465296268463135,1
0.3914870023727417,1
0.4683016538619995,1
0.3084048926830292,1
0.37511730194091797,1
0.493080198764801,1
0.38823071122169495,1
0.49350273609161377,1
0.487562358379364,1
0.35236790776252747,1
0.3174017071723938,1
0.32340049743652344,1
0.36269843578338623,1
0.32963716983795166,1
0.3841240406036377,1
0.28317755460739136,1
0.43644028902053833,1
0.31695646047592163,1
0.3043825626373291,1
0.2885899543762207,1
0.4305819869041443,1
0.3202049732208252,1
0.4054506719112396,1
0.4180353879928589,1
0.40503615140914917,1
0.41712793707847595,1
0.3727920353412628,1
0.37580406665802,1
0.3591548502445221,1
0.4520200490951538,1
0.3667643368244171,1
0.49481433629989624,1
0.47614556550979614,1
0.4638616144657135,1
0.3222188949584961,1
0.4280911386013031,1
0.447449266910553,1
0.41044101119041443,1
0.5166553854942322,1
0.4595676064491272,1
0.27857300639152527,1
0.4598875343799591,1
0.44159814715385437,1
0.3459402918815613,1
0.35539430379867554,1
0.3828003406524658,1
0.3786545693874359,1
0.41831812262535095,1
0.388263076543808,1
0.4088081419467926,1
0.2803537845611572,1
0.44025808572769165,1
0.3981335163116455,1
0.4652574062347412,1
0.4875015616416931,1
0.3863196074962616,1
0.3402179479598999,1
0.28862035274505615,1
0.3560265898704529,1
0.3464474081993103,1
0.37053194642066956,1
0.5397969484329224,1
0.43628668785095215,1
0.5480040311813354,1
0.4720538556575775,1
0.42752230167388916,1
0.38198089599609375,1
0.27112048864364624,1
0.45800748467445374,1
0.5180536508560181,1
0.34415557980537415,1
0.38585132360458374,1
0.3013002276420593,1
0.3272937536239624,1
0.3939284086227417,1
0.3616512715816498,1
0.38261935114860535,1
0.3917977213859558,1
0.49635571241378784,1
0.4202505052089691,1
0.4212721288204193,1
0.47084784507751465,1
0.445309042930603,1
0.4206621050834656,1
0.26426053047180176,1
0.4503017067909241,1
0.4240909516811371,1
0.441058486700058,1
0.3751824200153351,1
0.2784910798072815,1
0.32312530279159546,1
0.38204988837242126,1
0.4090052843093872,1
0.4410446286201477,1
0.41143763065338135,1
0.5002325773239136,1
0.429315984249115,1
0.3610444962978363,1
0.4437124729156494,1
0.3938238024711609,1
0.3315820097923279,1
0.3800596594810486,1
0.446022629737854,1
0.447370707988739,1
0.3794245719909668,1
0.31642553210258484,1
0.4199971854686737,1
0.3345598578453064,1
0.34774351119995117,1
0.4144135117530823,1
0.382000595331192,1
0.439629465341568,1
0.4861813187599182,1
0.3692014813423157,1
0.40309616923332214,1
0.3059556186199188,1
0.48834729194641113,1
0.45708587765693665,1
0.385723352432251,1
0.39771366119384766,1
0.39993220567703247,1
0.33781152963638306,1
0.3220869302749634,1
0.419869065284729,1
0.4032464325428009,1
0.3146098256111145,1
0.3102460503578186,1
0.4246082603931427,1
0.5068581700325012,1
0.48271313309669495,1
0.3158249855041504,1
0.3523935377597809,1
0.4012291133403778,1
0.5535180568695068,1
0.477809339761734,1
0.3730555474758148,1
0.3400631546974182,1
0.2992187738418579,1
0.2811880111694336,1
0.4775228500366211,1
0.4545332193374634,1
0.33362945914268494,1
0.3635956943035126,1
0.36933764815330505,1
0.40658384561538696,1
0.33591824769973755,1
0.34507468342781067,1
0.3764232397079468,1
0.3407595753669739,1
0.2637767195701599,1
0.34750351309776306,1
0.39529043436050415,1
0.3503178656101227,1
0.5085843205451965,1
0.3464793264865875,1
0.36573171615600586,1
0.43624985218048096,1
0.34578937292099,1
0.42842331528663635,1
0.34897536039352417,1
0.4752572476863861,1
0.40303656458854675,1
0.5313577651977539,1
0.35289183259010315,1
0.4713068902492523,1
0.3335607051849365,1
0.33785077929496765,1
0.28328782320022583,1
0.28632721304893494,1
0.3384985327720642,1
0.34091949462890625,1
0.40645796060562134,1
0.4087772071361542,1
0.4748995304107666,1
0.37860074639320374,1
0.2884340286254883,1
0.28606748580932617,1
0.4012376666069031,1
0.49606525897979736,1
0.46006613969802856,1
0.30083560943603516,1
0.37984907627105713,1
0.2793288826942444,1
0.3838828504085541,1
0.4678933024406433,1
0.4336434006690979,1
0.34100496768951416,1
0.3505724370479584,1
0.4363519549369812,1
0.39424383640289307,1
0.38874298334121704,1
0.40691646933555603,1
0.48320943117141724,1
0.43387365341186523,1
0.409013569355011,1
0.2869194746017456,1
0.4140620529651642,1
0.33927950263023376,1
0.354336142539978,1
0.46771445870399475,1
0.34862563014030457,1
0.3891143798828125,1
0.38565218448638916,1
0.3373987078666687,1
0.39708593487739563,1
0.42377859354019165,1
0.33587348461151123,1
0.2985152006149292,1
0.36903512477874756,1
0.4062534272670746,1
0.320065438747406,1
0.3528435230255127,1
0.43663841485977173,1
0.3360517919063568,1
0.5002710819244385,1
0.2738201916217804,1
0.3621782660484314,1
0.4766174554824829,1
0.3156609535217285,1
0.31570518016815186,1
0.363597571849823,1
0.45309311151504517,1
0.5249850749969482,1
0.39657285809516907,1
0.3822663128376007,1
0.36004090309143066,1
0.4570133090019226,1
0.32736021280288696,1
0.3168458342552185,1
0.4128500521183014,1
0.48263368010520935,1
0.3681384027004242,1
0.4717174172401428,1
0.35144439339637756,1
0.26939260959625244,1
0.3616684377193451,1
0.41932687163352966,1
0.3486310839653015,1
0.3588840961456299,1
0.39123597741127014,1
0.30048668384552,1
0.39792531728744507,1
0.3992827534675598,1
0.327150821685791,1
0.42307960987091064,1
0.34239184856414795,1
0.5277237892150879,1
0.4779829978942871,1
0.3494997024536133,1
0.43488609790802,1
0.3285016119480133,1
0.3799569606781006,1
0.3017010986804962,1
0.3955439627170563,1
0.44011190533638,1
0.5408977270126343,1
0.3830937147140503,1
0.38094741106033325,1
0.3010801076889038,1
0.5159087181091309,1
0.43184757232666016,1
0.4460935592651367,1
0.38561275601387024,1
0.4134610891342163,1
0.37050074338912964,1
0.5141381025314331,1
0.3150205612182617,1
0.33078598976135254,1
0.2880990505218506,1
0.42877671122550964,1
0.4802931249141693,1
0.38034534454345703,1
0.3586351275444031,1
0.3836181163787842,1
0.4518694579601288,1
0.3606526851654053,1
0.4090960621833801,1
0.3431035578250885,1
0.3320409059524536,1
0.5046951174736023,1
0.4194982051849365,1
0.380278080701828,1
0.44804587960243225,1
0.30047300457954407,1
0.2960171699523926,1
0.4808996021747589,1
0.3683120906352997,1
0.3087788224220276,1
0.3550606369972229,1
0.4281315207481384,1
0.4282829165458679,1
0.36873817443847656,1
0.3294925093650818,1
0.448689341545105,1
0.2939455509185791,1
0.3901628851890564,1
0.27470242977142334,1
0.2677302658557892,1
0.332111656665802,1
0.3995281457901001,1
0.4012579917907715,1
0.4402216970920563,1
0.4658430814743042,1
0.4776694178581238,1
0.3564155399799347,1
0.5121801495552063,1
0.3588234484195709,1
0.31798240542411804,1
0.3203219473361969,1
0.38436159491539,1
0.42757660150527954,1
0.40778762102127075,1
0.4497773349285126,1
0.401998907327652,1
0.4498474895954132,1
0.44280824065208435,1
0.3901025056838989,1
0.35512763261795044,1
0.3484553396701813,1
0.5282080769538879,1
0.2839774489402771,1
0.31250789761543274,1
0.507684051990509,1
0.27398473024368286,1
0.408363401889801,1
0.357352077960968,1
0.3753332197666168,1
0.37098777294158936,1
0.36329275369644165,1
0.38937461376190186,1
0.3638412356376648,1
0.2777293920516968,1
0.4137006402015686,1
0.4700760245323181,1
0.4295157790184021,1
0.557338535785675,1
0.4080447554588318,1
0.40259402990341187,1
0.3431222438812256,1
0.37211376428604126,1
0.3684215843677521,1
0.35372239351272583,1
0.4007382094860077,1
0.490400105714798,1
0.37281960248947144,1
0.43817389011383057,1
0.3573415279388428,1
0.42665743827819824,1
0.39867526292800903,1
0.5459771156311035,1
0.41555264592170715,1
0.428873211145401,1
0.38018643856048584,1
0.3400895297527313,1
0.34565043449401855,1
0.4237881302833557,1
0.44739460945129395,1
0.3836384415626526,1
0.37968766689300537,1
0.31313490867614746,1
0.3732958734035492,1
0.4854060411453247,1
0.40654683113098145,1
0.48426076769828796,1
0.41716018319129944,1
0.42650458216667175,1
0.5046090483665466,1
0.42396676540374756,1
0.42834579944610596,1
0.4468950033187866,1
0.4012261629104614,1
0.32105541229248047,1
0.3114362955093384,1
0.3386864960193634,1
0.2938823997974396,1
0.5297513604164124,1
0.3900125324726105,1
0.492016077041626,1
0.30027732253074646,1
0.3210183382034302,1
0.4794270992279053,1
0.411355197429657,1
0.39664435386657715,1
0.37318429350852966,1
0.4715641140937805,1
0.4663614332675934,1
0.3388424813747406,1
0.3624986410140991,1
0.37650150060653687,1
0.3714876174926758,1
0.48045796155929565,1
0.388464093208313,1
0.41710206866264343,1
0.41127368807792664,1
0.3915657699108124,1
0.3714935779571533,1
0.2997208833694458,1
0.34567755460739136,1
0.3547108769416809,1
0.3944321870803833,1
0.45718914270401,1
0.3484829068183899,1
0.28800642490386963,1
0.3993321657180786,1
0.38258907198905945,1
0.4507790803909302,1
0.3417742848396301,1
0.3168525695800781,1
0.3519126772880554,1
0.30375540256500244,1
0.33612149953842163,1
0.34009280800819397,1
0.30297189950942993,1
0.31824690103530884,1
0.4305959939956665,1
0.38509681820869446,1
0.38394251465797424,1
0.3907264471054077,1
0.41767141222953796,1
0.4259493350982666,1
0.3460760712623596,1
0.43345728516578674,1
0.4127034544944763,1
0.3832396864891052,1
0.3686927556991577,1
0.31109359860420227,1
0.3454396724700928,1
0.42812949419021606,1
0.5103362798690796,1
0.3685028851032257,1
0.45966392755508423,1
0.3753531873226166,1
0.3900676965713501,1
0.43604493141174316,1
0.3549921214580536,1
0.44139227271080017,1
0.3534216582775116,1
0.42103487253189087,1
0.3776400685310364,1
0.4308317303657532,1
0.3803286850452423,1
0.465340793132782,1
0.3884181082248688,1
0.5048560500144958,1
0.427851140499115,1
0.3250044286251068,1
0.43704164028167725,1
0.4779576063156128,1
0.3843648135662079,1
0.4397546648979187,1
0.45900675654411316,1
0.4006653428077698,1
0.3849610686302185,1
0.36829572916030884,1
0.3261990547180176,1
0.4212668836116791,1
0.2827991247177124,1
0.35098525881767273,1
0.37927231192588806,1
0.37479063868522644,1
0.4668577015399933,1
0.36603599786758423,1
0.40813958644866943,1
0.2885225713253021,1
0.44523218274116516,1
0.3346993327140808,1
0.44672679901123047,1
0.47487977147102356,1
0.33269235491752625,1
0.45458924770355225,1
0.3914586901664734,1
0.40519171953201294,1
0.2996278405189514,1
0.43653392791748047,1
0.504838764667511,1
0.41531050205230713,1
0.31935325264930725,1
0.33557963371276855,1
0.3798692226409912,1
0.5602119565010071,1
0.37761130928993225,1
0.3665503263473511,1
0.4270949959754944,1
0.32360172271728516,1
0.3571222722530365,1
0.40690669417381287,1
0.4315473437309265,1
0.4536164402961731,1
0.4251532554626465,1
0.45828256011009216,1
0.4254336357116699,1
0.4513114094734192,1
0.42630431056022644,1
0.40073326230049133,1
0.3907935321331024,1
0.4062357544898987,1
0.4216180443763733,1
0.33318421244621277,1
0.34828636050224304,1
0.4391931891441345,1
0.3032510280609131,1
0.4187864065170288,1
0.38607892394065857,1
0.4025633633136749,1
0.3581400513648987,1
0.3958514928817749,1
0.2944026291370392,1
0.41002702713012695,1
0.4323703646659851,1
0.49940407276153564,1
0.37362897396087646,1
0.3496319651603699,1
0.3467918038368225,1
0.4538341164588928,1
0.43423253297805786,1
0.3735421299934387,1
0.37946024537086487,1
0.32568007707595825,1
0.3865458071231842,1
0.3347708582878113,1
0.4233161509037018,1
0.33869168162345886,1
0.4340977966785431,1
0.37174707651138306,1
0.38001471757888794,1
0.4374580383300781,1
0.3436252176761627,1
0.3189365267753601,1
0.3865971565246582,1
0.38073983788490295,1
0.37880730628967285,1
0.45411109924316406,1
0.2969457507133484,1
0.3797087073326111,1
0.3547288179397583,1
0.35422101616859436,1
0.39815935492515564,1
0.47013112902641296,1
0.42077508568763733,1
0.3806368112564087,1
0.35597938299179077,1
0.34541913866996765,1
0.34430480003356934,1
0.3491407632827759,1
0.4590325355529785,1
0.41094446182250977,1
0.34018078446388245,1
0.4219994843006134,1
0.3171907663345337,1
0.45171040296554565,1
0.41750282049179077,1
0.35434335470199585,1
0.3151521682739258,1
0.29722023010253906,1
0.2844427227973938,1
0.29567474126815796,1
0.4214661717414856,1
0.28131380677223206,1
0.39207297563552856,1
0.36968210339546204,1
0.42779242992401123,1
0.42282742261886597,1
0.47509774565696716,1
0.3482886552810669,1
0.4003373980522156,1
0.3671104609966278,1
0.43705639243125916,1
0.35649237036705017,1
0.35112687945365906,1
0.3642999529838562,1
0.35797128081321716,1
0.3992079794406891,1
0.3323156237602234,1
0.44951945543289185,1
0.32017311453819275,1
0.378203421831131,1
0.44645196199417114,1
0.3238326609134674,1
0.4443214535713196,1
0.35321927070617676,1
0.3798191547393799,1
0.4452105164527893,1
0.4707312285900116,1
0.3747485876083374,1
0.40972161293029785,1
0.31048375368118286,1
0.3447876572608948,1
0.35267147421836853,1
0.28339478373527527,1
0.4457194209098816,1
0.40452706813812256,1
0.47143617272377014,1
0.4371207356452942,1
0.40110984444618225,1
0.39108705520629883,1
0.29252398014068604,1
0.36032775044441223,1
0.5177879929542542,1
0.33123329281806946,1
0.3168015778064728,1
0.383758544921875,1
0.3608444333076477,1
0.4451488256454468,1
0.36162108182907104,1
0.45618706941604614,1
0.38124266266822815,1
0.3849742114543915,1
0.504396915435791,1
0.32552358508110046,1
0.3824536204338074,1
0.31930777430534363,1
0.2949991822242737,1
0.40599381923675537,1
0.3939949870109558,1
0.26726940274238586,1
0.4706283211708069,1
0.3118271231651306,1
0.3861563503742218,1
0.316144734621048,1
0.35100415349006653,1
0.333966463804245,1
0.32327741384506226,1
0.4503314793109894,1
0.340166300535202,1
0.33465030789375305,1
0.4081636071205139,1
0.5142542719841003,1
0.34389904141426086,1
0.45649832487106323,1
0.36382055282592773,1
0.5107508897781372,1
0.350803017616272,1
0.34010472893714905,1
0.43288856744766235,1
0.3970562219619751,1
0.40226396918296814,1
0.33331727981567383,1
0.3744901716709137,1
0.3929930329322815,1
0.46168458461761475,1
0.44076859951019287,1
0.4728129804134369,1
0.3065308928489685,1
0.40336093306541443,1
0.4147946834564209,1
0.3308336138725281,1
0.45459213852882385,1
0.30880624055862427,1
0.34706053137779236,1
0.38825082778930664,1
0.4276612401008606,1
0.3331753611564636,1
0.32864630222320557,1
0.44207578897476196,1
0.2822788655757904,1
0.36907535791397095,1
0.4639240503311157,1
0.29114779829978943,1
0.3557921051979065,1
0.4266420602798462,1
0.397299587726593,1
0.2817593216896057,1
0.27013924717903137,1
0.4975486695766449,1
0.402288019657135,1
0.333850622177124,1
0.37739551067352295,1
0.24851056933403015,1
0.45722496509552,1
0.3544570505619049,1
0.4387478232383728,1
0.2967805862426758,1
0.48579081892967224,1
0.38777685165405273,1
0.4643291234970093,1
0.4092496633529663,1
0.3041936159133911,1
0.3795273005962372,1
0.4205351173877716,1
0.4195345938205719,1
0.4276319742202759,1
0.3187592327594757,1
0.5207100510597229,1
0.319374680519104,1
0.27811503410339355,1
0.42856377363204956,1
0.27676668763160706,1
0.5221349000930786,1
0.3776615858078003,1
0.33017969131469727,1
0.49862781167030334,1
0.3881147503852844,1
0.4381527304649353,1
0.35394397377967834,1
0.4370187520980835,1
0.4165560007095337,1
0.28887253999710083,1
0.33285027742385864,1
0.3533093333244324,1
0.3953288793563843,1
0.504784345626831,1
0.4342600107192993,1
0.3774770200252533,1
0.4572909474372864,1
0.47998130321502686,1
0.3744175434112549,1
0.4082775115966797,1
0.41128218173980713,1
0.31133612990379333,1
0.3889060616493225,1
0.5305964946746826,1
0.38676145672798157,1
0.35424894094467163,1
0.313737154006958,1
0.4974786639213562,1
0.49630898237228394,1
0.42172926664352417,1
0.3839547038078308,1
0.4996291399002075,1
0.40924882888793945,1
0.35530221462249756,1
0.4375225901603699,1
0.36714237928390503,1
0.3603475093841553,1
0.37354546785354614,1
0.42723947763442993,1
0.37044310569763184,1
0.45031309127807617,1
0.3123590052127838,1
0.31153684854507446,1
0.4896320104598999,1
0.31637072563171387,1
0.45357421040534973,1
0.34264928102493286,1
0.44551941752433777,1
0.3322860598564148,1
0.4043029248714447,1
0.35813039541244507,1
0.4093066453933716,1
0.30664706230163574,1
0.36043089628219604,1
0.5043604969978333,1
0.40035367012023926,1
0.4435364007949829,1
0.48546862602233887,1
0.4356987178325653,1
0.3774208426475525,1
0.47840896248817444,1
0.3949788212776184,1
0.3315098285675049,1
0.3672471046447754,1
0.3724120855331421,1
0.38443607091903687,1
0.2962636351585388,1
0.2815379500389099,1
0.32127395272254944,1
0.31147411465644836,1
0.35262560844421387,1
0.36118602752685547,1
0.35861629247665405,1
0.3452453017234802,1
0.46037235856056213,1
0.37285661697387695,1
0.3702387809753418,1
0.30028223991394043,1
0.5209956169128418,1
0.35357603430747986,1
0.5263622999191284,1
0.3115690350532532,1
0.4093974828720093,1
0.3184371292591095,1
0.4922134280204773,1
0.2852962911128998,1
0.4245334565639496,1
0.24494414031505585,1
0.4682607054710388,1
0.45427966117858887,1
0.36714011430740356,1
0.3755469024181366,1
0.3084743916988373,1
0.2770586609840393,1
0.41353628039360046,1
0.40403228998184204,1
0.4140892028808594,1
0.3553427457809448,1
0.4551621675491333,1
0.47265052795410156,1
0.2904227375984192,1
0.388782799243927,1
0.48781028389930725,1
0.32932668924331665,1
0.3446328639984131,1
0.46644771099090576,1
0.2970626652240753,1
0.3253396451473236,1
0.45220255851745605,1
0.34126296639442444,1
0.4211054742336273,1
0.34347808361053467,1
0.30026236176490784,1
0.5121958255767822,1
0.3652098774909973,1
0.4047141969203949,1
0.29817408323287964,1
0.4623641073703766,1
0.3638598322868347,1
0.4761107563972473,1
0.44932979345321655,1
0.3268882632255554,1
0.3205103874206543,1
0.4177823066711426,1
0.4382254481315613,1
0.35155874490737915,1
0.36833059787750244,1
0.3586183786392212,1
0.34812837839126587,1
0.3126267194747925,1
0.4287812113761902,1
0.39890116453170776,1
0.4477826952934265,1
0.4009329080581665,1
0.460542231798172,1
0.2869928479194641,1
0.3400645852088928,1
0.38839632272720337,1
0.2857213318347931,1
0.3313344419002533,1
0.3540354371070862,1
0.31441500782966614,1
0.4650293290615082,1
0.5272944569587708,1
0.4380094110965729,1
0.4629194140434265,1
0.3734254240989685,1
0.29602286219596863,1
0.47260409593582153,1
0.3831103444099426,1
0.3229905366897583,1
0.514170229434967,1
0.3376151919364929,1
0.42433416843414307,1
0.3710470199584961,1
0.3827563524246216,1
0.4840524196624756,1
0.4342101812362671,1
0.3241656422615051,1
0.33600038290023804,1
0.4477827548980713,1
0.3911318778991699,1
0.3445437550544739,1
0.39023733139038086,1
0.37577879428863525,1
0.44496965408325195,1
0.5036062002182007,1
0.3925541639328003,1
0.41058841347694397,1
0.3658871650695801,1
0.2917519211769104,1
0.3806965947151184,1
0.31377798318862915,1
0.4958226680755615,1
0.3960528075695038,1
0.32433319091796875,1
0.382512629032135,1
0.46098172664642334,1
0.41046372056007385,1
0.40487998723983765,1
0.5434162616729736,1
0.3394032418727875,1
0.29576346278190613,1
0.3109455406665802,1
0.35081642866134644,1
0.4087069034576416,1
0.4858781695365906,1
0.38129982352256775,1
0.33705461025238037,1
0.2824246883392334,1
0.4280298352241516,1
0.3181401491165161,1
0.36163097620010376,1
0.3460058867931366,1
0.3968472480773926,1
0.40611177682876587,1
0.34643301367759705,1
0.36747509241104126,1
0.42984333634376526,1
0.41545501351356506,1
0.3405315577983856,1
0.414846807718277,1
0.43111348152160645,1
0.3713878393173218,1
0.4834230840206146,1
0.43363791704177856,1
0.37534528970718384,1
0.3867233395576477,1
0.3904326856136322,1
0.34000474214553833,1
0.39954257011413574,1
0.40498417615890503,1
0.34611377120018005,1
0.35549280047416687,1
0.3223362863063812,1
0.3144385814666748,1
0.4633566737174988,1
0.349551260471344,1
0.3948292136192322,1
0.4381560683250427,1
0.33091968297958374,1
0.2970656752586365,1
0.3481246829032898,1
0.4476272165775299,1
0.37410813570022583,1
0.38461926579475403,1
0.3036365509033203,1
0.4543963670730591,1
0.3581802248954773,1
0.5493443608283997,1
0.42594218254089355,1
0.3562774658203125,1
0.564286470413208,1
0.3726682960987091,1
0.3423420786857605,1
0.42420434951782227,1
0.42007482051849365,1
0.4117526412010193,1
0.26410260796546936,1
0.3007165491580963,1
0.5344610214233398,1
0.5040993690490723,1
0.3666176497936249,1
0.39062049984931946,1
0.4490816593170166,1
0.29003283381462097,1
0.5103245973587036,1
0.4592866897583008,1
0.47489625215530396,1
0.43957236409187317,1
0.38163554668426514,1
0.5358766317367554,1
0.46438246965408325,1
0.3568781316280365,1
0.41231727600097656,1
0.4206106662750244,1
0.3418508470058441,1
0.30522820353507996,1
0.40856361389160156,1
0.41706976294517517,1
0.2935512363910675,1
0.5236018896102905,1
0.42181503772735596,1
0.3552083969116211,1
0.3524351119995117,1
0.3598954677581787,1
0.38222968578338623,1
0.3923644423484802,1
0.40778887271881104,1
0.2993161380290985,1
0.3535255491733551,1
0.4186519980430603,1
0.37996065616607666,1
0.46769440174102783,1
0.27345818281173706,1
0.30585777759552,1
0.39273035526275635,1
0.3625984787940979,1
0.3454989790916443,1
0.31143617630004883,1
0.3416575789451599,1
0.412475049495697,1
0.41033852100372314,1
0.3870549201965332,1
0.392751008272171,1
0.4436050057411194,1
0.3091661036014557,1
0.42489469051361084,1
0.31204545497894287,1
0.3173445463180542,1
0.26157742738723755,1
0.35529041290283203,1
0.30466949939727783,1
0.3860679864883423,1
0.38123321533203125,1
0.4208858609199524,1
0.4696808457374573,1
0.3278660774230957,1
0.3190361559391022,1
0.3333127498626709,1
0.44846096634864807,1
0.3274383842945099,1
0.29096847772598267,1
0.4312107264995575,1
0.3274151682853699,1
0.4752390384674072,1
0.39570897817611694,1
0.48587536811828613,1
0.37133997678756714,1
0.30694064497947693,1
0.32631927728652954,1
0.46351200342178345,1
0.3288390040397644,1
0.4500734210014343,1
0.35162800550460815,1
0.4326060712337494,1
0.34674564003944397,1
0.4861109256744385,1
0.35205841064453125,1
0.3226930797100067,1
0.2693677544593811,1
0.450947642326355,1
0.3337641954421997,1
0.32389014959335327,1
0.3244461715221405,1
0.5463922023773193,1
0.5171700119972229,1
0.37210050225257874,1
0.448128879070282,1
0.5484887361526489,1
0.3534471094608307,1
0.4071251451969147,1
0.3754687011241913,1
0.3259206712245941,1
0.34522220492362976,1
0.24787896871566772,1
0.39077186584472656,1
0.35937565565109253,1
0.37672558426856995,1
0.3671119809150696,1
0.3136805295944214,1
0.4199813902378082,1
0.334775447845459,1
0.3222862780094147,1
0.2991255521774292,1
0.3642076551914215,1
0.3308204114437103,1
0.3512527346611023,1
0.4292908310890198,1
0.44433289766311646,1
0.4104069769382477,1
0.2810439467430115,1
0.505369246006012,1
0.44840672612190247,1
0.428275465965271,1
0.3503311574459076,1
0.3150213956832886,1
0.3434971868991852,1
0.430187851190567,1
0.3083880543708801,1
0.41475164890289307,1
0.4349283277988434,1
0.31984132528305054,1
0.3863827586174011,1
0.3486112654209137,1
0.4483124613761902,1
0.3023483157157898,1
0.2968224585056305,1
0.35485410690307617,1
0.3713635802268982,1
0.3705850839614868,1
0.33508622646331787,1
0.2780262529850006,1
0.48547688126564026,1
0.41003096103668213,1
0.32665470242500305,1
0.344104528427124,1
0.40908586978912354,1
0.4200613498687744,1
0.37460964918136597,1
0.3397894501686096,1
0.3166411519050598,1
0.5537227392196655,1
0.33924204111099243,1
0.45122137665748596,1
0.4673827588558197,1
0.45636892318725586,1
0.34436652064323425,1
0.4245107173919678,1
0.38287779688835144,1
0.533103346824646,1
0.42369580268859863,1
0.3195468783378601,1
0.4002688527107239,1
0.49371710419654846,1
0.3102380037307739,1
0.3748703896999359,1
0.5523430705070496,1
0.605606734752655,1
0.3874140977859497,1
0.4919332265853882,1
0.3992345631122589,1
0.3356935381889343,1
0.3325358033180237,1
0.3206064999103546,1
0.41731080412864685,1
0.3357352912425995,1
0.3799132704734802,1
0.30505263805389404,1
0.4599117338657379,1
0.43426066637039185,1
0.4029603898525238,1
0.4848971664905548,1
0.3903040885925293,1
0.3067071735858917,1
0.3810083866119385,1
0.4075567126274109,1
0.36521223187446594,1
0.40354204177856445,1
0.38627421855926514,1
0.419041246175766,1
0.5105551481246948,1
0.31447142362594604,1
0.3930704593658447,1
0.31708991527557373,1
0.33746111392974854,1
0.36357343196868896,1
0.448668897151947,1
0.4588647782802582,1
0.4134292006492615,1
0.4565674066543579,1
0.4149005115032196,1
0.3849439322948456,1
0.4001411199569702,1
0.4647332429885864,1
0.3776058554649353,1
0.34896406531333923,1
0.29552844166755676,1
0.3961811661720276,1
0.35551294684410095,1
0.36611223220825195,1
0.45352903008461,1
0.3581498861312866,1
0.4240826368331909,1
0.38062426447868347,1
0.4861781597137451,1
0.4190914034843445,1
0.5056851506233215,1
0.419124573469162,1
0.3674167990684509,1
0.43201714754104614,1
0.342940092086792,1
0.46931934356689453,1
0.3888205885887146,1
0.3369544744491577,1
0.5027020573616028,1
0.4743461608886719,1
0.3723331689834595,1
0.40678900480270386,1
0.41883042454719543,1
0.3767176866531372,1
0.40449219942092896,1
0.38822951912879944,1
0.37986645102500916,1
0.42109087109565735,1
0.47541970014572144,1
0.4684070944786072,1
0.4132547974586487,1
0.37306153774261475,1
0.5135377645492554,1
0.3731851875782013,1
0.36029618978500366,1
0.3623832166194916,1
0.32318639755249023,1
0.4530080556869507,1
0.30573660135269165,1
0.48631829023361206,1
0.3714752793312073,1
0.35037755966186523,1
0.38265031576156616,1
0.40921685099601746,1
0.4168566167354584,1
0.39334794878959656,1
0.3328590393066406,1
0.39008817076683044,1
0.3620344400405884,1
0.38315945863723755,1
0.37694355845451355,1
0.4213371276855469,1
0.3569200038909912,1
0.45585787296295166,1
0.4519646167755127,1
0.3294665813446045,1
0.3619104027748108,1
0.38053569197654724,1
0.3106994330883026,1
0.4254617691040039,1
0.4535512328147888,1
0.3763374090194702,1
0.44646549224853516,1
0.3128523826599121,1
0.5002589225769043,1
0.38992375135421753,1
0.32226309180259705,1
0.3212066888809204,1
0.40834179520606995,1
0.2904984652996063,1
0.26175177097320557,1
0.3456982672214508,1
0.38657450675964355,1
0.36559826135635376,1
0.37168359756469727,1
0.36255383491516113,1
0.3021284341812134,1
0.3589491844177246,1
0.3740462064743042,1
0.32151538133621216,1
0.37765029072761536,1
0.34918612241744995,1
0.34893813729286194,1
0.3188033998012543,1
0.2763705253601074,1
0.26643437147140503,1
0.3709162771701813,1
0.47140026092529297,1
0.30733293294906616,1
0.37967610359191895,1
0.4801469147205353,1
0.34265458583831787,1
0.4963294267654419,1
0.3498729169368744,1
0.3620991110801697,1
0.4393296241760254,1
0.31450849771499634,1
0.37318992614746094,1
0.3867197334766388,1
0.3445289433002472,1
0.2761576473712921,1
0.4356512427330017,1
0.3371827304363251,1
0.34829652309417725,1
0.2839505672454834,1
0.35343095660209656,1
0.30514368414878845,1
0.4147716164588928,1
0.3011109232902527,1
0.35562142729759216,1
0.4628053307533264,1
0.29022443294525146,1
0.3542982339859009,1
0.4853525459766388,1
0.3546125888824463,1
0.3610820174217224,1
0.4162430763244629,1
0.3651057779788971,1
0.40725183486938477,1
0.3375073969364166,1
0.3737528324127197,1
0.3740776777267456,1
0.3958522081375122,1
0.40409064292907715,1
0.42612892389297485,1
0.24259279668331146,1
0.3610118627548218,1
0.3245594799518585,1
0.2697772681713104,1
0.3838827908039093,1
0.23212654888629913,1
0.4603046774864197,1
0.3246896266937256,1
0.36376839876174927,1
0.5667747855186462,1
0.39593520760536194,1
0.34208059310913086,1
0.43028098344802856,1
0.39024579524993896,1
0.38524535298347473,1
0.5193920731544495,1
0.31360700726509094,1
0.5019177198410034,1
0.3702920973300934,1
0.4122086763381958,1
0.2838382422924042,1
0.3844815790653229,1
0.34965652227401733,1
0.42686617374420166,1
0.3373429477214813,1
0.42633411288261414,1
0.39601191878318787,1
0.533090353012085,1
0.3769252300262451,1
0.4012247323989868,1
0.32948005199432373,1
0.4275282323360443,1
0.4538842737674713,1
0.401862233877182,1
0.3567456901073456,1
0.36343610286712646,1
0.39075008034706116,1
0.35944893956184387,1
0.28870928287506104,1
0.26535600423812866,1
0.28124329447746277,1
0.2558950185775757,1
0.3918917775154114,1
0.33923137187957764,1
0.47719907760620117,1
0.3504059910774231,1
0.4306183457374573,1
0.41372254490852356,1
0.34849536418914795,1
0.4170006513595581,1
0.4092361629009247,1
0.3109050393104553,1
0.40884822607040405,1
0.530605137348175,1
0.38523927330970764,1
0.4338187575340271,1
0.455469012260437,1
0.42297279834747314,1
0.42082542181015015,1
0.42167961597442627,1
0.44550949335098267,1
0.34261900186538696,1
0.4366573691368103,1
0.41435930132865906,1
0.4269523322582245,1
0.41506272554397583,1
0.45299649238586426,1
0.4950188398361206,1
0.3650945723056793,1
0.3494398295879364,1
0.39618414640426636,1
0.40087246894836426,1
0.4106557369232178,1
0.3334314227104187,1
0.37047967314720154,1
0.46136969327926636,1
0.36699196696281433,1
0.38066500425338745,1
0.36372044682502747,1
0.40805840492248535,1
0.33746230602264404,1
0.3158930540084839,1
0.39006924629211426,1
0.6030362844467163,1
0.5894644856452942,1
0.31190359592437744,1
0.3616653084754944,1
0.44958823919296265,1
0.3842344880104065,1
0.3849572241306305,1
0.32828590273857117,1
0.5330917239189148,1
0.36981141567230225,1
0.42063501477241516,1
0.41573676466941833,1
0.43522214889526367,1
0.2717076539993286,1
0.40695399045944214,1
0.40530434250831604,1
0.3345750570297241,1
0.31647467613220215,1
0.38705766201019287,1
0.4079782962799072,1
0.4159351885318756,1
0.4304615557193756,1
0.3374851644039154,1
0.34445255994796753,1
0.36620885133743286,1
0.37861984968185425,1
0.425049364566803,1
0.4905230402946472,1
0.3980174660682678,1
0.30802595615386963,1
0.40212205052375793,1
0.33458903431892395,1
0.34489938616752625,1
0.3303202986717224,1
0.309965580701828,1
0.37301695346832275,1
0.5209163427352905,1
0.5306524634361267,1
0.3788871765136719,1
0.310352087020874,1
0.3431817293167114,1
0.46671077609062195,1
0.3679017126560211,1
0.437044620513916,1
0.4055955111980438,1
0.27575555443763733,1
0.5086219906806946,1
0.3485091030597687,1
0.3315366804599762,1
0.35810261964797974,1
0.4725543260574341,1
0.34957438707351685,1
0.3586895167827606,1
0.3212728500366211,1
0.44527703523635864,1
0.386668860912323,1
0.40337133407592773,1
0.4526273012161255,1
0.4176797866821289,1
0.2870755195617676,1
0.4154078960418701,1
0.3876808285713196,1
0.4154461622238159,1
0.4237484931945801,1
0.36367326974868774,1
0.4739053547382355,1
0.3710799813270569,1
0.28909990191459656,1
0.38389235734939575,1
0.45622119307518005,1
0.35120779275894165,1
0.3895893394947052,1
0.4328087568283081,1
0.38545477390289307,1
0.42780131101608276,1
0.34517765045166016,1
0.33413219451904297,1
0.3987225294113159,1
0.388771653175354,1
0.28083163499832153,1
0.4266560673713684,1
0.5707287192344666,1
0.46118074655532837,1
0.3806067109107971,1
0.3621895909309387,1
0.4011975824832916,1
0.3326031565666199,1
0.239631786942482,1
0.2912539839744568,1
0.3229614496231079,1
0.3702576160430908,1
0.4322676956653595,1
0.41620275378227234,1
0.26648443937301636,1
0.42352837324142456,1
0.3825787901878357,1
0.37739297747612,1
0.4217674732208252,1
0.36860227584838867,1
0.4277724027633667,1
0.4112921357154846,1
0.4291122257709503,1
0.27904143929481506,1
0.31389400362968445,1
0.337356835603714,1
0.34976479411125183,1
0.3222433924674988,1
0.3160070776939392,1
0.38490957021713257,1
0.45354902744293213,1
0.36549580097198486,1
0.4980931580066681,1
0.28185373544692993,1
0.3574196398258209,1
0.3245532214641571,1
0.3090928792953491,1
0.2845037579536438,1
0.4265708923339844,1
0.37839436531066895,1
0.3760305941104889,1
0.4742331802845001,1
0.37663543224334717,1
0.3760741651058197,1
0.49165457487106323,1
0.34131819009780884,1
0.2989761531352997,1
0.40921568870544434,1
0.4415762424468994,1
0.4059743583202362,1
0.439233660697937,1
0.36988401412963867,1
0.30729055404663086,1
0.33514901995658875,1
0.4312928318977356,1
0.3197075128555298,1
0.28228825330734253,1
0.33836033940315247,1
0.3027224540710449,1
0.41969531774520874,1
0.2889271378517151,1
0.3359870910644531,1
0.4700222611427307,1
0.29209303855895996,1
0.29154151678085327,1
0.40427303314208984,1
0.35083484649658203,1
0.4896464943885803,1
0.3066260814666748,1
0.3376635015010834,1
0.31082385778427124,1
0.3510921597480774,1
0.3810833692550659,1
0.44821375608444214,1
0.4646899104118347,1
0.33569103479385376,1
0.34222787618637085,1
0.3741391599178314,1
0.37431463599205017,1
0.32182469964027405,1
0.26745185256004333,1
0.33112791180610657,1
0.35347509384155273,1
0.40084895491600037,1
0.5010675191879272,1
0.34730151295661926,1
0.3945513367652893,1
0.3875481188297272,1
0.3313233256340027,1
0.4048616290092468,1
0.3373331129550934,1
0.5410678386688232,1
0.4359457492828369,1
0.43174493312835693,1
0.5153733491897583,1
0.43957433104515076,1
0.26152604818344116,1
0.3633771538734436,1
0.43416303396224976,1
0.2439190149307251,1
0.3809536099433899,1
0.39902836084365845,1
0.36370712518692017,1
0.44662752747535706,1
0.43687838315963745,1
0.3195386826992035,1
0.24217940866947174,1
0.44702160358428955,1
0.47295913100242615,1
0.46919116377830505,1
0.419041246175766,1
0.27627062797546387,1
0.3456992506980896,1
0.3703189492225647,1
0.39186447858810425,1
0.39624249935150146,1
0.4536595940589905,1
0.4255138635635376,1
0.41406381130218506,1
0.3552677631378174,1
0.29299962520599365,1
0.32687973976135254,1
0.3829996585845947,1
0.3575429916381836,1
0.36328789591789246,1
0.5152241587638855,1
0.3675399422645569,1
0.45920076966285706,1
0.41518110036849976,1
0.4042242169380188,1
0.3546140789985657,1
0.3825549781322479,1
0.4142810106277466,1
0.2875715494155884,1
0.4635063111782074,1
0.32238879799842834,1
0.39124009013175964,1
0.4047003984451294,1
0.29986393451690674,1
0.3323165476322174,1
0.26684850454330444,1
0.4254907965660095,1
0.4430312514305115,1
0.4486235976219177,1
0.4296942949295044,1
0.39500248432159424,1
0.302459716796875,1
0.4359435737133026,1
0.4041786789894104,1
0.29417791962623596,1
0.4015663266181946,1
0.3599724769592285,1
0.36430901288986206,1
0.33296865224838257,1
0.32619088888168335,1
0.3731634318828583,1
0.3361283540725708,1
0.35681289434432983,1
0.3517279028892517,1
0.3713521361351013,1
0.3706800937652588,1
0.3850557208061218,1
0.3790733516216278,1
0.39160627126693726,1
0.34069928526878357,1
0.41618812084198,1
0.40451380610466003,1
0.3938499093055725,1
0.3833998441696167,1
0.43839097023010254,1
0.42982733249664307,1
0.4541776776313782,1
0.32013532519340515,1
0.34948164224624634,1
0.302150696516037,1
0.39982450008392334,1
0.2643260657787323,1
0.31588706374168396,1
0.3279244303703308,1
0.367581307888031,1
0.37423568964004517,1
0.3855993449687958,1
0.4748229384422302,1
0.42938050627708435,1
0.3585037589073181,1
0.5566281080245972,1
0.3799484074115753,1
0.3880048394203186,1
0.39938122034072876,1
0.4411409795284271,1
0.29474958777427673,1
0.3281782269477844,1
0.3657218813896179,1
0.34770506620407104,1
0.37422314286231995,1
0.40553027391433716,1
0.35984307527542114,1
0.2804257273674011,1
0.4262423813343048,1
0.37913691997528076,1
0.3438805639743805,1
0.36353498697280884,1
0.3999026417732239,1
0.29748260974884033,1
0.3570910394191742,1
0.2893828749656677,1
0.38723814487457275,1
0.4450521171092987,1
0.35477811098098755,1
0.4582514464855194,1
0.3287365436553955,1
0.5887963175773621,1
0.31194308400154114,1
0.2650619149208069,1
0.4043821394443512,1
0.4559074938297272,1
0.34657663106918335,1
0.2647268772125244,1
0.3228135108947754,1
0.437756210565567,1
0.3880736231803894,1
0.33998656272888184,1
0.3742297291755676,1
0.3355863690376282,1
0.41826462745666504,1
0.4904705286026001,1
0.38616979122161865,1
0.414661705493927,1
0.39602893590927124,1
0.5196783542633057,1
0.44204890727996826,1
0.3478602170944214,1
0.33986902236938477,1
0.4218604862689972,1
0.4626558721065521,1
0.3465426564216614,1
0.30709752440452576,1
0.346194326877594,1
0.3985466957092285,1
0.40163230895996094,1
0.5142883062362671,1
0.4743204712867737,1
0.4069388508796692,1
0.3807588815689087,1
0.3650561571121216,1
0.3254966139793396,1
0.2632823884487152,1
0.33049145340919495,1
0.27217045426368713,1
0.41736143827438354,1
0.36261916160583496,1
0.41522374749183655,1
0.2942575514316559,1
0.39485281705856323,1
0.3430706262588501,1
0.36041855812072754,1
0.4069502353668213,1
0.4032309055328369,1
0.4503915309906006,1
0.4318317472934723,1
0.36090582609176636,1
0.4606221914291382,1
0.34545135498046875,1
0.3596576452255249,1
0.4537012577056885,1
0.3555460274219513,1
0.3719502091407776,1
0.45513713359832764,1
0.3839305341243744,1
0.3467317819595337,1
0.3743593096733093,1
0.35779792070388794,1
0.29225921630859375,1
0.42090463638305664,1
0.4922645092010498,1
0.4084694981575012,1
0.3974301815032959,1
0.368999719619751,1
0.36661243438720703,1
0.3132445812225342,1
0.329857736825943,1
0.42253580689430237,1
0.3210402727127075,1
0.4706292748451233,1
0.4521051049232483,1
0.44014349579811096,1
0.3006615936756134,1
0.28619158267974854,1
0.35885295271873474,1
0.34490418434143066,1
0.4709674119949341,1
0.3723962903022766,1
0.4440712034702301,1
0.3717458248138428,1
0.40029406547546387,1
0.4858700633049011,1
0.4406764507293701,1
0.33981919288635254,1
0.3633284568786621,1
0.37268567085266113,1
0.26857250928878784,1
0.43790704011917114,1
0.2993466854095459,1
0.4272629916667938,1
0.32578516006469727,1
0.3568410575389862,1
0.4131874144077301,1
0.4019741117954254,1
0.3534087538719177,1
0.37769615650177,1
0.4492300748825073,1
0.3247694671154022,1
0.408398300409317,1
0.26904892921447754,1
0.37326380610466003,1
0.43559741973876953,1
0.31460040807724,1
0.38531965017318726,1
0.30254513025283813,1
0.37654680013656616,1
0.46196991205215454,1
0.3815762996673584,1
0.34964868426322937,1
0.32053402066230774,1
0.40162861347198486,1
0.3276916444301605,1
0.32094627618789673,1
0.3317781686782837,1
0.4309985637664795,1
0.36618465185165405,1
0.3233097195625305,1
0.4739833474159241,1
0.2853580117225647,1
0.39772287011146545,1
0.45188838243484497,1
0.3684482276439667,1
0.5830107927322388,1
0.37163108587265015,1
0.4105214476585388,1
0.367931067943573,1
0.3689272999763489,1
0.4186801314353943,1
0.35050642490386963,1
0.29327839612960815,1
0.38612306118011475,1
0.3999454975128174,1
0.2900393307209015,1
0.3962719440460205,1
0.3642311692237854,1
0.2936328053474426,1
0.50570148229599,1
0.41889727115631104,1
0.31317055225372314,1
0.35507434606552124,1
0.333664208650589,1
0.4509539008140564,1
0.40450379252433777,1
0.416861891746521,1
0.3186603784561157,1
0.45340627431869507,1
0.4953239858150482,1
0.33530062437057495,1
0.3157801926136017,1
0.36119550466537476,1
0.4639107286930084,1
0.29185694456100464,1
0.4057827591896057,1
0.3500572144985199,1
0.5029647350311279,1
0.3716859221458435,1
0.38126981258392334,1
0.3521236181259155,1
0.3470257520675659,1
0.47153013944625854,1
0.3984392583370209,1
0.3584279417991638,1
0.3331676125526428,1
0.36482882499694824,1
0.3478965759277344,1
0.2895588278770447,1
0.42691728472709656,1
0.4425603151321411,1
0.3944176137447357,1
0.393618643283844,1
0.5035890340805054,1
0.4185572862625122,1
0.3928822875022888,1
0.28127604722976685,1
0.2913045883178711,1
0.4622482359409332,1
0.293154239654541,1
0.3410370945930481,1
0.3471758961677551,1
0.6457313895225525,1
0.3689696192741394,1
0.32879385352134705,1
0.3154994249343872,1
0.5023300647735596,1
0.3849077820777893,1
0.34760546684265137,1
0.3734363913536072,1
0.40392693877220154,1
0.3491705358028412,1
0.3871793746948242,1
0.4822748303413391,1
0.4804098904132843,1
0.3962441086769104,1
0.3418808579444885,1
0.3539693355560303,1
0.4072708487510681,1
0.44679564237594604,1
0.2552682161331177,1
0.3276121914386749,1
0.3776165843009949,1
0.43828463554382324,1
0.4416077136993408,1
0.41758352518081665,1
0.3990156650543213,1
0.3671087622642517,1
0.3053382635116577,1
0.37551790475845337,1
0.43742427229881287,1
0.39277899265289307,1
0.3919677734375,1
0.4406166672706604,1
0.4334225356578827,1
0.42446571588516235,1
0.2844289541244507,1
0.36477282643318176,1
0.4598081111907959,1
0.3526313900947571,1
0.3766111731529236,1
0.29923295974731445,1
0.36303335428237915,1
0.41410231590270996,1
0.343343049287796,1
0.43094414472579956,1
0.38157790899276733,1
0.3884223401546478,1
0.3913082480430603,1
0.3868381977081299,1
0.466706246137619,1
0.3195612132549286,1
0.3934277594089508,1
0.44175708293914795,1
0.5097101330757141,1
0.34322357177734375,1
0.3549352288246155,1
0.41170328855514526,1
0.38533487915992737,1
0.350177526473999,1
0.371830552816391,1
0.31785303354263306,1
0.2590342164039612,1
0.3873777687549591,1
0.3800780773162842,1
0.36017996072769165,1
0.3449954390525818,1
0.265786737203598,1
0.4287765920162201,1
0.31754380464553833,1
0.3853299021720886,1
0.41937053203582764,1
0.4336663484573364,1
0.3211629390716553,1
0.426760196685791,1
0.43242183327674866,1
0.34431004524230957,1
0.3185262084007263,1
0.38203591108322144,1
0.42012280225753784,1
0.39054152369499207,1
0.21338878571987152,1
0.3924999237060547,1
0.4062674045562744,1
0.5544488430023193,1
0.37013986706733704,1
0.3679351508617401,1
0.44334933161735535,1
0.4077955186367035,1
0.35161200165748596,1
0.4666840732097626,1
0.3328465223312378,1
0.35174912214279175,1
0.47511282563209534,1
0.4060520827770233,1
0.3506854474544525,1
0.5156296491622925,1
0.5228887796401978,1
0.3659121096134186,1
0.38051560521125793,1
0.4183788001537323,1
0.3923912048339844,1
0.25765424966812134,1
0.4381621778011322,1
0.43695712089538574,1
0.3772308826446533,1
0.4146631062030792,1
0.4285527467727661,1
0.38568779826164246,1
0.31716257333755493,1
0.4569578170776367,1
0.3400481045246124,1
0.28840699791908264,1
0.5765876173973083,1
0.3602144420146942,1
0.32424527406692505,1
0.3658604621887207,1
0.5299140810966492,1
0.44502073526382446,1
0.33198368549346924,1
0.4447587728500366,1
0.375781387090683,1
0.3773382306098938,1
0.41095679998397827,1
0.39226895570755005,1
0.46433132886886597,1
0.3048471510410309,1
0.3504549264907837,1
0.38662609457969666,1
0.32415688037872314,1
0.4182851314544678,1
0.4712853729724884,1
0.4391908049583435,1
0.465024471282959,1
0.2870033383369446,1
0.4309995770454407,1
0.3830248713493347,1
0.33402013778686523,1
0.3319607377052307,1
0.44356101751327515,1
0.3814489245414734,1
0.4634774327278137,1
0.6250280737876892,1
0.33450037240982056,1
0.5501577854156494,1
0.40894949436187744,1
0.36448395252227783,1
0.421157568693161,1
0.3646629750728607,1
0.3785363435745239,1
0.3296649754047394,1
0.4073079526424408,1
0.44001805782318115,1
0.3103073835372925,1
0.30202892422676086,1
0.26074209809303284,1
0.4102126359939575,1
0.4737173318862915,1
0.37277960777282715,1
0.3242175877094269,1
0.3860272467136383,1
0.37993091344833374,1
0.45384979248046875,1
0.49318936467170715,1
0.3610837459564209,1
0.33406755328178406,1
0.45857200026512146,1
0.37755730748176575,1
0.3549027442932129,1
0.3702760636806488,1
0.3998958468437195,1
0.3787420988082886,1
0.286945104598999,1
0.33822086453437805,1
0.39639878273010254,1
0.3125467002391815,1
0.4652803838253021,1
0.3221557140350342,1
0.2946960926055908,1
0.4736030697822571,1
0.42229393124580383,1
0.2940828502178192,1
0.3473755121231079,1
0.41870829463005066,1
0.4429874122142792,1
0.43281516432762146,1
0.3492620587348938,1
0.37324267625808716,1
0.29784920811653137,1
0.4071776866912842,1
0.45697468519210815,1
0.3412315845489502,1
0.31827855110168457,1
0.26908013224601746,1
0.463275283575058,1
0.27765896916389465,1
0.43861478567123413,1
0.3938610553741455,1
0.3400534987449646,1
0.44133472442626953,1
0.3641572594642639,1
0.30350828170776367,1
0.3702715039253235,1
0.451907753944397,1
0.3534935414791107,1
0.33158257603645325,1
0.47286152839660645,1
0.4163932800292969,1
0.5143303275108337,1
0.3489964008331299,1
0.279031902551651,1
0.31436455249786377,1
0.31302931904792786,1
0.3664509654045105,1
0.38174688816070557,1
0.4041903018951416,1
0.36834919452667236,1
0.3566427528858185,1
0.38886475563049316,1
0.3761523962020874,1
0.4612659811973572,1
0.32046839594841003,1
0.39826589822769165,1
0.38814282417297363,1
0.4547596275806427,1
0.42227181792259216,1
0.3046906292438507,1
0.25639808177948,1
0.43254172801971436,1
0.4284524917602539,1
0.32692885398864746,1
0.3321649432182312,1
0.2936065196990967,1
0.36642277240753174,1
0.4019787311553955,1
0.35399454832077026,1
0.33226820826530457,1
0.4916548728942871,1
0.2920471727848053,1
0.4061293601989746,1
0.40261995792388916,1
0.407623291015625,1
0.37207353115081787,1
0.33544445037841797,1
0.35287708044052124,1
0.3534914255142212,1
0.39791572093963623,1
0.3752102255821228,1
0.4581642150878906,1
0.31629395484924316,1
0.3420131206512451,1
0.38840118050575256,1
0.5366522073745728,1
0.3970833122730255,1
0.42092251777648926,1
0.40619394183158875,1
0.37616750597953796,1
0.4469602108001709,1
0.3790682554244995,1
0.4964293837547302,1
0.41370487213134766,1
0.38061338663101196,1
0.3659917116165161,1
0.381320059299469,1
0.5102068185806274,1
0.3223574459552765,1
0.3847050964832306,1
0.3741992712020874,1
0.37463852763175964,1
0.399152547121048,1
0.40767309069633484,1
0.5298963189125061,1
0.37635695934295654,1
0.38198143243789673,1
0.4502979516983032,1
0.29918739199638367,1
0.40769141912460327,1
0.3990822434425354,1
0.3560129702091217,1
0.47992193698883057,1
0.3567467927932739,1
0.30766353011131287,1
0.3244759738445282,1
0.44214558601379395,1
0.3326337933540344,1
0.3410518169403076,1
0.5389492511749268,1
0.5056369304656982,1
0.4499671161174774,1
0.2650449872016907,1
0.3544100224971771,1
0.48171311616897583,1
0.41079896688461304,1
0.28783586621284485,1
0.40438276529312134,1
0.44261878728866577,1
0.3437935709953308,1
0.4659081697463989,1
0.4516833424568176,1
0.30919161438941956,1
0.3507643938064575,1
0.4472593069076538,1
0.3762391209602356,1
0.3627775311470032,1
0.37066006660461426,1
0.2808413803577423,1
0.26919567584991455,1
0.31306707859039307,1
0.3979332745075226,1
0.40322017669677734,1
0.4481630325317383,1
0.3690541684627533,1
0.30568554997444153,1
0.35435202717781067,1
0.4131362736225128,1
0.41391319036483765,1
0.36306411027908325,1
0.3581372797489166,1
0.32058727741241455,1
0.4406377375125885,1
0.3318462669849396,1
0.27837586402893066,1
0.3655714690685272,1
0.3420271873474121,1
0.29659971594810486,1
0.31607091426849365,1
0.40386953949928284,1
0.4366101920604706,1
0.2840011417865753,1
0.3574887216091156,1
0.33547091484069824,1
0.358919233083725,1
0.40367549657821655,1
0.4480113387107849,1
0.3284960091114044,1
0.40725159645080566,1
0.368508517742157,1
0.3614412844181061,1
0.33947300910949707,1
0.39420434832572937,1
0.333273708820343,1
0.3966662883758545,1
0.3606930375099182,1
0.3986738324165344,1
0.45125722885131836,1
0.39729365706443787,1
0.3815964460372925,1
0.3128974437713623,1
0.29820895195007324,1
0.5114654898643494,1
0.4249843955039978,1
0.42192575335502625,1
0.42612168192863464,1
0.4432395100593567,1
0.3392226994037628,1
0.5000316500663757,1
0.36327674984931946,1
0.3191480338573456,1
0.3441162705421448,1
0.38103699684143066,1
0.3727041482925415,1
0.19771409034729004,1
0.336742103099823,1
0.4612213373184204,1
0.43315088748931885,1
0.397162526845932,1
0.32162827253341675,1
0.25658899545669556,1
0.26721665263175964,1
0.3686180114746094,1
0.3635057806968689,1
0.4007408022880554,1
0.28662431240081787,1
0.4013575613498688,1
0.26438504457473755,1
0.3482961654663086,1
0.3523487448692322,1
0.5031490325927734,1
0.3649873733520508,1
0.48319998383522034,1
0.3908006548881531,1
0.40349525213241577,1
0.4041729271411896,1
0.46316802501678467,1
0.3705310523509979,1
0.3798487186431885,1
0.3733856976032257,1
0.3534376621246338,1
0.40332114696502686,1
0.4217715859413147,1
0.5261828899383545,1
0.28244009613990784,1
0.38205254077911377,1
0.3762730360031128,1
0.45264238119125366,1
0.3603433668613434,1
0.35957399010658264,1
0.36898332834243774,1
0.36292725801467896,1
0.5286179780960083,1
0.41854387521743774,1
0.2638954222202301,1
0.2914752960205078,1
0.3805471658706665,1
0.37669745087623596,1
0.2817010283470154,1
0.29513806104660034,1
0.3399289846420288,1
0.4418461322784424,1
0.5727792978286743,1
0.45307934284210205,1
0.37737584114074707,1
0.4752797782421112,1
0.3854665160179138,1
0.34129005670547485,1
0.41220223903656006,1
0.3730637729167938,1
0.41774529218673706,1
0.4450443387031555,1
0.3791593313217163,1
0.411356121301651,1
0.4406384229660034,1
0.4024577736854553,1
0.5077931880950928,1
0.49364903569221497,1
0.4726491868495941,1
0.3491816222667694,1
0.3857232332229614,1
0.30732297897338867,1
0.43472781777381897,1
0.3655114769935608,1
0.38934481143951416,1
0.3733771741390228,1
0.3584153354167938,1
0.42876046895980835,1
0.41109734773635864,1
0.4250395596027374,1
0.31371521949768066,1
0.39964771270751953,1
0.399536669254303,1
0.291057825088501,1
0.301412433385849,1
0.4177968502044678,1
0.46711215376853943,1
0.4213278889656067,1
0.4293428957462311,1
0.4744141697883606,1
0.2670605778694153,1
0.3680155873298645,1
0.40086525678634644,1
0.3069430887699127,1
0.3276137113571167,1
0.4207276701927185,1
0.39218518137931824,1
0.32543838024139404,1
0.3971422612667084,1
0.4474285840988159,1
0.4275413453578949,1
0.38523149490356445,1
0.30686795711517334,1
0.3845553994178772,1
0.46464160084724426,1
0.4230737090110779,1
0.5370547771453857,1
0.39178216457366943,1
0.43614816665649414,1
0.4884169101715088,1
0.40468811988830566,1
0.32332292199134827,1
0.49706146121025085,1
0.35209667682647705,1
0.4151883125305176,1
0.32202786207199097,1
0.5150265097618103,1
0.4534100592136383,1
0.51845383644104,1
0.29736006259918213,1
0.40011337399482727,1
0.31683462858200073,1
0.3179445266723633,1
0.42037153244018555,1
0.2961539328098297,1
0.31598973274230957,1
0.3886425495147705,1
0.30953630805015564,1
0.3698199689388275,1
0.3659447431564331,1
0.35047173500061035,1
0.36513152718544006,1
0.3588417172431946,1
0.3124103844165802,1
0.43840619921684265,1
0.5262666344642639,1
0.3543650507926941,1
0.36406752467155457,1
0.4654272794723511,1
0.31516048312187195,1
0.26999688148498535,1
0.48556414246559143,1
0.5683457851409912,1
0.4391358494758606,1
0.41029471158981323,1
0.42298394441604614,1
0.24890656769275665,1
0.3899599313735962,1
0.34966200590133667,1
0.4138711094856262,1
0.5311487317085266,1
0.4544280469417572,1
0.28843554854393005,1
0.3759152591228485,1
0.3406482934951782,1
0.36791759729385376,1
0.3228529989719391,1
0.45893996953964233,1
0.5587242245674133,1
0.37343817949295044,1
0.53530353307724,1
0.4567747116088867,1
0.3601001501083374,1
0.24876302480697632,1
0.4375355839729309,1
0.3514876663684845,1
0.34092873334884644,1
0.40019312500953674,1
0.4206070005893707,1
0.3782612681388855,1
0.3871784806251526,1
0.42952215671539307,1
0.34491997957229614,1
0.3480601906776428,1
0.348675012588501,1
0.2956220507621765,1
0.3411106467247009,1
0.3121742010116577,1
0.3939667344093323,1
0.42050376534461975,1
0.3404462933540344,1
0.35400980710983276,1
0.44244062900543213,1
0.36398106813430786,1
0.42105114459991455,1
0.4754723906517029,1
0.35914722084999084,1
0.43810203671455383,1
0.3017832636833191,1
0.3336262106895447,1
0.32335007190704346,1
0.42146536707878113,1
0.33956393599510193,1
0.37326669692993164,1
0.3398666977882385,1
0.23425930738449097,1
0.37366294860839844,1
0.362032413482666,1
0.4733063578605652,1
0.4037264287471771,1
0.43501830101013184,1
0.3397907614707947,1
0.5101892948150635,1
0.28840774297714233,1
0.48101288080215454,1
0.428708553314209,1
0.2635250687599182,1
0.4153378903865814,1
0.31794270873069763,1
0.4970751106739044,1
0.35310906171798706,1
0.40200746059417725,1
0.3327057957649231,1
0.3734508156776428,1
0.4536098837852478,1
0.38265034556388855,1
0.36043480038642883,1
0.33874908089637756,1
0.4562668800354004,1
0.4797322750091553,1
0.4654477834701538,1
0.47850531339645386,1
0.24537062644958496,1
0.3099461793899536,1
0.39369964599609375,1
0.34813129901885986,1
0.3474481701850891,1
0.4195808172225952,1
0.33951079845428467,1
0.2910443842411041,1
0.36426401138305664,1
0.4538726210594177,1
0.279285192489624,1
0.5179550647735596,1
0.43409276008605957,1
0.3440980315208435,1
0.354717493057251,1
0.3533851206302643,1
0.37031063437461853,1
0.3394426703453064,1
0.30378833413124084,1
0.4201575517654419,1
0.47680169343948364,1
0.41533660888671875,1
0.272513210773468,1
0.4003414809703827,1
0.3365013897418976,1
0.40739816427230835,1
0.3322400450706482,1
0.3970787823200226,1
0.48910194635391235,1
0.33166444301605225,1
0.3954586386680603,1
0.3959035873413086,1
0.267074316740036,1
0.3785434067249298,1
0.39920514822006226,1
0.38861149549484253,1
0.36280104517936707,1
0.3331117331981659,1
0.3650345802307129,1
0.39927366375923157,1
0.3721936345100403,1
0.427543044090271,1
0.4472213089466095,1
0.4008099436759949,1
0.43402957916259766,1
0.3458918333053589,1
0.32919827103614807,1
0.38476794958114624,1
0.5060401558876038,1
0.40296781063079834,1
0.37805530428886414,1
0.4345477819442749,1
0.4288005828857422,1
0.3133222758769989,1
0.2895715832710266,1
0.44442224502563477,1
0.28846773505210876,1
0.39277905225753784,1
0.3896493911743164,1
0.3492957055568695,1
0.4298287034034729,1
0.37653762102127075,1
0.3341900110244751,1
0.3709547519683838,1
0.4001100957393646,1
0.5385438799858093,1
0.35986870527267456,1
0.3030979335308075,1
0.39952635765075684,1
0.45565325021743774,1
0.40980634093284607,1
0.4865425229072571,1
0.4168521761894226,1
0.379144549369812,1
0.3305434584617615,1
0.38740983605384827,1
0.3730180859565735,1
0.36395731568336487,1
0.5142449140548706,1
0.4886980950832367,1
0.3470303416252136,1
0.40894126892089844,1
0.27880072593688965,1
0.3803800940513611,1
0.34968918561935425,1
0.3838644027709961,1
0.34125515818595886,1
0.4533690810203552,1
0.42926323413848877,1
0.427327036857605,1
0.3863299489021301,1
0.375408798456192,1
0.3761952817440033,1
0.3957337737083435,1
0.4522048532962799,1
0.48227399587631226,1
0.33404338359832764,1
0.3125276267528534,1
0.4179420471191406,1
0.5177670121192932,1
0.3371615409851074,1
0.4523727297782898,1
0.377875953912735,1
0.33024606108665466,1
0.3928447961807251,1
0.40142926573753357,1
0.29994630813598633,1
0.3497648239135742,1
0.32899805903434753,1
0.4167395830154419,1
0.44244104623794556,1
0.3703089952468872,1
0.4232371151447296,1
0.2597961723804474,1
0.397632896900177,1
0.3573664128780365,1
0.32606881856918335,1
0.330136239528656,1
0.3694819211959839,1
0.37000131607055664,1
0.3772442936897278,1
0.31105753779411316,1
0.42229902744293213,1
0.44332751631736755,1
0.3947657346725464,1
0.3710889220237732,1
0.3359796404838562,1
0.31505393981933594,1
0.41420289874076843,1
0.4493231773376465,1
0.4523370862007141,1
0.3204458951950073,1
0.4222646951675415,1
0.3730018734931946,1
0.35108888149261475,1
0.303640216588974,1
0.4291185438632965,1
0.2268940508365631,1
0.4526006281375885,1
0.3581862449645996,1
0.5018402338027954,1
0.43824684619903564,1
0.42068570852279663,1
0.4103667140007019,1
0.2253565490245819,1
0.280993789434433,1
0.28995996713638306,1
0.371895432472229,1
0.2552297115325928,1
0.33063453435897827,1
0.3070507049560547,1
0.3764525353908539,1
0.4263189435005188,1
0.4186787009239197,1
0.44149050116539,1
0.4997546076774597,1
0.35447752475738525,1
0.5483098030090332,1
0.48554831743240356,1
0.3645581603050232,1
0.31974002718925476,1
0.41038888692855835,1
0.3160378932952881,1
0.33272671699523926,1
0.3180554509162903,1
0.35492193698883057,1
0.3055051565170288,1
0.2696230709552765,1
0.4166087806224823,1
0.42418617010116577,1
0.36449795961380005,1
0.41580507159233093,1
0.37736228108406067,1
0.5521062612533569,1
0.3879755139350891,1
0.3155994117259979,1
0.3125317692756653,1
0.3196207284927368,1
0.43472355604171753,1
0.3083760738372803,1
0.28723692893981934,1
0.2999342083930969,1
0.38514792919158936,1
0.29118403792381287,1
0.3587762117385864,1
0.3516028821468353,1
0.3376320004463196,1
0.4491366446018219,1
0.3082347512245178,1
0.3142392635345459,1
0.2983982264995575,1
0.3769279718399048,1
0.3452798128128052,1
0.3931082785129547,1
0.3729041814804077,1
0.27924805879592896,1
0.41844359040260315,1
0.4013376832008362,1
0.37898874282836914,1
0.38306623697280884,1
0.39766788482666016,1
0.33076080679893494,1
0.3719409108161926,1
0.2758125066757202,1
0.43557238578796387,1
0.4049249291419983,1
0.3491683602333069,1
0.41758018732070923,1
0.38967016339302063,1
0.40261292457580566,1
0.3953048288822174,1
0.44018179178237915,1
0.4145042896270752,1
0.2955917418003082,1
0.5165749788284302,1
0.36576882004737854,1
0.36212342977523804,1
0.4580482542514801,1
0.3193725049495697,1
0.23032036423683167,1
0.43760383129119873,1
0.3977503180503845,1
0.28989240527153015,1
0.46121153235435486,1
0.3970711827278137,1
0.5125480890274048,1
0.37936583161354065,1
0.39280515909194946,1
0.3409934639930725,1
0.3507024645805359,1
0.3268775939941406,1
0.31293785572052,1
0.30963629484176636,1
0.42241841554641724,1
0.35998106002807617,1
0.36172688007354736,1
0.47318679094314575,1
0.42647528648376465,1
0.4078812003135681,1
0.32734444737434387,1
0.3263733983039856,1
0.30466562509536743,1
0.4208362102508545,1
0.5460968613624573,1
0.34839940071105957,1
0.392559289932251,1
0.3840100169181824,1
0.4374566674232483,1
0.318293035030365,1
0.31910672783851624,1
0.3848166763782501,1
0.37875550985336304,1
0.4162553548812866,1
0.3385329842567444,1
0.38004249334335327,1
0.47561830282211304,1
0.33898305892944336,1
0.41113564372062683,1
0.4312278628349304,1
0.345211386680603,1
0.36895835399627686,1
0.33746159076690674,1
0.3526015877723694,1
0.28993096947669983,1
0.36619240045547485,1
0.39959046244621277,1
0.5165168046951294,1
0.4229215681552887,1
0.33208465576171875,1
0.40420758724212646,1
0.548254668712616,1
0.3719412088394165,1
0.4449847936630249,1
0.4523596465587616,1
0.3115147650241852,1
0.37284013628959656,1
0.4315716326236725,1
0.3956843614578247,1
0.4416620135307312,1
0.5101050138473511,1
0.40807202458381653,1
0.29967379570007324,1
0.40257781744003296,1
0.33123546838760376,1
0.38865211606025696,1
0.4379539489746094,1
0.4190610647201538,1
0.4446026086807251,1
0.40283825993537903,1
0.27332136034965515,1
0.38131052255630493,1
0.4092438220977783,1
0.33755722641944885,1
0.35821518301963806,1
0.4132668972015381,1
0.4690070152282715,1
0.4415307641029358,1
0.38579776883125305,1
0.4073277711868286,1
0.30004262924194336,1
0.43109217286109924,1
0.40992870926856995,1
0.43591588735580444,1
0.40122637152671814,1
0.45362913608551025,1
0.3201652765274048,1
0.3953189551830292,1
0.4169645309448242,1
0.3953854739665985,1
0.2863498628139496,1
0.3516848385334015,1
0.28899815678596497,1
0.411672979593277,1
0.34045374393463135,1
0.3081497550010681,1
0.37178289890289307,1
0.3840053975582123,1
0.3440409004688263,1
0.3561842739582062,1
0.35531187057495117,1
0.35274574160575867,1
0.329690545797348,1
0.38855814933776855,1
0.3134387135505676,1
0.30505749583244324,1
0.4096664786338806,1
0.380156934261322,1
0.4068480134010315,1
0.28344643115997314,1
0.37014245986938477,1
0.33780229091644287,1
0.4333966374397278,1
0.39678940176963806,1
0.5526573061943054,1
0.32076871395111084,1
0.3778519332408905,1
0.3402206301689148,1
0.3408064842224121,1
0.5305644869804382,1
0.3289002478122711,1
0.43490830063819885,1
0.2784287929534912,1
0.35084593296051025,1
0.4940161108970642,1
0.40126001834869385,1
0.358170747756958,1
0.38683652877807617,1
0.30570709705352783,1
0.4021238386631012,1
0.4243740737438202,1
0.4251081347465515,1
0.34913623332977295,1
0.40635260939598083,1
0.4394831657409668,1
0.40658992528915405,1
0.25663816928863525,1
0.3857671916484833,1
0.22671359777450562,1
0.4532287120819092,1
0.2682112455368042,1
0.3478139638900757,1
0.37438637018203735,1
0.4438360929489136,1
0.3697616457939148,1
0.4066266417503357,1
0.39997097849845886,1
0.3113929033279419,1
0.42970600724220276,1
0.3464726209640503,1
0.35758209228515625,1
0.3715686798095703,1
0.35866230726242065,1
0.30182257294654846,1
0.3798879086971283,1
0.25917062163352966,1
0.4518047869205475,1
0.3318527936935425,1
0.40307873487472534,1
0.43440312147140503,1
0.3932775557041168,1
0.6024858951568604,1
0.4397358298301697,1
0.34326601028442383,1
0.44261497259140015,1
0.3740084171295166,1
0.43866315484046936,1
0.3138367831707001,1
0.38880690932273865,1
0.33376801013946533,1
0.3677918314933777,1
0.3658256232738495,1
0.2640785276889801,1
0.37102407217025757,1
0.354472279548645,1
0.452413409948349,1
0.31215283274650574,1
0.36901384592056274,1
0.3765260875225067,1
0.34978771209716797,1
0.3915524482727051,1
0.35192155838012695,1
0.37458547949790955,1
0.35499340295791626,1
0.4139309525489807,1
0.38984519243240356,1
0.34528934955596924,1
0.41869592666625977,1
0.3054066300392151,1
0.330600768327713,1
0.29641374945640564,1
0.49427330493927,1
0.3302944302558899,1
0.3952375650405884,1
0.2990318238735199,1
0.441797137260437,1
0.2776460349559784,1
0.38401591777801514,1
0.2642243504524231,1
0.42434942722320557,1
0.38937580585479736,1
0.3134725093841553,1
0.44305941462516785,1
0.296836256980896,1
0.24814888834953308,1
0.33675312995910645,1
0.520756721496582,1
0.3215532898902893,1
0.3452845513820648,1
0.4265480041503906,1
0.4177766740322113,1
0.3731646239757538,1
0.3061445951461792,1
0.3161203861236572,1
0.506372332572937,1
0.41042715311050415,1
0.39057374000549316,1
0.43386638164520264,1
0.4072358012199402,1
0.3791482150554657,1
0.38054466247558594,1
0.3519268333911896,1
0.4523826241493225,1
0.4241742193698883,1
0.33129429817199707,1
0.3693423867225647,1
0.4421760141849518,1
0.3836793899536133,1
0.34478330612182617,1
0.4556487202644348,1
0.3309839367866516,1
0.4818951487541199,1
0.38086190819740295,1
0.31907182931900024,1
0.2965318262577057,1
0.3551453948020935,1
0.33791300654411316,1
0.40987899899482727,1
0.30989870429039,1
0.3961629271507263,1
0.4273277521133423,1
0.3325483202934265,1
0.42543691396713257,1
0.330499529838562,1
0.3407230079174042,1
0.42380690574645996,1
0.37440213561058044,1
0.3006429970264435,1
0.44563472270965576,1
0.39155301451683044,1
0.3112020790576935,1
0.28288647532463074,1
0.39834064245224,1
0.23472926020622253,1
0.3613305389881134,1
0.45004671812057495,1
0.35156819224357605,1
0.40019720792770386,1
0.5580376386642456,1
0.4283946752548218,1
0.46425703167915344,1
0.3101691007614136,1
0.3695161044597626,1
0.3993275463581085,1
0.39508822560310364,1
0.4688414931297302,1
0.25406497716903687,1
0.5028344988822937,1
0.35267961025238037,1
0.3571552634239197,1
0.3824418783187866,1
0.3180474638938904,1
0.493021696805954,1
0.3633542060852051,1
0.36866915225982666,1
0.33708474040031433,1
0.33284083008766174,1
0.31958842277526855,1
0.41620850563049316,1
0.3144819140434265,1
0.39891326427459717,1
0.31666088104248047,1
0.4033794403076172,1
0.35441240668296814,1
0.5254099369049072,1
0.40498849749565125,1
0.3444162607192993,1
0.28431230783462524,1
0.4741653800010681,1
0.43048009276390076,1
0.34552329778671265,1
0.3783169090747833,1
0.39913350343704224,1
0.37201040983200073,1
0.3602670729160309,1
0.5722404718399048,1
0.34838423132896423,1
0.4197211265563965,1
0.36193573474884033,1
0.54493647813797,1
0.40481436252593994,1
0.32974204421043396,1
0.2964320182800293,1
0.3790317177772522,1
0.3077782988548279,1
0.37762317061424255,1
0.3556787371635437,1
0.3582744598388672,1
0.42054200172424316,1
0.3866114020347595,1
0.3719843029975891,1
0.3367522358894348,1
0.33275359869003296,1
0.37061530351638794,1
0.31824013590812683,1
0.3833332657814026,1
0.37709566950798035,1
0.45753705501556396,1
0.32159197330474854,1
0.4595237374305725,1
0.33523792028427124,1
0.3548852801322937,1
0.49786633253097534,1
0.34356585144996643,1
0.40554025769233704,1
0.303819477558136,1
0.41957521438598633,1
0.42737555503845215,1
0.46463459730148315,1
0.28375035524368286,1
0.4074782431125641,1
0.398212730884552,1
0.41423681378364563,1
0.5128638744354248,1
0.2972283959388733,1
0.2891855835914612,1
0.3408902883529663,1
0.39348745346069336,1
0.43731245398521423,1
0.3602204918861389,1
0.5015161037445068,1
0.31393715739250183,1
0.3747784197330475,1
0.3965454697608948,1
0.4205915331840515,1
0.30852752923965454,1
0.5000905990600586,1
0.3968028426170349,1
0.4568105638027191,1
0.49689581990242004,1
0.38896554708480835,1
0.47392702102661133,1
0.3425824046134949,1
0.35925570130348206,1
0.40346118807792664,1
0.36816897988319397,1
0.3507445454597473,1
0.2938616871833801,1
0.40102076530456543,1
0.3204888105392456,1
0.3679688274860382,1
0.32097551226615906,1
0.33627623319625854,1
0.35763686895370483,1
0.28041505813598633,1
0.3132779896259308,1
0.45064663887023926,1
0.42123115062713623,1
0.47727587819099426,1
0.3782842755317688,1
0.3921695947647095,1
0.41670477390289307,1
0.42324820160865784,1
0.41838088631629944,1
0.37522247433662415,1
0.43539419770240784,1
0.3411034047603607,1
0.28728729486465454,1
0.3985782861709595,1
0.3885440230369568,1
0.41264063119888306,1
0.44140464067459106,1
0.40709418058395386,1
0.4310090243816376,1
0.327282190322876,1
0.4159088432788849,1
0.4543875753879547,1
0.3058525621891022,1
0.4264410138130188,1
0.40795964002609253,1
0.4379437565803528,1
0.4243502616882324,1
0.43786340951919556,1
0.3208492398262024,1
0.3076939284801483,1
0.47087404131889343,1
0.42333704233169556,1
0.371019572019577,1
0.4018329977989197,1
0.3715435564517975,1
0.2767696976661682,1
0.35198909044265747,1
0.39682766795158386,1
0.45581871271133423,1
0.3059419095516205,1
0.34715500473976135,1
0.40397799015045166,1
0.3836507797241211,1
0.42277073860168457,1
0.3790127635002136,1
0.4004991054534912,1
0.46619442105293274,1
0.46021485328674316,1
0.33046531677246094,1
0.3814869523048401,1
0.4849242568016052,1
0.4527347981929779,1
0.31815773248672485,1
0.2983725368976593,1
0.33413994312286377,1
0.2395024597644806,1
0.36555951833724976,1
0.4466618299484253,1
0.35312074422836304,1
0.360879510641098,1
0.3776145279407501,1
0.3185834586620331,1
0.46519744396209717,1
0.4591241776943207,1
0.4589460492134094,1
0.41668209433555603,1
0.41634148359298706,1
0.4434563219547272,1
0.3153786361217499,1
0.3601599633693695,1
0.373198539018631,1
0.4578488767147064,1
0.2935969829559326,1
0.3571591377258301,1
0.3309769928455353,1
0.27614283561706543,1
0.354159951210022,1
0.3242000341415405,1
0.3069750666618347,1
0.469490110874176,1
0.45486724376678467,1
0.33834296464920044,1
0.47971904277801514,1
0.44358283281326294,1
0.4060796797275543,1
0.35911285877227783,1
0.3982609510421753,1
0.3763332962989807,1
0.35723966360092163,1
0.4107261598110199,1
0.3688551187515259,1
0.4105471968650818,1
0.3744174540042877,1
0.3527362048625946,1
0.43159669637680054,1
0.3533211946487427,1
0.43686580657958984,1
0.38197267055511475,1
0.3344530761241913,1
0.49623748660087585,1
0.47352373600006104,1
0.39914819598197937,1
0.3745960593223572,1
0.37475982308387756,1
0.4128895699977875,1
0.36220893263816833,1
0.5616395473480225,1
0.3468831181526184,1
0.37399253249168396,1
0.44680631160736084,1
0.35694533586502075,1
0.4213758707046509,1
0.5006319284439087,1
0.38417738676071167,1
0.4470771253108978,1
0.38669872283935547,1
0.4183884263038635,1
0.5028818845748901,1
0.36334219574928284,1
0.30360960960388184,1
0.41634073853492737,1
0.37436455488204956,1
0.4843214154243469,1
0.3241082727909088,1
0.3940117657184601,1
0.37578123807907104,1
0.37890946865081787,1
0.45983725786209106,1
0.4439668655395508,1
0.3359869122505188,1
0.42806780338287354,1
0.3361666798591614,1
0.36527058482170105,1
0.40264180302619934,1
0.46456193923950195,1
0.4058063328266144,1
0.4633030891418457,1
0.44193971157073975,1
0.37861329317092896,1
0.25906458497047424,1
0.35929685831069946,1
0.3537616431713104,1
0.3574559688568115,1
0.3428654074668884,1
0.4634435772895813,1
0.31415799260139465,1
0.32444196939468384,1
0.3655615448951721,1
0.3740571141242981,1
0.4473060667514801,1
0.3882173001766205,1
0.3305647075176239,1
0.32595551013946533,1
0.3623577356338501,1
0.4524463415145874,1
0.34124210476875305,1
0.4242421090602875,1
0.4271155595779419,1
0.46884632110595703,1
0.31145280599594116,1
0.3477153480052948,1
0.38437747955322266,1
0.41688862442970276,1
0.41977185010910034,1
0.35634228587150574,1
0.4111860990524292,1
0.2860189378261566,1
0.2967020273208618,1
0.5055651664733887,1
0.3651353120803833,1
0.42518627643585205,1
0.3555017411708832,1
0.3528650104999542,1
0.41573476791381836,1
0.26337406039237976,1
0.39105039834976196,1
0.4180992841720581,1
0.35181307792663574,1
0.34672248363494873,1
0.3118515908718109,1
0.4781447947025299,1
0.378657728433609,1
0.42721110582351685,1
0.41393613815307617,1
0.38986802101135254,1
0.434003621339798,1
0.5336562395095825,1
0.42329469323158264,1
0.4120563268661499,1
0.37726128101348877,1
0.37080490589141846,1
0.29140862822532654,1
0.3081277012825012,1
0.29380422830581665,1
0.442999929189682,1
0.38275036215782166,1
0.3921450972557068,1
0.47069835662841797,1
0.25030168890953064,1
0.36515486240386963,1
0.4973064661026001,1
0.32470810413360596,1
0.3178286850452423,1
0.35135772824287415,1
0.5296931266784668,1
0.42599722743034363,1
0.47600266337394714,1
0.39624279737472534,1
0.28610023856163025,1
0.6378493309020996,1
0.2907906174659729,1
0.4219834506511688,1
0.296004056930542,1
0.39432305097579956,1
0.44488590955734253,1
0.43139100074768066,1
0.30279234051704407,1
0.3752422630786896,1
0.47305506467819214,1
0.36775779724121094,1
0.44457024335861206,1
0.3637619912624359,1
0.4490317106246948,1
0.4671928882598877,1
0.361860454082489,1
0.4353732168674469,1
0.3637521266937256,1
0.5704964399337769,1
0.37463873624801636,1
0.5471278429031372,1
0.4055231511592865,1
0.3521048426628113,1
0.4684029221534729,1
0.4230329692363739,1
0.34734106063842773,1
0.35289517045021057,1
0.35999417304992676,1
0.4095030426979065,1
0.32094815373420715,1
0.4030095636844635,1
0.4272562861442566,1
0.4487283229827881,1
0.3930220305919647,1
0.45902153849601746,1
0.35089999437332153,1
0.3750147819519043,1
0.37518835067749023,1
0.4265032410621643,1
0.4198128581047058,1
0.35904598236083984,1
0.3064268231391907,1
0.33183497190475464,1
0.33334290981292725,1
0.343349814414978,1
0.3619053363800049,1
0.4166213572025299,1
0.4273146092891693,1
0.41177821159362793,1
0.5301017761230469,1
0.4453129172325134,1
0.2784903645515442,1
0.40559810400009155,1
0.4247668385505676,1
0.43780961632728577,1
0.3844683766365051,1
0.3602013885974884,1
0.3798726797103882,1
0.5609142780303955,1
0.520093560218811,1
0.3153868615627289,1
0.4500487446784973,1
0.3580855429172516,1
0.4543694257736206,1
0.3817042112350464,1
0.4027380645275116,1
0.36116278171539307,1
0.27030760049819946,1
0.3945985734462738,1
0.4103952646255493,1
0.43593892455101013,1
0.45223936438560486,1
0.36642342805862427,1
0.4133337140083313,1
0.2978319823741913,1
0.4180910289287567,1
0.3862479329109192,1
0.3828599154949188,1
0.41248443722724915,1
0.4277042746543884,1
0.35285112261772156,1
0.37444210052490234,1
0.33384689688682556,1
0.36197012662887573,1
0.3122294247150421,1
0.3571624755859375,1
0.3212186098098755,1
0.38833290338516235,1
0.4644928574562073,1
0.3681401014328003,1
0.3362535536289215,1
0.4947659969329834,1
0.40336301922798157,1
0.43207764625549316,1
0.4601876735687256,1
0.5063865184783936,1
0.35557398200035095,1
0.5412353277206421,1
0.5949100852012634,1
0.38010352849960327,1
0.3853296637535095,1
0.3615565896034241,1
0.32011598348617554,1
0.42412006855010986,1
0.44385457038879395,1
0.3240034580230713,1
0.3495098352432251,1
0.3706486225128174,1
0.4085770845413208,1
0.3737996816635132,1
0.33514922857284546,1
0.4088796377182007,1
0.41127097606658936,1
0.4112723767757416,1
0.3032408356666565,1
0.4281763732433319,1
0.30177801847457886,1
0.3707208037376404,1
0.42935192584991455,1
0.3623950779438019,1
0.28818339109420776,1
0.36442118883132935,1
0.37996000051498413,1
0.4301713705062866,1
0.4201419949531555,1
0.3471721112728119,1
0.4035165309906006,1
0.268830806016922,1
0.4135241210460663,1
0.3784903287887573,1
0.44837889075279236,1
0.37725549936294556,1
0.5268811583518982,1
0.3997668921947479,1
0.28232839703559875,1
0.3461064100265503,1
0.39640671014785767,1
0.4071156978607178,1
0.4251183271408081,1
0.4510207176208496,1
0.26535019278526306,1
0.5140112638473511,1
0.38267970085144043,1
0.47250479459762573,1
0.4204760193824768,1
0.2911945581436157,1
0.3752234876155853,1
0.4927854537963867,1
0.42552450299263,1
0.3874448537826538,1
0.34589430689811707,1
0.3859280049800873,1
0.38365787267684937,1
0.3619222939014435,1
0.4461331367492676,1
0.2910781502723694,1
0.37873464822769165,1
0.42892858386039734,1
0.4388851523399353,1
0.3298698365688324,1
0.38846758008003235,1
0.35995030403137207,1
0.3929894268512726,1
0.2899650037288666,1
0.31071776151657104,1
0.3110106587409973,1
0.38154974579811096,1
0.3230578899383545,1
0.31455257534980774,1
0.35619157552719116,1
0.4321567416191101,1
0.2799561619758606,1
0.4283750653266907,1
0.45019277930259705,1
0.4550965428352356,1
0.33423128724098206,1
0.3805680274963379,1
0.526745080947876,1
0.35674014687538147,1
0.36159753799438477,1
0.3855138123035431,1
0.32363149523735046,1
0.33240067958831787,1
0.30493974685668945,1
0.3486872911453247,1
0.4069744348526001,1
0.48350241780281067,1
0.3177226781845093,1
0.2729780673980713,1
0.39631974697113037,1
0.5179896950721741,1
0.48015719652175903,1
0.309332013130188,1
0.4042821228504181,1
0.3886471092700958,1
0.32690733671188354,1
0.3802645802497864,1
0.5142375230789185,1
0.3407841920852661,1
0.41666075587272644,1
0.4363998472690582,1
0.4765399396419525,1
0.2792794406414032,1
0.4472213089466095,1
0.5282671451568604,1
0.4116690158843994,1
0.29446280002593994,1
0.39956003427505493,1
0.37256962060928345,1
0.4209156036376953,1
0.37936127185821533,1
0.37195536494255066,1
0.3229168653488159,1
0.43961820006370544,1
0.40428435802459717,1
0.3852798044681549,1
0.4207325577735901,1
0.35003143548965454,1
0.3366875648498535,1
0.38633430004119873,1
0.562446653842926,1
0.49209290742874146,1
0.32465606927871704,1
0.3519018292427063,1
0.32248836755752563,1
0.2859530746936798,1
0.3443121314048767,1
0.36658811569213867,1
0.27209150791168213,1
0.34667205810546875,1
0.49104243516921997,1
0.348516047000885,1
0.5797337293624878,1
0.35416078567504883,1
0.362188458442688,1
0.40427830815315247,1
0.4367011785507202,1
0.4077065885066986,1
0.29667410254478455,1
0.47329363226890564,1
0.31094324588775635,1
0.40093934535980225,1
0.4204291105270386,1
0.4040282368659973,1
0.34963351488113403,1
0.36415818333625793,1
0.2911684513092041,1
0.31559300422668457,1
0.5405881404876709,1
0.43763303756713867,1
0.3680811822414398,1
0.431435763835907,1
0.34525495767593384,1
0.4322206377983093,1
0.391606867313385,1
0.3648621439933777,1
0.36178824305534363,1
0.3845146596431732,1
0.4214317202568054,1
0.4542689621448517,1
0.4347614049911499,1
0.3557523488998413,1
0.3237708806991577,1
0.3755236268043518,1
0.30087560415267944,1
0.39274024963378906,1
0.37819501757621765,1
0.3654780983924866,1
0.4700758457183838,1
0.37996968626976013,1
0.480648398399353,1
0.4276113510131836,1
0.45881304144859314,1
0.2766292095184326,1
0.3246151804924011,1
0.308329701423645,1
0.4198259711265564,1
0.403881698846817,1
0.3084314465522766,1
0.3819623589515686,1
0.39295682311058044,1
0.44346314668655396,1
0.4242960810661316,1
0.32224351167678833,1
0.3192079961299896,1
0.38147449493408203,1
0.3901553153991699,1
0.3563227355480194,1
0.28299689292907715,1
0.45903480052948,1
0.5052991509437561,1
0.3544324040412903,1
0.3337624669075012,1
0.46663904190063477,1
0.34098517894744873,1
0.3306314945220947,1
0.3284813463687897,1
0.34805381298065186,1
0.39163291454315186,1
0.4441326856613159,1
0.34245890378952026,1
0.3114115595817566,1
0.3749469518661499,1
0.28472059965133667,1
0.3305566906929016,1
0.4058719873428345,1
0.2783547043800354,1
0.36896705627441406,1
0.37672391533851624,1
0.37402114272117615,1
0.41462403535842896,1
0.38769108057022095,1
0.35432168841362,1
0.4326666593551636,1
0.3725520968437195,1
0.27672308683395386,1
0.44779855012893677,1
0.35519081354141235,1
0.3576256036758423,1
0.3481898307800293,1
0.4861847758293152,1
0.3997637629508972,1
0.39363011717796326,1
0.28986984491348267,1
0.34690219163894653,1
0.31697213649749756,1
0.441371351480484,1
0.3472597301006317,1
0.5156641006469727,1
0.37737491726875305,1
0.3699784278869629,1
0.33584359288215637,1
0.3646482229232788,1
0.3463965654373169,1
0.44811728596687317,1
0.3733973503112793,1
0.49156874418258667,1
0.30452537536621094,1
0.4802553355693817,1
0.4098101854324341,1
0.42361727356910706,1
0.33909398317337036,1
0.4694526195526123,1
0.24653035402297974,1
0.4300956726074219,1
0.3693016767501831,1
0.38282468914985657,1
0.2874987721443176,1
0.4122881293296814,1
0.41775500774383545,1
0.3672090768814087,1
0.3689429461956024,1
0.31116026639938354,1
0.4182564914226532,1
0.4727073609828949,1
0.4520453214645386,1
0.4067200720310211,1
0.3848624527454376,1
0.3652917444705963,1
0.40644657611846924,1
0.36675938963890076,1
0.47903376817703247,1
0.385165810585022,1
0.3730449676513672,1
0.4372081160545349,1
0.4002641439437866,1
0.4246446192264557,1
0.38351571559906006,1
0.34686172008514404,1
0.47742390632629395,1
0.36078909039497375,1
0.37078356742858887,1
0.40151116251945496,1
0.2934817671775818,1
0.44858232140541077,1
0.45724034309387207,1
0.4192239046096802,1
0.3255540430545807,1
0.44399335980415344,1
0.3623438775539398,1
0.4491066336631775,1
0.37249433994293213,1
0.3853873908519745,1
0.37114036083221436,1
0.44511598348617554,1
0.35776734352111816,1
0.44606417417526245,1
0.30862581729888916,1
0.4092618525028229,1
0.48963114619255066,1
0.310603529214859,1
0.37162572145462036,1
0.45538434386253357,1
0.4030044376850128,1
0.40616336464881897,1
0.3404029905796051,1
0.3725903630256653,1
0.3901885151863098,1
0.43998944759368896,1
0.4626688063144684,1
0.4787030816078186,1
0.38476765155792236,1
0.4702528715133667,1
0.39444515109062195,1
0.41358983516693115,1
0.3596878945827484,1
0.29539042711257935,1
0.3481748402118683,1
0.32701176404953003,1
0.37890657782554626,1
0.3883969187736511,1
0.3913803994655609,1
0.3508971035480499,1
0.42516499757766724,1
0.3542110323905945,1
0.30432355403900146,1
0.4746689796447754,1
0.4706108570098877,1
0.418186217546463,1
0.38174229860305786,1
0.47949594259262085,1
0.4583674669265747,1
0.4183533191680908,1
0.3910320997238159,1
0.5698181390762329,1
0.3870810866355896,1
0.42006629705429077,1
0.27803492546081543,1
0.31839239597320557,1
0.42711031436920166,1
0.4894631505012512,1
0.352505087852478,1
0.35204562544822693,1
0.39541226625442505,1
0.3909028470516205,1
0.42050832509994507,1
0.42702436447143555,1
0.3581278920173645,1
0.39232563972473145,1
0.34271442890167236,1
0.43155667185783386,1
0.3432471752166748,1
0.36378711462020874,1
0.37590670585632324,1
0.36202511191368103,1
0.5815438032150269,1
0.37123751640319824,1
0.34630632400512695,1
0.571451723575592,1
0.4517853558063507,1
0.34715214371681213,1
0.3297123312950134,1
0.4005255699157715,1
0.45211589336395264,1
0.482352614402771,1
0.33426737785339355,1
0.38645222783088684,1
0.3355056047439575,1
0.406511515378952,1
0.33165812492370605,1
0.4332776665687561,1
0.35775691270828247,1
0.29311513900756836,1
0.3942985534667969,1
0.3322606086730957,1
0.4191214442253113,1
0.48847314715385437,1
0.3726862967014313,1
0.3854742646217346,1
0.5434421300888062,1
0.3319275975227356,1
0.3199344575405121,1
0.33933424949645996,1
0.3901306688785553,1
0.45567646622657776,1
0.40009114146232605,1
0.32195180654525757,1
0.5521539449691772,1
0.36736607551574707,1
0.38918977975845337,1
0.41832223534584045,1
0.37321674823760986,1
0.4174146056175232,1
0.3585292398929596,1
0.3254251480102539,1
0.5212404727935791,1
0.4032033085823059,1
0.31162333488464355,1
0.3312617838382721,1
0.47481629252433777,1
0.4271262288093567,1
0.39725303649902344,1
0.3856157064437866,1
0.3421195447444916,1
0.3730495572090149,1
0.4425492286682129,1
0.5332286357879639,1
0.3289894759654999,1
0.4731746315956116,1
0.5086725950241089,1
0.38564711809158325,1
0.31753891706466675,1
0.3590429723262787,1
0.30508700013160706,1
0.36998236179351807,1
0.3222208023071289,1
0.3689654469490051,1
0.5262918472290039,1
0.3501511216163635,1
0.40142786502838135,1
0.39812302589416504,1
0.363042950630188,1
0.4822363555431366,1
0.45805054903030396,1
0.4566061198711395,1
0.4380975663661957,1
0.53412926197052,1
0.3741518259048462,1
0.427631676197052,1
0.3436059355735779,1
0.36705076694488525,1
0.3753962814807892,1
0.34597259759902954,1
0.4307141602039337,1
0.38416963815689087,1
0.41632506251335144,1
0.37665483355522156,1
0.37368637323379517,1
0.37685728073120117,1
0.42046260833740234,1
0.4274156391620636,1
0.351986825466156,1
0.37005361914634705,1
0.3105112910270691,1
0.4154503047466278,1
0.5177329778671265,1
0.40247842669487,1
0.37150660157203674,1
0.4002563953399658,1
0.3883002996444702,1
0.44033217430114746,1
0.32355496287345886,1
0.3866671323776245,1
0.39692822098731995,1
0.42438119649887085,1
0.2965676188468933,1
0.4335840344429016,1
0.4084072709083557,1
0.34226107597351074,1
0.4374784827232361,1
0.2880164384841919,1
0.35158348083496094,1
0.5080054998397827,1
0.4720107913017273,1
0.36359697580337524,1
0.3385491669178009,1
0.36233752965927124,1
0.3811858892440796,1
0.4841463267803192,1
0.49572789669036865,1
0.36046329140663147,1
0.3374864459037781,1
0.4212547242641449,1
0.44941946864128113,1
0.3687862753868103,1
0.2948121428489685,1
0.4120326042175293,1
0.41484296321868896,1
0.3797125220298767,1
0.3788229823112488,1
0.41284361481666565,1
0.4511118233203888,1
0.38544419407844543,1
0.35514748096466064,1
0.29655349254608154,1
0.41384372115135193,1
0.5392088294029236,1
0.42169028520584106,1
0.5704664587974548,1
0.3790411651134491,1
0.37196704745292664,1
0.37758052349090576,1
0.39954471588134766,1
0.36895281076431274,1
0.3447844982147217,1
0.33573073148727417,1
0.43728387355804443,1
0.3847527801990509,1
0.43483802676200867,1
0.4839479327201843,1
0.4222174882888794,1
0.4873206615447998,1
0.344055712223053,1
0.345224529504776,1
0.38479459285736084,1
0.3879566192626953,1
0.4994085431098938,1
0.4169631600379944,1
0.3088679611682892,1
0.4839140772819519,1
0.37907999753952026,1
0.48253917694091797,1
0.42615005373954773,1
0.3701605498790741,1
0.32525917887687683,1
0.3998476266860962,1
0.47903966903686523,1
0.40788164734840393,1
0.3545297384262085,1
0.30124837160110474,1
0.4417506754398346,1
0.37948840856552124,1
0.407795786857605,1
0.45053333044052124,1
0.34502193331718445,1
0.3313139081001282,1
0.34001439809799194,1
0.46106618642807007,1
0.35046836733818054,1
0.41576260328292847,1
0.3254392743110657,1
0.34015703201293945,1
0.37002620100975037,1
0.44294217228889465,1
0.48014724254608154,1
0.41001224517822266,1
0.3663168251514435,1
0.42946237325668335,1
0.3718249797821045,1
0.42965131998062134,1
0.29205676913261414,1
0.3370889127254486,1
0.35917457938194275,1
0.39557650685310364,1
0.3594987392425537,1
0.29420205950737,1
0.3208584785461426,1
0.40769538283348083,1
0.4059741199016571,1
0.3469323515892029,1
0.30143898725509644,1
0.3887846767902374,1
0.3488940894603729,1
0.33864420652389526,1
0.4017961621284485,1
0.5710495710372925,1
0.4472699761390686,1
0.4932675361633301,1
0.35723400115966797,1
0.42490363121032715,1
0.3746887743473053,1
0.4508899450302124,1
0.4299997091293335,1
0.2602875828742981,1
0.37731096148490906,1
0.4015362858772278,1
0.3659379780292511,1
0.4510200619697571,1
0.32726651430130005,1
0.48790884017944336,1
0.4386194050312042,1
0.281686007976532,1
0.44280457496643066,1
0.4018508493900299,1
0.352457731962204,1
0.3726356029510498,1
0.3661386966705322,1
0.35413604974746704,1
0.46300119161605835,1
0.3465883433818817,1
0.32212111353874207,1
0.4353066086769104,1
0.4108859896659851,1
0.38377904891967773,1
0.46631914377212524,1
0.45734933018684387,1
0.3088924288749695,1
0.41608721017837524,1
0.526349663734436,1
0.43496468663215637,1
0.33293837308883667,1
0.40161508321762085,1
0.367168664932251,1
0.4816676378250122,1
0.3647647500038147,1
0.2939918041229248,1
0.4426875710487366,1
0.47356975078582764,1
0.38595783710479736,1
0.413377583026886,1
0.3653607964515686,1
0.45992326736450195,1
0.3263596296310425,1
0.34114158153533936,1
0.5464950203895569,1
0.3601568341255188,1
0.41480347514152527,1
0.38717660307884216,1
0.2913278043270111,1
0.3823908567428589,1
0.44272997975349426,1
0.22601115703582764,1
0.28163301944732666,1
0.4325829744338989,1
0.4128781259059906,1
0.43663692474365234,1
0.5764480829238892,1
0.3628998398780823,1
0.38220563530921936,1
0.4870728850364685,1
0.3984455466270447,1
0.46056076884269714,1
0.42951658368110657,1
0.29799583554267883,1
0.32266923785209656,1
0.371081680059433,1
0.3793894946575165,1
0.4234870970249176,1
0.3444445729255676,1
0.36189037561416626,1
0.3828026056289673,1
0.42028364539146423,1
0.3450470566749573,1
0.45906755328178406,1
0.4411248564720154,1
0.30171191692352295,1
0.4211078882217407,1
0.43586623668670654,1
0.3526267111301422,1
0.43440040946006775,1
0.4540160298347473,1
0.41936302185058594,1
0.4201836585998535,1
0.42391929030418396,1
0.48596298694610596,1
0.3634977340698242,1
0.41255924105644226,1
0.3394097685813904,1
0.3622054159641266,1
0.4444129467010498,1
0.5446140766143799,1
0.42072418332099915,1
0.3824726641178131,1
0.41702187061309814,1
0.2929840087890625,1
0.43934017419815063,1
0.4330412745475769,1
0.4743657112121582,1
0.39159971475601196,1
0.44538450241088867,1
0.39134910702705383,1
0.3910492956638336,1
0.36189547181129456,1
0.40060868859291077,1
0.2736469507217407,1
0.41956496238708496,1
0.2848353087902069,1
0.3284730017185211,1
0.361663818359375,1
0.415871262550354,1
0.3226482570171356,1
0.4980710744857788,1
0.43583664298057556,1
0.328102707862854,1
0.4363706409931183,1
0.4612028896808624,1
0.37436041235923767,1
0.4182658791542053,1
0.4438275694847107,1
0.33374884724617004,1
0.44239458441734314,1
0.4066826105117798,1
0.33067774772644043,1
0.5064939260482788,1
0.3957044184207916,1
0.3553847074508667,1
0.3616115152835846,1
0.31592756509780884,1
0.33416804671287537,1
0.39107421040534973,1
0.4382580518722534,1
0.3554455637931824,1
0.4880678355693817,1
0.4568612575531006,1
0.30840882658958435,1
0.3233909606933594,1
0.3316419720649719,1
0.27833524346351624,1
0.2922923266887665,1
0.3950147032737732,1
0.4573678970336914,1
0.4905094504356384,1
0.31174877285957336,1
0.33298224210739136,1
0.3266986310482025,1
0.2956234812736511,1
0.34746208786964417,1
0.44555848836898804,1
0.34718745946884155,1
0.34086406230926514,1
0.4337243437767029,1
0.46926894783973694,1
0.4115310311317444,1
0.30765098333358765,1
0.3828062117099762,1
0.4163348078727722,1
0.36416375637054443,1
0.3563804626464844,1
0.3722045123577118,1
0.25942718982696533,1
0.3230234384536743,1
0.3784113824367523,1
0.3482997715473175,1
0.4407488703727722,1
0.29527562856674194,1
0.40322577953338623,1
0.36591243743896484,1
0.486855149269104,1
0.3632766306400299,1
0.31159764528274536,1
0.4687439799308777,1
0.6076215505599976,1
0.39901092648506165,1
0.3514426350593567,1
0.4031786024570465,1
0.3764723241329193,1
0.37459418177604675,1
0.3888636827468872,1
0.49592840671539307,1
0.36573362350463867,1
0.3912957012653351,1
0.363013356924057,1
0.3749801516532898,1
0.42642247676849365,1
0.35136106610298157,1
0.3376142084598541,1
0.36449265480041504,1
0.421822726726532,1
0.520571231842041,1
0.41187503933906555,1
0.37089434266090393,1
0.3684132695198059,1
0.45177409052848816,1
0.4937286972999573,1
0.26803892850875854,1
0.37386152148246765,1
0.41952139139175415,1
0.36291271448135376,1
0.42744654417037964,1
0.3286312520503998,1
0.27748602628707886,1
0.3962175250053406,1
0.4079880714416504,1
0.3276459872722626,1
0.49991992115974426,1
0.36423465609550476,1
0.5280599594116211,1
0.36610904335975647,1
0.30361947417259216,1
0.5102056860923767,1
0.4791562557220459,1
0.49054038524627686,1
0.3864505887031555,1
0.2620975375175476,1
0.3957100510597229,1
0.41035574674606323,1
0.4000788927078247,1
0.3735564947128296,1
0.4632718861103058,1
0.38707435131073,1
0.3420751690864563,1
0.4206310510635376,1
0.3920208215713501,1
0.3927486836910248,1
0.36916038393974304,1
0.4524504840373993,1
0.38341259956359863,1
0.358173131942749,1
0.3081626892089844,1
0.369930624961853,1
0.38368937373161316,1
0.34993597865104675,1
0.3727157711982727,1
0.42233407497406006,1
0.38816922903060913,1
0.36534732580184937,1
0.4315791130065918,1
0.3987943232059479,1
0.35080304741859436,1
0.49126532673835754,1
0.3622148334980011,1
0.36736735701560974,1
0.4964176416397095,1
0.40210390090942383,1
0.4235081970691681,1
0.3972841501235962,1
0.42469823360443115,1
0.47399547696113586,1
0.48132598400115967,1
0.39549314975738525,1
0.340694785118103,1
0.34623798727989197,1
0.3155503273010254,1
0.30769824981689453,1
0.4765573740005493,1
0.2585504353046417,1
0.4103756844997406,1
0.4436488151550293,1
0.30195873975753784,1
0.35008764266967773,1
0.2941606044769287,1
0.31591328978538513,1
0.393695205450058,1
0.3404189348220825,1
0.41100549697875977,1
0.37780898809432983,1
0.2886074483394623,1
0.30839452147483826,1
0.3566449284553528,1
0.4952116310596466,1
0.3971099555492401,1
0.44084709882736206,1
0.30850720405578613,1
0.31301432847976685,1
0.3971988558769226,1
0.486665278673172,1
0.4336451292037964,1
0.3281799554824829,1
0.3719785809516907,1
0.31629765033721924,1
0.43285033106803894,1
0.34978872537612915,1
0.30053383111953735,1
0.37679266929626465,1
0.37370413541793823,1
0.5133033990859985,1
0.41711127758026123,1
0.5115832090377808,1
0.5288362503051758,1
0.4192652106285095,1
0.3638303279876709,1
0.36561304330825806,1
0.3966622054576874,1
0.2596171200275421,1
0.37189993262290955,1
0.34698837995529175,1
0.4015692472457886,1
0.3795177936553955,1
0.43859732151031494,1
0.5625969171524048,1
0.34608572721481323,1
0.31570565700531006,1
0.3245396018028259,1
0.4353732764720917,1
0.37238609790802,1
0.3562157452106476,1
0.4330189824104309,1
0.33355194330215454,1
0.39666175842285156,1
0.36058634519577026,1
0.3308812975883484,1
0.3540303409099579,1
0.3748248219490051,1
0.2857508659362793,1
0.35713908076286316,1
0.4108368754386902,1
0.3181179165840149,1
0.28887939453125,1
0.38515809178352356,1
0.4874715209007263,1
0.4087013006210327,1
0.3470202684402466,1
0.34700238704681396,1
0.28084391355514526,1
0.43931496143341064,1
0.29759544134140015,1
0.3870033919811249,1
0.3292635381221771,1
0.3205023407936096,1
0.32197490334510803,1
0.36671921610832214,1
0.31939566135406494,1
0.39141303300857544,1
0.4172462821006775,1
0.37519991397857666,1
0.374263197183609,1
0.32773569226264954,1
0.44331005215644836,1
0.48942339420318604,1
0.3601747751235962,1
0.4212484061717987,1
0.25245288014411926,1
0.3414115905761719,1
0.34701311588287354,1
0.36223104596138,1
0.30165764689445496,1
0.33664873242378235,1
0.32783544063568115,1
0.35293763875961304,1
0.3370321989059448,1
0.30783170461654663,1
0.2867663502693176,1
0.3084928095340729,1
0.311847448348999,1
0.45438867807388306,1
0.574679970741272,1
0.4100140333175659,1
0.3933523893356323,1
0.3149036765098572,1
0.45809367299079895,1
0.38487568497657776,1
0.5015453696250916,1
0.3763817846775055,1
0.3389289081096649,1
0.37799540162086487,1
0.3194432258605957,1
0.5336980819702148,1
0.4362903833389282,1
0.41008222103118896,1
0.3996909260749817,1
0.3359842896461487,1
0.40278249979019165,1
0.41919732093811035,1
0.35762277245521545,1
0.39593344926834106,1
0.372203528881073,1
0.3465504050254822,1
0.2990945279598236,1
0.29231691360473633,1
0.4276192784309387,1
0.2957221269607544,1
0.32365936040878296,1
0.3969135880470276,1
0.3775784969329834,1
0.3460642993450165,1
0.36814650893211365,1
0.4812421202659607,1
0.46735745668411255,1
0.5145775079727173,1
0.36802902817726135,1
0.4826294183731079,1
0.3719560503959656,1
0.35033026337623596,1
0.4184069037437439,1
0.44303157925605774,1
0.3166757822036743,1
0.3219936490058899,1
0.4235035181045532,1
0.38539689779281616,1
0.2957002818584442,1
0.41383105516433716,1
0.40056949853897095,1
0.41907140612602234,1
0.3734540343284607,1
0.358198881149292,1
0.38844507932662964,1
0.4136931300163269,1
0.4633786976337433,1
0.4233019948005676,1
0.2996372878551483,1
0.3628180921077728,1
0.4120468497276306,1
0.501839280128479,1
0.40475183725357056,1
0.39791131019592285,1
0.3293913006782532,1
0.29378360509872437,1
0.397540807723999,1
0.409992516040802,1
0.3470604121685028,1
0.4088432192802429,1
0.4016551375389099,1
0.46220195293426514,1
0.364716112613678,1
0.3384888470172882,1
0.48520246148109436,1
0.3524162769317627,1
0.31162360310554504,1
0.39023151993751526,1
0.5087474584579468,1
0.3660701513290405,1
0.40507641434669495,1
0.42652520537376404,1
0.33091992139816284,1
0.3378334641456604,1
0.3903064727783203,1
0.3303951621055603,1
0.32219916582107544,1
0.27075278759002686,1
0.45800456404685974,1
0.42584922909736633,1
0.39444950222969055,1
0.38001763820648193,1
0.32887721061706543,1
0.40268516540527344,1
0.35576364398002625,1
0.3206344544887543,1
0.5631489753723145,1
0.35111498832702637,1
0.42900165915489197,1
0.3182944059371948,1
0.3267211318016052,1
0.3610680103302002,1
0.37520456314086914,1
0.49694663286209106,1
0.3386327922344208,1
0.39500880241394043,1
0.3639540672302246,1
0.33570918440818787,1
0.42832618951797485,1
0.3545900583267212,1
0.4134989082813263,1
0.3035082221031189,1
0.3568478226661682,1
0.41966956853866577,1
0.33291131258010864,1
0.3792791962623596,1
0.2260064333677292,1
0.38953831791877747,1
0.49433377385139465,1
0.2610797882080078,1
0.47560203075408936,1
0.2996094822883606,1
0.41456666588783264,1
0.37089234590530396,1
0.49960434436798096,1
0.4447174668312073,1
0.2808922529220581,1
0.4529135227203369,1
0.3496195375919342,1
0.409909188747406,1
0.4119996428489685,1
0.3420758843421936,1
0.3842259645462036,1
0.3751162886619568,1
0.37006431818008423,1
0.3485366404056549,1
0.26700061559677124,1
0.4034357964992523,1
0.4145081341266632,1
0.40135863423347473,1
0.32005226612091064,1
0.3066965937614441,1
0.3216180205345154,1
0.420162171125412,1
0.36428260803222656,1
0.3361746072769165,1
0.37637853622436523,1
0.28303390741348267,1
0.41577136516571045,1
0.3306831121444702,1
0.3741939961910248,1
0.4678969383239746,1
0.33834823966026306,1
0.37656426429748535,1
0.3292793929576874,1
0.40313833951950073,1
0.33975133299827576,1
0.3587725758552551,1
0.3743024468421936,1
0.42356348037719727,1
0.40005332231521606,1
0.38368329405784607,1
0.3385690450668335,1
0.33001381158828735,1
0.2967768609523773,1
0.4293372333049774,1
0.318148136138916,1
0.3917556405067444,1
0.35649925470352173,1
0.31959018111228943,1
0.356926292181015,1
0.36872225999832153,1
0.3852905333042145,1
0.47023439407348633,1
0.4029856026172638,1
0.358428031206131,1
0.41231703758239746,1
0.3060104548931122,1
0.39369720220565796,1
0.3087741732597351,1
0.4343318045139313,1
0.28864189982414246,1
0.2908795475959778,1
0.3380351662635803,1
0.40531402826309204,1
0.24440354108810425,1
0.39307844638824463,1
0.3963039815425873,1
0.3511487543582916,1
0.37632519006729126,1
0.37983813881874084,1
0.43243640661239624,1
0.46848803758621216,1
0.42595863342285156,1
0.5187672972679138,1
0.4917447865009308,1
0.38404563069343567,1
0.3822794258594513,1
0.3821224868297577,1
0.3374013900756836,1
0.2671297788619995,1
0.4213758707046509,1
0.3431249260902405,1
0.3676295280456543,1
0.3519633114337921,1
0.42525479197502136,1
0.37866196036338806,1
0.4854811131954193,1
0.33828485012054443,1
0.4172593653202057,1
0.41775232553482056,1
0.3511974811553955,1
0.32318681478500366,1
0.44946175813674927,1
0.3977091610431671,1
0.31542378664016724,1
0.4139309525489807,1
0.4692460596561432,1
0.33051493763923645,1
0.4100770652294159,1
0.2808370590209961,1
0.6052125692367554,1
0.41371792554855347,1
0.40858352184295654,1
0.43002527952194214,1
0.4494515657424927,1
0.3642774224281311,1
0.3263561427593231,1
0.4342411756515503,1
0.3328486680984497,1
0.4042319655418396,1
0.4576495587825775,1
0.346360981464386,1
0.41498515009880066,1
0.40479767322540283,1
0.3292737901210785,1
0.4779534339904785,1
0.4415214955806732,1
0.3591999411582947,1
0.3648233711719513,1
0.44124850630760193,1
0.3085881471633911,1
0.3727421164512634,1
0.4428028464317322,1
0.40576064586639404,1
0.37806010246276855,1
0.432293176651001,1
0.3870629072189331,1
0.3166065812110901,1
0.3873451352119446,1
0.4068126678466797,1
0.43816104531288147,1
0.30250054597854614,1
0.393892765045166,1
0.3655981123447418,1
0.5592233538627625,1
0.35040411353111267,1
0.41792500019073486,1
0.2836901545524597,1
0.42063096165657043,1
0.4025483727455139,1
0.34256136417388916,1
0.38815438747406006,1
0.35667189955711365,1
0.4831255078315735,1
0.3552248477935791,1
0.3594028055667877,1
0.35970640182495117,1
0.40937694907188416,1
0.4126315116882324,1
0.4267280399799347,1
0.37750357389450073,1
0.37821340560913086,1
0.3142588138580322,1
0.37923628091812134,1
0.37868475914001465,1
0.354746550321579,1
0.33951321244239807,1
0.3378079831600189,1
0.3835192918777466,1
0.27880460023880005,1
0.37581515312194824,1
0.4252939820289612,1
0.488975465297699,1
0.3778805136680603,1
0.377105176448822,1
0.42072904109954834,1
0.2936791777610779,1
0.3933735489845276,1
0.32399672269821167,1
0.4060611426830292,1
0.33188915252685547,1
0.25927358865737915,1
0.32040897011756897,1
0.4231632947921753,1
0.31674623489379883,1
0.4811617434024811,1
0.40789881348609924,1
0.5123513340950012,1
0.3602326214313507,1
0.39700597524642944,1
0.37211522459983826,1
0.46109893918037415,1
0.4435300827026367,1
0.34471309185028076,1
0.36667439341545105,1
0.32928285002708435,1
0.4473782777786255,1
0.41020137071609497,1
0.38099217414855957,1
0.2399386763572693,1
0.3567412793636322,1
0.46411359310150146,1
0.4533865451812744,1
0.35046446323394775,1
0.30452603101730347,1
0.3606489896774292,1
0.37718743085861206,1
0.3495416045188904,1
0.3834240734577179,1
0.4282494783401489,1
0.39680662751197815,1
0.34314805269241333,1
0.4500877261161804,1
0.39599838852882385,1
0.27694079279899597,1
0.4157600402832031,1
0.3681999742984772,1
0.3430183529853821,1
0.49949657917022705,1
0.47660133242607117,1
0.3428003787994385,1
0.4732077717781067,1
0.31671929359436035,1
0.3253322243690491,1
0.41707831621170044,1
0.39617112278938293,1
0.41799819469451904,1
0.487629234790802,1
0.362924724817276,1
0.45580825209617615,1
0.35879555344581604,1
0.3930846154689789,1
0.40093994140625,1
0.42120999097824097,1
0.36716508865356445,1
0.3224720358848572,1
0.33983874320983887,1
0.42909756302833557,1
0.4237976670265198,1
0.30298641324043274,1
0.42755192518234253,1
0.43998366594314575,1
0.2999367117881775,1
0.49171182513237,1
0.3924442529678345,1
0.38868433237075806,1
0.3699982166290283,1
0.3025222420692444,1
0.40794575214385986,1
0.3295416831970215,1
0.34859979152679443,1
0.42337116599082947,1
0.3309367299079895,1
0.35774362087249756,1
0.31823593378067017,1
0.45042020082473755,1
0.33676695823669434,1
0.4446702003479004,1
0.4602377414703369,1
0.3896474540233612,1
0.3966221809387207,1
0.33516374230384827,1
0.36773681640625,1
0.39211559295654297,1
0.39652276039123535,1
0.4199548661708832,1
0.4703669548034668,1
0.5002875924110413,1
0.3839626908302307,1
0.3753163814544678,1
0.30617523193359375,1
0.3755233585834503,1
0.3750990033149719,1
0.4259400963783264,1
0.35216307640075684,1
0.4312031865119934,1
0.5731242299079895,1
0.3135874271392822,1
0.3103328347206116,1
0.3579588532447815,1
0.3939300775527954,1
0.39064812660217285,1
0.40295347571372986,1
0.41029196977615356,1
0.34390735626220703,1
0.3276786804199219,1
0.3490403890609741,1
0.42715662717819214,1
0.4983035922050476,1
0.4180479943752289,1
0.5107215046882629,1
0.46202927827835083,1
0.449751079082489,1
0.413654625415802,1
0.32386529445648193,1
0.39720821380615234,1
0.3139308989048004,1
0.2667616009712219,1
0.4387750029563904,1
0.3263195753097534,1
0.41576841473579407,1
0.3298724591732025,1
0.41294124722480774,1
0.25431546568870544,1
0.4727892279624939,1
0.3772096335887909,1
0.5063400268554688,1
0.38101649284362793,1
0.46279293298721313,1
0.4405360817909241,1
0.35152938961982727,1
0.38632088899612427,1
0.46066707372665405,1
0.48443979024887085,1
0.40552395582199097,1
0.3129439949989319,1
0.4903848469257355,1
0.48219454288482666,1
0.4245527386665344,1
0.4033195376396179,1
0.4333731532096863,1
0.45519405603408813,1
0.38427937030792236,1
0.2942429184913635,1
0.34898462891578674,1
0.3716807961463928,1
0.48539623618125916,1
0.4252259135246277,1
0.389728307723999,1
0.25209492444992065,1
0.4682137668132782,1
0.38655394315719604,1
0.3613665997982025,1
0.3661052882671356,1
0.339424729347229,1
0.38221514225006104,1
0.35786646604537964,1
0.27139297127723694,1
0.3481579124927521,1
0.29109346866607666,1
0.47543448209762573,1
0.3379221558570862,1
0.30742090940475464,1
0.46509188413619995,1
0.3497972786426544,1
0.36803868412971497,1
0.4906752109527588,1
0.434209406375885,1
0.39518457651138306,1
0.4095962345600128,1
0.33112943172454834,1
0.2802123427391052,1
0.38237693905830383,1
0.4890385866165161,1
0.4489554166793823,1
0.35067129135131836,1
0.5037719011306763,1
0.44733187556266785,1
0.46465107798576355,1
0.4185454845428467,1
0.35644450783729553,1
0.3856601119041443,1
0.43787652254104614,1
0.29391443729400635,1
0.38140785694122314,1
0.4634860157966614,1
0.3916306793689728,1
0.4130381941795349,1
0.3748101592063904,1
0.39449000358581543,1
0.45289257168769836,1
0.34671467542648315,1
0.3622002899646759,1
0.42533454298973083,1
0.4157479405403137,1
0.4535709321498871,1
0.4254770576953888,1
0.3597211241722107,1
0.384953111410141,1
0.3718704581260681,1
0.38997140526771545,1
0.39389267563819885,1
0.34010279178619385,1
0.36663395166397095,1
0.3977815508842468,1
0.40297016501426697,1
0.40157365798950195,1
0.41567131876945496,1
0.4023965299129486,1
0.34165483713150024,1
0.37123963236808777,1
0.4963597357273102,1
0.41931480169296265,1
0.5005059242248535,1
0.3990628719329834,1
0.3019200563430786,1
0.3880164325237274,1
0.38394129276275635,1
0.32076379656791687,1
0.3038395941257477,1
0.3881765902042389,1
0.41953009366989136,1
0.38653361797332764,1
0.37834811210632324,1
0.38146036863327026,1
0.5396137833595276,1
0.41198989748954773,1
0.4102697968482971,1
0.41610682010650635,1
0.42341670393943787,1
0.372188001871109,1
0.4646764397621155,1
0.2914581596851349,1
0.4310573935508728,1
0.45003774762153625,1
0.362928181886673,1
0.478382408618927,1
0.3612835705280304,1
0.3616222143173218,1
0.36817699670791626,1
0.5484200119972229,1
0.3666079044342041,1
0.4407922923564911,1
0.4713822603225708,1
0.4725431501865387,1
0.3706527352333069,1
0.3353400230407715,1
0.3702320456504822,1
0.4194626212120056,1
0.375951886177063,1
0.36901378631591797,1
0.4640786647796631,1
0.369146466255188,1
0.35751211643218994,1
0.4261738657951355,1
0.536085844039917,1
0.30792009830474854,1
0.5123187303543091,1
0.39051222801208496,1
0.3428650498390198,1
0.31990623474121094,1
0.36498498916625977,1
0.3399619162082672,1
0.3163436949253082,1
0.3113289475440979,1
0.4651547968387604,1
0.424924373626709,1
0.36263251304626465,1
0.33487120270729065,1
0.3160204589366913,1
0.2790082097053528,1
0.30190402269363403,1
0.3825324475765228,1
0.3924497067928314,1
0.340214341878891,1
0.2960807681083679,1
0.39831647276878357,1
0.4279298782348633,1
0.339601993560791,1
0.3367292881011963,1
0.41629213094711304,1
0.2890501022338867,1
0.5728085041046143,1
0.4542117118835449,1
0.39787882566452026,1
0.3024829924106598,1
0.385378897190094,1
0.37158501148223877,1
0.3624240756034851,1
0.3305623233318329,1
0.33288049697875977,1
0.3810079097747803,1
0.4947580397129059,1
0.271589070558548,1
0.29554682970046997,1
0.3855658173561096,1
0.3235604166984558,1
0.44693896174430847,1
0.38071444630622864,1
0.36423754692077637,1
0.45461589097976685,1
0.5066543817520142,1
0.25985872745513916,1
0.39366552233695984,1
0.43199995160102844,1
0.4031807780265808,1
0.3931751251220703,1
0.31572750210762024,1
0.3286967873573303,1
0.3445647656917572,1
0.4273398816585541,1
0.515418291091919,1
0.3783970773220062,1
0.3060798645019531,1
0.37322181463241577,1
0.3640401363372803,1
0.41921383142471313,1
0.29342690110206604,1
0.3603386878967285,1
0.4082983434200287,1
0.3291786313056946,1
0.354627788066864,1
0.3290975093841553,1
0.34466037154197693,1
0.34246066212654114,1
0.3206465244293213,1
0.4993453621864319,1
0.34242090582847595,1
0.3606298267841339,1
0.4565220773220062,1
0.35822397470474243,1
0.44276392459869385,1
0.3451860547065735,1
0.45995402336120605,1
0.41889894008636475,1
0.40424180030822754,1
0.32464343309402466,1
0.38140028715133667,1
0.45442402362823486,1
0.38951000571250916,1
0.33152520656585693,1
0.5889867544174194,1
0.31764477491378784,1
0.5397855043411255,1
0.3959349989891052,1
0.47492843866348267,1
0.3321613073348999,1
0.3529903292655945,1
0.3788926303386688,1
0.276610404253006,1
0.39251968264579773,1
0.3797929883003235,1
0.4810618758201599,1
0.5363685488700867,1
0.24290990829467773,1
0.4664214849472046,1
0.3517311215400696,1
0.3592926263809204,1
0.3893773555755615,1
0.37407973408699036,1
0.36750999093055725,1
0.35103946924209595,1
0.45314377546310425,1
0.38173598051071167,1
0.38066303730010986,1
0.32134559750556946,1
0.38596534729003906,1
0.39883241057395935,1
0.35002201795578003,1
0.31885826587677,1
0.31858760118484497,1
0.2974318265914917,1
0.40068838000297546,1
0.4072326421737671,1
0.48172610998153687,1
0.4150826036930084,1
0.4150729775428772,1
0.4077443778514862,1
0.33898282051086426,1
0.36289891600608826,1
0.35131895542144775,1
0.32118409872055054,1
0.4218738377094269,1
0.3097141981124878,1
0.4626119136810303,1
0.3282003402709961,1
0.47764909267425537,1
0.35738080739974976,1
0.42404502630233765,1
0.3872566819190979,1
0.48579415678977966,1
0.3002855181694031,1
0.3541342616081238,1
0.4974561333656311,1
0.3873451352119446,1
0.33195459842681885,1
0.37073859572410583,1
0.2927234172821045,1
0.4103606045246124,1
0.36750727891921997,1
0.5051454305648804,1
0.380471408367157,1
0.4366995096206665,1
0.35214754939079285,1
0.48254960775375366,1
0.3212510645389557,1
0.36926931142807007,1
0.4880963861942291,1
0.3579394519329071,1
0.31573259830474854,1
0.3220987319946289,1
0.514782190322876,1
0.40428510308265686,1
0.36579740047454834,1
0.3096869885921478,1
0.4395076036453247,1
0.41368842124938965,1
0.424744576215744,1
0.3819507360458374,1
0.372529000043869,1
0.4362265467643738,1
0.5024860501289368,1
0.31673663854599,1
0.3725660443305969,1
0.33264869451522827,1
0.3950125575065613,1
0.36095288395881653,1
0.29531681537628174,1
0.36764633655548096,1
0.4369516968727112,1
0.3646172881126404,1
0.41680359840393066,1
0.3523275852203369,1
0.38304656744003296,1
0.38133859634399414,1
0.4013513922691345,1
0.40181103348731995,1
0.4343375861644745,1
0.3666808307170868,1
0.40080368518829346,1
0.3271806836128235,1
0.3378095030784607,1
0.41448771953582764,1
0.3731479048728943,1
0.39757025241851807,1
0.402037113904953,1
0.45266735553741455,1
0.40171754360198975,1
0.34820571541786194,1
0.4000876247882843,1
0.4091636538505554,1
0.32162025570869446,1
0.35740432143211365,1
0.33370375633239746,1
0.41015881299972534,1
0.41142767667770386,1
0.34097081422805786,1
0.328561007976532,1
0.3997085690498352,1
0.41112202405929565,1
0.47380805015563965,1
0.3643178641796112,1
0.3739384114742279,1
0.358603298664093,1
0.39852914214134216,1
0.40361860394477844,1
0.35175952315330505,1
0.35752925276756287,1
0.48645809292793274,1
0.3604391813278198,1
0.40673545002937317,1
0.33055126667022705,1
0.34495094418525696,1
0.38277941942214966,1
0.5626546740531921,1
0.5104427933692932,1
0.3962148129940033,1
0.4660598635673523,1
0.3154836595058441,1
0.32399097084999084,1
0.47183582186698914,1
0.43284130096435547,1
0.41324496269226074,1
0.37044987082481384,1
0.28828832507133484,1
0.3107638955116272,1
0.4329044222831726,1
0.3707501292228699,1
0.4744669795036316,1
0.539595901966095,1
0.26374363899230957,1
0.461093544960022,1
0.3694627285003662,1
0.4841656982898712,1
0.3527877628803253,1
0.32608762383461,1
0.37634602189064026,1
0.3300701379776001,1
0.36387115716934204,1
0.39555802941322327,1
0.2935250997543335,1
0.409862220287323,1
0.36757221817970276,1
0.428931325674057,1
0.3078385293483734,1
0.29312634468078613,1
0.44401422142982483,1
0.3254536986351013,1
0.3274245858192444,1
0.37949687242507935,1
0.32212400436401367,1
0.3197760581970215,1
0.46392905712127686,1
0.35628223419189453,1
0.30633556842803955,1
0.3808606266975403,1
0.3895248472690582,1
0.4117046594619751,1
0.36886176466941833,1
0.4504656195640564,1
0.2501371204853058,1
0.4369710683822632,1
0.3599761724472046,1
0.38524994254112244,1
0.431120902299881,1
0.4598322808742523,1
0.38102567195892334,1
0.33111655712127686,1
0.5368821024894714,1
0.4359150528907776,1
0.355238139629364,1
0.3137345314025879,1
0.425933837890625,1
0.26193028688430786,1
0.3915679156780243,1
0.3048039972782135,1
0.39511412382125854,1
0.40614354610443115,1
0.3352259695529938,1
0.44655007123947144,1
0.43100446462631226,1
0.44712531566619873,1
0.4511995315551758,1
0.37898311018943787,1
0.4192076325416565,1
0.4820387363433838,1
0.31844770908355713,1
0.44360601902008057,1
0.33263713121414185,1
0.22669684886932373,1
0.3092954158782959,1
0.3360025882720947,1
0.4722900390625,1
0.414368212223053,1
0.44904106855392456,1
0.310708224773407,1
0.31812113523483276,1
0.30111604928970337,1
0.3613797128200531,1
0.3510327935218811,1
0.285913348197937,1
0.3626469075679779,1
0.44532689452171326,1
0.4353613257408142,1
0.38484787940979004,1
0.4204917550086975,1
0.3163389265537262,1
0.4608108103275299,1
0.3924814760684967,1
0.3574049472808838,1
0.36273422837257385,1
0.34154725074768066,1
0.28796812891960144,1
0.3463951051235199,1
0.5071791410446167,1
0.32674190402030945,1
0.31535670161247253,1
0.3630744218826294,1
0.519115149974823,1
0.34141847491264343,1
0.44758352637290955,1
0.346158504486084,1
0.4231380224227905,1
0.327639639377594,1
0.3340609669685364,1
0.3003835678100586,1
0.3924594223499298,1
0.3432387113571167,1
0.5001663565635681,1
0.36512887477874756,1
0.3816903829574585,1
0.37465864419937134,1
0.4618324041366577,1
0.40933144092559814,1
0.555103600025177,1
0.48050960898399353,1
0.473094642162323,1
0.41282251477241516,1
0.45184025168418884,1
0.41778111457824707,1
0.38508546352386475,1
0.4927293658256531,1
0.3073887228965759,1
0.41045886278152466,1
0.4622480869293213,1
0.3284725844860077,1
0.33562684059143066,1
0.46526607871055603,1
0.4156370162963867,1
0.270443856716156,1
0.4640173017978668,1
0.3825249969959259,1
0.2687790095806122,1
0.3508908152580261,1
0.4268401563167572,1
0.4058282673358917,1
0.39434319734573364,1
0.3594013452529907,1
0.3596062958240509,1
0.3481350243091583,1
0.38357383012771606,1
0.38651326298713684,1
0.40525680780410767,1
0.4568476974964142,1
0.30207350850105286,1
0.44814643263816833,1
0.35765695571899414,1
0.3126150369644165,1
0.3863069415092468,1
0.3786562383174896,1
0.4104835093021393,1
0.41311952471733093,1
0.39682406187057495,1
0.3164154291152954,1
0.4604239761829376,1
0.3872748911380768,1
0.3978537917137146,1
0.3420814871788025,1
0.3809717893600464,1
0.49808377027511597,1
0.494489848613739,1
0.4379623830318451,1
0.37236976623535156,1
0.38259273767471313,1
0.41248196363449097,1
0.3064095079898834,1
0.2626459002494812,1
0.389155775308609,1
0.3794744908809662,1
0.34043341875076294,1
0.4483533501625061,1
0.37879639863967896,1
0.3272262513637543,1
0.43714913725852966,1
0.5464456081390381,1
0.3902023434638977,1
0.3341904878616333,1
0.4900173544883728,1
0.4148176908493042,1
0.46186116337776184,1
0.3974120318889618,1
0.3393632769584656,1
0.31851643323898315,1
0.3822968304157257,1
0.5073378682136536,1
0.32896527647972107,1
0.2912169396877289,1
0.4175267517566681,1
0.5576292276382446,1
0.3519632816314697,1
0.33773136138916016,1
0.2794155776500702,1
0.4098970293998718,1
0.43985360860824585,1
0.35968077182769775,1
0.447236031293869,1
0.5111896991729736,1
0.4203556478023529,1
0.40297240018844604,1
0.5130828619003296,1
0.3519982099533081,1
0.38978448510169983,1
0.3296675682067871,1
0.39108023047447205,1
0.3401416540145874,1
0.28854238986968994,1
0.4232441782951355,1
0.33363980054855347,1
0.4600679278373718,1
0.40255963802337646,1
0.37239664793014526,1
0.34779781103134155,1
0.3709058463573456,1
0.43575319647789,1
0.46314987540245056,1
0.39362818002700806,1
0.4483579397201538,1
0.42287033796310425,1
0.3333061933517456,1
0.43694087862968445,1
0.3496784567832947,1
0.33035627007484436,1
0.32859110832214355,1
0.35983139276504517,1
0.4457327723503113,1
0.2947586476802826,1
0.40435877442359924,1
0.349602073431015,1
0.3663922846317291,1
0.3554542660713196,1
0.35668671131134033,1
0.3829857110977173,1
0.40114453434944153,1
0.38264963030815125,1
0.3960578441619873,1
0.39855292439460754,1
0.36955055594444275,1
0.3455917239189148,1
0.533657968044281,1
0.33196815848350525,1
0.38718181848526,1
0.4623636305332184,1
0.297740638256073,1
0.43146249651908875,1
0.3550935983657837,1
0.4477449059486389,1
0.33504801988601685,1
0.327741801738739,1
0.39948809146881104,1
0.5068354606628418,1
0.3894476294517517,1
0.4323095679283142,1
0.36288273334503174,1
0.3870110511779785,1
0.5105854272842407,1
0.4070318341255188,1
0.48139530420303345,1
0.4120211601257324,1
0.45254677534103394,1
0.4230223000049591,1
0.36207854747772217,1
0.35956987738609314,1
0.37464356422424316,1
0.3776213526725769,1
0.3029787540435791,1
0.256272554397583,1
0.3799441456794739,1
0.3560006618499756,1
0.43905356526374817,1
0.36610642075538635,1
0.4790942668914795,1
0.31878766417503357,1
0.4518262445926666,1
0.3320370316505432,1
0.5390058755874634,1
0.2668355405330658,1
0.4011983871459961,1
0.43604162335395813,1
0.4419066309928894,1
0.3870308995246887,1
0.42587509751319885,1
0.3993832468986511,1
0.3978418707847595,1
0.33241623640060425,1
0.2976372539997101,1
0.4578738808631897,1
0.353843629360199,1
0.3453737199306488,1
0.3237166702747345,1
0.3718583583831787,1
0.2733213007450104,1
0.3407498598098755,1
0.33977413177490234,1
0.33880162239074707,1
0.36163002252578735,1
0.44553324580192566,1
0.3733479082584381,1
0.43466877937316895,1
0.33832550048828125,1
0.2775581479072571,1
0.3290187120437622,1
0.42206108570098877,1
0.3255375921726227,1
0.2990160882472992,1
0.4177110195159912,1
0.3511733412742615,1
0.3465310335159302,1
0.3500509262084961,1
0.3517225384712219,1
0.33740949630737305,1
0.3604719340801239,1
0.40196967124938965,1
0.4321006238460541,1
0.4933963119983673,1
0.3571144938468933,1
0.3756725788116455,1
0.31339558959007263,1
0.31277576088905334,1
0.36243364214897156,1
0.437155157327652,1
0.4578321576118469,1
0.33838897943496704,1
0.266073077917099,1
0.3691861629486084,1
0.3511161804199219,1
0.44044896960258484,1
0.3914251923561096,1
0.4344458281993866,1
0.48766040802001953,1
0.4121941924095154,1
0.39312517642974854,1
0.37610334157943726,1
0.3990936875343323,1
0.3248326778411865,1
0.38061073422431946,1
0.518537163734436,1
0.3754749000072479,1
0.39218103885650635,1
0.31867310404777527,1
0.3952663540840149,1
0.33635470271110535,1
0.324332058429718,1
0.376564085483551,1
0.45864012837409973,1
0.3624309301376343,1
0.4650419354438782,1
0.47309252619743347,1
0.32113218307495117,1
0.4455653429031372,1
0.2950998544692993,1
0.3277634382247925,1
0.3949180245399475,1
0.4970833361148834,1
0.35384365916252136,1
0.3715931475162506,1
0.3814575970172882,1
0.3605401813983917,1
0.4736044108867645,1
0.3236953914165497,1
0.42170917987823486,1
0.2643392086029053,1
0.31891852617263794,1
0.3874194025993347,1
0.34090033173561096,1
0.36535269021987915,1
0.40233486890792847,1
0.39068591594696045,1
0.46340620517730713,1
0.5559771656990051,1
0.41407421231269836,1
0.3712483048439026,1
0.3695226013660431,1
0.30148303508758545,1
0.33100008964538574,1
0.4029054641723633,1
0.4081833064556122,1
0.38221317529678345,1
0.3398451805114746,1
0.2684122622013092,1
0.33365169167518616,1
0.3765262961387634,1
0.4356047511100769,1
0.34616872668266296,1
0.38168659806251526,1
0.33920517563819885,1
0.34472912549972534,1
0.3615986108779907,1
0.4246606230735779,1
0.4284875690937042,1
0.37080636620521545,1
0.4264555871486664,1
0.43437671661376953,1
0.3228789269924164,1
0.36583462357521057,1
0.4450199007987976,1
0.36592817306518555,1
0.28152427077293396,1
0.3610984981060028,1
0.3438076972961426,1
0.4890521168708801,1
0.5028814077377319,1
0.3106553554534912,1
0.4322047233581543,1
0.3945341110229492,1
0.4216965436935425,1
0.3608399033546448,1
0.43275147676467896,1
0.5046744346618652,1
0.2875969409942627,1
0.39676961302757263,1
0.3440901041030884,1
0.370360791683197,1
0.3209127187728882,1
0.3190058469772339,1
0.2917957007884979,1
0.3385865092277527,1
0.3707038462162018,1
0.4192008376121521,1
0.3986765742301941,1
0.3546445965766907,1
0.43461328744888306,1
0.3246616721153259,1
0.2820497155189514,1
0.37034955620765686,1
0.35821014642715454,1
0.2743350863456726,1
0.33068808913230896,1
0.4937070310115814,1
0.30428463220596313,1
0.41865795850753784,1
0.5250294804573059,1
0.3617096543312073,1
0.43274015188217163,1
0.34988999366760254,1
0.3163925111293793,1
0.3447090983390808,1
0.3767051100730896,1
0.3782161772251129,1
0.39152055978775024,1
0.38809752464294434,1
0.34017834067344666,1
0.41469940543174744,1
0.3563671410083771,1
0.3461514115333557,1
0.31121593713760376,1
0.36733901500701904,1
0.36102765798568726,1
0.4317901134490967,1
0.3979906141757965,1
0.38578376173973083,1
0.3925172686576843,1
0.45483726263046265,1
0.4028779864311218,1
0.5294809341430664,1
0.4427868723869324,1
0.42106616497039795,1
0.39376869797706604,1
0.40984243154525757,1
0.2697668969631195,1
0.3907145857810974,1
0.4123769998550415,1
0.2912859618663788,1
0.3779013752937317,1
0.35040757060050964,1
0.40441006422042847,1
0.28914675116539,1
0.34195560216903687,1
0.3625241816043854,1
0.3507063388824463,1
0.4542819559574127,1
0.2952823340892792,1
0.3522709012031555,1
0.32253190875053406,1
0.4244470000267029,1
0.4350268542766571,1
0.451269268989563,1
0.42472100257873535,1
0.37862998247146606,1
0.3518122732639313,1
0.27559199929237366,1
0.3955279588699341,1
0.45138075947761536,1
0.3256077468395233,1
0.423723042011261,1
0.4075379967689514,1
0.3370248079299927,1
0.472858726978302,1
0.2735332250595093,1
0.48857513070106506,1
0.4498838782310486,1
0.3330504894256592,1
0.39904823899269104,1
0.396609365940094,1
0.26443272829055786,1
0.4358590841293335,1
0.4493732452392578,1
0.4020748734474182,1
0.42608770728111267,1
0.45373040437698364,1
0.2877872884273529,1
0.36424508690834045,1
0.3822678029537201,1
0.3993351459503174,1
0.4463915526866913,1
0.3873085081577301,1
0.311275839805603,1
0.43844497203826904,1
0.353884220123291,1
0.4702945649623871,1
0.3827172517776489,1
0.4146907925605774,1
0.33572918176651,1
0.4116227626800537,1
0.3000006079673767,1
0.379697322845459,1
0.3670459985733032,1
0.3610398769378662,1
0.4876942038536072,1
0.48550307750701904,1
0.48125070333480835,1
0.3313215970993042,1
0.46152374148368835,1
0.40207409858703613,1
0.2837308347225189,1
0.4425129294395447,1
0.3939591944217682,1
0.40567728877067566,1
0.35727956891059875,1
0.3591749370098114,1
0.4095611572265625,1
0.32431894540786743,1
0.3886992931365967,1
0.31033000349998474,1
0.42312711477279663,1
0.33928006887435913,1
0.39316609501838684,1
0.414084792137146,1
0.46392107009887695,1
0.4608454704284668,1
0.38217365741729736,1
0.4274543225765228,1
0.3553161025047302,1
0.384647399187088,1
0.24578918516635895,1
0.35236120223999023,1
0.3581239581108093,1
0.3744470775127411,1
0.36851954460144043,1
0.41220226883888245,1
0.4161020815372467,1
0.4327363073825836,1
0.329062819480896,1
0.3915085792541504,1
0.3969651162624359,1
0.288161039352417,1
0.33193689584732056,1
0.41703441739082336,1
0.33984628319740295,1
0.3092919588088989,1
0.4994339942932129,1
0.3693320155143738,1
0.4701889157295227,1
0.4447020888328552,1
0.4628610610961914,1
0.3670501410961151,1
0.4434410035610199,1
0.36864954233169556,1
0.38435980677604675,1
0.3899957835674286,1
0.3412705957889557,1
0.5367270708084106,1
0.40085646510124207,1
0.29472067952156067,1
0.3538687825202942,1
0.2736252248287201,1
0.40158218145370483,1
0.44457343220710754,1
0.376861035823822,1
0.2802179455757141,1
0.6601277589797974,1
0.43203413486480713,1
0.3486965596675873,1
0.42621365189552307,1
0.33167365193367004,1
0.3892010450363159,1
0.29825907945632935,1
0.4758302569389343,1
0.3871287703514099,1
0.418186753988266,1
0.30254918336868286,1
0.343313604593277,1
0.37604767084121704,1
0.45776212215423584,1
0.3581579327583313,1
0.4907515347003937,1
0.3674919605255127,1
0.349382221698761,1
0.5008032321929932,1
0.3681383430957794,1
0.41391661763191223,1
0.4087752103805542,1
0.38007426261901855,1
0.34264177083969116,1
0.31940269470214844,1
0.4645088315010071,1
0.5274088382720947,1
0.3410906493663788,1
0.30701184272766113,1
0.29433685541152954,1
0.3255919814109802,1
0.3779546022415161,1
0.470098078250885,1
0.4296770691871643,1
0.3705134987831116,1
0.3725493848323822,1
0.29020407795906067,1
0.34502914547920227,1
0.3625347912311554,1
0.39262092113494873,1
0.36415594816207886,1
0.43362507224082947,1
0.3550182580947876,1
0.3712008595466614,1
0.29944416880607605,1
0.4205102324485779,1
0.335380882024765,1
0.2970699667930603,1
0.27246546745300293,1
0.4029989242553711,1
0.3509679138660431,1
0.3445461094379425,1
0.29990875720977783,1
0.37661951780319214,1
0.389032781124115,1
0.4615511894226074,1
0.34703558683395386,1
0.35584577918052673,1
0.4382270872592926,1
0.4638251066207886,1
0.3606168031692505,1
0.37308037281036377,1
0.33696767687797546,1
0.3942145109176636,1
0.3984431028366089,1
0.44128158688545227,1
0.4095763862133026,1
0.3860379159450531,1
0.5494222044944763,1
0.3280209004878998,1
0.4699894189834595,1
0.3090803325176239,1
0.3544127345085144,1
0.47299084067344666,1
0.40008777379989624,1
0.38170772790908813,1
0.3340838849544525,1
0.315707802772522,1
0.43162694573402405,1
0.41667240858078003,1
0.25990667939186096,1
0.4374440014362335,1
0.35411861538887024,1
0.49077215790748596,1
0.34014177322387695,1
0.41533970832824707,1
0.33733421564102173,1
0.3746950924396515,1
0.41356372833251953,1
0.3819490671157837,1
0.330166757106781,1
0.3738236129283905,1
0.27251097559928894,1
0.36556297540664673,1
0.4724898636341095,1
0.3850628137588501,1
0.3579888343811035,1
0.32027092576026917,1
0.396546870470047,1
0.38062548637390137,1
0.371523916721344,1
0.35332560539245605,1
0.4114091992378235,1
0.2615562379360199,1
0.3457419276237488,1
0.46140336990356445,1
0.37758123874664307,1
0.364226758480072,1
0.28906601667404175,1
0.47456538677215576,1
0.45561525225639343,1
0.4031291604042053,1
0.3077794313430786,1
0.36160802841186523,1
0.3059872090816498,1
0.3567778170108795,1
0.32917726039886475,1
0.4668245315551758,1
0.3973206877708435,1
0.3742029368877411,1
0.3556463122367859,1
0.3754178583621979,1
0.36976635456085205,1
0.4544820487499237,1
0.40114307403564453,1
0.33891430497169495,1
0.4136049747467041,1
0.27645066380500793,1
0.337442010641098,1
0.5598104000091553,1
0.30934640765190125,1
0.4333760142326355,1
0.3870721459388733,1
0.4475291967391968,1
0.3896756172180176,1
0.2776564061641693,1
0.3760122060775757,1
0.32857000827789307,1
0.4737556278705597,1
0.45887747406959534,1
0.3268776834011078,1
0.3728604316711426,1
0.3132793605327606,1
0.31323540210723877,1
0.3600316047668457,1
0.4860251247882843,1
0.40373319387435913,1
0.4123353660106659,1
0.44251734018325806,1
0.3979841470718384,1
0.3578415811061859,1
0.36378228664398193,1
0.47679969668388367,1
0.393172025680542,1
0.31548917293548584,1
0.2935102581977844,1
0.45780226588249207,1
0.390619695186615,1
0.4425889551639557,1
0.48286575078964233,1
0.4511139392852783,1
0.3857291638851166,1
0.41353341937065125,1
0.4071579575538635,1
0.3805503845214844,1
0.32325655221939087,1
0.31430014967918396,1
0.34736305475234985,1
0.44063735008239746,1
0.3716612458229065,1
0.38153618574142456,1
0.3619232475757599,1
0.340873122215271,1
0.47605258226394653,1
0.4281049370765686,1
0.4195667505264282,1
0.3754335343837738,1
0.4081800878047943,1
0.36948055028915405,1
0.28981074690818787,1
0.4067518711090088,1
0.28153517842292786,1
0.33960825204849243,1
0.3238016664981842,1
0.4687551259994507,1
0.3334903419017792,1
0.3637304902076721,1
0.3848324418067932,1
0.3459991216659546,1
0.4391191601753235,1
0.33422330021858215,1
0.335274875164032,1
0.30007535219192505,1
0.37748849391937256,1
0.40587118268013,1
0.3493790924549103,1
0.39152809977531433,1
0.3501655161380768,1
0.3063446879386902,1
0.3791251480579376,1
0.3874967098236084,1
0.4101754426956177,1
0.4715113937854767,1
0.35409000515937805,1
0.3274801969528198,1
0.36962640285491943,1
0.24689441919326782,1
0.2962116599082947,1
0.4480554461479187,1
0.5071008801460266,1
0.3274844288825989,1
0.4205404818058014,1
0.3772304654121399,1
0.37934157252311707,1
0.31410324573516846,1
0.3496915102005005,1
0.41516217589378357,1
0.3044757843017578,1
0.2988725006580353,1
0.35304805636405945,1
0.3974686563014984,1
0.3991188108921051,1
0.32371458411216736,1
0.3832838535308838,1
0.3352496325969696,1
0.5517722964286804,1
0.46184349060058594,1
0.44787150621414185,1
0.33863478899002075,1
0.3870617747306824,1
0.42987680435180664,1
0.41441234946250916,1
0.35141700506210327,1
0.316899836063385,1
0.38444918394088745,1
0.39969977736473083,1
0.46985113620758057,1
0.31702637672424316,1
0.4000748097896576,1
0.3118971288204193,1
0.458571195602417,1
0.3624899983406067,1
0.33262699842453003,1
0.4758198857307434,1
0.3819795250892639,1
0.33859342336654663,1
0.3276698887348175,1
0.391724169254303,1
0.529679536819458,1
0.39969953894615173,1
0.4174944758415222,1
0.3723605275154114,1
0.432977557182312,1
0.49006378650665283,1
0.3514825701713562,1
0.32388412952423096,1
0.23938784003257751,1
0.3864189386367798,1
0.4650152921676636,1
0.33411186933517456,1
0.3838837742805481,1
0.4155198633670807,1
0.45147639513015747,1
0.3515150845050812,1
0.33577609062194824,1
0.5025473833084106,1
0.3717438578605652,1
0.38389867544174194,1
0.4169163107872009,1
0.32326602935791016,1
0.41119736433029175,1
0.29721322655677795,1
0.36783531308174133,1
0.3699184060096741,1
0.34313347935676575,1
0.40158429741859436,1
0.37197399139404297,1
0.41382747888565063,1
0.3809261918067932,1
0.43337273597717285,1
0.4047873914241791,1
0.3633952736854553,1
0.3070108890533447,1
0.4083327054977417,1
0.4058629870414734,1
0.3249776363372803,1
0.4452999532222748,1
0.41206398606300354,1
0.40087056159973145,1
0.3794806897640228,1
0.4711306691169739,1
0.4162546396255493,1
0.5024792551994324,1
0.32774659991264343,1
0.45540961623191833,1
0.3542048931121826,1
0.3639819920063019,1
0.287929892539978,1
0.5479076504707336,1
0.37765541672706604,1
0.28098124265670776,1
0.26637589931488037,1
0.3909095823764801,1
0.26514530181884766,1
0.4366269111633301,1
0.35855767130851746,1
0.3394947648048401,1
0.4831087589263916,1
0.40722814202308655,1
0.39837902784347534,1
0.2902912497520447,1
0.4050482511520386,1
0.3035333454608917,1
0.4233208894729614,1
0.43435534834861755,1
0.4205704927444458,1
0.38653311133384705,1
0.3329247832298279,1
0.3558310270309448,1
0.3557523488998413,1
0.4224816560745239,1
0.3293802738189697,1
0.385081946849823,1
0.2668262720108032,1
0.3874797523021698,1
0.3941960334777832,1
0.4608736038208008,1
0.38301771879196167,1
0.37242114543914795,1
0.3391459882259369,1
0.5496295690536499,1
0.3360733687877655,1
0.3476303219795227,1
0.33041760325431824,1
0.39243775606155396,1
0.39697176218032837,1
0.39928126335144043,1
0.39102914929389954,1
0.4525582194328308,1
0.40423208475112915,1
0.4415171146392822,1
0.32246729731559753,1
0.532573401927948,1
0.3510311245918274,1
0.4461139440536499,1
0.4786267578601837,1
0.5119968056678772,1
0.3586093485355377,1
0.3942165970802307,1
0.4039234519004822,1
0.3985658884048462,1
0.34160828590393066,1
0.28564631938934326,1
0.3405663073062897,1
0.41140276193618774,1
0.3770475387573242,1
0.38002049922943115,1
0.4604719281196594,1
0.44511640071868896,1
0.34705352783203125,1
0.5343034267425537,1
0.3653576374053955,1
0.3646736741065979,1
0.254432737827301,1
0.3813531994819641,1
0.3994613289833069,1
0.39180290699005127,1
0.3947792649269104,1
0.3753180205821991,1
0.3837665617465973,1
0.3209134042263031,1
0.39251381158828735,1
0.3554856777191162,1
0.33743810653686523,1
0.4068998396396637,1
0.28711700439453125,1
0.4087466597557068,1
0.4491550326347351,1
0.2968927025794983,1
0.37840092182159424,1
0.3841986358165741,1
0.44857749342918396,1
0.4552146792411804,1
0.3748292624950409,1
0.39474210143089294,1
0.4001580774784088,1
0.4308050572872162,1
0.28151702880859375,1
0.3724610209465027,1
0.3213295042514801,1
0.2881888449192047,1
0.3644157946109772,1
0.34253740310668945,1
0.390531450510025,1
0.35836511850357056,1
0.42203670740127563,1
0.3695904016494751,1
0.36032694578170776,1
0.3312518000602722,1
0.26516199111938477,1
0.5480981469154358,1
0.33803367614746094,1
0.3552742004394531,1
0.45134279131889343,1
0.42557865381240845,1
0.4415775537490845,1
0.4210841655731201,1
0.36192089319229126,1
0.4188345670700073,1
0.28443026542663574,1
0.32648590207099915,1
0.43756693601608276,1
0.3554832637310028,1
0.47581368684768677,1
0.3394056260585785,1
0.4873470664024353,1
0.3613712787628174,1
0.45928800106048584,1
0.5513235926628113,1
0.39778268337249756,1
0.38260334730148315,1
0.34597471356391907,1
0.4042511582374573,1
0.4278349280357361,1
0.4438139796257019,1
0.5443763136863708,1
0.38705337047576904,1
0.41009268164634705,1
0.4021773636341095,1
0.3155835270881653,1
0.2893039286136627,1
0.36115384101867676,1
0.4388878643512726,1
0.43554940819740295,1
0.3384683132171631,1
0.42683398723602295,1
0.2966233789920807,1
0.3482014238834381,1
0.37223756313323975,1
0.3925625681877136,1
0.3841562569141388,1
0.4083431363105774,1
0.349788099527359,1
0.3445967435836792,1
0.3983086347579956,1
0.4988449811935425,1
0.3450707793235779,1
0.4731377363204956,1
0.36278659105300903,1
0.3916008770465851,1
0.3375356197357178,1
0.443685382604599,1
0.43303775787353516,1
0.24417179822921753,1
0.4129829406738281,1
0.4122101962566376,1
0.35976678133010864,1
0.32623642683029175,1
0.3969564437866211,1
0.3816266655921936,1
0.30543676018714905,1
0.3880809545516968,1
0.43798065185546875,1
0.42027926445007324,1
0.4143871068954468,1
0.3649124205112457,1
0.32945406436920166,1
0.38673728704452515,1
0.4309157133102417,1
0.45220211148262024,1
0.3610878586769104,1
0.37793728709220886,1
0.5127664804458618,1
0.366811066865921,1
0.44892585277557373,1
0.3630441725254059,1
0.31195273995399475,1
0.36770445108413696,1
0.341044545173645,1
0.4768877923488617,1
0.35405609011650085,1
0.35978806018829346,1
0.2929134964942932,1
0.4752209186553955,1
0.35344839096069336,1
0.4063084125518799,1
0.4738578498363495,1
0.4289880096912384,1
0.3412661850452423,1
0.4641956090927124,1
0.32140225172042847,1
0.3052954077720642,1
0.3210133910179138,1
0.3155732750892639,1
0.3496999144554138,1
0.3796970844268799,1
0.35294580459594727,1
0.5130608081817627,1
0.2931539714336395,1
0.4602743983268738,1
0.46706223487854004,1
0.3152291476726532,1
0.3180149495601654,1
0.32129693031311035,1
0.5227919816970825,1
0.3569989800453186,1
0.3922339677810669,1
0.2829139232635498,1
0.3722655177116394,1
0.35185497999191284,1
0.4018893241882324,1
0.37234604358673096,1
0.38134846091270447,1
0.32810845971107483,1
0.37542709708213806,1
0.3265027701854706,1
0.3927454650402069,1
0.286827951669693,1
0.39159536361694336,1
0.3134678602218628,1
0.4506286382675171,1
0.46000510454177856,1
0.3898591101169586,1
0.3765634298324585,1
0.35530489683151245,1
0.3924506902694702,1
0.45534348487854004,1
0.32924747467041016,1
0.3291636109352112,1
0.3447764217853546,1
0.3684641122817993,1
0.3575969934463501,1
0.3638916015625,1
0.37310171127319336,1
0.3993108570575714,1
0.3198317885398865,1
0.33344799280166626,1
0.4405297636985779,1
0.33061331510543823,1
0.5000302195549011,1
0.44668275117874146,1
0.3466492295265198,1
0.30348506569862366,1
0.36894291639328003,1
0.41580188274383545,1
0.4033484160900116,1
0.3910794258117676,1
0.3870367109775543,1
0.3203238248825073,1
0.3992930054664612,1
0.4662531614303589,1
0.2986490726470947,1
0.33094942569732666,1
0.33708786964416504,1
0.3098296523094177,1
0.391133576631546,1
0.3032047748565674,1
0.49682480096817017,1
0.3182377219200134,1
0.3036211133003235,1
0.42366212606430054,1
0.4670587182044983,1
0.37586402893066406,1
0.4883532226085663,1
0.40339723229408264,1
0.3721560835838318,1
0.3369339108467102,1
0.4339127838611603,1
0.42736536264419556,1
0.4217897653579712,1
0.3511914908885956,1
0.32402655482292175,1
0.3311326205730438,1
0.3960384726524353,1
0.29769834876060486,1
0.40950530767440796,1
0.35722923278808594,1
0.40250346064567566,1
0.36739954352378845,1
0.3975819945335388,1
0.4326891601085663,1
0.49047768115997314,1
0.4089775085449219,1
0.46537283062934875,1
0.39783740043640137,1
0.3416786789894104,1
0.40499716997146606,1
0.33602333068847656,1
0.4248064458370209,1
0.32395583391189575,1
0.35014066100120544,1
0.3623058795928955,1
0.38258886337280273,1
0.4942837953567505,1
0.5216818451881409,1
0.44164225459098816,1
0.51230788230896,1
0.48984235525131226,1
0.36775463819503784,1
0.4268513023853302,1
0.36107125878334045,1
0.3331097364425659,1
0.3676024079322815,1
0.5591080784797668,1
0.36642900109291077,1
0.42036521434783936,1
0.4353717863559723,1
0.39129602909088135,1
0.6002848148345947,1
0.3481345772743225,1
0.4206611216068268,1
0.380694180727005,1
0.4957772195339203,1
0.3930297791957855,1
0.29034101963043213,1
0.35322242975234985,1
0.37292540073394775,1
0.28023284673690796,1
0.30547115206718445,1
0.3712120056152344,1
0.3930054306983948,1
0.3267766833305359,1
0.3698875308036804,1
0.47899922728538513,1
0.31756046414375305,1
0.3455559015274048,1
0.43947383761405945,1
0.28213727474212646,1
0.3264751732349396,1
0.401679664850235,1
0.3373630940914154,1
0.38029950857162476,1
0.49513551592826843,1
0.2958158254623413,1
0.48559799790382385,1
0.37319791316986084,1
0.36644646525382996,1
0.41469427943229675,1
0.3257791996002197,1
0.3452107012271881,1
0.37330830097198486,1
0.3593790829181671,1
0.29679617285728455,1
0.49949392676353455,1
0.3306560814380646,1
0.4082784652709961,1
0.4523184299468994,1
0.3848542869091034,1
0.32021045684814453,1
0.36370396614074707,1
0.38751691579818726,1
0.44334524869918823,1
0.40795522928237915,1
0.4139081537723541,1
0.37473511695861816,1
0.30224156379699707,1
0.34306639432907104,1
0.3649769127368927,1
0.33460575342178345,1
0.45931416749954224,1
0.4478064775466919,1
0.35917598009109497,1
0.3456674814224243,1
0.38220155239105225,1
0.4850320816040039,1
0.3866497874259949,1
0.3996431231498718,1
0.38192862272262573,1
0.41367238759994507,1
0.4933580160140991,1
0.3784756660461426,1
0.3734627962112427,1
0.4515395760536194,1
0.36661821603775024,1
0.38097861409187317,1
0.33327624201774597,1
0.392213374376297,1
0.4727563261985779,1
0.39099055528640747,1
0.43946170806884766,1
0.3795021176338196,1
0.4370073676109314,1
0.34310057759284973,1
0.31176847219467163,1
0.538433313369751,1
0.3097454011440277,1
0.5205462574958801,1
0.3928876519203186,1
0.3388022780418396,1
0.5209677219390869,1
0.4234126806259155,1
0.33065807819366455,1
0.3280544877052307,1
0.318450391292572,1
0.28734099864959717,1
0.38976508378982544,1
0.4891614317893982,1
0.3773263394832611,1
0.39844202995300293,1
0.3908049464225769,1
0.33991217613220215,1
0.43143215775489807,1
0.40951064229011536,1
0.22516362369060516,1
0.3025994598865509,1
0.35459619760513306,1
0.30685409903526306,1
0.39392951130867004,1
0.33757278323173523,1
0.43220043182373047,1
0.30043068528175354,1
0.3986241817474365,1
0.3705885708332062,1
0.4171770215034485,1
0.48391544818878174,1
0.36967185139656067,1
0.32732492685317993,1
0.2652864456176758,1
0.43374043703079224,1
0.3746546506881714,1
0.37894517183303833,1
0.32292142510414124,1
0.3367983400821686,1
0.35099735856056213,1
0.4030958414077759,1
0.3340870440006256,1
0.3863416314125061,1
0.42850345373153687,1
0.42068517208099365,1
0.3590970039367676,1
0.49188587069511414,1
0.3232850134372711,1
0.4222838878631592,1
0.37256747484207153,1
0.3043721318244934,1
0.31146296858787537,1
0.44844162464141846,1
0.36113670468330383,1
0.34503066539764404,1
0.43799471855163574,1
0.41105473041534424,1
0.36747005581855774,1
0.46928396821022034,1
0.39251381158828735,1
0.31943824887275696,1
0.36110538244247437,1
0.33197087049484253,1
0.41519084572792053,1
0.4100808799266815,1
0.29246199131011963,1
0.40905430912971497,1
0.42768144607543945,1
0.5175322890281677,1
0.36152052879333496,1
0.4481026828289032,1
0.3648863732814789,1
0.3829226791858673,1
0.27614396810531616,1
0.40657365322113037,1
0.4006783366203308,1
0.33120059967041016,1
0.3472196161746979,1
0.4259592294692993,1
0.3117619752883911,1
0.33501777052879333,1
0.3075725734233856,1
0.4755367636680603,1
0.3440324068069458,1
0.5566735863685608,1
0.45031940937042236,1
0.2756281793117523,1
0.3677257299423218,1
0.46592164039611816,1
0.3346171975135803,1
0.3515833020210266,1
0.4145652949810028,1
0.32272595167160034,1
0.42459356784820557,1
0.48122987151145935,1
0.4106278419494629,1
0.3232239782810211,1
0.38121235370635986,1
0.3094782829284668,1
0.3867667019367218,1
0.40627172589302063,1
0.4006165564060211,1
0.38531506061553955,1
0.36158257722854614,1
0.3783518671989441,1
0.4150317907333374,1
0.4360527992248535,1
0.24758753180503845,1
0.39104151725769043,1
0.3618508577346802,1
0.45727401971817017,1
0.3383506238460541,1
0.7474342584609985,1
0.3293934464454651,1
0.42338019609451294,1
0.443867027759552,1
0.3273850679397583,1
0.44321584701538086,1
0.32808250188827515,1
0.4893788695335388,1
0.21784380078315735,1
0.3070765733718872,1
0.44724228978157043,1
0.39487969875335693,1
0.34833455085754395,1
0.46813809871673584,1
0.42342519760131836,1
0.3586958646774292,1
0.29446354508399963,1
0.327358216047287,1
0.5041714310646057,1
0.34820643067359924,1
0.2884659767150879,1
0.38621366024017334,1
0.4296572506427765,1
0.35569268465042114,1
0.41850024461746216,1
0.2929895520210266,1
0.4266584813594818,1
0.38721466064453125,1
0.4717608690261841,1
0.5434674024581909,1
0.321694552898407,1
0.48935866355895996,1
0.4434490501880646,1
0.37342190742492676,1
0.33775070309638977,1
0.4590437412261963,1
0.33963698148727417,1
0.48710501194000244,1
0.3727005422115326,1
0.42163941264152527,1
0.385958194732666,1
0.41707682609558105,1
0.3691253662109375,1
0.36253485083580017,1
0.37534624338150024,1
0.3845353126525879,1
0.34310540556907654,1
0.3289828300476074,1
0.4413047432899475,1
0.35191965103149414,1
0.33854973316192627,1
0.2969454824924469,1
0.2855048179626465,1
0.37704354524612427,1
0.4309045672416687,1
0.36466893553733826,1
0.6146306991577148,1
0.49924084544181824,1
0.4996015131473541,1
0.3590267300605774,1
0.36817866563796997,1
0.3288872241973877,1
0.34476906061172485,1
0.4133698642253876,1
0.37658703327178955,1
0.34455740451812744,1
0.3972347378730774,1
0.4090721011161804,1
0.45566290616989136,1
0.3759066164493561,1
0.30184802412986755,1
0.5063928365707397,1
0.37912094593048096,1
0.47190192341804504,1
0.393667072057724,1
0.42977917194366455,1
0.3822876811027527,1
0.423421710729599,1
0.3394031822681427,1
0.46009549498558044,1
0.3799854516983032,1
0.308085560798645,1
0.2991856336593628,1
0.4528625011444092,1
0.3744506537914276,1
0.3491325378417969,1
0.40529459714889526,1
0.42331570386886597,1
0.3387093245983124,1
0.3984610140323639,1
0.39836496114730835,1
0.3615340292453766,1
0.3100944459438324,1
0.23870480060577393,1
0.3468394875526428,1
0.35835325717926025,1
0.38747307658195496,1
0.5220695734024048,1
0.3575035333633423,1
0.2820768356323242,1
0.3701995611190796,1
0.35684096813201904,1
0.3093283176422119,1
0.4347257912158966,1
0.48198121786117554,1
0.3639701306819916,1
0.5567222237586975,1
0.4083617627620697,1
0.4234137535095215,1
0.43433910608291626,1
0.30902084708213806,1
0.4477078318595886,1
0.3579959273338318,1
0.4449237585067749,1
0.5937774181365967,1
0.41622552275657654,1
0.36091724038124084,1
0.4679388105869293,1
0.4541350305080414,1
0.3359297215938568,1
0.34348803758621216,1
0.3192552328109741,1
0.4267260432243347,1
0.3670346736907959,1
0.31736892461776733,1
0.30975037813186646,1
0.3950510621070862,1
0.3985721468925476,1
0.3036724627017975,1
0.294491171836853,1
0.3188930153846741,1
0.32404741644859314,1
0.3563191592693329,1
0.4306199550628662,1
0.33758288621902466,1
0.3821747899055481,1
0.3047634959220886,1
0.3979799747467041,1
0.37022286653518677,1
0.4510243535041809,1
0.41610682010650635,1
0.3509814739227295,1
0.46106117963790894,1
0.2755030393600464,1
0.31186819076538086,1
0.3698994517326355,1
0.3552413284778595,1
0.3755530118942261,1
0.46647194027900696,1
0.38806331157684326,1
0.3398734927177429,1
0.3462679088115692,1
0.40770024061203003,1
0.4338434934616089,1
0.30964112281799316,1
0.4013316035270691,1
0.390175461769104,1
0.4343644082546234,1
0.4421984851360321,1
0.2580429017543793,1
0.4370158314704895,1
0.40026533603668213,1
0.4898766875267029,1
0.4111117124557495,1
0.3581427335739136,1
0.46865352988243103,1
0.43256479501724243,1
0.35041558742523193,1
0.31349509954452515,1
0.39382749795913696,1
0.35817819833755493,1
0.3144138753414154,1
0.355540931224823,1
0.36450934410095215,1
0.36884239315986633,1
0.4695822298526764,1
0.38193976879119873,1
0.2577468454837799,1
0.3599086403846741,1
0.4168998599052429,1
0.39045441150665283,1
0.40861836075782776,1
0.4045104682445526,1
0.3094608783721924,1
0.42731478810310364,1
0.4021480679512024,1
0.5415945649147034,1
0.28753477334976196,1
0.38948237895965576,1
0.3841448426246643,1
0.47975707054138184,1
0.3608819842338562,1
0.40313345193862915,1
0.3826372027397156,1
0.423318475484848,1
0.46150869131088257,1
0.49403703212738037,1
0.40505969524383545,1
0.3965698480606079,1
0.30398425459861755,1
0.3703562617301941,1
0.45659950375556946,1
0.3419745862483978,1
0.20774629712104797,1
0.35349369049072266,1
0.36557090282440186,1
0.3990079164505005,1
0.3265220522880554,1
0.31241971254348755,1
0.2941242456436157,1
0.4002583920955658,1
0.36963459849357605,1
0.3719358742237091,1
0.5670993328094482,1
0.45499131083488464,1
0.3767935633659363,1
0.2818751037120819,1
0.25301483273506165,1
0.37635472416877747,1
0.4472144544124603,1
0.40507692098617554,1
0.33436068892478943,1
0.43567776679992676,1
0.37834757566452026,1
0.39870578050613403,1
0.244469553232193,1
0.37474289536476135,1
0.32818689942359924,1
0.41117963194847107,1
0.3815223276615143,1
0.3900994062423706,1
0.3457617461681366,1
0.3498552739620209,1
0.44229182600975037,1
0.3540157079696655,1
0.3673449158668518,1
0.42656582593917847,1
0.47004079818725586,1
0.28575775027275085,1
0.24164354801177979,1
0.34313705563545227,1
0.33795782923698425,1
0.4456530809402466,1
0.4443609118461609,1
0.31177330017089844,1
0.31221669912338257,1
0.5053576231002808,1
0.4659727215766907,1
0.42349478602409363,1
0.4001736044883728,1
0.428835391998291,1
0.4217567443847656,1
0.4213680624961853,1
0.5320374965667725,1
0.5355516672134399,1
0.4006642997264862,1
0.3164704740047455,1
0.427930623292923,1
0.33793729543685913,1
0.4193224608898163,1
0.2674229145050049,1
0.2843921482563019,1
0.4097009599208832,1
0.3797892928123474,1
0.4149814248085022,1
0.3469220995903015,1
0.38067397475242615,1
0.3554742932319641,1
0.45785826444625854,1
0.4067841172218323,1
0.3929970860481262,1
0.3801632821559906,1
0.37025904655456543,1
0.4445037245750427,1
0.4641656279563904,1
0.4410213530063629,1
0.4760516285896301,1
0.5632282495498657,1
0.3787388801574707,1
0.40662485361099243,1
0.36378908157348633,1
0.30152997374534607,1
0.46114012598991394,1
0.4856836795806885,1
0.3521904945373535,1
0.34569957852363586,1
0.3598209321498871,1
0.36416107416152954,1
0.32771721482276917,1
0.32180899381637573,1
0.4167788624763489,1
0.41175341606140137,1
0.401856929063797,1
0.46337804198265076,1
0.3925212621688843,1
0.37643370032310486,1
0.5527501106262207,1
0.3535940647125244,1
0.5428409576416016,1
0.38612738251686096,1
0.39068803191185,1
0.2765328586101532,1
0.3477495610713959,1
0.46740758419036865,1
0.41336074471473694,1
0.33544883131980896,1
0.3605191111564636,1
0.3101058900356293,1
0.4245302677154541,1
0.35277801752090454,1
0.3384309709072113,1
0.38739311695098877,1
0.38353484869003296,1
0.3349158763885498,1
0.44237035512924194,1
0.4354010820388794,1
0.415010929107666,1
0.29259011149406433,1
0.4229066073894501,1
0.4482163190841675,1
0.3632250130176544,1
0.33772915601730347,1
0.43946799635887146,1
0.39607399702072144,1
0.3483886420726776,1
0.3885301947593689,1
0.3278900980949402,1
0.3732178211212158,1
0.37114185094833374,1
0.5201873779296875,1
0.44821566343307495,1
0.40740612149238586,1
0.37969771027565,1
0.3555606007575989,1
0.3862878084182739,1
0.39574480056762695,1
0.28622788190841675,1
0.45432794094085693,1
0.3318713307380676,1
0.295992910861969,1
0.4453931748867035,1
0.3956611752510071,1
0.37327438592910767,1
0.3279001712799072,1
0.37248873710632324,1
0.34828686714172363,1
0.33329516649246216,1
0.4511381983757019,1
0.34444838762283325,1
0.39051270484924316,1
0.34718358516693115,1
0.3735489547252655,1
0.43177005648612976,1
0.47460034489631653,1
0.4256253242492676,1
0.36399373412132263,1
0.4002301096916199,1
0.4003758430480957,1
0.36900433897972107,1
0.511915385723114,1
0.369043231010437,1
0.42273983359336853,1
0.3627181351184845,1
0.41677939891815186,1
0.48653531074523926,1
0.4411044716835022,1
0.42664724588394165,1
0.3893468976020813,1
0.41576284170150757,1
0.46742725372314453,1
0.32314127683639526,1
0.4063383936882019,1
0.3571057915687561,1
0.3283247649669647,1
0.48532968759536743,1
0.4524761438369751,1
0.32199516892433167,1
0.3991479277610779,1
0.238052099943161,1
0.3778659701347351,1
0.2963272035121918,1
0.3788285255432129,1
0.3937579393386841,1
0.4552285075187683,1
0.3240860104560852,1
0.3301432728767395,1
0.37207385897636414,1
0.31919535994529724,1
0.3428576588630676,1
0.30682244896888733,1
0.3167283535003662,1
0.3345233201980591,1
0.3759455680847168,1
0.35768863558769226,1
0.44909432530403137,1
0.2740406095981598,1
0.3668716549873352,1
0.38279592990875244,1
0.39737290143966675,1
0.33536142110824585,1
0.46629488468170166,1
0.36076709628105164,1
0.34676867723464966,1
0.4695831537246704,1
0.3279968798160553,1
0.35304582118988037,1
0.33363792300224304,1
0.36542096734046936,1
0.4972861111164093,1
0.39067021012306213,1
0.3532646894454956,1
0.3887324333190918,1
0.45358988642692566,1
0.449454665184021,1
0.33468449115753174,1
0.3201666474342346,1
0.316750168800354,1
0.2367585301399231,1
0.37522298097610474,1
0.5272502899169922,1
0.38663434982299805,1
0.3394460678100586,1
0.46531224250793457,1
0.4170885980129242,1
0.3458002507686615,1
0.3359467685222626,1
0.5994369387626648,1
0.3353627026081085,1
0.45630520582199097,1
0.2667057514190674,1
0.34593555331230164,1
0.5097359418869019,1
0.2989022731781006,1
0.32416200637817383,1
0.42897534370422363,1
0.39355552196502686,1
0.2930667996406555,1
0.38224998116493225,1
0.3630293011665344,1
0.4972943663597107,1
0.44529837369918823,1
0.27974405884742737,1
0.3822154402732849,1
0.36660337448120117,1
0.44130948185920715,1
0.3307420611381531,1
0.4755244255065918,1
0.40033718943595886,1
0.4135079085826874,1
0.4499308168888092,1
0.5353477001190186,1
0.3722226917743683,1
0.3868967294692993,1
0.3693196773529053,1
0.45131129026412964,1
0.4516598582267761,1
0.3356260657310486,1
0.3363378643989563,1
0.3487592339515686,1
0.4074772894382477,1
0.39726996421813965,1
0.4039795398712158,1
0.5181496143341064,1
0.4025701880455017,1
0.35976171493530273,1
0.29831165075302124,1
0.3465655446052551,1
0.29479503631591797,1
0.482516884803772,1
0.5723704099655151,1
0.346838116645813,1
0.4139074385166168,1
0.31115326285362244,1
0.3691604733467102,1
0.41850709915161133,1
0.33012962341308594,1
0.420420378446579,1
0.48230141401290894,1
0.3162992596626282,1
0.41074931621551514,1
0.4563831090927124,1
0.3463596701622009,1
0.28848350048065186,1
0.2521737813949585,1
0.4947417378425598,1
0.4029174745082855,1
0.331797331571579,1
0.46227291226387024,1
0.4169381856918335,1
0.35964420437812805,1
0.2757047116756439,1
0.3666578233242035,1
0.3595494031906128,1
0.38182055950164795,1
0.37863537669181824,1
0.44439956545829773,1
0.3784696161746979,1
0.4313299059867859,1
0.3810757100582123,1
0.348881334066391,1
0.37973156571388245,1
0.4531184434890747,1
0.3672787845134735,1
0.40742647647857666,1
0.3292679786682129,1
0.2823718786239624,1
0.3843843936920166,1
0.4429510831832886,1
0.35064953565597534,1
0.3392065167427063,1
0.4494185149669647,1
0.41789981722831726,1
0.34036433696746826,1
0.3766566812992096,1
0.4217151701450348,1
0.3516985774040222,1
0.43603262305259705,1
0.6004067659378052,1
0.41654133796691895,1
0.3759063184261322,1
0.2793268859386444,1
0.324865460395813,1
0.38035818934440613,1
0.3777869939804077,1
0.3803050220012665,1
0.41359075903892517,1
0.39559072256088257,1
0.4347044825553894,1
0.42878928780555725,1
0.4440220594406128,1
0.3866363763809204,1
0.4294893741607666,1
0.36448371410369873,1
0.42201554775238037,1
0.4500235319137573,1
0.4440586268901825,1
0.32704663276672363,1
0.5064343810081482,1
0.3716503381729126,1
0.3172817528247833,1
0.3247178792953491,1
0.4793839454650879,1
0.40313005447387695,1
0.3804650902748108,1
0.3746461272239685,1
0.29678118228912354,1
0.3469041585922241,1
0.3674314618110657,1
0.32209885120391846,1
0.30991649627685547,1
0.40390586853027344,1
0.47532469034194946,1
0.3529510200023651,1
0.40602970123291016,1
0.4023975729942322,1
0.3943151533603668,1
0.384258896112442,1
0.43677157163619995,1
0.47721126675605774,1
0.45432010293006897,1
0.3186394274234772,1
0.2543088495731354,1
0.3864884376525879,1
0.32396864891052246,1
0.40217122435569763,1
0.461459219455719,1
0.43372946977615356,1
0.3057308793067932,1
0.39771538972854614,1
0.29769599437713623,1
0.32824891805648804,1
0.4256283640861511,1
0.27790188789367676,1
0.40056169033050537,1
0.41065216064453125,1
0.4418064057826996,1
0.33098042011260986,1
0.39653173089027405,1
0.38256776332855225,1
0.36556485295295715,1
0.38977760076522827,1
0.37247979640960693,1
0.37028664350509644,1
0.335529088973999,1
0.43118277192115784,1
0.3819044530391693,1
0.30663591623306274,1
0.3653913736343384,1
0.4492863416671753,1
0.34057119488716125,1
0.37138596177101135,1
0.46776872873306274,1
0.3217850923538208,1
0.36733317375183105,1
0.28285011649131775,1
0.4132128357887268,1
0.43945062160491943,1
0.3815942406654358,1
0.29625535011291504,1
0.4359554350376129,1
0.343467652797699,1
0.33140847086906433,1
0.3513067364692688,1
0.38300812244415283,1
0.3657091557979584,1
0.3171067535877228,1
0.2927720844745636,1
0.38171130418777466,1
0.4300978481769562,1
0.349403977394104,1
0.32667267322540283,1
0.48322898149490356,1
0.4599582552909851,1
0.32364630699157715,1
0.3910311162471771,1
0.36952292919158936,1
0.3176373541355133,1
0.3949959874153137,1
0.2614627778530121,1
0.32558029890060425,1
0.32247626781463623,1
0.44709303975105286,1
0.35349196195602417,1
0.3920445442199707,1
0.43029719591140747,1
0.33742251992225647,1
0.30543071031570435,1
0.3437560498714447,1
0.4116726815700531,1
0.44227027893066406,1
0.3816111087799072,1
0.4222317039966583,1
0.2476748377084732,1
0.33903297781944275,1
0.31407779455184937,1
0.271847665309906,1
0.41580188274383545,1
0.3666211664676666,1
0.482540488243103,1
0.3731510639190674,1
0.4117732048034668,1
0.3631347417831421,1
0.4526304602622986,1
0.35971367359161377,1
0.3942020535469055,1
0.3786371648311615,1
0.3745620846748352,1
0.3871007561683655,1
0.4641970992088318,1
0.4414615035057068,1
0.3403087854385376,1
0.3368440270423889,1
0.5058948993682861,1
0.4625692367553711,1
0.4999324679374695,1
0.3624100685119629,1
0.30804362893104553,1
0.36550372838974,1
0.3428833782672882,1
0.5129660964012146,1
0.37600094079971313,1
0.3205317258834839,1
0.3696137070655823,1
0.37201306223869324,1
0.31377142667770386,1
0.3378632366657257,1
0.36493659019470215,1
0.43273693323135376,1
0.40656015276908875,1
0.44453978538513184,1
0.48029017448425293,1
0.3453643321990967,1
0.4501403272151947,1
0.4169604778289795,1
0.4368690848350525,1
0.34715309739112854,1
0.4992007613182068,1
0.30307531356811523,1
0.41611865162849426,1
0.39112675189971924,1
0.3976304829120636,1
0.4263727068901062,1
0.28822562098503113,1
0.37667256593704224,1
0.3295654356479645,1
0.4098171591758728,1
0.2971714735031128,1
0.30392059683799744,1
0.34711146354675293,1
0.42687666416168213,1
0.30701661109924316,1
0.4618442952632904,1
0.28135159611701965,1
0.3350590467453003,1
0.31385537981987,1
0.2807665765285492,1
0.38532254099845886,1
0.23906396329402924,1
0.3038597106933594,1
0.2503325343132019,1
0.3477242588996887,1
0.4652937054634094,1
0.35003259778022766,1
0.6204768419265747,1
0.36016368865966797,1
0.433013916015625,1
0.37985509634017944,1
0.34008920192718506,1
0.5256360769271851,1
0.2979966700077057,1
0.45914706587791443,1
0.2957457900047302,1
0.40619081258773804,1
0.4141906797885895,1
0.33113235235214233,1
0.3242235779762268,1
0.3628550171852112,1
0.4529213607311249,1
0.4709879755973816,1
0.3929372727870941,1
0.27247223258018494,1
0.3784944415092468,1
0.3706076145172119,1
0.41079360246658325,1
0.3218381404876709,1
0.4822303056716919,1
0.3647700250148773,1
0.331878662109375,1
0.4728463292121887,1
0.42370328307151794,1
0.369012713432312,1
0.33108800649642944,1
0.3226229250431061,1
0.38287264108657837,1
0.36696314811706543,1
0.3794395327568054,1
0.38882386684417725,1
0.3846402168273926,1
0.36180365085601807,1
0.438198983669281,1
0.3505053222179413,1
0.4080008864402771,1
0.4194120168685913,1
0.3531007766723633,1
0.37203460931777954,1
0.45206978917121887,1
0.3685598373413086,1
0.371904194355011,1
0.3424319624900818,1
0.38990914821624756,1
0.3329627811908722,1
0.3356778025627136,1
0.4327797293663025,1
0.40341058373451233,1
0.3828553259372711,1
0.47129666805267334,1
0.41008320450782776,1
0.35110560059547424,1
0.39252522587776184,1
0.3329636752605438,1
0.38964593410491943,1
0.3990544080734253,1
0.3895701766014099,1
0.28209617733955383,1
0.4688481092453003,1
0.4701540768146515,1
0.35178542137145996,1
0.2989644408226013,1
0.3586156964302063,1
0.46771639585494995,1
0.3397970199584961,1
0.2963433265686035,1
0.36015230417251587,1
0.3475567102432251,1
0.4359699487686157,1
0.44817569851875305,1
0.48769500851631165,1
0.397952675819397,1
0.37349045276641846,1
0.36162319779396057,1
0.4341191053390503,1
0.3570767939090729,1
0.36334413290023804,1
0.4541614055633545,1
0.345739483833313,1
0.3640404939651489,1
0.4097083806991577,1
0.4599739909172058,1
0.45296186208724976,1
0.4497271776199341,1
0.3995305001735687,1
0.3816375136375427,1
0.3898991346359253,1
0.5637840032577515,1
0.5002624988555908,1
0.3828669786453247,1
0.3732268214225769,1
0.39361563324928284,1
0.531011700630188,1
0.4441608786582947,1
0.41836288571357727,1
0.3831638991832733,1
0.572066068649292,1
0.43628716468811035,1
0.49965447187423706,1
0.45671242475509644,1
0.3340034782886505,1
0.33225932717323303,1
0.44380122423171997,1
0.2953932285308838,1
0.3240113854408264,1
0.32441267371177673,1
0.46769648790359497,1
0.35272037982940674,1
0.3443599045276642,1
0.39167922735214233,1
0.3026205897331238,1
0.32842525839805603,1
0.3826696276664734,1
0.36172282695770264,1
0.43306130170822144,1
0.3309422433376312,1
0.308326780796051,1
0.4555947780609131,1
0.27845486998558044,1
0.4069749712944031,1
0.290101557970047,1
0.3048917353153229,1
0.3113737106323242,1
0.408149778842926,1
0.31411421298980713,1
0.4111865758895874,1
0.4356188178062439,1
0.33270135521888733,1
0.3416852056980133,1
0.27337372303009033,1
0.2911941409111023,1
0.4885484576225281,1
0.39732789993286133,1
0.30117377638816833,1
0.37681686878204346,1
0.3877740204334259,1
0.4621697664260864,1
0.4481256902217865,1
0.4248705208301544,1
0.41588136553764343,1
0.34419962763786316,1
0.39700445532798767,1
0.34226536750793457,1
0.39996564388275146,1
0.4103201627731323,1
0.330022931098938,1
0.35154223442077637,1
0.40668973326683044,1
0.42174971103668213,1
0.5145319700241089,1
0.4044087827205658,1
0.34478986263275146,1
0.35309886932373047,1
0.3899246156215668,1
0.41424113512039185,1
0.36063358187675476,1
0.3459204435348511,1
0.4399756193161011,1
0.37588149309158325,1
0.3910755217075348,1
0.3405742049217224,1
0.4058939218521118,1
0.4270186126232147,1
0.47090083360671997,1
0.4994332492351532,1
0.4036678671836853,1
0.40946677327156067,1
0.3880256116390228,1
0.39770954847335815,1
0.36833617091178894,1
0.42611122131347656,1
0.3524409234523773,1
0.3449020981788635,1
0.3024105727672577,1
0.4733789563179016,1
0.4235478341579437,1
0.3334956169128418,1
0.4722024202346802,1
0.2741953432559967,1
0.48964279890060425,1
0.45934268832206726,1
0.3702656924724579,1
0.34591129422187805,1
0.42526012659072876,1
0.35499438643455505,1
0.3992219865322113,1
0.4357219338417053,1
0.33197906613349915,1
0.3386695086956024,1
0.33841073513031006,1
0.35584506392478943,1
0.3275293707847595,1
0.4585529565811157,1
0.2972276210784912,1
0.3855137526988983,1
0.30444803833961487,1
0.44115713238716125,1
0.3734455108642578,1
0.39580896496772766,1
0.28573498129844666,1
0.3391408920288086,1
0.4472387731075287,1
0.4191569685935974,1
0.3711305260658264,1
0.4738416075706482,1
0.3799806237220764,1
0.3591083288192749,1
0.2580099105834961,1
0.46222159266471863,1
0.4223664402961731,1
0.2996823191642761,1
0.21029072999954224,1
0.3796623647212982,1
0.3754832148551941,1
0.35929661989212036,1
0.29781004786491394,1
0.32589879631996155,1
0.47433897852897644,1
0.39458221197128296,1
0.38113152980804443,1
0.4913530945777893,1
0.3647488057613373,1
0.4389503598213196,1
0.43994763493537903,1
0.28188449144363403,1
0.366790771484375,1
0.38501930236816406,1
0.3555387258529663,1
0.3357529044151306,1
0.35187938809394836,1
0.4040338695049286,1
0.3965866267681122,1
0.4294772446155548,1
0.41743582487106323,1
0.4157050848007202,1
0.40760526061058044,1
0.3444713354110718,1
0.42953914403915405,1
0.321907103061676,1
0.3490546941757202,1
0.38431158661842346,1
0.3220776319503784,1
0.37081456184387207,1
0.445035845041275,1
0.3223351836204529,1
0.4023658037185669,1
0.4189794659614563,1
0.3754309415817261,1
0.2949519157409668,1
0.2919101417064667,1
0.4856851100921631,1
0.459658145904541,1
0.29556769132614136,1
0.37028050422668457,1
0.3526543974876404,1
0.42302194237709045,1
0.28487342596054077,1
0.3973892629146576,1
0.4443601369857788,1
0.298494815826416,1
0.3689305782318115,1
0.3440682590007782,1
0.38601601123809814,1
0.4515436291694641,1
0.31353241205215454,1
0.3870684504508972,1
0.347481369972229,1
0.26183733344078064,1
0.3769152760505676,1
0.44979313015937805,1
0.34523189067840576,1
0.41485029458999634,1
0.41176629066467285,1
0.41931241750717163,1
0.4079538583755493,1
0.30707281827926636,1
0.38545721769332886,1
0.36053478717803955,1
0.3351021707057953,1
0.4656834602355957,1
0.3959527611732483,1
0.38283097743988037,1
0.32480767369270325,1
0.35508742928504944,1
0.29355013370513916,1
0.4051664471626282,1
0.3938167095184326,1
0.3698562979698181,1
0.4248988628387451,1
0.35065826773643494,1
0.3532934784889221,1
0.45710092782974243,1
0.31479620933532715,1
0.4388381242752075,1
0.46848854422569275,1
0.4341096878051758,1
0.339604914188385,1
0.29729777574539185,1
0.36072152853012085,1
0.4421675205230713,1
0.3149857223033905,1
0.3110208213329315,1
0.3002792298793793,1
0.47284141182899475,1
0.3371829688549042,1
0.35568967461586,1
0.43027263879776,1
0.4852592945098877,1
0.3691554069519043,1
0.39654541015625,1
0.326484352350235,1
0.32778772711753845,1
0.3463469445705414,1
0.45802736282348633,1
0.371121883392334,1
0.4816432297229767,1
0.40493035316467285,1
0.3993312120437622,1
0.4109240770339966,1
0.3674027919769287,1
0.3285306692123413,1
0.38439467549324036,1
0.3625034987926483,1
0.4747615456581116,1
0.3889106512069702,1
0.37847599387168884,1
0.36896762251853943,1
0.34862688183784485,1
0.4286940097808838,1
0.45003196597099304,1
0.4263468384742737,1
0.38386857509613037,1
0.33547312021255493,1
0.3613428771495819,1
0.46961188316345215,1
0.25551483035087585,1
0.38071268796920776,1
0.27125754952430725,1
0.47530731558799744,1
0.3515593111515045,1
0.27091652154922485,1
0.41519272327423096,1
0.37727129459381104,1
0.3259294033050537,1
0.41355741024017334,1
0.5030619502067566,1
0.30513250827789307,1
0.4786147475242615,1
0.31837010383605957,1
0.378631591796875,1
0.46473273634910583,1
0.3607921600341797,1
0.5076976418495178,1
0.5975093841552734,1
0.47681325674057007,1
0.31726858019828796,1
0.3244619369506836,1
0.3397423028945923,1
0.43447795510292053,1
0.36054885387420654,1
0.32404184341430664,1
0.4173223376274109,1
0.4124675989151001,1
0.28409478068351746,1
0.2979001998901367,1
0.3916836082935333,1
0.4350023865699768,1
0.34387144446372986,1
0.3127414584159851,1
0.38853511214256287,1
0.4315280020236969,1
0.3908856511116028,1
0.4246882498264313,1
0.3979068696498871,1
0.37616169452667236,1
0.41254645586013794,1
0.37104928493499756,1
0.41731756925582886,1
0.43108320236206055,1
0.49678707122802734,1
0.372404009103775,1
0.40458059310913086,1
0.38415348529815674,1
0.3039957880973816,1
0.39226576685905457,1
0.4580826461315155,1
0.430673748254776,1
0.3846861720085144,1
0.3704143166542053,1
0.4272342026233673,1
0.39229631423950195,1
0.23387281596660614,1
0.3949354290962219,1
0.2893204092979431,1
0.40272265672683716,1
0.3797606825828552,1
0.26408588886260986,1
0.4654867351055145,1
0.4196264147758484,1
0.39868271350860596,1
0.46345359086990356,1
0.3238428235054016,1
0.33595699071884155,1
0.5187360048294067,1
0.42011362314224243,1
0.3919682502746582,1
0.2927442193031311,1
0.5350710153579712,1
0.3570726811885834,1
0.34271740913391113,1
0.46524959802627563,1
0.33833256363868713,1
0.5174446105957031,1
0.38486483693122864,1
0.32902079820632935,1
0.3999912142753601,1
0.4288281202316284,1
0.34809768199920654,1
0.39333730936050415,1
0.3549515902996063,1
0.3607424795627594,1
0.3330521285533905,1
0.35524097084999084,1
0.34713980555534363,1
0.4405975043773651,1
0.341607928276062,1
0.4193679988384247,1
0.4807891845703125,1
0.33249491453170776,1
0.4096716642379761,1
0.40629687905311584,1
0.3173450827598572,1
0.3235989809036255,1
0.4077697694301605,1
0.4601132273674011,1
0.36826884746551514,1
0.33074748516082764,1
0.46170952916145325,1
0.40932831168174744,1
0.3177057206630707,1
0.47013771533966064,1
0.3810480535030365,1
0.43969622254371643,1
0.4758736193180084,1
0.2643367052078247,1
0.3441701829433441,1
0.334790974855423,1
0.44886133074760437,1
0.31059738993644714,1
0.34477436542510986,1
0.39368319511413574,1
0.3967600464820862,1
0.42473942041397095,1
0.3998118042945862,1
0.47478583455085754,1
0.33759549260139465,1
0.31222760677337646,1
0.4364953637123108,1
0.4294300675392151,1
0.31768882274627686,1
0.38468679785728455,1
0.34121912717819214,1
0.4777785539627075,1
0.3662566840648651,1
0.4035947322845459,1
0.3179534673690796,1
0.38622868061065674,1
0.37527912855148315,1
0.3441188633441925,1
0.239533931016922,1
0.4036402404308319,1
0.41301941871643066,1
0.5030738115310669,1
0.37684544920921326,1
0.5576488375663757,1
0.41573041677474976,1
0.4113217294216156,1
0.36352503299713135,1
0.3203836679458618,1
0.3009738326072693,1
0.36041367053985596,1
0.374835729598999,1
0.369757741689682,1
0.4106525778770447,1
0.42763882875442505,1
0.4244931638240814,1
0.30521059036254883,1
0.39969438314437866,1
0.36015379428863525,1
0.29998213052749634,1
0.3519803285598755,1
0.4363211989402771,1
0.25263363122940063,1
0.32361993193626404,1
0.3597961664199829,1
0.36088651418685913,1
0.5081409811973572,1
0.39106178283691406,1
0.3310176134109497,1
0.3138492703437805,1
0.33236464858055115,1
0.3150618076324463,1
0.4675440192222595,1
0.36765536665916443,1
0.39537858963012695,1
0.3067987859249115,1
0.3383515477180481,1
0.40532180666923523,1
0.3835694193840027,1
0.32298552989959717,1
0.4136466383934021,1
0.3402419090270996,1
0.3010435104370117,1
0.4547426700592041,1
0.3581426739692688,1
0.3086084723472595,1
0.4839378297328949,1
0.3614972233772278,1
0.3956172466278076,1
0.30451297760009766,1
0.3473021388053894,1
0.4487151503562927,1
0.39899858832359314,1
0.3667488098144531,1
0.2396603226661682,1
0.3898310363292694,1
0.5409489870071411,1
0.3440784513950348,1
0.4620840549468994,1
0.3610466420650482,1
0.39447587728500366,1
0.4136790633201599,1
0.3205600380897522,1
0.39587146043777466,1
0.4990633428096771,1
0.33682864904403687,1
0.42314666509628296,1
0.4499460458755493,1
0.5448626279830933,1
0.3019372522830963,1
0.39215800166130066,1
0.39839962124824524,1
0.3637893795967102,1
0.38179972767829895,1
0.29236331582069397,1
0.3659628927707672,1
0.4502788484096527,1
0.43329793214797974,1
0.3618127107620239,1
0.43612024188041687,1
0.3779774010181427,1
0.3643558621406555,1
0.33297717571258545,1
0.31687450408935547,1
0.34462276101112366,1
0.4958323538303375,1
0.4451369643211365,1
0.59566330909729,1
0.4636729955673218,1
0.45518404245376587,1
0.3180527091026306,1
0.37667930126190186,1
0.5210203528404236,1
0.3220703899860382,1
0.2679799497127533,1
0.3808307647705078,1
0.44516122341156006,1
0.41806164383888245,1
0.4679796099662781,1
0.3396286964416504,1
0.30823230743408203,1
0.3982199430465698,1
0.35725104808807373,1
0.394743949174881,1
0.3865627348423004,1
0.419813871383667,1
0.39351168274879456,1
0.3298560380935669,1
0.29575011134147644,1
0.3749910593032837,1
0.30373769998550415,1
0.41208207607269287,1
0.36411839723587036,1
0.4555721879005432,1
0.4044117033481598,1
0.39358097314834595,1
0.3418810963630676,1
0.3413105010986328,1
0.4233096241950989,1
0.37635916471481323,1
0.4382782280445099,1
0.32522502541542053,1
0.47225791215896606,1
0.31218138337135315,1
0.3933722972869873,1
0.33546024560928345,1
0.3675834536552429,1
0.5101343393325806,1
0.32977259159088135,1
0.3612254858016968,1
0.30289268493652344,1
0.3917303681373596,1
0.45708924531936646,1
0.4516649842262268,1
0.5232126116752625,1
0.35195451974868774,1
0.3429268002510071,1
0.43705058097839355,1
0.505812406539917,1
0.34528663754463196,1
0.29869481921195984,1
0.27601712942123413,1
0.297728955745697,1
0.43071937561035156,1
0.41579383611679077,1
0.3184148669242859,1
0.5043913125991821,1
0.32497066259384155,1
0.46529513597488403,1
0.27802109718322754,1
0.3877682685852051,1
0.3798306882381439,1
0.36889171600341797,1
0.33554065227508545,1
0.42495909333229065,1
0.3910234570503235,1
0.5378621816635132,1
0.44503068923950195,1
0.3674026429653168,1
0.4146479070186615,1
0.3720123767852783,1
0.3739224672317505,1
0.3275066018104553,1
0.38668790459632874,1
0.5652033686637878,1
0.39414483308792114,1
0.40745052695274353,1
0.532498836517334,1
0.3708133399486542,1
0.37586820125579834,1
0.3607327938079834,1
0.37227892875671387,1
0.4032147526741028,1
0.3872852325439453,1
0.3507921099662781,1
0.34388047456741333,1
0.45668819546699524,1
0.4921545088291168,1
0.2872716188430786,1
0.4044945240020752,1
0.3987571895122528,1
0.2645374536514282,1
0.3405646085739136,1
0.32536572217941284,1
0.3480101227760315,1
0.366995632648468,1
0.4351760745048523,1
0.3888840079307556,1
0.4060043692588806,1
0.40831637382507324,1
0.355180025100708,1
0.3592531979084015,1
0.29624614119529724,1
0.3116855025291443,1
0.5148730874061584,1
0.33044785261154175,1
0.4424397945404053,1
0.3459864854812622,1
0.41158121824264526,1
0.5212416648864746,1
0.31127750873565674,1
0.3852274417877197,1
0.4443446099758148,1
0.411356121301651,1
0.42054733633995056,1
0.40816354751586914,1
0.3093523383140564,1
0.3730166554450989,1
0.4433192014694214,1
0.3902053236961365,1
0.42119327187538147,1
0.43950575590133667,1
0.2964654564857483,1
0.47412991523742676,1
0.3935168385505676,1
0.41063785552978516,1
0.25286415219306946,1
0.3422893285751343,1
0.4644848704338074,1
0.3554953336715698,1
0.40677520632743835,1
0.40495744347572327,1
0.3507222533226013,1
0.5685285329818726,1
0.377472460269928,1
0.4197719097137451,1
0.37557071447372437,1
0.4887211322784424,1
0.46152400970458984,1
0.3764009475708008,1
0.34504449367523193,1
0.36907657980918884,1
0.3529977798461914,1
0.38797080516815186,1
0.49372807145118713,1
0.296179860830307,1
0.40643686056137085,1
0.34362125396728516,1
0.40234726667404175,1
0.35091137886047363,1
0.457189679145813,1
0.42046236991882324,1
0.5304218530654907,1
0.4548182189464569,1
0.39486485719680786,1
0.30931079387664795,1
0.5102577209472656,1
0.3802293539047241,1
0.43423008918762207,1
0.34419333934783936,1
0.34995409846305847,1
0.6551882028579712,1
0.3447490334510803,1
0.2758695185184479,1
0.45915013551712036,1
0.47663918137550354,1
0.34571513533592224,1
0.4381530284881592,1
0.40476009249687195,1
0.39614683389663696,1
0.3756868839263916,1
0.35727861523628235,1
0.4400625228881836,1
0.3858320116996765,1
0.4324150085449219,1
0.29839611053466797,1
0.3883622884750366,1
0.30178362131118774,1
0.3679249882698059,1
0.32229217886924744,1
0.35815876722335815,1
0.39617300033569336,1
0.38680872321128845,1
0.45128530263900757,1
0.42146578431129456,1
0.3970303237438202,1
0.4092622399330139,1
0.32013219594955444,1
0.36520716547966003,1
0.44915714859962463,1
0.31522589921951294,1
0.4162631928920746,1
0.3579871654510498,1
0.4235963821411133,1
0.3178403377532959,1
0.41652780771255493,1
0.43051397800445557,1
0.33014416694641113,1
0.37403661012649536,1
0.26678505539894104,1
0.48279786109924316,1
0.3339037001132965,1
0.4079613983631134,1
0.37998005747795105,1
0.43632447719573975,1
0.34764766693115234,1
0.3833184242248535,1
0.29693466424942017,1
0.4200304448604584,1
0.36247020959854126,1
0.32514670491218567,1
0.45635342597961426,1
0.32724466919898987,1
0.4356364607810974,1
0.47021231055259705,1
0.34758973121643066,1
0.4018915593624115,1
0.4310694932937622,1
0.33093753457069397,1
0.4232361316680908,1
0.41872891783714294,1
0.4613391160964966,1
0.3506821393966675,1
0.41005679965019226,1
0.368509441614151,1
0.4475972056388855,1
0.319442480802536,1
0.4579296410083771,1
0.44602903723716736,1
0.3147312104701996,1
0.3832462728023529,1
0.3140600323677063,1
0.48632100224494934,1
0.4286094903945923,1
0.4339863359928131,1
0.446664035320282,1
0.4064255952835083,1
0.41444188356399536,1
0.3589227497577667,1
0.3381507396697998,1
0.43960756063461304,1
0.24309265613555908,1
0.3364538848400116,1
0.377713680267334,1
0.4170364737510681,1
0.3656599223613739,1
0.39205339550971985,1
0.437503844499588,1
0.38367509841918945,1
0.3702596127986908,1
0.32322096824645996,1
0.36503052711486816,1
0.41338875889778137,1
0.40806844830513,1
0.3994091749191284,1
0.4635065197944641,1
0.2784765064716339,1
0.3939884305000305,1
0.4675970673561096,1
0.356253445148468,1
0.3566468358039856,1
0.4951295256614685,1
0.3305717706680298,1
0.3309452533721924,1
0.46103930473327637,1
0.3527944087982178,1
0.36770492792129517,1
0.3530544936656952,1
0.5218407511711121,1
0.39143216609954834,1
0.3346492350101471,1
0.3601102828979492,1
0.2927953600883484,1
0.41808897256851196,1
0.29456037282943726,1
0.48945140838623047,1
0.34682461619377136,1
0.5096653699874878,1
0.4444299340248108,1
0.4010176956653595,1
0.3812344968318939,1
0.3329494297504425,1
0.37551549077033997,1
0.2764877676963806,1
0.31015831232070923,1
0.3207641541957855,1
0.42539167404174805,1
0.35431790351867676,1
0.4136078357696533,1
0.3776066303253174,1
0.35254067182540894,1
0.38545307517051697,1
0.3277248740196228,1
0.39103811979293823,1
0.44381219148635864,1
0.33198124170303345,1
0.3201194107532501,1
0.4391908347606659,1
0.3453849256038666,1
0.3185361623764038,1
0.3762388229370117,1
0.3644770085811615,1
0.37953752279281616,1
0.3978431224822998,1
0.3412776589393616,1
0.42713990807533264,1
0.34411150217056274,1
0.516562819480896,1
0.31238436698913574,1
0.3365040123462677,1
0.33141154050827026,1
0.4137786626815796,1
0.3671547770500183,1
0.29488641023635864,1
0.3383888304233551,1
0.31341439485549927,1
0.4526609182357788,1
0.4368602931499481,1
0.45853546261787415,1
0.3709193170070648,1
0.333648145198822,1
0.31544286012649536,1
0.37149345874786377,1
0.42461642622947693,1
0.3753892183303833,1
0.37122613191604614,1
0.42152658104896545,1
0.3705999553203583,1
0.3949296474456787,1
0.3526257872581482,1
0.31546056270599365,1
0.39024603366851807,1
0.35993945598602295,1
0.43751275539398193,1
0.3344613313674927,1
0.33199357986450195,1
0.36367079615592957,1
0.46984952688217163,1
0.38829368352890015,1
0.3343774974346161,1
0.40042582154273987,1
0.42108988761901855,1
0.45292603969573975,1
0.2876122295856476,1
0.5722792744636536,1
0.4442426264286041,1
0.39390504360198975,1
0.37220239639282227,1
0.4307287037372589,1
0.5046206116676331,1
0.342978835105896,1
0.40549373626708984,1
0.44625192880630493,1
0.2828124463558197,1
0.4446548819541931,1
0.4061063528060913,1
0.406408429145813,1
0.28041690587997437,1
0.3712003231048584,1
0.38363632559776306,1
0.38787344098091125,1
0.45093727111816406,1
0.3077685236930847,1
0.3287507891654968,1
0.29566773772239685,1
0.5410901308059692,1
0.3308964669704437,1
0.39909884333610535,1
0.4664931297302246,1
0.4388086199760437,1
0.40009862184524536,1
0.30277392268180847,1
0.5355197787284851,1
0.3426925539970398,1
0.3559357523918152,1
0.3076174259185791,1
0.3385636508464813,1
0.4580971896648407,1
0.35687047243118286,1
0.27055826783180237,1
0.3898092806339264,1
0.2838786244392395,1
0.35844212770462036,1
0.28168416023254395,1
0.31457003951072693,1
0.37474143505096436,1
0.5114660263061523,1
0.3812820315361023,1
0.31552574038505554,1
0.4917116165161133,1
0.31529462337493896,1
0.3638237416744232,1
0.4264960289001465,1
0.3950672447681427,1
0.44589370489120483,1
0.34972864389419556,1
0.4669688642024994,1
0.3566272258758545,1
0.41103696823120117,1
0.43123382329940796,1
0.48853835463523865,1
0.34454259276390076,1
0.48578161001205444,1
0.3513708710670471,1
0.4482881426811218,1
0.4354720413684845,1
0.28709864616394043,1
0.3585633337497711,1
0.4147147536277771,1
0.26254144310951233,1
0.36749640107154846,1
0.3270690441131592,1
0.3787774443626404,1
0.37180840969085693,1
0.3683302104473114,1
0.4152422845363617,1
0.3911021053791046,1
0.4074133038520813,1
0.4476414918899536,1
0.5296972990036011,1
0.33443790674209595,1
0.2978583872318268,1
0.47123974561691284,1
0.4038354158401489,1
0.4546947181224823,1
0.5040411949157715,1
0.43759915232658386,1
0.32537442445755005,1
0.3467891216278076,1
0.5531043410301208,1
0.4476950168609619,1
0.42415326833724976,1
0.5133174061775208,1
0.3898748755455017,1
0.2649172246456146,1
0.49020540714263916,1
0.36356884241104126,1
0.33435487747192383,1
0.25761887431144714,1
0.3646996021270752,1
0.37916404008865356,1
0.32479918003082275,1
0.2929447889328003,1
0.4119955003261566,1
0.39374443888664246,1
0.40208369493484497,1
0.3846157491207123,1
0.3431215286254883,1
0.42504024505615234,1
0.3944617211818695,1
0.37291663885116577,1
0.29099565744400024,1
0.46507567167282104,1
0.34754645824432373,1
0.3260178565979004,1
0.41586315631866455,1
0.4514496922492981,1
0.324533611536026,1
0.46732670068740845,1
0.31921878457069397,1
0.4654899537563324,1
0.2939397394657135,1
0.3927406370639801,1
0.3581734299659729,1
0.41680091619491577,1
0.48978233337402344,1
0.38435065746307373,1
0.3700695037841797,1
0.3833231031894684,1
0.486431360244751,1
0.4122486114501953,1
0.40461480617523193,1
0.5190228223800659,1
0.37353092432022095,1
0.43704116344451904,1
0.25735172629356384,1
0.4131473898887634,1
0.37721702456474304,1
0.4276680648326874,1
0.3671654164791107,1
0.37186992168426514,1
0.4075106978416443,1
0.45389872789382935,1
0.34958407282829285,1
0.3554564118385315,1
0.40312784910202026,1
0.4094662070274353,1
0.4531192183494568,1
0.402587890625,1
0.278525710105896,1
0.227720707654953,1
0.369632750749588,1
0.37588000297546387,1
0.28306111693382263,1
0.44883477687835693,1
0.4016861617565155,1
0.4202944338321686,1
0.41069337725639343,1
0.3420853018760681,1
0.33579355478286743,1
0.4623291492462158,1
0.5286046862602234,1
0.3641384243965149,1
0.39778953790664673,1
0.38440901041030884,1
0.34489795565605164,1
0.344677209854126,1
0.37429362535476685,1
0.5250535011291504,1
0.3369893431663513,1
0.2943604588508606,1
0.414925217628479,1
0.361728310585022,1
0.3548201322555542,1
0.4808541238307953,1
0.4786418676376343,1
0.3017970621585846,1
0.46861955523490906,1
0.41568654775619507,1
0.3660494089126587,1
0.42097747325897217,1
0.335523396730423,1
0.3025798797607422,1
0.40236586332321167,1
0.31820249557495117,1
0.30005013942718506,1
0.35314780473709106,1
0.36690178513526917,1
0.4056476056575775,1
0.3062779903411865,1
0.3665251135826111,1
0.356548011302948,1
0.4296441674232483,1
0.2732720673084259,1
0.4495028853416443,1
0.4628877341747284,1
0.4583253562450409,1
0.3512219488620758,1
0.35252463817596436,1
0.3717593550682068,1
0.4023866653442383,1
0.32803475856781006,1
0.42400214076042175,1
0.32951754331588745,1
0.3168336749076843,1
0.36644476652145386,1
0.35941267013549805,1
0.31422901153564453,1
0.31414827704429626,1
0.4082511365413666,1
0.38689127564430237,1
0.36119481921195984,1
0.3919387459754944,1
0.3468966484069824,1
0.4165841042995453,1
0.3260738253593445,1
0.37424999475479126,1
0.41923242807388306,1
0.26771068572998047,1
0.3443129062652588,1
0.47485285997390747,1
0.6538594365119934,1
0.39966481924057007,1
0.32279330492019653,1
0.28640496730804443,1
0.34411075711250305,1
0.28488269448280334,1
0.43405991792678833,1
0.38968008756637573,1
0.37543433904647827,1
0.5892437100410461,1
0.34468361735343933,1
0.2846285104751587,1
0.3828255534172058,1
0.331948846578598,1
0.3575732409954071,1
0.42342066764831543,1
0.39192020893096924,1
0.42090967297554016,1
0.3186030089855194,1
0.4505404531955719,1
0.31917864084243774,1
0.33067747950553894,1
0.34200319647789,1
0.4619382619857788,1
0.4078574776649475,1
0.4204966723918915,1
0.3011429011821747,1
0.2989389896392822,1
0.3933650851249695,1
0.4917562007904053,1
0.35177046060562134,1
0.3891361355781555,1
0.3352699279785156,1
0.339849591255188,1
0.3708007335662842,1
0.5163751244544983,1
0.374125599861145,1
0.38102808594703674,1
0.4247084856033325,1
0.2627739906311035,1
0.4803510308265686,1
0.2496599406003952,1
0.37924301624298096,1
0.3799531161785126,1
0.3257925808429718,1
0.44779664278030396,1
0.39729809761047363,1
0.33483660221099854,1
0.41145139932632446,1
0.3379093408584595,1
0.2847825884819031,1
0.31402087211608887,1
0.37729236483573914,1
0.39653608202934265,1
0.3705369532108307,1
0.3464234173297882,1
0.4293464422225952,1
0.3822290301322937,1
0.3138622045516968,1
0.4871411919593811,1
0.48614805936813354,1
0.3338201344013214,1
0.3161207437515259,1
0.34990906715393066,1
0.45127004384994507,1
0.3822477459907532,1
0.3328198790550232,1
0.3773554563522339,1
0.4071959853172302,1
0.3880661725997925,1
0.44850507378578186,1
0.4480845034122467,1
0.32091349363327026,1
0.3869665861129761,1
0.3258703947067261,1
0.45797786116600037,1
0.4210658669471741,1
0.4884403347969055,1
0.4076533615589142,1
0.42483168840408325,1
0.351043701171875,1
0.2953135371208191,1
0.32807445526123047,1
0.44219911098480225,1
0.41264116764068604,1
0.3354324996471405,1
0.4192405939102173,1
0.367730975151062,1
0.5015075206756592,1
0.4618457555770874,1
0.3569749593734741,1
0.42738279700279236,1
0.3038278818130493,1
0.4500313997268677,1
0.3950481116771698,1
0.39634138345718384,1
0.3664913773536682,1
0.4434811472892761,1
0.2566925585269928,1
0.4325234293937683,1
0.32074111700057983,1
0.3999101519584656,1
0.4696018099784851,1
0.5525365471839905,1
0.3852023184299469,1
0.26069504022598267,1
0.344992995262146,1
0.4034786820411682,1
0.3138764202594757,1
0.36371612548828125,1
0.4396248459815979,1
0.365416020154953,1
0.3169832229614258,1
0.35921013355255127,1
0.3809693157672882,1
0.37396082282066345,1
0.3123997151851654,1
0.34019502997398376,1
0.5233058929443359,1
0.4613051116466522,1
0.36492806673049927,1
0.4154973030090332,1
0.3947388529777527,1
0.3924907445907593,1
0.38580185174942017,1
0.4343816637992859,1
0.3964743912220001,1
0.4440699815750122,1
0.47370046377182007,1
0.39676129817962646,1
0.30941253900527954,1
0.3177025318145752,1
0.3707556128501892,1
0.38203251361846924,1
0.3683445155620575,1
0.35343748331069946,1
0.28617024421691895,1
0.4824244976043701,1
0.2740194797515869,1
0.3413552939891815,1
0.44234275817871094,1
0.4331877529621124,1
0.26936033368110657,1
0.3935680687427521,1
0.3683919608592987,1
0.3966282606124878,1
0.3583800196647644,1
0.4025096297264099,1
0.308501660823822,1
0.4303761124610901,1
0.44203418493270874,1
0.3926583230495453,1
0.405636191368103,1
0.4073525667190552,1
0.4490388035774231,1
0.4282691776752472,1
0.44376805424690247,1
0.48602133989334106,1
0.505391001701355,1
0.5348533391952515,1
0.4664207696914673,1
0.4664166569709778,1
0.3463231921195984,1
0.3323400020599365,1
0.3030592203140259,1
0.48036912083625793,1
0.35061895847320557,1
0.36129897832870483,1
0.36229658126831055,1
0.37243860960006714,1
0.3815259635448456,1
0.32435330748558044,1
0.35067540407180786,1
0.33763203024864197,1
0.3136850595474243,1
0.37861937284469604,1
0.4666174352169037,1
0.32094648480415344,1
0.40056493878364563,1
0.427564799785614,1
0.43279534578323364,1
0.3507331609725952,1
0.4829941987991333,1
0.35601723194122314,1
0.48729532957077026,1
0.3990812599658966,1
0.5087053179740906,1
0.38442835211753845,1
0.36227181553840637,1
0.39855700731277466,1
0.3319137692451477,1
0.4979080855846405,1
0.3874145746231079,1
0.312787264585495,1
0.40532100200653076,1
0.3849581480026245,1
0.4270976185798645,1
0.39745423197746277,1
0.39415720105171204,1
0.3175053000450134,1
0.36427783966064453,1
0.49777066707611084,1
0.3383517265319824,1
0.36838722229003906,1
0.35794252157211304,1
0.48759686946868896,1
0.3050174415111542,1
0.3972983658313751,1
0.47927147150039673,1
0.4106385111808777,1
0.33258485794067383,1
0.3252168893814087,1
0.48232412338256836,1
0.26562047004699707,1
0.41256794333457947,1
0.4120512306690216,1
0.24772390723228455,1
0.5049173831939697,1
0.4108048677444458,1
0.34155353903770447,1
0.30004024505615234,1
0.29444602131843567,1
0.3350066542625427,1
0.29436546564102173,1
0.3952932059764862,1
0.3687298595905304,1
0.35792261362075806,1
0.30503153800964355,1
0.3387858271598816,1
0.39978235960006714,1
0.39988619089126587,1
0.2884826064109802,1
0.3087473511695862,1
0.4276667833328247,1
0.33915814757347107,1
0.3396749496459961,1
0.46183210611343384,1
0.34253525733947754,1
0.4528783857822418,1
0.41675499081611633,1
0.3304309546947479,1
0.3482811748981476,1
0.3336491286754608,1
0.3580857515335083,1
0.3954681158065796,1
0.39032748341560364,1
0.31436818838119507,1
0.4789648652076721,1
0.44907501339912415,1
0.46010884642601013,1
0.30811458826065063,1
0.3905010521411896,1
0.3473782241344452,1
0.3845343291759491,1
0.3671233057975769,1
0.6252862215042114,1
0.3927004337310791,1
0.33945798873901367,1
0.26520583033561707,1
0.3412606418132782,1
0.3746298551559448,1
0.41333842277526855,1
0.38282012939453125,1
0.35173484683036804,1
0.4534801244735718,1
0.46510058641433716,1
0.3094324469566345,1
0.3552953004837036,1
0.4296972155570984,1
0.38496437668800354,1
0.39103564620018005,1
0.302762508392334,1
0.32361745834350586,1
0.30205270648002625,1
0.2719467878341675,1
0.43959033489227295,1
0.339586079120636,1
0.42872869968414307,1
0.4222283363342285,1
0.35052138566970825,1
0.3710102140903473,1
0.4259781837463379,1
0.5498826503753662,1
0.41494303941726685,1
0.4744616150856018,1
0.33970916271209717,1
0.3699170649051666,1
0.4247022271156311,1
0.3407682180404663,1
0.41172561049461365,1
0.3221281170845032,1
0.37559473514556885,1
0.39814385771751404,1
0.3409092426300049,1
0.4095340073108673,1
0.36670929193496704,1
0.44737374782562256,1
0.3845161199569702,1
0.3680129647254944,1
0.39123111963272095,1
0.3074318468570709,1
0.5667141675949097,1
0.37384751439094543,1
0.4205555319786072,1
0.3309352397918701,1
0.39380884170532227,1
0.3751286566257477,1
0.3245784342288971,1
0.3945053815841675,1
0.32430559396743774,1
0.519454300403595,1
0.3728070855140686,1
0.4217842221260071,1
0.5105640888214111,1
0.4293220341205597,1
0.352143794298172,1
0.35117512941360474,1
0.3776119649410248,1
0.2958926558494568,1
0.3527706563472748,1
0.41959860920906067,1
0.3789859414100647,1
0.5008786916732788,1
0.5364652872085571,1
0.44703805446624756,1
0.35402408242225647,1
0.39527174830436707,1
0.36005786061286926,1
0.2763543725013733,1
0.4763248562812805,1
0.3467414081096649,1
0.39814168214797974,1
0.37527963519096375,1
0.38684332370758057,1
0.4488375782966614,1
0.4304696321487427,1
0.37103474140167236,1
0.4471026062965393,1
0.3252529799938202,1
0.33279410004615784,1
0.33024364709854126,1
0.3846367299556732,1
0.4174599051475525,1
0.4086252450942993,1
0.28619635105133057,1
0.42300981283187866,1
0.353797972202301,1
0.5214390754699707,1
0.4389861822128296,1
0.45112985372543335,1
0.384030282497406,1
0.3166872262954712,1
0.4624095857143402,1
0.5364489555358887,1
0.3383210301399231,1
0.4202713966369629,1
0.3154946565628052,1
0.49064069986343384,1
0.3540211319923401,1
0.3818349242210388,1
0.42333734035491943,1
0.33139026165008545,1
0.4818130135536194,1
0.44842755794525146,1
0.3457922339439392,1
0.3036758005619049,1
0.42356806993484497,1
0.36404991149902344,1
0.27801698446273804,1
0.41056787967681885,1
0.4471947252750397,1
0.37215179204940796,1
0.4209895730018616,1
0.37789076566696167,1
0.3618106245994568,1
0.3681650161743164,1
0.29863080382347107,1
0.3652268052101135,1
0.3364929258823395,1
0.3546220064163208,1
0.3664117157459259,1
0.3136835992336273,1
0.25548306107521057,1
0.42744386196136475,1
0.45654812455177307,1
0.4150681495666504,1
0.3465961217880249,1
0.3447548449039459,1
0.35510990023612976,1
0.34972649812698364,1
0.3686753511428833,1
0.33360496163368225,1
0.37074294686317444,1
0.35795074701309204,1
0.34159573912620544,1
0.3910231590270996,1
0.36703264713287354,1
0.44056928157806396,1
0.4838498830795288,1
0.4278503656387329,1
0.31734371185302734,1
0.3184385895729065,1
0.35193389654159546,1
0.37963345646858215,1
0.5139905214309692,1
0.44675594568252563,1
0.3922485113143921,1
0.5034999847412109,1
0.38942772150039673,1
0.3927897810935974,1
0.38081061840057373,1
0.31815105676651,1
0.4095502495765686,1
0.365700364112854,1
0.44624972343444824,1
0.2662873864173889,1
0.32545801997184753,1
0.4828910529613495,1
0.3493579030036926,1
0.43380630016326904,1
0.26388514041900635,1
0.4840489625930786,1
0.34619301557540894,1
0.3083958327770233,1
0.28512099385261536,1
0.34568601846694946,1
0.3429233729839325,1
0.3989184498786926,1
0.3900509476661682,1
0.34938672184944153,1
0.27784913778305054,1
0.3799890875816345,1
0.3912392258644104,1
0.3833525478839874,1
0.36003896594047546,1
0.24444063007831573,1
0.36044198274612427,1
0.29709941148757935,1
0.4211292266845703,1
0.41917407512664795,1
0.35520482063293457,1
0.49422580003738403,1
0.334089994430542,1
0.4828580319881439,1
0.36677300930023193,1
0.4171847403049469,1
0.34175407886505127,1
0.4101099967956543,1
0.40382224321365356,1
0.33202725648880005,1
0.4257453680038452,1
0.3681151866912842,1
0.35095933079719543,1
0.3747726380825043,1
0.44827908277511597,1
0.29144346714019775,1
0.4374193251132965,1
0.450376033782959,1
0.4183621406555176,1
0.43257761001586914,1
0.40951457619667053,1
0.3845210671424866,1
0.34267014265060425,1
0.34712812304496765,1
0.4198916554450989,1
0.4515920877456665,1
0.43539780378341675,1
0.38566190004348755,1
0.4472184181213379,1
0.4077256917953491,1
0.3686453104019165,1
0.4027599096298218,1
0.4432636797428131,1
0.3331061601638794,1
0.2956632971763611,1
0.3843885660171509,1
0.3087504208087921,1
0.37497371435165405,1
0.40876078605651855,1
0.36723244190216064,1
0.30661189556121826,1
0.4362862706184387,1
0.36086198687553406,1
0.3531129062175751,1
0.4847413897514343,1
0.4684060215950012,1
0.3392803966999054,1
0.43615126609802246,1
0.35378479957580566,1
0.38596898317337036,1
0.509762167930603,1
0.369556188583374,1
0.3722084164619446,1
0.297272264957428,1
0.4126891791820526,1
0.31045177578926086,1
0.519679605960846,1
0.39708083868026733,1
0.3444889187812805,1
0.39852768182754517,1
0.42152756452560425,1
0.4002019166946411,1
0.420349657535553,1
0.4405312240123749,1
0.31028494238853455,1
0.5368228554725647,1
0.31753623485565186,1
0.3774816393852234,1
0.31644105911254883,1
0.34112703800201416,1
0.34860289096832275,1
0.3389337658882141,1
0.3337663412094116,1
0.44271233677864075,1
0.4110167622566223,1
0.30037635564804077,1
0.35052183270454407,1
0.43316397070884705,1
0.39700454473495483,1
0.38218820095062256,1
0.4228193759918213,1
0.4011516869068146,1
0.3483728766441345,1
0.32681381702423096,1
0.30665045976638794,1
0.38145869970321655,1
0.35579913854599,1
0.5059306621551514,1
0.3324902057647705,1
0.4452519714832306,1
0.3421782851219177,1
0.49103865027427673,1
0.36001431941986084,1
0.3550824522972107,1
0.3333243131637573,1
0.38582468032836914,1
0.3204997181892395,1
0.40982586145401,1
0.45046257972717285,1
0.3700891137123108,1
0.39971643686294556,1
0.49117767810821533,1
0.47839751839637756,1
0.40322691202163696,1
0.3976948857307434,1
0.3938463628292084,1
0.3823208808898926,1
0.3586311936378479,1
0.26809263229370117,1
0.39741453528404236,1
0.4611820876598358,1
0.376697838306427,1
0.3726932108402252,1
0.33231645822525024,1
0.41720664501190186,1
0.34982550144195557,1
0.31294211745262146,1
0.29818806052207947,1
0.3797285556793213,1
0.37950244545936584,1
0.3935618996620178,1
0.34747833013534546,1
0.48739638924598694,1
0.4495510458946228,1
0.3563673198223114,1
0.3769301176071167,1
0.41395825147628784,1
0.38249650597572327,1
0.30328643321990967,1
0.3853025734424591,1
0.3226618766784668,1
0.3511739671230316,1
0.26920145750045776,1
0.3581612706184387,1
0.389865517616272,1
0.4514719247817993,1
0.44089293479919434,1
0.34750106930732727,1
0.3879472017288208,1
0.3922436237335205,1
0.38202112913131714,1
0.463459312915802,1
0.45227164030075073,1
0.3303048312664032,1
0.3813627064228058,1
0.33877965807914734,1
0.3976035714149475,1
0.3451099693775177,1
0.3402424454689026,1
0.48446786403656006,1
0.2872297167778015,1
0.39550891518592834,1
0.5327054858207703,1
0.3390311300754547,1
0.4757840633392334,1
0.4689205586910248,1
0.35996559262275696,1
0.3455297648906708,1
0.46874383091926575,1
0.47068098187446594,1
0.337395042181015,1
0.40768757462501526,1
0.4073866605758667,1
0.30695638060569763,1
0.3967457413673401,1
0.30563899874687195,1
0.34686553478240967,1
0.34109586477279663,1
0.35247644782066345,1
0.3919740617275238,1
0.38482093811035156,1
0.3475046753883362,1
0.5179238319396973,1
0.3885599970817566,1
0.3604586720466614,1
0.3862251341342926,1
0.2993602454662323,1
0.3649696111679077,1
0.5958839058876038,1
0.39371025562286377,1
0.36120355129241943,1
0.30059927701950073,1
0.3675473630428314,1
0.30719122290611267,1
0.36988237500190735,1
0.3822263479232788,1
0.39665719866752625,1
0.37009525299072266,1
0.2597333788871765,1
0.31590867042541504,1
0.4289731979370117,1
0.47238850593566895,1
0.40528446435928345,1
0.4401593804359436,1
0.5068292617797852,1
0.3924180865287781,1
0.3248547911643982,1
0.5535363554954529,1
0.37495195865631104,1
0.23215052485466003,1
0.355973482131958,1
0.36702507734298706,1
0.41598981618881226,1
0.3272574543952942,1
0.4008619785308838,1
0.4917573034763336,1
0.3980984091758728,1
0.38607537746429443,1
0.5460250973701477,1
0.4009318947792053,1
0.3958665430545807,1
0.3920459747314453,1
0.412427693605423,1
0.3242536783218384,1
0.3964981436729431,1
0.39126086235046387,1
0.3536165952682495,1
0.37581610679626465,1
0.4229717552661896,1
0.413947731256485,1
0.26698869466781616,1
0.40480029582977295,1
0.47527986764907837,1
0.36340248584747314,1
0.2674061954021454,1
0.514407217502594,1
0.3549882471561432,1
0.47338345646858215,1
0.3823986053466797,1
0.4246935248374939,1
0.4071325957775116,1
0.38460344076156616,1
0.4414876401424408,1
0.3841569125652313,1
0.3638046681880951,1
0.3885197639465332,1
0.4448012113571167,1
0.45102354884147644,1
0.4590960443019867,1
0.42093977332115173,1
0.3334338665008545,1
0.4902566075325012,1
0.419182687997818,1
0.35792800784111023,1
0.49695122241973877,1
0.2719918489456177,1
0.3300579786300659,1
0.37712767720222473,1
0.3837602734565735,1
0.3013781011104584,1
0.4119623899459839,1
0.25216856598854065,1
0.4220637083053589,1
0.3922848105430603,1
0.5594111680984497,1
0.42107677459716797,1
0.5518510937690735,1
0.36279845237731934,1
0.47411835193634033,1
0.43425148725509644,1
0.3589240312576294,1
0.39453354477882385,1
0.4000357985496521,1
0.43888619542121887,1
0.30903685092926025,1
0.4588436782360077,1
0.3440089821815491,1
0.3913098871707916,1
0.2662268877029419,1
0.3339276909828186,1
0.32665953040122986,1
0.4004043936729431,1
0.4087064266204834,1
0.3109690546989441,1
0.3692360818386078,1
0.34096604585647583,1
0.5805343985557556,1
0.3425285518169403,1
0.38203883171081543,1
0.31269359588623047,1
0.3714756965637207,1
0.4999874234199524,1
0.35781508684158325,1
0.3291928768157959,1
0.3300040364265442,1
0.3270786702632904,1
0.4145171046257019,1
0.4503774642944336,1
0.4763597249984741,1
0.44229400157928467,1
0.3897482454776764,1
0.3340478539466858,1
0.39951884746551514,1
0.4053080379962921,1
0.48940831422805786,1
0.3818606734275818,1
0.23352643847465515,1
0.37582528591156006,1
0.3378339111804962,1
0.35609638690948486,1
0.4955156445503235,1
0.4752805829048157,1
0.390372633934021,1
0.40564000606536865,1
0.3092684745788574,1
0.42582494020462036,1
0.3101425766944885,1
0.3746306300163269,1
0.4351537823677063,1
0.4170825481414795,1
0.4927370548248291,1
0.3983477056026459,1
0.3607252538204193,1
0.4731028974056244,1
0.4066350758075714,1
0.36054790019989014,1
0.3635159730911255,1
0.30563613772392273,1
0.2788390517234802,1
0.4691329598426819,1
0.2629782259464264,1
0.41175931692123413,1
0.38833150267601013,1
0.3330579698085785,1
0.2962741553783417,1
0.5553447008132935,1
0.34572815895080566,1
0.43476611375808716,1
0.3421748876571655,1
0.3541615605354309,1
0.32978174090385437,1
0.5623385906219482,1
0.39211151003837585,1
0.4163576364517212,1
0.4099067449569702,1
0.359295129776001,1
0.4978705644607544,1
0.3740927577018738,1
0.32641249895095825,1
0.38654449582099915,1
0.35838449001312256,1
0.27820491790771484,1
0.34463152289390564,1
0.4153939485549927,1
0.3736864924430847,1
0.36470866203308105,1
0.42136988043785095,1
0.36456552147865295,1
0.32661765813827515,1
0.30123502016067505,1
0.4509831666946411,1
0.33713245391845703,1
0.4915264844894409,1
0.3326389491558075,1
0.5623825192451477,1
0.42424458265304565,1
0.42110562324523926,1
0.30131375789642334,1
0.34582793712615967,1
0.400814950466156,1
0.35183751583099365,1
0.2900717854499817,1
0.3751276731491089,1
0.39329567551612854,1
0.428943932056427,1
0.4343661069869995,1
0.3704969584941864,1
0.32177406549453735,1
0.5440236926078796,1
0.3517002463340759,1
0.30202317237854004,1
0.3742125928401947,1
0.36526429653167725,1
0.2410750836133957,1
0.46050819754600525,1
0.4125863015651703,1
0.4952975809574127,1
0.29364505410194397,1
0.35550200939178467,1
0.32318374514579773,1
0.3349542021751404,1
0.3560228645801544,1
0.3953649401664734,1
0.45030272006988525,1
0.4285382330417633,1
0.3475326895713806,1
0.31411033868789673,1
0.45132678747177124,1
0.37586796283721924,1
0.36363592743873596,1
0.4096187949180603,1
0.4092442989349365,1
0.39667820930480957,1
0.3919847905635834,1
0.3948633372783661,1
0.3802688717842102,1
0.33193671703338623,1
0.35387858748435974,1
0.4462561309337616,1
0.329135000705719,1
0.5178309082984924,1
0.419526606798172,1
0.2921573519706726,1
0.36437758803367615,1
0.39850950241088867,1
0.48885083198547363,1
0.3748190701007843,1
0.30625125765800476,1
0.3538435399532318,1
0.412639856338501,1
0.6125197410583496,1
0.4588235020637512,1
0.4800688922405243,1
0.40036943554878235,1
0.35654497146606445,1
0.36761167645454407,1
0.3337346315383911,1
0.38519683480262756,1
0.4451969265937805,1
0.36359119415283203,1
0.38120266795158386,1
0.5048264861106873,1
0.33169740438461304,1
0.3381514251232147,1
0.2995043694972992,1
0.3375016748905182,1
0.3809534013271332,1
0.4195951521396637,1
0.3659689426422119,1
0.42477887868881226,1
0.4433124363422394,1
0.3437153398990631,1
0.31895458698272705,1
0.34012371301651,1
0.3794402778148651,1
0.40645745396614075,1
0.2812541425228119,1
0.5104438066482544,1
0.3645479679107666,1
0.43174946308135986,1
0.39320576190948486,1
0.4156199097633362,1
0.3942587971687317,1
0.3492316007614136,1
0.38189566135406494,1
0.46393996477127075,1
0.4074389934539795,1
0.36758363246917725,1
0.34120869636535645,1
0.4090461730957031,1
0.40527740120887756,1
0.4041586220264435,1
0.2915095090866089,1
0.2885335683822632,1
0.3925267159938812,1
0.25697389245033264,1
0.46222713589668274,1
0.3980114459991455,1
0.27266743779182434,1
0.38973546028137207,1
0.4585205018520355,1
0.3772999048233032,1
0.3261095881462097,1
0.425108939409256,1
0.4109801948070526,1
0.34784817695617676,1
0.412081241607666,1
0.41444557905197144,1
0.3723253607749939,1
0.35365068912506104,1
0.39688587188720703,1
0.37805289030075073,1
0.3522263169288635,1
0.48353564739227295,1
0.38786250352859497,1
0.3734627962112427,1
0.42899268865585327,1
0.374506413936615,1
0.3251073956489563,1
0.39815554022789,1
0.34858402609825134,1
0.3294241428375244,1
0.27998197078704834,1
0.46420973539352417,1
0.4441889524459839,1
0.3929997682571411,1
0.3758375644683838,1
0.4381883144378662,1
0.41808363795280457,1
0.2979000210762024,1
0.29496872425079346,1
0.41608166694641113,1
0.39372366666793823,1
0.37438780069351196,1
0.3559136390686035,1
0.39506179094314575,1
0.38955190777778625,1
0.273040771484375,1
0.3416782021522522,1
0.36226826906204224,1
0.3605142831802368,1
0.4887937009334564,1
0.3774722218513489,1
0.3698493242263794,1
0.27802586555480957,1
0.34999263286590576,1
0.3414321839809418,1
0.29941117763519287,1
0.40266525745391846,1
0.3218863904476166,1
0.321028470993042,1
0.41214242577552795,1
0.5083034634590149,1
0.34699949622154236,1
0.4408952593803406,1
0.3380083441734314,1
0.4202656149864197,1
0.3519742786884308,1
0.42032015323638916,1
0.3409252166748047,1
0.3664001524448395,1
0.4287579357624054,1
0.39891576766967773,1
0.3812457025051117,1
0.3027186393737793,1
0.33351942896842957,1
0.3550869822502136,1
0.38352176547050476,1
0.356121301651001,1
0.3243453800678253,1
0.3719795346260071,1
0.42471903562545776,1
0.409085214138031,1
0.41740643978118896,1
0.30628639459609985,1
0.42573463916778564,1
0.4329238533973694,1
0.4392051100730896,1
0.2979462444782257,1
0.3272961378097534,1
0.38420963287353516,1
0.361209899187088,1
0.5379974842071533,1
0.36975616216659546,1
0.3372003436088562,1
0.39012324810028076,1
0.32008111476898193,1
0.3161962330341339,1
0.37613359093666077,1
0.29590678215026855,1
0.40437912940979004,1
0.35776078701019287,1
0.43166929483413696,1
0.35913312435150146,1
0.4135879576206207,1
0.3500452935695648,1
0.4424435496330261,1
0.36827996373176575,1
0.3133000135421753,1
0.37670081853866577,1
0.3973867893218994,1
0.3609771132469177,1
0.5195808410644531,1
0.2687363028526306,1
0.4251156449317932,1
0.2674524188041687,1
0.39816170930862427,1
0.2917020916938782,1
0.4109879434108734,1
0.4774240255355835,1
0.3826081454753876,1
0.4779563546180725,1
0.31455981731414795,1
0.3460204303264618,1
0.46675148606300354,1
0.22287927567958832,1
0.5119747519493103,1
0.40550467371940613,1
0.4047938585281372,1
0.32946568727493286,1
0.4724113643169403,1
0.46476250886917114,1
0.429959774017334,1
0.48728078603744507,1
0.5499308109283447,1
0.4721505343914032,1
0.36797985434532166,1
0.3702714145183563,1
0.4610044062137604,1
0.4960326850414276,1
0.4933624267578125,1
0.47678011655807495,1
0.4707784354686737,1
0.34013068675994873,1
0.38505762815475464,1
0.3287694752216339,1
0.3593936264514923,1
0.42047181725502014,1
0.3517802953720093,1
0.30484241247177124,1
0.35876157879829407,1
0.44538694620132446,1
0.4056856334209442,1
0.42438462376594543,1
0.348567396402359,1
0.36556655168533325,1
0.2959628403186798,1
0.37674543261528015,1
0.3986026644706726,1
0.3499855399131775,1
0.3715132474899292,1
0.37874212861061096,1
0.3943290412425995,1
0.31289172172546387,1
0.3151817321777344,1
0.35075849294662476,1
0.4647596776485443,1
0.5011525750160217,1
0.40146252512931824,1
0.29659244418144226,1
0.4645427465438843,1
0.48066267371177673,1
0.3725433647632599,1
0.30533504486083984,1
0.3607181906700134,1
0.4398301839828491,1
0.35697585344314575,1
0.5117850303649902,1
0.3078281581401825,1
0.30260613560676575,1
0.3184071183204651,1
0.4220263659954071,1
0.3735780715942383,1
0.38774585723876953,1
0.413746178150177,1
0.2760830521583557,1
0.39892032742500305,1
0.3607097864151001,1
0.4462262988090515,1
0.33388376235961914,1
0.499095618724823,1
0.47118788957595825,1
0.33517175912857056,1
0.3234615623950958,1
0.4441796541213989,1
0.3713228404521942,1
0.33927246928215027,1
0.41424188017845154,1
0.45203498005867004,1
0.500598132610321,1
0.2917633354663849,1
0.36635279655456543,1
0.32181793451309204,1
0.36539191007614136,1
0.4101143181324005,1
0.4700879752635956,1
0.37553873658180237,1
0.32345229387283325,1
0.43713489174842834,1
0.41684281826019287,1
0.34568747878074646,1
0.4447941780090332,1
0.3728378117084503,1
0.34806597232818604,1
0.30099350214004517,1
0.2732144296169281,1
0.3165309429168701,1
0.4119164049625397,1
0.3513539731502533,1
0.38459065556526184,1
0.47745728492736816,1
0.3526168465614319,1
0.44040703773498535,1
0.36266010999679565,1
0.32262158393859863,1
0.45968976616859436,1
0.346493124961853,1
0.4468298852443695,1
0.40024447441101074,1
0.47972598671913147,1
0.41464170813560486,1
0.36590123176574707,1
0.3815287947654724,1
0.4460899233818054,1
0.28063467144966125,1
0.36300981044769287,1
0.5339412689208984,1
0.3464507460594177,1
0.31516388058662415,1
0.3069421052932739,1
0.29441699385643005,1
0.4390869736671448,1
0.40014439821243286,1
0.4342997372150421,1
0.3812539279460907,1
0.37129226326942444,1
0.35097235441207886,1
0.5048389434814453,1
0.4121670424938202,1
0.33549660444259644,1
0.244789257645607,1
0.4044521152973175,1
0.26969897747039795,1
0.279388964176178,1
0.3714444935321808,1
0.40043550729751587,1
0.3981257975101471,1
0.42037075757980347,1
0.366457998752594,1
0.3490108549594879,1
0.4294096827507019,1
0.3280077576637268,1
0.45709240436553955,1
0.5004417896270752,1
0.5036450624465942,1
0.5252008438110352,1
0.4078613519668579,1
0.34181147813796997,1
0.42336487770080566,1
0.36465346813201904,1
0.30719760060310364,1
0.3670378625392914,1
0.2854972779750824,1
0.39375969767570496,1
0.48704224824905396,1
0.49334660172462463,1
0.34243348240852356,1
0.3894769549369812,1
0.32454386353492737,1
0.3394755423069,1
0.4783340394496918,1
0.37661731243133545,1
0.5461543202400208,1
0.44830888509750366,1
0.5021886229515076,1
0.3686220645904541,1
0.46187955141067505,1
0.35859379172325134,1
0.2745697498321533,1
0.34388285875320435,1
0.38749969005584717,1
0.23616501688957214,1
0.37661346793174744,1
0.315602570772171,1
0.41075214743614197,1
0.39294034242630005,1
0.4493476152420044,1
0.4295654296875,1
0.35936903953552246,1
0.3009045720100403,1
0.4294811487197876,1
0.309903085231781,1
0.3824288845062256,1
0.4579794406890869,1
0.34801143407821655,1
0.38618969917297363,1
0.3500257134437561,1
0.41993647813796997,1
0.41739746928215027,1
0.3411061763763428,1
0.38599222898483276,1
0.44971156120300293,1
0.35195037722587585,1
0.36768990755081177,1
0.4010131359100342,1
0.32144811749458313,1
0.35807913541793823,1
0.30904626846313477,1
0.4323890805244446,1
0.400095671415329,1
0.4510625898838043,1
0.3574450612068176,1
0.4621312916278839,1
0.3779556155204773,1
0.4078467786312103,1
0.2374723255634308,1
0.4521182179450989,1
0.42719393968582153,1
0.5262315273284912,1
0.3614874482154846,1
0.3192095160484314,1
0.4643111228942871,1
0.388380229473114,1
0.33940964937210083,1
0.42720603942871094,1
0.3680596947669983,1
0.44167962670326233,1
0.3975752294063568,1
0.3652735948562622,1
0.4419747591018677,1
0.3153610825538635,1
0.3825038969516754,1
0.41257810592651367,1
0.417551189661026,1
0.3630468249320984,1
0.38582557439804077,1
0.44000375270843506,1
0.3004522919654846,1
0.3943200707435608,1
0.39799273014068604,1
0.3089727461338043,1
0.4385806620121002,1
0.3379678428173065,1
0.33205124735832214,1
0.3413100838661194,1
0.36577826738357544,1
0.4151623845100403,1
0.4099499583244324,1
0.3831102252006531,1
0.37355202436447144,1
0.4368312358856201,1
0.2681024968624115,1
0.3063718378543854,1
0.3541191816329956,1
0.433839350938797,1
0.3896244168281555,1
0.5408868193626404,1
0.36533376574516296,1
0.3903086185455322,1
0.3847464919090271,1
0.3609507083892822,1
0.3548063635826111,1
0.48427140712738037,1
0.37081998586654663,1
0.3274649977684021,1
0.47811758518218994,1
0.27617594599723816,1
0.34442445635795593,1
0.3650885224342346,1
0.32389113306999207,1
0.40277862548828125,1
0.35090506076812744,1
0.32975828647613525,1
0.40315741300582886,1
0.5467972755432129,1
0.3153735101222992,1
0.33138835430145264,1
0.3898511528968811,1
0.3423116207122803,1
0.3907184898853302,1
0.23972368240356445,1
0.38655754923820496,1
0.43995484709739685,1
0.47398072481155396,1
0.3094337284564972,1
0.38423895835876465,1
0.38809043169021606,1
0.38472265005111694,1
0.32039403915405273,1
0.3382536470890045,1
0.38932958245277405,1
0.4050574004650116,1
0.45833736658096313,1
0.33301490545272827,1
0.34190091490745544,1
0.3145239055156708,1
0.37498682737350464,1
0.42403075098991394,1
0.37265315651893616,1
0.33309441804885864,1
0.45604103803634644,1
0.3314398527145386,1
0.3498329222202301,1
0.3560466766357422,1
0.4345843493938446,1
0.505801260471344,1
0.28442537784576416,1
0.36951732635498047,1
0.4751788377761841,1
0.3310166597366333,1
0.28391027450561523,1
0.465920090675354,1
0.44592851400375366,1
0.3466632068157196,1
0.38318488001823425,1
0.5231750011444092,1
0.39542803168296814,1
0.4257618188858032,1
0.28993329405784607,1
0.3203025162220001,1
0.3798018991947174,1
0.44716280698776245,1
0.356542706489563,1
0.3516637682914734,1
0.38850075006484985,1
0.4922401010990143,1
0.36842018365859985,1
0.3144221007823944,1
0.3704066276550293,1
0.38455888628959656,1
0.42861467599868774,1
0.37013253569602966,1
0.3894999027252197,1
0.31983882188796997,1
0.462645947933197,1
0.3577601909637451,1
0.3524126410484314,1
0.6268901228904724,1
0.40236982703208923,1
0.3988271653652191,1
0.33502283692359924,1
0.3870733380317688,1
0.44394582509994507,1
0.44968482851982117,1
0.35549572110176086,1
0.36811918020248413,1
0.36975395679473877,1
0.43051791191101074,1
0.37663522362709045,1
0.2952525019645691,1
0.3832184374332428,1
0.4636566638946533,1
0.3595471680164337,1
0.33591926097869873,1
0.3659213185310364,1
0.4594612717628479,1
0.40648752450942993,1
0.37839412689208984,1
0.30333971977233887,1
0.4090791940689087,1
0.34110310673713684,1
0.43027788400650024,1
0.3084893822669983,1
0.4473232626914978,1
0.3843463659286499,1
0.3348637521266937,1
0.3083982467651367,1
0.36623337864875793,1
0.4236942529678345,1
0.4206458330154419,1
0.36690372228622437,1
0.5441469550132751,1
0.38147586584091187,1
0.4951002597808838,1
0.364736407995224,1
0.349956214427948,1
0.3839007318019867,1
0.47170060873031616,1
0.40599149465560913,1
0.4189959764480591,1
0.394292950630188,1
0.3990277945995331,1
0.29959237575531006,1
0.3787596821784973,1
0.39299723505973816,1
0.4169546365737915,1
0.33707690238952637,1
0.2505820095539093,1
0.4504300355911255,1
0.3080071806907654,1
0.45713475346565247,1
0.5291480422019958,1
0.345969021320343,1
0.3664642572402954,1
0.35185083746910095,1
0.36994659900665283,1
0.3439122438430786,1
0.4386979341506958,1
0.42052021622657776,1
0.2784245014190674,1
0.3620249629020691,1
0.4279864430427551,1
0.43289685249328613,1
0.2961598336696625,1
0.4230702519416809,1
0.32677212357521057,1
0.4906117916107178,1
0.36067327857017517,1
0.3200802505016327,1
0.5073279142379761,1
0.3637133538722992,1
0.3554390072822571,1
0.3280186653137207,1
0.33010128140449524,1
0.325268030166626,1
0.3611981272697449,1
0.39450281858444214,1
0.5892336368560791,1
0.38667941093444824,1
0.359480082988739,1
0.47537532448768616,1
0.43232738971710205,1
0.3624493479728699,1
0.3946109414100647,1
0.3545847237110138,1
0.4318925738334656,1
0.45107823610305786,1
0.2689344584941864,1
0.3535280227661133,1
0.32749006152153015,1
0.3328085243701935,1
0.4441889524459839,1
0.336777925491333,1
0.3634547293186188,1
0.3973051607608795,1
0.41534045338630676,1
0.4548875689506531,1
0.4704503118991852,1
0.38674354553222656,1
0.3319963216781616,1
0.5517687797546387,1
0.30322933197021484,1
0.36661240458488464,1
0.41190850734710693,1
0.39132097363471985,1
0.432204008102417,1
0.4114581048488617,1
0.36466479301452637,1
0.43874475359916687,1
0.47765621542930603,1
0.33456212282180786,1
0.3575580418109894,1
0.2617104947566986,1
0.29353100061416626,1
0.3505386412143707,1
0.42590147256851196,1
0.30469223856925964,1
0.28371772170066833,1
0.34625083208084106,1
0.33035871386528015,1
0.26012948155403137,1
0.3636738061904907,1
0.34381479024887085,1
0.4163348078727722,1
0.375908225774765,1
0.29120925068855286,1
0.42865172028541565,1
0.4165280759334564,1
0.35071104764938354,1
0.3831121623516083,1
0.6226796507835388,1
0.3873664140701294,1
0.3291073143482208,1
0.3936218023300171,1
0.36185264587402344,1
0.3598157465457916,1
0.3851979672908783,1
0.4128834903240204,1
0.40859562158584595,1
0.40674078464508057,1
0.3383117616176605,1
0.3964744806289673,1
0.4966312050819397,1
0.4050333499908447,1
0.5167222619056702,1
0.4528413712978363,1
0.39584460854530334,1
0.4759632647037506,1
0.39305099844932556,1
0.4815424680709839,1
0.5032941102981567,1
0.5376352071762085,1
0.46752578020095825,1
0.4277827739715576,1
0.41731858253479004,1
0.4320130944252014,1
0.36725419759750366,1
0.32039329409599304,1
0.30393728613853455,1
0.3074665069580078,1
0.515005350112915,1
0.3770477771759033,1
0.3104376196861267,1
0.38637107610702515,1
0.37272366881370544,1
0.39088940620422363,1
0.37285852432250977,1
0.2959054410457611,1
0.5288984775543213,1
0.36503899097442627,1
0.35179606080055237,1
0.35337376594543457,1
0.3427487313747406,1
0.3308389186859131,1
0.4660117030143738,1
0.39962348341941833,1
0.36625027656555176,1
0.34014254808425903,1
0.40108704566955566,1
0.37887635827064514,1
0.4001478850841522,1
0.4081054925918579,1
0.26705849170684814,1
0.3832743167877197,1
0.32087188959121704,1
0.4537746012210846,1
0.3512527048587799,1
0.5217971801757813,1
0.4127938747406006,1
0.42543166875839233,1
0.2822926938533783,1
0.4011093080043793,1
0.29918938875198364,1
0.39712005853652954,1
0.3138442635536194,1
0.3898814916610718,1
0.44308188557624817,1
0.42324090003967285,1
0.4637843370437622,1
0.3346818685531616,1
0.2819516062736511,1
0.326036661863327,1
0.3388613164424896,1
0.4679650664329529,1
0.3073112666606903,1
0.3554902672767639,1
0.46063268184661865,1
0.4057501554489136,1
0.3205565810203552,1
0.3676573634147644,1
0.30233922600746155,1
0.3518805205821991,1
0.3384725749492645,1
0.42114442586898804,1
0.4307369589805603,1
0.5310121178627014,1
0.4442324638366699,1
0.3873969316482544,1
0.4749983549118042,1
0.3833954930305481,1
0.27642160654067993,1
0.3467051684856415,1
0.3716798722743988,1
0.4161926507949829,1
0.37445011734962463,1
0.3666961193084717,1
0.31538447737693787,1
0.23973284661769867,1
0.4245099723339081,1
0.3678709864616394,1
0.46452757716178894,1
0.5075618624687195,1
0.4026670455932617,1
0.4473559260368347,1
0.4416317641735077,1
0.37044402956962585,1
0.39362120628356934,1
0.4041106104850769,1
0.3520141541957855,1
0.39045143127441406,1
0.45555251836776733,1
0.3794514238834381,1
0.46519193053245544,1
0.3158716857433319,1
0.2803924083709717,1
0.36404454708099365,1
0.3702225089073181,1
0.23439079523086548,1
0.36854302883148193,1
0.5861765146255493,1
0.4681131839752197,1
0.41673022508621216,1
0.375266969203949,1
0.33671241998672485,1
0.3916410207748413,1
0.35082465410232544,1
0.35436663031578064,1
0.3489227890968323,1
0.5080044269561768,1
0.4154050350189209,1
0.36518535017967224,1
0.29758235812187195,1
0.4588581323623657,1
0.328204870223999,1
0.38888728618621826,1
0.38587814569473267,1
0.4538961946964264,1
0.371371865272522,1
0.2873360514640808,1
0.26912134885787964,1
0.3684951364994049,1
0.3110436797142029,1
0.43041542172431946,1
0.5375422239303589,1
0.4703425168991089,1
0.3230789303779602,1
0.37830570340156555,1
0.34757867455482483,1
0.2768118381500244,1
0.35908225178718567,1
0.38602006435394287,1
0.32227036356925964,1
0.582073986530304,1
0.4711729884147644,1
0.3560406565666199,1
0.3935399055480957,1
0.5697860717773438,1
0.3743831515312195,1
0.4025242328643799,1
0.2777669429779053,1
0.3004147410392761,1
0.45740842819213867,1
0.3729492425918579,1
0.39246681332588196,1
0.2799174189567566,1
0.3057192265987396,1
0.35779446363449097,1
0.4384300708770752,1
0.33705997467041016,1
0.44777625799179077,1
0.45195212960243225,1
0.4205020070075989,1
0.3596956729888916,1
0.43610188364982605,1
0.38681814074516296,1
0.2738185524940491,1
0.38101622462272644,1
0.31670621037483215,1
0.35649973154067993,1
0.3973071873188019,1
0.32121264934539795,1
0.3884074091911316,1
0.25640541315078735,1
0.3407788872718811,1
0.4436349868774414,1
0.31118854880332947,1
0.3317892253398895,1
0.4884417653083801,1
0.5214550495147705,1
0.3085841238498688,1
0.37298375368118286,1
0.3526449501514435,1
0.39146924018859863,1
0.3393503427505493,1
0.345445454120636,1
0.49776023626327515,1
0.32141605019569397,1
0.36578670144081116,1
0.5012306571006775,1
0.5338350534439087,1
0.42955055832862854,1
0.32174357771873474,1
0.44357091188430786,1
0.3364380896091461,1
0.34636545181274414,1
0.2908284366130829,1
0.3389391601085663,1
0.3399224877357483,1
0.369511216878891,1
0.3121730089187622,1
0.39187780022621155,1
0.35697370767593384,1
0.4070708155632019,1
0.49162083864212036,1
0.38345658779144287,1
0.3794333338737488,1
0.4305616617202759,1
0.4955771565437317,1
0.47127074003219604,1
0.39555948972702026,1
0.5282679796218872,1
0.3385503888130188,1
0.35023239254951477,1
0.34902429580688477,1
0.29829806089401245,1
0.3948715925216675,1
0.39838194847106934,1
0.31825441122055054,1
0.43381133675575256,1
0.38952741026878357,1
0.40118443965911865,1
0.43213942646980286,1
0.3705286979675293,1
0.2513076663017273,1
0.34567809104919434,1
0.3975367546081543,1
0.3354201018810272,1
0.41951996088027954,1
0.28689372539520264,1
0.34569984674453735,1
0.4221946597099304,1
0.34399089217185974,1
0.4198245704174042,1
0.3735803961753845,1
0.3755379319190979,1
0.25003567337989807,1
0.35880428552627563,1
0.45133569836616516,1
0.31757456064224243,1
0.4206939935684204,1
0.3473780155181885,1
0.34158387780189514,1
0.3426949083805084,1
0.34167906641960144,1
0.48656415939331055,1
0.39874711632728577,1
0.2934165894985199,1
0.22859103977680206,1
0.5427696704864502,1
0.31457749009132385,1
0.39173853397369385,1
0.3589377999305725,1
0.3360491693019867,1
0.4378615617752075,1
0.3457762598991394,1
0.3061596155166626,1
0.3359028995037079,1
0.348751962184906,1
0.4361506700515747,1
0.33953365683555603,1
0.3312872648239136,1
0.36461061239242554,1
0.4044463038444519,1
0.37701788544654846,1
0.47463399171829224,1
0.3844699263572693,1
0.2620302438735962,1
0.46549898386001587,1
0.2992922365665436,1
0.3678484559059143,1
0.5831490755081177,1
0.29810023307800293,1
0.3595748543739319,1
0.4173852801322937,1
0.534699559211731,1
0.3803260922431946,1
0.40101927518844604,1
0.41312921047210693,1
0.46906182169914246,1
0.4585256576538086,1
0.27473393082618713,1
0.2724440097808838,1
0.40874433517456055,1
0.30451351404190063,1
0.3568274974822998,1
0.3693265914916992,1
0.37624791264533997,1
0.37703049182891846,1
0.4350433349609375,1
0.29999658465385437,1
0.3860200047492981,1
0.5123625993728638,1
0.3078232407569885,1
0.40710821747779846,1
0.45117372274398804,1
0.4035082161426544,1
0.4015101492404938,1
0.44146525859832764,1
0.29969021677970886,1
0.3503945469856262,1
0.4059637486934662,1
0.33659353852272034,1
0.41553351283073425,1
0.31069523096084595,1
0.29838040471076965,1
0.36339640617370605,1
0.3874436020851135,1
0.3729631304740906,1
0.32221055030822754,1
0.4426072835922241,1
0.35217738151550293,1
0.4140731692314148,1
0.27810943126678467,1
0.37135207653045654,1
0.3422423005104065,1
0.3306465744972229,1
0.38911813497543335,1
0.5272361040115356,1
0.38433340191841125,1
0.43096989393234253,1
0.4579210877418518,1
0.42021384835243225,1
0.2966720461845398,1
0.38118720054626465,1
0.5476644039154053,1
0.4642336368560791,1
0.3815104067325592,1
0.29059141874313354,1
0.5017441511154175,1
0.4679892659187317,1
0.39326271414756775,1
0.5168481469154358,1
0.4569395184516907,1
0.3502420485019684,1
0.311835914850235,1
0.29641062021255493,1
0.3298459053039551,1
0.37804141640663147,1
0.4724620580673218,1
0.4841439425945282,1
0.40572455525398254,1
0.3140396475791931,1
0.3367987275123596,1
0.3124901354312897,1
0.3793531656265259,1
0.42279478907585144,1
0.26837795972824097,1
0.3682774305343628,1
0.3429856300354004,1
0.38312074542045593,1
0.2996540665626526,1
0.4375520348548889,1
0.3576407730579376,1
0.3545433580875397,1
0.27126041054725647,1
0.47023266553878784,1
0.3955666720867157,1
0.333395779132843,1
0.3625795245170593,1
0.4928452968597412,1
0.34917449951171875,1
0.4834708273410797,1
0.3567301034927368,1
0.39287611842155457,1
0.36867064237594604,1
0.4519750475883484,1
0.3507568836212158,1
0.46661075949668884,1
0.47926759719848633,1
0.32473045587539673,1
0.40779241919517517,1
0.3917439579963684,1
0.5322345495223999,1
0.4056805372238159,1
0.3167414367198944,1
0.36346155405044556,1
0.3299819827079773,1
0.40993356704711914,1
0.392558217048645,1
0.4017295837402344,1
0.42420142889022827,1
0.24880701303482056,1
0.42562878131866455,1
0.38545653223991394,1
0.40991052985191345,1
0.4060002565383911,1
0.33289551734924316,1
0.37530001997947693,1
0.4455195665359497,1
0.36120015382766724,1
0.44436144828796387,1
0.33621013164520264,1
0.38963595032691956,1
0.4486768841743469,1
0.42574068903923035,1
0.34589657187461853,1
0.41796261072158813,1
0.32314667105674744,1
0.43281781673431396,1
0.31436729431152344,1
0.35949593782424927,1
0.39132583141326904,1
0.3815928101539612,1
0.4286007285118103,1
0.35593381524086,1
0.43106508255004883,1
0.4575415849685669,1
0.32931771874427795,1
0.29235878586769104,1
0.35601556301116943,1
0.4064624309539795,1
0.42935168743133545,1
0.49988794326782227,1
0.3183102011680603,1
0.3200249969959259,1
0.36681699752807617,1
0.4020211696624756,1
0.34316176176071167,1
0.3588702082633972,1
0.23242320120334625,1
0.3020240068435669,1
0.41846343874931335,1
0.33532851934432983,1
0.44106221199035645,1
0.40611615777015686,1
0.4243825674057007,1
0.42703431844711304,1
0.3268045485019684,1
0.43566200137138367,1
0.33969640731811523,1
0.4282602071762085,1
0.3873642683029175,1
0.4290207624435425,1
0.40858325362205505,1
0.36023882031440735,1
0.2900638282299042,1
0.45856738090515137,1
0.42291441559791565,1
0.38368844985961914,1
0.34238094091415405,1
0.3678552806377411,1
0.44949039816856384,1
0.5342141389846802,1
0.43561673164367676,1
0.42634668946266174,1
0.30252575874328613,1
0.34168946743011475,1
0.483210951089859,1
0.4110645353794098,1
0.41080689430236816,1
0.49313056468963623,1
0.4671837091445923,1
0.27318117022514343,1
0.3328103721141815,1
0.34195074439048767,1
0.38398370146751404,1
0.36813920736312866,1
0.4671100974082947,1
0.35061559081077576,1
0.38727840781211853,1
0.35683950781822205,1
0.42524001002311707,1
0.4454622268676758,1
0.34915485978126526,1
0.3732459545135498,1
0.3641365170478821,1
0.4193086624145508,1
0.3754346966743469,1
0.38730326294898987,1
0.38133203983306885,1
0.3706718981266022,1
0.440818190574646,1
0.35468873381614685,1
0.348965048789978,1
0.36232954263687134,1
0.3793914020061493,1
0.3601284623146057,1
0.4180034399032593,1
0.3050169348716736,1
0.3868239223957062,1
0.43938490748405457,1
0.37435847520828247,1
0.3801824450492859,1
0.41597670316696167,1
0.4145229458808899,1
0.3868356943130493,1
0.41354507207870483,1
0.37769821286201477,1
0.3775100111961365,1
0.3471391797065735,1
0.5448879599571228,1
0.3750564754009247,1
0.40811899304389954,1
0.45746690034866333,1
0.4178788363933563,1
0.37091064453125,1
0.4102330207824707,1
0.24266363680362701,1
0.2630510926246643,1
0.39198023080825806,1
0.3888513445854187,1
0.32559967041015625,1
0.3444022834300995,1
0.3759692311286926,1
0.4168764054775238,1
0.38284310698509216,1
0.43036535382270813,1
0.35379934310913086,1
0.4017668068408966,1
0.41318291425704956,1
0.4098895192146301,1
0.4151560068130493,1
0.4415653347969055,1
0.38467922806739807,1
0.459725558757782,1
0.3948802351951599,1
0.36149364709854126,1
0.3939482569694519,1
0.35535985231399536,1
0.3805287778377533,1
0.3942403495311737,1
0.49912160634994507,1
0.45498427748680115,1
0.39797642827033997,1
0.40964603424072266,1
0.36464834213256836,1
0.403866708278656,1
0.4577515721321106,1
0.468729168176651,1
0.30479276180267334,1
0.36710458993911743,1
0.4504002332687378,1
0.4745583236217499,1
0.37227970361709595,1
0.3686026334762573,1
0.4872770309448242,1
0.34552162885665894,1
0.4273601770401001,1
0.4146632254123688,1
0.37282222509384155,1
0.3768145442008972,1
0.33765047788619995,1
0.4076171815395355,1
0.38015034794807434,1
0.37834683060646057,1
0.4100387692451477,1
0.41673874855041504,1
0.4651084542274475,1
0.37061595916748047,1
0.29204830527305603,1
0.31789055466651917,1
0.3826504349708557,1
0.4999536871910095,1
0.32371222972869873,1
0.3371742367744446,1
0.4105681777000427,1
0.37529242038726807,1
0.27955907583236694,1
0.32548174262046814,1
0.31149834394454956,1
0.34781768918037415,1
0.4464884400367737,1
0.45122450590133667,1
0.43957504630088806,1
0.47777312994003296,1
0.3726120591163635,1
0.36672407388687134,1
0.413458913564682,1
0.40567344427108765,1
0.39069056510925293,1
0.34239688515663147,1
0.2642127573490143,1
0.4221344590187073,1
0.41540178656578064,1
0.405613511800766,1
0.35634884238243103,1
0.33325374126434326,1
0.35399043560028076,1
0.35300004482269287,1
0.37072527408599854,1
0.39086270332336426,1
0.4237237274646759,1
0.3838558793067932,1
0.3755180537700653,1
0.33021336793899536,1
0.2742871940135956,1
0.36078402400016785,1
0.38256773352622986,1
0.4253464639186859,1
0.3284647762775421,1
0.2675436735153198,1
0.4389030635356903,1
0.42066484689712524,1
0.44605255126953125,1
0.3965902328491211,1
0.4652254581451416,1
0.3974158465862274,1
0.38799259066581726,1
0.4530221223831177,1
0.3427737057209015,1
0.3575631380081177,1
0.3015492856502533,1
0.3493657112121582,1
0.3986411392688751,1
0.3422207534313202,1
0.39624452590942383,1
0.43834641575813293,1
0.390885591506958,1
0.2995837926864624,1
0.37992042303085327,1
0.33947131037712097,1
0.29402604699134827,1
0.42360666394233704,1
0.31419622898101807,1
0.3450714945793152,1
0.45373356342315674,1
0.4294871389865875,1
0.4265497326850891,1
0.34024304151535034,1
0.3930082321166992,1
0.2950165271759033,1
0.3584432899951935,1
0.4055669903755188,1
0.5156328678131104,1
0.3724726140499115,1
0.3970334529876709,1
0.4203609228134155,1
0.3460346460342407,1
0.4842839241027832,1
0.381547212600708,1
0.43198922276496887,1
0.38734370470046997,1
0.3629494607448578,1
0.41825079917907715,1
0.3208028972148895,1
0.35989299416542053,1
0.36530500650405884,1
0.34389615058898926,1
0.4349956512451172,1
0.33133429288864136,1
0.4357517957687378,1
0.4265404939651489,1
0.3844250440597534,1
0.3510577082633972,1
0.5634601712226868,1
0.3518999218940735,1
0.4415105879306793,1
0.5097623467445374,1
0.42835548520088196,1
0.3530728220939636,1
0.3899701237678528,1
0.3939583897590637,1
0.42452168464660645,1
0.3267216682434082,1
0.3878270089626312,1
0.39331695437431335,1
0.4238224923610687,1
0.4817742109298706,1
0.3883379101753235,1
0.28999966382980347,1
0.3216468095779419,1
0.37348583340644836,1
0.38432520627975464,1
0.25053921341896057,1
0.39946019649505615,1
0.344493567943573,1
0.38907521963119507,1
0.4655708968639374,1
0.3888004422187805,1
0.33589762449264526,1
0.5232741236686707,1
0.28126323223114014,1
0.42385125160217285,1
0.40833720564842224,1
0.5250173807144165,1
0.5391631126403809,1
0.4006626009941101,1
0.3603796660900116,1
0.4139082431793213,1
0.4014504849910736,1
0.38825997710227966,1
0.41450804471969604,1
0.49943476915359497,1
0.3045162558555603,1
0.34205958247184753,1
0.29024529457092285,1
0.43985339999198914,1
0.42400670051574707,1
0.3117067515850067,1
0.3989282548427582,1
0.34838929772377014,1
0.45488205552101135,1
0.35601794719696045,1
0.25497931241989136,1
0.5268985033035278,1
0.29823094606399536,1
0.3774178624153137,1
0.3288857042789459,1
0.4501914083957672,1
0.4122135043144226,1
0.35739994049072266,1
0.4222295880317688,1
0.3110434114933014,1
0.35023826360702515,1
0.39611542224884033,1
0.3150613009929657,1
0.32107797265052795,1
0.27725085616111755,1
0.3038817048072815,1
0.46788546442985535,1
0.36606836318969727,1
0.41175132989883423,1
0.3252311646938324,1
0.3182199001312256,1
0.3583208918571472,1
0.2807166278362274,1
0.2809521555900574,1
0.40789154171943665,1
0.4245948791503906,1
0.39033472537994385,1
0.3664392828941345,1
0.38966864347457886,1
0.4770887494087219,1
0.34527522325515747,1
0.3238471448421478,1
0.3910100758075714,1
0.3332291543483734,1
0.4056145250797272,1
0.3219415247440338,1
0.40355443954467773,1
0.43548867106437683,1
0.35020166635513306,1
0.28507503867149353,1
0.4103893041610718,1
0.37507164478302,1
0.3351876139640808,1
0.4262526333332062,1
0.31991031765937805,1
0.3892506957054138,1
0.4342600703239441,1
0.3255781829357147,1
0.4278465807437897,1
0.36070072650909424,1
0.48471489548683167,1
0.3668820261955261,1
0.3556801676750183,1
0.40479934215545654,1
0.24541491270065308,1
0.3463875353336334,1
0.39894014596939087,1
0.4148513376712799,1
0.4610965847969055,1
0.37934410572052,1
0.43390747904777527,1
0.3759811520576477,1
0.3823876976966858,1
0.4246974587440491,1
0.29035836458206177,1
0.40462517738342285,1
0.4013790190219879,1
0.45882296562194824,1
0.272319495677948,1
0.38173234462738037,1
0.45882463455200195,1
0.4081536829471588,1
0.302926629781723,1
0.2734973132610321,1
0.3757026195526123,1
0.35454508662223816,1
0.480857789516449,1
0.5152949690818787,1
0.5481922626495361,1
0.4072607159614563,1
0.42124220728874207,1
0.5323003530502319,1
0.46160590648651123,1
0.39147305488586426,1
0.4532395303249359,1
0.3625207245349884,1
0.3151814043521881,1
0.42909687757492065,1
0.3588777780532837,1
0.3808636963367462,1
0.2855346202850342,1
0.40305808186531067,1
0.44080233573913574,1
0.40565618872642517,1
0.510490894317627,1
0.39783674478530884,1
0.3409726023674011,1
0.4169776737689972,1
0.37417715787887573,1
0.38120585680007935,1
0.3499719500541687,1
0.4238741099834442,1
0.49521735310554504,1
0.38439077138900757,1
0.41681721806526184,1
0.43388041853904724,1
0.4629213809967041,1
0.5054293870925903,1
0.36476749181747437,1
0.3924875259399414,1
0.38253849744796753,1
0.3333737850189209,1
0.41607415676116943,1
0.3117761015892029,1
0.319160133600235,1
0.3680553734302521,1
0.41879773139953613,1
0.33741486072540283,1
0.39394083619117737,1
0.3749309182167053,1
0.35772114992141724,1
0.34891319274902344,1
0.3354824185371399,1
0.28318190574645996,1
0.3126315474510193,1
0.5091554522514343,1
0.4376119375228882,1
0.4380737245082855,1
0.382656991481781,1
0.3818739652633667,1
0.3097267150878906,1
0.5012279152870178,1
0.3244837820529938,1
0.420202374458313,1
0.3183087110519409,1
0.3783462643623352,1
0.5465753674507141,1
0.4194759726524353,1
0.3589255213737488,1
0.3660656809806824,1
0.4118812680244446,1
0.41833239793777466,1
0.4092654883861542,1
0.3682933747768402,1
0.4711967706680298,1
0.32930201292037964,1
0.4373217821121216,1
0.3078511953353882,1
0.34093958139419556,1
0.461215615272522,1
0.3634030222892761,1
0.3489913046360016,1
0.38543516397476196,1
0.3824590742588043,1
0.45246246457099915,1
0.43705853819847107,1
0.49134162068367004,1
0.5696128010749817,1
0.4093647003173828,1
0.3196585774421692,1
0.41820305585861206,1
0.36807382106781006,1
0.4144812226295471,1
0.26334428787231445,1
0.3889074921607971,1
0.295157253742218,1
0.32121261954307556,1
0.3934786915779114,1
0.37599122524261475,1
0.3988206088542938,1
0.37477990984916687,1
0.35269421339035034,1
0.3199976682662964,1
0.3928621709346771,1
0.3977391719818115,1
0.2922123670578003,1
0.40232545137405396,1
0.38420385122299194,1
0.33286479115486145,1
0.37591853737831116,1
0.3833809196949005,1
0.44050300121307373,1
0.30577999353408813,1
0.4328743815422058,1
0.40429264307022095,1
0.38152003288269043,1
0.3164445757865906,1
0.394490510225296,1
0.33495432138442993,1
0.4286171793937683,1
0.41183897852897644,1
0.37901076674461365,1
0.4648752510547638,1
0.43102020025253296,1
0.353884220123291,1
0.3270644247531891,1
0.36204248666763306,1
0.3736646771430969,1
0.3649631440639496,1
0.46499180793762207,1
0.34814977645874023,1
0.42450791597366333,1
0.3108590245246887,1
0.3348779082298279,1
0.35832247138023376,1
0.36795133352279663,1
0.3356604278087616,1
0.3331487476825714,1
0.23794960975646973,1
0.31613585352897644,1
0.5208989381790161,1
0.3619285225868225,1
0.3586428463459015,1
0.34476855397224426,1
0.403140664100647,1
0.47728586196899414,1
0.36104071140289307,1
0.42511290311813354,1
0.38321608304977417,1
0.4119456112384796,1
0.5161937475204468,1
0.43985456228256226,1
0.3140186071395874,1
0.29216068983078003,1
0.3828909695148468,1
0.35379210114479065,1
0.40802180767059326,1
0.3364054560661316,1
0.48013949394226074,1
0.33764761686325073,1
0.42127615213394165,1
0.4596988558769226,1
0.35686764121055603,1
0.3311554193496704,1
0.38612446188926697,1
0.349335640668869,1
0.43256115913391113,1
0.3955349326133728,1
0.3342854380607605,1
0.304555743932724,1
0.3827958405017853,1
0.29997044801712036,1
0.37357258796691895,1
0.38608598709106445,1
0.3812234401702881,1
0.4192877411842346,1
0.27499017119407654,1
0.4145755469799042,1
0.35297873616218567,1
0.3202402889728546,1
0.451515793800354,1
0.3342192769050598,1
0.45133233070373535,1
0.434976190328598,1
0.4142247438430786,1
0.33134740591049194,1
0.39056840538978577,1
0.3279896378517151,1
0.4582129120826721,1
0.3771219849586487,1
0.38886576890945435,1
0.4081522822380066,1
0.3838837742805481,1
0.3239978551864624,1
0.3094349503517151,1
0.39329439401626587,1
0.38503146171569824,1
0.44525206089019775,1
0.40542203187942505,1
0.45043957233428955,1
0.3967706561088562,1
0.35376250743865967,1
0.46951383352279663,1
0.34396305680274963,1
0.454565167427063,1
0.3581903278827667,1
0.43469110131263733,1
0.3914371132850647,1
0.23957452178001404,1
0.32615312933921814,1
0.3560660779476166,1
0.3460371196269989,1
0.38416215777397156,1
0.3975347578525543,1
0.3902013301849365,1
0.43013039231300354,1
0.485186904668808,1
0.4252781271934509,1
0.47444337606430054,1
0.4098952114582062,1
0.38622885942459106,1
0.3223121762275696,1
0.3849622309207916,1
0.4298797845840454,1
0.43033337593078613,1
0.468350350856781,1
0.33290737867355347,1
0.36853280663490295,1
0.36093413829803467,1
0.2821909487247467,1
0.36205101013183594,1
0.4348010718822479,1
0.32019108533859253,1
0.3328840434551239,1
0.3144323229789734,1
0.47001802921295166,1
0.4513624310493469,1
0.40439683198928833,1
0.4869686961174011,1
0.36440354585647583,1
0.568710446357727,1
0.474697470664978,1
0.4587293267250061,1
0.3522722125053406,1
0.400802880525589,1
0.3817230463027954,1
0.34339290857315063,1
0.381067156791687,1
0.3831433653831482,1
0.31836456060409546,1
0.40843141078948975,1
0.38240593671798706,1
0.3975280523300171,1
0.43720147013664246,1
0.4489879906177521,1
0.3451234996318817,1
0.3788296580314636,1
0.2919224202632904,1
0.359116792678833,1
0.5157049298286438,1
0.2956671416759491,1
0.3891828656196594,1
0.43063122034072876,1
0.2954410910606384,1
0.3916982412338257,1
0.5040215253829956,1
0.44263699650764465,1
0.3617424964904785,1
0.43187376856803894,1
0.34321850538253784,1
0.35368335247039795,1
0.41789811849594116,1
0.3247038424015045,1
0.4444821774959564,1
0.42560938000679016,1
0.4006378948688507,1
0.3706153631210327,1
0.320193350315094,1
0.3586169481277466,1
0.4045565724372864,1
0.46994367241859436,1
0.3198259174823761,1
0.32159948348999023,1
0.3978762626647949,1
0.49574965238571167,1
0.4182628393173218,1
0.3932272791862488,1
0.2825743556022644,1
0.5009926557540894,1
0.28757160902023315,1
0.3553294539451599,1
0.385081946849823,1
0.40760338306427,1
0.3302353024482727,1
0.29996365308761597,1
0.31789225339889526,1
0.4540080428123474,1
0.37432050704956055,1
0.39388760924339294,1
0.3777715861797333,1
0.2719077467918396,1
0.38987189531326294,1
0.31816959381103516,1
0.319776713848114,1
0.4237477779388428,1
0.428872287273407,1
0.38651371002197266,1
0.32212546467781067,1
0.3644426763057709,1
0.3230077624320984,1
0.4496060013771057,1
0.31125760078430176,1
0.3313319683074951,1
0.4363754689693451,1
0.44256412982940674,1
0.29882556200027466,1
0.4102916717529297,1
0.4189625084400177,1
0.4003869295120239,1
0.36399146914482117,1
0.40900686383247375,1
0.40424254536628723,1
0.3539835214614868,1
0.3076210618019104,1
0.47247564792633057,1
0.42219048738479614,1
0.4157830476760864,1
0.303021103143692,1
0.3693643808364868,1
0.37570589780807495,1
0.375576913356781,1
0.4104318618774414,1
0.3604757785797119,1
0.34940192103385925,1
0.4377303123474121,1
0.4643647074699402,1
0.32038092613220215,1
0.28123021125793457,1
0.416218101978302,1
0.3267729580402374,1
0.4164279103279114,1
0.42830657958984375,1
0.3412455916404724,1
0.276563823223114,1
0.4366269111633301,1
0.4060512185096741,1
0.32156679034233093,1
0.3550397753715515,1
0.45436662435531616,1
0.508314847946167,1
0.4608631730079651,1
0.37511420249938965,1
0.4719982147216797,1
0.44228395819664,1
0.4136607348918915,1
0.3869926333427429,1
0.3846547305583954,1
0.5290980339050293,1
0.42885488271713257,1
0.4511043429374695,1
0.44193804264068604,1
0.408538818359375,1
0.4617464244365692,1
0.30395931005477905,1
0.5193555951118469,1
0.3537663519382477,1
0.36854830384254456,1
0.44656798243522644,1
0.3450298607349396,1
0.39088010787963867,1
0.3842514157295227,1
0.3467499911785126,1
0.2942546606063843,1
0.34185755252838135,1
0.38610807061195374,1
0.33274248242378235,1
0.34007513523101807,1
0.4785434603691101,1
0.4174812436103821,1
0.41157469153404236,1
0.4274579882621765,1
0.33966127038002014,1
0.4246051013469696,1
0.37382712960243225,1
0.4112851321697235,1
0.3475637137889862,1
0.3161222040653229,1
0.3119586110115051,1
0.5568022131919861,1
0.35658401250839233,1
0.3951006829738617,1
0.3890771269798279,1
0.3549962639808655,1
0.43933552503585815,1
0.3486786484718323,1
0.31721338629722595,1
0.5032200813293457,1
0.36625635623931885,1
0.4079805612564087,1
0.3408541977405548,1
0.3880513608455658,1
0.4626702666282654,1
0.4198806583881378,1
0.37331774830818176,1
0.49564051628112793,1
0.4096018671989441,1
0.35157233476638794,1
0.5126628279685974,1
0.3400519788265228,1
0.5582601428031921,1
0.35372194647789,1
0.3606165647506714,1
0.308620810508728,1
0.3444352149963379,1
0.4900974929332733,1
0.3477163314819336,1
0.3673803508281708,1
0.36884456872940063,1
0.44870007038116455,1
0.3953830897808075,1
0.34633785486221313,1
0.3052663803100586,1
0.23490869998931885,1
0.27962589263916016,1
0.36049503087997437,1
0.3461851477622986,1
0.2874721884727478,1
0.34800732135772705,1
0.35943639278411865,1
0.35828256607055664,1
0.25638270378112793,1
0.560487687587738,1
0.3186214566230774,1
0.35746192932128906,1
0.3068116307258606,1
0.37393009662628174,1
0.3883020281791687,1
0.39172637462615967,1
0.3033055365085602,1
0.4098638594150543,1
0.47244971990585327,1
0.4583852291107178,1
0.45093318819999695,1
0.34237149357795715,1
0.4764978289604187,1
0.3546020984649658,1
0.35192668437957764,1
0.31202179193496704,1
0.348636656999588,1
0.4542953372001648,1
0.3935725688934326,1
0.2697945237159729,1
0.3049093186855316,1
0.31654733419418335,1
0.4383309483528137,1
0.331843763589859,1
0.46738848090171814,1
0.370758056640625,1
0.43196555972099304,1
0.32393187284469604,1
0.36396804451942444,1
0.2942286729812622,1
0.4788432717323303,1
0.3627887964248657,1
0.29619067907333374,1
0.3643716871738434,1
0.40848544239997864,1
0.4523463249206543,1
0.4386690855026245,1
0.4292379319667816,1
0.43117326498031616,1
0.44826823472976685,1
0.3256196677684784,1
0.3375476002693176,1
0.40945637226104736,1
0.41802942752838135,1
0.4534219205379486,1
0.41573065519332886,1
0.40574830770492554,1
0.2509317398071289,1
0.3442513644695282,1
0.39407381415367126,1
0.3824201822280884,1
0.3499046862125397,1
0.36568590998649597,1
0.2866312265396118,1
0.5396348237991333,1
0.3855792284011841,1
0.3865836262702942,1
0.30438894033432007,1
0.4076656103134155,1
0.4458632469177246,1
0.4379383623600006,1
0.354920357465744,1
0.3817431926727295,1
0.3251029849052429,1
0.39851510524749756,1
0.40445420145988464,1
0.33361104130744934,1
0.4314779043197632,1
0.36985260248184204,1
0.43487364053726196,1
0.3705879747867584,1
0.27178069949150085,1
0.3037477731704712,1
0.35055506229400635,1
0.38403329253196716,1
0.435325562953949,1
0.4304385483264923,1
0.4628421366214752,1
0.5035220980644226,1
0.43636825680732727,1
0.4352871775627136,1
0.41141951084136963,1
0.3480275869369507,1
0.32087641954421997,1
0.4687091112136841,1
0.4491724967956543,1
0.42192453145980835,1
0.4485152065753937,1
0.3145594894886017,1
0.41739094257354736,1
0.42714592814445496,1
0.33701446652412415,1
0.33589768409729004,1
0.37021899223327637,1
0.45177486538887024,1
0.3658793866634369,1
0.32031387090682983,1
0.4108218252658844,1
0.3873123824596405,1
0.38272687792778015,1
0.43261080980300903,1
0.3870284855365753,1
0.3455420434474945,1
0.40514644980430603,1
0.5083704590797424,1
0.5636506080627441,1
0.36436375975608826,1
0.34407132863998413,1
0.4694526791572571,1
0.47488290071487427,1
0.3814919590950012,1
0.39975109696388245,1
0.4350905120372772,1
0.3106926381587982,1
0.33765333890914917,1
0.26145079731941223,1
0.3928014039993286,1
0.32738733291625977,1
0.332763135433197,1
0.4702983498573303,1
0.4442346394062042,1
0.44497284293174744,1
0.45138904452323914,1
0.3360522985458374,1
0.4273001551628113,1
0.46134525537490845,1
0.3296929597854614,1
0.38896217942237854,1
0.4836859107017517,1
0.4246310591697693,1
0.44922494888305664,1
0.4060116708278656,1
0.3823198080062866,1
0.31450921297073364,1
0.310599148273468,1
0.3931815028190613,1
0.3269434869289398,1
0.364766925573349,1
0.41862040758132935,1
0.41173484921455383,1
0.38955217599868774,1
0.4202560484409332,1
0.42238324880599976,1
0.355610191822052,1
0.3972175717353821,1
0.3245299458503723,1
0.323262095451355,1
0.32623934745788574,1
0.42331477999687195,1
0.4012126326560974,1
0.3151072859764099,1
0.37610775232315063,1
0.3426743745803833,1
0.400539755821228,1
0.4073154330253601,1
0.297523558139801,1
0.3884734511375427,1
0.2992574870586395,1
0.3518769145011902,1
0.5528465509414673,1
0.41324877738952637,1
0.3232492208480835,1
0.37155020236968994,1
0.3709210753440857,1
0.3635300397872925,1
0.36374035477638245,1
0.3690755069255829,1
0.37655502557754517,1
0.40269798040390015,1
0.3132627010345459,1
0.328090101480484,1
0.37589967250823975,1
0.3878546953201294,1
0.3496919870376587,1
0.4654722809791565,1
0.4665200710296631,1
0.3511781394481659,1
0.3155880272388458,1
0.44616204500198364,1
0.3959317207336426,1
0.42446577548980713,1
0.3862181007862091,1
0.40411657094955444,1
0.3636506199836731,1
0.3327077627182007,1
0.37480229139328003,1
0.3588494658470154,1
0.44156306982040405,1
0.49760740995407104,1
0.40288203954696655,1
0.40635088086128235,1
0.34742727875709534,1
0.3332390785217285,1
0.34453102946281433,1
0.39719390869140625,1
0.40400150418281555,1
0.3134968876838684,1
0.32623472809791565,1
0.35389167070388794,1
0.3325815200805664,1
0.42543473839759827,1
0.3120936453342438,1
0.3684637248516083,1
0.4836733043193817,1
0.3725137710571289,1
0.3766182065010071,1
0.5733499526977539,1
0.3156139850616455,1
0.28396379947662354,1
0.4148308038711548,1
0.4412587583065033,1
0.4317907392978668,1
0.41248488426208496,1
0.4027557373046875,1
0.3862507939338684,1
0.2836277186870575,1
0.30410122871398926,1
0.3710085153579712,1
0.41815295815467834,1
0.30262112617492676,1
0.33993667364120483,1
0.42762982845306396,1
0.5419118404388428,1
0.29108408093452454,1
0.41682419180870056,1
0.5211465358734131,1
0.39851251244544983,1
0.45329099893569946,1
0.43999215960502625,1
0.4027634859085083,1
0.3991546332836151,1
0.3658931851387024,1
0.30796533823013306,1
0.2836124300956726,1
0.4104290008544922,1
0.4413710832595825,1
0.43466928601264954,1
0.5341538190841675,1
0.4474567770957947,1
0.4230729639530182,1
0.4029490351676941,1
0.383600652217865,1
0.43242090940475464,1
0.5037028789520264,1
0.41436412930488586,1
0.46741777658462524,1
0.4255330264568329,1
0.4462507367134094,1
0.41915103793144226,1
0.307515949010849,1
0.3017129600048065,1
0.37072673439979553,1
0.42150211334228516,1
0.4349781274795532,1
0.45047199726104736,1
0.3403107523918152,1
0.4425003230571747,1
0.33009010553359985,1
0.4634101986885071,1
0.3334105610847473,1
0.31719961762428284,1
0.42489683628082275,1
0.4875107705593109,1
0.42906537652015686,1
0.2637104094028473,1
0.4138824939727783,1
0.39133673906326294,1
0.3918490409851074,1
0.46555522084236145,1
0.38029882311820984,1
0.4526926875114441,1
0.5475996136665344,1
0.3772697448730469,1
0.3791848421096802,1
0.4374544024467468,1
0.37150508165359497,1
0.3337934911251068,1
0.4269048571586609,1
0.3904503285884857,1
0.33324798941612244,1
0.293617308139801,1
0.4158470034599304,1
0.4203854203224182,1
0.37627270817756653,1
0.4251134395599365,1
0.3773685395717621,1
0.3852899372577667,1
0.33268865942955017,1
0.3963780999183655,1
0.31068000197410583,1
0.43590813875198364,1
0.35204052925109863,1
0.3711935579776764,1
0.545371413230896,1
0.3952268362045288,1
0.3004191517829895,1
0.4236438274383545,1
0.42584913969039917,1
0.4021422863006592,1
0.3595711290836334,1
0.4036599397659302,1
0.49216198921203613,1
0.28422218561172485,1
0.34159237146377563,1
0.25278061628341675,1
0.4229549765586853,1
0.47893252968788147,1
0.5081069469451904,1
0.3192758858203888,1
0.4080336391925812,1
0.3996700942516327,1
0.41875582933425903,1
0.3863421678543091,1
0.5185061693191528,1
0.37120187282562256,1
0.26942676305770874,1
0.3316773772239685,1
0.36954283714294434,1
0.3285630941390991,1
0.46016091108322144,1
0.47949084639549255,1
0.4503234624862671,1
0.364759624004364,1
0.3897092640399933,1
0.3590911030769348,1
0.438798725605011,1
0.3484475016593933,1
0.44723135232925415,1
0.3672274649143219,1
0.5519853234291077,1
0.3523555397987366,1
0.5079023838043213,1
0.46201902627944946,1
0.360858678817749,1
0.3552955389022827,1
0.39674487709999084,1
0.3155808448791504,1
0.37946847081184387,1
0.34914684295654297,1
0.30979123711586,1
0.4977537989616394,1
0.3414996564388275,1
0.26075080037117004,1
0.3699359595775604,1
0.3707192540168762,1
0.35204583406448364,1
0.4473802149295807,1
0.29204338788986206,1
0.3832028806209564,1
0.3715314567089081,1
0.4154086112976074,1
0.2694508731365204,1
0.4331347644329071,1
0.35621851682662964,1
0.45508456230163574,1
0.3134247064590454,1
0.4520493149757385,1
0.489806592464447,1
0.4128517806529999,1
0.44858086109161377,1
0.5172913074493408,1
0.40535324811935425,1
0.3165775537490845,1
0.3691965937614441,1
0.36615633964538574,1
0.39714720845222473,1
0.3985179662704468,1
0.3953034579753876,1
0.4636996388435364,1
0.3324957489967346,1
0.45188066363334656,1
0.3972164988517761,1
0.34187597036361694,1
0.3373103141784668,1
0.4498627483844757,1
0.434697687625885,1
0.34784847497940063,1
0.49479034543037415,1
0.34051960706710815,1
0.2948276102542877,1
0.45242854952812195,1
0.5039007663726807,1
0.3311080038547516,1
0.3724624514579773,1
0.430180162191391,1
0.4286354184150696,1
0.4284541606903076,1
0.2949310541152954,1
0.42436420917510986,1
0.3352641463279724,1
0.420468270778656,1
0.5611711144447327,1
0.4152677655220032,1
0.39283430576324463,1
0.39539438486099243,1
0.47687864303588867,1
0.40403810143470764,1
0.4790203273296356,1
0.5518625378608704,1
0.45242899656295776,1
0.3303484618663788,1
0.32095324993133545,1
0.4032183289527893,1
0.41642656922340393,1
0.3218490481376648,1
0.32231467962265015,1
0.5159810781478882,1
0.3825320899486542,1
0.34402361512184143,1
0.3810926377773285,1
0.4189853072166443,1
0.48540085554122925,1
0.30185481905937195,1
0.2783256471157074,1
0.3565063178539276,1
0.33914852142333984,1
0.3408660292625427,1
0.33267921209335327,1
0.43153420090675354,1
0.3792087137699127,1
0.25992801785469055,1
0.3935962915420532,1
0.4811588525772095,1
0.3261021375656128,1
0.339162677526474,1
0.3273981213569641,1
0.3777656853199005,1
0.43486034870147705,1
0.41799473762512207,1
0.4545918405056,1
0.5126428604125977,1
0.41419076919555664,1
0.398275226354599,1
0.603394091129303,1
0.29997777938842773,1
0.3058900237083435,1
0.27112990617752075,1
0.42286622524261475,1
0.5412830710411072,1
0.41110217571258545,1
0.34635400772094727,1
0.4385525584220886,1
0.3859962224960327,1
0.3545883595943451,1
0.42426013946533203,1
0.3693392276763916,1
0.30206775665283203,1
0.309419721364975,1
0.4364984929561615,1
0.3796316981315613,1
0.3724123537540436,1
0.2476869821548462,1
0.47374793887138367,1
0.35162580013275146,1
0.4130507707595825,1
0.39419984817504883,1
0.40754780173301697,1
0.37310177087783813,1
0.40470632910728455,1
0.3012444078922272,1
0.34576475620269775,1
0.36947208642959595,1
0.4219784438610077,1
0.5209603905677795,1
0.38513752818107605,1
0.4313566982746124,1
0.36065417528152466,1
0.3215891718864441,1
0.3370494842529297,1
0.4599915146827698,1
0.40866056084632874,1
0.4911348819732666,1
0.42623162269592285,1
0.3236563503742218,1
0.30926066637039185,1
0.359893798828125,1
0.3908381462097168,1
0.3783641755580902,1
0.36543333530426025,1
0.3210681080818176,1
0.39695215225219727,1
0.3312818109989166,1
0.3218025267124176,1
0.4235645532608032,1
0.4049667418003082,1
0.49202394485473633,1
0.40666162967681885,1
0.48834532499313354,1
0.2818904519081116,1
0.3786347210407257,1
0.38577789068222046,1
0.28255653381347656,1
0.4079676568508148,1
0.3913363516330719,1
0.2335563600063324,1
0.3814285695552826,1
0.40013089776039124,1
0.33722031116485596,1
0.3364384174346924,1
0.4016273617744446,1
0.3644599914550781,1
0.38635945320129395,1
0.3609335422515869,1
0.38486966490745544,1
0.3918876051902771,1
0.4250613749027252,1
0.37794893980026245,1
0.2912735044956207,1
0.3225574195384979,1
0.32103556394577026,1
0.33254754543304443,1
0.39924782514572144,1
0.3583158850669861,1
0.4076831042766571,1
0.3892529308795929,1
0.37817898392677307,1
0.28796684741973877,1
0.4740443825721741,1
0.3295438289642334,1
0.40528255701065063,1
0.2665257453918457,1
0.4125217795372009,1
0.46193575859069824,1
0.3229222893714905,1
0.42933595180511475,1
0.33286252617836,1
0.3464025557041168,1
0.25532305240631104,1
0.329988956451416,1
0.371883362531662,1
0.46768298745155334,1
0.44925758242607117,1
0.43527746200561523,1
0.34018757939338684,1
0.3466646671295166,1
0.3156883716583252,1
0.4392024278640747,1
0.3121183514595032,1
0.39138779044151306,1
0.40235933661460876,1
0.4255874752998352,1
0.47176581621170044,1
0.3972770571708679,1
0.31176525354385376,1
0.42628487944602966,1
0.4051491916179657,1
0.30887463688850403,1
0.43094271421432495,1
0.5281068682670593,1
0.32541656494140625,1
0.32673919200897217,1
0.43129244446754456,1
0.4682886004447937,1
0.4476569592952728,1
0.38131535053253174,1
0.39408963918685913,1
0.41698113083839417,1
0.39173898100852966,1
0.4959038496017456,1
0.4164217710494995,1
0.3882344365119934,1
0.5547112822532654,1
0.33088207244873047,1
0.3960184156894684,1
0.4472348690032959,1
0.5253559350967407,1
0.3169746696949005,1
0.3737369477748871,1
0.35683250427246094,1
0.3160375952720642,1
0.3970029652118683,1
0.3051801025867462,1
0.3192327618598938,1
0.27728086709976196,1
0.4297609329223633,1
0.4018428325653076,1
0.4259220361709595,1
0.34746989607810974,1
0.44875621795654297,1
0.5350140333175659,1
0.46808046102523804,1
0.34587562084198,1
0.3809364438056946,1
0.3956705629825592,1
0.3358694612979889,1
0.34728682041168213,1
0.37190425395965576,1
0.36620235443115234,1
0.33347830176353455,1
0.4604313373565674,1
0.3657691776752472,1
0.4061730206012726,1
0.40626394748687744,1
0.4162534475326538,1
0.2654566466808319,1
0.4411252737045288,1
0.47119995951652527,1
0.32467448711395264,1
0.37857216596603394,1
0.41196054220199585,1
0.4443259537220001,1
0.23880639672279358,1
0.47956305742263794,1
0.47898393869400024,1
0.34704530239105225,1
0.3927624821662903,1
0.43930134177207947,1
0.30174514651298523,1
0.4080178737640381,1
0.4538109600543976,1
0.3560202717781067,1
0.4105861485004425,1
0.3662804067134857,1
0.35480996966362,1
0.3126847743988037,1
0.3705243468284607,1
0.31391847133636475,1
0.36586567759513855,1
0.4355313777923584,1
0.3710784614086151,1
0.37870436906814575,1
0.3604155480861664,1
0.3866106867790222,1
0.3731217384338379,1
0.497616171836853,1
0.4195805788040161,1
0.47356146574020386,1
0.294965922832489,1
0.3258851170539856,1
0.3304634094238281,1
0.34371116757392883,1
0.3786624073982239,1
0.42295095324516296,1
0.27796822786331177,1
0.4078538417816162,1
0.2959147095680237,1
0.3213130235671997,1
0.4199342131614685,1
0.31324124336242676,1
0.42531007528305054,1
0.43241944909095764,1
0.3913944959640503,1
0.4637468457221985,1
0.3872520923614502,1
0.428480327129364,1
0.39976558089256287,1
0.354361891746521,1
0.4674467444419861,1
0.3841997981071472,1
0.3169856667518616,1
0.33592116832733154,1
0.3576529622077942,1
0.36612826585769653,1
0.4569607675075531,1
0.30330780148506165,1
0.46695324778556824,1
0.3940696120262146,1
0.2609823942184448,1
0.43578195571899414,1
0.4687719941139221,1
0.41114306449890137,1
0.4600396156311035,1
0.3364633023738861,1
0.3589371144771576,1
0.354846328496933,1
0.32835420966148376,1
0.47943657636642456,1
0.40820184350013733,1
0.4044712781906128,1
0.3960134983062744,1
0.47969064116477966,1
0.4363693296909332,1
0.42575737833976746,1
0.359150230884552,1
0.3673675060272217,1
0.39891260862350464,1
0.42025235295295715,1
0.39055898785591125,1
0.4020231366157532,1
0.5730336904525757,1
0.3652190566062927,1
0.40562766790390015,1
0.4033885896205902,1
0.257510244846344,1
0.2835374176502228,1
0.4384046792984009,1
0.4424859583377838,1
0.37498021125793457,1
0.3071134388446808,1
0.41644373536109924,1
0.29375624656677246,1
0.3621259033679962,1
0.3680313229560852,1
0.3880053162574768,1
0.6111697554588318,1
0.37269163131713867,1
0.383422315120697,1
0.5153826475143433,1
0.3091062307357788,1
0.3017059862613678,1
0.4067877531051636,1
0.34172332286834717,1
0.3831225037574768,1
0.3484196364879608,1
0.3458709418773651,1
0.35329341888427734,1
0.3063647747039795,1
0.32546156644821167,1
0.3788769543170929,1
0.3020981252193451,1
0.3587832450866699,1
0.443251371383667,1
0.3146791458129883,1
0.6014411449432373,1
0.4419936537742615,1
0.40317314863204956,1
0.44455486536026,1
0.33008015155792236,1
0.31499406695365906,1
0.4147636890411377,1
0.4521316885948181,1
0.37009280920028687,1
0.39312252402305603,1
0.3923792839050293,1
0.34954291582107544,1
0.2879754900932312,1
0.6033700704574585,1
0.4667222201824188,1
0.430386483669281,1
0.4469301700592041,1
0.40340495109558105,1
0.48120859265327454,1
0.4135279059410095,1
0.4525030255317688,1
0.39202427864074707,1
0.39461296796798706,1
0.39394712448120117,1
0.3634597063064575,1
0.4601038694381714,1
0.35303282737731934,1
0.431260883808136,1
0.5502440929412842,1
0.349698543548584,1
0.48636162281036377,1
0.29961705207824707,1
0.33562177419662476,1
0.4295502305030823,1
0.2707502245903015,1
0.2597222924232483,1
0.33163124322891235,1
0.3103552460670471,1
0.37082624435424805,1
0.5615109205245972,1
0.3387157618999481,1
0.4283694922924042,1
0.415177583694458,1
0.45131155848503113,1
0.4465214014053345,1
0.4896319508552551,1
0.2790675759315491,1
0.42077919840812683,1
0.39070719480514526,1
0.4891924560070038,1
0.38873985409736633,1
0.24350035190582275,1
0.43079978227615356,1
0.40905267000198364,1
0.29154807329177856,1
0.30923590064048767,1
0.3300301432609558,1
0.4703524708747864,1
0.44502881169319153,1
0.2612970471382141,1
0.44007208943367004,1
0.2911803722381592,1
0.3258204758167267,1
0.38647323846817017,1
0.5293315649032593,1
0.3711431622505188,1
0.46218937635421753,1
0.41218245029449463,1
0.346598744392395,1
0.38427460193634033,1
0.47667834162712097,1
0.3387641906738281,1
0.27491992712020874,1
0.36644208431243896,1
0.4597257673740387,1
0.3478550612926483,1
0.37847453355789185,1
0.4821951985359192,1
0.2996339797973633,1
0.3777443766593933,1
0.3793962895870209,1
0.3067234456539154,1
0.363639235496521,1
0.3670687973499298,1
0.40939658880233765,1
0.43352922797203064,1
0.4467272162437439,1
0.30620115995407104,1
0.41523265838623047,1
0.47335225343704224,1
0.3831002712249756,1
0.39810025691986084,1
0.37766706943511963,1
0.3803127408027649,1
0.36215531826019287,1
0.4194418489933014,1
0.4245525896549225,1
0.3115592300891876,1
0.3949744999408722,1
0.3773866295814514,1
0.35045692324638367,1
0.45863115787506104,1
0.30617615580558777,1
0.3297386169433594,1
0.36189350485801697,1
0.31732824444770813,1
0.28053444623947144,1
0.40226852893829346,1
0.506721019744873,1
0.47400569915771484,1
0.42486095428466797,1
0.37976759672164917,1
0.3789335787296295,1
0.41935986280441284,1
0.3146136403083801,1
0.48485761880874634,1
0.393002450466156,1
0.48018211126327515,1
0.42560306191444397,1
0.4119107723236084,1
0.3503730893135071,1
0.3172605633735657,1
0.5046464204788208,1
0.3596961200237274,1
0.4370715618133545,1
0.35366711020469666,1
0.33425065875053406,1
0.2917998433113098,1
0.3787412643432617,1
0.4050128757953644,1
0.43019720911979675,1
0.3251937925815582,1
0.3982292711734772,1
0.3653019666671753,1
0.44515857100486755,1
0.45960167050361633,1
0.3306620419025421,1
0.4474732577800751,1
0.44434505701065063,1
0.5467061996459961,1
0.30516231060028076,1
0.3685818314552307,1
0.43828338384628296,1
0.3697763681411743,1
0.46353471279144287,1
0.31476426124572754,1
0.32710254192352295,1
0.35053277015686035,1
0.35894304513931274,1
0.30094993114471436,1
0.4658593237400055,1
0.3854224681854248,1
0.37968161702156067,1
0.3953729569911957,1
0.4079594016075134,1
0.44638121128082275,1
0.38808032870292664,1
0.32191202044487,1
0.2717323899269104,1
0.3161275088787079,1
0.292793333530426,1
0.29183968901634216,1
0.3271964192390442,1
0.42004919052124023,1
0.33075201511383057,1
0.4449625015258789,1
0.300894558429718,1
0.4021316170692444,1
0.36715027689933777,1
0.40079665184020996,1
0.4624684154987335,1
0.3873531222343445,1
0.38479673862457275,1
0.3648693859577179,1
0.39989909529685974,1
0.36962956190109253,1
0.3037871718406677,1
0.5168142914772034,1
0.4295763671398163,1
0.3918389081954956,1
0.30968496203422546,1
0.39561259746551514,1
0.29035401344299316,1
0.46685338020324707,1
0.424117773771286,1
0.43400466442108154,1
0.44054388999938965,1
0.4981321394443512,1
0.2960972785949707,1
0.40277886390686035,1
0.3604746162891388,1
0.33925437927246094,1
0.43711161613464355,1
0.45445674657821655,1
0.34183430671691895,1
0.31303706765174866,1
0.4174374043941498,1
0.42454636096954346,1
0.32986214756965637,1
0.4343127906322479,1
0.4913463592529297,1
0.33023589849472046,1
0.33226126432418823,1
0.4092193841934204,1
0.29243433475494385,1
0.3455187976360321,1
0.3615325093269348,1
0.33098331093788147,1
0.35887813568115234,1
0.43490922451019287,1
0.2986295819282532,1
0.46765583753585815,1
0.22846058011054993,1
0.38917243480682373,1
0.2802671790122986,1
0.4268752932548523,1
0.36353349685668945,1
0.4664948284626007,1
0.3684396743774414,1
0.4329852759838104,1
0.3626976013183594,1
0.3981916308403015,1
0.3641290068626404,1
0.2924521565437317,1
0.40145784616470337,1
0.5226220488548279,1
0.40430206060409546,1
0.45099520683288574,1
0.41054850816726685,1
0.40202760696411133,1
0.28930649161338806,1
0.30730557441711426,1
0.31430619955062866,1
0.4023643434047699,1
0.4454828202724457,1
0.408372700214386,1
0.33877575397491455,1
0.5205134153366089,1
0.2754898965358734,1
0.3723081648349762,1
0.35611385107040405,1
0.4266306161880493,1
0.38033410906791687,1
0.4209384322166443,1
0.405224472284317,1
0.3427044749259949,1
0.44276586174964905,1
0.2463865876197815,1
0.2858538031578064,1
0.4209632873535156,1
0.3581918776035309,1
0.3915242552757263,1
0.3800605535507202,1
0.3144552707672119,1
0.3030796945095062,1
0.3833693265914917,1
0.40562719106674194,1
0.3800312280654907,1
0.41231977939605713,1
0.38993769884109497,1
0.3895711302757263,1
0.43355441093444824,1
0.3669437766075134,1
0.4283686578273773,1
0.46491360664367676,1
0.37900567054748535,1
0.4159962236881256,1
0.2850237190723419,1
0.3752632141113281,1
0.37966543436050415,1
0.3599635660648346,1
0.4574064016342163,1
0.426807165145874,1
0.3511907458305359,1
0.29786545038223267,1
0.5542867183685303,1
0.39092665910720825,1
0.30528783798217773,1
0.4450463056564331,1
0.39299696683883667,1
0.44042545557022095,1
0.36924558877944946,1
0.32825183868408203,1
0.292465478181839,1
0.3804093301296234,1
0.34127387404441833,1
0.36617404222488403,1
0.44673991203308105,1
0.2789759039878845,1
0.5240434408187866,1
0.28289878368377686,1
0.3947640657424927,1
0.48929500579833984,1
0.39056187868118286,1
0.480285108089447,1
0.3347572684288025,1
0.4901633858680725,1
0.341492623090744,1
0.36489057540893555,1
0.3279527723789215,1
0.37455812096595764,1
0.3459707498550415,1
0.38753068447113037,1
0.3465442955493927,1
0.4249531030654907,1
0.326775461435318,1
0.2941987216472626,1
0.34141576290130615,1
0.35335636138916016,1
0.43033793568611145,1
0.3516218662261963,1
0.32098639011383057,1
0.37146231532096863,1
0.4889082908630371,1
0.31827595829963684,1
0.36820781230926514,1
0.3098129630088806,1
0.4307028353214264,1
0.40141135454177856,1
0.36096444725990295,1
0.31015074253082275,1
0.3277117609977722,1
0.42774906754493713,1
0.49636727571487427,1
0.4135504961013794,1
0.36214008927345276,1
0.35320618748664856,1
0.3081713616847992,1
0.3001794219017029,1
0.426474928855896,1
0.44193655252456665,1
0.3653954267501831,1
0.2937588691711426,1
0.39113667607307434,1
0.39924919605255127,1
0.2789836823940277,1
0.37455686926841736,1
0.48946139216423035,1
0.40160346031188965,1
0.3134951591491699,1
0.5313628911972046,1
0.3330339193344116,1
0.41405189037323,1
0.43077415227890015,1
0.465180367231369,1
0.4282430410385132,1
0.3542715013027191,1
0.3023952543735504,1
0.3105320334434509,1
0.38282108306884766,1
0.396973192691803,1
0.35496824979782104,1
0.3148649334907532,1
0.36620140075683594,1
0.35894203186035156,1
0.2789119482040405,1
0.40047547221183777,1
0.4788295030593872,1
0.44888222217559814,1
0.42876285314559937,1
0.34055954217910767,1
0.3854904770851135,1
0.29150840640068054,1
0.32542943954467773,1
0.5233845114707947,1
0.5000046491622925,1
0.31762731075286865,1
0.45648542046546936,1
0.3531014323234558,1
0.4010215103626251,1
0.5150673985481262,1
0.41908231377601624,1
0.4181321859359741,1
0.4161108732223511,1
0.45245543122291565,1
0.28556573390960693,1
0.3314052224159241,1
0.40102314949035645,1
0.4615386426448822,1
0.31577780842781067,1
0.4770627021789551,1
0.34615617990493774,1
0.4030863046646118,1
0.3528320789337158,1
0.4010775685310364,1
0.36974501609802246,1
0.3901561498641968,1
0.3820543885231018,1
0.4781392812728882,1
0.26803454756736755,1
0.41705945134162903,1
0.4687967896461487,1
0.34901538491249084,1
0.4917457699775696,1
0.3932434320449829,1
0.43357396125793457,1
0.30067378282546997,1
0.373668909072876,1
0.4436572790145874,1
0.36824387311935425,1
0.3245084881782532,1
0.39316293597221375,1
0.517522931098938,1
0.4061201810836792,1
0.39644014835357666,1
0.35677382349967957,1
0.4812527596950531,1
0.38282889127731323,1
0.2926860451698303,1
0.3851367235183716,1
0.47246336936950684,1
0.38477587699890137,1
0.3906668424606323,1
0.4152948558330536,1
0.4170258045196533,1
0.297678679227829,1
0.4063369631767273,1
0.42393872141838074,1
0.3938470780849457,1
0.36830002069473267,1
0.40811866521835327,1
0.2753116488456726,1
0.4377564787864685,1
0.3755037486553192,1
0.43236690759658813,1
0.3988643288612366,1
0.30413323640823364,1
0.3263072669506073,1
0.37709933519363403,1
0.4367656707763672,1
0.3145332336425781,1
0.4272225797176361,1
0.4121277630329132,1
0.35924139618873596,1
0.29523056745529175,1
0.36080271005630493,1
0.34847283363342285,1
0.32661816477775574,1
0.3321029543876648,1
0.47411978244781494,1
0.3316759467124939,1
0.441500723361969,1
0.4233575165271759,1
0.3794182240962982,1
0.33907780051231384,1
0.3104124963283539,1
0.42351049184799194,1
0.3498746156692505,1
0.4178062677383423,1
0.44832274317741394,1
0.34834516048431396,1
0.4517665207386017,1
0.36452072858810425,1
0.43770840764045715,1
0.4238620400428772,1
0.4246620535850525,1
0.40572211146354675,1
0.3098965883255005,1
0.4347793459892273,1
0.3397994041442871,1
0.3282524645328522,1
0.414637953042984,1
0.5136911869049072,1
0.45676589012145996,1
0.36592185497283936,1
0.39647674560546875,1
0.4092825651168823,1
0.39443761110305786,1
0.43352845311164856,1
0.3694700002670288,1
0.318584144115448,1
0.4598119854927063,1
0.4294082820415497,1
0.3674672544002533,1
0.3903113007545471,1
0.4053698480129242,1
0.32536834478378296,1
0.347599059343338,1
0.4221234619617462,1
0.39046502113342285,1
0.3978489339351654,1
0.3389061987400055,1
0.3687799870967865,1
0.48883718252182007,1
0.3717631697654724,1
0.26345205307006836,1
0.3815337121486664,1
0.2379382699728012,1
0.2757234275341034,1
0.3112556040287018,1
0.4255353808403015,1
0.4137675166130066,1
0.3127622604370117,1
0.4963057041168213,1
0.3935718536376953,1
0.36066940426826477,1
0.41404056549072266,1
0.4333377778530121,1
0.41628497838974,1
0.2849995493888855,1
0.42736610770225525,1
0.4612501561641693,1
0.37931254506111145,1
0.5328245162963867,1
0.3241409361362457,1
0.25193604826927185,1
0.34828734397888184,1
0.39852285385131836,1
0.4272955358028412,1
0.40675753355026245,1
0.3193073570728302,1
0.403534859418869,1
0.42636775970458984,1
0.3658972382545471,1
0.3853974938392639,1
0.33503490686416626,1
0.3523637652397156,1
0.3537314534187317,1
0.3609848618507385,1
0.39432671666145325,1
0.34596389532089233,1
0.32075148820877075,1
0.404632568359375,1
0.3672443926334381,1
0.2767467498779297,1
0.2899603545665741,1
0.3715878129005432,1
0.4130903482437134,1
0.3342072367668152,1
0.36900612711906433,1
0.30162787437438965,1
0.40679681301116943,1
0.36892277002334595,1
0.4614255428314209,1
0.3115496337413788,1
0.3775255084037781,1
0.4358427822589874,1
0.3621009588241577,1
0.47616520524024963,1
0.4334512948989868,1
0.3839373290538788,1
0.3971620500087738,1
0.34076958894729614,1
0.38645195960998535,1
0.4717816710472107,1
0.31732285022735596,1
0.30766841769218445,1
0.3452478051185608,1
0.28754961490631104,1
0.31457221508026123,1
0.33294981718063354,1
0.24039287865161896,1
0.430963397026062,1
0.3783152103424072,1
0.40404438972473145,1
0.3469153642654419,1
0.5044792294502258,1
0.466670423746109,1
0.23149847984313965,1
0.2864423990249634,1
0.32173022627830505,1
0.39817485213279724,1
0.3282220959663391,1
0.34867843985557556,1
0.38628122210502625,1
0.33042529225349426,1
0.35216790437698364,1
0.3429798185825348,1
0.3260975480079651,1
0.3364267349243164,1
0.3244425654411316,1
0.35951387882232666,1
0.5816176533699036,1
0.43970534205436707,1
0.31765010952949524,1
0.3712281584739685,1
0.31246933341026306,1
0.29052212834358215,1
0.36361417174339294,1
0.28353065252304077,1
0.4093940854072571,1
0.30743253231048584,1
0.3334195613861084,1
0.3482033908367157,1
0.3902357220649719,1
0.41466572880744934,1
0.34448468685150146,1
0.38704317808151245,1
0.31165894865989685,1
0.3660239577293396,1
0.33795395493507385,1
0.3608435392379761,1
0.26542434096336365,1
0.3865179121494293,1
0.33094921708106995,1
0.3471723198890686,1
0.35732364654541016,1
0.4164889454841614,1
0.3140239119529724,1
0.5360133051872253,1
0.4605925381183624,1
0.31691840291023254,1
0.43471893668174744,1
0.3120054304599762,1
0.41285133361816406,1
0.32901084423065186,1
0.40540921688079834,1
0.3752342462539673,1
0.2545227110385895,1
0.40124034881591797,1
0.4387255012989044,1
0.2968604862689972,1
0.3067589998245239,1
0.48003485798835754,1
0.30894696712493896,1
0.37963688373565674,1
0.3994489312171936,1
0.4498732089996338,1
0.43473657965660095,1
0.3562464714050293,1
0.4652383327484131,1
0.39135631918907166,1
0.35689839720726013,1
0.40913230180740356,1
0.33978885412216187,1
0.3624314069747925,1
0.29455310106277466,1
0.2796036899089813,1
0.4570048749446869,1
0.2937726080417633,1
0.3402092456817627,1
0.5094914436340332,1
0.3753151297569275,1
0.3512498140335083,1
0.4340284466743469,1
0.35057908296585083,1
0.3135889768600464,1
0.28656429052352905,1
0.32077282667160034,1
0.31498289108276367,1
0.31416040658950806,1
0.36009350419044495,1
0.3614673316478729,1
0.3499293625354767,1
0.3736392855644226,1
0.41512924432754517,1
0.5793725848197937,1
0.3509334325790405,1
0.28581705689430237,1
0.3683127760887146,1
0.3602457642555237,1
0.40418505668640137,1
0.3888712525367737,1
0.3104231655597687,1
0.3967391848564148,1
0.6023712158203125,1
0.31844741106033325,1
0.4409024715423584,1
0.3850894868373871,1
0.4835183620452881,1
0.4431403875350952,1
0.45225995779037476,1
0.3238527178764343,1
0.30821797251701355,1
0.37970176339149475,1
0.38160809874534607,1
0.4953666925430298,1
0.39165544509887695,1
0.4266270697116852,1
0.3965379297733307,1
0.33166974782943726,1
0.3538862466812134,1
0.4952957034111023,1
0.46374189853668213,1
0.38425055146217346,1
0.2884266972541809,1
0.44472187757492065,1
0.3227804899215698,1
0.2925800681114197,1
0.37379270792007446,1
0.31510812044143677,1
0.5041798949241638,1
0.5151698589324951,1
0.3238544762134552,1
0.39062631130218506,1
0.42997685074806213,1
0.31204846501350403,1
0.28109031915664673,1
0.30790215730667114,1
0.4416016936302185,1
0.3845010995864868,1
0.316902756690979,1
0.35261809825897217,1
0.44046467542648315,1
0.42907634377479553,1
0.3133728504180908,1
0.3941018581390381,1
0.394540011882782,1
0.3178320825099945,1
0.42922401428222656,1
0.35276100039482117,1
0.37739670276641846,1
0.43350353837013245,1
0.3771854639053345,1
0.41611480712890625,1
0.43154197931289673,1
0.3761764466762543,1
0.45173925161361694,1
0.2678557336330414,1
0.41133737564086914,1
0.47949668765068054,1
0.26338818669319153,1
0.4008236527442932,1
0.39155682921409607,1
0.3873572051525116,1
0.4943690896034241,1
0.4688631594181061,1
0.3718530237674713,1
0.30605584383010864,1
0.3522403836250305,1
0.41303715109825134,1
0.3300463855266571,1
0.43564373254776,1
0.33936935663223267,1
0.3409925699234009,1
0.4453824460506439,1
0.3899935483932495,1
0.31448304653167725,1
0.4575093388557434,1
0.4036787450313568,1
0.44165879487991333,1
0.40311506390571594,1
0.2631456255912781,1
0.39577025175094604,1
0.4490116238594055,1
0.41026079654693604,1
0.4098014533519745,1
0.3228414058685303,1
0.30569225549697876,1
0.3246288597583771,1
0.47654208540916443,1
0.34649842977523804,1
0.3855020999908447,1
0.39516186714172363,1
0.35624945163726807,1
0.3787660598754883,1
0.30971649289131165,1
0.44900304079055786,1
0.44468992948532104,1
0.3304530680179596,1
0.41896501183509827,1
0.3701838254928589,1
0.3843478560447693,1
0.25648021697998047,1
0.5190871357917786,1
0.43435409665107727,1
0.33036693930625916,1
0.38220006227493286,1
0.31564003229141235,1
0.3172079622745514,1
0.4665489196777344,1
0.4957537353038788,1
0.4379631280899048,1
0.34942811727523804,1
0.30276626348495483,1
0.4145130217075348,1
0.3664984107017517,1
0.4518016576766968,1
0.39983803033828735,1
0.30558067560195923,1
0.32607266306877136,1
0.4492729902267456,1
0.4277098774909973,1
0.33979833126068115,1
0.4030570983886719,1
0.356082558631897,1
0.21564137935638428,1
0.5418483018875122,1
0.4754345118999481,1
0.45444220304489136,1
0.2960709035396576,1
0.40898385643959045,1
0.4307297468185425,1
0.43539583683013916,1
0.300077885389328,1
0.3508063554763794,1
0.456481397151947,1
0.3119122385978699,1
0.5272620916366577,1
0.2722552418708801,1
0.38078123331069946,1
0.3592787981033325,1
0.3852692246437073,1
0.3772313892841339,1
0.4188571572303772,1
0.606353223323822,1
0.37522104382514954,1
0.48893609642982483,1
0.4387991726398468,1
0.35466963052749634,1
0.40776538848876953,1
0.35008159279823303,1
0.4037039875984192,1
0.4722372889518738,1
0.2782612442970276,1
0.3350899815559387,1
0.46444642543792725,1
0.431609570980072,1
0.394623726606369,1
0.5682675838470459,1
0.35991957783699036,1
0.4168456196784973,1
0.3914172649383545,1
0.3230893909931183,1
0.39346373081207275,1
0.3937981128692627,1
0.39867526292800903,1
0.3730373680591583,1
0.39947667717933655,1
0.29676640033721924,1
0.4054987132549286,1
0.40035325288772583,1
0.40724775195121765,1
0.46193134784698486,1
0.4482897222042084,1
0.47016584873199463,1
0.39572128653526306,1
0.31439512968063354,1
0.39958885312080383,1
0.3478018045425415,1
0.36602750420570374,1
0.34480297565460205,1
0.4661232531070709,1
0.346225380897522,1
0.45960289239883423,1
0.4619333744049072,1
0.312716543674469,1
0.473152756690979,1
0.35564395785331726,1
0.4171336591243744,1
0.4143841862678528,1
0.36693665385246277,1
0.39162570238113403,1
0.39792802929878235,1
0.5232440233230591,1
0.3427466154098511,1
0.2841803729534149,1
0.45949220657348633,1
0.49275797605514526,1
0.332888126373291,1
0.3798674941062927,1
0.48509684205055237,1
0.39422607421875,1
0.39950624108314514,1
0.2876707911491394,1
0.37390008568763733,1
0.2870946228504181,1
0.4180961549282074,1
0.4523385763168335,1
0.37368500232696533,1
0.3476397395133972,1
0.3674882650375366,1
0.48579445481300354,1
0.5221301913261414,1
0.4104814827442169,1
0.3693705201148987,1
0.3702489733695984,1
0.297416627407074,1
0.4417893886566162,1
0.34853652119636536,1
0.47062328457832336,1
0.4540126621723175,1
0.4564213752746582,1
0.4237014353275299,1
0.288300096988678,1
0.37334463000297546,1
0.45597267150878906,1
0.3174530267715454,1
0.44930189847946167,1
0.4061002731323242,1
0.45909130573272705,1
0.42554551362991333,1
0.3211555778980255,1
0.34340596199035645,1
0.44637155532836914,1
0.3501453995704651,1
0.31773072481155396,1
0.4447673559188843,1
0.45879969000816345,1
0.48076093196868896,1
0.41339075565338135,1
0.4967295825481415,1
0.3373585045337677,1
0.380285382270813,1
0.5277868509292603,1
0.43332821130752563,1
0.3985559642314911,1
0.3029317855834961,1
0.3391363322734833,1
0.45458561182022095,1
0.46833664178848267,1
0.30083024501800537,1
0.4074559807777405,1
0.3977123498916626,1
0.4010152816772461,1
0.3339266777038574,1
0.32663655281066895,1
0.43743231892585754,1
0.41773736476898193,1
0.437813937664032,1
0.3722858130931854,1
0.32114219665527344,1
0.3840163052082062,1
0.3831491470336914,1
0.4859260320663452,1
0.4269557595252991,1
0.3739582896232605,1
0.3853147029876709,1
0.3571462035179138,1
0.42801356315612793,1
0.4866109788417816,1
0.3499901294708252,1
0.265878826379776,1
0.35836949944496155,1
0.48231858015060425,1
0.2883545756340027,1
0.34209033846855164,1
0.3194746673107147,1
0.3994135558605194,1
0.6305630207061768,1
0.3493102192878723,1
0.48134738206863403,1
0.404204398393631,1
0.41385167837142944,1
0.40755578875541687,1
0.24842625856399536,1
0.3268173336982727,1
0.45884543657302856,1
0.38022300601005554,1
0.6786481142044067,1
0.42831167578697205,1
0.3092743158340454,1
0.4279705286026001,1
0.2944234013557434,1
0.41315749287605286,1
0.3707866668701172,1
0.2923122048377991,1
0.4656139314174652,1
0.3598594665527344,1
0.39151957631111145,1
0.45223402976989746,1
0.35571742057800293,1
0.3592144250869751,1
0.5027071833610535,1
0.3014627993106842,1
0.40364089608192444,1
0.33140623569488525,1
0.24946308135986328,1
0.4005071520805359,1
0.2753954529762268,1
0.376089870929718,1
0.403786838054657,1
0.3321611285209656,1
0.4430219531059265,1
0.463199257850647,1
0.4541105031967163,1
0.4206947982311249,1
0.39112240076065063,1
0.3854726254940033,1
0.35972926020622253,1
0.4211047291755676,1
0.4650074541568756,1
0.4382886290550232,1
0.43806952238082886,1
0.2798146903514862,1
0.4492664337158203,1
0.3704233467578888,1
0.34280943870544434,1
0.34478455781936646,1
0.3153379559516907,1
0.4504615068435669,1
0.4285746216773987,1
0.34267789125442505,1
0.3839806914329529,1
0.28147125244140625,1
0.3445875346660614,1
0.35488608479499817,1
0.3643001616001129,1
0.27712565660476685,1
0.45924368500709534,1
0.433504194021225,1
0.35050565004348755,1
0.4052942395210266,1
0.3864322900772095,1
0.38702207803726196,1
0.3515393137931824,1
0.3553515374660492,1
0.359017014503479,1
0.5544282793998718,1
0.3692741394042969,1
0.35531851649284363,1
0.3016899824142456,1
0.291111558675766,1
0.38895896077156067,1
0.38483190536499023,1
0.3017921447753906,1
0.36089587211608887,1
0.3312315344810486,1
0.43967944383621216,1
0.4643557369709015,1
0.37629806995391846,1
0.42125657200813293,1
0.34639135003089905,1
0.4329174757003784,1
0.317976176738739,1
0.40024155378341675,1
0.4105810225009918,1
0.28836745023727417,1
0.42906686663627625,1
0.34388601779937744,1
0.3620784878730774,1
0.3295634984970093,1
0.4687855839729309,1
0.4889150559902191,1
0.3156645894050598,1
0.4119260013103485,1
0.4603514075279236,1
0.34937936067581177,1
0.4187444746494293,1
0.48314642906188965,1
0.4850406050682068,1
0.41575855016708374,1
0.3425647020339966,1
0.3087301254272461,1
0.3525577485561371,1
0.32952219247817993,1
0.47049251198768616,1
0.4660798907279968,1
0.38291382789611816,1
0.5039467215538025,1
0.4161034822463989,1
0.3521135449409485,1
0.30595213174819946,1
0.40456557273864746,1
0.40615206956863403,1
0.41483795642852783,1
0.47690925002098083,1
0.34534144401550293,1
0.417118638753891,1
0.3416788876056671,1
0.39966827630996704,1
0.32960784435272217,1
0.3943007290363312,1
0.3725288510322571,1
0.2972852885723114,1
0.47811925411224365,1
0.307140588760376,1
0.3071608543395996,1
0.4504123330116272,1
0.3888741731643677,1
0.4719977378845215,1
0.2750505208969116,1
0.45568403601646423,1
0.36169546842575073,1
0.5222576856613159,1
0.39780139923095703,1
0.3936306834220886,1
0.5181652307510376,1
0.43606120347976685,1
0.4189641773700714,1
0.3021446466445923,1
0.41492998600006104,1
0.502667248249054,1
0.39004024863243103,1
0.3072543442249298,1
0.4053426682949066,1
0.3568561375141144,1
0.5284818410873413,1
0.3760283589363098,1
0.47291210293769836,1
0.38850390911102295,1
0.3867071866989136,1
0.3022966980934143,1
0.41074955463409424,1
0.3232102692127228,1
0.4509385824203491,1
0.39451104402542114,1
0.5974323749542236,1
0.32397347688674927,1
0.45014601945877075,1
0.342390775680542,1
0.39614182710647583,1
0.31272172927856445,1
0.4466235041618347,1
0.43070030212402344,1
0.3115813732147217,1
0.36077314615249634,1
0.34025838971138,1
0.3711719810962677,1
0.3774827718734741,1
0.36633601784706116,1
0.3935592472553253,1
0.2979973256587982,1
0.32095587253570557,1
0.3454514145851135,1
0.3866412937641144,1
0.40484318137168884,1
0.3924441933631897,1
0.5065602660179138,1
0.2539437711238861,1
0.3766656816005707,1
0.3960057497024536,1
0.46731463074684143,1
0.37904462218284607,1
0.3817348778247833,1
0.3792259693145752,1
0.4493378698825836,1
0.367023229598999,1
0.33616918325424194,1
0.37092530727386475,1
0.3760654330253601,1
0.44192904233932495,1
0.3421681821346283,1
0.41793131828308105,1
0.3685626983642578,1
0.3385232090950012,1
0.3504639267921448,1
0.33648422360420227,1
0.36304402351379395,1
0.36415350437164307,1
0.49492764472961426,1
0.2738415598869324,1
0.28258270025253296,1
0.3482118248939514,1
0.45953038334846497,1
0.3731326460838318,1
0.2848680019378662,1
0.338060587644577,1
0.3471003770828247,1
0.46084141731262207,1
0.40332159399986267,1
0.30713626742362976,1
0.3551790118217468,1
0.4680834710597992,1
0.39276039600372314,1
0.4487925171852112,1
0.45638716220855713,1
0.4133131504058838,1
0.3402632474899292,1
0.41242653131484985,1
0.5524916648864746,1
0.3847767412662506,1
0.38890600204467773,1
0.27027907967567444,1
0.3790314793586731,1
0.4260011613368988,1
0.4496937692165375,1
0.3946945071220398,1
0.35495609045028687,1
0.3170555830001831,1
0.5249247550964355,1
0.4101455807685852,1
0.3352084159851074,1
0.36589154601097107,1
0.4066910147666931,1
0.43491995334625244,1
0.4711966812610626,1
0.4164915382862091,1
0.3606073260307312,1
0.5107236504554749,1
0.3686392903327942,1
0.3492105007171631,1
0.35146933794021606,1
0.41317230463027954,1
0.38641345500946045,1
0.3564499616622925,1
0.5488802790641785,1
0.4038814306259155,1
0.33777642250061035,1
0.4317165017127991,1
0.3053094446659088,1
0.34958863258361816,1
0.3415431082248688,1
0.3264515697956085,1
0.4177440404891968,1
0.38381582498550415,1
0.35167068243026733,1
0.2864640951156616,1
0.5313557386398315,1
0.39205700159072876,1
0.41138872504234314,1
0.4065658152103424,1
0.32553350925445557,1
0.3783707618713379,1
0.2515641748905182,1
0.4120323061943054,1
0.3192456364631653,1
0.32443684339523315,1
0.451774537563324,1
0.3587789833545685,1
0.38316935300827026,1
0.3769070506095886,1
0.35599035024642944,1
0.38031455874443054,1
0.40689200162887573,1
0.3273690342903137,1
0.348130464553833,1
0.3335306644439697,1
0.4577943682670593,1
0.36408731341362,1
0.4181957244873047,1
0.3817652463912964,1
0.30353420972824097,1
0.3440905511379242,1
0.41604840755462646,1
0.4438648223876953,1
0.3193504810333252,1
0.4192642867565155,1
0.37184375524520874,1
0.2649092376232147,1
0.4482550621032715,1
0.3639897406101227,1
0.391981303691864,1
0.48460593819618225,1
0.3431103229522705,1
0.332274854183197,1
0.34971189498901367,1
0.349796861410141,1
0.41217944025993347,1
0.3329828381538391,1
0.4780424237251282,1
0.5983728170394897,1
0.38358524441719055,1
0.42402350902557373,1
0.3896249830722809,1
0.3758643865585327,1
0.37913405895233154,1
0.44448402523994446,1
0.37918901443481445,1
0.3443825840950012,1
0.3529245853424072,1
0.3817101716995239,1
0.31716665625572205,1
0.30964499711990356,1
0.3256494700908661,1
0.4339677095413208,1
0.40765953063964844,1
0.3978348970413208,1
0.28982222080230713,1
0.3114583194255829,1
0.3888552784919739,1
0.32107803225517273,1
0.4529784321784973,1
0.35265931487083435,1
0.4211233854293823,1
0.3576757311820984,1
0.4073570966720581,1
0.28869348764419556,1
0.27955541014671326,1
0.5080251097679138,1
0.43120476603507996,1
0.4538165330886841,1
0.44860923290252686,1
0.3744772672653198,1
0.4559131860733032,1
0.43003028631210327,1
0.5541226863861084,1
0.2670315206050873,1
0.2897926867008209,1
0.36433279514312744,1
0.5174800157546997,1
0.304141104221344,1
0.42601412534713745,1
0.38915473222732544,1
0.3797200918197632,1
0.30495238304138184,1
0.3803446888923645,1
0.33459746837615967,1
0.26177042722702026,1
0.36181384325027466,1
0.5168342590332031,1
0.36683008074760437,1
0.37618914246559143,1
0.3828459084033966,1
0.5652188062667847,1
0.4450743794441223,1
0.4024432599544525,1
0.45666298270225525,1
0.29213714599609375,1
0.37930673360824585,1
0.34693053364753723,1
0.31739041209220886,1
0.29854249954223633,1
0.4846426248550415,1
0.3602328300476074,1
0.3896511495113373,1
0.4728529155254364,1
0.24593283236026764,1
0.3839547038078308,1
0.38999396562576294,1
0.5300890207290649,1
0.38575518131256104,1
0.3496432304382324,1
0.3200830817222595,1
0.33194658160209656,1
0.3826169967651367,1
0.4606834053993225,1
0.3066200613975525,1
0.3604644536972046,1
0.5329155325889587,1
0.3460600674152374,1
0.3655729293823242,1
0.3856026232242584,1
0.3830920457839966,1
0.30580389499664307,1
0.3488430082798004,1
0.3574769198894501,1
0.3988208770751953,1
0.4112284183502197,1
0.36073729395866394,1
0.2736220955848694,1
0.3210102617740631,1
0.42883163690567017,1
0.3066956400871277,1
0.41455209255218506,1
0.4188954830169678,1
0.4479541778564453,1
0.4039503037929535,1
0.3591270446777344,1
0.35058194398880005,1
0.5268827676773071,1
0.42621859908103943,1
0.34098556637763977,1
0.3822438716888428,1
0.3145639896392822,1
0.4322948753833771,1
0.2621132731437683,1
0.3399946391582489,1
0.43950700759887695,1
0.3695199489593506,1
0.4273184537887573,1
0.4288548231124878,1
0.4383496046066284,1
0.3807384967803955,1
0.46692365407943726,1
0.34190765023231506,1
0.4558255672454834,1
0.29248934984207153,1
0.3426476716995239,1
0.3727012276649475,1
0.29553723335266113,1
0.5731255412101746,1
0.40036946535110474,1
0.295421302318573,1
0.4095059633255005,1
0.40177637338638306,1
0.3512837290763855,1
0.4986148774623871,1
0.5838553309440613,1
0.4363647699356079,1
0.3380468487739563,1
0.419141948223114,1
0.42530813813209534,1
0.36269664764404297,1
0.4159497022628784,1
0.3825494647026062,1
0.4362676441669464,1
0.4013294577598572,1
0.5005676746368408,1
0.46235501766204834,1
0.4168227016925812,1
0.3740929961204529,1
0.37750309705734253,1
0.3729865252971649,1
0.4689764976501465,1
0.3919185996055603,1
0.3581300377845764,1
0.37168222665786743,1
0.3823336362838745,1
0.33913272619247437,1
0.3504953384399414,1
0.33532851934432983,1
0.3594139516353607,1
0.34736818075180054,1
0.41241908073425293,1
0.36447733640670776,1
0.3948838710784912,1
0.3171098232269287,1
0.35223251581192017,1
0.3401681184768677,1
0.4414111077785492,1
0.3452712893486023,1
0.30129408836364746,1
0.42368078231811523,1
0.39093679189682007,1
0.38308313488960266,1
0.534881591796875,1
0.4405173659324646,1
0.33076298236846924,1
0.41455185413360596,1
0.4365365505218506,1
0.35654836893081665,1
0.3892088532447815,1
0.45444202423095703,1
0.3359374403953552,1
0.40838590264320374,1
0.35439348220825195,1
0.43582743406295776,1
0.38899317383766174,1
0.4033076763153076,1
0.34170854091644287,1
0.35324618220329285,1
0.4481544494628906,1
0.41195470094680786,1
0.39573797583580017,1
0.3583678603172302,1
0.56235671043396,1
0.41555309295654297,1
0.40639299154281616,1
0.39857980608940125,1
0.3641403913497925,1
0.325498104095459,1
0.42977118492126465,1
0.3912593126296997,1
0.35656121373176575,1
0.4165472090244293,1
0.3725627660751343,1
0.42609453201293945,1
0.3455960750579834,1
0.37214523553848267,1
0.4291433095932007,1
0.3546947240829468,1
0.49382662773132324,1
0.4580467641353607,1
0.3682357668876648,1
0.4029688239097595,1
0.414840966463089,1
0.35252004861831665,1
0.46946951746940613,1
0.38178643584251404,1
0.3849858343601227,1
0.3384302854537964,1
0.44303232431411743,1
0.4254036247730255,1
0.39336615800857544,1
0.30531150102615356,1
0.42076510190963745,1
0.5535637736320496,1
0.3594439625740051,1
0.3923187553882599,1
0.5214208960533142,1
0.4349834620952606,1
0.29001539945602417,1
0.29413092136383057,1
0.40342792868614197,1
0.4067932069301605,1
0.32033640146255493,1
0.4617454409599304,1
0.37984371185302734,1
0.43775081634521484,1
0.38667720556259155,1
0.3224096894264221,1
0.434069961309433,1
0.31605076789855957,1
0.42103415727615356,1
0.578590989112854,1
0.32801753282546997,1
0.46794402599334717,1
0.4218037724494934,1
0.38095444440841675,1
0.3017709255218506,1
0.4048506021499634,1
0.3687472641468048,1
0.3115365505218506,1
0.3085681200027466,1
0.40744465589523315,1
0.36961084604263306,1
0.3044842481613159,1
0.4533417820930481,1
0.3032945692539215,1
0.36024004220962524,1
0.33172959089279175,1
0.42708173394203186,1
0.3677924871444702,1
0.36278480291366577,1
0.3023945689201355,1
0.30034327507019043,1
0.3727376163005829,1
0.3988250195980072,1
0.38895660638809204,1
0.4346506595611572,1
0.4872109293937683,1
0.4443289637565613,1
0.4316543638706207,1
0.4755871295928955,1
0.4219413995742798,1
0.3324814438819885,1
0.34778380393981934,1
0.34737101197242737,1
0.4052448868751526,1
0.3956460952758789,1
0.38099461793899536,1
0.4039321839809418,1
0.3667820692062378,1
0.3830834627151489,1
0.48841533064842224,1
0.36619263887405396,1
0.4690706431865692,1
0.39149636030197144,1
0.4964761734008789,1
0.3915926218032837,1
0.3225225508213043,1
0.37115737795829773,1
0.4656401574611664,1
0.29466697573661804,1
0.3092089891433716,1
0.49296435713768005,1
0.5117504596710205,1
0.40891262888908386,1
0.45035049319267273,1
0.39200684428215027,1
0.47040218114852905,1
0.48474907875061035,1
0.36409178376197815,1
0.3906383514404297,1
0.3938259482383728,1
0.37144455313682556,1
0.359671950340271,1
0.37659013271331787,1
0.3500324785709381,1
0.4150085747241974,1
0.37223708629608154,1
0.36141011118888855,1
0.4346175491809845,1
0.3278680443763733,1
0.42611125111579895,1
0.28123611211776733,1
0.2539885938167572,1
0.5514718890190125,1
0.3898865878582001,1
0.4109054505825043,1
0.36986932158470154,1
0.31069082021713257,1
0.48264428973197937,1
0.41265326738357544,1
0.4612785577774048,1
0.34178611636161804,1
0.31679823994636536,1
0.30921173095703125,1
0.370527058839798,1
0.2690737545490265,1
0.2807998061180115,1
0.36148157715797424,1
0.43821167945861816,1
0.35719549655914307,1
0.42236942052841187,1
0.2902691066265106,1
0.31474769115448,1
0.30808380246162415,1
0.38055211305618286,1
0.36175480484962463,1
0.3649201989173889,1
0.4113146662712097,1
0.4507904052734375,1
0.519935667514801,1
0.37586018443107605,1
0.44474053382873535,1
0.42636004090309143,1
0.3295263946056366,1
0.34143587946891785,1
0.4814490079879761,1
0.25188690423965454,1
0.2980731129646301,1
0.419096440076828,1
0.43778741359710693,1
0.39793476462364197,1
0.4767167568206787,1
0.3288649618625641,1
0.3792894780635834,1
0.26283758878707886,1
0.45254069566726685,1
0.39058178663253784,1
0.3364962637424469,1
0.34076762199401855,1
0.3792286515235901,1
0.3425821363925934,1
0.38734349608421326,1
0.40450870990753174,1
0.319669634103775,1
0.3624911904335022,1
0.34994664788246155,1
0.3464212715625763,1
0.47287076711654663,1
0.47501543164253235,1
0.33421456813812256,1
0.37277257442474365,1
0.4152052104473114,1
0.3846166729927063,1
0.44432753324508667,1
0.3031530976295471,1
0.39396315813064575,1
0.3120649755001068,1
0.5272716879844666,1
0.4459952414035797,1
0.3764493465423584,1
0.32528313994407654,1
0.5066419839859009,1
0.3638445734977722,1
0.38085511326789856,1
0.3252978026866913,1
0.40655502676963806,1
0.41137370467185974,1
0.34306588768959045,1
0.3604130744934082,1
0.45201221108436584,1
0.42912840843200684,1
0.3855343163013458,1
0.39820969104766846,1
0.4335811138153076,1
0.38948702812194824,1
0.411343514919281,1
0.38953927159309387,1
0.31911060214042664,1
0.3302401602268219,1
0.3985580801963806,1
0.35006460547447205,1
0.5001108646392822,1
0.35620570182800293,1
0.2698543667793274,1
0.4034751355648041,1
0.31484654545783997,1
0.34396231174468994,1
0.47714126110076904,1
0.2832721471786499,1
0.39827683568000793,1
0.4930456280708313,1
0.34346452355384827,1
0.4105975031852722,1
0.33012181520462036,1
0.3481420874595642,1
0.47690728306770325,1
0.39883992075920105,1
0.29645484685897827,1
0.4089880585670471,1
0.2989766597747803,1
0.44243794679641724,1
0.2861393392086029,1
0.3017405867576599,1
0.28039613366127014,1
0.4408009350299835,1
0.3072745203971863,1
0.4087810218334198,1
0.4064653515815735,1
0.3187255263328552,1
0.31689634919166565,1
0.21921727061271667,1
0.40771007537841797,1
0.3054419159889221,1
0.34881696105003357,1
0.48654916882514954,1
0.333784818649292,1
0.37797755002975464,1
0.5812402367591858,1
0.31414735317230225,1
0.2949085235595703,1
0.3004472255706787,1
0.3868348002433777,1
0.43880894780158997,1
0.3858599066734314,1
0.2873680591583252,1
0.4141305387020111,1
0.3688966929912567,1
0.433132529258728,1
0.43544769287109375,1
0.3002944588661194,1
0.29052960872650146,1
0.28552597761154175,1
0.4056031107902527,1
0.3307708203792572,1
0.3108701705932617,1
0.42769622802734375,1
0.35469505190849304,1
0.34118393063545227,1
0.4236627221107483,1
0.37493085861206055,1
0.4177877604961395,1
0.3476921021938324,1
0.4175950586795807,1
0.3956804573535919,1
0.5565810799598694,1
0.35068559646606445,1
0.44993525743484497,1
0.37840020656585693,1
0.4712070822715759,1
0.37722089886665344,1
0.31228020787239075,1
0.3499893546104431,1
0.4273701310157776,1
0.4220162034034729,1
0.3004932403564453,1
0.35620102286338806,1
0.4029310345649719,1
0.3641871213912964,1
0.34099218249320984,1
0.3472558856010437,1
0.31114661693573,1
0.32480669021606445,1
0.3427667021751404,1
0.40619954466819763,1
0.28214243054389954,1
0.30747032165527344,1
0.33358097076416016,1
0.3487911820411682,1
0.32593750953674316,1
0.35574638843536377,1
0.38027307391166687,1
0.4888179898262024,1
0.4453492760658264,1
0.35377514362335205,1
0.28937244415283203,1
0.29960882663726807,1
0.5397573709487915,1
0.36935001611709595,1
0.32295119762420654,1
0.46702343225479126,1
0.28968560695648193,1
0.378264844417572,1
0.3904899060726166,1
0.3509576916694641,1
0.40396466851234436,1
0.5456302165985107,1
0.334145188331604,1
0.3743458390235901,1
0.31779563426971436,1
0.3316854238510132,1
0.4668351411819458,1
0.46866440773010254,1
0.35231345891952515,1
0.41292834281921387,1
0.5383518934249878,1
0.37095117568969727,1
0.40222424268722534,1
0.38596311211586,1
0.4360015392303467,1
0.26355940103530884,1
0.3679647743701935,1
0.6119168996810913,1
0.3885188698768616,1
0.44504469633102417,1
0.40785348415374756,1
0.2552618980407715,1
0.39741379022598267,1
0.3490924537181854,1
0.4098208546638489,1
0.4317072629928589,1
0.4638078808784485,1
0.37215691804885864,1
0.23639066517353058,1
0.266862690448761,1
0.44154810905456543,1
0.37366488575935364,1
0.4307892620563507,1
0.3208502531051636,1
0.30635422468185425,1
0.31553101539611816,1
0.3619856834411621,1
0.3538435697555542,1
0.3265683054924011,1
0.3459002375602722,1
0.38283929228782654,1
0.41517093777656555,1
0.4144388437271118,1
0.37094151973724365,1
0.39485040307044983,1
0.3665127158164978,1
0.41744595766067505,1
0.31338638067245483,1
0.3262872099876404,1
0.44108113646507263,1
0.31507033109664917,1
0.3641933798789978,1
0.30595698952674866,1
0.3182307183742523,1
0.42513537406921387,1
0.3335295021533966,1
0.2993662655353546,1
0.3705497980117798,1
0.42344602942466736,1
0.49469906091690063,1
0.45163148641586304,1
0.4000745415687561,1
0.43265995383262634,1
0.39955633878707886,1
0.4274037182331085,1
0.28087377548217773,1
0.37710243463516235,1
0.4885038733482361,1
0.44718533754348755,1
0.31549781560897827,1
0.36523711681365967,1
0.4154713749885559,1
0.4611209034919739,1
0.2710953950881958,1
0.38198935985565186,1
0.3154151439666748,1
0.37060749530792236,1
0.37496447563171387,1
0.43965449929237366,1
0.3655599355697632,1
0.5816978216171265,1
0.36355000734329224,1
0.3117068111896515,1
0.41656652092933655,1
0.42888253927230835,1
0.3414851427078247,1
0.30997616052627563,1
0.3526928424835205,1
0.6216733455657959,1
0.3240090012550354,1
0.31871283054351807,1
0.4105323255062103,1
0.3385125994682312,1
0.4762730896472931,1
0.31397807598114014,1
0.4288291037082672,1
0.3021126389503479,1
0.4674699604511261,1
0.35591328144073486,1
0.3182848393917084,1
0.3630594313144684,1
0.3334689140319824,1
0.4305179715156555,1
0.32472389936447144,1
0.54777991771698,1
0.3674227297306061,1
0.3698751926422119,1
0.39420750737190247,1
0.271132230758667,1
0.3950386941432953,1
0.362653911113739,1
0.31959623098373413,1
0.4189029037952423,1
0.4559790790081024,1
0.43576663732528687,1
0.3384696841239929,1
0.34934142231941223,1
0.37784236669540405,1
0.3572539985179901,1
0.4195172190666199,1
0.2827538251876831,1
0.29217851161956787,1
0.3240719437599182,1
0.4000372290611267,1
0.4246070384979248,1
0.3546181321144104,1
0.3127329647541046,1
0.3528400659561157,1
0.4322279691696167,1
0.39045485854148865,1
0.39169976115226746,1
0.3961942791938782,1
0.4337817430496216,1
0.47692444920539856,1
0.38344764709472656,1
0.39056074619293213,1
0.43756791949272156,1
0.36653977632522583,1
0.4899762272834778,1
0.37632596492767334,1
0.2365092635154724,1
0.4208146333694458,1
0.2544521391391754,1
0.562500536441803,1
0.36441686749458313,1
0.24570241570472717,1
0.36197414994239807,1
0.4911622703075409,1
0.4158937931060791,1
0.31264516711235046,1
0.3592565357685089,1
0.3505965769290924,1
0.4492660462856293,1
0.3172726333141327,1
0.38535910844802856,1
0.37133651971817017,1
0.41088706254959106,1
0.4515121281147003,1
0.3681928515434265,1
0.3543875813484192,1
0.4145755171775818,1
0.3927333354949951,1
0.3919471800327301,1
0.4307600259780884,1
0.4446961283683777,1
0.4021815359592438,1
0.4795064330101013,1
0.4290206730365753,1
0.3608054518699646,1
0.34143492579460144,1
0.29669687151908875,1
0.3723113238811493,1
0.4311186969280243,1
0.3604726791381836,1
0.43158555030822754,1
0.3318140506744385,1
0.3774048089981079,1
0.387546181678772,1
0.5505532026290894,1
0.3190714418888092,1
0.3208047151565552,1
0.33299553394317627,1
0.3453763425350189,1
0.3704632520675659,1
0.3818638324737549,1
0.5085547566413879,1
0.3656544089317322,1
0.4539840817451477,1
0.4759923219680786,1
0.39554107189178467,1
0.36156192421913147,1
0.5982063412666321,1
0.3138138949871063,1
0.3379206657409668,1
0.3498174250125885,1
0.5240985155105591,1
0.2782059907913208,1
0.34361398220062256,1
0.39364930987358093,1
0.34242865443229675,1
0.31525394320487976,1
0.428378701210022,1
0.356988787651062,1
0.4780617654323578,1
0.46495795249938965,1
0.3241187334060669,1
0.38063299655914307,1
0.3333372473716736,1
0.40959683060646057,1
0.30592215061187744,1
0.3155323266983032,1
0.5006551146507263,1
0.3176003098487854,1
0.4624490737915039,1
0.3980005383491516,1
0.36840659379959106,1
0.35945606231689453,1
0.4552000164985657,1
0.33993223309516907,1
0.26654958724975586,1
0.4214177429676056,1
0.4155980348587036,1
0.33649635314941406,1
0.36429524421691895,1
0.36230504512786865,1
0.3305770456790924,1
0.39260539412498474,1
0.3829956650733948,1
0.32466405630111694,1
0.5135865211486816,1
0.35274189710617065,1
0.41565632820129395,1
0.40097132325172424,1
0.32016924023628235,1
0.3925120234489441,1
0.42256098985671997,1
0.42083194851875305,1
0.2927462160587311,1
0.384817510843277,1
0.33859333395957947,1
0.4323185086250305,1
0.39052262902259827,1
0.37534165382385254,1
0.5636194348335266,1
0.4258158206939697,1
0.3575659990310669,1
0.340254545211792,1
0.29080426692962646,1
0.33697161078453064,1
0.37860846519470215,1
0.35247376561164856,1
0.3668016493320465,1
0.46770328283309937,1
0.4239795207977295,1
0.40184804797172546,1
0.4488692283630371,1
0.3650049865245819,1
0.3157942593097687,1
0.37957775592803955,1
0.36519378423690796,1
0.5325110554695129,1
0.3712788224220276,1
0.32894259691238403,1
0.43595901131629944,1
0.38655945658683777,1
0.4020310342311859,1
0.4511107802391052,1
0.32617858052253723,1
0.36310720443725586,1
0.27801987528800964,1
0.39297914505004883,1
0.3625175952911377,1
0.42508143186569214,1
0.39174705743789673,1
0.31252071261405945,1
0.4369749426841736,1
0.4088839888572693,1
0.39568349719047546,1
0.2936062216758728,1
0.3237527906894684,1
0.4408593773841858,1
0.3948349058628082,1
0.3441639840602875,1
0.5372432470321655,1
0.3864680230617523,1
0.4878210425376892,1
0.4360664486885071,1
0.45969152450561523,1
0.40457814931869507,1
0.29850682616233826,1
0.4497290849685669,1
0.4689962863922119,1
0.42281660437583923,1
0.4441675841808319,1
0.4051489531993866,1
0.33047887682914734,1
0.3793192505836487,1
0.3810645341873169,1
0.35870257019996643,1
0.4391154646873474,1
0.4343796968460083,1
0.28156888484954834,1
0.339255154132843,1
0.4305194318294525,1
0.3354683220386505,1
0.27603957056999207,1
0.40081191062927246,1
0.29736435413360596,1
0.5105167627334595,1
0.41321924328804016,1
0.33605003356933594,1
0.555871844291687,1
0.3553156554698944,1
0.45923638343811035,1
0.4357220232486725,1
0.47391414642333984,1
0.4281196892261505,1
0.42379721999168396,1
0.3456586003303528,1
0.41309499740600586,1
0.3732127547264099,1
0.3936383128166199,1
0.36132171750068665,1
0.36140960454940796,1
0.47072938084602356,1
0.32541245222091675,1
0.41400212049484253,1
0.4072206914424896,1
0.40992122888565063,1
0.3974664807319641,1
0.3298506438732147,1
0.4678198993206024,1
0.4726278781890869,1
0.33382076025009155,1
0.283255398273468,1
0.3674725890159607,1
0.3531716763973236,1
0.5092719793319702,1
0.281157910823822,1
0.3637210726737976,1
0.40188413858413696,1
0.29443657398223877,1
0.3689536452293396,1
0.32012802362442017,1
0.3547794222831726,1
0.4728320240974426,1
0.3282029330730438,1
0.4091799557209015,1
0.3689989745616913,1
0.4225229024887085,1
0.4040876626968384,1
0.4177378714084625,1
0.3754560053348541,1
0.41144177317619324,1
0.32558757066726685,1
0.3767520785331726,1
0.4521370530128479,1
0.2941528260707855,1
0.2834565341472626,1
0.3377407193183899,1
0.3071304261684418,1
0.4557090103626251,1
0.4529492259025574,1
0.33650726079940796,1
0.46450334787368774,1
0.3908647298812866,1
0.3459886610507965,1
0.3648597300052643,1
0.5943390727043152,1
0.39663034677505493,1
0.35767215490341187,1
0.3900447487831116,1
0.40779879689216614,1
0.4018740653991699,1
0.4140660762786865,1
0.4375959634780884,1
0.37390369176864624,1
0.3074558973312378,1
0.2644032835960388,1
0.4845537543296814,1
0.43716326355934143,1
0.2907792925834656,1
0.47447121143341064,1
0.4513944089412689,1
0.3799359202384949,1
0.3865966796875,1
0.2885447144508362,1
0.41418540477752686,1
0.41566598415374756,1
0.34020912647247314,1
0.26735740900039673,1
0.3932899534702301,1
0.33435797691345215,1
0.3630083501338959,1
0.2977483868598938,1
0.44372326135635376,1
0.2661522924900055,1
0.4091125428676605,1
0.33954522013664246,1
0.2726706862449646,1
0.4395097494125366,1
0.333126962184906,1
0.43034741282463074,1
0.3224559426307678,1
0.2916945815086365,1
0.3657672703266144,1
0.45825695991516113,1
0.395197331905365,1
0.44293028116226196,1
0.38310736417770386,1
0.25829416513442993,1
0.32723745703697205,1
0.4509109854698181,1
0.28999415040016174,1
0.3608067035675049,1
0.3915138244628906,1
0.3133786916732788,1
0.40832018852233887,1
0.4126325845718384,1
0.33633923530578613,1
0.37952643632888794,1
0.3353087306022644,1
0.34917011857032776,1
0.32499074935913086,1
0.42737558484077454,1
0.4874490797519684,1
0.5327401161193848,1
0.3480186462402344,1
0.3380195200443268,1
0.4553118348121643,1
0.47453850507736206,1
0.37316441535949707,1
0.40655645728111267,1
0.3267825245857239,1
0.2651825547218323,1
0.40599048137664795,1
0.29971596598625183,1
0.40539008378982544,1
0.43530988693237305,1
0.36361539363861084,1
0.3063925504684448,1
0.4731890857219696,1
0.4374573528766632,1
0.47573378682136536,1
0.38724154233932495,1
0.47358810901641846,1
0.3390499949455261,1
0.4999818801879883,1
0.28622281551361084,1
0.32984811067581177,1
0.4067009687423706,1
0.3037465214729309,1
0.3249770998954773,1
0.4294307231903076,1
0.38200899958610535,1
0.26582756638526917,1
0.3492867350578308,1
0.37976449728012085,1
0.415302038192749,1
0.4307989180088043,1
0.41261017322540283,1
0.419304758310318,1
0.33815282583236694,1
0.41493815183639526,1
0.3371451497077942,1
0.3825247585773468,1
0.36392760276794434,1
0.3002641499042511,1
0.35407304763793945,1
0.4029901623725891,1
0.44762057065963745,1
0.38566967844963074,1
0.3239877223968506,1
0.36704862117767334,1
0.3199387788772583,1
0.3795735239982605,1
0.339981347322464,1
0.3431563973426819,1
0.3225793242454529,1
0.3073892891407013,1
0.27597489953041077,1
0.2949749827384949,1
0.48028066754341125,1
0.31225600838661194,1
0.3286624848842621,1
0.4247489869594574,1
0.30712050199508667,1
0.28177592158317566,1
0.3109305202960968,1
0.48085498809814453,1
0.36174869537353516,1
0.4715808033943176,1
0.3814886510372162,1
0.2693338096141815,1
0.30796897411346436,1
0.3361703157424927,1
0.33548641204833984,1
0.2770639955997467,1
0.2753979563713074,1
0.3458207845687866,1
0.44925493001937866,1
0.39889806509017944,1
0.4309195280075073,1
0.3653625547885895,1
0.5338722467422485,1
0.480493426322937,1
0.397599458694458,1
0.43435755372047424,1
0.38407742977142334,1
0.3397560119628906,1
0.4488055109977722,1
0.37743079662323,1
0.3215409815311432,1
0.26237452030181885,1
0.2746623754501343,1
0.3368709087371826,1
0.46448183059692383,1
0.37836891412734985,1
0.4435923993587494,1
0.41193318367004395,1
0.4192618727684021,1
0.4182239770889282,1
0.33879193663597107,1
0.5482292771339417,1
0.32097184658050537,1
0.37289148569107056,1
0.36298060417175293,1
0.4450896978378296,1
0.42851120233535767,1
0.4663725793361664,1
0.32593876123428345,1
0.4400831460952759,1
0.46156007051467896,1
0.37700721621513367,1
0.28998327255249023,1
0.3260878920555115,1
0.2981792986392975,1
0.4722563624382019,1
0.31833335757255554,1
0.34917521476745605,1
0.31671732664108276,1
0.502385675907135,1
0.396144837141037,1
0.2859247624874115,1
0.4845457077026367,1
0.41679030656814575,1
0.4544820189476013,1
0.35465240478515625,1
0.31943726539611816,1
0.3619934916496277,1
0.41275733709335327,1
0.36648809909820557,1
0.4460216760635376,1
0.489972323179245,1
0.2748356759548187,1
0.3220837116241455,1
0.4364575445652008,1
0.2567487061023712,1
0.3488161563873291,1
0.4663240313529968,1
0.4525260329246521,1
0.34408295154571533,1
0.40402424335479736,1
0.43007636070251465,1
0.4797614812850952,1
0.3718019723892212,1
0.3421635031700134,1
0.2604861855506897,1
0.330891877412796,1
0.3053518533706665,1
0.34349602460861206,1
0.2840173542499542,1
0.30834949016571045,1
0.3689018487930298,1
0.41834506392478943,1
0.4245460033416748,1
0.4296913743019104,1
0.45574551820755005,1
0.3481994867324829,1
0.3074999749660492,1
0.3930753469467163,1
0.45813223719596863,1
0.3078971207141876,1
0.4117569923400879,1
0.2942545711994171,1
0.3735381066799164,1
0.3137790262699127,1
0.3235340416431427,1
0.294310063123703,1
0.3536441922187805,1
0.37319377064704895,1
0.44741472601890564,1
0.3033493161201477,1
0.3966860771179199,1
0.43786969780921936,1
0.3904832601547241,1
0.39511173963546753,1
0.2962217330932617,1
0.30260804295539856,1
0.30187052488327026,1
0.3621062636375427,1
0.3865559697151184,1
0.5603532195091248,1
0.3568435311317444,1
0.3809039294719696,1
0.3661757707595825,1
0.4466899335384369,1
0.42802050709724426,1
0.34392642974853516,1
0.48683425784111023,1
0.4020118713378906,1
0.29445770382881165,1
0.4601457118988037,1
0.3422876000404358,1
0.5132052898406982,1
0.3308705985546112,1
0.4781421422958374,1
0.4790342450141907,1
0.3669527471065521,1
0.3412931561470032,1
0.2869054079055786,1
0.31431105732917786,1
0.5250964164733887,1
0.34207671880722046,1
0.4001498818397522,1
0.486373633146286,1
0.37270575761795044,1
0.40598204731941223,1
0.37176498770713806,1
0.3829236924648285,1
0.45965641736984253,1
0.38371703028678894,1
0.292501300573349,1
0.45379725098609924,1
0.4601916968822479,1
0.32519006729125977,1
0.3538159132003784,1
0.3263779282569885,1
0.37414631247520447,1
0.4477396607398987,1
0.5196513533592224,1
0.4563395380973816,1
0.3458606004714966,1
0.3865460753440857,1
0.3388459384441376,1
0.3927760124206543,1
0.5182011127471924,1
0.36648544669151306,1
0.42349773645401,1
0.38650673627853394,1
0.2791946232318878,1
0.44834768772125244,1
0.31416672468185425,1
0.372370183467865,1
0.39950859546661377,1
0.3572116494178772,1
0.3672192692756653,1
0.5857614278793335,1
0.3769148588180542,1
0.3922995924949646,1
0.3784579634666443,1
0.5496339797973633,1
0.5220867395401001,1
0.31619521975517273,1
0.35539498925209045,1
0.3667818307876587,1
0.32575523853302,1
0.30871322751045227,1
0.4115159511566162,1
0.34269610047340393,1
0.2974817156791687,1
0.4898875951766968,1
0.3961411118507385,1
0.37987059354782104,1
0.3460577726364136,1
0.29733502864837646,1
0.45335572957992554,1
0.3707007169723511,1
0.4690698981285095,1
0.2804426848888397,1
0.39140644669532776,1
0.3587142825126648,1
0.39184126257896423,1
0.45257556438446045,1
0.3635188937187195,1
0.40975236892700195,1
0.5480930805206299,1
0.4375350773334503,1
0.39987900853157043,1
0.4002057611942291,1
0.4298599660396576,1
0.3955574929714203,1
0.41692984104156494,1
0.33685338497161865,1
0.42301836609840393,1
0.32996100187301636,1
0.44311410188674927,1
0.318326473236084,1
0.4083592891693115,1
0.45537957549095154,1
0.33799105882644653,1
0.40477651357650757,1
0.34162747859954834,1
0.4586350619792938,1
0.3953808546066284,1
0.38698291778564453,1
0.4086010754108429,1
0.35625573992729187,1
0.29849764704704285,1
0.31851470470428467,1
0.434045672416687,1
0.48407411575317383,1
0.38951563835144043,1
0.36824479699134827,1
0.3103868365287781,1
0.3819392919540405,1
0.3884725868701935,1
0.3633134663105011,1
0.3707607686519623,1
0.507884681224823,1
0.2777392864227295,1
0.4165063500404358,1
0.4084818363189697,1
0.36505165696144104,1
0.5362728238105774,1
0.42308753728866577,1
0.39180803298950195,1
0.3657316565513611,1
0.4206520915031433,1
0.4274939298629761,1
0.4418068528175354,1
0.34514933824539185,1
0.3112872242927551,1
0.49637579917907715,1
0.29456356167793274,1
0.3691394329071045,1
0.3368520438671112,1
0.3393433094024658,1
0.3962935209274292,1
0.46759384870529175,1
0.2718879282474518,1
0.45918044447898865,1
0.3057800531387329,1
0.4737306833267212,1
0.3218592405319214,1
0.32313358783721924,1
0.44147688150405884,1
0.4410263001918793,1
0.41487228870391846,1
0.37236255407333374,1
0.3478662073612213,1
0.3533768057823181,1
0.39639177918434143,1
0.3706655204296112,1
0.34815889596939087,1
0.4853920638561249,1
0.46470075845718384,1
0.37040579319000244,1
0.35179591178894043,1
0.44131627678871155,1
0.32479146122932434,1
0.3499891459941864,1
0.2937500774860382,1
0.3003079891204834,1
0.42488062381744385,1
0.3984013497829437,1
0.40261366963386536,1
0.3586660325527191,1
0.47803574800491333,1
0.3979150652885437,1
0.3561131954193115,1
0.31596341729164124,1
0.31695958971977234,1
0.2505910098552704,1
0.29438453912734985,1
0.38718265295028687,1
0.3987683653831482,1
0.3726602792739868,1
0.46669667959213257,1
0.3484519124031067,1
0.3824547529220581,1
0.3678896129131317,1
0.42352211475372314,1
0.3024396598339081,1
0.2812782824039459,1
0.4573906660079956,1
0.35266125202178955,1
0.4924700856208801,1
0.6263907551765442,1
0.3710521161556244,1
0.37949442863464355,1
0.43689316511154175,1
0.3978734612464905,1
0.3141770362854004,1
0.3382824957370758,1
0.3367004990577698,1
0.41855359077453613,1
0.36199402809143066,1
0.34153372049331665,1
0.4523305594921112,1
0.4205751121044159,1
0.4193987548351288,1
0.4656524062156677,1
0.41259604692459106,1
0.5378572344779968,1
0.2930508852005005,1
0.39241907000541687,1
0.4119702875614166,1
0.43290388584136963,1
0.27104833722114563,1
0.4722459316253662,1
0.41909414529800415,1
0.3541377782821655,1
0.43883219361305237,1
0.3452933132648468,1
0.41268545389175415,1
0.37832212448120117,1
0.46662983298301697,1
0.36387109756469727,1
0.3830845057964325,1
0.41788405179977417,1
0.3234538733959198,1
0.2715141773223877,1
0.390707790851593,1
0.3943166136741638,1
0.3297778367996216,1
0.42996978759765625,1
0.34220069646835327,1
0.3133174180984497,1
0.4077354669570923,1
0.3521686792373657,1
0.4222455322742462,1
0.3430788218975067,1
0.4102957248687744,1
0.38111501932144165,1
0.3990790843963623,1
0.35594508051872253,1
0.38880378007888794,1
0.3262615203857422,1
0.38984614610671997,1
0.35312700271606445,1
0.24105015397071838,1
0.42535775899887085,1
0.3292551040649414,1
0.31823229789733887,1
0.4468255937099457,1
0.32522085309028625,1
0.3416454792022705,1
0.41005778312683105,1
0.36655041575431824,1
0.3279045820236206,1
0.24841752648353577,1
0.32634472846984863,1
0.45035791397094727,1
0.3697119355201721,1
0.38741618394851685,1
0.3516507148742676,1
0.3554558753967285,1
0.310982882976532,1
0.2616525888442993,1
0.3752792775630951,1
0.5002304315567017,1
0.37302297353744507,1
0.448032945394516,1
0.36839109659194946,1
0.29997456073760986,1
0.38767924904823303,1
0.3345189392566681,1
0.38084539771080017,1
0.5092827677726746,1
0.3603217899799347,1
0.3729727566242218,1
0.3742921054363251,1
0.46400851011276245,1
0.3601853847503662,1
0.3773677945137024,1
0.4074195623397827,1
0.45615118741989136,1
0.33093446493148804,1
0.5190314054489136,1
0.3341190814971924,1
0.3867790102958679,1
0.33938848972320557,1
0.3292217552661896,1
0.4280763864517212,1
0.3813088536262512,1
0.44130176305770874,1
0.3958103060722351,1
0.36469167470932007,1
0.37025439739227295,1
0.36522865295410156,1
0.32979530096054077,1
0.4077364206314087,1
0.39176079630851746,1
0.41580453515052795,1
0.31577301025390625,1
0.36175501346588135,1
0.4398929178714752,1
0.3627703785896301,1
0.4312669038772583,1
0.4421491026878357,1
0.5315964221954346,1
0.34834611415863037,1
0.44747525453567505,1
0.36911511421203613,1
0.41475531458854675,1
0.41596323251724243,1
0.37218138575553894,1
0.36732590198516846,1
0.3149777948856354,1
0.4183369576931,1
0.40887904167175293,1
0.4715162515640259,1
0.4984092712402344,1
0.3097922205924988,1
0.43258750438690186,1
0.3654038906097412,1
0.36396482586860657,1
0.26529645919799805,1
0.3670032024383545,1
0.40459561347961426,1
0.44899728894233704,1
0.4312858581542969,1
0.3084261417388916,1
0.4478720426559448,1
0.30483388900756836,1
0.37191635370254517,1
0.4822506904602051,1
0.3794468641281128,1
0.40070199966430664,1
0.41955360770225525,1
0.3601137697696686,1
0.3111021816730499,1
0.3714970350265503,1
0.2835701107978821,1
0.3319511115550995,1
0.4351661801338196,1
0.3558562397956848,1
0.35777154564857483,1
0.3693041503429413,1
0.1997493952512741,1
0.3147839903831482,1
0.3074639141559601,1
0.37031111121177673,1
0.3630632758140564,1
0.38262513279914856,1
0.44757747650146484,1
0.42122724652290344,1
0.2997931241989136,1
0.44311150908470154,1
0.32763397693634033,1
0.39980268478393555,1
0.3996010422706604,1
0.3752526044845581,1
0.5128152966499329,1
0.30778270959854126,1
0.33661916851997375,1
0.34170758724212646,1
0.4213334918022156,1
0.40647614002227783,1
0.40638506412506104,1
0.31235235929489136,1
0.31749677658081055,1
0.45698484778404236,1
0.3922191262245178,1
0.35971158742904663,1
0.3671172261238098,1
0.3351938724517822,1
0.437186598777771,1
0.38285326957702637,1
0.4811255931854248,1
0.3125284016132355,1
0.42859071493148804,1
0.36516237258911133,1
0.3411250114440918,1
0.35323408246040344,1
0.29050034284591675,1
0.3534100651741028,1
0.3229846954345703,1
0.37923529744148254,1
0.3168027400970459,1
0.3893224596977234,1
0.44172045588493347,1
0.2732979357242584,1
0.3049802780151367,1
0.4145084023475647,1
0.2703854441642761,1
0.5306499004364014,1
0.323128342628479,1
0.4304453432559967,1
0.2929851710796356,1
0.3658156991004944,1
0.4007902145385742,1
0.31122201681137085,1
0.418531209230423,1
0.2976527214050293,1
0.24425463378429413,1
0.436096727848053,1
0.40833780169487,1
0.43332046270370483,1
0.2951127290725708,1
0.32237696647644043,1
0.46666014194488525,1
0.4491886496543884,1
0.4155650734901428,1
0.44497358798980713,1
0.480281800031662,1
0.4348377585411072,1
0.3286607265472412,1
0.3744300603866577,1
0.43605026602745056,1
0.37436550855636597,1
0.44057977199554443,1
0.2913386821746826,1
0.4519079625606537,1
0.3671676516532898,1
0.35102567076683044,1
0.38829272985458374,1
0.45757973194122314,1
0.3366702198982239,1
0.24545100331306458,1
0.38184595108032227,1
0.3441508710384369,1
0.4081280827522278,1
0.5093752145767212,1
0.3618716597557068,1
0.36723071336746216,1
0.3400631546974182,1
0.3078579604625702,1
0.5283096432685852,1
0.46108686923980713,1
0.3442484140396118,1
0.4632570445537567,1
0.45524081587791443,1
0.3372752070426941,1
0.34010082483291626,1
0.306205689907074,1
0.3668574094772339,1
0.42879700660705566,1
0.44914087653160095,1
0.4423084259033203,1
0.3864247500896454,1
0.49025070667266846,1
0.3804914057254791,1
0.37040552496910095,1
0.39546293020248413,1
0.43395566940307617,1
0.3783799409866333,1
0.31932881474494934,1
0.4392133355140686,1
0.3456496596336365,1
0.35859814286231995,1
0.23631766438484192,1
0.42362308502197266,1
0.28145116567611694,1
0.32345277070999146,1
0.2932349443435669,1
0.4225257337093353,1
0.3237510025501251,1
0.5369594693183899,1
0.3135227560997009,1
0.37894511222839355,1
0.305899441242218,1
0.3734782040119171,1
0.5444477200508118,1
0.38698410987854004,1
0.5301007628440857,1
0.41216006875038147,1
0.32672590017318726,1
0.45962315797805786,1
0.3909761309623718,1
0.3959304690361023,1
0.49025771021842957,1
0.34502387046813965,1
0.3871397376060486,1
0.2993770241737366,1
0.3935084640979767,1
0.37666964530944824,1
0.4300212264060974,1
0.28092077374458313,1
0.3354213535785675,1
0.3782106637954712,1
0.37397539615631104,1
0.25955796241760254,1
0.37534791231155396,1
0.4463951289653778,1
0.3573981523513794,1
0.49855297803878784,1
0.36451953649520874,1
0.27234721183776855,1
0.3504156768321991,1
0.4376060962677002,1
0.3282257616519928,1
0.4158880114555359,1
0.27574294805526733,1
0.3785131275653839,1
0.4179150462150574,1
0.32754331827163696,1
0.3870668411254883,1
0.44156917929649353,1
0.3736083507537842,1
0.36739134788513184,1
0.44238096475601196,1
0.4184509217739105,1
0.36586153507232666,1
0.36722543835639954,1
0.5032203793525696,1
0.3452828526496887,1
0.4233305752277374,1
0.2763270437717438,1
0.31297412514686584,1
0.39401721954345703,1
0.3882645070552826,1
0.4422897398471832,1
0.40814635157585144,1
0.3542811870574951,1
0.37083303928375244,1
0.3952621519565582,1
0.3490172326564789,1
0.3586689531803131,1
0.3040864169597626,1
0.2887458801269531,1
0.4237857162952423,1
0.46447351574897766,1
0.46525001525878906,1
0.42375749349594116,1
0.3573092818260193,1
0.3957083225250244,1
0.4607583284378052,1
0.2540879547595978,1
0.3984289765357971,1
0.45818865299224854,1
0.3768996000289917,1
0.31564295291900635,1
0.36154407262802124,1
0.4180408716201782,1
0.35227149724960327,1
0.34897536039352417,1
0.42900845408439636,1
0.3796101212501526,1
0.4562148451805115,1
0.35124266147613525,1
0.5254133939743042,1
0.4076403081417084,1
0.4095649719238281,1
0.294048011302948,1
0.3395209312438965,1
0.31329211592674255,1
0.3511812388896942,1
0.30691513419151306,1
0.3448096513748169,1
0.37886062264442444,1
0.3199741244316101,1
0.4292954206466675,1
0.2901591360569,1
0.3190762996673584,1
0.47972291707992554,1
0.42586326599121094,1
0.317609965801239,1
0.34475642442703247,1
0.5315042734146118,1
0.45444682240486145,1
0.4028041660785675,1
0.47796452045440674,1
0.4887591600418091,1
0.2684633433818817,1
0.4006294012069702,1
0.36207595467567444,1
0.3214380741119385,1
0.3389508128166199,1
0.32977116107940674,1
0.32050538063049316,1
0.49851951003074646,1
0.5066176652908325,1
0.2705097496509552,1
0.5926826596260071,1
0.3669276833534241,1
0.3742392659187317,1
0.26505979895591736,1
0.47927364706993103,1
0.3995245695114136,1
0.3416764736175537,1
0.38417917490005493,1
0.3725697100162506,1
0.31264322996139526,1
0.36885780096054077,1
0.4522191882133484,1
0.5624639987945557,1
0.43733301758766174,1
0.39831799268722534,1
0.5041275024414063,1
0.48262083530426025,1
0.32998988032341003,1
0.35809728503227234,1
0.35093629360198975,1
0.27432602643966675,1
0.3942781388759613,1
0.46733972430229187,1
0.4250578284263611,1
0.40658503770828247,1
0.35769033432006836,1
0.587653398513794,1
0.39677900075912476,1
0.40089812874794006,1
0.3664829730987549,1
0.3913520574569702,1
0.32867610454559326,1
0.42208611965179443,1
0.516374945640564,1
0.4239976406097412,1
0.47310560941696167,1
0.3090760111808777,1
0.3960222899913788,1
0.4253506064414978,1
0.332107275724411,1
0.45022454857826233,1
0.36857327818870544,1
0.39646756649017334,1
0.4671937823295593,1
0.5905154943466187,1
0.3499699831008911,1
0.4054570198059082,1
0.4912956953048706,1
0.4034058153629303,1
0.3784559965133667,1
0.33612263202667236,1
0.4144224524497986,1
0.39155861735343933,1
0.3766370713710785,1
0.36147603392601013,1
0.34362417459487915,1
0.35599976778030396,1
0.4341963529586792,1
0.48684847354888916,1
0.34068790078163147,1
0.41435056924819946,1
0.47615480422973633,1
0.42233869433403015,1
0.3919075131416321,1
0.44518736004829407,1
0.41321253776550293,1
0.4266437888145447,1
0.34276139736175537,1
0.369305282831192,1
0.33759790658950806,1
0.31596511602401733,1
0.26245513558387756,1
0.36850205063819885,1
0.431636780500412,1
0.39688369631767273,1
0.2822161316871643,1
0.30348533391952515,1
0.5073736310005188,1
0.3633159101009369,1
0.4064309000968933,1
0.40695586800575256,1
0.3634253144264221,1
0.33952584862709045,1
0.3872217535972595,1
0.35435760021209717,1
0.22216656804084778,1
0.32794344425201416,1
0.448749840259552,1
0.3022879362106323,1
0.5524814128875732,1
0.38587653636932373,1
0.34459739923477173,1
0.5036008954048157,1
0.286670982837677,1
0.3832308053970337,1
0.4742473363876343,1
0.34117281436920166,1
0.318536639213562,1
0.30353403091430664,1
0.3665452301502228,1
0.45998087525367737,1
0.36686819791793823,1
0.29006826877593994,1
0.37517666816711426,1
0.36537259817123413,1
0.3566698431968689,1
0.4092627763748169,1
0.39849504828453064,1
0.32806724309921265,1
0.2967481017112732,1
0.37271150946617126,1
0.4331498146057129,1
0.33536216616630554,1
0.2784970998764038,1
0.41728442907333374,1
0.4469554126262665,1
0.37371939420700073,1
0.45137715339660645,1
0.33911025524139404,1
0.40712130069732666,1
0.33086803555488586,1
0.4467216730117798,1
0.36277341842651367,1
0.44166529178619385,1
0.3922770321369171,1
0.383050799369812,1
0.4025714695453644,1
0.4083462357521057,1
0.38284948468208313,1
0.4350607991218567,1
0.45613759756088257,1
0.4042096436023712,1
0.4631791114807129,1
0.375000536441803,1
0.35279381275177,1
0.3307662606239319,1
0.3155803084373474,1
0.21059973537921906,1
0.39285808801651,1
0.30344119668006897,1
0.45435813069343567,1
0.48715803027153015,1
0.3380894064903259,1
0.378240704536438,1
0.39469748735427856,1
0.2535240054130554,1
0.3088449239730835,1
0.32899677753448486,1
0.4703121781349182,1
0.4089258313179016,1
0.5037117004394531,1
0.4439522624015808,1
0.3443397581577301,1
0.3672214150428772,1
0.47300243377685547,1
0.4946131408214569,1
0.3492906093597412,1
0.351985901594162,1
0.3789176344871521,1
0.3802526593208313,1
0.37621811032295227,1
0.3431034982204437,1
0.3183501660823822,1
0.4005541205406189,1
0.429739385843277,1
0.3004949390888214,1
0.5059643983840942,1
0.3774675130844116,1
0.41803088784217834,1
0.34381312131881714,1
0.33255141973495483,1
0.4341771900653839,1
0.4218168556690216,1
0.4686112701892853,1
0.39585524797439575,1
0.4535755515098572,1
0.37307408452033997,1
0.38515302538871765,1
0.23140664398670197,1
0.3534761965274811,1
0.5009409189224243,1
0.4339108467102051,1
0.2886435389518738,1
0.4341180622577667,1
0.3645533621311188,1
0.34737759828567505,1
0.35078370571136475,1
0.47540566325187683,1
0.4559853672981262,1
0.31886014342308044,1
0.5326523780822754,1
0.3211383521556854,1
0.3153573274612427,1
0.48973438143730164,1
0.3445875644683838,1
0.3401526212692261,1
0.43855077028274536,1
0.40219515562057495,1
0.35289353132247925,1
0.4041709303855896,1
0.46109482645988464,1
0.3415386974811554,1
0.37598562240600586,1
0.41441044211387634,1
0.420538991689682,1
0.4173383414745331,1
0.42648857831954956,1
0.5260587334632874,1
0.4237317442893982,1
0.42084795236587524,1
0.4131430983543396,1
0.33163896203041077,1
0.37969785928726196,1
0.3132404386997223,1
0.4630579948425293,1
0.361472487449646,1
0.37809646129608154,1
0.4076944589614868,1
0.4120103716850281,1
0.308104932308197,1
0.4389345049858093,1
0.38162416219711304,1
0.33270302414894104,1
0.3319846987724304,1
0.35998106002807617,1
0.40656745433807373,1
0.29696398973464966,1
0.3753594756126404,1
0.36087822914123535,1
0.40806716680526733,1
0.342600554227829,1
0.3588676154613495,1
0.43912971019744873,1
0.36350834369659424,1
0.3504500687122345,1
0.4378626048564911,1
0.3605780005455017,1
0.3828609585762024,1
0.38486939668655396,1
0.4068159759044647,1
0.350613534450531,1
0.3470412492752075,1
0.44572511315345764,1
0.35822048783302307,1
0.3326641321182251,1
0.23888659477233887,1
0.4073638319969177,1
0.29762595891952515,1
0.3658437430858612,1
0.34461817145347595,1
0.352717787027359,1
0.350372314453125,1
0.44149187207221985,1
0.4253564774990082,1
0.5454889535903931,1
0.3785259425640106,1
0.3277018666267395,1
0.4492928087711334,1
0.3288522958755493,1
0.36054009199142456,1
0.34016281366348267,1
0.4568248689174652,1
0.3865199089050293,1
0.41565313935279846,1
0.3434339761734009,1
0.4257144331932068,1
0.4074072539806366,1
0.41017425060272217,1
0.30903691053390503,1
0.4615548551082611,1
0.4998971223831177,1
0.3221428692340851,1
0.34050512313842773,1
0.37827610969543457,1
0.3410506248474121,1
0.400946706533432,1
0.4235760569572449,1
0.41789186000823975,1
0.2673019766807556,1
0.4518445134162903,1
0.3694460391998291,1
0.27331840991973877,1
0.5787315368652344,1
0.4226086139678955,1
0.46846526861190796,1
0.2946242392063141,1
0.31799808144569397,1
0.46479299664497375,1
0.35867658257484436,1
0.4646974802017212,1
0.28330427408218384,1
0.3846210241317749,1
0.42695295810699463,1
0.4752601981163025,1
0.4576702117919922,1
0.31257516145706177,1
0.34702056646347046,1
0.4340243637561798,1
0.36101070046424866,1
0.399800181388855,1
0.35070574283599854,1
0.3516523838043213,1
0.3417551815509796,1
0.38965344429016113,1
0.3488650619983673,1
0.3963435888290405,1
0.3498423099517822,1
0.3331243395805359,1
0.42675018310546875,1
0.32566341757774353,1
0.4009631276130676,1
0.37798434495925903,1
0.4054625630378723,1
0.47957825660705566,1
0.3413536548614502,1
0.3436727523803711,1
0.33639219403266907,1
0.40090763568878174,1
0.3790033459663391,1
0.33343929052352905,1
0.33068862557411194,1
0.3571006655693054,1
0.426768034696579,1
0.45203712582588196,1
0.39075350761413574,1
0.3922087252140045,1
0.3742266297340393,1
0.32402923703193665,1
0.392156183719635,1
0.4584672749042511,1
0.43169787526130676,1
0.4071536064147949,1
0.3451397716999054,1
0.4094528257846832,1
0.30154165625572205,1
0.34497758746147156,1
0.40827882289886475,1
0.4176247715950012,1
0.4131849408149719,1
0.37665024399757385,1
0.3696199953556061,1
0.3746054768562317,1
0.40617573261260986,1
0.37454426288604736,1
0.3146766126155853,1
0.3531810939311981,1
0.3070535659790039,1
0.35171279311180115,1
0.4696275293827057,1
0.36188000440597534,1
0.3506104350090027,1
0.2908610701560974,1
0.46419474482536316,1
0.371143639087677,1
0.4086792469024658,1
0.36151888966560364,1
0.42531895637512207,1
0.3667463958263397,1
0.3954968750476837,1
0.3367888331413269,1
0.4341885447502136,1
0.47373050451278687,1
0.4052581787109375,1
0.37388771772384644,1
0.40682101249694824,1
0.4899393320083618,1
0.3799349069595337,1
0.35824820399284363,1
0.3280922770500183,1
0.37729209661483765,1
0.33252638578414917,1
0.4769059121608734,1
0.42019012570381165,1
0.45774900913238525,1
0.3526947498321533,1
0.369695782661438,1
0.34809160232543945,1
0.40141943097114563,1
0.2874071002006531,1
0.35636550188064575,1
0.2382550686597824,1
0.25603368878364563,1
0.2861444354057312,1
0.3608248233795166,1
0.34945839643478394,1
0.34468382596969604,1
0.4336206614971161,1
0.3230178952217102,1
0.3915645182132721,1
0.3653342127799988,1
0.34439271688461304,1
0.3614528477191925,1
0.38558781147003174,1
0.3093479871749878,1
0.3636828064918518,1
0.3349233865737915,1
0.36452341079711914,1
0.3750724196434021,1
0.4082143008708954,1
0.3626769781112671,1
0.29070013761520386,1
0.33884912729263306,1
0.4057280123233795,1
0.474229633808136,1
0.3942074775695801,1
0.35722729563713074,1
0.5650243759155273,1
0.3613535165786743,1
0.33883801102638245,1
0.5398605465888977,1
0.32942646741867065,1
0.3419915735721588,1
0.3684314489364624,1
0.30506443977355957,1
0.3492916226387024,1
0.2815103232860565,1
0.3295716345310211,1
0.3337824046611786,1
0.38262102007865906,1
0.4054221510887146,1
0.38863733410835266,1
0.5644335746765137,1
0.4067213535308838,1
0.2881763279438019,1
0.3203355073928833,1
0.426168292760849,1
0.40569910407066345,1
0.3659978210926056,1
0.2463962733745575,1
0.2680695652961731,1
0.5100834369659424,1
0.4207714796066284,1
0.3856721818447113,1
0.3309468626976013,1
0.4339464604854584,1
0.33907318115234375,1
0.39092493057250977,1
0.35390400886535645,1
0.3147062659263611,1
0.43675562739372253,1
0.5032742619514465,1
0.4848501682281494,1
0.3686234652996063,1
0.3852013945579529,1
0.48105522990226746,1
0.47401314973831177,1
0.40659669041633606,1
0.36381834745407104,1
0.3721919655799866,1
0.4939088523387909,1
0.5372804403305054,1
0.3432542085647583,1
0.39444899559020996,1
0.5779733657836914,1
0.38002651929855347,1
0.37689706683158875,1
0.405279278755188,1
0.3442429304122925,1
0.37951797246932983,1
0.22276049852371216,1
0.351509153842926,1
0.4425031542778015,1
0.43494972586631775,1
0.36647745966911316,1
0.3122316598892212,1
0.4897836744785309,1
0.30309486389160156,1
0.44204601645469666,1
0.3027001619338989,1
0.4347563087940216,1
0.3179079592227936,1
0.36894530057907104,1
0.4252874255180359,1
0.43415123224258423,1
0.31764519214630127,1
0.34906139969825745,1
0.3636093735694885,1
0.2683277130126953,1
0.3047749400138855,1
0.40753835439682007,1
0.4750622510910034,1
0.45489877462387085,1
0.35167914628982544,1
0.37178176641464233,1
0.3886457085609436,1
0.3126058876514435,1
0.35401588678359985,1
0.3564399480819702,1
0.3301998972892761,1
0.4656694531440735,1
0.2768948972225189,1
0.3258836269378662,1
0.39358633756637573,1
0.3279067873954773,1
0.3446285128593445,1
0.35110795497894287,1
0.3125056028366089,1
0.4487595558166504,1
0.312640905380249,1
0.4557700753211975,1
0.3243519067764282,1
0.29757267236709595,1
0.4049201011657715,1
0.36813804507255554,1
0.46313905715942383,1
0.3939129114151001,1
0.3851171135902405,1
0.41896986961364746,1
0.3566177487373352,1
0.32174521684646606,1
0.45377206802368164,1
0.44938310980796814,1
0.3799755275249481,1
0.3239758014678955,1
0.3089672923088074,1
0.401699423789978,1
0.35663679242134094,1
0.3591913878917694,1
0.39606595039367676,1
0.4122082591056824,1
0.4163891673088074,1
0.3989327549934387,1
0.30709999799728394,1
0.30791839957237244,1
0.38226649165153503,1
0.2923944592475891,1
0.39110225439071655,1
0.2606442868709564,1
0.4747241139411926,1
0.4340128004550934,1
0.43909645080566406,1
0.5050351023674011,1
0.3358015716075897,1
0.3187665045261383,1
0.4157000780105591,1
0.3602920174598694,1
0.4226245880126953,1
0.42294180393218994,1
0.4601850211620331,1
0.40506041049957275,1
0.44701653718948364,1
0.4555627107620239,1
0.4148998260498047,1
0.36218971014022827,1
0.3920186161994934,1
0.281250923871994,1
0.3571823537349701,1
0.4787742495536804,1
0.3528948426246643,1
0.42289748787879944,1
0.3930703401565552,1
0.3408724069595337,1
0.31854358315467834,1
0.46043896675109863,1
0.3807986378669739,1
0.3583758473396301,1
0.38374295830726624,1
0.4448654055595398,1
0.3394039273262024,1
0.3731764853000641,1
0.27827170491218567,1
0.3977479338645935,1
0.36553192138671875,1
0.29488861560821533,1
0.28746938705444336,1
0.3199578523635864,1
0.43605196475982666,1
0.3401775360107422,1
0.3678152561187744,1
0.3931506276130676,1
0.3914979100227356,1
0.4055182933807373,1
0.32567596435546875,1
0.37622538208961487,1
0.4530820846557617,1
0.39319008588790894,1
0.3779139518737793,1
0.5089815258979797,1
0.4399127960205078,1
0.3711351156234741,1
0.3774354159832001,1
0.3719622492790222,1
0.3233787715435028,1
0.40705424547195435,1
0.4182116687297821,1
0.31992536783218384,1
0.360099732875824,1
0.3665909767150879,1
0.4131339490413666,1
0.4433012902736664,1
0.3512982726097107,1
0.2928959131240845,1
0.4064379930496216,1
0.34378188848495483,1
0.399413138628006,1
0.4671592712402344,1
0.30524635314941406,1
0.3294834792613983,1
0.3644039034843445,1
0.37983572483062744,1
0.4280235767364502,1
0.24479526281356812,1
0.4043533205986023,1
0.4489448666572571,1
0.3306451439857483,1
0.38961660861968994,1
0.4173766076564789,1
0.3763733506202698,1
0.5555853843688965,1
0.3486703038215637,1
0.33690088987350464,1
0.394943505525589,1
0.36849528551101685,1
0.4896242022514343,1
0.4541313946247101,1
0.3777458071708679,1
0.4502689242362976,1
0.33892977237701416,1
0.29829636216163635,1
0.4009780287742615,1
0.41127926111221313,1
0.353843092918396,1
0.3372434377670288,1
0.33942800760269165,1
0.39745646715164185,1
0.36192917823791504,1
0.47055530548095703,1
0.3900997042655945,1
0.44286179542541504,1
0.28989937901496887,1
0.3999570608139038,1
0.4007892310619354,1
0.3603314757347107,1
0.41987332701683044,1
0.36442890763282776,1
0.30827364325523376,1
0.32815948128700256,1
0.47164785861968994,1
0.34502682089805603,1
0.40916168689727783,1
0.3506658375263214,1
0.38925689458847046,1
0.2955698072910309,1
0.2967349886894226,1
0.41254061460494995,1
0.37216150760650635,1
0.3532448709011078,1
0.3141669034957886,1
0.39919358491897583,1
0.42665740847587585,1
0.3819982707500458,1
0.3663838505744934,1
0.3976965546607971,1
0.39032793045043945,1
0.44327324628829956,1
0.43134838342666626,1
0.36675581336021423,1
0.36012277007102966,1
0.3555345833301544,1
0.36297497153282166,1
0.29783663153648376,1
0.2901620864868164,1
0.3468266725540161,1
0.32710474729537964,1
0.32448622584342957,1
0.30781280994415283,1
0.5180491805076599,1
0.4110267460346222,1
0.34505802392959595,1
0.42389148473739624,1
0.3389924168586731,1
0.5462372303009033,1
0.4167253077030182,1
0.24516713619232178,1
0.44744351506233215,1
0.3398972749710083,1
0.49866682291030884,1
0.36011892557144165,1
0.3667241930961609,1
0.3952566683292389,1
0.40497273206710815,1
0.38392937183380127,1
0.43068456649780273,1
0.39992427825927734,1
0.4194086790084839,1
0.359108567237854,1
0.47383493185043335,1
0.34398937225341797,1
0.37408751249313354,1
0.43714070320129395,1
0.4705660343170166,1
0.38146650791168213,1
0.4091893434524536,1
0.43224036693573,1
0.424318790435791,1
0.29436004161834717,1
0.47741755843162537,1
0.4459620714187622,1
0.44774723052978516,1
0.40711545944213867,1
0.358212947845459,1
0.34320512413978577,1
0.5445964932441711,1
0.3373839259147644,1
0.4231324791908264,1
0.3837430477142334,1
0.36717915534973145,1
0.32944658398628235,1
0.48618656396865845,1
0.30513477325439453,1
0.3557255268096924,1
0.44367241859436035,1
0.43587350845336914,1
0.4086396098136902,1
0.40930330753326416,1
0.42340269684791565,1
0.4885863959789276,1
0.2814224660396576,1
0.4648332893848419,1
0.3605835437774658,1
0.37987425923347473,1
0.39331525564193726,1
0.506075382232666,1
0.32275599241256714,1
0.3249076008796692,1
0.30238521099090576,1
0.34442901611328125,1
0.3995358943939209,1
0.3010154962539673,1
0.46351343393325806,1
0.39467477798461914,1
0.41468411684036255,1
0.31483447551727295,1
0.3913857042789459,1
0.3059462308883667,1
0.5032792091369629,1
0.3312792479991913,1
0.32804596424102783,1
0.35218554735183716,1
0.30841153860092163,1
0.41768622398376465,1
0.35090333223342896,1
0.36350953578948975,1
0.44523099064826965,1
0.5042938590049744,1
0.4184006154537201,1
0.3499651551246643,1
0.320857971906662,1
0.43818825483322144,1
0.38909345865249634,1
0.38420188426971436,1
0.5550985336303711,1
0.408211886882782,1
0.3676692247390747,1
0.34043002128601074,1
0.33849263191223145,1
0.4579063653945923,1
0.3766089677810669,1
0.37091702222824097,1
0.3268340229988098,1
0.4741019606590271,1
0.4475957453250885,1
0.3873318135738373,1
0.3335971236228943,1
0.34858500957489014,1
0.4257591962814331,1
0.3447377383708954,1
0.36614739894866943,1
0.31307658553123474,1
0.4141045808792114,1
0.3173952102661133,1
0.32413989305496216,1
0.44031596183776855,1
0.4289919137954712,1
0.3812161087989807,1
0.3765304684638977,1
0.40918561816215515,1
0.5223180055618286,1
0.2991378903388977,1
0.39700427651405334,1
0.37546268105506897,1
0.35458052158355713,1
0.4628877341747284,1
0.5035937428474426,1
0.4532315135002136,1
0.5134796500205994,1
0.4830613136291504,1
0.5246050953865051,1
0.4216008186340332,1
0.389724463224411,1
0.34776926040649414,1
0.37761765718460083,1
0.4524633586406708,1
0.38440030813217163,1
0.37407636642456055,1
0.4771832823753357,1
0.4222351312637329,1
0.3910660743713379,1
0.39528587460517883,1
0.3137229084968567,1
0.3912019431591034,1
0.3481578230857849,1
0.3894500732421875,1
0.49646854400634766,1
0.4557344913482666,1
0.41990482807159424,1
0.33601221442222595,1
0.33805251121520996,1
0.4525185823440552,1
0.2835959196090698,1
0.34078872203826904,1
0.27421844005584717,1
0.3520624041557312,1
0.35951370000839233,1
0.42961055040359497,1
0.4437483847141266,1
0.3045860528945923,1
0.3485877513885498,1
0.44184207916259766,1
0.3146781027317047,1
0.33882057666778564,1
0.4337145686149597,1
0.3528614044189453,1
0.4059283137321472,1
0.34275534749031067,1
0.31111568212509155,1
0.34124383330345154,1
0.34328901767730713,1
0.35955923795700073,1
0.43949323892593384,1
0.44160935282707214,1
0.27419203519821167,1
0.34938862919807434,1
0.3839631974697113,1
0.3354606330394745,1
0.46167925000190735,1
0.3078049123287201,1
0.36372625827789307,1
0.4309450089931488,1
0.3644329905509949,1
0.3050616383552551,1
0.3442215919494629,1
0.33587074279785156,1
0.3800676465034485,1
0.39433717727661133,1
0.4197304844856262,1
0.3311285376548767,1
0.31959056854248047,1
0.27683982253074646,1
0.36297446489334106,1
0.3993473947048187,1
0.6386403441429138,1
0.44489187002182007,1
0.4725241959095001,1
0.3326318860054016,1
0.3877537250518799,1
0.35357865691185,1
0.3531997799873352,1
0.48916029930114746,1
0.49511203169822693,1
0.3993214964866638,1
0.26837217807769775,1
0.39591559767723083,1
0.422931432723999,1
0.35913610458374023,1
0.448092520236969,1
0.28688788414001465,1
0.3135426640510559,1
0.309294730424881,1
0.482585072517395,1
0.4263980984687805,1
0.4215261936187744,1
0.4384177327156067,1
0.4413694441318512,1
0.37501654028892517,1
0.3389970064163208,1
0.3607209026813507,1
0.5550231337547302,1
0.38935285806655884,1
0.3329705595970154,1
0.3317564129829407,1
0.38220781087875366,1
0.3900156021118164,1
0.3528101444244385,1
0.37982672452926636,1
0.33558011054992676,1
0.3454360067844391,1
0.36125433444976807,1
0.4728161692619324,1
0.38307374715805054,1
0.344515860080719,1
0.536622941493988,1
0.40692374110221863,1
0.36319249868392944,1
0.4261212646961212,1
0.3273766040802002,1
0.4092539846897125,1
0.4295291304588318,1
0.46901917457580566,1
0.3591182827949524,1
0.433560848236084,1
0.3666151165962219,1
0.35440194606781006,1
0.2684314250946045,1
0.40122684836387634,1
0.4278940260410309,1
0.4035000205039978,1
0.3275434076786041,1
0.38489866256713867,1
0.397945761680603,1
0.3386441469192505,1
0.4594385027885437,1
0.3801066279411316,1
0.3416312634944916,1
0.44567152857780457,1
0.5053839683532715,1
0.29950520396232605,1
0.2838323414325714,1
0.38759344816207886,1
0.37097930908203125,1
0.3925416171550751,1
0.407228946685791,1
0.36991915106773376,1
0.587705135345459,1
0.4119013845920563,1
0.353188157081604,1
0.4062526822090149,1
0.3161696195602417,1
0.39678168296813965,1
0.4142072796821594,1
0.5190183520317078,1
0.38100820779800415,1
0.38510069251060486,1
0.45104727149009705,1
0.2977723479270935,1
0.28772997856140137,1
0.3236951231956482,1
0.34879428148269653,1
0.4920070171356201,1
0.3884745240211487,1
0.4363187253475189,1
0.41803961992263794,1
0.29137203097343445,1
0.3621508479118347,1
0.34063342213630676,1
0.3950236737728119,1
0.3617459833621979,1
0.37815284729003906,1
0.40733423829078674,1
0.4094512462615967,1
0.41559576988220215,1
0.4810318052768707,1
0.4004078805446625,1
0.46232837438583374,1
0.3817093074321747,1
0.3410613238811493,1
0.4978802502155304,1
0.41307884454727173,1
0.49135011434555054,1
0.4417855143547058,1
0.38865897059440613,1
0.4159644544124603,1
0.2554287910461426,1
0.3909030556678772,1
0.5051262974739075,1
0.3830285668373108,1
0.3243287205696106,1
0.6212224364280701,1
0.3847286105155945,1
0.4218968152999878,1
0.3183981776237488,1
0.3972519636154175,1
0.5659469366073608,1
0.35446691513061523,1
0.392389178276062,1
0.4433925151824951,1
0.3995693027973175,1
0.2711295485496521,1
0.38379400968551636,1
0.38915565609931946,1
0.3155616819858551,1
0.37686747312545776,1
0.3530551791191101,1
0.3222353160381317,1
0.36657091975212097,1
0.4515502452850342,1
0.34879380464553833,1
0.36514315009117126,1
0.42122122645378113,1
0.2893960177898407,1
0.41695430874824524,1
0.30927014350891113,1
0.42071405053138733,1
0.35012346506118774,1
0.43854475021362305,1
0.4328163266181946,1
0.35651499032974243,1
0.35249871015548706,1
0.35634779930114746,1
0.4241749942302704,1
0.36123019456863403,1
0.44914910197257996,1
0.42667123675346375,1
0.28306061029434204,1
0.26479241251945496,1
0.5206468105316162,1
0.4816177785396576,1
0.39379698038101196,1
0.3391534686088562,1
0.27582964301109314,1
0.35800403356552124,1
0.4197245240211487,1
0.31744712591171265,1
0.4070011377334595,1
0.4188644289970398,1
0.37110811471939087,1
0.4720440208911896,1
0.32757246494293213,1
0.27872759103775024,1
0.3153274357318878,1
0.43643301725387573,1
0.29581743478775024,1
0.35270780324935913,1
0.40018799901008606,1
0.4743550717830658,1
0.39102858304977417,1
0.5123422145843506,1
0.3151671886444092,1
0.5093256235122681,1
0.46402767300605774,1
0.42808496952056885,1
0.3907333314418793,1
0.28061461448669434,1
0.3772449195384979,1
0.3346043527126312,1
0.40785813331604004,1
0.41469985246658325,1
0.3807973563671112,1
0.40300795435905457,1
0.39368465542793274,1
0.3874158263206482,1
0.2361472100019455,1
0.47828176617622375,1
0.3235899806022644,1
0.3110933303833008,1
0.3675214648246765,1
0.4102979302406311,1
0.36208292841911316,1
0.35544124245643616,1
0.3083552420139313,1
0.2717202603816986,1
0.39731496572494507,1
0.3451108932495117,1
0.47023525834083557,1
0.31342142820358276,1
0.2947063744068146,1
0.35007554292678833,1
0.28453266620635986,1
0.3647163510322571,1
0.38777971267700195,1
0.4247976541519165,1
0.3250834047794342,1
0.5229372382164001,1
0.44724714756011963,1
0.3336351215839386,1
0.47161510586738586,1
0.5126006603240967,1
0.3878471255302429,1
0.3607555031776428,1
0.3338867425918579,1
0.30748653411865234,1
0.4624953269958496,1
0.3856532871723175,1
0.42676860094070435,1
0.4681377112865448,1
0.2778322696685791,1
0.4604261517524719,1
0.28481340408325195,1
0.3611551523208618,1
0.4544009566307068,1
0.30090248584747314,1
0.4897059202194214,1
0.4319468140602112,1
0.44042569398880005,1
0.4003221094608307,1
0.5068308115005493,1
0.47148847579956055,1
0.33604714274406433,1
0.3994697332382202,1
0.32551854848861694,1
0.37675684690475464,1
0.48050135374069214,1
0.2794243097305298,1
0.37910500168800354,1
0.31941115856170654,1
0.32202786207199097,1
0.4297854006290436,1
0.36653780937194824,1
0.3807944059371948,1
0.4485621154308319,1
0.38531774282455444,1
0.4633675217628479,1
0.3510172963142395,1
0.3656826615333557,1
0.4470311999320984,1
0.34976011514663696,1
0.35533761978149414,1
0.3649325966835022,1
0.33918291330337524,1
0.4576350748538971,1
0.3427003026008606,1
0.41268986463546753,1
0.3736216723918915,1
0.4188247323036194,1
0.4397144317626953,1
0.36400797963142395,1
0.38038668036460876,1
0.41723746061325073,1
0.40694066882133484,1
0.32870158553123474,1
0.2929583489894867,1
0.4052675664424896,1
0.34183770418167114,1
0.337410569190979,1
0.42428213357925415,1
0.32631003856658936,1
0.39062678813934326,1
0.3429195284843445,1
0.4148942232131958,1
0.3269924521446228,1
0.305630624294281,1
0.3591192960739136,1
0.36580371856689453,1
0.46088308095932007,1
0.40721631050109863,1
0.4181457459926605,1
0.4084341526031494,1
0.33652541041374207,1
0.37478506565093994,1
0.4188744127750397,1
0.3668042719364166,1
0.44896990060806274,1
0.3248881995677948,1
0.2842879891395569,1
0.3678547441959381,1
0.32478585839271545,1
0.5880975127220154,1
0.5366100072860718,1
0.4186522960662842,1
0.3380197584629059,1
0.4681183993816376,1
0.3629148602485657,1
0.25837263464927673,1
0.3121612071990967,1
0.3046327531337738,1
0.33605271577835083,1
0.38016247749328613,1
0.40206024050712585,1
0.40692442655563354,1
0.3894587755203247,1
0.3492986559867859,1
0.44931259751319885,1
0.4066182076931,1
0.3962402939796448,1
0.28189516067504883,1
0.35760605335235596,1
0.31949296593666077,1
0.36294659972190857,1
0.29610779881477356,1
0.5358714461326599,1
0.43794360756874084,1
0.38105863332748413,1
0.2949911057949066,1
0.37926048040390015,1
0.6047817468643188,1
0.3926546275615692,1
0.36211052536964417,1
0.2948237657546997,1
0.3154766261577606,1
0.3353457748889923,1
0.3637501299381256,1
0.42808377742767334,1
0.3011165261268616,1
0.3495432138442993,1
0.32846781611442566,1
0.4382922053337097,1
0.2683035135269165,1
0.535193681716919,1
0.41851818561553955,1
0.3377574682235718,1
0.2898586690425873,1
0.41425949335098267,1
0.38609811663627625,1
0.3971523940563202,1
0.36925411224365234,1
0.3656112849712372,1
0.467912882566452,1
0.4609892964363098,1
0.3821846842765808,1
0.3361164927482605,1
0.4562317132949829,1
0.3803307116031647,1
0.35867995023727417,1
0.27326542139053345,1
0.46370017528533936,1
0.4006119966506958,1
0.4425209164619446,1
0.570303201675415,1
0.33882641792297363,1
0.34885308146476746,1
0.35668808221817017,1
0.3715550899505615,1
0.42562657594680786,1
0.4331703186035156,1
0.5357151031494141,1
0.3831269145011902,1
0.4970889687538147,1
0.3891366720199585,1
0.35259491205215454,1
0.3948543071746826,1
0.32292285561561584,1
0.4253022074699402,1
0.4183688163757324,1
0.3389207124710083,1
0.35485339164733887,1
0.3762192726135254,1
0.42009133100509644,1
0.44382378458976746,1
0.4429072439670563,1
0.33767539262771606,1
0.34510594606399536,1
0.46147412061691284,1
0.466838538646698,1
0.5146166086196899,1
0.4203281104564667,1
0.46305689215660095,1
0.4588264524936676,1
0.4317726790904999,1
0.3572126626968384,1
0.3476485311985016,1
0.44561123847961426,1
0.5235841870307922,1
0.2501564919948578,1
0.3259286880493164,1
0.281920462846756,1
0.39886564016342163,1
0.3581942915916443,1
0.3825019598007202,1
0.35604149103164673,1
0.41749250888824463,1
0.35375356674194336,1
0.33651411533355713,1
0.22680416703224182,1
0.3599744439125061,1
0.32854193449020386,1
0.2609335780143738,1
0.33406978845596313,1
0.43196892738342285,1
0.4737797975540161,1
0.38384562730789185,1
0.40174704790115356,1
0.4575946629047394,1
0.376295268535614,1
0.3578588366508484,1
0.291689932346344,1
0.38336607813835144,1
0.4093573987483978,1
0.4200298488140106,1
0.35165563225746155,1
0.33700352907180786,1
0.3682471513748169,1
0.36778801679611206,1
0.35682082176208496,1
0.4289308488368988,1
0.3500273823738098,1
0.3162950575351715,1
0.38311561942100525,1
0.38127046823501587,1
0.35826006531715393,1
0.37626081705093384,1
0.4034998416900635,1
0.3808097839355469,1
0.4062431752681732,1
0.35806503891944885,1
0.44199904799461365,1
0.40228044986724854,1
0.2639681100845337,1
0.43293479084968567,1
0.2967386245727539,1
0.528468668460846,1
0.46137964725494385,1
0.35534989833831787,1
0.37983769178390503,1
0.4115736186504364,1
0.4398069381713867,1
0.30866125226020813,1
0.5005844235420227,1
0.3149610757827759,1
0.38658636808395386,1
0.3648746609687805,1
0.34742307662963867,1
0.3812185525894165,1
0.4910401701927185,1
0.33500054478645325,1
0.2987690567970276,1
0.4204275906085968,1
0.4644928574562073,1
0.42195504903793335,1
0.4928412437438965,1
0.28252357244491577,1
0.3807438611984253,1
0.40979039669036865,1
0.3144771456718445,1
0.2699008584022522,1
0.438174843788147,1
0.5328658223152161,1
0.4489755630493164,1
0.29305747151374817,1
0.35334512591362,1
0.33332622051239014,1
0.31856685876846313,1
0.36879783868789673,1
0.3933102786540985,1
0.35209137201309204,1
0.5835427045822144,1
0.2997528910636902,1
0.3732227683067322,1
0.33749717473983765,1
0.3670438528060913,1
0.4447701573371887,1
0.4321570098400116,1
0.3783152401447296,1
0.4136506915092468,1
0.4273471534252167,1
0.36603212356567383,1
0.41806137561798096,1
0.3335808515548706,1
0.40639781951904297,1
0.29818737506866455,1
0.3744046092033386,1
0.328012615442276,1
0.3321326971054077,1
0.4540538489818573,1
0.3408762216567993,1
0.5399888753890991,1
0.4281608462333679,1
0.4630126655101776,1
0.3274756669998169,1
0.3804991841316223,1
0.42829784750938416,1
0.4147113561630249,1
0.4271247088909149,1
0.4067312180995941,1
0.31010615825653076,1
0.3035046458244324,1
0.3328631520271301,1
0.44729286432266235,1
0.35876432061195374,1
0.40664225816726685,1
0.3646889925003052,1
0.3280009627342224,1
0.38691872358322144,1
0.5319353938102722,1
0.3652036786079407,1
0.3671513795852661,1
0.36404162645339966,1
0.3930317759513855,1
0.45728766918182373,1
0.34442824125289917,1
0.3949010670185089,1
0.4186723232269287,1
0.4663524031639099,1
0.3072664141654968,1
0.4536329507827759,1
0.341368705034256,1
0.2789592444896698,1
0.3761066198348999,1
0.46625956892967224,1
0.34613877534866333,1
0.3039918541908264,1
0.3676523268222809,1
0.2999919056892395,1
0.4057105779647827,1
0.34484362602233887,1
0.42848312854766846,1
0.2974261939525604,1
0.42935889959335327,1
0.3877841830253601,1
0.3803054094314575,1
0.3354726731777191,1
0.3611760437488556,1
0.29715341329574585,1
0.27070996165275574,1
0.5257318019866943,1
0.5786855220794678,1
0.2327389419078827,1
0.4138079285621643,1
0.2702512741088867,1
0.4846757650375366,1
0.3581809997558594,1
0.3844408094882965,1
0.4347530007362366,1
0.3301849365234375,1
0.32326850295066833,1
0.31722015142440796,1
0.43071961402893066,1
0.4014975130558014,1
0.37586236000061035,1
0.49141639471054077,1
0.3491993546485901,1
0.3703461289405823,1
0.3500945568084717,1
0.4581962823867798,1
0.42444831132888794,1
0.34822699427604675,1
0.4408490061759949,1
0.45821627974510193,1
0.3655968904495239,1
0.44888272881507874,1
0.39774394035339355,1
0.4138796031475067,1
0.42973843216896057,1
0.32675641775131226,1
0.3988805413246155,1
0.3955686390399933,1
0.48123282194137573,1
0.33896172046661377,1
0.41988030076026917,1
0.31425797939300537,1
0.35298386216163635,1
0.3872218132019043,1
0.3796011507511139,1
0.30640655755996704,1
0.4374459385871887,1
0.418811559677124,1
0.4023887813091278,1
0.45543211698532104,1
0.31498390436172485,1
0.5163739323616028,1
0.34320691227912903,1
0.527621865272522,1
0.2859996259212494,1
0.41812312602996826,1
0.42930710315704346,1
0.41930118203163147,1
0.4380943179130554,1
0.3933787941932678,1
0.3153116703033447,1
0.32317960262298584,1
0.3440898656845093,1
0.38768327236175537,1
0.36454296112060547,1
0.34719499945640564,1
0.3656141757965088,1
0.3937157392501831,1
0.2692900598049164,1
0.6089670658111572,1
0.43167001008987427,1
0.36783963441848755,1
0.45350345969200134,1
0.283521831035614,1
0.38090091943740845,1
0.36040830612182617,1
0.3489544987678528,1
0.3963419198989868,1
0.3447663187980652,1
0.357435941696167,1
0.3305342495441437,1
0.4058736562728882,1
0.2825106680393219,1
0.41348254680633545,1
0.34539979696273804,1
0.4508299231529236,1
0.42919301986694336,1
0.31504198908805847,1
0.4287630021572113,1
0.44196033477783203,1
0.45810985565185547,1
0.36636894941329956,1
0.4483293890953064,1
0.33678343892097473,1
0.5600245594978333,1
0.42691856622695923,1
0.38276663422584534,1
0.3914005160331726,1
0.34381717443466187,1
0.27938297390937805,1
0.4457419514656067,1
0.539860188961029,1
0.29249805212020874,1
0.3222437798976898,1
0.40960997343063354,1
0.44364482164382935,1
0.39319688081741333,1
0.40779274702072144,1
0.4323083758354187,1
0.28891807794570923,1
0.3476104438304901,1
0.2952915132045746,1
0.45400717854499817,1
0.3269270956516266,1
0.31126195192337036,1
0.4189845621585846,1
0.3654305636882782,1
0.3421926200389862,1
0.35896655917167664,1
0.3458517789840698,1
0.38579311966896057,1
0.29300153255462646,1
0.3595029413700104,1
0.35495245456695557,1
0.3556674122810364,1
0.38469743728637695,1
0.4206007122993469,1
0.31515008211135864,1
0.29130709171295166,1
0.41197940707206726,1
0.3996976613998413,1
0.4293353259563446,1
0.35627537965774536,1
0.47389063239097595,1
0.3545937240123749,1
0.40539830923080444,1
0.3062255084514618,1
0.3133416771888733,1
0.379990816116333,1
0.3508686423301697,1
0.238518625497818,1
0.41766202449798584,1
0.36956748366355896,1
0.4233403503894806,1
0.4094318747520447,1
0.37659943103790283,1
0.30485618114471436,1
0.4751124382019043,1
0.401320219039917,1
0.37055492401123047,1
0.41684842109680176,1
0.43029165267944336,1
0.39603865146636963,1
0.44203612208366394,1
0.4349360466003418,1
0.30423253774642944,1
0.42611193656921387,1
0.473374605178833,1
0.4449208676815033,1
0.42028605937957764,1
0.28816676139831543,1
0.3679884970188141,1
0.3013579249382019,1
0.43944305181503296,1
0.4004971981048584,1
0.43135952949523926,1
0.39507901668548584,1
0.35328423976898193,1
0.35752564668655396,1
0.4735516905784607,1
0.35840171575546265,1
0.4197368919849396,1
0.39318621158599854,1
0.4005395174026489,1
0.4901086091995239,1
0.34085357189178467,1
0.47895336151123047,1
0.39740604162216187,1
0.33333003520965576,1
0.5698553323745728,1
0.38113659620285034,1
0.4238418638706207,1
0.38695645332336426,1
0.48953187465667725,1
0.41962817311286926,1
0.3472509980201721,1
0.3149687349796295,1
0.39819103479385376,1
0.33594954013824463,1
0.4436488747596741,1
0.421531081199646,1
0.3492226302623749,1
0.4339803457260132,1
0.39766648411750793,1
0.5069414973258972,1
0.3849281668663025,1
0.33431732654571533,1
0.36755335330963135,1
0.3790279030799866,1
0.36745989322662354,1
0.35072100162506104,1
0.3955937325954437,1
0.39948177337646484,1
0.32725679874420166,1
0.3582768440246582,1
0.3578464686870575,1
0.3956720232963562,1
0.3483896851539612,1
0.4196031093597412,1
0.4637010097503662,1
0.36877021193504333,1
0.3078051507472992,1
0.2629036009311676,1
0.4025549292564392,1
0.3705092668533325,1
0.38717180490493774,1
0.40711456537246704,1
0.37061741948127747,1
0.28149259090423584,1
0.47404006123542786,1
0.36628562211990356,1
0.43518710136413574,1
0.400168776512146,1
0.360161691904068,1
0.27871793508529663,1
0.3333275020122528,1
0.4101215600967407,1
0.27668964862823486,1
0.34468361735343933,1
0.2529104948043823,1
0.31195130944252014,1
0.40613698959350586,1
0.41971689462661743,1
0.3576584458351135,1
0.34410786628723145,1
0.37463104724884033,1
0.4803169071674347,1
0.3453094959259033,1
0.4076026976108551,1
0.3314226567745209,1
0.3417072594165802,1
0.43228113651275635,1
0.3668074309825897,1
0.48919734358787537,1
0.30200546979904175,1
0.34990108013153076,1
0.4109053611755371,1
0.3413335382938385,1
0.24035605788230896,1
0.317753404378891,1
0.5076613426208496,1
0.32898974418640137,1
0.46971556544303894,1
0.365469366312027,1
0.44268563389778137,1
0.40283048152923584,1
0.40660417079925537,1
0.3628692328929901,1
0.3121739625930786,1
0.3568482995033264,1
0.41199207305908203,1
0.2759113609790802,1
0.41962409019470215,1
0.48422956466674805,1
0.3633708357810974,1
0.29263001680374146,1
0.29764947295188904,1
0.42568421363830566,1
0.4868028163909912,1
0.47722360491752625,1
0.3794527053833008,1
0.42733651399612427,1
0.2987271547317505,1
0.43775010108947754,1
0.4642516076564789,1
0.43780219554901123,1
0.5214109420776367,1
0.38787591457366943,1
0.43986931443214417,1
0.46269020438194275,1
0.2982029914855957,1
0.4835536479949951,1
0.30502256751060486,1
0.3970485329627991,1
0.4105072617530823,1
0.3697226643562317,1
0.48853859305381775,1
0.3771199584007263,1
0.2703143060207367,1
0.35518819093704224,1
0.3476421535015106,1
0.367880254983902,1
0.48608291149139404,1
0.42509257793426514,1
0.4582271873950958,1
0.36178016662597656,1
0.40156090259552,1
0.42319273948669434,1
0.3326069116592407,1
0.38535019755363464,1
0.36017388105392456,1
0.4435490369796753,1
0.32205069065093994,1
0.4121100604534149,1
0.38701894879341125,1
0.3741527795791626,1
0.4217647910118103,1
0.4128971993923187,1
0.4134657382965088,1
0.37412595748901367,1
0.4272427260875702,1
0.3421798348426819,1
0.4301450252532959,1
0.38544195890426636,1
0.540328860282898,1
0.48618456721305847,1
0.4563595652580261,1
0.3401626944541931,1
0.44994163513183594,1
0.35843437910079956,1
0.38582828640937805,1
0.489804208278656,1
0.48298144340515137,1
0.3101644814014435,1
0.3834461569786072,1
0.3485127091407776,1
0.37154754996299744,1
0.3539881408214569,1
0.5013827085494995,1
0.3741031885147095,1
0.33974921703338623,1
0.3217432498931885,1
0.49293768405914307,1
0.31504786014556885,1
0.4015205204486847,1
0.31652605533599854,1
0.43348366022109985,1
0.3689165413379669,1
0.4207513928413391,1
0.2692786753177643,1
0.4673959016799927,1
0.39933061599731445,1
0.31524789333343506,1
0.3393203318119049,1
0.3863150477409363,1
0.47032201290130615,1
0.4174693822860718,1
0.2947513461112976,1
0.470309853553772,1
0.4098682105541229,1
0.4801901578903198,1
0.2720266580581665,1
0.44884422421455383,1
0.580615758895874,1
0.4066392183303833,1
0.4529057741165161,1
0.3758050799369812,1
0.38136065006256104,1
0.4046846628189087,1
0.310158908367157,1
0.46131691336631775,1
0.48241788148880005,1
0.38172101974487305,1
0.43083953857421875,1
0.4173746109008789,1
0.452735960483551,1
0.4932860732078552,1
0.42293667793273926,1
0.371425986289978,1
0.3410872519016266,1
0.32031387090682983,1
0.3144265413284302,1
0.3712511360645294,1
0.4998842477798462,1
0.3805654048919678,1
0.38428059220314026,1
0.31559956073760986,1
0.3819423019886017,1
0.3780994117259979,1
0.3532857894897461,1
0.4112311899662018,1
0.4242798686027527,1
0.3646693527698517,1
0.4786854684352875,1
0.3097267746925354,1
0.32478976249694824,1
0.5462131500244141,1
0.3347371816635132,1
0.44870662689208984,1
0.33549368381500244,1
0.5276898741722107,1
0.4395677447319031,1
0.42269906401634216,1
0.40733712911605835,1
0.38149988651275635,1
0.3144385516643524,1
0.27645638585090637,1
0.3760213255882263,1
0.3858373463153839,1
0.5092884302139282,1
0.31457656621932983,1
0.4898581802845001,1
0.29971790313720703,1
0.2718380391597748,1
0.39161157608032227,1
0.3752816319465637,1
0.37373021245002747,1
0.49259552359580994,1
0.5386626720428467,1
0.4039432406425476,1
0.4698294997215271,1
0.519317090511322,1
0.5211589932441711,1
0.2921443581581116,1
0.42661845684051514,1
0.4736728072166443,1
0.3807362914085388,1
0.4154660999774933,1
0.4693862497806549,1
0.3793218731880188,1
0.36859020590782166,1
0.38113945722579956,1
0.5246379375457764,1
0.3873884081840515,1
0.36963507533073425,1
0.3194800615310669,1
0.30992504954338074,1
0.26805034279823303,1
0.3071773946285248,1
0.3529251217842102,1
0.4803074300289154,1
0.3309595286846161,1
0.3835262656211853,1
0.3795255422592163,1
0.333182692527771,1
0.40523475408554077,1
0.2574569880962372,1
0.3772640526294708,1
0.47976598143577576,1
0.43944209814071655,1
0.3749743700027466,1
0.4456321597099304,1
0.39436817169189453,1
0.43053558468818665,1
0.41374456882476807,1
0.31031283736228943,1
0.35225552320480347,1
0.3731730878353119,1
0.49964118003845215,1
0.37708374857902527,1
0.431801974773407,1
0.4492282271385193,1
0.3899940550327301,1
0.4312240779399872,1
0.38776230812072754,1
0.3819345533847809,1
0.5132102370262146,1
0.2864382266998291,1
0.46273550391197205,1
0.5323781967163086,1
0.40326958894729614,1
0.4019894003868103,1
0.4352498948574066,1
0.3679116368293762,1
0.4034125506877899,1
0.40067529678344727,1
0.3896251320838928,1
0.2912672460079193,1
0.3440038859844208,1
0.2743571400642395,1
0.4185680150985718,1
0.29784220457077026,1
0.39984557032585144,1
0.36625930666923523,1
0.47624820470809937,1
0.4149760603904724,1
0.274536669254303,1
0.3805358111858368,1
0.31112056970596313,1
0.47797608375549316,1
0.3849952816963196,1
0.3398255407810211,1
0.4230540096759796,1
0.3189890384674072,1
0.4556233286857605,1
0.34705835580825806,1
0.34552815556526184,1
0.3464145064353943,1
0.3357608914375305,1
0.38313227891921997,1
0.34323182702064514,1
0.3322470486164093,1
0.3316512107849121,1
0.38324254751205444,1
0.44710204005241394,1
0.47493061423301697,1
0.4245164394378662,1
0.38602909445762634,1
0.4009847640991211,1
0.4183703064918518,1
0.30128127336502075,1
0.394994854927063,1
0.33773157000541687,1
0.44850242137908936,1
0.5230470299720764,1
0.4465203583240509,1
0.3424533009529114,1
0.38880202174186707,1
0.3713036775588989,1
0.2807050943374634,1
0.41153571009635925,1
0.403997004032135,1
0.39128577709198,1
0.38991689682006836,1
0.4031115472316742,1
0.5337793231010437,1
0.3551781177520752,1
0.4002728760242462,1
0.4150732159614563,1
0.37724924087524414,1
0.4283251166343689,1
0.3331349194049835,1
0.42769402265548706,1
0.35860109329223633,1
0.3907530903816223,1
0.35633617639541626,1
0.3462865948677063,1
0.3823438286781311,1
0.34965550899505615,1
0.4807840585708618,1
0.36533087491989136,1
0.5164474248886108,1
0.29801055788993835,1
0.3285619020462036,1
0.2900524437427521,1
0.34488415718078613,1
0.49833953380584717,1
0.36191660165786743,1
0.46840566396713257,1
0.39116954803466797,1
0.40729498863220215,1
0.339526891708374,1
0.3368877172470093,1
0.3511241674423218,1
0.3968542218208313,1
0.3945651650428772,1
0.2922067642211914,1
0.42979779839515686,1
0.4542918801307678,1
0.4981613755226135,1
0.342612624168396,1
0.2730824947357178,1
0.3569834232330322,1
0.3489741086959839,1
0.4156067371368408,1
0.35073596239089966,1
0.46683961153030396,1
0.41034996509552,1
0.329755574464798,1
0.40288373827934265,1
0.3890543282032013,1
0.5893835425376892,1
0.3494420647621155,1
0.39945900440216064,1
0.3734748065471649,1
0.35015982389450073,1
0.37161701917648315,1
0.39750388264656067,1
0.5016430020332336,1
0.42315489053726196,1
0.3181241750717163,1
0.3106430470943451,1
0.32564079761505127,1
0.29935014247894287,1
0.4556044936180115,1
0.39957356452941895,1
0.49907130002975464,1
0.35156694054603577,1
0.34105542302131653,1
0.4302959442138672,1
0.24805757403373718,1
0.4759892225265503,1
0.35566797852516174,1
0.49339422583580017,1
0.29645752906799316,1
0.4194522202014923,1
0.4022294282913208,1
0.3562694787979126,1
0.3468148410320282,1
0.39971795678138733,1
0.40836140513420105,1
0.38061654567718506,1
0.36676251888275146,1
0.41415899991989136,1
0.4154855012893677,1
0.4537689685821533,1
0.38948726654052734,1
0.41377320885658264,1
0.3838638663291931,1
0.3826563358306885,1
0.36674168705940247,1
0.41549569368362427,1
0.4122922718524933,1
0.4229835867881775,1
0.42537569999694824,1
0.5558253526687622,1
0.33196160197257996,1
0.33313849568367004,1
0.4088020324707031,1
0.32444068789482117,1
0.39345070719718933,1
0.26967304944992065,1
0.3144214153289795,1
0.3186265528202057,1
0.3988453149795532,1
0.39951926469802856,1
0.43873268365859985,1
0.3096798360347748,1
0.4254073202610016,1
0.38290858268737793,1
0.4191051125526428,1
0.39539724588394165,1
0.41580259799957275,1
0.3188190162181854,1
0.34894123673439026,1
0.37051913142204285,1
0.23746392130851746,1
0.4589186906814575,1
0.36232250928878784,1
0.42744362354278564,1
0.330268532037735,1
0.3901730179786682,1
0.3504321575164795,1
0.36615413427352905,1
0.30488061904907227,1
0.40579497814178467,1
0.3812390863895416,1
0.4954811632633209,1
0.4310339093208313,1
0.4133501648902893,1
0.28819572925567627,1
0.4254152178764343,1
0.31596264243125916,1
0.31340959668159485,1
0.36746710538864136,1
0.3232811987400055,1
0.47937506437301636,1
0.2924852967262268,1
0.33248764276504517,1
0.24598044157028198,1
0.34732213616371155,1
0.42123743891716003,1
0.559772789478302,1
0.5166972279548645,1
0.34380042552948,1
0.35659024119377136,1
0.37103191018104553,1
0.3140934109687805,1
0.38355720043182373,1
0.374564528465271,1
0.3521122336387634,1
0.4257372319698334,1
0.33199015259742737,1
0.3556337356567383,1
0.39137184619903564,1
0.3901073932647705,1
0.4118816554546356,1
0.44093742966651917,1
0.5380269289016724,1
0.37332573533058167,1
0.4706602394580841,1
0.3684217929840088,1
0.4855285584926605,1
0.4237057864665985,1
0.33658260107040405,1
0.32715079188346863,1
0.4455801546573639,1
0.36581748723983765,1
0.39260271191596985,1
0.3680294156074524,1
0.3445245027542114,1
0.40869539976119995,1
0.3439699709415436,1
0.3062973618507385,1
0.4055747985839844,1
0.37190771102905273,1
0.34142136573791504,1
0.3890160918235779,1
0.400438129901886,1
0.32249802350997925,1
0.39740514755249023,1
0.3663453459739685,1
0.398166298866272,1
0.3302488327026367,1
0.3344374895095825,1
0.3682670593261719,1
0.3486694395542145,1
0.3288342356681824,1
0.3799734115600586,1
0.4998927712440491,1
0.3552408814430237,1
0.4154232144355774,1
0.43935099244117737,1
0.5397714376449585,1
0.3590281307697296,1
0.4295455515384674,1
0.3444446325302124,1
0.36774396896362305,1
0.3290450870990753,1
0.4076274633407593,1
0.3318181335926056,1
0.47740304470062256,1
0.36003172397613525,1
0.3588887155056,1
0.3978368043899536,1
0.3791221082210541,1
0.4178866744041443,1
0.3994511365890503,1
0.34161144495010376,1
0.4428834319114685,1
0.35606467723846436,1
0.43024682998657227,1
0.3313430845737457,1
0.44014689326286316,1
0.37769585847854614,1
0.4286574721336365,1
0.21352046728134155,1
0.4851210117340088,1
0.41676434874534607,1
0.3188532590866089,1
0.37520983815193176,1
0.3243001401424408,1
0.3928006589412689,1
0.6304610371589661,1
0.4191597104072571,1
0.321529358625412,1
0.3416382074356079,1
0.3614344596862793,1
0.3725659251213074,1
0.4473136067390442,1
0.5095164179801941,1
0.4059334397315979,1
0.25478532910346985,1
0.3357451558113098,1
0.25591081380844116,1
0.4015997648239136,1
0.29097360372543335,1
0.3715880215167999,1
0.3629552125930786,1
0.4330146312713623,1
0.32413429021835327,1
0.3270680010318756,1
0.3166098892688751,1
0.4417215585708618,1
0.33504313230514526,1
0.3376682698726654,1
0.39899110794067383,1
0.40524935722351074,1
0.35717153549194336,1
0.2715677320957184,1
0.4771658778190613,1
0.35979729890823364,1
0.3668215274810791,1
0.45655885338783264,1
0.40400493144989014,1
0.48857101798057556,1
0.394750714302063,1
0.36760586500167847,1
0.35966479778289795,1
0.40334129333496094,1
0.44166475534439087,1
0.30503302812576294,1
0.3414749503135681,1
0.3812415897846222,1
0.4616902470588684,1
0.43563398718833923,1
0.40622949600219727,1
0.42529043555259705,1
0.4131436347961426,1
0.29478719830513,1
0.488203227519989,1
0.3949444591999054,1
0.29505181312561035,1
0.3329082727432251,1
0.3340669274330139,1
0.3299024701118469,1
0.3763035237789154,1
0.39741623401641846,1
0.41592472791671753,1
0.4364035129547119,1
0.4172050952911377,1
0.3499605655670166,1
0.4051353633403778,1
0.31665515899658203,1
0.3767847418785095,1
0.25579115748405457,1
0.33167922496795654,1
0.3896870017051697,1
0.49643826484680176,1
0.37108901143074036,1
0.4053848385810852,1
0.37415745854377747,1
0.3131979703903198,1
0.3752269744873047,1
0.3142590820789337,1
0.47185570001602173,1
0.35525497794151306,1
0.37823355197906494,1
0.33653175830841064,1
0.37879908084869385,1
0.3679431676864624,1
0.479875773191452,1
0.4134853780269623,1
0.3355702757835388,1
0.3898737132549286,1
0.29734623432159424,1
0.42966794967651367,1
0.45041191577911377,1
0.44196420907974243,1
0.4407140612602234,1
0.41796013712882996,1
0.32845833897590637,1
0.49699461460113525,1
0.35801222920417786,1
0.3143283724784851,1
0.39480942487716675,1
0.4758411645889282,1
0.40009114146232605,1
0.4676935076713562,1
0.4193583130836487,1
0.44104182720184326,1
0.4540407657623291,1
0.31111013889312744,1
0.3808501064777374,1
0.3194001317024231,1
0.4533962607383728,1
0.40323606133461,1
0.3822985589504242,1
0.31702712178230286,1
0.4476339817047119,1
0.4215088486671448,1
0.40724706649780273,1
0.44681453704833984,1
0.42972618341445923,1
0.3692781925201416,1
0.5224107503890991,1
0.3822745680809021,1
0.435502290725708,1
0.3847236931324005,1
0.35224348306655884,1
0.555808424949646,1
0.3105063736438751,1
0.3508329391479492,1
0.33057907223701477,1
0.4607098698616028,1
0.3687134087085724,1
0.3849335014820099,1
0.43887364864349365,1
0.3464828133583069,1
0.3247458040714264,1
0.31400442123413086,1
0.3737296760082245,1
0.4126320481300354,1
0.4099825918674469,1
0.30076682567596436,1
0.3731449246406555,1
0.42569589614868164,1
0.35073691606521606,1
0.37779921293258667,1
0.45247209072113037,1
0.24964341521263123,1
0.31116658449172974,1
0.38598817586898804,1
0.29906967282295227,1
0.49287140369415283,1
0.30850404500961304,1
0.3709399700164795,1
0.45027410984039307,1
0.37798213958740234,1
0.4024832844734192,1
0.24178197979927063,1
0.3238523602485657,1
0.34635624289512634,1
0.2407817542552948,1
0.3153541684150696,1
0.29687678813934326,1
0.5122634768486023,1
0.36968135833740234,1
0.47314780950546265,1
0.37564682960510254,1
0.20821338891983032,1
0.3647559881210327,1
0.3017023205757141,1
0.41506654024124146,1
0.36423352360725403,1
0.3482164442539215,1
0.4206048250198364,1
0.40781259536743164,1
0.381727010011673,1
0.4135355055332184,1
0.45166438817977905,1
0.4464360773563385,1
0.4851204752922058,1
0.43099361658096313,1
0.4235481023788452,1
0.29297658801078796,1
0.27682238817214966,1
0.4460872709751129,1
0.3005902171134949,1
0.35839158296585083,1
0.3996554911136627,1
0.3118866980075836,1
0.4160853922367096,1
0.44457393884658813,1
0.38268327713012695,1
0.40828168392181396,1
0.32153505086898804,1
0.3011980354785919,1
0.4075496792793274,1
0.38025015592575073,1
0.448412150144577,1
0.48813581466674805,1
0.2849627435207367,1
0.3382708430290222,1
0.33800840377807617,1
0.2640646696090698,1
0.5368436574935913,1
0.4211716949939728,1
0.4354124963283539,1
0.441988468170166,1
0.3698968291282654,1
0.474899023771286,1
0.49756819009780884,1
0.38592320680618286,1
0.46256089210510254,1
0.4105577766895294,1
0.31738317012786865,1
0.3416901230812073,1
0.45299869775772095,1
0.4265357255935669,1
0.34638512134552,1
0.31147873401641846,1
0.4010927379131317,1
0.29809457063674927,1
0.368328332901001,1
0.3332359790802002,1
0.28983595967292786,1
0.4485524296760559,1
0.3715832233428955,1
0.4271814823150635,1
0.3640715777873993,1
0.34114784002304077,1
0.4993361234664917,1
0.3701644539833069,1
0.392938494682312,1
0.3984813690185547,1
0.483758807182312,1
0.3129856586456299,1
0.3362281918525696,1
0.29417163133621216,1
0.475136935710907,1
0.3988732695579529,1
0.3336941599845886,1
0.4527966380119324,1
0.391541063785553,1
0.35923704504966736,1
0.38105520606040955,1
0.30577775835990906,1
0.4347788989543915,1
0.4666534662246704,1
0.23177188634872437,1
0.26329028606414795,1
0.3583223521709442,1
0.41702792048454285,1
0.36604416370391846,1
0.3896743953227997,1
0.4960641860961914,1
0.32943660020828247,1
0.37894079089164734,1
0.3576575517654419,1
0.3536135256290436,1
0.41362297534942627,1
0.29299506545066833,1
0.34525996446609497,1
0.35970616340637207,1
0.5340015292167664,1
0.4087650179862976,1
0.3527847230434418,1
0.49591559171676636,1
0.29984620213508606,1
0.513039231300354,1
0.3018685281276703,1
0.3923746943473816,1
0.5206307172775269,1
0.46981149911880493,1
0.34493348002433777,1
0.3831551969051361,1
0.36737775802612305,1
0.4150848686695099,1
0.56220942735672,1
0.35759633779525757,1
0.4257296323776245,1
0.4110356271266937,1
0.35637855529785156,1
0.3064359128475189,1
0.3675198554992676,1
0.3891615569591522,1
0.3024718463420868,1
0.40696820616722107,1
0.41872844099998474,1
0.40612542629241943,1
0.3295796513557434,1
0.2768917679786682,1
0.42455822229385376,1
0.5115359425544739,1
0.45255014300346375,1
0.3620518445968628,1
0.36337828636169434,1
0.43655622005462646,1
0.39433032274246216,1
0.3792334496974945,1
0.4176110327243805,1
0.4062340259552002,1
0.42379868030548096,1
0.3578915596008301,1
0.3606610894203186,1
0.3753575086593628,1
0.39835232496261597,1
0.3175678253173828,1
0.37156710028648376,1
0.40346625447273254,1
0.46045973896980286,1
0.38764721155166626,1
0.3738026022911072,1
0.3407244384288788,1
0.3779301345348358,1
0.36665207147598267,1
0.4791729152202606,1
0.2910648286342621,1
0.33849036693573,1
0.33170759677886963,1
0.3019524812698364,1
0.32462161779403687,1
0.4805300831794739,1
0.33326828479766846,1
0.3810994327068329,1
0.34401798248291016,1
0.39247310161590576,1
0.3764857351779938,1
0.3337724208831787,1
0.3124105930328369,1
0.42502912878990173,1
0.3567994236946106,1
0.3373052179813385,1
0.30336058139801025,1
0.4985676407814026,1
0.28214675188064575,1
0.44207972288131714,1
0.41437315940856934,1
0.49073123931884766,1
0.33801543712615967,1
0.28882232308387756,1
0.32617852091789246,1
0.3383128046989441,1
0.2783565819263458,1
0.4097386300563812,1
0.3775917589664459,1
0.41041529178619385,1
0.24425163865089417,1
0.28735122084617615,1
0.33253103494644165,1
0.3178962469100952,1
0.3707495331764221,1
0.49832257628440857,1
0.231915682554245,1
0.3257640600204468,1
0.363110214471817,1
0.30115532875061035,1
0.4917161464691162,1
0.4495396614074707,1
0.21764835715293884,1
0.309714138507843,1
0.3205137550830841,1
0.3588324785232544,1
0.42944467067718506,1
0.3477444648742676,1
0.2783316373825073,1
0.44595226645469666,1
0.32344120740890503,1
0.323910117149353,1
0.45213204622268677,1
0.2925296723842621,1
0.3638901710510254,1
0.3055097460746765,1
0.4596709609031677,1
0.34542614221572876,1
0.4631924331188202,1
0.38854706287384033,1
0.40579813718795776,1
0.30721259117126465,1
0.31821566820144653,1
0.49348098039627075,1
0.3639197051525116,1
0.30187302827835083,1
0.34795475006103516,1
0.28740790486335754,1
0.4990979731082916,1
0.4420603811740875,1
0.3513595163822174,1
0.40146660804748535,1
0.5145393013954163,1
0.3631320595741272,1
0.4434182643890381,1
0.31763187050819397,1
0.3216751515865326,1
0.3261871337890625,1
0.35772573947906494,1
0.44346028566360474,1
0.3132670819759369,1
0.4752957224845886,1
0.41463062167167664,1
0.39349204301834106,1
0.24787433445453644,1
0.4098548889160156,1
0.37562066316604614,1
0.3546857237815857,1
0.39616578817367554,1
0.33878999948501587,1
0.4459460377693176,1
0.5202093124389648,1
0.35018685460090637,1
0.3257589340209961,1
0.4628370702266693,1
0.2524113357067108,1
0.30951547622680664,1
0.3178907334804535,1
0.3170780539512634,1
0.3626880645751953,1
0.3354090452194214,1
0.35627084970474243,1
0.4221929907798767,1
0.42005330324172974,1
0.4653010964393616,1
0.40286195278167725,1
0.26716628670692444,1
0.27126258611679077,1
0.3022708594799042,1
0.2862915098667145,1
0.3032393455505371,1
0.3887272775173187,1
0.2877282202243805,1
0.41615569591522217,1
0.41445064544677734,1
0.516684353351593,1
0.3810823857784271,1
0.39068377017974854,1
0.29665133357048035,1
0.43872806429862976,1
0.5136759281158447,1
0.40236371755599976,1
0.33805936574935913,1
0.34269219636917114,1
0.3824288547039032,1
0.43630868196487427,1
0.4161739647388458,1
0.375997930765152,1
0.5138391256332397,1
0.39730554819107056,1
0.3398200571537018,1
0.27687227725982666,1
0.41292881965637207,1
0.3606918156147003,1
0.40707066655158997,1
0.5970299243927002,1
0.4616692066192627,1
0.32091665267944336,1
0.29303520917892456,1
0.31386446952819824,1
0.33840513229370117,1
0.4314696788787842,1
0.39437949657440186,1
0.5172871351242065,1
0.3287868797779083,1
0.48315638303756714,1
0.424519419670105,1
0.4184723496437073,1
0.3446405529975891,1
0.34411540627479553,1
0.38340288400650024,1
0.4437418580055237,1
0.456205815076828,1
0.395751029253006,1
0.3755669593811035,1
0.33157771825790405,1
0.4114212095737457,1
0.36023569107055664,1
0.32349205017089844,1
0.43632152676582336,1
0.2979047894477844,1
0.4577407240867615,1
0.3260604441165924,1
0.43266212940216064,1
0.3479803204536438,1
0.33409383893013,1
0.3003541827201843,1
0.32613080739974976,1
0.3368958830833435,1
0.2945762574672699,1
0.3580910265445709,1
0.42390137910842896,1
0.3948920667171478,1
0.4904259443283081,1
0.37601977586746216,1
0.35253554582595825,1
0.4142794907093048,1
0.3733932375907898,1
0.35411062836647034,1
0.39282697439193726,1
0.38623690605163574,1
0.4250049591064453,1
0.3858277201652527,1
0.32599127292633057,1
0.38789016008377075,1
0.3746992349624634,1
0.34754234552383423,1
0.49893438816070557,1
0.4115564227104187,1
0.36386701464653015,1
0.4721723794937134,1
0.4435201585292816,1
0.3162582218647003,1
0.35210680961608887,1
0.4696824550628662,1
0.4587215781211853,1
0.39244475960731506,1
0.3784707188606262,1
0.4734545946121216,1
0.33570101857185364,1
0.3344942331314087,1
0.46629202365875244,1
0.501632809638977,1
0.29905134439468384,1
0.37724414467811584,1
0.40438786149024963,1
0.3528614342212677,1
0.3390588164329529,1
0.40275341272354126,1
0.36329659819602966,1
0.31995081901550293,1
0.2792990505695343,1
0.34589073061943054,1
0.28111520409584045,1
0.30335062742233276,1
0.43843400478363037,1
0.5640971660614014,1
0.4352974593639374,1
0.3455709218978882,1
0.2602173686027527,1
0.4564540684223175,1
0.5170034170150757,1
0.41597193479537964,1
0.3311256468296051,1
0.5478475093841553,1
0.3853864371776581,1
0.3892000615596771,1
0.38294968008995056,1
0.33470767736434937,1
0.49110469222068787,1
0.4677354693412781,1
0.45497000217437744,1
0.2815389633178711,1
0.3621377646923065,1
0.37249040603637695,1
0.33846890926361084,1
0.5658921003341675,1
0.3338812589645386,1
0.3137180209159851,1
0.4697284698486328,1
0.41501960158348083,1
0.31390511989593506,1
0.3732196092605591,1
0.4100639224052429,1
0.4704856872558594,1
0.39053574204444885,1
0.3288990259170532,1
0.3657887279987335,1
0.41123130917549133,1
0.3516332805156708,1
0.3142954707145691,1
0.40353506803512573,1
0.4105783700942993,1
0.32528555393218994,1
0.4955146610736847,1
0.35465338826179504,1
0.44998428225517273,1
0.417172372341156,1
0.470073401927948,1
0.26245152950286865,1
0.3648640215396881,1
0.4463087320327759,1
0.37020647525787354,1
0.4202837646007538,1
0.47366705536842346,1
0.39344897866249084,1
0.3922627866268158,1
0.33086711168289185,1
0.4498171806335449,1
0.4972497820854187,1
0.45371997356414795,1
0.38177573680877686,1
0.36043620109558105,1
0.353557825088501,1
0.2762770652770996,1
0.32773450016975403,1
0.4382514953613281,1
0.4893799424171448,1
0.38903966546058655,1
0.42180824279785156,1
0.34931957721710205,1
0.3447907269001007,1
0.320048063993454,1
0.4471610188484192,1
0.35417088866233826,1
0.526961624622345,1
0.32343295216560364,1
0.41519004106521606,1
0.3645250201225281,1
0.36587807536125183,1
0.41389939188957214,1
0.3468421697616577,1
0.38962697982788086,1
0.4069797992706299,1
0.4242549240589142,1
0.38321346044540405,1
0.367038369178772,1
0.40063831210136414,1
0.38610148429870605,1
0.46680501103401184,1
0.4827691316604614,1
0.34795641899108887,1
0.3480387330055237,1
0.398328959941864,1
0.44276756048202515,1
0.27090319991111755,1
0.35141828656196594,1
0.3877793550491333,1
0.43322330713272095,1
0.3187628388404846,1
0.4218066930770874,1
0.3687369227409363,1
0.378780335187912,1
0.39626139402389526,1
0.44787460565567017,1
0.3268894553184509,1
0.4242364168167114,1
0.4964859187602997,1
0.3484310507774353,1
0.3576947748661041,1
0.36653560400009155,1
0.3937789499759674,1
0.3576517701148987,1
0.4298093914985657,1
0.4363897442817688,1
0.415195107460022,1
0.32460498809814453,1
0.4253738522529602,1
0.34325623512268066,1
0.35161733627319336,1
0.3676303029060364,1
0.34519603848457336,1
0.4040265381336212,1
0.30262526869773865,1
0.3121398687362671,1
0.3886339068412781,1
0.3785068094730377,1
0.4730774760246277,1
0.4402177929878235,1
0.32887813448905945,1
0.34193524718284607,1
0.3380073308944702,1
0.39307424426078796,1
0.37185198068618774,1
0.2945757508277893,1
0.3599283993244171,1
0.3800910711288452,1
0.2716527581214905,1
0.2924647629261017,1
0.42178550362586975,1
0.27724677324295044,1
0.34712421894073486,1
0.38419052958488464,1
0.40773138403892517,1
0.29623472690582275,1
0.35467803478240967,1
0.29981303215026855,1
0.4516680836677551,1
0.2726879417896271,1
0.4385206997394562,1
0.32250165939331055,1
0.3284331262111664,1
0.376787394285202,1
0.3232181966304779,1
0.49376460909843445,1
0.44346922636032104,1
0.28734397888183594,1
0.38261160254478455,1
0.3926072120666504,1
0.3783286511898041,1
0.5582534074783325,1
0.33703601360321045,1
0.41145166754722595,1
0.3814503848552704,1
0.394461452960968,1
0.4744682312011719,1
0.3327884078025818,1
0.3775748014450073,1
0.4201946258544922,1
0.45470935106277466,1
0.2924080789089203,1
0.40097129344940186,1
0.5569027662277222,1
0.288030207157135,1
0.3135838806629181,1
0.3595552146434784,1
0.26866698265075684,1
0.4800393581390381,1
0.4142962396144867,1
0.4468970000743866,1
0.31689727306365967,1
0.48350927233695984,1
0.3730790913105011,1
0.3721342086791992,1
0.2909811735153198,1
0.377030611038208,1
0.3377554714679718,1
0.41969984769821167,1
0.39810511469841003,1
0.42619895935058594,1
0.3589033782482147,1
0.3988954424858093,1
0.570915699005127,1
0.33686408400535583,1
0.3457185626029968,1
0.2996622323989868,1
0.2517563998699188,1
0.3290609121322632,1
0.3262760043144226,1
0.3852320909500122,1
0.3994249105453491,1
0.46068912744522095,1
0.4205150008201599,1
0.32857272028923035,1
0.3551097810268402,1
0.3532252013683319,1
0.3518243432044983,1
0.4364297389984131,1
0.38753071427345276,1
0.273969829082489,1
0.3268529176712036,1
0.4075290262699127,1
0.37350645661354065,1
0.28046172857284546,1
0.4948641061782837,1
0.3354938328266144,1
0.3689420819282532,1
0.3021754026412964,1
0.32532578706741333,1
0.32371383905410767,1
0.42777398228645325,1
0.4152449369430542,1
0.409183531999588,1
0.3113633394241333,1
0.394943505525589,1
0.43690812587738037,1
0.4112093150615692,1
0.44460758566856384,1
0.42094743251800537,1
0.3309653699398041,1
0.3434642255306244,1
0.473275363445282,1
0.40439653396606445,1
0.3423996567726135,1
0.47771593928337097,1
0.3870239555835724,1
0.42083540558815,1
0.4316789209842682,1
0.3402281403541565,1
0.4100891351699829,1
0.4250071048736572,1
0.35709330439567566,1
0.32280635833740234,1
0.5311919450759888,1
0.437643826007843,1
0.3971916139125824,1
0.4356592893600464,1
0.42550528049468994,1
0.5673232674598694,1
0.2483993023633957,1
0.24655288457870483,1
0.3554823696613312,1
0.4015613794326782,1
0.349773645401001,1
0.4042774438858032,1
0.37501364946365356,1
0.3256780505180359,1
0.358111709356308,1
0.36546581983566284,1
0.27659523487091064,1
0.2994215488433838,1
0.34708496928215027,1
0.3749716877937317,1
0.5414333343505859,1
0.41815894842147827,1
0.3876129388809204,1
0.45114415884017944,1
0.4206666350364685,1
0.5161292552947998,1
0.4351175129413605,1
0.2951088547706604,1
0.5496995449066162,1
0.4639241099357605,1
0.3703920245170593,1
0.44381630420684814,1
0.48897242546081543,1
0.45968854427337646,1
0.3596639931201935,1
0.28151193261146545,1
0.44920217990875244,1
0.5080490112304688,1
0.34681621193885803,1
0.4510481357574463,1
0.3372964560985565,1
0.31247851252555847,1
0.258529394865036,1
0.322697252035141,1
0.43587684631347656,1
0.39001673460006714,1
0.2842843234539032,1
0.5601907968521118,1
0.4148107171058655,1
0.46094655990600586,1
0.27432122826576233,1
0.3070041239261627,1
0.30908477306365967,1
0.43226489424705505,1
0.4744187593460083,1
0.2934740483760834,1
0.3551208972930908,1
0.3587779402732849,1
0.5229758620262146,1
0.47176939249038696,1
0.33963072299957275,1
0.3553224802017212,1
0.3251519203186035,1
0.44202327728271484,1
0.4565349221229553,1
0.3504346013069153,1
0.404788613319397,1
0.3863859176635742,1
0.3750861883163452,1
0.34682953357696533,1
0.36297890543937683,1
0.46974921226501465,1
0.49656614661216736,1
0.38472574949264526,1
0.45577096939086914,1
0.3937229514122009,1
0.33345431089401245,1
0.3450581431388855,1
0.41961634159088135,1
0.35962390899658203,1
0.3831101953983307,1
0.38710856437683105,1
0.3214011490345001,1
0.4050454795360565,1
0.29902464151382446,1
0.3182164132595062,1
0.29707032442092896,1
0.2920272946357727,1
0.4181053638458252,1
0.495939701795578,1
0.31486040353775024,1
0.25047072768211365,1
0.33342739939689636,1
0.4139323830604553,1
0.35922351479530334,1
0.36144471168518066,1
0.4360711872577667,1
0.3464966118335724,1
0.2755933403968811,1
0.3206169903278351,1
0.47818315029144287,1
0.47529366612434387,1
0.4044928550720215,1
0.30068105459213257,1
0.4774475395679474,1
0.3537130355834961,1
0.3749668598175049,1
0.3676409125328064,1
0.3757636547088623,1
0.4031766653060913,1
0.479766845703125,1
0.27309131622314453,1
0.3826577663421631,1
0.38857245445251465,1
0.3626731038093567,1
0.35956740379333496,1
0.3594472110271454,1
0.32217681407928467,1
0.37063270807266235,1
0.47266387939453125,1
0.3223627805709839,1
0.4667677879333496,1
0.4028536081314087,1
0.38926130533218384,1
0.3644631505012512,1
0.31601572036743164,1
0.4065229892730713,1
0.3884509205818176,1
0.4554123282432556,1
0.46655169129371643,1
0.3416038155555725,1
0.31559666991233826,1
0.326535701751709,1
0.4174337685108185,1
0.33267736434936523,1
0.3871558904647827,1
0.29765328764915466,1
0.402508020401001,1
0.330675333738327,1
0.364006370306015,1
0.36697936058044434,1
0.3863520622253418,1
0.42192739248275757,1
0.35290005803108215,1
0.45980677008628845,1
0.45020022988319397,1
0.4830002784729004,1
0.4156882166862488,1
0.3461835980415344,1
0.3204022943973541,1
0.337941974401474,1
0.5301940441131592,1
0.32223960757255554,1
0.3342602849006653,1
0.35664302110671997,1
0.3348836302757263,1
0.42346182465553284,1
0.4543827176094055,1
0.4199824929237366,1
0.39799177646636963,1
0.3195551633834839,1
0.3178793787956238,1
0.38927218317985535,1
0.43669748306274414,1
0.30391019582748413,1
0.4825744032859802,1
0.36344844102859497,1
0.2939419150352478,1
0.44902849197387695,1
0.3690037429332733,1
0.3335781991481781,1
0.3412700891494751,1
0.3563591539859772,1
0.36743658781051636,1
0.3936598300933838,1
0.35049623250961304,1
0.4074473977088928,1
0.33398985862731934,1
0.327482134103775,1
0.4534338116645813,1
0.35533982515335083,1
0.31016913056373596,1
0.3190900683403015,1
0.419020414352417,1
0.49133336544036865,1
0.4683378040790558,1
0.415316641330719,1
0.3981426954269409,1
0.3623811900615692,1
0.35635003447532654,1
0.39304423332214355,1
0.44046109914779663,1
0.4021686911582947,1
0.36882495880126953,1
0.39493441581726074,1
0.440062552690506,1
0.4374033212661743,1
0.5676219463348389,1
0.3289516568183899,1
0.43024638295173645,1
0.4467366635799408,1
0.2827214002609253,1
0.3279819190502167,1
0.46351003646850586,1
0.4149629771709442,1
0.39997753500938416,1
0.3668135106563568,1
0.3797304630279541,1
0.3615303933620453,1
0.373414546251297,1
0.2783467769622803,1
0.38015419244766235,1
0.3025236129760742,1
0.2977611720561981,1
0.34306859970092773,1
0.34197407960891724,1
0.36302483081817627,1
0.4192468822002411,1
0.35054513812065125,1
0.3030970096588135,1
0.5308382511138916,1
0.5062520503997803,1
0.27816006541252136,1
0.35014525055885315,1
0.28313905000686646,1
0.42535200715065,1
0.400063157081604,1
0.3783491253852844,1
0.38077306747436523,1
0.4031805992126465,1
0.41671839356422424,1
0.42157578468322754,1
0.4622266888618469,1
0.36080697178840637,1
0.5792655944824219,1
0.33545252680778503,1
0.41112083196640015,1
0.2601790726184845,1
0.303579181432724,1
0.34795844554901123,1
0.27021950483322144,1
0.34201741218566895,1
0.3589574694633484,1
0.3927953839302063,1
0.34363067150115967,1
0.346493124961853,1
0.3459949493408203,1
0.49414440989494324,1
0.3788759112358093,1
0.4112616181373596,1
0.35897505283355713,1
0.3338780403137207,1
0.4672635793685913,1
0.5240577459335327,1
0.4056132435798645,1
0.38654959201812744,1
0.4145490825176239,1
0.2720707654953003,1
0.3210294246673584,1
0.44202104210853577,1
0.30053964257240295,1
0.4729154407978058,1
0.37836548686027527,1
0.4260309934616089,1
0.43008968234062195,1
0.3085247278213501,1
0.35669317841529846,1
0.43602409958839417,1
0.49174171686172485,1
0.4100185036659241,1
0.31672632694244385,1
0.2757812738418579,1
0.24958354234695435,1
0.36126214265823364,1
0.408223032951355,1
0.4340774714946747,1
0.3489300012588501,1
0.3676985502243042,1
0.3794923722743988,1
0.3852156400680542,1
0.4183306097984314,1
0.45976418256759644,1
0.35180121660232544,1
0.3354592025279999,1
0.40534964203834534,1
0.37820738554000854,1
0.36951813101768494,1
0.3032878041267395,1
0.3260372281074524,1
0.40133699774742126,1
0.353630393743515,1
0.37370985746383667,1
0.5156234502792358,1
0.3567478060722351,1
0.3974829614162445,1
0.33529773354530334,1
0.3471836447715759,1
0.48960989713668823,1
0.32524585723876953,1
0.322870671749115,1
0.415689080953598,1
0.35677510499954224,1
0.44176027178764343,1
0.4089413285255432,1
0.389632910490036,1
0.3655058741569519,1
0.4543292820453644,1
0.44146791100502014,1
0.4205232858657837,1
0.39642971754074097,1
0.3376196026802063,1
0.2805979251861572,1
0.34942761063575745,1
0.34531188011169434,1
0.41804707050323486,1
0.39382123947143555,1
0.3759390711784363,1
0.38122063875198364,1
0.38191530108451843,1
0.42422717809677124,1
0.34350770711898804,1
0.3883412480354309,1
0.5590870380401611,1
0.44385409355163574,1
0.41218841075897217,1
0.49060171842575073,1
0.37126946449279785,1
0.3551352024078369,1
0.38315558433532715,1
0.41062456369400024,1
0.4228692650794983,1
0.3879985213279724,1
0.37709012627601624,1
0.3740411400794983,1
0.4320891201496124,1
0.45012927055358887,1
0.2984567880630493,1
0.38603004813194275,1
0.4979703724384308,1
0.32221555709838867,1
0.527463436126709,1
0.4414578676223755,1
0.31785768270492554,1
0.3775480389595032,1
0.3315298557281494,1
0.41545844078063965,1
0.3211742341518402,1
0.3238207697868347,1
0.48049843311309814,1
0.40997833013534546,1
0.3408152759075165,1
0.3189566433429718,1
0.3673613369464874,1
0.2634661793708801,1
0.39188283681869507,1
0.3877975344657898,1
0.3440748155117035,1
0.36245104670524597,1
0.44479572772979736,1
0.4126960337162018,1
0.37492749094963074,1
0.4014471173286438,1
0.28971585631370544,1
0.3231700658798218,1
0.3747462034225464,1
0.32931047677993774,1
0.40123358368873596,1
0.3254518210887909,1
0.38712528347969055,1
0.5029858946800232,1
0.36851274967193604,1
0.418883740901947,1
0.4174257814884186,1
0.3345502018928528,1
0.3417452275753021,1
0.4120642840862274,1
0.3405277132987976,1
0.33236488699913025,1
0.4047183692455292,1
0.4241214990615845,1
0.5232157707214355,1
0.26816391944885254,1
0.47415366768836975,1
0.38416290283203125,1
0.37290629744529724,1
0.3952827453613281,1
0.3457188606262207,1
0.4288068413734436,1
0.34651172161102295,1
0.35446596145629883,1
0.43431326746940613,1
0.2943671643733978,1
0.31169915199279785,1
0.38713976740837097,1
0.5942319631576538,1
0.41219601035118103,1
0.4164804220199585,1
0.37931200861930847,1
0.4527393877506256,1
0.4245750308036804,1
0.5333995819091797,1
0.31254541873931885,1
0.4693007469177246,1
0.3172164857387543,1
0.3810639977455139,1
0.400637149810791,1
0.3796285390853882,1
0.3127484619617462,1
0.3561980128288269,1
0.36042171716690063,1
0.4760555624961853,1
0.3760996460914612,1
0.3543119728565216,1
0.3709973692893982,1
0.29619964957237244,1
0.432338148355484,1
0.4217687249183655,1
0.3122006952762604,1
0.5096330642700195,1
0.35559457540512085,1
0.36106038093566895,1
0.4474160969257355,1
0.4184533655643463,1
0.43278294801712036,1
0.29093027114868164,1
0.36795711517333984,1
0.3302893042564392,1
0.44674569368362427,1
0.3670073449611664,1
0.3613678514957428,1
0.39633357524871826,1
0.6008782386779785,1
0.3270268738269806,1
0.3762851357460022,1
0.3257259130477905,1
0.497161865234375,1
0.393856018781662,1
0.32509729266166687,1
0.34816887974739075,1
0.4077666699886322,1
0.43038174510002136,1
0.3486018776893616,1
0.40653979778289795,1
0.43658173084259033,1
0.27878618240356445,1
0.5503792762756348,1
0.4281359314918518,1
0.37777453660964966,1
0.5237387418746948,1
0.3863493502140045,1
0.34532931447029114,1
0.34356167912483215,1
0.43437260389328003,1
0.31413155794143677,1
0.36918213963508606,1
0.36797991394996643,1
0.41771769523620605,1
0.3767451047897339,1
0.4051181674003601,1
0.34014350175857544,1
0.42210012674331665,1
0.42279648780822754,1
0.38835400342941284,1
0.34503722190856934,1
0.3009611666202545,1
0.2954862713813782,1
0.36545097827911377,1
0.40031784772872925,1
0.3760567009449005,1
0.349264919757843,1
0.5418269634246826,1
0.3429076075553894,1
0.35186147689819336,1
0.29604342579841614,1
0.3474247455596924,1
0.42415952682495117,1
0.34016385674476624,1
0.39242681860923767,1
0.4112304449081421,1
0.32331275939941406,1
0.425845205783844,1
0.5910772085189819,1
0.3238722085952759,1
0.49705010652542114,1
0.35285070538520813,1
0.566781222820282,1
0.34704264998435974,1
0.40162622928619385,1
0.3689000904560089,1
0.3184393346309662,1
0.38593435287475586,1
0.4603108763694763,1
0.329994797706604,1
0.4012918472290039,1
0.4539799094200134,1
0.5171395540237427,1
0.4389295279979706,1
0.3421294391155243,1
0.36606132984161377,1
0.47488832473754883,1
0.4513292908668518,1
0.3184671998023987,1
0.4042584002017975,1
0.3280221223831177,1
0.39956018328666687,1
0.40178680419921875,1
0.4097052216529846,1
0.4100898504257202,1
0.3862435817718506,1
0.49859654903411865,1
0.356570303440094,1
0.3267119824886322,1
0.4282417893409729,1
0.35869160294532776,1
0.3727564811706543,1
0.4355827569961548,1
0.3324427902698517,1
0.44710689783096313,1
0.36288371682167053,1
0.34241870045661926,1
0.4727528691291809,1
0.2754085063934326,1
0.40093278884887695,1
0.45620936155319214,1
0.24802735447883606,1
0.450804203748703,1
0.38512369990348816,1
0.3522905707359314,1
0.3597037196159363,1
0.4308009743690491,1
0.30332669615745544,1
0.29723814129829407,1
0.5766039490699768,1
0.31554529070854187,1
0.3821294903755188,1
0.519523561000824,1
0.35088711977005005,1
0.4169345796108246,1
0.29163092374801636,1
0.4421931505203247,1
0.33679959177970886,1
0.5210665464401245,1
0.4855406880378723,1
0.35651832818984985,1
0.3200572729110718,1
0.3221335709095001,1
0.4454811215400696,1
0.45841023325920105,1
0.33883869647979736,1
0.34916508197784424,1
0.4232981503009796,1
0.44898343086242676,1
0.397832453250885,1
0.3906227946281433,1
0.41758131980895996,1
0.3836345076560974,1
0.5150070190429688,1
0.35054534673690796,1
0.3614439368247986,1
0.33680784702301025,1
0.32210633158683777,1
0.40059661865234375,1
0.48751047253608704,1
0.3952081799507141,1
0.37674030661582947,1
0.3832376003265381,1
0.5240034461021423,1
0.38237687945365906,1
0.4103825092315674,1
0.3625701069831848,1
0.37925127148628235,1
0.36204594373703003,1
0.34049326181411743,1
0.356204628944397,1
0.3876015245914459,1
0.40932291746139526,1
0.3757629990577698,1
0.4461815655231476,1
0.45418882369995117,1
0.420163094997406,1
0.40428587794303894,1
0.39741840958595276,1
0.33939647674560547,1
0.29428261518478394,1
0.4090510606765747,1
0.34433797001838684,1
0.31870314478874207,1
0.40561699867248535,1
0.37922948598861694,1
0.2637384831905365,1
0.3856363296508789,1
0.3688443899154663,1
0.473714679479599,1
0.3275652229785919,1
0.3485158085823059,1
0.33432960510253906,1
0.3745027184486389,1
0.4008691906929016,1
0.37526533007621765,1
0.3374912738800049,1
0.3730318546295166,1
0.4174230098724365,1
0.33200448751449585,1
0.37377768754959106,1
0.4143929183483124,1
0.4134516417980194,1
0.43591487407684326,1
0.3896414041519165,1
0.3770723342895508,1
0.4302355945110321,1
0.38383978605270386,1
0.42075568437576294,1
0.3187665641307831,1
0.3259044885635376,1
0.43253955245018005,1
0.40794140100479126,1
0.4990643262863159,1
0.470108300447464,1
0.3891294300556183,1
0.4327920079231262,1
0.42381390929222107,1
0.34973037242889404,1
0.3641585409641266,1
0.4282459020614624,1
0.3157787322998047,1
0.2884316146373749,1
0.4674488306045532,1
0.37002840638160706,1
0.35338178277015686,1
0.49359962344169617,1
0.33829474449157715,1
0.43396031856536865,1
0.4460309147834778,1
0.36276209354400635,1
0.32780933380126953,1
0.44845032691955566,1
0.26069992780685425,1
0.3680391013622284,1
0.44318950176239014,1
0.2976982593536377,1
0.5429440140724182,1
0.3201756477355957,1
0.29106661677360535,1
0.4455741047859192,1
0.43525010347366333,1
0.41860106587409973,1
0.3267269730567932,1
0.4765164256095886,1
0.29125916957855225,1
0.4305068254470825,1
0.4765526056289673,1
0.3783372938632965,1
0.3995530307292938,1
0.3797757625579834,1
0.4144059419631958,1
0.37089526653289795,1
0.4288811683654785,1
0.3204396069049835,1
0.4023987054824829,1
0.43766817450523376,1
0.4535634219646454,1
0.3824633061885834,1
0.3695193827152252,1
0.4227992594242096,1
0.42511337995529175,1
0.3976782560348511,1
0.33654558658599854,1
0.41213294863700867,1
0.4712825119495392,1
0.35435226559638977,1
0.3774532675743103,1
0.3686596155166626,1
0.4240533113479614,1
0.37258821725845337,1
0.3365710973739624,1
0.3423119783401489,1
0.45980104804039,1
0.3933924436569214,1
0.37939396500587463,1
0.3958413898944855,1
0.3984021544456482,1
0.48443758487701416,1
0.40185874700546265,1
0.330091655254364,1
0.4343673586845398,1
0.3394727110862732,1
0.3538811206817627,1
0.4031233489513397,1
0.2793029546737671,1
0.4289422035217285,1
0.2908267378807068,1
0.4229971170425415,1
0.36234134435653687,1
0.3389294147491455,1
0.3369433879852295,1
0.43654370307922363,1
0.37528932094573975,1
0.3541443347930908,1
0.3900843560695648,1
0.3583705723285675,1
0.30374205112457275,1
0.44293659925460815,1
0.37042495608329773,1
0.34136953949928284,1
0.45562806725502014,1
0.38672202825546265,1
0.37417250871658325,1
0.35994768142700195,1
0.3423754572868347,1
0.5060160756111145,1
0.4853161573410034,1
0.4239659905433655,1
0.3904836177825928,1
0.3882236182689667,1
0.3936493396759033,1
0.38150110840797424,1
0.4322130084037781,1
0.35823506116867065,1
0.4489525556564331,1
0.3268890082836151,1
0.413985013961792,1
0.4191666841506958,1
0.33270543813705444,1
0.34175607562065125,1
0.3445098400115967,1
0.4454568326473236,1
0.31772860884666443,1
0.49509286880493164,1
0.29373955726623535,1
0.3028530478477478,1
0.475585013628006,1
0.34163591265678406,1
0.3498753011226654,1
0.40883520245552063,1
0.4131391942501068,1
0.4725167155265808,1
0.38399797677993774,1
0.3933864235877991,1
0.3916001617908478,1
0.33170074224472046,1
0.3854629695415497,1
0.40568721294403076,1
0.48324665427207947,1
0.3890809416770935,1
0.3198835849761963,1
0.34184202551841736,1
0.33039534091949463,1
0.327975332736969,1
0.3670623302459717,1
0.40588173270225525,1
0.4369128346443176,1
0.3731444478034973,1
0.3427213132381439,1
0.3954713046550751,1
0.34100329875946045,1
0.4384291470050812,1
0.34389859437942505,1
0.3537260591983795,1
0.3291347622871399,1
0.4592447578907013,1
0.38562899827957153,1
0.4174245297908783,1
0.29544177651405334,1
0.36936482787132263,1
0.3572251796722412,1
0.34917086362838745,1
0.38816484808921814,1
0.33456897735595703,1
0.3062388002872467,1
0.2646368443965912,1
0.41395899653434753,1
0.49837779998779297,1
0.25212109088897705,1
0.3657940924167633,1
0.31914734840393066,1
0.4515867531299591,1
0.3661482334136963,1
0.36762723326683044,1
0.3714468479156494,1
0.34030818939208984,1
0.4159279465675354,1
0.4015845060348511,1
0.3534579873085022,1
0.4166424572467804,1
0.3370017409324646,1
0.4345507323741913,1
0.3912944793701172,1
0.31143736839294434,1
0.4390338957309723,1
0.38420212268829346,1
0.3900609314441681,1
0.3750121593475342,1
0.394933819770813,1
0.40129244327545166,1
0.3890368342399597,1
0.35995590686798096,1
0.37622833251953125,1
0.285708487033844,1
0.48167580366134644,1
0.5384724140167236,1
0.30955469608306885,1
0.24551954865455627,1
0.3994186520576477,1
0.2810681164264679,1
0.38446053862571716,1
0.32754793763160706,1
0.3696608543395996,1
0.4414582848548889,1
0.42632243037223816,1
0.4134509265422821,1
0.30604395270347595,1
0.36203533411026,1
0.35365429520606995,1
0.3352707624435425,1
0.4848213791847229,1
0.4867158532142639,1
0.5225342512130737,1
0.4198908507823944,1
0.367428183555603,1
0.39952823519706726,1
0.4740990102291107,1
0.38525480031967163,1
0.36849772930145264,1
0.3167562782764435,1
0.3868599236011505,1
0.25036299228668213,1
0.32888394594192505,1
0.3272451162338257,1
0.4041498899459839,1
0.3859342932701111,1
0.4232642948627472,1
0.38808727264404297,1
0.32397568225860596,1
0.32726311683654785,1
0.2810887396335602,1
0.3620328903198242,1
0.35499146580696106,1
0.40167176723480225,1
0.42148643732070923,1
0.280326783657074,1
0.36563149094581604,1
0.28604602813720703,1
0.4361819624900818,1
0.39619532227516174,1
0.2791163921356201,1
0.3190217614173889,1
0.3930692970752716,1
0.33883944153785706,1
0.3944265842437744,1
0.32437774538993835,1
0.39711639285087585,1
0.4226636588573456,1
0.4269275963306427,1
0.3765019476413727,1
0.3823453187942505,1
0.3415364623069763,1
0.2961124777793884,1
0.30568790435791016,1
0.3179035186767578,1
0.48163288831710815,1
0.49118053913116455,1
0.2957632839679718,1
0.36803725361824036,1
0.4157521724700928,1
0.3433762192726135,1
0.3392575979232788,1
0.4056187868118286,1
0.4198911786079407,1
0.29233837127685547,1
0.39755532145500183,1
0.4757172465324402,1
0.5031487345695496,1
0.4386187791824341,1
0.4227898120880127,1
0.4337625205516815,1
0.3129575550556183,1
0.3600500822067261,1
0.4370390772819519,1
0.46436554193496704,1
0.3057454824447632,1
0.28945791721343994,1
0.4562201499938965,1
0.34936583042144775,1
0.31305593252182007,1
0.3398961126804352,1
0.3048906922340393,1
0.3657281994819641,1
0.4107094407081604,1
0.3752291798591614,1
0.40635889768600464,1
0.40152448415756226,1
0.327995240688324,1
0.3303995430469513,1
0.2874651253223419,1
0.28858500719070435,1
0.37903985381126404,1
0.33654701709747314,1
0.3132307231426239,1
0.3450799882411957,1
0.4728298485279083,1
0.35762447118759155,1
0.2555939257144928,1
0.2870672345161438,1
0.4470304846763611,1
0.5028589367866516,1
0.2872534394264221,1
0.3254207968711853,1
0.338776171207428,1
0.2699093520641327,1
0.4900153875350952,1
0.2631986439228058,1
0.34561359882354736,1
0.4470071494579315,1
0.3811143934726715,1
0.4069591164588928,1
0.4454996883869171,1
0.31853821873664856,1
0.3775567412376404,1
0.33361056447029114,1
0.2603493630886078,1
0.5109915733337402,1
0.3323594331741333,1
0.32220205664634705,1
0.42856860160827637,1
0.44196921586990356,1
0.3510814309120178,1
0.22675032913684845,1
0.3606846332550049,1
0.36735761165618896,1
0.32690098881721497,1
0.3846395015716553,1
0.36008086800575256,1
0.416259765625,1
0.3737882673740387,1
0.40110263228416443,1
0.36526113748550415,1
0.3966962695121765,1
0.3578703701496124,1
0.3264969289302826,1
0.30605432391166687,1
0.25269341468811035,1
0.4323158860206604,1
0.41036415100097656,1
0.4628581404685974,1
0.32493048906326294,1
0.32959243655204773,1
0.4492405652999878,1
0.5888649821281433,1
0.35166412591934204,1
0.3419450521469116,1
0.4332277178764343,1
0.4038861095905304,1
0.36147820949554443,1
0.4339505434036255,1
0.39092838764190674,1
0.42592036724090576,1
0.32208162546157837,1
0.36851727962493896,1
0.4404642581939697,1
0.35674476623535156,1
0.3942682147026062,1
0.31989172101020813,1
0.4011920690536499,1
0.4247244596481323,1
0.35254406929016113,1
0.3705071806907654,1
0.43473708629608154,1
0.47759246826171875,1
0.33117926120758057,1
0.3671526610851288,1
0.4007728695869446,1
0.39129525423049927,1
0.47987279295921326,1
0.4714844226837158,1
0.2715216279029846,1
0.35377392172813416,1
0.40927988290786743,1
0.3609943985939026,1
0.31525719165802,1
0.3637493848800659,1
0.41589778661727905,1
0.3485930263996124,1
0.2674415111541748,1
0.3686428666114807,1
0.3347795605659485,1
0.354248046875,1
0.3893306851387024,1
0.3210482597351074,1
0.41813987493515015,1
0.389611154794693,1
0.32345280051231384,1
0.2637034058570862,1
0.38612818717956543,1
0.38268038630485535,1
0.278547465801239,1
0.3925529718399048,1
0.3925793766975403,1
0.3821525573730469,1
0.35061532258987427,1
0.4067245125770569,1
0.42083537578582764,1
0.460266649723053,1
0.4092171788215637,1
0.37158438563346863,1
0.35991543531417847,1
0.4318780303001404,1
0.3704582750797272,1
0.41602808237075806,1
0.41554516553878784,1
0.42003583908081055,1
0.3075207471847534,1
0.4217882752418518,1
0.39244285225868225,1
0.34678250551223755,1
0.4155501127243042,1
0.39435064792633057,1
0.36682939529418945,1
0.3279118239879608,1
0.37974947690963745,1
0.48168790340423584,1
0.38792088627815247,1
0.37664198875427246,1
0.3408903479576111,1
0.4186302125453949,1
0.5092028379440308,1
0.4041350483894348,1
0.4350392818450928,1
0.4256021976470947,1
0.3360046148300171,1
0.4413183331489563,1
0.3384050726890564,1
0.3680269718170166,1
0.34281811118125916,1
0.3960237503051758,1
0.37809744477272034,1
0.3639291822910309,1
0.35162240266799927,1
0.43249478936195374,1
0.30182555317878723,1
0.3997613191604614,1
0.44347792863845825,1
0.45542067289352417,1
0.3805594742298126,1
0.34894880652427673,1
0.36661145091056824,1
0.40331193804740906,1
0.3850463032722473,1
0.2946436405181885,1
0.370383083820343,1
0.5278692841529846,1
0.3334367275238037,1
0.4122835397720337,1
0.37515538930892944,1
0.42726072669029236,1
0.32565128803253174,1
0.40238848328590393,1
0.511188805103302,1
0.25402534008026123,1
0.39721471071243286,1
0.27163979411125183,1
0.3773282766342163,1
0.35105377435684204,1
0.36117708683013916,1
0.36720016598701477,1
0.2870742678642273,1
0.41072967648506165,1
0.289102703332901,1
0.43462082743644714,1
0.47307857871055603,1
0.2436142861843109,1
0.4872126579284668,1
0.3503018915653229,1
0.44666221737861633,1
0.3482918441295624,1
0.33723756670951843,1
0.2510221302509308,1
0.35980725288391113,1
0.3485865890979767,1
0.25676408410072327,1
0.3978266716003418,1
0.4650893211364746,1
0.4462682604789734,1
0.2993898391723633,1
0.34707924723625183,1
0.4089483618736267,1
0.47363996505737305,1
0.3345746099948883,1
0.36528265476226807,1
0.4072394371032715,1
0.5256013870239258,1
0.41208839416503906,1
0.38031667470932007,1
0.3143651783466339,1
0.4133174419403076,1
0.36929890513420105,1
0.3726431727409363,1
0.485465407371521,1
0.2969205975532532,1
0.4363153576850891,1
0.36319732666015625,1
0.40453991293907166,1
0.32632583379745483,1
0.40923428535461426,1
0.3746281862258911,1
0.511078417301178,1
0.44284820556640625,1
0.3309348225593567,1
0.41666531562805176,1
0.4177570343017578,1
0.4393636882305145,1
0.35018396377563477,1
0.42298686504364014,1
0.3207075297832489,1
0.38876157999038696,1
0.4266805648803711,1
0.5302126407623291,1
0.355686217546463,1
0.34872013330459595,1
0.29187554121017456,1
0.4341840147972107,1
0.3879030644893646,1
0.30741584300994873,1
0.3991709351539612,1
0.25357043743133545,1
0.2572552263736725,1
0.35327672958374023,1
0.3827177882194519,1
0.37265849113464355,1
0.38553857803344727,1
0.33870673179626465,1
0.38160306215286255,1
0.4679733216762543,1
0.37127429246902466,1
0.4979110062122345,1
0.38446226716041565,1
0.3854736089706421,1
0.3991943299770355,1
0.3497154116630554,1
0.39947766065597534,1
0.413077712059021,1
0.3913939595222473,1
0.3160272240638733,1
0.3631349802017212,1
0.3765450716018677,1
0.4436063766479492,1
0.36478447914123535,1
0.3663426637649536,1
0.41602081060409546,1
0.32287779450416565,1
0.4286230802536011,1
0.31524336338043213,1
0.3581386208534241,1
0.2496166080236435,1
0.3493439257144928,1
0.42737966775894165,1
0.3649240732192993,1
0.28444987535476685,1
0.4138979911804199,1
0.37426573038101196,1
0.4656730592250824,1
0.33101916313171387,1
0.3069086968898773,1
0.3322649598121643,1
0.48058491945266724,1
0.40406912565231323,1
0.44201794266700745,1
0.40813449025154114,1
0.3262074589729309,1
0.3506312370300293,1
0.37335461378097534,1
0.4167797863483429,1
0.42816102504730225,1
0.37149256467819214,1
0.3722599148750305,1
0.4028708040714264,1
0.38773900270462036,1
0.3252795934677124,1
0.4026949107646942,1
0.2923145890235901,1
0.3582950234413147,1
0.4409767687320709,1
0.275160551071167,1
0.431212842464447,1
0.39073634147644043,1
0.26857927441596985,1
0.34494709968566895,1
0.38383954763412476,1
0.37455081939697266,1
0.4133641719818115,1
0.4265308380126953,1
0.40759193897247314,1
0.3682348132133484,1
0.29918429255485535,1
0.43481048941612244,1
0.3931207060813904,1
0.3676641285419464,1
0.32065242528915405,1
0.42541903257369995,1
0.5776223540306091,1
0.4188980460166931,1
0.3287944793701172,1
0.33899790048599243,1
0.39382243156433105,1
0.36000916361808777,1
0.3280104398727417,1
0.2658016085624695,1
0.3343988060951233,1
0.4193251132965088,1
0.3954860270023346,1
0.4544166624546051,1
0.4865744709968567,1
0.43957245349884033,1
0.3426200747489929,1
0.24976366758346558,1
0.38899731636047363,1
0.32695943117141724,1
0.44290870428085327,1
0.5517029762268066,1
0.35633137822151184,1
0.3382395803928375,1
0.3165600895881653,1
0.366844117641449,1
0.3739597797393799,1
0.4996795058250427,1
0.31187355518341064,1
0.462601900100708,1
0.37874770164489746,1
0.2481955885887146,1
0.3727352023124695,1
0.4038897156715393,1
0.3334338068962097,1
0.30688953399658203,1
0.37782442569732666,1
0.408911794424057,1
0.4840834140777588,1
0.3049757778644562,1
0.42731666564941406,1
0.3907240331172943,1
