0.4821470081806183,1
0.5258157253265381,1
0.4095449149608612,1
0.5127803087234497,1
0.4387410283088684,1
0.5974946022033691,1
0.369706392288208,1
0.3716965913772583,1
0.39149534702301025,1
0.4806440770626068,1
0.33480679988861084,1
0.38678956031799316,1
0.4070645272731781,1
0.5726199746131897,1
0.41671445965766907,1
0.40301501750946045,1
0.49586021900177,1
0.34080153703689575,1
0.38279789686203003,1
0.3776581287384033,1
0.6107200980186462,1
0.41593608260154724,1
0.3539199233055115,1
0.45867544412612915,1
0.4033623933792114,1
0.5552875399589539,1
0.5247688293457031,1
0.46765637397766113,1
0.35245680809020996,1
0.3817375600337982,1
0.44689837098121643,1
0.4280651807785034,1
0.38498613238334656,1
0.4053160846233368,1
0.5488054752349854,1
0.493080198764801,1
0.4201725721359253,1
0.3781092166900635,1
0.3721339702606201,1
0.39088088274002075,1
0.44785988330841064,1
0.4326167702674866,1
0.472613126039505,1
0.34437793493270874,1
0.5865970253944397,1
0.4290260076522827,1
0.40713217854499817,1
0.3764951229095459,1
0.41358324885368347,1
0.5174410939216614,1
0.44910240173339844,1
0.4585111439228058,1
0.4272400140762329,1
0.3493139445781708,1
0.4030317962169647,1
0.42628300189971924,1
0.341985285282135,1
0.3683105707168579,1
0.45489466190338135,1
0.41097211837768555,1
0.3529755771160126,1
0.531237781047821,1
0.5037668943405151,1
0.39262014627456665,1
0.4408356547355652,1
0.33490392565727234,1
0.38251280784606934,1
0.5401903390884399,1
0.4240940809249878,1
0.45433509349823,1
0.502892255783081,1
0.47873106598854065,1
0.4963870644569397,1
0.4172412157058716,1
0.467753529548645,1
0.450626015663147,1
0.4784470200538635,1
0.34742945432662964,1
0.39587607979774475,1
0.3948226869106293,1
0.45319634675979614,1
0.36099669337272644,1
0.3896745443344116,1
0.3919299244880676,1
0.5425251722335815,1
0.4150518774986267,1
0.4575430452823639,1
0.4604268968105316,1
0.422089159488678,1
0.48371419310569763,1
0.4819447100162506,1
0.5371135473251343,1
0.36987438797950745,1
0.5166025161743164,1
0.48429226875305176,1
0.5020277500152588,1
0.41697758436203003,1
0.5011001825332642,1
0.42748114466667175,1
0.420004278421402,1
0.3954818844795227,1
0.6180533766746521,1
0.48257049918174744,1
0.4082234501838684,1
0.41837480664253235,1
0.40053731203079224,1
0.4453948140144348,1
0.5877817869186401,1
0.41327688097953796,1
0.5608160495758057,1
0.40479403734207153,1
0.42565715312957764,1
0.4739757776260376,1
0.32143813371658325,1
0.47428426146507263,1
0.43435221910476685,1
0.4883802533149719,1
0.39887553453445435,1
0.4355641305446625,1
0.31814441084861755,1
0.5573726296424866,1
0.4211752116680145,1
0.40826553106307983,1
0.4030989706516266,1
0.5313932299613953,1
0.5390591025352478,1
0.41071629524230957,1
0.42383506894111633,1
0.4655318856239319,1
0.4554959535598755,1
0.5197638273239136,1
0.4013318419456482,1
0.540410041809082,1
0.40346378087997437,1
0.4701295495033264,1
0.3952423632144928,1
0.4234035015106201,1
0.35200047492980957,1
0.4351573586463928,1
0.46102216839790344,1
0.5222867727279663,1
0.3595912456512451,1
0.34005796909332275,1
0.3948168158531189,1
0.35985904932022095,1
0.4479905962944031,1
0.44337087869644165,1
0.47055453062057495,1
0.49209362268447876,1
0.38008347153663635,1
0.3929169774055481,1
0.36179134249687195,1
0.35924655199050903,1
0.46706336736679077,1
0.4874676465988159,1
0.4669472575187683,1
0.43355804681777954,1
0.41213294863700867,1
0.49217942357063293,1
0.43002137541770935,1
0.4309924244880676,1
0.5187314748764038,1
0.4869292974472046,1
0.5020608901977539,1
0.36911365389823914,1
0.40254831314086914,1
0.49529558420181274,1
0.492081880569458,1
0.4446061849594116,1
0.37530770897865295,1
0.42388442158699036,1
0.5044376254081726,1
0.4206675589084625,1
0.49190884828567505,1
0.46150773763656616,1
0.36259424686431885,1
0.46545034646987915,1
0.45236146450042725,1
0.44511449337005615,1
0.4022105932235718,1
0.3499922752380371,1
0.35310065746307373,1
0.3532927930355072,1
0.5067893266677856,1
0.43611982464790344,1
0.4273269474506378,1
0.42127206921577454,1
0.3025912344455719,1
0.456915020942688,1
0.4057999849319458,1
0.3959173858165741,1
0.36426249146461487,1
0.4401193857192993,1
0.35169094800949097,1
0.34532630443573,1
0.4218270778656006,1
0.40088337659835815,1
0.3989267349243164,1
0.42020711302757263,1
0.7307827472686768,1
0.4574543833732605,1
0.44537490606307983,1
0.4889563322067261,1
0.44537442922592163,1
0.3458898961544037,1
0.46113502979278564,1
0.45066094398498535,1
0.39583921432495117,1
0.31716254353523254,1
0.39343196153640747,1
0.39921772480010986,1
0.49307870864868164,1
0.4078288674354553,1
0.416159451007843,1
0.4532654881477356,1
0.49916213750839233,1
0.39563438296318054,1
0.41206270456314087,1
0.45553046464920044,1
0.45344042778015137,1
0.38152939081192017,1
0.30541303753852844,1
0.3686874806880951,1
0.48310941457748413,1
0.41916629672050476,1
0.4244426190853119,1
0.3860044479370117,1
0.37167274951934814,1
0.494068443775177,1
0.43238914012908936,1
0.4027630090713501,1
0.37619730830192566,1
0.5175865292549133,1
0.3837144374847412,1
0.50124192237854,1
0.46436384320259094,1
0.5018476247787476,1
0.4827483296394348,1
0.46610021591186523,1
0.4756491482257843,1
0.33909016847610474,1
0.460416316986084,1
0.4233473539352417,1
0.42591091990470886,1
0.5050070285797119,1
0.4250700771808624,1
0.41789382696151733,1
0.4201381206512451,1
0.4512174129486084,1
0.5085777044296265,1
0.4216219186782837,1
0.354906290769577,1
0.3761681914329529,1
0.5825346112251282,1
0.3732854127883911,1
0.35535717010498047,1
0.4920450448989868,1
0.5578161478042603,1
0.3463395833969116,1
0.49636662006378174,1
0.5213362574577332,1
0.428388774394989,1
0.36489903926849365,1
0.40521442890167236,1
0.6184995174407959,1
0.4407998323440552,1
0.5662369132041931,1
0.42373889684677124,1
0.47263431549072266,1
0.44900211691856384,1
0.44838806986808777,1
0.4614560008049011,1
0.4699811637401581,1
0.3190382122993469,1
0.42351222038269043,1
0.45825105905532837,1
0.5160267949104309,1
0.41894352436065674,1
0.3302786350250244,1
0.3877496123313904,1
0.46781009435653687,1
0.4817548990249634,1
0.3145916759967804,1
0.48635661602020264,1
0.46547091007232666,1
0.5408027768135071,1
0.389912486076355,1
0.43158817291259766,1
0.33307674527168274,1
0.4004863202571869,1
0.4893917143344879,1
0.38454312086105347,1
0.6582468152046204,1
0.5417056083679199,1
0.4333950877189636,1
0.5047062635421753,1
0.46584758162498474,1
0.4356895089149475,1
0.545592188835144,1
0.40348199009895325,1
0.48410916328430176,1
0.5059171915054321,1
0.3632296919822693,1
0.3882625699043274,1
0.4415225386619568,1
0.4675549268722534,1
0.4366438090801239,1
0.4365259110927582,1
0.5689930319786072,1
0.3868187367916107,1
0.3898770809173584,1
0.43761590123176575,1
0.49928271770477295,1
0.452945739030838,1
0.44260603189468384,1
0.43179765343666077,1
0.41918861865997314,1
0.39866065979003906,1
0.44703131914138794,1
0.45134085416793823,1
0.41912412643432617,1
0.5375734567642212,1
0.6010982990264893,1
0.3548882007598877,1
0.5002477169036865,1
0.5922863483428955,1
0.4734795093536377,1
0.4355688691139221,1
0.3489556908607483,1
0.579918622970581,1
0.4510034918785095,1
0.4194508492946625,1
0.36873659491539,1
0.4225757420063019,1
0.5536808371543884,1
0.5149445533752441,1
0.3897830843925476,1
0.34849846363067627,1
0.43995141983032227,1
0.41917815804481506,1
0.4330012798309326,1
0.4671895503997803,1
0.40562379360198975,1
0.5081051588058472,1
0.3950055241584778,1
0.5340033173561096,1
0.4442545771598816,1
0.4916439354419708,1
0.41469913721084595,1
0.46960705518722534,1
0.500962495803833,1
0.47628486156463623,1
0.397909015417099,1
0.4373602569103241,1
0.4029585123062134,1
0.506385862827301,1
0.3683488368988037,1
0.48945415019989014,1
0.42788150906562805,1
0.3670908510684967,1
0.5016170740127563,1
0.4312595725059509,1
0.4999125301837921,1
0.44854992628097534,1
0.45578527450561523,1
0.55196213722229,1
0.459104061126709,1
0.47407305240631104,1
0.45177972316741943,1
0.39508646726608276,1
0.3905597925186157,1
0.5785994529724121,1
0.5141316056251526,1
0.4281526207923889,1
0.40989217162132263,1
0.37742793560028076,1
0.3006187677383423,1
0.400993674993515,1
0.44839441776275635,1
0.401141881942749,1
0.42062851786613464,1
0.3343268632888794,1
0.41932591795921326,1
0.437369704246521,1
0.48247143626213074,1
0.48160600662231445,1
0.34554219245910645,1
0.5150878429412842,1
0.45657479763031006,1
0.5026314854621887,1
0.4593293368816376,1
0.3594657778739929,1
0.42688891291618347,1
0.4915745258331299,1
0.37533333897590637,1
0.4544004201889038,1
0.39040595293045044,1
0.4087158739566803,1
0.416452556848526,1
0.3432958126068115,1
0.3699246942996979,1
0.46716830134391785,1
0.35737279057502747,1
0.3481060266494751,1
0.3236505389213562,1
0.4168384075164795,1
0.38427653908729553,1
0.47326716780662537,1
0.4422145485877991,1
0.4187328815460205,1
0.45439666509628296,1
0.47379887104034424,1
0.36187562346458435,1
0.40468695759773254,1
0.5790410041809082,1
0.43639758229255676,1
0.4251277446746826,1
0.4721948206424713,1
0.4269179701805115,1
0.4378988742828369,1
0.473480761051178,1
0.3712955117225647,1
0.4476121664047241,1
0.45540186762809753,1
0.4157426655292511,1
0.3550125062465668,1
0.4479178786277771,1
0.39296332001686096,1
0.5457270741462708,1
0.4592478275299072,1
0.526597797870636,1
0.45346635580062866,1
0.4315325915813446,1
0.48894360661506653,1
0.4822453558444977,1
0.5373827219009399,1
0.4954017400741577,1
0.4587728977203369,1
0.3368653655052185,1
0.45437562465667725,1
0.4924853444099426,1
0.41607898473739624,1
0.49703216552734375,1
0.4128369688987732,1
0.5709967613220215,1
0.4087075889110565,1
0.4012826383113861,1
0.38440996408462524,1
0.4413725733757019,1
0.40673837065696716,1
0.4904786944389343,1
0.5103632807731628,1
0.4069400131702423,1
0.4495067894458771,1
0.5083862543106079,1
0.4525020122528076,1
0.4125435948371887,1
0.4106634855270386,1
0.41385775804519653,1
0.3519803285598755,1
0.48849713802337646,1
0.3939751982688904,1
0.3782932758331299,1
0.5164175629615784,1
0.37341493368148804,1
0.48735758662223816,1
0.4313183128833771,1
0.4772726595401764,1
0.4241417944431305,1
0.4098300337791443,1
0.3961852788925171,1
0.4308459758758545,1
0.3975662589073181,1
0.4476163685321808,1
0.35970473289489746,1
0.49816659092903137,1
0.3257271647453308,1
0.499128520488739,1
0.3986855447292328,1
0.45707809925079346,1
0.4519730508327484,1
0.38767173886299133,1
0.4169440269470215,1
0.4019988179206848,1
0.4412055015563965,1
0.4801981747150421,1
0.36793914437294006,1
0.43535950779914856,1
0.5690383911132813,1
0.3521229922771454,1
0.41779080033302307,1
0.47991853952407837,1
0.45289433002471924,1
0.4327530264854431,1
0.43093204498291016,1
0.43772655725479126,1
0.5175970792770386,1
0.5060532689094543,1
0.3710031509399414,1
0.46086299419403076,1
0.4205484986305237,1
0.37745317816734314,1
0.4157522916793823,1
0.43159550428390503,1
0.29704904556274414,1
0.47524577379226685,1
0.43047964572906494,1
0.41985955834388733,1
0.4813190996646881,1
0.48241275548934937,1
0.5031508207321167,1
0.35804370045661926,1
0.4425900876522064,1
0.33256229758262634,1
0.501729428768158,1
0.467591255903244,1
0.5389136075973511,1
0.4289816617965698,1
0.4400833249092102,1
0.4613965153694153,1
0.41135373711586,1
0.42111432552337646,1
0.36170870065689087,1
0.5576046705245972,1
0.512279212474823,1
0.3449937403202057,1
0.53926020860672,1
0.40500760078430176,1
0.44280409812927246,1
0.40946972370147705,1
0.5407787561416626,1
0.4575415551662445,1
0.5183286666870117,1
0.4187277853488922,1
0.4920694828033447,1
0.5076417922973633,1
0.44563132524490356,1
0.4358287453651428,1
0.4999036192893982,1
0.45010656118392944,1
0.5785295963287354,1
0.38582462072372437,1
0.33943021297454834,1
0.494093120098114,1
0.5123921036720276,1
0.4466080069541931,1
0.44285857677459717,1
0.4381279945373535,1
0.5659422278404236,1
0.3395192325115204,1
0.3181743621826172,1
0.476205438375473,1
0.516620934009552,1
0.5181142687797546,1
0.4867115318775177,1
0.4162196218967438,1
0.3600272536277771,1
0.3734622001647949,1
0.43382272124290466,1
0.3806297183036804,1
0.33464759588241577,1
0.4953070878982544,1
0.48271849751472473,1
0.38868996500968933,1
0.5291882753372192,1
0.4262523651123047,1
0.49287718534469604,1
0.42137759923934937,1
0.44506803154945374,1
0.413549542427063,1
0.5081193447113037,1
0.4474637508392334,1
0.45703333616256714,1
0.4997278153896332,1
0.41917330026626587,1
0.38732048869132996,1
0.4820796549320221,1
0.4465199410915375,1
0.4978121519088745,1
0.4365338683128357,1
0.3365645408630371,1
0.46505987644195557,1
0.4860047996044159,1
0.40680158138275146,1
0.5290691256523132,1
0.43607938289642334,1
0.46759164333343506,1
0.43569353222846985,1
0.4561839699745178,1
0.4632258415222168,1
0.502518892288208,1
0.4531592130661011,1
0.3603038191795349,1
0.4737749993801117,1
0.41521549224853516,1
0.3748459815979004,1
0.5302802324295044,1
0.5313658118247986,1
0.3516998887062073,1
0.4381948411464691,1
0.4466545879840851,1
0.4983888566493988,1
0.32117760181427,1
0.4056865870952606,1
0.41710349917411804,1
0.37753114104270935,1
0.48589199781417847,1
0.41615307331085205,1
0.5521620512008667,1
0.3958086669445038,1
0.28208252787590027,1
0.3259550929069519,1
0.4480677843093872,1
0.4832583963871002,1
0.3258039653301239,1
0.4350069761276245,1
0.33875060081481934,1
0.44852811098098755,1
0.47360122203826904,1
0.3990493714809418,1
0.4175884425640106,1
0.33477458357810974,1
0.3838177025318146,1
0.5217029452323914,1
0.3827351927757263,1
0.3780432343482971,1
0.4701339304447174,1
0.35865071415901184,1
0.5075682997703552,1
0.4285051226615906,1
0.34643447399139404,1
0.386947900056839,1
0.5079060792922974,1
0.41680166125297546,1
0.33446061611175537,1
0.45740604400634766,1
0.5349228382110596,1
0.4350852370262146,1
0.44623643159866333,1
0.3127533197402954,1
0.49801763892173767,1
0.527065634727478,1
0.4168660044670105,1
0.42314183712005615,1
0.496066153049469,1
0.48951274156570435,1
0.42008861899375916,1
0.3700155019760132,1
0.43423569202423096,1
0.4515547752380371,1
0.4533620774745941,1
0.4009558856487274,1
0.44195085763931274,1
0.5669881105422974,1
0.4759281277656555,1
0.40052103996276855,1
0.40142661333084106,1
0.5046681761741638,1
0.42611634731292725,1
0.38193583488464355,1
0.4919886887073517,1
0.46147799491882324,1
0.4187992215156555,1
0.44082415103912354,1
0.40645086765289307,1
0.4231552481651306,1
0.4323500990867615,1
0.5568371415138245,1
0.3898264765739441,1
0.4352755546569824,1
0.33551275730133057,1
0.38381409645080566,1
0.40427014231681824,1
0.41598039865493774,1
0.3248012661933899,1
0.3451419472694397,1
0.41685348749160767,1
0.4514208436012268,1
0.5145763754844666,1
0.5245299339294434,1
0.35399800539016724,1
0.3693709373474121,1
0.5173880457878113,1
0.5015364289283752,1
0.35900869965553284,1
0.39769697189331055,1
0.3592522442340851,1
0.5456681251525879,1
0.5403051376342773,1
0.32300710678100586,1
0.4492393136024475,1
0.40327614545822144,1
0.5836007595062256,1
0.36466923356056213,1
0.33678948879241943,1
0.4689161479473114,1
0.521816074848175,1
0.40678125619888306,1
0.3581530451774597,1
0.3170347511768341,1
0.5101661682128906,1
0.4156574010848999,1
0.47274160385131836,1
0.3573206663131714,1
0.4112199544906616,1
0.3993237614631653,1
0.47801339626312256,1
0.47584837675094604,1
0.4299156963825226,1
0.49119454622268677,1
0.36512401700019836,1
0.41835930943489075,1
0.52109694480896,1
0.4326270818710327,1
0.5088756084442139,1
0.39699095487594604,1
0.4605785608291626,1
0.34077897667884827,1
0.5039653182029724,1
0.3577900528907776,1
0.3151458501815796,1
0.42552292346954346,1
0.4797428846359253,1
0.4295571744441986,1
0.5100529193878174,1
0.5174660086631775,1
0.4121500849723816,1
0.4550224542617798,1
0.38702207803726196,1
0.5055139064788818,1
0.41782552003860474,1
0.35188937187194824,1
0.4754321575164795,1
0.4591975212097168,1
0.3750143051147461,1
0.47703981399536133,1
0.5674840211868286,1
0.41336318850517273,1
0.3831824064254761,1
0.464552640914917,1
0.5392647981643677,1
0.48495054244995117,1
0.35267964005470276,1
0.40126341581344604,1
0.42251041531562805,1
0.588909387588501,1
0.5629429817199707,1
0.4961581230163574,1
0.4398477077484131,1
0.3510395288467407,1
0.3741067051887512,1
0.3633262813091278,1
0.4086816608905792,1
0.5833116173744202,1
0.4656486511230469,1
0.4928666949272156,1
0.4072389006614685,1
0.37573641538619995,1
0.6610456705093384,1
0.43963658809661865,1
0.4862089157104492,1
0.37576398253440857,1
0.46170252561569214,1
0.31492412090301514,1
0.39240747690200806,1
0.4012536406517029,1
0.38126468658447266,1
0.446923166513443,1
0.41784971952438354,1
0.37602776288986206,1
0.2677065134048462,1
0.36947232484817505,1
0.49309635162353516,1
0.46398916840553284,1
0.48700621724128723,1
0.4587176442146301,1
0.3274726867675781,1
0.4683639109134674,1
0.4495018422603607,1
0.31212496757507324,1
0.3854871392250061,1
0.355334997177124,1
0.3618618845939636,1
0.40879112482070923,1
0.422637015581131,1
0.4362791180610657,1
0.47569435834884644,1
0.4830596446990967,1
0.34320226311683655,1
0.4404805302619934,1
0.43724411725997925,1
0.3660663664340973,1
0.4729253053665161,1
0.4923383891582489,1
0.3346864879131317,1
0.4823530316352844,1
0.4254242479801178,1
0.41529470682144165,1
0.4136245548725128,1
0.4033074676990509,1
0.5292733311653137,1
0.39215272665023804,1
0.4152035713195801,1
0.4301932752132416,1
0.3799613118171692,1
0.4080286920070648,1
0.44928431510925293,1
0.4844079613685608,1
0.39959725737571716,1
0.3711301386356354,1
0.4040546715259552,1
0.44717225432395935,1
0.5120333433151245,1
0.45059502124786377,1
0.42778480052948,1
0.4633529782295227,1
0.417236864566803,1
0.4577987790107727,1
0.460552453994751,1
0.4732551574707031,1
0.48025447130203247,1
0.3711822032928467,1
0.36526501178741455,1
0.5152889490127563,1
0.4797705113887787,1
0.4329436421394348,1
0.3885744512081146,1
0.40567439794540405,1
0.4947805404663086,1
0.42830926179885864,1
0.522740364074707,1
0.4473089575767517,1
0.6153584718704224,1
0.40346604585647583,1
0.44058889150619507,1
0.5892117023468018,1
0.4769710302352905,1
0.39658182859420776,1
0.39619114995002747,1
0.4364136755466461,1
0.5213682055473328,1
0.44432520866394043,1
0.3989303708076477,1
0.5994231104850769,1
0.6061967611312866,1
0.43631595373153687,1
0.3640047013759613,1
0.46221256256103516,1
0.43737754225730896,1
0.4371556043624878,1
0.4398878812789917,1
0.3622034192085266,1
0.5496448874473572,1
0.3900076746940613,1
0.44793668389320374,1
0.4023227095603943,1
0.4741967022418976,1
0.5234636068344116,1
0.42443978786468506,1
0.4351385831832886,1
0.47425028681755066,1
0.4401093125343323,1
0.39463263750076294,1
0.45275989174842834,1
0.35126611590385437,1
0.4407721757888794,1
0.42300963401794434,1
0.5400939583778381,1
0.4511260986328125,1
0.3422185480594635,1
0.47452452778816223,1
0.3870605528354645,1
0.3831344544887543,1
0.4546657204627991,1
0.40422379970550537,1
0.39085301756858826,1
0.4443042278289795,1
0.5593535304069519,1
0.3880634307861328,1
0.4752177298069,1
0.4249950647354126,1
0.396414577960968,1
0.4929082989692688,1
0.4281453788280487,1
0.43889111280441284,1
0.4850272536277771,1
0.39085087180137634,1
0.4529811441898346,1
0.4357454478740692,1
0.4706171751022339,1
0.34405383467674255,1
0.43212074041366577,1
0.4366348087787628,1
0.42451396584510803,1
0.43949800729751587,1
0.37263235449790955,1
0.40662169456481934,1
0.40599751472473145,1
0.41047224402427673,1
0.5306458473205566,1
0.46097874641418457,1
0.44501209259033203,1
0.41603797674179077,1
0.33336976170539856,1
0.45359453558921814,1
0.4439952075481415,1
0.4284634292125702,1
0.45873183012008667,1
0.5367662906646729,1
0.39241188764572144,1
0.41303059458732605,1
0.42878907918930054,1
0.32513439655303955,1
0.39588165283203125,1
0.38538023829460144,1
0.43286871910095215,1
0.4003099799156189,1
0.39279475808143616,1
0.44742706418037415,1
0.57936692237854,1
0.5314791798591614,1
0.40742820501327515,1
0.5618709325790405,1
0.472024142742157,1
0.3743666410446167,1
0.41375109553337097,1
0.36126425862312317,1
0.4113365411758423,1
0.452312171459198,1
0.5469735264778137,1
0.3921835720539093,1
0.4874715805053711,1
0.37634769082069397,1
0.4094189405441284,1
0.3787730932235718,1
0.3943992853164673,1
0.43284404277801514,1
0.4098905324935913,1
0.43495604395866394,1
0.5030267238616943,1
0.5413577556610107,1
0.40736889839172363,1
0.3894161581993103,1
0.5325721502304077,1
0.4856967329978943,1
0.44035008549690247,1
0.5066081285476685,1
0.4758910834789276,1
0.40335798263549805,1
0.519062340259552,1
0.4452275037765503,1
0.4246295094490051,1
0.40279585123062134,1
0.4380109906196594,1
0.520893931388855,1
0.4630783796310425,1
0.3854857087135315,1
0.380365788936615,1
0.3644079267978668,1
0.47884178161621094,1
0.5465779304504395,1
0.37614649534225464,1
0.43220192193984985,1
0.3931170105934143,1
0.42350566387176514,1
0.37671607732772827,1
0.3463134467601776,1
0.4314475655555725,1
0.3257565498352051,1
0.3992537260055542,1
0.2765582501888275,1
0.42641398310661316,1
0.5707778930664063,1
0.417089581489563,1
0.4879092872142792,1
0.4182165861129761,1
0.4770652651786804,1
0.4333265423774719,1
0.359404981136322,1
0.42468342185020447,1
0.43478095531463623,1
0.44660472869873047,1
0.4193154573440552,1
0.51973956823349,1
0.48290085792541504,1
0.33496028184890747,1
0.44389790296554565,1
0.3184356987476349,1
0.4789378345012665,1
0.36586952209472656,1
0.3526913821697235,1
0.4834536612033844,1
0.411452054977417,1
0.436320424079895,1
0.45516979694366455,1
0.3436320126056671,1
0.469854474067688,1
0.39826345443725586,1
0.36192959547042847,1
0.42569419741630554,1
0.3776790499687195,1
0.5545487403869629,1
0.43326929211616516,1
0.363160640001297,1
0.44991517066955566,1
0.3997977077960968,1
0.4092605412006378,1
0.3330548405647278,1
0.3968454599380493,1
0.44085994362831116,1
0.3710985481739044,1
0.410058856010437,1
0.371955931186676,1
0.5565629601478577,1
0.42972585558891296,1
0.5267693996429443,1
0.3905142545700073,1
0.40381112694740295,1
0.46056926250457764,1
0.43570926785469055,1
0.5381468534469604,1
0.3906794786453247,1
0.49327483773231506,1
0.37237274646759033,1
0.4485680162906647,1
0.33996498584747314,1
0.5360070466995239,1
0.3981718122959137,1
0.46363401412963867,1
0.33600544929504395,1
0.38577592372894287,1
0.5241190195083618,1
0.4327961802482605,1
0.42888781428337097,1
0.33943015336990356,1
0.4205765724182129,1
0.49151015281677246,1
0.46340566873550415,1
0.3670136332511902,1
0.38092875480651855,1
0.4330238699913025,1
0.3297812342643738,1
0.41083264350891113,1
0.38881367444992065,1
0.3052484691143036,1
0.32261568307876587,1
0.3325600028038025,1
0.4464574158191681,1
0.5188998579978943,1
0.41005557775497437,1
0.41599711775779724,1
0.30388885736465454,1
0.3741508722305298,1
0.49054765701293945,1
0.5090223550796509,1
0.3383409380912781,1
0.4650081396102905,1
0.424060195684433,1
0.364865243434906,1
0.4274296760559082,1
0.47588545083999634,1
0.5382980108261108,1
0.3601584732532501,1
0.3977645933628082,1
0.5416377782821655,1
0.3610617518424988,1
0.47288811206817627,1
0.4190623164176941,1
0.3905129134654999,1
0.46419334411621094,1
0.4504149556159973,1
0.31913357973098755,1
0.33874979615211487,1
0.3179781436920166,1
0.4538179337978363,1
0.4531223177909851,1
0.44155552983283997,1
0.2859554588794708,1
0.39915066957473755,1
0.4098304808139801,1
0.49841755628585815,1
0.5411776304244995,1
0.42797958850860596,1
0.44776299595832825,1
0.3639805018901825,1
0.4030580520629883,1
0.4633827805519104,1
0.3141382336616516,1
0.48701927065849304,1
0.3970346450805664,1
0.3432455062866211,1
0.4135417938232422,1
0.32289859652519226,1
0.5500293970108032,1
0.3573213219642639,1
0.38549402356147766,1
0.2956176996231079,1
0.5059335231781006,1
0.5389664769172668,1
0.4274604916572571,1
0.3722357153892517,1
0.35358482599258423,1
0.4250507354736328,1
0.4098517894744873,1
0.31233716011047363,1
0.40099459886550903,1
0.48089033365249634,1
0.4511948823928833,1
0.43113434314727783,1
0.4183042049407959,1
0.36531543731689453,1
0.399682879447937,1
0.2980390787124634,1
0.32459506392478943,1
0.47469934821128845,1
0.489011287689209,1
0.4803236126899719,1
0.4727575182914734,1
0.49378496408462524,1
0.5068579316139221,1
0.5419945120811462,1
0.35732489824295044,1
0.46984583139419556,1
0.3885785639286041,1
0.4523348808288574,1
0.5753241777420044,1
0.3820081651210785,1
0.4334084093570709,1
0.43630319833755493,1
0.42918330430984497,1
0.44296520948410034,1
0.4716684818267822,1
0.4377126693725586,1
0.46839505434036255,1
0.4160386323928833,1
0.36183297634124756,1
0.5163480043411255,1
0.4543897211551666,1
0.531832218170166,1
0.45775675773620605,1
0.3959234952926636,1
0.49988609552383423,1
0.4973933696746826,1
0.4218311011791229,1
0.4235275089740753,1
0.4625733196735382,1
0.4458651542663574,1
0.4676322340965271,1
0.41527533531188965,1
0.4751242697238922,1
0.4913831651210785,1
0.5815669298171997,1
0.33858126401901245,1
0.41423553228378296,1
0.33100688457489014,1
0.4342292547225952,1
0.3752407431602478,1
0.434472918510437,1
0.5834606885910034,1
0.43917354941368103,1
0.44811785221099854,1
0.46836501359939575,1
0.4138633608818054,1
0.5109953880310059,1
0.29675552248954773,1
0.33938246965408325,1
0.49782782793045044,1
0.4268963932991028,1
0.3487270474433899,1
0.5328640341758728,1
0.42058584094047546,1
0.4451965391635895,1
0.3805771768093109,1
0.5007891654968262,1
0.4316469132900238,1
0.41202327609062195,1
0.3336764872074127,1
0.49362391233444214,1
0.3415229916572571,1
0.36007869243621826,1
0.46797841787338257,1
0.4531823396682739,1
0.3971010744571686,1
0.39568084478378296,1
0.4429352283477783,1
0.4568452835083008,1
0.43398749828338623,1
0.4152141809463501,1
0.4786401391029358,1
0.4250549077987671,1
0.4279271960258484,1
0.4445433020591736,1
0.3699296712875366,1
0.42699041962623596,1
0.4194149076938629,1
0.5288487076759338,1
0.4804944694042206,1
0.47994494438171387,1
0.35060596466064453,1
0.33350473642349243,1
0.40191417932510376,1
0.44651445746421814,1
0.4460187554359436,1
0.3474798798561096,1
0.4428545832633972,1
0.34873515367507935,1
0.42388713359832764,1
0.5073007345199585,1
0.486237108707428,1
0.4213670790195465,1
0.3610711991786957,1
0.4544679522514343,1
0.4794396460056305,1
0.5447795987129211,1
0.43807804584503174,1
0.42715030908584595,1
0.36800825595855713,1
0.4258604645729065,1
0.43501460552215576,1
0.4299139976501465,1
0.4719028174877167,1
0.45058634877204895,1
0.4196974039077759,1
0.42711693048477173,1
0.46237310767173767,1
0.6225406527519226,1
0.41146203875541687,1
0.5479967594146729,1
0.6102716326713562,1
0.5166993141174316,1
0.4729446470737457,1
0.33711788058280945,1
0.40412241220474243,1
0.41692766547203064,1
0.3296739161014557,1
0.4266701638698578,1
0.3451674282550812,1
0.3595227003097534,1
0.46287453174591064,1
0.4030361771583557,1
0.37384116649627686,1
0.4052656292915344,1
0.37962645292282104,1
0.45892852544784546,1
0.4542371332645416,1
0.49403440952301025,1
0.3499075174331665,1
0.3603878617286682,1
0.37620651721954346,1
0.39242076873779297,1
0.44233617186546326,1
0.37817925214767456,1
0.40949928760528564,1
0.43856263160705566,1
0.39517444372177124,1
0.32093533873558044,1
0.41304585337638855,1
0.525825023651123,1
0.5284122228622437,1
0.43100401759147644,1
0.3279602527618408,1
0.5212404131889343,1
0.433662474155426,1
0.37039679288864136,1
0.6031782627105713,1
0.3824531137943268,1
0.5990680456161499,1
0.3768804669380188,1
0.4907371997833252,1
0.4391323924064636,1
0.45558521151542664,1
0.41402965784072876,1
0.3684365153312683,1
0.48633110523223877,1
0.5445299744606018,1
0.39068782329559326,1
0.47808757424354553,1
0.5456126928329468,1
0.3914133608341217,1
0.43232840299606323,1
0.39905881881713867,1
0.41245588660240173,1
0.429069846868515,1
0.4307556748390198,1
0.5365286469459534,1
0.3478092551231384,1
0.45744818449020386,1
0.45401281118392944,1
0.43473997712135315,1
0.4130379259586334,1
0.46327799558639526,1
0.4086751341819763,1
0.48192447423934937,1
0.39008384943008423,1
0.5742837190628052,1
0.48407095670700073,1
0.4998548626899719,1
0.4014476239681244,1
0.507157027721405,1
0.5000177025794983,1
0.4054443836212158,1
0.4260258674621582,1
0.46670636534690857,1
0.33848837018013,1
0.41379642486572266,1
0.44063231348991394,1
0.41948097944259644,1
0.4383447766304016,1
0.4578075110912323,1
0.49757319688796997,1
0.427823930978775,1
0.4121512174606323,1
0.49589014053344727,1
0.4452822804450989,1
0.3762381374835968,1
0.4353180527687073,1
0.519722044467926,1
0.508712887763977,1
0.37159234285354614,1
0.5046863555908203,1
0.3623141050338745,1
0.4977193772792816,1
0.37633317708969116,1
0.4747079610824585,1
0.41050171852111816,1
0.4282451272010803,1
0.39744406938552856,1
0.4891349673271179,1
0.4239502251148224,1
0.3796852231025696,1
0.40371569991111755,1
0.38503050804138184,1
0.3896099030971527,1
0.39700379967689514,1
0.4105020761489868,1
0.36641788482666016,1
0.3989487290382385,1
0.3545832931995392,1
0.44029879570007324,1
0.33533650636672974,1
0.3998572826385498,1
0.3789602220058441,1
0.3754039704799652,1
0.41051188111305237,1
0.45227503776550293,1
0.46092158555984497,1
0.5923071503639221,1
0.4130941331386566,1
0.36614587903022766,1
0.42015329003334045,1
0.4431436061859131,1
0.5544796586036682,1
0.4956757426261902,1
0.4375377297401428,1
0.47742539644241333,1
0.40469664335250854,1
0.45258286595344543,1
0.392975777387619,1
0.43979722261428833,1
0.4091518223285675,1
0.49291983246803284,1
0.40270912647247314,1
0.3619438707828522,1
0.4360148310661316,1
0.5110427141189575,1
0.5626879930496216,1
0.4318760633468628,1
0.4008784592151642,1
0.5514728426933289,1
0.345193088054657,1
0.5267370343208313,1
0.4131114184856415,1
0.4980023205280304,1
0.5073198676109314,1
0.5091464519500732,1
0.4953615963459015,1
0.48156070709228516,1
0.507837176322937,1
0.4756185710430145,1
0.5134633779525757,1
0.30360791087150574,1
0.4857022166252136,1
0.38010361790657043,1
0.43890154361724854,1
0.5900473594665527,1
0.40790149569511414,1
0.3960511088371277,1
0.4044762849807739,1
0.3576261103153229,1
0.342090368270874,1
0.49425333738327026,1
0.39750683307647705,1
0.43155086040496826,1
0.516589879989624,1
0.5757432579994202,1
0.37988340854644775,1
0.33245015144348145,1
0.38862738013267517,1
0.47380268573760986,1
0.4355778098106384,1
0.3755186200141907,1
0.4135187864303589,1
0.5007885694503784,1
0.4148108959197998,1
0.40945231914520264,1
0.41916078329086304,1
0.3692803978919983,1
0.4088481068611145,1
0.303857684135437,1
0.3943619132041931,1
0.37962639331817627,1
0.42164161801338196,1
0.4682539403438568,1
0.4546140730381012,1
0.4636758863925934,1
0.4441932439804077,1
0.49942469596862793,1
0.30480605363845825,1
0.49045395851135254,1
0.4835672378540039,1
0.45262807607650757,1
0.5532550811767578,1
0.49319249391555786,1
0.4446098804473877,1
0.50870680809021,1
0.4808385372161865,1
0.35015374422073364,1
0.40426525473594666,1
0.3900054097175598,1
0.6142996549606323,1
0.43834006786346436,1
0.4881276488304138,1
0.3604794442653656,1
0.38289570808410645,1
0.4909476041793823,1
0.41003555059432983,1
0.3730335533618927,1
0.5577468872070313,1
0.33547040820121765,1
0.4732531011104584,1
0.40859097242355347,1
0.5897113084793091,1
0.4501650631427765,1
0.5336456298828125,1
0.43384426832199097,1
0.41508015990257263,1
0.4505618214607239,1
0.35522449016571045,1
0.5001792907714844,1
0.5519798994064331,1
0.4753948748111725,1
0.6024423837661743,1
0.5402931571006775,1
0.4936167597770691,1
0.49932771921157837,1
0.376177579164505,1
0.3968486785888672,1
0.39545994997024536,1
0.3975604176521301,1
0.4416971206665039,1
0.4391270875930786,1
0.5453067421913147,1
0.4251156151294708,1
0.348334938287735,1
0.3666844367980957,1
0.5014744400978088,1
0.5539786219596863,1
0.3378636837005615,1
0.4853372871875763,1
0.38609227538108826,1
0.4468909800052643,1
0.5842966437339783,1
0.46489107608795166,1
0.4202909767627716,1
0.3652246594429016,1
0.3983020484447479,1
0.45346274971961975,1
0.47461599111557007,1
0.46063530445098877,1
0.5117313861846924,1
0.43229612708091736,1
0.446808397769928,1
0.5064697861671448,1
0.33730989694595337,1
0.3747904896736145,1
0.4774527847766876,1
0.47537556290626526,1
0.393269807100296,1
0.408311128616333,1
0.3994012475013733,1
0.5278550386428833,1
0.3545096218585968,1
0.3804193139076233,1
0.3816508948802948,1
0.5130199193954468,1
0.449392169713974,1
0.3755909204483032,1
0.44239574670791626,1
0.32224616408348083,1
0.5537782311439514,1
0.3931812345981598,1
0.34140488505363464,1
0.47233787178993225,1
0.47769874334335327,1
0.5282769799232483,1
0.40994417667388916,1
0.40478676557540894,1
0.336721807718277,1
0.4284451901912689,1
0.48490989208221436,1
0.4808099567890167,1
0.4833172559738159,1
0.33920353651046753,1
0.4001884460449219,1
0.5877388715744019,1
0.4431355595588684,1
0.45081478357315063,1
0.42000025510787964,1
0.5339785814285278,1
0.4660426676273346,1
0.3930676579475403,1
0.4491555094718933,1
0.39193952083587646,1
0.41263914108276367,1
0.34851956367492676,1
0.35451704263687134,1
0.5225363373756409,1
0.4178791642189026,1
0.43448567390441895,1
0.41575002670288086,1
0.5352345705032349,1
0.45698410272598267,1
0.38878753781318665,1
0.45433804392814636,1
0.4727016091346741,1
0.5098512172698975,1
0.39636901021003723,1
0.4704078435897827,1
0.47118520736694336,1
0.4359326958656311,1
0.44224512577056885,1
0.5500726699829102,1
0.47681424021720886,1
0.3374163508415222,1
0.5800671577453613,1
0.4891679584980011,1
0.44980931282043457,1
0.4439312517642975,1
0.46192991733551025,1
0.3643242120742798,1
0.3530879616737366,1
0.4452460706233978,1
0.4173758625984192,1
0.4195098280906677,1
0.39905422925949097,1
0.517032265663147,1
0.3911011219024658,1
0.3467258810997009,1
0.4054659903049469,1
0.4290674030780792,1
0.32708239555358887,1
0.45366722345352173,1
0.3871893882751465,1
0.41502541303634644,1
0.4122669994831085,1
0.4461514353752136,1
0.3530411124229431,1
0.4941232204437256,1
0.43111753463745117,1
0.5306601524353027,1
0.39079710841178894,1
0.4338254928588867,1
0.46251723170280457,1
0.43498823046684265,1
0.429837167263031,1
0.44788485765457153,1
0.3767656683921814,1
0.44928741455078125,1
0.4258764982223511,1
0.3772839307785034,1
0.44363534450531006,1
0.5098296999931335,1
0.321688711643219,1
0.36766064167022705,1
0.5196191072463989,1
0.48644062876701355,1
0.5726094841957092,1
0.44054949283599854,1
0.6037254333496094,1
0.4283745586872101,1
0.4526868164539337,1
0.3881102204322815,1
0.3720296323299408,1
0.4475311040878296,1
0.3746876120567322,1
0.40383896231651306,1
0.5357211828231812,1
0.39318332076072693,1
0.4421706199645996,1
0.387139230966568,1
0.4329867660999298,1
0.5220693349838257,1
0.4390624761581421,1
0.41236233711242676,1
0.42019593715667725,1
0.5525789260864258,1
0.4107350707054138,1
0.5037051439285278,1
0.4250643253326416,1
0.39955389499664307,1
0.4489086866378784,1
0.4677525460720062,1
0.34198713302612305,1
0.4784870147705078,1
0.5237978100776672,1
0.39705461263656616,1
0.43335700035095215,1
0.32417184114456177,1
0.42830124497413635,1
0.49394333362579346,1
0.49057716131210327,1
0.5377488136291504,1
0.3574356436729431,1
0.44308626651763916,1
0.4437507092952728,1
0.39032140374183655,1
0.4319608509540558,1
0.46013039350509644,1
0.5014487504959106,1
0.39698946475982666,1
0.43020492792129517,1
0.5265349745750427,1
0.44087937474250793,1
0.4480392336845398,1
0.3377658724784851,1
0.5172049403190613,1
0.4627077877521515,1
0.5000634789466858,1
0.3632541298866272,1
0.5168899297714233,1
0.39378246665000916,1
0.38393670320510864,1
0.41680172085762024,1
0.3786023259162903,1
0.35712921619415283,1
0.4541790783405304,1
0.46923255920410156,1
0.40057873725891113,1
0.42598336935043335,1
0.4075729250907898,1
0.399125337600708,1
0.41660431027412415,1
0.36986038088798523,1
0.5216439366340637,1
0.393104612827301,1
0.3959290385246277,1
0.39169490337371826,1
0.38341057300567627,1
0.3825721740722656,1
0.4495580792427063,1
0.4458027184009552,1
0.49635857343673706,1
0.42980074882507324,1
0.37552401423454285,1
0.39230531454086304,1
0.40389275550842285,1
0.41823309659957886,1
0.44649678468704224,1
0.4471072852611542,1
0.44696593284606934,1
0.45165979862213135,1
0.3946143388748169,1
0.35725682973861694,1
0.39989009499549866,1
0.4999806880950928,1
0.4764898419380188,1
0.3631010055541992,1
0.5537038445472717,1
0.6149425506591797,1
0.544704794883728,1
0.4587040841579437,1
0.4483257532119751,1
0.29894736409187317,1
0.49541032314300537,1
0.41862356662750244,1
0.42042696475982666,1
0.4006088376045227,1
0.5632335543632507,1
0.40324273705482483,1
0.4597105085849762,1
0.4409281611442566,1
0.4079490005970001,1
0.4276769161224365,1
0.466199666261673,1
0.5544919967651367,1
0.47727084159851074,1
0.4509822726249695,1
0.4585036635398865,1
0.3920243978500366,1
0.4221544861793518,1
0.5220113396644592,1
0.4645557701587677,1
0.4000038504600525,1
0.3379727005958557,1
0.29792049527168274,1
0.4217901825904846,1
0.5304365158081055,1
0.3977644443511963,1
0.3958900570869446,1
0.3744365870952606,1
0.4437110424041748,1
0.44395026564598083,1
0.4994145333766937,1
0.45863077044487,1
0.37161606550216675,1
0.4167138338088989,1
0.36419346928596497,1
0.40272316336631775,1
0.46249011158943176,1
0.4764232635498047,1
0.4060664176940918,1
0.48644813895225525,1
0.4035186171531677,1
0.39748725295066833,1
0.4121071696281433,1
0.3792683482170105,1
0.44684672355651855,1
0.40783262252807617,1
0.2994624078273773,1
0.3442879915237427,1
0.48601555824279785,1
0.35014647245407104,1
0.3567698895931244,1
0.5469253659248352,1
0.3966812193393707,1
0.36147624254226685,1
0.42270374298095703,1
0.3871220350265503,1
0.337391197681427,1
0.49073633551597595,1
0.41581591963768005,1
0.33985668420791626,1
0.38202959299087524,1
0.4440382719039917,1
0.4381853938102722,1
0.5466747283935547,1
0.36472398042678833,1
0.3636118769645691,1
0.36272743344306946,1
0.5800590515136719,1
0.3549959659576416,1
0.5195173025131226,1
0.4900616407394409,1
0.39849185943603516,1
0.4602792263031006,1
0.34734222292900085,1
0.3153623938560486,1
0.42959049344062805,1
0.4159446060657501,1
0.4393443167209625,1
0.5882856845855713,1
0.43594393134117126,1
0.39775392413139343,1
0.4540625810623169,1
0.4116923213005066,1
0.38040703535079956,1
0.41384655237197876,1
0.4637499451637268,1
0.4335411787033081,1
0.46696677803993225,1
0.38954704999923706,1
0.32858532667160034,1
0.4025363326072693,1
0.5252554416656494,1
0.41562479734420776,1
0.43905138969421387,1
0.4661301374435425,1
0.5438222289085388,1
0.3720042109489441,1
0.49319252371788025,1
0.38795793056488037,1
0.48125842213630676,1
0.4485175907611847,1
0.48259052634239197,1
0.38812991976737976,1
0.576943039894104,1
0.45926985144615173,1
0.42728152871131897,1
0.37369632720947266,1
0.42872750759124756,1
0.45159006118774414,1
0.4689783453941345,1
0.44659423828125,1
0.5183092951774597,1
0.3428633511066437,1
0.3349192142486572,1
0.4300174415111542,1
0.4313948452472687,1
0.45926886796951294,1
0.49567896127700806,1
0.48800408840179443,1
0.472770631313324,1
0.39382559061050415,1
0.45794394612312317,1
0.4161902964115143,1
0.39200255274772644,1
0.4998823404312134,1
0.4970811605453491,1
0.42286479473114014,1
0.3848961591720581,1
0.5036980509757996,1
0.4695228040218353,1
0.44924572110176086,1
0.38066133856773376,1
0.4481962323188782,1
0.4487971067428589,1
0.45374321937561035,1
0.5679482221603394,1
0.3757508099079132,1
0.5251468420028687,1
0.42859822511672974,1
0.4070925712585449,1
0.40504172444343567,1
0.4687005877494812,1
0.46110063791275024,1
0.43038028478622437,1
0.42033013701438904,1
0.5166248679161072,1
0.43099847435951233,1
0.6442089676856995,1
0.4156718850135803,1
0.5179327130317688,1
0.3947576880455017,1
0.3974575996398926,1
0.3868322968482971,1
0.42343083024024963,1
0.47365888953208923,1
0.384598046541214,1
0.48855581879615784,1
0.4621712863445282,1
0.44444042444229126,1
0.3713621497154236,1
0.4274960458278656,1
0.3790215849876404,1
0.43749356269836426,1
0.4188794791698456,1
0.4903365969657898,1
0.4024013876914978,1
0.4322322607040405,1
0.39337974786758423,1
0.39096152782440186,1
0.5183515548706055,1
0.5012699961662292,1
0.507172703742981,1
0.4045388102531433,1
0.4534187316894531,1
0.4234979748725891,1
0.4100584387779236,1
0.4147234261035919,1
0.42075806856155396,1
0.45401501655578613,1
0.33289751410484314,1
0.5501270890235901,1
0.4192277789115906,1
0.4090625047683716,1
0.3567740023136139,1
0.3896122872829437,1
0.5376743078231812,1
0.4812565743923187,1
0.40991848707199097,1
0.4469449520111084,1
0.5083242654800415,1
0.4446018934249878,1
0.3274109363555908,1
0.4617246389389038,1
0.4359878897666931,1
0.46751391887664795,1
0.4024072587490082,1
0.35880962014198303,1
0.4181782603263855,1
0.4349636733531952,1
0.4791935682296753,1
0.40434399247169495,1
0.46519261598587036,1
0.32311585545539856,1
0.4413036108016968,1
0.4515377879142761,1
0.29449668526649475,1
0.4473077058792114,1
0.41576051712036133,1
0.4466342329978943,1
0.28582674264907837,1
0.35708144307136536,1
0.3793013095855713,1
0.44562309980392456,1
0.520883321762085,1
0.4414925277233124,1
0.5004449486732483,1
0.49637138843536377,1
0.44687390327453613,1
0.5247575044631958,1
0.3763059973716736,1
0.3659400939941406,1
0.35468557476997375,1
0.452854186296463,1
0.3398262858390808,1
0.4520961046218872,1
0.32038018107414246,1
0.4060843586921692,1
0.5096678733825684,1
0.4974841773509979,1
0.3759501278400421,1
0.47992634773254395,1
0.3676820397377014,1
0.4026917815208435,1
0.37699535489082336,1
0.38159412145614624,1
0.4659460484981537,1
0.41993120312690735,1
0.44917431473731995,1
0.3915766179561615,1
0.4586990177631378,1
0.5057164430618286,1
0.504025399684906,1
0.4623929262161255,1
0.41706693172454834,1
0.4900755286216736,1
0.41858991980552673,1
0.49072808027267456,1
0.49817633628845215,1
0.32690727710723877,1
0.4048699140548706,1
0.3690197169780731,1
0.4595051109790802,1
0.3787630796432495,1
0.431420236825943,1
0.5307846069335938,1
0.45417988300323486,1
0.7593011260032654,1
0.40525224804878235,1
0.4678671061992645,1
0.37913379073143005,1
0.5668376088142395,1
0.36511918902397156,1
0.5447694659233093,1
0.37504225969314575,1
0.5154194831848145,1
0.4281412363052368,1
0.42511484026908875,1
0.38257646560668945,1
0.4002833068370819,1
0.4286724627017975,1
0.44419679045677185,1
0.4691634178161621,1
0.6166475415229797,1
0.43236231803894043,1
0.47334951162338257,1
0.38606971502304077,1
0.4871470630168915,1
0.47122830152511597,1
0.2741289734840393,1
0.2933262884616852,1
0.3842332363128662,1
0.40763866901397705,1
0.46594691276550293,1
0.5006488561630249,1
0.41154637932777405,1
0.3657223582267761,1
0.36208510398864746,1
0.39192450046539307,1
0.40933531522750854,1
0.3957635760307312,1
0.508123517036438,1
0.33947211503982544,1
0.4431610107421875,1
0.3589838743209839,1
0.5207746028900146,1
0.40983062982559204,1
0.44099661707878113,1
0.39498239755630493,1
0.4312031865119934,1
0.5179100036621094,1
0.4102388620376587,1
0.49810296297073364,1
0.3861256241798401,1
0.4656769633293152,1
0.4857962727546692,1
0.3216440677642822,1
0.45792919397354126,1
0.4186006486415863,1
0.5535115599632263,1
0.490530401468277,1
0.473906934261322,1
0.4729618430137634,1
0.49209702014923096,1
0.43261292576789856,1
0.4347500205039978,1
0.44859200716018677,1
0.5320315957069397,1
0.4646427035331726,1
0.4117909073829651,1
0.38231173157691956,1
0.522881269454956,1
0.47506457567214966,1
0.4641062617301941,1
0.3712936043739319,1
0.37017443776130676,1
0.32542112469673157,1
0.4274434745311737,1
0.35546308755874634,1
0.4160882830619812,1
0.48812955617904663,1
0.47353723645210266,1
0.3601223826408386,1
0.4551229774951935,1
0.54244065284729,1
0.32438206672668457,1
0.43391433358192444,1
0.49045589566230774,1
0.3837587833404541,1
0.4151107966899872,1
0.4144876003265381,1
0.4228499233722687,1
0.4093567132949829,1
0.5078762769699097,1
0.4335358142852783,1
0.40290558338165283,1
0.4425075054168701,1
0.548026442527771,1
0.4166339933872223,1
0.5295576453208923,1
0.44310617446899414,1
0.4830784499645233,1
0.41655874252319336,1
0.43754395842552185,1
0.45956724882125854,1
0.4435860216617584,1
0.5199778079986572,1
0.3942056894302368,1
0.40253618359565735,1
0.4000387191772461,1
0.5024281144142151,1
0.4177299439907074,1
0.3792305588722229,1
0.3404760956764221,1
0.5544465780258179,1
0.2953879237174988,1
0.3525652289390564,1
0.3460279703140259,1
0.4582415521144867,1
0.4938063621520996,1
0.46193423867225647,1
0.4435458779335022,1
0.3593427836894989,1
0.47056126594543457,1
0.41097456216812134,1
0.4768545925617218,1
0.3720013499259949,1
0.4199765622615814,1
0.4127945899963379,1
0.37215906381607056,1
0.4394747018814087,1
0.49471762776374817,1
0.3327963650226593,1
0.41373375058174133,1
0.38939809799194336,1
0.3626505732536316,1
0.45580774545669556,1
0.4135035276412964,1
0.38375866413116455,1
0.3815469741821289,1
0.36613595485687256,1
0.6164730787277222,1
0.4923411011695862,1
0.5899711847305298,1
0.3134671747684479,1
0.4350244700908661,1
0.3266810178756714,1
0.44574645161628723,1
0.3370627164840698,1
0.42767271399497986,1
0.43940454721450806,1
0.4138052761554718,1
0.34385308623313904,1
0.3754977583885193,1
0.43240970373153687,1
0.5058915019035339,1
0.46002715826034546,1
0.3896021246910095,1
0.36071738600730896,1
0.4047168493270874,1
0.4331275522708893,1
0.42815783619880676,1
0.41645121574401855,1
0.47259610891342163,1
0.4503268003463745,1
0.53836590051651,1
0.6085056662559509,1
0.3792741894721985,1
0.2994101941585541,1
0.4635486602783203,1
0.4650614857673645,1
0.427242249250412,1
0.41198426485061646,1
0.4326314628124237,1
0.45430541038513184,1
0.34220418334007263,1
0.42074820399284363,1
0.38674747943878174,1
0.44055765867233276,1
0.4156285524368286,1
0.4000421166419983,1
0.4688783288002014,1
0.4040583670139313,1
0.40779340267181396,1
0.41761869192123413,1
0.5966958999633789,1
0.45329737663269043,1
0.4785376787185669,1
0.48266828060150146,1
0.5298325419425964,1
0.5307175517082214,1
0.3913757801055908,1
0.3427334129810333,1
0.3674776554107666,1
0.4237500727176666,1
0.45454251766204834,1
0.4292786419391632,1
0.3840826749801636,1
0.4126633405685425,1
0.4263002276420593,1
0.41293710470199585,1
0.4748196005821228,1
0.41859686374664307,1
0.44265514612197876,1
0.50087571144104,1
0.44695359468460083,1
0.43749865889549255,1
0.5383027791976929,1
0.3741804361343384,1
0.43530184030532837,1
0.41936686635017395,1
0.40937161445617676,1
0.48870527744293213,1
0.5223497152328491,1
0.5132350921630859,1
0.4496016800403595,1
0.43441951274871826,1
0.4761815369129181,1
0.4791424572467804,1
0.38174906373023987,1
0.4290468394756317,1
0.414069265127182,1
0.4443207383155823,1
0.47919753193855286,1
0.39393317699432373,1
0.4308353662490845,1
0.46009838581085205,1
0.3352714478969574,1
0.42841970920562744,1
0.3236083984375,1
0.42696964740753174,1
0.43514490127563477,1
0.46553975343704224,1
0.3466697335243225,1
0.5285060405731201,1
0.46476447582244873,1
0.40748894214630127,1
0.3914884626865387,1
0.4563414752483368,1
0.4981796145439148,1
0.3939552903175354,1
0.47092580795288086,1
0.44575101137161255,1
0.34856411814689636,1
0.4609989523887634,1
0.39395034313201904,1
0.3792285621166229,1
0.4269445240497589,1
0.26996755599975586,1
0.46886101365089417,1
0.3709230422973633,1
0.4018591344356537,1
0.441669225692749,1
0.4615466296672821,1
0.3885228633880615,1
0.4124494791030884,1
0.4650017321109772,1
0.5842060446739197,1
0.4024556279182434,1
0.38618791103363037,1
0.3414466977119446,1
0.4702223539352417,1
0.5994905233383179,1
0.3697308897972107,1
0.5080003142356873,1
0.39687904715538025,1
0.5382189154624939,1
0.4477883279323578,1
0.4747340679168701,1
0.3925813138484955,1
0.48553162813186646,1
0.34986400604248047,1
0.47821128368377686,1
0.40855327248573303,1
0.5324864983558655,1
0.46526050567626953,1
0.4386098384857178,1
0.4506652355194092,1
0.44602036476135254,1
0.39792823791503906,1
0.4922136962413788,1
0.48546990752220154,1
0.3842192590236664,1
0.40441274642944336,1
0.40523824095726013,1
0.44069015979766846,1
0.38291266560554504,1
0.3525845408439636,1
0.4247893989086151,1
0.4004984200000763,1
0.4114169478416443,1
0.5072951912879944,1
0.41674673557281494,1
0.4239276647567749,1
0.40701454877853394,1
0.37537336349487305,1
0.508507490158081,1
0.3862369656562805,1
0.5275722146034241,1
0.5019304752349854,1
0.3169400691986084,1
0.5027420520782471,1
0.5692091584205627,1
0.3839055299758911,1
0.44287633895874023,1
0.33944010734558105,1
0.42520108819007874,1
0.5543310642242432,1
0.4670771360397339,1
0.5020990371704102,1
0.43670642375946045,1
0.31196439266204834,1
0.3929562270641327,1
0.39457863569259644,1
0.5141006112098694,1
0.38613593578338623,1
0.37200912833213806,1
0.5150392651557922,1
0.44298166036605835,1
0.5526949167251587,1
0.45567765831947327,1
0.43272483348846436,1
0.3480614423751831,1
0.36634284257888794,1
0.4429897665977478,1
0.3194698989391327,1
0.35990002751350403,1
0.39235997200012207,1
0.5177547931671143,1
0.5134671330451965,1
0.361950546503067,1
0.42027947306632996,1
0.4201160669326782,1
0.385972261428833,1
0.48073631525039673,1
0.4473113417625427,1
0.4946437478065491,1
0.43485966324806213,1
0.40114614367485046,1
0.4266091585159302,1
0.496037095785141,1
0.41467154026031494,1
0.4375894069671631,1
0.40865498781204224,1
0.3985785245895386,1
0.530517578125,1
0.4125288128852844,1
0.43098610639572144,1
0.45050734281539917,1
0.6082241535186768,1
0.4944058656692505,1
0.5014894008636475,1
0.3544636070728302,1
0.588019847869873,1
0.40985867381095886,1
0.43561384081840515,1
0.4917812645435333,1
0.49817726016044617,1
0.4908124506473541,1
0.3347792625427246,1
0.4369390308856964,1
0.409877210855484,1
0.3488721549510956,1
0.38992974162101746,1
0.46378713846206665,1
0.47106432914733887,1
0.3633122146129608,1
0.41628578305244446,1
0.5422903299331665,1
0.48079562187194824,1
0.47591105103492737,1
0.4870647192001343,1
0.46703866124153137,1
0.461393266916275,1
0.4690641164779663,1
0.3675236999988556,1
0.4045475721359253,1
0.48940691351890564,1
0.5840598344802856,1
0.4577939808368683,1
0.38098594546318054,1
0.5687210559844971,1
0.436898410320282,1
0.5209851264953613,1
0.4266035258769989,1
0.44716644287109375,1
0.4521836042404175,1
0.6221002340316772,1
0.364320307970047,1
0.4447192847728729,1
0.3406035304069519,1
0.4390102028846741,1
0.4897984266281128,1
0.4066195487976074,1
0.3932334780693054,1
0.48982393741607666,1
0.46745651960372925,1
0.6100971698760986,1
0.37802404165267944,1
0.3940422236919403,1
0.3852304220199585,1
0.4518900513648987,1
0.33729761838912964,1
0.3987724184989929,1
0.4409077763557434,1
0.5272146463394165,1
0.4803253710269928,1
0.4771377444267273,1
0.3867208659648895,1
0.40895575284957886,1
0.4251003563404083,1
0.37275534868240356,1
0.4136715829372406,1
0.3964891731739044,1
0.33432748913764954,1
0.36671364307403564,1
0.3852473497390747,1
0.4139496982097626,1
0.5406559705734253,1
0.38673076033592224,1
0.45339319109916687,1
0.44655680656433105,1
0.43570226430892944,1
0.49709033966064453,1
0.519795835018158,1
0.37122437357902527,1
0.446999192237854,1
0.46730780601501465,1
0.3610192537307739,1
0.473069429397583,1
0.4182624816894531,1
0.3859016001224518,1
0.3719825744628906,1
0.4714853763580322,1
0.4320261776447296,1
0.43268996477127075,1
0.4059236943721771,1
0.32093343138694763,1
0.4826255440711975,1
0.4509672522544861,1
0.3799368441104889,1
0.45032739639282227,1
0.3792708218097687,1
0.5035629272460938,1
0.4048911929130554,1
0.44469088315963745,1
0.4496467709541321,1
0.3826410174369812,1
0.5201097726821899,1
0.5062717199325562,1
0.4751421809196472,1
0.47678887844085693,1
0.4140348434448242,1
0.40066662430763245,1
0.4907475709915161,1
0.32492369413375854,1
0.4568415582180023,1
0.351477712392807,1
0.5334070324897766,1
0.42409640550613403,1
0.4322693347930908,1
0.439053475856781,1
0.42213118076324463,1
0.4030607342720032,1
0.37002038955688477,1
0.4299076199531555,1
0.3830966651439667,1
0.5053212642669678,1
0.5201641917228699,1
0.4855044484138489,1
0.307564914226532,1
0.5093514323234558,1
0.3957463502883911,1
0.5868303775787354,1
0.46269893646240234,1
0.4249195456504822,1
0.408683180809021,1
0.5258926749229431,1
0.33636122941970825,1
0.5016236901283264,1
0.40043938159942627,1
0.4090517461299896,1
0.40979132056236267,1
0.5014418363571167,1
0.47279858589172363,1
0.37521785497665405,1
0.48402026295661926,1
0.433748334646225,1
0.4340478181838989,1
0.34706568717956543,1
0.4331047236919403,1
0.4256061315536499,1
0.37922611832618713,1
0.4578460156917572,1
0.4118694067001343,1
0.4265608489513397,1
0.4238349199295044,1
0.45125657320022583,1
0.45430731773376465,1
0.33339792490005493,1
0.4560554027557373,1
0.44730132818222046,1
0.30853715538978577,1
0.4345839023590088,1
0.5318641066551208,1
0.3996455669403076,1
0.48199698328971863,1
0.48084646463394165,1
0.4464655816555023,1
0.49568408727645874,1
0.405590295791626,1
0.3482359051704407,1
0.3407023549079895,1
0.40088146924972534,1
0.4329328238964081,1
0.4423905313014984,1
0.40137121081352234,1
0.39670056104660034,1
0.4257923364639282,1
0.45369139313697815,1
0.3272787034511566,1
0.48797690868377686,1
0.47751471400260925,1
0.47871723771095276,1
0.33945274353027344,1
0.3914881646633148,1
0.47809678316116333,1
0.42194443941116333,1
0.3743079602718353,1
0.4858124256134033,1
0.40458962321281433,1
0.49607592821121216,1
0.3923990726470947,1
0.4246881902217865,1
0.5392383933067322,1
0.45021188259124756,1
0.41231516003608704,1
0.427321195602417,1
0.40797847509384155,1
0.4772152304649353,1
0.4280569851398468,1
0.30692681670188904,1
0.3997504711151123,1
0.3417973518371582,1
0.4269854426383972,1
0.45240703225135803,1
0.3658316135406494,1
0.3974163234233856,1
0.4083767533302307,1
0.5317001342773438,1
0.49543458223342896,1
0.4238918423652649,1
0.4436820447444916,1
0.3879857361316681,1
0.5063186883926392,1
0.43988683819770813,1
0.36844611167907715,1
0.4083639979362488,1
0.4822453558444977,1
0.4803885221481323,1
0.634514331817627,1
0.40318045020103455,1
0.36715167760849,1
0.4142577350139618,1
0.3781781792640686,1
0.40897566080093384,1
0.42163020372390747,1
0.4473313093185425,1
0.4628182053565979,1
0.44373565912246704,1
0.34032610058784485,1
0.42779672145843506,1
0.43270015716552734,1
0.43165016174316406,1
0.5235194563865662,1
0.38177719712257385,1
0.42132002115249634,1
0.3849731385707855,1
0.5316200256347656,1
0.46391892433166504,1
0.38556745648384094,1
0.4095602035522461,1
0.3313579559326172,1
0.41355299949645996,1
0.505763828754425,1
0.4961528182029724,1
0.4840531349182129,1
0.4424058198928833,1
0.4433492124080658,1
0.3809261918067932,1
0.5277481079101563,1
0.3038468360900879,1
0.4683333933353424,1
0.5273042917251587,1
0.4484659731388092,1
0.48517823219299316,1
0.38159075379371643,1
0.3576726019382477,1
0.48634302616119385,1
0.42944344878196716,1
0.4369128942489624,1
0.4583795666694641,1
0.3669623136520386,1
0.42970162630081177,1
0.4422253370285034,1
0.506310760974884,1
0.42326581478118896,1
0.3675347864627838,1
0.5313972234725952,1
0.3457629084587097,1
0.4346725642681122,1
0.44892793893814087,1
0.29108262062072754,1
0.3984321057796478,1
0.3542931079864502,1
0.45536959171295166,1
0.44699954986572266,1
0.4004518687725067,1
0.5896115303039551,1
0.46517497301101685,1
0.40587693452835083,1
0.475352942943573,1
0.45021340250968933,1
0.4078795313835144,1
0.42640629410743713,1
0.39452916383743286,1
0.4662264585494995,1
0.45973098278045654,1
0.4510623812675476,1
0.531764805316925,1
0.3663368821144104,1
0.42727822065353394,1
0.52485591173172,1
0.4518727660179138,1
0.5878069996833801,1
0.4501781463623047,1
0.38380372524261475,1
0.44950300455093384,1
0.48025447130203247,1
0.535923182964325,1
0.4810733199119568,1
0.4254700541496277,1
0.5070385932922363,1
0.4470056891441345,1
0.44075873494148254,1
0.3724859654903412,1
0.40274757146835327,1
0.4105430543422699,1
0.45963767170906067,1
0.38777047395706177,1
0.39611339569091797,1
0.3753597140312195,1
0.35949867963790894,1
0.3337337374687195,1
0.41485467553138733,1
0.4239650368690491,1
0.4661548137664795,1
0.48473015427589417,1
0.41998714208602905,1
0.4175998568534851,1
0.4819015860557556,1
0.44937819242477417,1
0.4544600248336792,1
0.4711366891860962,1
0.37732061743736267,1
0.38296282291412354,1
0.3367677927017212,1
0.4537384808063507,1
0.39351773262023926,1
0.4228692054748535,1
0.5091903209686279,1
0.6438397765159607,1
0.5039723515510559,1
0.4033147990703583,1
0.48373931646347046,1
0.46499359607696533,1
0.47832098603248596,1
0.4093226492404938,1
0.3395976722240448,1
0.39735838770866394,1
0.39364686608314514,1
0.5623648762702942,1
0.44215357303619385,1
0.42534691095352173,1
0.48796141147613525,1
0.5174843072891235,1
0.47254836559295654,1
0.5083763003349304,1
0.44716042280197144,1
0.37537330389022827,1
0.437990665435791,1
0.4171026647090912,1
0.4235110580921173,1
0.3956678509712219,1
0.4340537488460541,1
0.4233536720275879,1
0.3378956913948059,1
0.4899897575378418,1
0.4218478500843048,1
0.4791732728481293,1
0.42754659056663513,1
0.47021475434303284,1
0.4439206123352051,1
0.39313334226608276,1
0.46685755252838135,1
0.4238969385623932,1
0.378415584564209,1
0.39659732580184937,1
0.37783128023147583,1
0.43595004081726074,1
0.35555604100227356,1
0.30734339356422424,1
0.6064640283584595,1
0.44707977771759033,1
0.4287026822566986,1
0.5970921516418457,1
0.34008219838142395,1
0.3289150297641754,1
0.3779858350753784,1
0.47650814056396484,1
0.36161744594573975,1
0.42317673563957214,1
0.3998444080352783,1
0.430355429649353,1
0.4398713707923889,1
0.5367257595062256,1
0.40543532371520996,1
0.4706350564956665,1
0.350482702255249,1
0.42513173818588257,1
0.2840637266635895,1
0.5424865484237671,1
0.44063854217529297,1
0.40331605076789856,1
0.48569273948669434,1
0.3670772910118103,1
0.4528055191040039,1
0.40897101163864136,1
0.42175841331481934,1
0.503186047077179,1
0.45823290944099426,1
0.43008139729499817,1
0.43153929710388184,1
0.4030574858188629,1
0.34492969512939453,1
0.3589610457420349,1
0.4940434396266937,1
0.5655772089958191,1
0.4743499159812927,1
0.44507208466529846,1
0.4707006812095642,1
0.3750094771385193,1
0.43467390537261963,1
0.33234819769859314,1
0.37506619095802307,1
0.43608754873275757,1
0.351742684841156,1
0.33661386370658875,1
0.3553565740585327,1
0.4109097719192505,1
0.43605518341064453,1
0.4540133774280548,1
0.5805520415306091,1
0.4483240246772766,1
0.5118193626403809,1
0.3881060481071472,1
0.5394424200057983,1
0.39455294609069824,1
0.46895039081573486,1
0.4651259183883667,1
0.2765296399593353,1
0.3703952133655548,1
0.38537102937698364,1
0.3671892285346985,1
0.5722621083259583,1
0.4224986135959625,1
0.45956242084503174,1
0.4284667670726776,1
0.5494836568832397,1
0.44908058643341064,1
0.45036348700523376,1
0.32071393728256226,1
0.35627132654190063,1
0.5655784606933594,1
0.447225421667099,1
0.4164154529571533,1
0.4857914447784424,1
0.4559929072856903,1
0.3731175661087036,1
0.49053728580474854,1
0.4715551733970642,1
0.35357290506362915,1
0.4599512815475464,1
0.4257470369338989,1
0.4471038281917572,1
0.3509920835494995,1
0.47297894954681396,1
0.357388973236084,1
0.39008837938308716,1
0.5144967436790466,1
0.4088585078716278,1
0.5046095848083496,1
0.5070090889930725,1
0.4608871340751648,1
0.4074057340621948,1
0.41905754804611206,1
0.4299330413341522,1
0.5295426845550537,1
0.5334898233413696,1
0.47653546929359436,1
0.43290695548057556,1
0.5526915192604065,1
0.4804740250110626,1
0.37841153144836426,1
0.43525126576423645,1
0.3976864516735077,1
0.41277819871902466,1
0.4185197353363037,1
0.3715210556983948,1
0.39611974358558655,1
0.37335509061813354,1
0.4487101137638092,1
0.4463367462158203,1
0.4354991912841797,1
0.40523234009742737,1
0.4639548659324646,1
0.3911341428756714,1
0.39481282234191895,1
0.5020297765731812,1
0.5404535531997681,1
0.49970901012420654,1
0.4550110697746277,1
0.4086689352989197,1
0.39846643805503845,1
0.38181072473526,1
0.562353789806366,1
0.4706839323043823,1
0.35059526562690735,1
0.4267965257167816,1
0.4455185532569885,1
0.5149313807487488,1
0.4229222238063812,1
0.41869550943374634,1
0.46873119473457336,1
0.46318185329437256,1
0.4328502416610718,1
0.4435213804244995,1
0.3727291524410248,1
0.40170058608055115,1
0.4493940472602844,1
0.41769054532051086,1
0.35089725255966187,1
0.5321514010429382,1
0.46658581495285034,1
0.4419575035572052,1
0.5440080165863037,1
0.38869255781173706,1
0.38129478693008423,1
0.43167680501937866,1
0.38811352849006653,1
0.3852813243865967,1
0.4622814655303955,1
0.5237408876419067,1
0.4182931184768677,1
0.3861162066459656,1
0.5250902771949768,1
0.42975085973739624,1
0.41810745000839233,1
0.5051108002662659,1
0.3755842447280884,1
0.4267021417617798,1
0.3371712565422058,1
0.4105890393257141,1
0.4420815706253052,1
0.44511598348617554,1
0.4322066903114319,1
0.4876898527145386,1
0.4557300806045532,1
0.3222309350967407,1
0.4674660265445709,1
0.45908087491989136,1
0.522587776184082,1
0.42302101850509644,1
0.5260472297668457,1
0.4034440815448761,1
0.4673926830291748,1
0.3956596553325653,1
0.3034656345844269,1
0.46287786960601807,1
0.507094144821167,1
0.5092031955718994,1
0.5106379985809326,1
0.36703017354011536,1
0.4372252821922302,1
0.6534376740455627,1
0.36055222153663635,1
0.5134987235069275,1
0.3974408507347107,1
0.43557727336883545,1
0.3859207034111023,1
0.44708165526390076,1
0.5128958225250244,1
0.49006387591362,1
0.4701407253742218,1
0.4893088936805725,1
0.39624279737472534,1
0.42287641763687134,1
0.5010544061660767,1
0.4559853672981262,1
0.38498634099960327,1
0.49934667348861694,1
0.5189372897148132,1
0.41208475828170776,1
0.428806871175766,1
0.3876309394836426,1
0.6058483123779297,1
0.42046499252319336,1
0.5335932374000549,1
0.4884782135486603,1
0.46287012100219727,1
0.48971110582351685,1
0.43476468324661255,1
0.3815401792526245,1
0.5267533659934998,1
0.5168072581291199,1
0.46193796396255493,1
0.4135962724685669,1
0.42358162999153137,1
0.46457773447036743,1
0.40437498688697815,1
0.5327059030532837,1
0.44261157512664795,1
0.26839956641197205,1
0.4241139590740204,1
0.36190110445022583,1
0.4902852177619934,1
0.4924408793449402,1
0.38628554344177246,1
0.4610954523086548,1
0.47081273794174194,1
0.46169400215148926,1
0.36502745747566223,1
0.3641776442527771,1
0.46066707372665405,1
0.4522589445114136,1
0.42578405141830444,1
0.49638575315475464,1
0.4919414520263672,1
0.4815555214881897,1
0.4206705391407013,1
0.341475248336792,1
0.4687959551811218,1
0.47442999482154846,1
0.3715285658836365,1
0.5214633941650391,1
0.40257126092910767,1
0.46218621730804443,1
0.39487454295158386,1
0.4514867961406708,1
0.3519209623336792,1
0.3838927447795868,1
0.43472349643707275,1
0.5166587829589844,1
0.5039511322975159,1
0.4392874240875244,1
0.3370100259780884,1
0.43993034958839417,1
0.4559814929962158,1
0.40465521812438965,1
0.46389204263687134,1
0.45266780257225037,1
0.48446717858314514,1
0.42206984758377075,1
0.41811978816986084,1
0.34376680850982666,1
0.3781103789806366,1
0.49215883016586304,1
0.4127871096134186,1
0.4518299698829651,1
0.34519726037979126,1
0.4316312074661255,1
0.5392740964889526,1
0.3352265954017639,1
0.48868054151535034,1
0.430248498916626,1
0.407298743724823,1
0.2850012183189392,1
0.40111586451530457,1
0.493274450302124,1
0.4096887409687042,1
0.5112365484237671,1
0.43021491169929504,1
0.3992754817008972,1
0.5057599544525146,1
0.5412861108779907,1
0.409432053565979,1
0.3998505473136902,1
0.3627833425998688,1
0.42849546670913696,1
0.4611598253250122,1
0.34258291125297546,1
0.3101884126663208,1
0.3746543526649475,1
0.3895878791809082,1
0.38703814148902893,1
0.4253615140914917,1
0.3983640670776367,1
0.358457088470459,1
0.512122392654419,1
0.4050931930541992,1
0.5033032298088074,1
0.4368235170841217,1
0.297418475151062,1
0.5218060612678528,1
0.5144213438034058,1
0.44038474559783936,1
0.4537349343299866,1
0.40529245138168335,1
0.3765101730823517,1
0.4996734857559204,1
0.36212220788002014,1
0.49125948548316956,1
0.2777869701385498,1
0.554534912109375,1
0.40336763858795166,1
0.382828950881958,1
0.41085052490234375,1
0.43339163064956665,1
0.4809792637825012,1
0.5015279650688171,1
0.37348484992980957,1
0.3360000252723694,1
0.622854471206665,1
0.43945813179016113,1
0.39776307344436646,1
0.43229520320892334,1
0.4279991388320923,1
0.30650079250335693,1
0.3689531683921814,1
0.43313995003700256,1
0.3737785220146179,1
0.40589630603790283,1
0.48259246349334717,1
0.4688984751701355,1
0.49101001024246216,1
0.38103538751602173,1
0.47923147678375244,1
0.4408659338951111,1
0.2872454822063446,1
0.3392080068588257,1
0.4187762141227722,1
0.5633068084716797,1
0.4215255379676819,1
0.4452514052391052,1
0.3224470019340515,1
0.6421732306480408,1
0.4467083811759949,1
0.3954915702342987,1
0.5033243298530579,1
0.4038948118686676,1
0.5610320568084717,1
0.505203127861023,1
0.4083889126777649,1
0.41697192192077637,1
0.40112677216529846,1
0.45997458696365356,1
0.42498674988746643,1
0.4872240424156189,1
0.34715980291366577,1
0.4062988758087158,1
0.40680602192878723,1
0.4217400848865509,1
0.5556759834289551,1
0.4979129731655121,1
0.524900496006012,1
0.5219821929931641,1
0.5378173589706421,1
0.4091556668281555,1
0.5415033102035522,1
0.3413488268852234,1
0.5694297552108765,1
0.40790534019470215,1
0.3429817259311676,1
0.48396527767181396,1
0.520916223526001,1
0.3682643175125122,1
0.41010600328445435,1
0.41622230410575867,1
0.47998490929603577,1
0.45691588521003723,1
0.30440211296081543,1
0.4620906710624695,1
0.5888658165931702,1
0.46126872301101685,1
0.4390594959259033,1
0.5249007940292358,1
0.431004136800766,1
0.4896508455276489,1
0.35561686754226685,1
0.40288206934928894,1
0.466344952583313,1
0.4383333921432495,1
0.4555404782295227,1
0.3364691138267517,1
0.3608933389186859,1
0.3371107876300812,1
0.39986681938171387,1
0.42026954889297485,1
0.5930125713348389,1
0.4694262146949768,1
0.4559832811355591,1
0.4511803686618805,1
0.4299876093864441,1
0.352430522441864,1
0.48885661363601685,1
0.5431480407714844,1
0.4064745306968689,1
0.42341703176498413,1
0.5070493817329407,1
0.38630422949790955,1
0.5242858529090881,1
0.419001042842865,1
0.33423149585723877,1
0.47589194774627686,1
0.36264926195144653,1
0.3791877031326294,1
0.3796113133430481,1
0.5061975717544556,1
0.38826054334640503,1
0.4874875545501709,1
0.47278672456741333,1
0.4108961820602417,1
0.45872482657432556,1
0.40698638558387756,1
0.3504123091697693,1
0.43651798367500305,1
0.42153075337409973,1
0.48362675309181213,1
0.39555948972702026,1
0.36882299184799194,1
0.3561778962612152,1
0.5564154386520386,1
0.4546578824520111,1
0.4609742760658264,1
0.33415600657463074,1
0.3917044401168823,1
0.5185330510139465,1
0.38068926334381104,1
0.5474902987480164,1
0.4548041522502899,1
0.3645780682563782,1
0.529558002948761,1
0.3950216472148895,1
0.32553985714912415,1
0.3684011995792389,1
0.5109890103340149,1
0.41856786608695984,1
0.49753570556640625,1
0.3684707581996918,1
0.3905302584171295,1
0.5276493430137634,1
0.4899561405181885,1
0.4008965790271759,1
0.525784432888031,1
0.6349867582321167,1
0.5044873952865601,1
0.42236000299453735,1
0.44419392943382263,1
0.49503782391548157,1
0.41526415944099426,1
0.3884838819503784,1
0.45107537508010864,1
0.5557456016540527,1
0.43914735317230225,1
0.4780576825141907,1
0.28239041566848755,1
0.4253080487251282,1
0.44900402426719666,1
0.363400936126709,1
0.43357396125793457,1
0.3763764500617981,1
0.5938644409179688,1
0.3880693316459656,1
0.6151600480079651,1
0.42339909076690674,1
0.4388458728790283,1
0.3943746089935303,1
0.4517909288406372,1
0.45783406496047974,1
0.5808687210083008,1
0.5346251130104065,1
0.4249793291091919,1
0.41527727246284485,1
0.37540456652641296,1
0.5625848770141602,1
0.417832612991333,1
0.4055114984512329,1
0.42441505193710327,1
0.5021816492080688,1
0.4028453230857849,1
0.4963979721069336,1
0.48182249069213867,1
0.3872280716896057,1
0.4636107385158539,1
0.4953603744506836,1
0.43932682275772095,1
0.407317191362381,1
0.4569088816642761,1
0.4046885371208191,1
0.3447675108909607,1
0.5020561218261719,1
0.4366406500339508,1
0.369432657957077,1
0.4071921408176422,1
0.5890747308731079,1
0.4772958755493164,1
0.5014364719390869,1
0.34483057260513306,1
0.3787844479084015,1
0.47062385082244873,1
0.4215857684612274,1
0.44668713212013245,1
0.39621877670288086,1
0.5122846364974976,1
0.3804471492767334,1
0.43526583909988403,1
0.42919886112213135,1
0.37942081689834595,1
0.5543705224990845,1
0.44742780923843384,1
0.451938271522522,1
0.4384933114051819,1
0.538590669631958,1
0.41785210371017456,1
0.4549814462661743,1
0.5095933675765991,1
0.39028647541999817,1
0.3250602185726166,1
0.3526272773742676,1
0.3829270899295807,1
0.4690247178077698,1
0.3836064040660858,1
0.4844096899032593,1
0.48380494117736816,1
0.5005720853805542,1
0.41558969020843506,1
0.4438522160053253,1
0.39770185947418213,1
0.3648606538772583,1
0.426573246717453,1
0.44846490025520325,1
0.3874383270740509,1
0.41718506813049316,1
0.515936017036438,1
0.5019569993019104,1
0.3818635940551758,1
0.4544050097465515,1
0.4310566484928131,1
0.42916595935821533,1
0.35978251695632935,1
0.44328317046165466,1
0.487735390663147,1
0.45538461208343506,1
0.4434899389743805,1
0.4211086630821228,1
0.37945783138275146,1
0.4245259165763855,1
0.45844170451164246,1
0.4024883806705475,1
0.35569608211517334,1
0.4122094511985779,1
0.43883490562438965,1
0.3512975871562958,1
0.4293471574783325,1
0.5631025433540344,1
0.48217254877090454,1
0.37140873074531555,1
0.4044247567653656,1
0.4264994263648987,1
0.36496293544769287,1
0.3200378119945526,1
0.3774341940879822,1
0.4509962201118469,1
0.4085026681423187,1
0.47015225887298584,1
0.46645617485046387,1
0.4144114851951599,1
0.5028047561645508,1
0.43513524532318115,1
0.36965179443359375,1
0.4698178172111511,1
0.4444621801376343,1
0.3679494857788086,1
0.47076544165611267,1
0.41952449083328247,1
0.40985098481178284,1
0.48693782091140747,1
0.3994573950767517,1
0.3875119388103485,1
0.49183762073516846,1
0.48362165689468384,1
0.4810214042663574,1
0.469376802444458,1
0.6210386753082275,1
0.4845045208930969,1
0.40391767024993896,1
0.41960418224334717,1
0.42422395944595337,1
0.5229418873786926,1
0.30499473214149475,1
0.2985907196998596,1
0.4040771424770355,1
0.3666079044342041,1
0.5254700183868408,1
0.4298882484436035,1
0.48695826530456543,1
0.394711971282959,1
0.426169753074646,1
0.41954344511032104,1
0.3573760390281677,1
0.5471583604812622,1
0.40794187784194946,1
0.44392386078834534,1
0.5830033421516418,1
0.40178418159484863,1
0.33256497979164124,1
0.4637245833873749,1
0.49720877408981323,1
0.46090054512023926,1
0.4421333372592926,1
0.32680797576904297,1
0.4821566939353943,1
0.44538530707359314,1
0.470122754573822,1
0.4935917854309082,1
0.47774407267570496,1
0.47478652000427246,1
0.4347786605358124,1
0.29487335681915283,1
0.4548072814941406,1
0.4772409498691559,1
0.46043339371681213,1
0.3161678612232208,1
0.35618436336517334,1
0.3515349328517914,1
0.3637147545814514,1
0.41006696224212646,1
0.5860952138900757,1
0.46306750178337097,1
0.40054962038993835,1
0.34959307312965393,1
0.46032047271728516,1
0.3980216979980469,1
0.46777936816215515,1
0.5440130233764648,1
0.36049553751945496,1
0.4468623399734497,1
0.38190966844558716,1
0.46986743807792664,1
0.4385797381401062,1
0.33646106719970703,1
0.45559900999069214,1
0.4085415303707123,1
0.4135225713253021,1
0.38737791776657104,1
0.3571304678916931,1
0.39653104543685913,1
0.4630521535873413,1
0.42563337087631226,1
0.2945636808872223,1
0.47403812408447266,1
0.38571304082870483,1
0.315984308719635,1
0.4254371225833893,1
0.4541565477848053,1
0.5182673335075378,1
0.5243527293205261,1
0.43864983320236206,1
0.3770737946033478,1
0.4551413059234619,1
0.36271190643310547,1
0.5330920219421387,1
0.535427451133728,1
0.5144689679145813,1
0.49334079027175903,1
0.4957258105278015,1
0.42572444677352905,1
0.4795333445072174,1
0.3920917510986328,1
0.40437743067741394,1
0.3627634048461914,1
0.460369348526001,1
0.3943566381931305,1
0.433227002620697,1
0.488213449716568,1
0.5036052465438843,1
0.4112203121185303,1
0.3712279796600342,1
0.4215555191040039,1
0.4189741611480713,1
0.5255664587020874,1
0.3956344723701477,1
0.4751896858215332,1
0.5223491191864014,1
0.37801554799079895,1
0.35162800550460815,1
0.42583611607551575,1
0.41491585969924927,1
0.5508547425270081,1
0.42432910203933716,1
0.40327873826026917,1
0.4199276268482208,1
0.4252915680408478,1
0.4132596552371979,1
0.48323923349380493,1
0.4530492424964905,1
0.4164954125881195,1
0.4289005398750305,1
0.4669656455516815,1
0.4752464294433594,1
0.4810140132904053,1
0.3957446813583374,1
0.45941153168678284,1
0.486008882522583,1
0.3723921477794647,1
0.520395040512085,1
0.3073413670063019,1
0.4054822623729706,1
0.5045403838157654,1
0.37268781661987305,1
0.5800589323043823,1
0.34905484318733215,1
0.4836237132549286,1
0.3945329189300537,1
0.3318898379802704,1
0.5991420149803162,1
0.41916120052337646,1
0.45274466276168823,1
0.3982841372489929,1
0.47816765308380127,1
0.35697853565216064,1
0.5315094590187073,1
0.5158377885818481,1
0.4281170964241028,1
0.38640090823173523,1
0.4278275966644287,1
0.27107301354408264,1
0.425964891910553,1
0.4974457621574402,1
0.4886110723018646,1
0.4095880687236786,1
0.43132826685905457,1
0.36046525835990906,1
0.5321429967880249,1
0.5311083197593689,1
0.3958969712257385,1
0.40172871947288513,1
0.46378159523010254,1
0.4466584324836731,1
0.43900811672210693,1
0.5257005095481873,1
0.3800979554653168,1
0.3567068576812744,1
0.3438596725463867,1
0.41063645482063293,1
0.4317472577095032,1
0.47834503650665283,1
0.4043338894844055,1
0.4823939800262451,1
0.5077568292617798,1
0.46089136600494385,1
0.41884809732437134,1
0.5413680672645569,1
0.4823846220970154,1
0.47030627727508545,1
0.34838706254959106,1
0.5441499352455139,1
0.372738778591156,1
0.3961361348628998,1
0.3668559193611145,1
0.5611186623573303,1
0.4821792542934418,1
0.4561351537704468,1
0.45041024684906006,1
0.2918105721473694,1
0.46172910928726196,1
0.34283626079559326,1
0.34959903359413147,1
0.4109899699687958,1
0.44930726289749146,1
0.3518393039703369,1
0.4875965416431427,1
0.33912336826324463,1
0.4562336206436157,1
0.4533405900001526,1
0.35298946499824524,1
0.4336917996406555,1
0.3581908643245697,1
0.33884772658348083,1
0.42538705468177795,1
0.5138670206069946,1
0.3602493703365326,1
0.3805510699748993,1
0.49527668952941895,1
0.44609567523002625,1
0.4527881443500519,1
0.44490718841552734,1
0.39049625396728516,1
0.49041107296943665,1
0.44379937648773193,1
0.4106566905975342,1
0.4595695734024048,1
0.3869730234146118,1
0.40802115201950073,1
0.49423858523368835,1
0.5049028396606445,1
0.45702239871025085,1
0.4795079827308655,1
0.479891836643219,1
0.4989449381828308,1
0.46334442496299744,1
0.35090792179107666,1
0.3489474654197693,1
0.40342116355895996,1
0.44088616967201233,1
0.3627012372016907,1
0.41236811876296997,1
0.5849414467811584,1
0.4416440725326538,1
0.40139299631118774,1
0.4792766571044922,1
0.449087530374527,1
0.41087302565574646,1
0.48223868012428284,1
0.35452717542648315,1
0.4874931275844574,1
0.36254096031188965,1
0.4859807789325714,1
0.3311871886253357,1
0.41653403639793396,1
0.32888853549957275,1
0.42885902523994446,1
0.481643944978714,1
0.3784341812133789,1
0.46630924940109253,1
0.48057615756988525,1
0.5139583349227905,1
0.4498074948787689,1
0.4243830442428589,1
0.5910916328430176,1
0.6020792722702026,1
0.37739166617393494,1
0.37821024656295776,1
0.4147496223449707,1
0.3840118646621704,1
0.43969279527664185,1
0.4576532244682312,1
0.43210768699645996,1
0.33588019013404846,1
0.559322714805603,1
0.46342211961746216,1
0.42832040786743164,1
0.45431894063949585,1
0.4108327329158783,1
0.4660484790802002,1
0.32088160514831543,1
0.48064693808555603,1
0.37478646636009216,1
0.39569956064224243,1
0.34684622287750244,1
0.4293121099472046,1
0.32398533821105957,1
0.4460648000240326,1
0.40885767340660095,1
0.42943426966667175,1
0.32291272282600403,1
0.4034848213195801,1
0.46355414390563965,1
0.3349781632423401,1
0.4623052477836609,1
0.5064733624458313,1
0.3006322979927063,1
0.4187608063220978,1
0.38646742701530457,1
0.4031875729560852,1
0.5999584794044495,1
0.5274629592895508,1
0.44889265298843384,1
0.47007468342781067,1
0.39180511236190796,1
0.47353261709213257,1
0.3844309151172638,1
0.44764474034309387,1
0.4517984688282013,1
0.46100348234176636,1
0.4784785807132721,1
0.4307785630226135,1
0.4404039680957794,1
0.3779275417327881,1
0.4476776719093323,1
0.365615576505661,1
0.46587109565734863,1
0.42399317026138306,1
0.373317688703537,1
0.41327860951423645,1
0.462213397026062,1
0.3677124083042145,1
0.4646211862564087,1
0.42713984847068787,1
0.45702141523361206,1
0.38399994373321533,1
0.3965601325035095,1
0.3461601734161377,1
0.4670660197734833,1
0.4400205612182617,1
0.46565181016921997,1
0.43786561489105225,1
0.4313567280769348,1
0.38807031512260437,1
0.4768090546131134,1
0.4637722969055176,1
0.4910624623298645,1
0.5105688571929932,1
0.45109349489212036,1
0.38719844818115234,1
0.46106666326522827,1
0.4449518918991089,1
0.3630024492740631,1
0.31596362590789795,1
0.4959597587585449,1
0.49525851011276245,1
0.42784205079078674,1
0.4894145131111145,1
0.38390594720840454,1
0.41669851541519165,1
0.3753666281700134,1
0.3621792495250702,1
0.39078134298324585,1
0.3958183526992798,1
0.4925755262374878,1
0.38024571537971497,1
0.5101336240768433,1
0.4276708960533142,1
0.46718478202819824,1
0.47203150391578674,1
0.37331750988960266,1
0.43894946575164795,1
0.41987791657447815,1
0.4172403812408447,1
0.44824665784835815,1
0.3317527770996094,1
0.43256500363349915,1
0.4360419511795044,1
0.39208418130874634,1
0.43025773763656616,1
0.32608741521835327,1
0.48282384872436523,1
0.47721922397613525,1
0.5021341443061829,1
0.3799997568130493,1
0.5038151741027832,1
0.3493204712867737,1
0.43850618600845337,1
0.4721883237361908,1
0.387697696685791,1
0.5793536901473999,1
0.5949549078941345,1
0.4373655915260315,1
0.49541133642196655,1
0.38210591673851013,1
0.46247392892837524,1
0.4274401366710663,1
0.4505347013473511,1
0.4038793742656708,1
0.5870469808578491,1
0.38925600051879883,1
0.3176387846469879,1
0.4760410189628601,1
0.5084824562072754,1
0.4467048645019531,1
0.4600568115711212,1
0.46757858991622925,1
0.3651125431060791,1
0.28109925985336304,1
0.46547403931617737,1
0.47790107131004333,1
0.4073364734649658,1
0.4457443952560425,1
0.39223119616508484,1
0.3563021421432495,1
0.36661413311958313,1
0.4166245758533478,1
0.4823177456855774,1
0.3340196907520294,1
0.3409229516983032,1
0.4326505661010742,1
0.5124988555908203,1
0.5449842214584351,1
0.5454803705215454,1
0.43058526515960693,1
0.5121495127677917,1
0.2976720631122589,1
0.4627542495727539,1
0.35112738609313965,1
0.48635178804397583,1
0.3110264539718628,1
0.3743981719017029,1
0.44564497470855713,1
0.37484505772590637,1
0.40811169147491455,1
0.49111679196357727,1
0.5812360048294067,1
0.4509730935096741,1
0.4613683819770813,1
0.41162315011024475,1
0.46211734414100647,1
0.47362980246543884,1
0.43907785415649414,1
0.32432326674461365,1
0.45663660764694214,1
0.48339003324508667,1
0.5370298624038696,1
0.5113917589187622,1
0.44705843925476074,1
0.38227662444114685,1
0.43499425053596497,1
0.3637501299381256,1
0.5301293730735779,1
0.39660513401031494,1
0.3517126441001892,1
0.4193677306175232,1
0.5085613131523132,1
0.34777504205703735,1
0.40300285816192627,1
0.3230578899383545,1
0.4307710528373718,1
0.3190910816192627,1
0.37948185205459595,1
0.42215216159820557,1
0.4792596101760864,1
0.3290354609489441,1
0.35585248470306396,1
0.41959071159362793,1
0.37915903329849243,1
0.43662434816360474,1
0.36654770374298096,1
0.3836277723312378,1
0.3537960648536682,1
0.47142913937568665,1
0.4011498689651489,1
0.3129557967185974,1
0.41447964310646057,1
0.4075833857059479,1
0.38280534744262695,1
0.3636144697666168,1
0.4706062078475952,1
0.4132236838340759,1
0.49700748920440674,1
0.39534446597099304,1
0.48043012619018555,1
0.516396701335907,1
0.3975299298763275,1
0.4700302481651306,1
0.585729718208313,1
0.5687978267669678,1
0.34051185846328735,1
0.41176748275756836,1
0.5267843008041382,1
0.3504565358161926,1
0.29817694425582886,1
0.5190311670303345,1
0.48960086703300476,1
0.4576513171195984,1
0.4283129572868347,1
0.6098930239677429,1
0.4739258587360382,1
0.5772695541381836,1
0.3680468797683716,1
0.4219919443130493,1
0.38289326429367065,1
0.4125562608242035,1
0.3803864121437073,1
0.38658708333969116,1
0.4188004732131958,1
0.4721888601779938,1
0.41676974296569824,1
0.4403613805770874,1
0.5069187879562378,1
0.3920104503631592,1
0.583727240562439,1
0.490142822265625,1
0.41299450397491455,1
0.4646911025047302,1
0.4504401981830597,1
0.49421608448028564,1
0.44307366013526917,1
0.40695610642433167,1
0.41116756200790405,1
0.4952543079853058,1
0.39243659377098083,1
0.37969136238098145,1
0.41593924164772034,1
0.45747363567352295,1
0.4797816872596741,1
0.35414057970046997,1
0.4820495843887329,1
0.5070430636405945,1
0.4518583416938782,1
0.4116194546222687,1
0.4681898057460785,1
0.47832614183425903,1
0.39043664932250977,1
0.4866413474082947,1
0.4889942705631256,1
0.5170434713363647,1
0.4070867896080017,1
0.4644823670387268,1
0.4770621061325073,1
0.37353789806365967,1
0.4489750266075134,1
0.37339314818382263,1
0.43308210372924805,1
0.5346152782440186,1
0.41821879148483276,1
0.4473654627799988,1
0.3488713204860687,1
0.3356624245643616,1
0.4328569769859314,1
0.38123103976249695,1
0.4350243806838989,1
0.4784797728061676,1
0.38867029547691345,1
0.4681340754032135,1
0.4318596124649048,1
0.36387038230895996,1
0.448659747838974,1
0.39153674244880676,1
0.38262882828712463,1
0.4326307773590088,1
0.43365979194641113,1
0.37067848443984985,1
0.4415355324745178,1
0.44939687848091125,1
0.48884156346321106,1
0.5371299982070923,1
0.42118191719055176,1
0.45124876499176025,1
0.46468043327331543,1
0.48369431495666504,1
0.45102211833000183,1
0.4460074305534363,1
0.37433508038520813,1
0.4239494502544403,1
0.5305248498916626,1
0.4791061580181122,1
0.4002555012702942,1
0.4734589457511902,1
0.42088383436203003,1
0.5126708149909973,1
0.49878767132759094,1
0.518527626991272,1
0.41065606474876404,1
0.43346288800239563,1
0.4223593473434448,1
0.30725395679473877,1
0.43711307644844055,1
0.3505092263221741,1
0.4258311092853546,1
0.46571874618530273,1
0.44047611951828003,1
0.4039403200149536,1
0.3994556963443756,1
0.3293176293373108,1
0.3159357011318207,1
0.4130421280860901,1
0.5179756879806519,1
0.5188590288162231,1
0.5472566485404968,1
0.41909730434417725,1
0.3845955729484558,1
0.43605107069015503,1
0.411535382270813,1
0.44603684544563293,1
0.4082806706428528,1
0.4043075442314148,1
0.4917277693748474,1
0.4473688006401062,1
0.4433227777481079,1
0.5168265104293823,1
0.529872477054596,1
0.431965708732605,1
0.4488154947757721,1
0.4637738764286041,1
0.41722410917282104,1
0.367891788482666,1
0.4302304983139038,1
0.4841136932373047,1
0.3061906695365906,1
0.3726520836353302,1
0.3993452787399292,1
0.3576267659664154,1
0.5208790898323059,1
0.498166024684906,1
0.3063177466392517,1
0.4295694828033447,1
0.40646064281463623,1
0.45561134815216064,1
0.49361807107925415,1
0.42064374685287476,1
0.46457207202911377,1
0.5159215331077576,1
0.41871899366378784,1
0.3994641900062561,1
0.3439162075519562,1
0.406693696975708,1
0.44228488206863403,1
0.29035770893096924,1
0.5071583390235901,1
0.45931437611579895,1
0.48863762617111206,1
0.465779185295105,1
0.4647120535373688,1
0.4180767834186554,1
0.41840410232543945,1
0.5031661987304688,1
0.42832526564598083,1
0.5742601752281189,1
0.3797675669193268,1
0.45369863510131836,1
0.33306819200515747,1
0.44453877210617065,1
0.40118953585624695,1
0.31889888644218445,1
0.48636484146118164,1
0.38729584217071533,1
0.4414491355419159,1
0.4821717143058777,1
0.46972009539604187,1
0.4683060050010681,1
0.4729350209236145,1
0.4579126238822937,1
0.4984694719314575,1
0.4913216531276703,1
0.3910602927207947,1
0.5077318549156189,1
0.24776381254196167,1
0.446006715297699,1
0.34768790006637573,1
0.5080395936965942,1
0.3493106961250305,1
0.4375961720943451,1
0.46771240234375,1
0.5415906310081482,1
0.3174906075000763,1
0.3884209394454956,1
0.4160524010658264,1
0.38674256205558777,1
0.5193648338317871,1
0.376747727394104,1
0.35086867213249207,1
0.342596173286438,1
0.39027509093284607,1
0.49578598141670227,1
0.44842958450317383,1
0.47708749771118164,1
0.5094790458679199,1
0.4939209222793579,1
0.45548611879348755,1
0.45128193497657776,1
0.3914957046508789,1
0.5111010074615479,1
0.45195335149765015,1
0.4121413230895996,1
0.27048975229263306,1
0.47638195753097534,1
0.36833900213241577,1
0.41673946380615234,1
0.32968297600746155,1
0.45594123005867004,1
0.4562133550643921,1
0.49007534980773926,1
0.4828695058822632,1
0.45588237047195435,1
0.47595715522766113,1
0.4533160626888275,1
0.33995386958122253,1
0.33959853649139404,1
0.45797502994537354,1
0.4958016276359558,1
0.42520245909690857,1
0.4699719548225403,1
0.39347559213638306,1
0.48633474111557007,1
0.5021612048149109,1
0.4721823036670685,1
0.38143402338027954,1
0.5680770874023438,1
0.270159512758255,1
0.49746644496917725,1
0.46528130769729614,1
0.5933330059051514,1
0.37203094363212585,1
0.4700720012187958,1
0.365577757358551,1
0.48154211044311523,1
0.4785615801811218,1
0.3849848508834839,1
0.4290790557861328,1
0.5030473470687866,1
0.43291419744491577,1
0.4106411933898926,1
0.43993544578552246,1
0.37387529015541077,1
0.40512001514434814,1
0.44493937492370605,1
0.5523394346237183,1
0.5567954778671265,1
0.3527064621448517,1
0.35219240188598633,1
0.43263232707977295,1
0.47552990913391113,1
0.4360443651676178,1
0.4388697147369385,1
0.3621807098388672,1
0.33998915553092957,1
0.39819395542144775,1
0.4170896112918854,1
0.4782634377479553,1
0.43423205614089966,1
0.3393276333808899,1
0.4785599708557129,1
0.45193201303482056,1
0.5648994445800781,1
0.44693219661712646,1
0.44079363346099854,1
0.42986077070236206,1
0.38175708055496216,1
0.35176461935043335,1
0.4576355814933777,1
0.468519926071167,1
0.4303703308105469,1
0.3524375259876251,1
0.4456716477870941,1
0.4938620924949646,1
0.4194996953010559,1
0.4189479351043701,1
0.2962409257888794,1
0.3157847225666046,1
0.37536799907684326,1
0.4643644094467163,1
0.5132505893707275,1
0.44454339146614075,1
0.3699205815792084,1
0.43939104676246643,1
0.4026486575603485,1
0.5091380476951599,1
0.3723300099372864,1
0.4258159399032593,1
0.3380792438983917,1
0.5254782438278198,1
0.43446576595306396,1
0.3667944669723511,1
0.47463101148605347,1
0.5124073028564453,1
0.4156293570995331,1
0.46925559639930725,1
0.4536589980125427,1
0.38265466690063477,1
0.3595584034919739,1
0.49777698516845703,1
0.3972541093826294,1
0.42765936255455017,1
0.48762306571006775,1
0.3500160574913025,1
0.5037109851837158,1
0.4499354362487793,1
0.4643893837928772,1
0.4404457211494446,1
0.4235883355140686,1
0.4035736322402954,1
0.4687635004520416,1
0.4484065771102905,1
0.5202150940895081,1
0.5171851515769958,1
0.4523964822292328,1
0.40066656470298767,1
0.4824562668800354,1
0.3861601948738098,1
0.4428427815437317,1
0.4399447441101074,1
0.4147016406059265,1
0.38615310192108154,1
0.4825204014778137,1
0.42590630054473877,1
0.43909168243408203,1
0.4942203760147095,1
0.4132649898529053,1
0.4348682463169098,1
0.42140746116638184,1
0.48679524660110474,1
0.5461613535881042,1
0.37948501110076904,1
0.4146287441253662,1
0.36428317427635193,1
0.38316622376441956,1
0.4492414593696594,1
0.39191925525665283,1
0.3871069550514221,1
0.5209915637969971,1
0.41410523653030396,1
0.4432424306869507,1
0.42500030994415283,1
0.34252649545669556,1
0.4585053026676178,1
0.36810946464538574,1
0.38345879316329956,1
0.3969421684741974,1
0.469157874584198,1
0.39998942613601685,1
0.27132752537727356,1
0.4209434390068054,1
0.44827598333358765,1
0.4625318646430969,1
0.41446369886398315,1
0.5219507813453674,1
0.4530642032623291,1
0.4430617690086365,1
0.4697435200214386,1
0.32679325342178345,1
0.3907007873058319,1
0.3732861876487732,1
0.4124073088169098,1
0.424225389957428,1
0.3858594596385956,1
0.6030879020690918,1
0.36312490701675415,1
0.3861916661262512,1
0.46378010511398315,1
0.3953956067562103,1
0.38394567370414734,1
0.3631504774093628,1
0.4627612829208374,1
0.38725900650024414,1
0.43983080983161926,1
0.5418545007705688,1
0.41760504245758057,1
0.49146145582199097,1
0.40761005878448486,1
0.36224204301834106,1
0.40180671215057373,1
0.4762984812259674,1
0.39530736207962036,1
0.7170085906982422,1
0.41351523995399475,1
0.44293344020843506,1
0.5531966686248779,1
0.31522148847579956,1
0.38955456018447876,1
0.3920910954475403,1
0.3651864528656006,1
0.5149175524711609,1
0.39084097743034363,1
0.3063012659549713,1
0.41838890314102173,1
0.5011008977890015,1
0.3364022374153137,1
0.4063183665275574,1
0.4906061291694641,1
0.4966926872730255,1
0.41900506615638733,1
0.42966896295547485,1
0.46657341718673706,1
0.37599819898605347,1
0.3877808153629303,1
0.44457176327705383,1
0.37228137254714966,1
0.439791202545166,1
0.4741438627243042,1
0.3891545236110687,1
0.4799187183380127,1
0.2895306944847107,1
0.36638543009757996,1
0.41708502173423767,1
0.4873064458370209,1
0.43727436661720276,1
0.38450610637664795,1
0.39598244428634644,1
0.3269558548927307,1
0.3875834345817566,1
0.4461008310317993,1
0.3686221241950989,1
0.4480956792831421,1
0.42858371138572693,1
0.4321448504924774,1
0.3770909309387207,1
0.4771167039871216,1
0.530685544013977,1
0.31665652990341187,1
0.5389165282249451,1
0.32428988814353943,1
0.5835867524147034,1
0.5786082744598389,1
0.40372827649116516,1
0.41438308358192444,1
0.38492342829704285,1
0.4653822183609009,1
0.38294124603271484,1
0.5095881223678589,1
0.37543153762817383,1
0.5192130208015442,1
0.4318522810935974,1
0.4557231664657593,1
0.4002765417098999,1
0.49898457527160645,1
0.3012896180152893,1
0.5160141587257385,1
0.3857277035713196,1
0.4214707016944885,1
0.516281008720398,1
0.3966955542564392,1
0.3491414189338684,1
0.507822573184967,1
0.33476167917251587,1
0.4043160080909729,1
0.3564988374710083,1
0.35062846541404724,1
0.39689934253692627,1
0.4928399324417114,1
0.4103842079639435,1
0.3619902431964874,1
0.44171756505966187,1
0.4208083748817444,1
0.3959518074989319,1
0.40998029708862305,1
0.4285772442817688,1
0.4309702217578888,1
0.4783048629760742,1
0.42693883180618286,1
0.46112674474716187,1
0.45183390378952026,1
0.5762174129486084,1
0.4780273735523224,1
0.40986162424087524,1
0.5278806090354919,1
0.39320439100265503,1
0.41103458404541016,1
0.4660361409187317,1
0.4036811888217926,1
0.4312232732772827,1
0.4165112376213074,1
0.570396363735199,1
0.3779274821281433,1
0.500329315662384,1
0.44757339358329773,1
0.4211411476135254,1
0.3604257106781006,1
0.3496376574039459,1
0.5013798475265503,1
0.31223922967910767,1
0.372050404548645,1
0.4702914357185364,1
0.43670302629470825,1
0.45739513635635376,1
0.32495930790901184,1
0.4141393303871155,1
0.45415031909942627,1
0.43408912420272827,1
0.34670490026474,1
0.46731141209602356,1
0.44208988547325134,1
0.5042163729667664,1
0.38525456190109253,1
0.3474034070968628,1
0.44467630982398987,1
0.43866512179374695,1
0.3760107457637787,1
0.4121851921081543,1
0.423048198223114,1
0.41604286432266235,1
0.3646462559700012,1
0.4572473168373108,1
0.3943866193294525,1
0.3789515793323517,1
0.37438908219337463,1
0.47718361020088196,1
0.38027989864349365,1
0.43407222628593445,1
0.36385148763656616,1
0.4100837707519531,1
0.4303258955478668,1
0.48825186491012573,1
0.4708325266838074,1
0.3754977583885193,1
0.45466047525405884,1
0.46692076325416565,1
0.49856704473495483,1
0.3930487036705017,1
0.4216282069683075,1
0.5359485745429993,1
0.5539780855178833,1
0.5055678486824036,1
0.37040483951568604,1
0.4162541627883911,1
0.3850111961364746,1
0.42858895659446716,1
0.4421662390232086,1
0.5138505101203918,1
0.4538809061050415,1
0.4604783058166504,1
0.500683069229126,1
0.47934871912002563,1
0.5259774923324585,1
0.5391385555267334,1
0.4101529121398926,1
0.3810915946960449,1
0.3181065022945404,1
0.4395924210548401,1
0.3495844304561615,1
0.4046775698661804,1
0.5068919658660889,1
0.48931634426116943,1
0.5708222389221191,1
0.47938966751098633,1
0.41568323969841003,1
0.4099392890930176,1
0.49032658338546753,1
0.5317434072494507,1
0.3103569447994232,1
0.39324110746383667,1
0.4843842089176178,1
0.4272044599056244,1
0.48026081919670105,1
0.37431034445762634,1
0.4374997913837433,1
0.36927735805511475,1
0.3453102111816406,1
0.42945384979248047,1
0.5111973285675049,1
0.5520565509796143,1
0.3149182200431824,1
0.46528977155685425,1
0.45299869775772095,1
0.38836508989334106,1
0.5055279731750488,1
0.3699043393135071,1
0.43538010120391846,1
0.3469401001930237,1
0.37620413303375244,1
0.4404909610748291,1
0.47290313243865967,1
0.2900312840938568,1
0.39283955097198486,1
0.3882381021976471,1
0.38651853799819946,1
0.47900450229644775,1
0.3560263514518738,1
0.49759525060653687,1
0.4325341582298279,1
0.3841451108455658,1
0.5536031723022461,1
0.458125501871109,1
0.4192080497741699,1
0.45983898639678955,1
0.41543611884117126,1
0.46462002396583557,1
0.4283929467201233,1
0.4300898313522339,1
0.47551417350769043,1
0.4709588289260864,1
0.26478859782218933,1
0.42297041416168213,1
0.37894994020462036,1
0.4003751873970032,1
0.3759837746620178,1
0.43843626976013184,1
0.33496516942977905,1
0.5511956214904785,1
0.5047656297683716,1
0.35787343978881836,1
0.5081544518470764,1
0.43762674927711487,1
0.3013631999492645,1
0.5367608666419983,1
0.38083744049072266,1
0.3982918858528137,1
0.3836354613304138,1
0.385225772857666,1
0.4086962044239044,1
0.3849020302295685,1
0.47589021921157837,1
0.4551081657409668,1
0.42567136883735657,1
0.358096718788147,1
0.4949954152107239,1
0.4540098309516907,1
0.4289667308330536,1
0.4851490259170532,1
0.48374080657958984,1
0.37025126814842224,1
0.40930479764938354,1
0.42228758335113525,1
0.5075236558914185,1
0.4065052568912506,1
0.43016254901885986,1
0.5992765426635742,1
0.37059736251831055,1
0.4263288676738739,1
0.3848112225532532,1
0.393520712852478,1
0.39350447058677673,1
0.4663735032081604,1
0.3366568684577942,1
0.3811231255531311,1
0.40718507766723633,1
0.4186784029006958,1
0.3807666003704071,1
0.3741181194782257,1
0.4422655403614044,1
0.4675620198249817,1
0.3815023899078369,1
0.46184200048446655,1
0.5337626338005066,1
0.6077247858047485,1
0.4198804497718811,1
0.40914207696914673,1
0.37616559863090515,1
0.5034627914428711,1
0.4593270719051361,1
0.5107671022415161,1
0.4537239074707031,1
0.42565426230430603,1
0.49800169467926025,1
0.4050801396369934,1
0.3589211106300354,1
0.5570398569107056,1
0.3913154900074005,1
0.44110986590385437,1
0.5233848690986633,1
0.3628294765949249,1
0.4029000401496887,1
0.4482859969139099,1
0.45444661378860474,1
0.5277467370033264,1
0.5014117956161499,1
0.4939422011375427,1
0.5000700950622559,1
0.4564339816570282,1
0.43092983961105347,1
0.39300164580345154,1
0.50499427318573,1
0.43638908863067627,1
0.4702255129814148,1
0.3423949182033539,1
0.5090604424476624,1
0.5131909847259521,1
0.3736759424209595,1
0.48768240213394165,1
0.36071455478668213,1
0.4493595361709595,1
0.45656856894493103,1
0.44602394104003906,1
0.4348374307155609,1
0.3866424262523651,1
0.34884870052337646,1
0.46788695454597473,1
0.503531277179718,1
0.4085296392440796,1
0.3900495171546936,1
0.40214410424232483,1
0.5898885726928711,1
0.3809385299682617,1
0.4274045526981354,1
0.3357893228530884,1
0.4485710561275482,1
0.40607208013534546,1
0.2977261245250702,1
0.44491738080978394,1
0.35065728425979614,1
0.32061219215393066,1
0.48952972888946533,1
0.41771599650382996,1
0.4374462962150574,1
0.33870404958724976,1
0.4681641757488251,1
0.47234058380126953,1
0.5303741097450256,1
0.43576404452323914,1
0.430187463760376,1
0.3853037655353546,1
0.35445040464401245,1
0.30627182126045227,1
0.4457942247390747,1
0.40385520458221436,1
0.38435471057891846,1
0.46901029348373413,1
0.34040629863739014,1
0.35291561484336853,1
0.37516096234321594,1
0.4577164053916931,1
0.32214710116386414,1
0.48215314745903015,1
0.3844341039657593,1
0.4169594645500183,1
0.6003003716468811,1
0.5186762809753418,1
0.5264813899993896,1
0.49566227197647095,1
0.3574070632457733,1
0.5181488394737244,1
0.29989227652549744,1
0.4548134207725525,1
0.5802198648452759,1
0.5689514875411987,1
0.3931180238723755,1
0.45078009366989136,1
0.5680676698684692,1
0.4886687099933624,1
0.37067916989326477,1
0.46999427676200867,1
0.47054553031921387,1
0.4448751211166382,1
0.45578789710998535,1
0.47161665558815,1
0.5018501877784729,1
0.49052560329437256,1
0.38840100169181824,1
0.44831007719039917,1
0.40365397930145264,1
0.44937509298324585,1
0.4410562515258789,1
0.39419272541999817,1
0.3379902243614197,1
0.3646721839904785,1
0.4715133309364319,1
0.397209107875824,1
0.39739859104156494,1
0.3291749954223633,1
0.43572884798049927,1
0.4133055806159973,1
0.39314207434654236,1
0.47316938638687134,1
0.4762986898422241,1
0.5048902630805969,1
0.3872417211532593,1
0.6537820100784302,1
0.3967113792896271,1
0.4389677047729492,1
0.4397915005683899,1
0.41058799624443054,1
0.5004847049713135,1
0.36599451303482056,1
0.4939781427383423,1
0.3929145336151123,1
0.3903661072254181,1
0.3967708349227905,1
0.3658936023712158,1
0.4002481698989868,1
0.5294396877288818,1
0.5529308319091797,1
0.4090503752231598,1
0.45523780584335327,1
0.3938713073730469,1
0.5894850492477417,1
0.4835965633392334,1
0.5855850577354431,1
0.5300930738449097,1
0.3682766854763031,1
0.4687458872795105,1
0.4929000735282898,1
0.4151499271392822,1
0.45145079493522644,1
0.4058406949043274,1
0.40866488218307495,1
0.4311336278915405,1
0.3967086672782898,1
0.4067860543727875,1
0.3626786470413208,1
0.5843077301979065,1
0.351885586977005,1
0.5195469260215759,1
0.42869386076927185,1
0.4190956950187683,1
0.40177643299102783,1
0.4770536422729492,1
0.4446326494216919,1
0.4360068440437317,1
0.3684203028678894,1
0.4613858461380005,1
0.4228273630142212,1
0.4852074980735779,1
0.36074286699295044,1
0.4304923117160797,1
0.4874299466609955,1
0.3739137351512909,1
0.41182053089141846,1
0.5198588967323303,1
0.4192129373550415,1
0.4780943691730499,1
0.4310647249221802,1
0.3797353208065033,1
0.4395733177661896,1
0.37461698055267334,1
0.4395114779472351,1
0.492887020111084,1
0.538697361946106,1
0.39107319712638855,1
0.5126814842224121,1
0.45686325430870056,1
0.5012816786766052,1
0.4341905117034912,1
0.5606448650360107,1
0.39123106002807617,1
0.4000816345214844,1
0.46511346101760864,1
0.40722590684890747,1
0.40645474195480347,1
0.5201007723808289,1
0.4662884473800659,1
0.44093650579452515,1
0.4984256625175476,1
0.48110726475715637,1
0.3981192111968994,1
0.28186067938804626,1
0.4836810827255249,1
0.5101945400238037,1
0.45856183767318726,1
0.45397624373435974,1
0.420208215713501,1
0.4486510455608368,1
0.47374868392944336,1
0.4561927914619446,1
0.3551582992076874,1
0.4524484872817993,1
0.4877772927284241,1
0.408605694770813,1
0.4057551324367523,1
0.38629260659217834,1
0.3410237729549408,1
0.40060341358184814,1
0.43815988302230835,1
0.4789598286151886,1
0.40882623195648193,1
0.4846530556678772,1
0.3884427547454834,1
0.42329925298690796,1
0.378440260887146,1
0.2967589795589447,1
0.361209511756897,1
0.4046173095703125,1
0.49651581048965454,1
0.38994795083999634,1
0.40820935368537903,1
0.5978630781173706,1
0.31727319955825806,1
0.4204247295856476,1
0.451811283826828,1
0.5411803722381592,1
0.4384790062904358,1
0.4508165717124939,1
0.33073538541793823,1
0.3510274291038513,1
0.3845510184764862,1
0.508345365524292,1
0.348662793636322,1
0.4683683514595032,1
0.43929311633110046,1
0.5183215141296387,1
0.40126341581344604,1
0.41484978795051575,1
0.4157666563987732,1
0.43096989393234253,1
0.5609433650970459,1
0.469458669424057,1
0.4070587754249573,1
0.4926525950431824,1
0.5005866885185242,1
0.4204897880554199,1
0.3990483582019806,1
0.41664960980415344,1
0.5670518279075623,1
0.4701347351074219,1
0.44938814640045166,1
0.4485529661178589,1
0.44794490933418274,1
0.4540473520755768,1
0.4855564832687378,1
0.4893210232257843,1
0.3421475887298584,1
0.40980345010757446,1
0.4471737742424011,1
0.3866753876209259,1
0.48797523975372314,1
0.303864985704422,1
0.40424227714538574,1
0.3470580577850342,1
0.301284521818161,1
0.5090116262435913,1
0.448202520608902,1
0.37314289808273315,1
0.5248693823814392,1
0.5069754719734192,1
0.42881348729133606,1
0.4042137861251831,1
0.4635660946369171,1
0.3851945996284485,1
0.3965473175048828,1
0.500530481338501,1
0.4190540909767151,1
0.4551994204521179,1
0.4730933904647827,1
0.45596402883529663,1
0.4100845754146576,1
0.41489115357398987,1
0.43902960419654846,1
0.4290494918823242,1
0.39119675755500793,1
0.41296350955963135,1
0.4139501452445984,1
0.48716747760772705,1
0.33823835849761963,1
0.38188138604164124,1
0.4062824547290802,1
0.3890208601951599,1
0.4276352524757385,1
0.586504340171814,1
0.36581704020500183,1
0.5004837512969971,1
0.478231281042099,1
0.47210177779197693,1
0.40931305289268494,1
0.38041067123413086,1
0.4374515116214752,1
0.3409728407859802,1
0.3667168617248535,1
0.4678477644920349,1
0.530446469783783,1
0.4907209873199463,1
0.34336018562316895,1
0.491310715675354,1
0.37627944350242615,1
0.5481728315353394,1
0.30723077058792114,1
0.46862709522247314,1
0.45441168546676636,1
0.4282306134700775,1
0.4590049386024475,1
0.46469753980636597,1
0.551547110080719,1
0.3194601535797119,1
0.4468037188053131,1
0.37194710969924927,1
0.4571208953857422,1
0.5410984754562378,1
0.47311830520629883,1
0.3941012918949127,1
0.4970898926258087,1
0.417061448097229,1
0.339193731546402,1
0.3972989618778229,1
0.4641580581665039,1
0.43001627922058105,1
0.3685528635978699,1
0.3517264127731323,1
0.41761261224746704,1
0.39403581619262695,1
0.4515248239040375,1
0.38196879625320435,1
0.42814260721206665,1
0.3462409973144531,1
0.4757978916168213,1
0.4065018594264984,1
0.35572659969329834,1
0.36093249917030334,1
0.4224783182144165,1
0.49376559257507324,1
0.4492720067501068,1
0.4349360466003418,1
0.3187568783760071,1
0.3989936113357544,1
0.40515846014022827,1
0.3120104670524597,1
0.3892427086830139,1
0.45344364643096924,1
0.3333832323551178,1
0.454687237739563,1
0.38947737216949463,1
0.38454470038414,1
0.4275253117084503,1
0.41487377882003784,1
0.5008289813995361,1
0.47349774837493896,1
0.39292290806770325,1
0.4055718183517456,1
0.6038691997528076,1
0.37387871742248535,1
0.3779878318309784,1
0.3650567829608917,1
0.4632919430732727,1
0.38610589504241943,1
0.4503284692764282,1
0.4979618489742279,1
0.407199501991272,1
0.5044648051261902,1
0.43355393409729004,1
0.4339677691459656,1
0.40005844831466675,1
0.4967082738876343,1
0.3556029796600342,1
0.46945875883102417,1
0.582604169845581,1
0.3887704610824585,1
0.41266298294067383,1
0.4199168086051941,1
0.40458741784095764,1
0.3756600618362427,1
0.341705322265625,1
0.3745896518230438,1
0.41192626953125,1
0.5153526663780212,1
0.5187839865684509,1
0.40833818912506104,1
0.5325216054916382,1
0.354121595621109,1
0.38815295696258545,1
0.4013992249965668,1
0.5771550536155701,1
0.39206355810165405,1
0.5746646523475647,1
0.4584306478500366,1
0.3883216679096222,1
0.29676634073257446,1
0.3935185372829437,1
0.3265991806983948,1
0.34035003185272217,1
0.5057582855224609,1
0.5580848455429077,1
0.4975545406341553,1
0.493919312953949,1
0.5142453908920288,1
0.5068767070770264,1
0.48082342743873596,1
0.4261851906776428,1
0.49365508556365967,1
0.4799271821975708,1
0.4891843795776367,1
0.4568573832511902,1
0.3786109685897827,1
0.44688910245895386,1
0.34785836935043335,1
0.4100661873817444,1
0.4141349792480469,1
0.443949818611145,1
0.39662036299705505,1
0.43454164266586304,1
0.4255591332912445,1
0.37502896785736084,1
0.41356271505355835,1
0.39929884672164917,1
0.4706522524356842,1
0.40725815296173096,1
0.43713611364364624,1
0.40960508584976196,1
0.543464720249176,1
0.39677393436431885,1
0.4613291621208191,1
0.33259332180023193,1
0.4345325827598572,1
0.39797720313072205,1
0.42297953367233276,1
0.3771783709526062,1
0.5168267488479614,1
0.5044565200805664,1
0.3950542211532593,1
0.4963105022907257,1
0.6574244499206543,1
0.4239421784877777,1
0.4974452555179596,1
0.3927813470363617,1
0.4634934961795807,1
0.46977728605270386,1
0.44308871030807495,1
0.4898742437362671,1
0.4594038724899292,1
0.37676408886909485,1
0.44526222348213196,1
0.4096277952194214,1
0.3849634826183319,1
0.526802659034729,1
0.4551592171192169,1
0.5546059012413025,1
0.39542049169540405,1
0.47571253776550293,1
0.46683719754219055,1
0.42264583706855774,1
0.36707451939582825,1
0.43903595209121704,1
0.38103386759757996,1
0.37136760354042053,1
0.493926465511322,1
0.49514245986938477,1
0.509722113609314,1
0.3649946451187134,1
0.411386638879776,1
0.4196268916130066,1
0.5601292848587036,1
0.4111337661743164,1
0.4402955174446106,1
0.4265685975551605,1
0.46780192852020264,1
0.42097368836402893,1
0.39511820673942566,1
0.3581539988517761,1
0.3219762444496155,1
0.495222806930542,1
0.38902366161346436,1
0.5263357162475586,1
0.5095142722129822,1
0.41907593607902527,1
0.4395414888858795,1
0.40870586037635803,1
0.42013728618621826,1
0.44061407446861267,1
0.416555792093277,1
0.5428751707077026,1
0.6008014678955078,1
0.38800227642059326,1
0.354303777217865,1
0.48156651854515076,1
0.4803438186645508,1
0.3771916627883911,1
0.3933899402618408,1
0.4998641610145569,1
0.4134211838245392,1
0.5279166102409363,1
0.4131302833557129,1
0.46996691823005676,1
0.39615049958229065,1
0.34945034980773926,1
0.42481744289398193,1
0.3975539207458496,1
0.4322100579738617,1
0.578802227973938,1
0.5175900459289551,1
0.36629122495651245,1
0.4372618794441223,1
0.3887717127799988,1
0.38471895456314087,1
0.4756913185119629,1
0.4303860664367676,1
0.42445921897888184,1
0.4679548740386963,1
0.4932095408439636,1
0.5120114088058472,1
0.4784359931945801,1
0.5459843277931213,1
0.3851432204246521,1
0.3055245876312256,1
0.4899280071258545,1
0.4598359763622284,1
0.44440752267837524,1
0.533766508102417,1
0.4127856194972992,1
0.431313693523407,1
0.43511855602264404,1
0.5125265717506409,1
0.3900599479675293,1
0.3908824026584625,1
0.5535594820976257,1
0.45738688111305237,1
0.34045693278312683,1
0.40695542097091675,1
0.4099760353565216,1
0.45208829641342163,1
0.5254331827163696,1
0.3923429250717163,1
0.40103277564048767,1
0.42078161239624023,1
0.4449438452720642,1
0.3792576789855957,1
0.5504985451698303,1
0.3320676386356354,1
0.41798290610313416,1
0.46832090616226196,1
0.311625212430954,1
0.47939372062683105,1
0.3923509120941162,1
0.45718109607696533,1
0.5015441179275513,1
0.4266066551208496,1
0.4523184597492218,1
0.501248836517334,1
0.42015647888183594,1
0.4277709722518921,1
0.41291192173957825,1
0.5808537602424622,1
0.4598842263221741,1
0.48074910044670105,1
0.538963258266449,1
0.3543030917644501,1
0.4305441379547119,1
0.44221892952919006,1
0.4863867163658142,1
0.4369038939476013,1
0.32531988620758057,1
0.44484034180641174,1
0.4389462471008301,1
0.4885715842247009,1
0.3897209167480469,1
0.44776296615600586,1
0.4025816321372986,1
0.3175444006919861,1
0.44572174549102783,1
0.4751162528991699,1
0.35174378752708435,1
0.37588435411453247,1
0.3395988643169403,1
0.42473262548446655,1
0.4973505735397339,1
0.4664199948310852,1
0.4622475504875183,1
0.395266056060791,1
0.4536081850528717,1
0.4756844639778137,1
0.508322536945343,1
0.4624374806880951,1
0.46794936060905457,1
0.41218751668930054,1
0.3855035603046417,1
0.38515403866767883,1
0.4575815796852112,1
0.3589019775390625,1
0.5450358390808105,1
0.4350290298461914,1
0.41097673773765564,1
0.41260913014411926,1
0.505425751209259,1
0.4734256863594055,1
0.46639901399612427,1
0.45974600315093994,1
0.475200891494751,1
0.4814048111438751,1
0.4847427010536194,1
0.4640938639640808,1
0.39410290122032166,1
0.2773554027080536,1
0.3693222403526306,1
0.4664463400840759,1
0.4311133623123169,1
0.42269212007522583,1
0.5481345653533936,1
0.4810711443424225,1
0.43722712993621826,1
0.38407325744628906,1
0.3754468560218811,1
0.4878498613834381,1
0.5316303968429565,1
0.42427703738212585,1
0.36690500378608704,1
0.39154714345932007,1
0.4381868541240692,1
0.46089714765548706,1
0.3895007371902466,1
0.3794967532157898,1
0.4010107219219208,1
0.4100929796695709,1
0.3797997832298279,1
0.4888018071651459,1
0.4438527822494507,1
0.5343434810638428,1
0.4588136076927185,1
0.4503780007362366,1
0.4171644151210785,1
0.5398618578910828,1
0.43237003684043884,1
0.5448821783065796,1
0.3340684771537781,1
0.3951851725578308,1
0.28908276557922363,1
0.43648290634155273,1
0.40156090259552,1
0.43924057483673096,1
0.42542874813079834,1
0.4229181110858917,1
0.5403801798820496,1
0.4624728858470917,1
0.3641814589500427,1
0.4517659544944763,1
0.39594435691833496,1
0.40135225653648376,1
0.36887091398239136,1
0.4650970995426178,1
0.4808962047100067,1
0.3595249354839325,1
0.41787615418434143,1
0.3937494158744812,1
0.45074155926704407,1
0.3183070719242096,1
0.42026257514953613,1
0.38580724596977234,1
0.4022395610809326,1
0.34013137221336365,1
0.5266531109809875,1
0.38431376218795776,1
0.4185173511505127,1
0.42193228006362915,1
0.33750835061073303,1
0.4820667505264282,1
0.3561685085296631,1
0.4653722643852234,1
0.41305458545684814,1
0.5237728357315063,1
0.48591724038124084,1
0.4408521056175232,1
0.4915633797645569,1
0.5002821683883667,1
0.3655446171760559,1
0.44036829471588135,1
0.4154265224933624,1
0.5428333282470703,1
0.3936000466346741,1
0.38131898641586304,1
0.48955944180488586,1
0.4631199240684509,1
0.39104220271110535,1
0.39324021339416504,1
0.3345990478992462,1
0.3930667042732239,1
0.28748029470443726,1
0.40294742584228516,1
0.39613431692123413,1
0.49856317043304443,1
0.4324668347835541,1
0.4354028105735779,1
0.42654216289520264,1
0.48979273438453674,1
0.39159077405929565,1
0.4209560751914978,1
0.4749594032764435,1
0.523658812046051,1
0.3631172478199005,1
0.48225563764572144,1
0.5508066415786743,1
0.5188699960708618,1
0.37656188011169434,1
0.4751286506652832,1
0.43314746022224426,1
0.45846953988075256,1
0.507510781288147,1
0.46081092953681946,1
0.41100484132766724,1
0.44397589564323425,1
0.5120887160301208,1
0.5250124335289001,1
0.49310898780822754,1
0.4251839816570282,1
0.38337868452072144,1
0.4887433350086212,1
0.5004140138626099,1
0.5386834144592285,1
0.3635767996311188,1
0.3803744912147522,1
0.5444854497909546,1
0.4658963680267334,1
0.4016910493373871,1
0.4185193181037903,1
0.3653831481933594,1
0.40075138211250305,1
0.3503061532974243,1
0.4926159977912903,1
0.43655404448509216,1
0.4560081660747528,1
0.4534427523612976,1
0.4506062865257263,1
0.45666658878326416,1
0.4109480381011963,1
0.511242151260376,1
0.4002879559993744,1
0.30746790766716003,1
0.4036349058151245,1
0.44710004329681396,1
0.3723183274269104,1
0.44296687841415405,1
0.45776212215423584,1
0.48773014545440674,1
0.5109752416610718,1
0.41484999656677246,1
0.4818342924118042,1
0.5284579992294312,1
0.5066916942596436,1
0.41047272086143494,1
0.39945074915885925,1
0.3752168118953705,1
0.40802082419395447,1
0.39382272958755493,1
0.38651061058044434,1
0.45420724153518677,1
0.3627127408981323,1
0.4483511447906494,1
0.543405294418335,1
0.38440626859664917,1
0.4642018675804138,1
0.36170199513435364,1
0.4478559195995331,1
0.42539286613464355,1
0.3611031472682953,1
0.45252928137779236,1
0.41171473264694214,1
0.47179165482521057,1
0.4032345414161682,1
0.40323513746261597,1
0.5156046152114868,1
0.42650657892227173,1
0.46653440594673157,1
0.4647108316421509,1
0.47565650939941406,1
0.485340416431427,1
0.44487980008125305,1
0.34401512145996094,1
0.4768654406070709,1
0.43621325492858887,1
0.34061387181282043,1
0.47645580768585205,1
0.5219862461090088,1
0.3698381185531616,1
0.453565388917923,1
0.38142651319503784,1
0.5315160155296326,1
0.5137417316436768,1
0.4070967435836792,1
0.5717000961303711,1
0.33400818705558777,1
0.43276911973953247,1
0.4129853844642639,1
0.42804276943206787,1
0.5331301689147949,1
0.37283962965011597,1
0.33757999539375305,1
0.3747687041759491,1
0.4681401252746582,1
0.3862253725528717,1
0.41261017322540283,1
0.4719388782978058,1
0.48895949125289917,1
0.38527750968933105,1
0.4593716859817505,1
0.44301730394363403,1
0.42852893471717834,1
0.6117902398109436,1
0.4168701171875,1
0.5135976076126099,1
0.45721471309661865,1
0.4626494348049164,1
0.5370654463768005,1
0.4388401210308075,1
0.47489309310913086,1
0.4424925446510315,1
0.42278915643692017,1
0.32006728649139404,1
0.5104349255561829,1
0.3004627227783203,1
0.5080748796463013,1
0.575434684753418,1
0.5106921195983887,1
0.4488593339920044,1
0.3368537127971649,1
0.5128561854362488,1
0.5141253471374512,1
0.3981550335884094,1
0.49468857049942017,1
0.39214521646499634,1
0.316601425409317,1
0.4614991545677185,1
0.5241349935531616,1
0.45812344551086426,1
0.44683361053466797,1
0.46739739179611206,1
0.4338730573654175,1
0.49796849489212036,1
0.3845110833644867,1
0.3855994641780853,1
0.39899295568466187,1
0.453547865152359,1
0.5078827738761902,1
0.40850594639778137,1
0.46706289052963257,1
0.3065788447856903,1
0.430014967918396,1
0.41525793075561523,1
0.37606120109558105,1
0.5476264953613281,1
0.5544487237930298,1
0.40838444232940674,1
0.4648263454437256,1
0.3792194128036499,1
0.36133894324302673,1
0.5274704694747925,1
0.4169251024723053,1
0.44746100902557373,1
0.37188929319381714,1
0.37577974796295166,1
0.5858378410339355,1
0.3910183012485504,1
0.43346428871154785,1
0.40979447960853577,1
0.43709129095077515,1
0.44568923115730286,1
0.47706088423728943,1
0.356081485748291,1
0.4333799183368683,1
0.4183509349822998,1
0.6016342639923096,1
0.5076810717582703,1
0.47392988204956055,1
0.3830420970916748,1
0.3338649868965149,1
0.387395977973938,1
0.312103271484375,1
0.3788292706012726,1
0.42487889528274536,1
0.4008930027484894,1
0.3578595817089081,1
0.44446051120758057,1
0.468025267124176,1
0.4072429835796356,1
0.603370189666748,1
0.444887638092041,1
0.4344823360443115,1
0.39465567469596863,1
0.4599759578704834,1
0.4950714111328125,1
0.36231255531311035,1
0.4506039023399353,1
0.4514507055282593,1
0.4596973955631256,1
0.4471767246723175,1
0.5018662810325623,1
0.37590092420578003,1
0.41773590445518494,1
0.359862744808197,1
0.4277210533618927,1
0.470708966255188,1
0.40084150433540344,1
0.434223473072052,1
0.5082820057868958,1
0.5055277347564697,1
0.44720205664634705,1
0.41714775562286377,1
0.4464120864868164,1
0.47932595014572144,1
0.3939076364040375,1
0.4048548936843872,1
0.4286583364009857,1
0.29263222217559814,1
0.48264166712760925,1
0.4708555340766907,1
0.4996127188205719,1
0.45917534828186035,1
0.45555174350738525,1
0.4196315109729767,1
0.36773908138275146,1
0.3877287209033966,1
0.44240880012512207,1
0.4170852303504944,1
0.5138236284255981,1
0.3124313950538635,1
0.4044964611530304,1
0.42650124430656433,1
0.42471668124198914,1
0.4862768054008484,1
0.435094952583313,1
0.39010870456695557,1
0.5370073318481445,1
0.4688475728034973,1
0.45418891310691833,1
0.5592610836029053,1
0.32922840118408203,1
0.40902259945869446,1
0.34129631519317627,1
0.5092613101005554,1
0.40989184379577637,1
0.4911729097366333,1
0.4056287407875061,1
0.3616534471511841,1
0.4199371337890625,1
0.337401807308197,1
0.36185163259506226,1
0.5846502780914307,1
0.4395344853401184,1
0.4437103867530823,1
0.35714101791381836,1
0.35246381163597107,1
0.3686431050300598,1
0.45795077085494995,1
0.3967176377773285,1
0.4026918411254883,1
0.3226010799407959,1
0.4517361521720886,1
0.43359774351119995,1
0.46234026551246643,1
0.4737885594367981,1
0.5991709232330322,1
0.4905569851398468,1
0.4228340983390808,1
0.42463162541389465,1
0.5028636455535889,1
0.44291752576828003,1
0.4252473711967468,1
0.4468441605567932,1
0.4474053382873535,1
0.39922651648521423,1
0.4407234489917755,1
0.4270099401473999,1
0.33888137340545654,1
0.4156069755554199,1
0.34174832701683044,1
0.46040233969688416,1
0.3851519227027893,1
0.3676283657550812,1
0.4047408998012543,1
0.4930118918418884,1
0.4332210123538971,1
0.4985908269882202,1
0.49690449237823486,1
0.39923179149627686,1
0.46440091729164124,1
0.3874584436416626,1
0.526935338973999,1
0.4108227491378784,1
0.34803152084350586,1
0.354844331741333,1
0.4049801826477051,1
0.42412567138671875,1
0.43130460381507874,1
0.4745156168937683,1
0.5112326741218567,1
0.37012749910354614,1
0.41068553924560547,1
0.41972097754478455,1
0.36240673065185547,1
0.46964192390441895,1
0.5147994756698608,1
0.2786771357059479,1
0.3743804693222046,1
0.23345233500003815,1
0.42745089530944824,1
0.3487025499343872,1
0.4250267744064331,1
0.44678881764411926,1
0.4951910674571991,1
0.3875778913497925,1
0.4023702144622803,1
0.40169787406921387,1
0.7038776874542236,1
0.36785152554512024,1
0.40657225251197815,1
0.4028894007205963,1
0.43409866094589233,1
0.48471391201019287,1
0.4539702236652374,1
0.5273750424385071,1
0.36469799280166626,1
0.40844830870628357,1
0.42285770177841187,1
0.5629257559776306,1
0.3839053511619568,1
0.4690614342689514,1
0.4313398003578186,1
0.5460096001625061,1
0.41328826546669006,1
0.3841933310031891,1
0.47443699836730957,1
0.344412624835968,1
0.36615124344825745,1
0.3772837221622467,1
0.4559004604816437,1
0.37922459840774536,1
0.337478369474411,1
0.5160746574401855,1
0.454364538192749,1
0.5372365713119507,1
0.5953472256660461,1
0.3190634250640869,1
0.49618494510650635,1
0.4484083652496338,1
0.5122957229614258,1
0.5307157635688782,1
0.4486960470676422,1
0.4561912417411804,1
0.3463131785392761,1
0.481610506772995,1
0.4571933150291443,1
0.38445138931274414,1
0.4556068181991577,1
0.5251175165176392,1
0.42033180594444275,1
0.5172531604766846,1
0.4601696729660034,1
0.505730390548706,1
0.4393567442893982,1
0.5356717109680176,1
0.3777950704097748,1
0.39732760190963745,1
0.470506876707077,1
0.42549067735671997,1
0.4192885756492615,1
0.4700753688812256,1
0.43793243169784546,1
0.4491994380950928,1
0.4812326431274414,1
0.3994746804237366,1
0.38116568326950073,1
0.5279755592346191,1
0.3890882432460785,1
0.47078803181648254,1
0.452921599149704,1
0.4055697023868561,1
0.4752543568611145,1
0.42884257435798645,1
0.42542964220046997,1
0.30887508392333984,1
0.4665428698062897,1
0.3136492073535919,1
0.4593442380428314,1
0.4730399549007416,1
0.40714043378829956,1
0.4160487651824951,1
0.37794727087020874,1
0.3102646470069885,1
0.4511628746986389,1
0.5718017220497131,1
0.37152278423309326,1
0.39262011647224426,1
0.5314156413078308,1
0.36767372488975525,1
0.43649953603744507,1
0.4427407383918762,1
0.5595495700836182,1
0.403744637966156,1
0.39295363426208496,1
0.4158080220222473,1
0.4753860831260681,1
0.5655962228775024,1
0.4143466055393219,1
0.4399222135543823,1
0.47102272510528564,1
0.41754186153411865,1
0.37709563970565796,1
0.44896620512008667,1
0.4470542371273041,1
0.4835677742958069,1
0.33700311183929443,1
0.420074999332428,1
0.4974667429924011,1
0.383882999420166,1
0.3876245617866516,1
0.505692183971405,1
0.4286465644836426,1
0.44667232036590576,1
0.47262442111968994,1
0.3946716785430908,1
0.4291084110736847,1
0.379329651594162,1
0.4993431568145752,1
0.49649104475975037,1
0.48069071769714355,1
0.4322154223918915,1
0.351922869682312,1
0.290822297334671,1
0.3832290768623352,1
0.46205562353134155,1
0.523119330406189,1
0.39612922072410583,1
0.4823427200317383,1
0.3354802131652832,1
0.36034637689590454,1
0.37922775745391846,1
0.37927141785621643,1
0.43451088666915894,1
0.3550674319267273,1
0.39547935128211975,1
0.4408707618713379,1
0.35157984495162964,1
0.3616710901260376,1
0.4111752212047577,1
0.38689377903938293,1
0.3908538222312927,1
0.46833062171936035,1
0.417133092880249,1
0.3783096969127655,1
0.4817471504211426,1
0.35276728868484497,1
0.40871545672416687,1
0.392477810382843,1
0.468608021736145,1
0.39401721954345703,1
0.5729714035987854,1
0.4502910375595093,1
0.39396780729293823,1
0.3808962106704712,1
0.3792591392993927,1
0.3927404284477234,1
0.40440458059310913,1
0.4890527129173279,1
0.3702859580516815,1
0.45863670110702515,1
0.4042626619338989,1
0.3294559121131897,1
0.4153406620025635,1
0.45087170600891113,1
0.3157091736793518,1
0.4487541615962982,1
0.49539390206336975,1
0.4779794216156006,1
0.523472249507904,1
0.4300391376018524,1
0.5493121147155762,1
0.47680461406707764,1
0.503266453742981,1
0.36722999811172485,1
0.43068569898605347,1
0.448008269071579,1
0.4629122018814087,1
0.6373177766799927,1
0.47951024770736694,1
0.4436590075492859,1
0.4212590157985687,1
0.3970690965652466,1
0.33827751874923706,1
0.3475375175476074,1
0.4366529881954193,1
0.323224812746048,1
0.4101214110851288,1
0.4286259710788727,1
0.5319119095802307,1
0.34975534677505493,1
0.5281251072883606,1
0.4354591965675354,1
0.3744148910045624,1
0.4612308442592621,1
0.34353113174438477,1
0.3851488530635834,1
0.37941402196884155,1
0.3453807234764099,1
0.3948899507522583,1
0.37848421931266785,1
0.35846826434135437,1
0.3662221133708954,1
0.42910051345825195,1
0.43089067935943604,1
0.4403739273548126,1
0.48911869525909424,1
0.36596131324768066,1
0.3142777383327484,1
0.42989158630371094,1
0.546167254447937,1
0.44512373208999634,1
0.4191686511039734,1
0.46544766426086426,1
0.5553719401359558,1
0.43122074007987976,1
0.4934844374656677,1
0.4796612858772278,1
0.3545417785644531,1
0.418083131313324,1
0.39155155420303345,1
0.4995448589324951,1
0.43094658851623535,1
0.44503721594810486,1
0.4160781502723694,1
0.41481199860572815,1
0.46643638610839844,1
0.48872143030166626,1
0.479950487613678,1
0.3332493305206299,1
0.502463698387146,1
0.43532902002334595,1
0.3520945906639099,1
0.38042330741882324,1
0.39378076791763306,1
0.5351895689964294,1
0.45206040143966675,1
0.3950102925300598,1
0.504745364189148,1
0.45311239361763,1
0.5138418674468994,1
0.4264373779296875,1
0.5521564483642578,1
0.3836936950683594,1
0.4037114381790161,1
0.40885835886001587,1
0.4665927588939667,1
0.4140984117984772,1
0.5468082427978516,1
0.3609029948711395,1
0.44220221042633057,1
0.454303503036499,1
0.4131202697753906,1
0.45033061504364014,1
0.4512224793434143,1
0.40789541602134705,1
0.42553216218948364,1
0.4064190983772278,1
0.39720356464385986,1
0.44486692547798157,1
0.5158900022506714,1
0.3932230770587921,1
0.38754984736442566,1
0.38537001609802246,1
0.5275823473930359,1
0.5420606136322021,1
0.47708380222320557,1
0.35225051641464233,1
0.4585963189601898,1
0.46749210357666016,1
0.5515772700309753,1
0.41809770464897156,1
0.5427639484405518,1
0.45693445205688477,1
0.4200366735458374,1
0.39800307154655457,1
0.4299183785915375,1
0.4696403443813324,1
0.4621182382106781,1
0.34605661034584045,1
0.4327462613582611,1
0.44410860538482666,1
0.365031898021698,1
0.48641592264175415,1
0.3880879878997803,1
0.4994022250175476,1
0.5183601379394531,1
0.4656844735145569,1
0.4036273956298828,1
0.4664401710033417,1
0.32363253831863403,1
0.4462401270866394,1
0.4336320757865906,1
0.47133344411849976,1
0.4700656235218048,1
0.38805529475212097,1
0.5139566659927368,1
0.5000739097595215,1
0.4309731423854828,1
0.5593074560165405,1
0.4673067629337311,1
0.44854313135147095,1
0.506260871887207,1
0.5024585127830505,1
0.4926426112651825,1
0.42261767387390137,1
0.3602507710456848,1
0.46604281663894653,1
0.45245879888534546,1
0.4984172582626343,1
0.4087475836277008,1
0.41216474771499634,1
0.5020014643669128,1
0.36344677209854126,1
0.3987483084201813,1
0.4637197256088257,1
0.39208686351776123,1
0.5406736731529236,1
0.42797428369522095,1
0.39792105555534363,1
0.4207785129547119,1
0.45669469237327576,1
0.33712729811668396,1
0.4836696982383728,1
0.45825713872909546,1
0.40481194853782654,1
0.4906875491142273,1
0.5237230062484741,1
0.4402664601802826,1
0.4098702669143677,1
0.4585890769958496,1
0.3499492406845093,1
0.4956139922142029,1
0.38955622911453247,1
0.36100029945373535,1
0.3710525333881378,1
0.46298184990882874,1
0.3832851052284241,1
0.3459017872810364,1
0.5394228100776672,1
0.4675230383872986,1
0.40442124009132385,1
0.43424683809280396,1
0.442331463098526,1
0.3937145173549652,1
0.42675507068634033,1
0.4296175539493561,1
0.5171172022819519,1
0.4796353876590729,1
0.4109450578689575,1
0.4127998352050781,1
0.44928085803985596,1
0.40139028429985046,1
0.5817781686782837,1
0.37509000301361084,1
0.4275525212287903,1
0.416642963886261,1
0.38458237051963806,1
0.3816984295845032,1
0.521094799041748,1
0.4070291519165039,1
0.4400043189525604,1
0.41509902477264404,1
0.4092264473438263,1
0.3642255663871765,1
0.5209654569625854,1
0.4249938130378723,1
0.48571115732192993,1
0.4005089998245239,1
0.3881389796733856,1
0.427706241607666,1
0.4503006339073181,1
0.45566219091415405,1
0.4594053328037262,1
0.4602632522583008,1
0.30012238025665283,1
0.43959879875183105,1
0.45679593086242676,1
0.40058785676956177,1
0.454744815826416,1
0.3736308813095093,1
0.436140239238739,1
0.48137572407722473,1
0.4656314253807068,1
0.4111396074295044,1
0.3869103193283081,1
0.573146641254425,1
0.4213695228099823,1
0.5198235511779785,1
0.48613879084587097,1
0.5060135126113892,1
0.5278137922286987,1
0.3693826496601105,1
0.33421504497528076,1
0.45111191272735596,1
0.48223787546157837,1
0.3992105722427368,1
0.447610080242157,1
0.3382585048675537,1
0.454281747341156,1
0.4760062098503113,1
0.4258587658405304,1
0.5867780447006226,1
0.4444308280944824,1
0.43865513801574707,1
0.3889736533164978,1
0.4365811347961426,1
0.38134709000587463,1
0.35241860151290894,1
0.38472259044647217,1
0.36800143122673035,1
0.45830339193344116,1
0.48734164237976074,1
0.42576920986175537,1
0.4824780523777008,1
0.5639475584030151,1
0.5105253458023071,1
0.422484815120697,1
0.45525068044662476,1
0.4394110441207886,1
0.49598559737205505,1
0.4492315649986267,1
0.4067559242248535,1
0.4556359052658081,1
0.48254212737083435,1
0.42561495304107666,1
0.44481298327445984,1
0.43063056468963623,1
0.4282011389732361,1
0.4378148913383484,1
0.40563541650772095,1
0.44422557950019836,1
0.4805540442466736,1
0.46254509687423706,1
0.49139147996902466,1
0.45284220576286316,1
0.4533733129501343,1
0.465122252702713,1
0.45934242010116577,1
0.539546012878418,1
0.47762784361839294,1
0.31170910596847534,1
0.4519013464450836,1
0.37599626183509827,1
0.4146048426628113,1
0.45767760276794434,1
0.4439351558685303,1
0.33418750762939453,1
0.3363439440727234,1
0.38871222734451294,1
0.40281644463539124,1
0.359023779630661,1
0.3763992190361023,1
0.5142583847045898,1
0.45375916361808777,1
0.44301462173461914,1
0.43725141882896423,1
0.38334155082702637,1
0.3862919509410858,1
0.46419069170951843,1
0.40473994612693787,1
0.4968770444393158,1
0.42462170124053955,1
0.5012369155883789,1
0.490715354681015,1
0.417851984500885,1
0.3180457353591919,1
0.4721328020095825,1
0.43714988231658936,1
0.4088268578052521,1
0.3816201984882355,1
0.4613950252532959,1
0.4358315169811249,1
0.441488116979599,1
0.34588557481765747,1
0.4611354470252991,1
0.4471552073955536,1
0.31111058592796326,1
0.3189523220062256,1
0.36655810475349426,1
0.4145929515361786,1
0.41651415824890137,1
0.38638603687286377,1
0.4282224774360657,1
0.465506374835968,1
0.35305336117744446,1
0.4524807333946228,1
0.3654632270336151,1
0.39098262786865234,1
0.36889925599098206,1
0.35092616081237793,1
0.39388951659202576,1
0.3810906410217285,1
0.3368694484233856,1
0.5079810619354248,1
0.39855730533599854,1
0.41962897777557373,1
0.3925929367542267,1
0.3671661615371704,1
0.4463895261287689,1
0.4407472014427185,1
0.4883076846599579,1
0.36056941747665405,1
0.36825308203697205,1
0.6343762874603271,1
0.4988667964935303,1
0.3642042279243469,1
0.41247111558914185,1
0.44920068979263306,1
0.5760307908058167,1
0.40862971544265747,1
0.4387069344520569,1
0.4286358058452606,1
0.45530033111572266,1
0.44027891755104065,1
0.36185422539711,1
0.42977598309516907,1
0.35484156012535095,1
0.4951716661453247,1
0.4840528964996338,1
0.3879300355911255,1
0.31631726026535034,1
0.43397825956344604,1
0.37197020649909973,1
0.5282275676727295,1
0.3476925492286682,1
0.36638903617858887,1
0.41730523109436035,1
0.41290995478630066,1
0.4563392102718353,1
0.4161325693130493,1
0.3828621208667755,1
0.40255945920944214,1
0.4002358615398407,1
0.44518786668777466,1
0.5080822706222534,1
0.3741792142391205,1
0.3729797601699829,1
0.4372684955596924,1
0.373050719499588,1
0.39209258556365967,1
0.47775399684906006,1
0.3470599055290222,1
0.4429575800895691,1
0.34080737829208374,1
0.30258041620254517,1
0.47052186727523804,1
0.3568935692310333,1
0.381753146648407,1
0.4764024615287781,1
0.4149054288864136,1
0.3912702202796936,1
0.4387887418270111,1
0.561614990234375,1
0.4893725514411926,1
0.4316357672214508,1
0.2894461154937744,1
0.41570401191711426,1
0.3955349922180176,1
0.5582402348518372,1
0.44802504777908325,1
0.41725170612335205,1
0.4879626929759979,1
0.42677947878837585,1
0.5084426999092102,1
0.3961870074272156,1
0.41351935267448425,1
0.383730411529541,1
0.5391374826431274,1
0.3971328139305115,1
0.4844725430011749,1
0.37605899572372437,1
0.4499148726463318,1
0.3729096055030823,1
0.37968921661376953,1
0.39949220418930054,1
0.4561113119125366,1
0.3934967517852783,1
0.3860216438770294,1
0.35044705867767334,1
0.4985845983028412,1
0.4222872257232666,1
0.41092434525489807,1
0.5151265859603882,1
0.42954790592193604,1
0.5108320713043213,1
0.4746355414390564,1
0.4585424065589905,1
0.4083324372768402,1
0.44471025466918945,1
0.35608476400375366,1
0.3662366271018982,1
0.3689977526664734,1
0.4492064118385315,1
0.43699753284454346,1
0.4426215887069702,1
0.36596474051475525,1
0.3414545953273773,1
0.5258951187133789,1
0.41589078307151794,1
0.4610866904258728,1
0.38401928544044495,1
0.5273219347000122,1
0.40977317094802856,1
0.49491769075393677,1
0.43234753608703613,1
0.4900702238082886,1
0.3739928603172302,1
0.4433823525905609,1
0.32248228788375854,1
0.40728995203971863,1
0.43383318185806274,1
0.5042157769203186,1
0.44132670760154724,1
0.36788028478622437,1
0.4483162760734558,1
0.46455761790275574,1
0.392877459526062,1
0.5642349720001221,1
0.4772487282752991,1
0.40171337127685547,1
0.45809757709503174,1
0.5284306406974792,1
0.4782746434211731,1
0.4195616841316223,1
0.3262022137641907,1
0.46761012077331543,1
0.3832670748233795,1
0.4190274477005005,1
0.4084509015083313,1
0.4977758824825287,1
0.37296342849731445,1
0.41643375158309937,1
0.4231324791908264,1
0.42039260268211365,1
0.4776555299758911,1
0.41099831461906433,1
0.40244048833847046,1
0.48833510279655457,1
0.40018230676651,1
0.5169348120689392,1
0.46474021673202515,1
0.47226694226264954,1
0.3244566023349762,1
0.4068182408809662,1
0.4350670576095581,1
0.4535765051841736,1
0.33464735746383667,1
0.7367290258407593,1
0.30916067957878113,1
0.4133383631706238,1
0.5164220333099365,1
0.4058719873428345,1
0.33505111932754517,1
0.41374850273132324,1
0.40636807680130005,1
0.4477786123752594,1
0.5027296543121338,1
0.4388802647590637,1
0.374885231256485,1
0.530756413936615,1
0.5027969479560852,1
0.41130122542381287,1
0.4983368217945099,1
0.3651657700538635,1
0.43569692969322205,1
0.47558292746543884,1
0.47611314058303833,1
0.46617645025253296,1
0.42804253101348877,1
0.4361388385295868,1
0.6152557134628296,1
0.4026917517185211,1
0.36980772018432617,1
0.4419819712638855,1
0.3780803084373474,1
0.47545358538627625,1
0.5392044186592102,1
0.47021082043647766,1
0.4489869177341461,1
0.4397008419036865,1
0.5155805945396423,1
0.37913867831230164,1
0.3433549106121063,1
0.4968467354774475,1
0.47343358397483826,1
0.3976656496524811,1
0.4257585406303406,1
0.4743124544620514,1
0.38693946599960327,1
0.48193204402923584,1
0.3979605436325073,1
0.5579335689544678,1
0.36037102341651917,1
0.42394036054611206,1
0.40740883350372314,1
0.5725573897361755,1
0.42944586277008057,1
0.380443274974823,1
0.35537371039390564,1
0.4203345775604248,1
0.44466859102249146,1
0.4619309902191162,1
0.49668818712234497,1
0.4156709909439087,1
0.5030390620231628,1
0.41681647300720215,1
0.47480249404907227,1
0.48482900857925415,1
0.5258339643478394,1
0.4818451404571533,1
0.354247510433197,1
0.5242360830307007,1
0.3538074791431427,1
0.38460639119148254,1
0.47838619351387024,1
0.5224436521530151,1
0.4483211040496826,1
0.4711335599422455,1
0.34005793929100037,1
0.3850496709346771,1
0.48810485005378723,1
0.36744987964630127,1
0.4469640851020813,1
0.36240410804748535,1
0.44099360704421997,1
0.40248340368270874,1
0.4191528856754303,1
0.43467140197753906,1
0.4179019629955292,1
0.4770616888999939,1
0.37409329414367676,1
0.5053455233573914,1
0.4578414857387543,1
0.44907888770103455,1
0.4560319185256958,1
0.37187838554382324,1
0.5364406108856201,1
0.4143928587436676,1
0.3733619451522827,1
0.3719690442085266,1
0.38596078753471375,1
0.33996155858039856,1
0.35493725538253784,1
0.36770525574684143,1
0.43319281935691833,1
0.4058075547218323,1
0.392516553401947,1
0.4139624834060669,1
0.2963802218437195,1
0.4918891191482544,1
0.3715726435184479,1
0.49023526906967163,1
0.39002227783203125,1
0.45713523030281067,1
0.5033115148544312,1
0.4577823579311371,1
0.4232133626937866,1
0.4011669158935547,1
0.3877222537994385,1
0.42360422015190125,1
0.5030866861343384,1
0.48832571506500244,1
0.4133841395378113,1
0.40365922451019287,1
0.4981217384338379,1
0.24904575943946838,1
0.42543601989746094,1
0.437933087348938,1
0.4314250349998474,1
0.3582139015197754,1
0.4076521396636963,1
0.4721885025501251,1
0.5699901580810547,1
0.423500120639801,1
0.4406454563140869,1
0.4555530548095703,1
0.409797728061676,1
0.4495074152946472,1
0.3504919111728668,1
0.49171578884124756,1
0.6042508482933044,1
0.3468504548072815,1
0.41002076864242554,1
0.5817815065383911,1
0.45250725746154785,1
0.4229145050048828,1
0.38514429330825806,1
0.41425254940986633,1
0.395847350358963,1
0.4545263648033142,1
0.494096577167511,1
0.6091098785400391,1
0.3528352379798889,1
0.5414019227027893,1
0.3296870291233063,1
0.4232768416404724,1
0.36126255989074707,1
0.5342835783958435,1
0.47925540804862976,1
0.46051618456840515,1
0.41151267290115356,1
0.4024445116519928,1
0.32124441862106323,1
0.30105987191200256,1
0.4667113125324249,1
0.48816412687301636,1
0.5045992136001587,1
0.530131459236145,1
0.45588672161102295,1
0.6001834273338318,1
0.4834597408771515,1
0.5184405446052551,1
0.32854706048965454,1
0.3282933235168457,1
0.2940855622291565,1
0.48461204767227173,1
0.5254086256027222,1
0.4608756899833679,1
0.3420683741569519,1
0.5545322299003601,1
0.40954992175102234,1
0.5011385083198547,1
0.4562877416610718,1
0.46100863814353943,1
0.4169575572013855,1
0.4344884157180786,1
0.3335303068161011,1
0.4186829924583435,1
0.37521547079086304,1
0.5025231838226318,1
0.5237843990325928,1
0.3699372708797455,1
0.358296662569046,1
0.3666534721851349,1
0.5747421383857727,1
0.5852521657943726,1
0.46940910816192627,1
0.37174513936042786,1
0.5219492316246033,1
0.3562047481536865,1
0.3871275782585144,1
0.3971296548843384,1
0.3552044630050659,1
0.3804888129234314,1
0.47628408670425415,1
0.349683552980423,1
0.4183962941169739,1
0.4453214406967163,1
0.3204265832901001,1
0.4256262183189392,1
0.38422027230262756,1
0.3469897508621216,1
0.4621843695640564,1
0.4078545570373535,1
0.3120257556438446,1
0.5098646879196167,1
0.5368841886520386,1
0.6004475355148315,1
0.47092965245246887,1
0.3802168071269989,1
0.38366439938545227,1
0.34548622369766235,1
0.3265765309333801,1
0.4148845970630646,1
0.39132553339004517,1
0.42217808961868286,1
0.4265191853046417,1
0.417982280254364,1
0.4755970537662506,1
0.46300438046455383,1
0.48809558153152466,1
0.37231120467185974,1
0.47281089425086975,1
0.41544580459594727,1
0.5011374354362488,1
0.5042170882225037,1
0.5113171935081482,1
0.5689602494239807,1
0.41144734621047974,1
0.45502984523773193,1
0.5209612846374512,1
0.4268907308578491,1
0.3770444393157959,1
0.43127498030662537,1
0.4282935857772827,1
0.3876691460609436,1
0.47144079208374023,1
0.5109513401985168,1
0.47174763679504395,1
0.4466744065284729,1
0.392413467168808,1
0.40274786949157715,1
0.4684479832649231,1
0.42941007018089294,1
0.4905847907066345,1
0.340596079826355,1
0.4363800883293152,1
0.42897525429725647,1
0.42202240228652954,1
0.47314924001693726,1
0.41945725679397583,1
0.4748713970184326,1
0.46719029545783997,1
0.43703562021255493,1
0.5120667219161987,1
0.5216048955917358,1
0.41360124945640564,1
0.41235873103141785,1
0.5519367456436157,1
0.35846608877182007,1
0.47488370537757874,1
0.38738298416137695,1
0.4932512044906616,1
0.49887943267822266,1
0.5163891315460205,1
0.4124814569950104,1
0.3818349242210388,1
0.3994784951210022,1
0.3535490334033966,1
0.4686461091041565,1
0.4715142250061035,1
0.3729104995727539,1
0.40774232149124146,1
0.35424166917800903,1
0.4220162034034729,1
0.5031641721725464,1
0.3949624001979828,1
0.48679372668266296,1
0.44065600633621216,1
0.42176759243011475,1
0.38708293437957764,1
0.43605276942253113,1
0.41905781626701355,1
0.3923683166503906,1
0.35788604617118835,1
0.3467181324958801,1
0.3851955831050873,1
0.42272132635116577,1
0.3263320028781891,1
0.48663416504859924,1
0.4377654790878296,1
0.43592381477355957,1
0.47125810384750366,1
0.5062795281410217,1
0.561099648475647,1
0.34465616941452026,1
0.43448999524116516,1
0.507377028465271,1
0.3539692461490631,1
0.3383054733276367,1
0.4502423405647278,1
0.506187915802002,1
0.44639089703559875,1
0.38408172130584717,1
0.46810415387153625,1
0.3918251097202301,1
0.3950197994709015,1
0.49264511466026306,1
0.4030705690383911,1
0.3555148243904114,1
0.3375944197177887,1
0.25622791051864624,1
0.4013670086860657,1
0.3357180953025818,1
0.46720558404922485,1
0.3721695840358734,1
0.3340679109096527,1
0.34617117047309875,1
0.4295820891857147,1
0.38608837127685547,1
0.4628562927246094,1
0.3928241431713104,1
0.37103062868118286,1
0.5641683340072632,1
0.40793222188949585,1
0.4947379231452942,1
0.49123847484588623,1
0.4628680646419525,1
0.494525283575058,1
0.521354079246521,1
0.40758809447288513,1
0.41384604573249817,1
0.4626290798187256,1
0.6137772798538208,1
0.5026186108589172,1
0.48087626695632935,1
0.5118153095245361,1
0.3425385355949402,1
0.3683639168739319,1
0.4909496009349823,1
0.45650047063827515,1
0.32343655824661255,1
0.34450435638427734,1
0.5035943388938904,1
0.4458770155906677,1
0.48395150899887085,1
0.46915942430496216,1
0.42337295413017273,1
0.44795235991477966,1
0.5683950781822205,1
0.4515303671360016,1
0.3870903253555298,1
0.4194485545158386,1
0.3446398377418518,1
0.43078917264938354,1
0.3852989971637726,1
0.36760807037353516,1
0.5333563089370728,1
0.44904661178588867,1
0.4537089169025421,1
0.39618557691574097,1
0.46079230308532715,1
0.4867975115776062,1
0.38398051261901855,1
0.4461371898651123,1
0.37913525104522705,1
0.383872389793396,1
0.4138355255126953,1
0.3945070207118988,1
0.46987760066986084,1
0.49796146154403687,1
0.3250177800655365,1
0.5147498846054077,1
0.40018630027770996,1
0.4411752223968506,1
0.44798576831817627,1
0.44847893714904785,1
0.3341030180454254,1
0.40138500928878784,1
0.4330252408981323,1
0.462019145488739,1
0.4242340624332428,1
0.4410773515701294,1
0.40569382905960083,1
0.37966662645339966,1
0.5855883955955505,1
0.4248701333999634,1
0.4675987958908081,1
0.4408189058303833,1
0.5758562088012695,1
0.48137131333351135,1
0.3253939151763916,1
0.3899836242198944,1
0.42937812209129333,1
0.42607229948043823,1
0.3429185748100281,1
0.5554109811782837,1
0.37745383381843567,1
0.37330004572868347,1
0.3579823970794678,1
0.3714049756526947,1
0.47391706705093384,1
0.4418983459472656,1
0.44455277919769287,1
0.3965514302253723,1
0.34129196405410767,1
0.4321756958961487,1
0.39376312494277954,1
0.44012874364852905,1
0.3957359194755554,1
0.38236576318740845,1
0.4439181089401245,1
0.41496965289115906,1
0.39485761523246765,1
0.4859689474105835,1
0.4508712887763977,1
0.3936423063278198,1
0.41287535429000854,1
0.41942739486694336,1
0.3882978558540344,1
0.3768327832221985,1
0.4809950590133667,1
0.4914401173591614,1
0.6176550388336182,1
0.4402594566345215,1
0.5298657417297363,1
0.42133212089538574,1
0.3114050030708313,1
0.48860856890678406,1
0.4518984854221344,1
0.46799159049987793,1
0.4153769016265869,1
0.4314780533313751,1
0.4102574586868286,1
0.387456476688385,1
0.31018683314323425,1
0.38301876187324524,1
0.37350210547447205,1
0.43921491503715515,1
0.4594488739967346,1
0.4320434331893921,1
0.5069525241851807,1
0.39627712965011597,1
0.5270439386367798,1
0.4530344009399414,1
0.37793081998825073,1
0.441326379776001,1
0.5349969863891602,1
0.35972121357917786,1
0.3806973695755005,1
0.3760871887207031,1
0.3342987596988678,1
0.4683181643486023,1
0.46926993131637573,1
0.5262172818183899,1
0.5089504718780518,1
0.3963325023651123,1
0.3312537372112274,1
0.3602035641670227,1
0.33415260910987854,1
0.42659369111061096,1
0.40481245517730713,1
0.3811996281147003,1
0.39954155683517456,1
0.38886600732803345,1
0.4710448086261749,1
0.521090030670166,1
0.44598788022994995,1
0.4006430506706238,1
0.5324218273162842,1
0.3750823736190796,1
0.48853799700737,1
0.4714425206184387,1
0.4222264885902405,1
0.5214036703109741,1
0.3666449785232544,1
0.3844548463821411,1
0.3851741850376129,1
0.3712078928947449,1
0.47017350792884827,1
0.49657154083251953,1
0.41787952184677124,1
0.531352162361145,1
0.4609329104423523,1
0.45750653743743896,1
0.34116604924201965,1
0.31815579533576965,1
0.4394729733467102,1
0.44261541962623596,1
0.5163301825523376,1
0.4000556766986847,1
0.4671916961669922,1
0.4114261865615845,1
0.4435870051383972,1
0.4646596908569336,1
0.5524312853813171,1
0.38183000683784485,1
0.38528919219970703,1
0.3997189402580261,1
0.4353400468826294,1
0.34820258617401123,1
0.3790607452392578,1
0.38755643367767334,1
0.5639714002609253,1
0.39920225739479065,1
0.41159284114837646,1
0.3990713059902191,1
0.46642693877220154,1
0.5115537047386169,1
0.39414578676223755,1
0.39322513341903687,1
0.4294413924217224,1
0.4990387558937073,1
0.4010855257511139,1
0.3815138339996338,1
0.4228436052799225,1
0.4031626582145691,1
0.3619917631149292,1
0.4289063811302185,1
0.5299274921417236,1
0.4144827425479889,1
0.3487498164176941,1
0.3991587162017822,1
0.3394409120082855,1
0.405412495136261,1
0.328457772731781,1
0.4011467397212982,1
0.36286234855651855,1
0.33998894691467285,1
0.3894357681274414,1
0.31172290444374084,1
0.4111793041229248,1
0.323233425617218,1
0.4471639096736908,1
0.4072086215019226,1
0.4399052858352661,1
0.3920835256576538,1
0.4524490535259247,1
0.5272550582885742,1
0.43124639987945557,1
0.38286662101745605,1
0.4757887125015259,1
0.4687448740005493,1
0.5304767489433289,1
0.41408634185791016,1
0.5197023749351501,1
0.42797213792800903,1
0.42599058151245117,1
0.3982440233230591,1
0.4396600127220154,1
0.31640464067459106,1
0.45848527550697327,1
0.47870874404907227,1
0.5182012915611267,1
0.4348618984222412,1
0.30774474143981934,1
0.4877086877822876,1
0.4584117531776428,1
0.4595729112625122,1
0.3909605145454407,1
0.4097658097743988,1
0.32698962092399597,1
0.5238572955131531,1
0.548838198184967,1
0.42305317521095276,1
0.44083109498023987,1
0.4738601744174957,1
0.44372954964637756,1
0.45843836665153503,1
0.4322095513343811,1
0.5442012548446655,1
0.3702864348888397,1
0.42971271276474,1
0.5547196865081787,1
0.4809550642967224,1
0.6688164472579956,1
0.6223072409629822,1
0.5243467092514038,1
0.39892736077308655,1
0.38068270683288574,1
0.4267558753490448,1
0.3796427845954895,1
0.4293667674064636,1
0.43620720505714417,1
0.4378082752227783,1
0.4964126646518707,1
0.36049672961235046,1
0.37671345472335815,1
0.3399585485458374,1
0.511816143989563,1
0.43038785457611084,1
0.44317352771759033,1
0.4316288232803345,1
0.5076842904090881,1
0.3866856098175049,1
0.44963234663009644,1
0.46289992332458496,1
0.47157469391822815,1
0.34547102451324463,1
0.4498303532600403,1
0.4844983220100403,1
0.3917725086212158,1
0.37780261039733887,1
0.43320953845977783,1
0.5400522947311401,1
0.32520395517349243,1
0.53284752368927,1
0.4108951687812805,1
0.3197345733642578,1
0.4238969683647156,1
0.49250513315200806,1
0.4637362062931061,1
0.4582822918891907,1
0.39486581087112427,1
0.4135288894176483,1
0.3943201005458832,1
0.5557403564453125,1
0.2928962707519531,1
0.3613836169242859,1
0.3663177490234375,1
0.40008607506752014,1
0.552553653717041,1
0.5062358975410461,1
0.45480188727378845,1
0.410627543926239,1
0.4263668656349182,1
0.4461563527584076,1
0.38666433095932007,1
0.4908185601234436,1
0.4537093937397003,1
0.44057703018188477,1
0.4496636986732483,1
0.46121475100517273,1
0.4215441942214966,1
0.4641534388065338,1
0.43348976969718933,1
0.4482550323009491,1
0.3616580069065094,1
0.4159235656261444,1
0.399954617023468,1
0.43572747707366943,1
0.3851437270641327,1
0.4165337085723877,1
0.5085490942001343,1
0.38883793354034424,1
0.5026499032974243,1
0.5543158650398254,1
0.45438462495803833,1
0.4486609399318695,1
0.37877988815307617,1
0.4522436559200287,1
0.4607299864292145,1
0.41650643944740295,1
0.37211406230926514,1
0.45607125759124756,1
0.42532801628112793,1
0.44041985273361206,1
0.42925378680229187,1
0.47164830565452576,1
0.4499722123146057,1
0.40262603759765625,1
0.4647769331932068,1
0.41885673999786377,1
0.3619544804096222,1
0.39931249618530273,1
0.5221056938171387,1
0.3987653851509094,1
0.4381287395954132,1
0.4551668167114258,1
0.37177735567092896,1
0.577172040939331,1
0.5407618880271912,1
0.42503711581230164,1
0.36638057231903076,1
0.43700796365737915,1
0.34443941712379456,1
0.3130689561367035,1
0.39978814125061035,1
0.5084193348884583,1
0.3683815598487854,1
0.4359191656112671,1
0.41379472613334656,1
0.5283465385437012,1
0.5087664127349854,1
0.5181581377983093,1
0.4647095203399658,1
0.48154741525650024,1
0.4443603754043579,1
0.5486481785774231,1
0.6016134023666382,1
0.35192298889160156,1
0.4014851748943329,1
0.3704952299594879,1
0.38021567463874817,1
0.38373619318008423,1
0.5168582201004028,1
0.38132280111312866,1
0.4035159945487976,1
0.43270647525787354,1
0.4160871207714081,1
0.5094610452651978,1
0.39416295289993286,1
0.47326457500457764,1
0.49839672446250916,1
0.4623437821865082,1
0.49860793352127075,1
0.5106714963912964,1
0.36359304189682007,1
0.4130536913871765,1
0.5353076457977295,1
0.3641241192817688,1
0.39559075236320496,1
0.32375699281692505,1
0.3543344736099243,1
0.5662120580673218,1
0.4902520477771759,1
0.4220523536205292,1
0.44353407621383667,1
0.43330538272857666,1
0.42273470759391785,1
0.4428445100784302,1
0.4178168475627899,1
0.4329372048377991,1
0.41343116760253906,1
0.5337895154953003,1
0.38194137811660767,1
0.38875019550323486,1
0.5963001251220703,1
0.4345555305480957,1
0.4918319284915924,1
0.4151216447353363,1
0.325666218996048,1
0.415144681930542,1
0.6006100177764893,1
0.45752695202827454,1
0.34503859281539917,1
0.47365328669548035,1
0.35263192653656006,1
0.379434734582901,1
0.5047642588615417,1
0.440169095993042,1
0.4683883786201477,1
0.4989667534828186,1
0.310328871011734,1
0.4444487392902374,1
0.5602642893791199,1
0.37213650345802307,1
0.5854794979095459,1
0.3823387622833252,1
0.4044165015220642,1
0.40982648730278015,1
0.3907058835029602,1
0.37122100591659546,1
0.5103576183319092,1
0.5556889176368713,1
0.4836438298225403,1
0.5030629634857178,1
0.4365169405937195,1
0.4579317271709442,1
0.4997517466545105,1
0.4404929280281067,1
0.30710798501968384,1
0.4363437294960022,1
0.4862350821495056,1
0.4126228094100952,1
0.44822967052459717,1
0.3195594251155853,1
0.47483524680137634,1
0.4734984040260315,1
0.46243995428085327,1
0.3063003420829773,1
0.4012179970741272,1
0.44525468349456787,1
0.46384769678115845,1
0.5189743041992188,1
0.4776940643787384,1
0.37797781825065613,1
0.43408894538879395,1
0.31508445739746094,1
0.37479257583618164,1
0.5300718545913696,1
0.3907952308654785,1
0.4133893847465515,1
0.4784797132015228,1
0.4376944303512573,1
0.41207635402679443,1
0.3797410726547241,1
0.3567039966583252,1
0.4307114779949188,1
0.35277196764945984,1
0.4284011125564575,1
0.4666709303855896,1
0.5089858770370483,1
0.36991000175476074,1
0.3837893307209015,1
0.37983906269073486,1
0.37493109703063965,1
0.5173557996749878,1
0.42652997374534607,1
0.3981689214706421,1
0.3609694242477417,1
0.5639462471008301,1
0.47684144973754883,1
0.5023306012153625,1
0.5190897583961487,1
0.4159541428089142,1
0.4575158357620239,1
0.44873037934303284,1
0.36904051899909973,1
0.4258153438568115,1
0.37038755416870117,1
0.39112749695777893,1
0.44257616996765137,1
0.5000337362289429,1
0.4046390950679779,1
0.46428191661834717,1
0.4320172071456909,1
0.4981541335582733,1
0.40698084235191345,1
0.6518154740333557,1
0.37645024061203003,1
0.3509671688079834,1
0.46320709586143494,1
0.4293956756591797,1
0.4296157956123352,1
0.4120085835456848,1
0.5445274114608765,1
0.4778098165988922,1
0.4030487537384033,1
0.4189370274543762,1
0.5558741092681885,1
0.4464402198791504,1
0.397529661655426,1
0.5061911940574646,1
0.4729871153831482,1
0.4213297963142395,1
0.4473479986190796,1
0.3708333671092987,1
0.41640082001686096,1
0.4251154065132141,1
0.3917118310928345,1
0.5138389468193054,1
0.3490525484085083,1
0.4077869951725006,1
0.40747714042663574,1
0.447277307510376,1
0.3857117295265198,1
0.43320992588996887,1
0.4219386875629425,1
0.5372385382652283,1
0.31173157691955566,1
0.4155174791812897,1
0.411304235458374,1
0.4693579077720642,1
0.3827357888221741,1
0.38618671894073486,1
0.37951624393463135,1
0.44404709339141846,1
0.48391103744506836,1
0.4474782347679138,1
0.46693503856658936,1
0.36674073338508606,1
0.540219783782959,1
0.4383459985256195,1
0.467441201210022,1
0.4089682102203369,1
0.3531070947647095,1
0.5486094951629639,1
0.37058162689208984,1
0.4266654849052429,1
0.5294834971427917,1
0.424721360206604,1
0.41668492555618286,1
0.4521733224391937,1
0.45396047830581665,1
0.44327783584594727,1
0.4410885274410248,1
0.33387231826782227,1
0.4152442216873169,1
0.4099605083465576,1
0.38063716888427734,1
0.4533601701259613,1
0.38786226511001587,1
0.44945386052131653,1
0.43080005049705505,1
0.3528180718421936,1
0.3615899085998535,1
0.3966579735279083,1
0.4539274275302887,1
0.45129984617233276,1
0.3916935324668884,1
0.5232261419296265,1
0.4315580427646637,1
0.48151934146881104,1
0.35967567563056946,1
0.44840770959854126,1
0.411833792924881,1
0.3518412411212921,1
0.4744033217430115,1
0.4357655346393585,1
0.4254339635372162,1
0.411885142326355,1
0.4506142735481262,1
0.4230614900588989,1
0.45991358160972595,1
0.3729386627674103,1
0.4338092803955078,1
0.4102129340171814,1
0.38768747448921204,1
0.4281143546104431,1
0.5119551420211792,1
0.45086669921875,1
0.5242324471473694,1
0.5216710567474365,1
0.39729440212249756,1
0.3960859775543213,1
0.558229923248291,1
0.5289264917373657,1
0.40424445271492004,1
0.45503053069114685,1
0.4896894693374634,1
0.34181293845176697,1
0.38448667526245117,1
0.4828622341156006,1
0.4236827492713928,1
0.5249429941177368,1
0.5695538520812988,1
0.517519474029541,1
0.41895467042922974,1
0.35774654150009155,1
0.41378694772720337,1
0.5883404016494751,1
0.40132999420166016,1
0.41875070333480835,1
0.47194892168045044,1
0.3392597436904907,1
0.460124671459198,1
0.3536278307437897,1
0.46302467584609985,1
0.5495069026947021,1
0.5562874674797058,1
0.4536648392677307,1
0.3811754584312439,1
0.4643819332122803,1
0.43805766105651855,1
0.40703821182250977,1
0.4561610519886017,1
0.4187982678413391,1
0.41768211126327515,1
0.41742315888404846,1
0.4285975694656372,1
0.3159729838371277,1
0.3491271436214447,1
0.3749935030937195,1
0.4455738067626953,1
0.38768693804740906,1
0.3892301917076111,1
0.35873180627822876,1
0.3355344533920288,1
0.4137454330921173,1
0.41633617877960205,1
0.40836262702941895,1
0.34470173716545105,1
0.3445698320865631,1
0.3948075771331787,1
0.44060394167900085,1
0.43669092655181885,1
0.38691073656082153,1
0.3689093589782715,1
0.4090428948402405,1
0.33895525336265564,1
0.47187918424606323,1
0.5601987838745117,1
0.40865880250930786,1
0.3434669077396393,1
0.44885993003845215,1
0.3761817216873169,1
0.4274640381336212,1
0.45249858498573303,1
0.3570089340209961,1
0.4146089553833008,1
0.4617539644241333,1
0.35698366165161133,1
0.3850110173225403,1
0.44591283798217773,1
0.6030476093292236,1
0.4026183485984802,1
0.42537206411361694,1
0.4498058259487152,1
0.44285887479782104,1
0.42419159412384033,1
0.3436112403869629,1
0.4571869373321533,1
0.42928454279899597,1
0.4175831973552704,1
0.4633992910385132,1
0.371212899684906,1
0.37804555892944336,1
0.43144410848617554,1
0.49570465087890625,1
0.42204105854034424,1
0.5532653331756592,1
0.48105567693710327,1
0.35553836822509766,1
0.47316035628318787,1
0.6401739120483398,1
0.4364999532699585,1
0.5267113447189331,1
0.43709391355514526,1
0.3998677134513855,1
0.4143029451370239,1
0.408747136592865,1
0.4013463854789734,1
0.4089193642139435,1
0.4639359414577484,1
0.747748851776123,1
0.5169761776924133,1
0.4422230124473572,1
0.4645766615867615,1
0.5514799952507019,1
0.4097577929496765,1
0.4462842047214508,1
0.3097963333129883,1
0.4452272057533264,1
0.37362223863601685,1
0.33747172355651855,1
0.46874237060546875,1
0.5179381370544434,1
0.45052653551101685,1
0.5030012130737305,1
0.4640899896621704,1
0.48611611127853394,1
0.5712442994117737,1
0.3772546947002411,1
0.5101205706596375,1
0.4148505926132202,1
0.4904177784919739,1
0.3483354449272156,1
0.4613463580608368,1
0.4194982945919037,1
0.4009503126144409,1
0.41223543882369995,1
0.3972908854484558,1
0.3516104221343994,1
0.3310036361217499,1
0.35173121094703674,1
0.40235087275505066,1
0.4209204912185669,1
0.387955904006958,1
0.4845387935638428,1
0.47006741166114807,1
0.4871220588684082,1
0.3948141932487488,1
0.4387568235397339,1
0.4070466458797455,1
0.5085082650184631,1
0.33695098757743835,1
0.40865254402160645,1
0.4845195412635803,1
0.47514450550079346,1
0.512819766998291,1
0.46480774879455566,1
0.47389012575149536,1
0.4584082365036011,1
0.4228602647781372,1
0.32857537269592285,1
0.3721400201320648,1
0.44761937856674194,1
0.4087519645690918,1
0.5085979700088501,1
0.4850194454193115,1
0.3813210725784302,1
0.4968962073326111,1
0.43321263790130615,1
0.3568352460861206,1
0.2772672772407532,1
0.3845601975917816,1
0.4238989055156708,1
0.4428686499595642,1
0.4427475929260254,1
0.40081560611724854,1
0.5058987140655518,1
0.4133036136627197,1
0.4455236792564392,1
0.38028377294540405,1
0.4718034565448761,1
0.33077049255371094,1
0.4230271577835083,1
0.34196123480796814,1
0.460058331489563,1
0.38125547766685486,1
0.4297120273113251,1
0.39564990997314453,1
0.4874151349067688,1
0.41494688391685486,1
0.37000635266304016,1
0.47276604175567627,1
0.5419564247131348,1
0.3273356258869171,1
0.49520212411880493,1
0.44715362787246704,1
0.3841659128665924,1
0.4496687054634094,1
0.5153822898864746,1
0.32078638672828674,1
0.3802952170372009,1
0.3432748317718506,1
0.4281531572341919,1
0.2869545817375183,1
0.4206601679325104,1
0.4065524637699127,1
0.4409177601337433,1
0.36903655529022217,1
0.3870002329349518,1
0.41832980513572693,1
0.4263853430747986,1
0.3487238883972168,1
0.4329163730144501,1
0.4133429229259491,1
0.45771288871765137,1
0.40894025564193726,1
0.323200523853302,1
0.4600026309490204,1
0.4295898675918579,1
0.504283607006073,1
0.38882002234458923,1
0.38575440645217896,1
0.40760767459869385,1
0.3981678783893585,1
0.4664267301559448,1
0.43992140889167786,1
0.6016666889190674,1
0.4914233088493347,1
0.36191827058792114,1
0.40323540568351746,1
0.36696869134902954,1
0.4416765570640564,1
0.338807612657547,1
0.4683205485343933,1
0.36882495880126953,1
0.5526453256607056,1
0.5042433142662048,1
0.4714999794960022,1
0.4004986882209778,1
0.28448086977005005,1
0.4437249004840851,1
0.4152763783931732,1
0.45801466703414917,1
0.4357398748397827,1
0.44279760122299194,1
0.3380119502544403,1
0.541748046875,1
0.44193243980407715,1
0.33556848764419556,1
0.482834130525589,1
0.4616231322288513,1
0.467640221118927,1
0.4022393524646759,1
0.37335294485092163,1
0.478348970413208,1
0.413497656583786,1
0.4283621311187744,1
0.38497042655944824,1
0.44525593519210815,1
0.4710279107093811,1
0.43353450298309326,1
0.583860456943512,1
0.4773595333099365,1
0.43154340982437134,1
0.5902578830718994,1
0.40611332654953003,1
0.55216383934021,1
0.4263877868652344,1
0.5000472664833069,1
0.5758523941040039,1
0.37923771142959595,1
0.5177465677261353,1
0.4793584942817688,1
0.4249746799468994,1
0.44787710905075073,1
0.36814188957214355,1
0.39380794763565063,1
0.5641727447509766,1
0.37119942903518677,1
0.484415739774704,1
0.4348907172679901,1
0.35876429080963135,1
0.4508986473083496,1
0.515173614025116,1
0.37581706047058105,1
0.4268895089626312,1
0.42894646525382996,1
0.3642430901527405,1
0.37874263525009155,1
0.3514472544193268,1
0.4546005129814148,1
0.3255773186683655,1
0.3724155128002167,1
0.37245452404022217,1
0.4169597625732422,1
0.3745022416114807,1
0.4926736354827881,1
0.452009916305542,1
0.37457212805747986,1
0.45435014367103577,1
0.480190634727478,1
0.3806312084197998,1
0.410867303609848,1
0.48659250140190125,1
0.43436288833618164,1
0.340776264667511,1
0.4753044545650482,1
0.3912762999534607,1
0.3896910846233368,1
0.4834163784980774,1
0.393997460603714,1
0.4428410530090332,1
0.3482327163219452,1
0.38505691289901733,1
0.4808846116065979,1
0.39734554290771484,1
0.38298773765563965,1
0.36202460527420044,1
0.39426735043525696,1
0.4229566752910614,1
0.528029203414917,1
0.45765256881713867,1
0.4030204713344574,1
0.43198162317276,1
0.5295709371566772,1
0.419097363948822,1
0.54521244764328,1
0.3987458348274231,1
0.5553984642028809,1
0.4924269914627075,1
0.4647076427936554,1
0.38023996353149414,1
0.46006813645362854,1
0.41174834966659546,1
0.5286940336227417,1
0.4155283570289612,1
0.5221877098083496,1
0.4847196042537689,1
0.5167732238769531,1
0.37604185938835144,1
0.46890008449554443,1
0.4040479063987732,1
0.41438794136047363,1
0.39376190304756165,1
0.4151676297187805,1
0.3912103474140167,1
0.45810797810554504,1
0.38785409927368164,1
0.4863606095314026,1
0.5230987071990967,1
0.5816375017166138,1
0.46984434127807617,1
0.5218124389648438,1
0.45015740394592285,1
0.4470512866973877,1
0.4847947359085083,1
0.35900944471359253,1
0.3952653408050537,1
0.43062448501586914,1
0.4616534113883972,1
0.33471745252609253,1
0.38003474473953247,1
0.37616828083992004,1
0.33885636925697327,1
0.36408597230911255,1
0.2847653031349182,1
0.4248020350933075,1
0.34034493565559387,1
0.41074684262275696,1
0.462113618850708,1
0.39003491401672363,1
0.48208481073379517,1
0.4608069658279419,1
0.562441885471344,1
0.3743355870246887,1
0.4546239376068115,1
0.42116880416870117,1
0.4420817196369171,1
0.43988490104675293,1
0.473274290561676,1
0.542841911315918,1
0.3606221079826355,1
0.4402337372303009,1
0.471080482006073,1
0.3545854687690735,1
0.32416731119155884,1
0.36200976371765137,1
0.5330272912979126,1
0.38582050800323486,1
0.4745243191719055,1
0.4051413834095001,1
0.35713645815849304,1
0.3554307818412781,1
0.3702363073825836,1
0.48955851793289185,1
0.4636983275413513,1
0.5673521757125854,1
0.441023588180542,1
0.370110422372818,1
0.441440224647522,1
0.37986087799072266,1
0.4452972412109375,1
0.43405893445014954,1
0.4092096984386444,1
0.32871535420417786,1
0.401949405670166,1
0.514144241809845,1
0.3095889985561371,1
0.5234186053276062,1
0.4780929982662201,1
0.3879562318325043,1
0.5753011107444763,1
0.5469949841499329,1
0.37456178665161133,1
0.2976321876049042,1
0.5382465124130249,1
0.502707302570343,1
0.4495469331741333,1
0.43723535537719727,1
0.4395432472229004,1
0.5615425109863281,1
0.30891773104667664,1
0.3098856508731842,1
0.5849450826644897,1
0.49356207251548767,1
0.46791911125183105,1
0.4136505722999573,1
0.39502930641174316,1
0.47660112380981445,1
0.3611016869544983,1
0.4857616722583771,1
0.4146457314491272,1
0.3872889280319214,1
0.4002935290336609,1
0.44086822867393494,1
0.39543864130973816,1
0.3934713304042816,1
0.4697699546813965,1
0.46305108070373535,1
0.43262773752212524,1
0.36568692326545715,1
0.37867194414138794,1
0.454373836517334,1
0.41727399826049805,1
0.3243749737739563,1
0.413433700799942,1
0.4536965489387512,1
0.3463250696659088,1
0.37431085109710693,1
0.47288069128990173,1
0.4506615102291107,1
0.3470935821533203,1
0.44250065088272095,1
0.4882097840309143,1
0.5216960906982422,1
0.4425000250339508,1
0.42670339345932007,1
0.4025329649448395,1
0.44331565499305725,1
0.40699145197868347,1
0.40581345558166504,1
0.3425610661506653,1
0.4764355421066284,1
0.46308350563049316,1
0.4249734878540039,1
0.44907131791114807,1
0.40345892310142517,1
0.5685150027275085,1
0.38355863094329834,1
0.42021244764328003,1
0.463306725025177,1
0.36589401960372925,1
0.5419851541519165,1
0.49714940786361694,1
0.4277687072753906,1
0.3769705891609192,1
0.4424436688423157,1
0.37170225381851196,1
0.4465123414993286,1
0.41968870162963867,1
0.4868783950805664,1
0.42954200506210327,1
0.44513770937919617,1
0.3617470860481262,1
0.2728450894355774,1
0.5027251243591309,1
0.509876549243927,1
0.3964158594608307,1
0.3613746166229248,1
0.392804354429245,1
0.3673693537712097,1
0.37229469418525696,1
0.35345369577407837,1
0.3523349165916443,1
0.4054147005081177,1
0.4197067618370056,1
0.5259647369384766,1
0.4361092150211334,1
0.34758925437927246,1
0.38971012830734253,1
0.3301658034324646,1
0.4379552900791168,1
0.389342337846756,1
0.3632511496543884,1
0.4302734136581421,1
0.4457940459251404,1
0.385956346988678,1
0.39371609687805176,1
0.5334687232971191,1
0.38897567987442017,1
0.4217514395713806,1
0.4146847724914551,1
0.4402011036872864,1
0.3356488347053528,1
0.3883417248725891,1
0.41727572679519653,1
0.38979822397232056,1
0.3442419171333313,1
0.5110998749732971,1
0.36129865050315857,1
0.3524951934814453,1
0.40052735805511475,1
0.37325626611709595,1
0.3616001009941101,1
0.4074368476867676,1
0.35282519459724426,1
0.40289121866226196,1
0.42562335729599,1
0.5251371264457703,1
0.42195969820022583,1
0.5142368078231812,1
0.3778320550918579,1
0.39009034633636475,1
0.478716641664505,1
0.40065672993659973,1
0.6202957034111023,1
0.4246346652507782,1
0.46121692657470703,1
0.31405875086784363,1
0.5167602896690369,1
0.47795361280441284,1
0.4316265285015106,1
0.5268527865409851,1
0.4281455874443054,1
0.3616065979003906,1
0.5171979069709778,1
0.40771040320396423,1
0.3742949366569519,1
0.4855714440345764,1
0.4667505621910095,1
0.41211169958114624,1
0.35126906633377075,1
0.36995285749435425,1
0.4482300281524658,1
0.5110147595405579,1
0.4074496030807495,1
0.2784547507762909,1
0.3757281005382538,1
0.4940970540046692,1
0.474509596824646,1
0.4355044364929199,1
0.39274725317955017,1
0.35825520753860474,1
0.33819520473480225,1
0.42526593804359436,1
0.41607022285461426,1
0.41928887367248535,1
0.5262418985366821,1
0.44724035263061523,1
0.4347618818283081,1
0.38292646408081055,1
0.46807947754859924,1
0.31832292675971985,1
0.4489924907684326,1
0.4129057824611664,1
0.44057393074035645,1
0.4632070064544678,1
0.5345543622970581,1
0.3654167652130127,1
0.3120602071285248,1
0.4957902431488037,1
0.5410089492797852,1
0.33417588472366333,1
0.5781451463699341,1
0.3798985481262207,1
0.49018794298171997,1
0.476283997297287,1
0.39992013573646545,1
0.44159838557243347,1
0.3930976092815399,1
0.4756923317909241,1
0.42465758323669434,1
0.38306596875190735,1
0.525404691696167,1
0.4072212874889374,1
0.5221547484397888,1
0.3765137791633606,1
0.44741290807724,1
0.450137197971344,1
0.3703579306602478,1
0.4253961443901062,1
0.3902747929096222,1
0.41903311014175415,1
0.5123847723007202,1
0.4104158282279968,1
0.43936246633529663,1
0.3536854684352875,1
0.45335090160369873,1
0.4398229718208313,1
0.42585334181785583,1
0.5094256401062012,1
0.46189260482788086,1
0.42021968960762024,1
0.5408077836036682,1
0.32441040873527527,1
0.3580073416233063,1
0.44471433758735657,1
0.5201878547668457,1
0.5703504085540771,1
0.38344675302505493,1
0.3012719452381134,1
0.4571089446544647,1
0.5130800008773804,1
0.3390551209449768,1
0.44951531291007996,1
0.4626918435096741,1
0.3117596507072449,1
0.44648632407188416,1
0.3925018310546875,1
0.41335463523864746,1
0.46606963872909546,1
0.500381350517273,1
0.3153415620326996,1
0.33128368854522705,1
0.43510186672210693,1
0.4105139374732971,1
0.4619380235671997,1
0.49035874009132385,1
0.44100168347358704,1
0.4078254699707031,1
0.4501950144767761,1
0.621362030506134,1
0.4340406060218811,1
0.4087454080581665,1
0.48738762736320496,1
0.5086489915847778,1
0.44609570503234863,1
0.4524022340774536,1
0.551052451133728,1
0.5198827981948853,1
0.337038516998291,1
0.44855737686157227,1
0.4494919180870056,1
0.4348730146884918,1
0.40097445249557495,1
0.4373280704021454,1
0.4858842194080353,1
0.3424198627471924,1
0.35144558548927307,1
0.5117170810699463,1
0.4560335874557495,1
0.5140676498413086,1
0.4513287842273712,1
0.5253485441207886,1
0.4664330780506134,1
0.4834866523742676,1
0.4363482594490051,1
0.5162883996963501,1
0.44137540459632874,1
0.37985846400260925,1
0.41060933470726013,1
0.28120166063308716,1
0.5106614232063293,1
0.3886505663394928,1
0.5454347133636475,1
0.5133124589920044,1
0.4906696081161499,1
0.42689377069473267,1
0.4702390730381012,1
0.36356857419013977,1
0.46629202365875244,1
0.5248347520828247,1
0.37515702843666077,1
0.41454699635505676,1
0.4822761118412018,1
0.3606329560279846,1
0.3949548304080963,1
0.37574270367622375,1
0.4286770522594452,1
0.4644910395145416,1
0.6225627660751343,1
0.43311482667922974,1
0.30147045850753784,1
0.36978214979171753,1
0.5172923803329468,1
0.4885880649089813,1
0.4844878911972046,1
0.3911740183830261,1
0.4935292601585388,1
0.40726280212402344,1
0.44697442650794983,1
0.3635178804397583,1
0.3814341723918915,1
0.43572521209716797,1
0.4428877532482147,1
0.34161025285720825,1
0.3819846212863922,1
0.4140721261501312,1
0.396559476852417,1
0.4867592453956604,1
0.3905524015426636,1
0.39466768503189087,1
0.5540875196456909,1
0.4217757284641266,1
0.4105800688266754,1
0.6367465257644653,1
0.4624524712562561,1
0.42675191164016724,1
0.4915631413459778,1
0.3807474374771118,1
0.40134769678115845,1
0.5530999898910522,1
0.54076087474823,1
0.4041476249694824,1
0.4557521641254425,1
0.5514180660247803,1
0.45045045018196106,1
0.5445849895477295,1
0.3782041668891907,1
0.40593841671943665,1
0.4419276714324951,1
0.41573241353034973,1
0.40649598836898804,1
0.36168068647384644,1
0.460927277803421,1
0.39343076944351196,1
0.5030637383460999,1
0.6218374967575073,1
0.39285552501678467,1
0.4965638816356659,1
0.4113764762878418,1
0.5050156712532043,1
0.47952714562416077,1
0.36716097593307495,1
0.3379497230052948,1
0.449272483587265,1
0.44214609265327454,1
0.41102486848831177,1
0.5436354875564575,1
0.37777963280677795,1
0.4490531086921692,1
0.38863715529441833,1
0.3681282103061676,1
0.46116742491722107,1
0.4741327464580536,1
0.3902886211872101,1
0.38716641068458557,1
0.42370444536209106,1
0.40308159589767456,1
0.46534183621406555,1
0.4860977530479431,1
0.3854910731315613,1
0.3683016896247864,1
0.3309791088104248,1
0.36458301544189453,1
0.4283115565776825,1
0.5360515117645264,1
0.4269818365573883,1
0.40829408168792725,1
0.40373289585113525,1
0.39994117617607117,1
0.3607833981513977,1
0.41270050406455994,1
0.36997658014297485,1
0.47645971179008484,1
0.529125452041626,1
0.5259150266647339,1
0.39138972759246826,1
0.383276104927063,1
0.520898699760437,1
0.4360337257385254,1
0.4266103506088257,1
0.5570923089981079,1
0.5250958800315857,1
0.33380118012428284,1
0.4579261243343353,1
0.36269769072532654,1
0.42762643098831177,1
0.39498788118362427,1
0.44379723072052,1
0.37669700384140015,1
0.3742118179798126,1
0.35316944122314453,1
0.5190883874893188,1
0.4713972508907318,1
0.4735671877861023,1
0.3041922152042389,1
0.3031332492828369,1
0.430428147315979,1
0.5430130958557129,1
0.5509982109069824,1
0.3508285880088806,1
0.4856775403022766,1
0.36460381746292114,1
0.38576436042785645,1
0.3946048617362976,1
0.40426987409591675,1
0.4867304861545563,1
0.4205806255340576,1
0.5090138912200928,1
0.3482421934604645,1
0.38404279947280884,1
0.5678778886795044,1
0.3896345794200897,1
0.42559725046157837,1
0.43541237711906433,1
0.43611982464790344,1
0.4484279155731201,1
0.4438663721084595,1
0.4170350730419159,1
0.4562431573867798,1
0.4719131588935852,1
0.38092073798179626,1
0.47843676805496216,1
0.3807432949542999,1
0.3426458239555359,1
0.5173035860061646,1
0.5565814971923828,1
0.4490441083908081,1
0.4831637144088745,1
0.42101117968559265,1
0.4528653025627136,1
0.509263813495636,1
0.37628981471061707,1
0.4602489471435547,1
0.42578673362731934,1
0.41660088300704956,1
0.4218157231807709,1
0.4248717725276947,1
0.399689644575119,1
0.5076490044593811,1
0.5263224244117737,1
0.5040904879570007,1
0.5032445788383484,1
0.4367578327655792,1
0.44448423385620117,1
0.4165439009666443,1
0.463344931602478,1
0.5712127685546875,1
0.4347570240497589,1
0.40578415989875793,1
0.49205178022384644,1
0.30189016461372375,1
0.3528323769569397,1
0.4476500153541565,1
0.5421542525291443,1
0.5585172176361084,1
0.39638927578926086,1
0.47722333669662476,1
0.38489001989364624,1
0.4046691060066223,1
0.3972141742706299,1
0.33835935592651367,1
0.5606963634490967,1
0.5428503751754761,1
0.38990962505340576,1
0.4242558181285858,1
0.4187507629394531,1
0.37324780225753784,1
0.3688652813434601,1
0.4636353850364685,1
0.4328799843788147,1
0.5125086307525635,1
0.43856945633888245,1
0.39229655265808105,1
0.49377763271331787,1
0.47258904576301575,1
0.3459852337837219,1
0.39078542590141296,1
0.4435456395149231,1
0.34031322598457336,1
0.26336216926574707,1
0.38692039251327515,1
0.377928763628006,1
0.4096926152706146,1
0.5014402866363525,1
0.4508446455001831,1
0.3798164129257202,1
0.5349725484848022,1
0.5694082975387573,1
0.3918945789337158,1
0.3958049416542053,1
0.39051350951194763,1
0.4564627408981323,1
0.5403612852096558,1
0.4403073191642761,1
0.43385565280914307,1
0.3538893461227417,1
0.38333380222320557,1
0.5330137014389038,1
0.3591211438179016,1
0.4966534972190857,1
0.3132312595844269,1
0.45883044600486755,1
0.3749679923057556,1
0.4756931662559509,1
0.37328991293907166,1
0.48846709728240967,1
0.43711763620376587,1
0.3242267668247223,1
0.47742658853530884,1
0.3976064920425415,1
0.3220779597759247,1
0.44275474548339844,1
0.386548787355423,1
0.5233733654022217,1
0.4157710373401642,1
0.43895232677459717,1
0.47070300579071045,1
0.4395860433578491,1
0.40572816133499146,1
0.39281725883483887,1
0.46408164501190186,1
0.4224303960800171,1
0.4198269248008728,1
0.4578717350959778,1
0.5206544995307922,1
0.4433452785015106,1
0.43617016077041626,1
0.4628433585166931,1
0.3844791650772095,1
0.39205944538116455,1
0.39083200693130493,1
0.5098327994346619,1
0.3885168135166168,1
0.38861140608787537,1
0.3769625723361969,1
0.3913387060165405,1
0.5144819617271423,1
0.44537338614463806,1
0.3981833755970001,1
0.39516395330429077,1
0.380304753780365,1
0.49609678983688354,1
0.3279162645339966,1
0.37657612562179565,1
0.5611725449562073,1
0.3040769100189209,1
0.43775704503059387,1
0.4608629047870636,1
0.5701260566711426,1
0.4295191466808319,1
0.4494715929031372,1
0.3895930051803589,1
0.3638688921928406,1
0.4594820737838745,1
0.36392247676849365,1
0.45840156078338623,1
0.409149706363678,1
0.43926823139190674,1
0.5793285369873047,1
0.4688900113105774,1
0.42500048875808716,1
0.36080777645111084,1
0.45405879616737366,1
0.5367459058761597,1
0.39245930314064026,1
0.30673930048942566,1
0.4883025288581848,1
0.4052877426147461,1
0.4150666296482086,1
0.3556852638721466,1
0.39703840017318726,1
0.33654484152793884,1
0.4512046277523041,1
0.48785337805747986,1
0.41382747888565063,1
0.44964030385017395,1
0.47536543011665344,1
0.45876243710517883,1
0.4109399914741516,1
0.442261278629303,1
0.4012967646121979,1
0.43114060163497925,1
0.4101613163948059,1
0.4272973835468292,1
0.36148586869239807,1
0.46763312816619873,1
0.392337828874588,1
0.3837253451347351,1
0.4810102581977844,1
0.4462432265281677,1
0.40563374757766724,1
0.4069529175758362,1
0.5162177085876465,1
0.41302141547203064,1
0.3945068120956421,1
0.34670794010162354,1
0.47593942284584045,1
0.4760320484638214,1
0.46974271535873413,1
0.5008115172386169,1
0.36971092224121094,1
0.37281858921051025,1
0.3021778464317322,1
0.31005799770355225,1
0.4226808547973633,1
0.44973254203796387,1
0.4439401626586914,1
0.45180243253707886,1
0.41377559304237366,1
0.40397968888282776,1
0.37924832105636597,1
0.3955240845680237,1
0.41780078411102295,1
0.3799712657928467,1
0.42950695753097534,1
0.43871617317199707,1
0.3500276803970337,1
0.4379689693450928,1
0.4733704626560211,1
0.3896901309490204,1
0.3635275661945343,1
0.37744206190109253,1
0.5145471692085266,1
0.3916890621185303,1
0.46710240840911865,1
0.474987655878067,1
0.3891408443450928,1
0.510314404964447,1
0.5129532814025879,1
0.35636618733406067,1
0.34048470854759216,1
0.6166878938674927,1
0.43829256296157837,1
0.5662825107574463,1
0.5315946340560913,1
0.48811575770378113,1
0.39607787132263184,1
0.47473227977752686,1
0.3898971676826477,1
0.382537841796875,1
0.37415456771850586,1
0.3962809145450592,1
0.43020889163017273,1
0.4225180149078369,1
0.36822372674942017,1
0.4108569622039795,1
0.45650923252105713,1
0.32668083906173706,1
0.38099366426467896,1
0.5297005772590637,1
0.4378810524940491,1
0.4009397625923157,1
0.46859943866729736,1
0.4052044749259949,1
0.37172454595565796,1
0.5072554349899292,1
0.3901140093803406,1
0.4415714740753174,1
0.3915967047214508,1
0.48574182391166687,1
0.6348637938499451,1
0.4193732738494873,1
0.4445922076702118,1
0.5187601447105408,1
0.32317402958869934,1
0.549072265625,1
0.3851594924926758,1
0.4146190881729126,1
0.46733883023262024,1
0.42187297344207764,1
0.47845539450645447,1
0.48235830664634705,1
0.36216622591018677,1
0.33991655707359314,1
0.3543291687965393,1
0.5393063426017761,1
0.418663889169693,1
0.365998238325119,1
0.45717066526412964,1
0.39893028140068054,1
0.4094654321670532,1
0.44011878967285156,1
0.3919278383255005,1
0.34802618622779846,1
0.45988258719444275,1
0.456546425819397,1
0.2950512170791626,1
0.45860755443573,1
0.41438230872154236,1
0.4659988284111023,1
0.5530884861946106,1
0.462906152009964,1
0.44695189595222473,1
0.4224916100502014,1
0.32095158100128174,1
0.4917571544647217,1
0.5110020637512207,1
0.33054211735725403,1
0.4631628692150116,1
0.547600269317627,1
0.5075274109840393,1
0.3748173713684082,1
0.4921421706676483,1
0.36496269702911377,1
0.39715856313705444,1
0.3529641628265381,1
0.5108596086502075,1
0.502714991569519,1
0.440366268157959,1
0.46635475754737854,1
0.4800424575805664,1
0.4588150680065155,1
0.4031655490398407,1
0.5126219391822815,1
0.3979988396167755,1
0.43705809116363525,1
0.30907517671585083,1
0.42940372228622437,1
0.40123695135116577,1
0.310329794883728,1
0.5395039916038513,1
0.4156571328639984,1
0.47777074575424194,1
0.5006593465805054,1
0.541417121887207,1
0.45076465606689453,1
0.45338112115859985,1
0.39515581727027893,1
0.39673948287963867,1
0.4407612979412079,1
0.5313665270805359,1
0.39054322242736816,1
0.4380381107330322,1
0.4732743501663208,1
0.4024125635623932,1
0.48626643419265747,1
0.4947674870491028,1
0.35189634561538696,1
0.4011848568916321,1
0.39526790380477905,1
0.3820543885231018,1
0.38955017924308777,1
0.42766836285591125,1
0.45618733763694763,1
0.4400228261947632,1
0.46121668815612793,1
0.4660884737968445,1
0.4041931629180908,1
0.3327942192554474,1
0.517009437084198,1
0.42307358980178833,1
0.3977753520011902,1
0.3276787996292114,1
0.5687114000320435,1
0.37820398807525635,1
0.4026813209056854,1
0.4074898362159729,1
0.4251822531223297,1
0.3703606128692627,1
0.4609268605709076,1
0.5085161924362183,1
0.41235125064849854,1
0.405773788690567,1
0.4347071051597595,1
0.42645174264907837,1
0.3172115683555603,1
0.5662257671356201,1
0.38519957661628723,1
0.4068830907344818,1
0.45034679770469666,1
0.4348679482936859,1
0.40186837315559387,1
0.41312962770462036,1
0.4506725072860718,1
0.4456403851509094,1
0.39836737513542175,1
0.5059512853622437,1
0.5190283060073853,1
0.3501591384410858,1
0.5674909353256226,1
0.5142252445220947,1
0.4415535628795624,1
0.4018118977546692,1
0.4514075815677643,1
0.4641081690788269,1
0.4042690396308899,1
0.4581040143966675,1
0.3843359351158142,1
0.49650198221206665,1
0.4385867118835449,1
0.4568932354450226,1
0.3405309319496155,1
0.37063127756118774,1
0.33539968729019165,1
0.4710310697555542,1
0.39123573899269104,1
0.2834273874759674,1
0.368205189704895,1
0.427983820438385,1
0.4298914968967438,1
0.4141666889190674,1
0.37623298168182373,1
0.3543126583099365,1
0.43856656551361084,1
0.6491355299949646,1
0.3450472056865692,1
0.3636273145675659,1
0.41109004616737366,1
0.4641837477684021,1
0.48299217224121094,1
0.5057412981987,1
0.4514316916465759,1
0.3273594081401825,1
0.46002888679504395,1
0.4757080674171448,1
0.4313037395477295,1
0.41485726833343506,1
0.4645259380340576,1
0.43041473627090454,1
0.5908648371696472,1
0.46544894576072693,1
0.4601336717605591,1
0.4715372323989868,1
0.525148868560791,1
0.42105504870414734,1
0.33397987484931946,1
0.3480165898799896,1
0.41062018275260925,1
0.40182384848594666,1
0.37170249223709106,1
0.3300551772117615,1
0.5520276427268982,1
0.4581482410430908,1
0.5220382213592529,1
0.4578711688518524,1
0.3684506416320801,1
0.4393994212150574,1
0.4527585208415985,1
0.4256429970264435,1
0.39681464433670044,1
0.44132471084594727,1
0.502473771572113,1
0.4535907506942749,1
0.3745594024658203,1
0.43085378408432007,1
0.5064662098884583,1
0.32093632221221924,1
0.4167186915874481,1
0.4612942337989807,1
0.43049225211143494,1
0.5127460360527039,1
0.35270658135414124,1
0.45358288288116455,1
0.42404425144195557,1
0.443107545375824,1
0.49548470973968506,1
0.45310351252555847,1
0.4893006384372711,1
0.6704521179199219,1
0.40008416771888733,1
0.33813533186912537,1
0.45801571011543274,1
0.461563378572464,1
0.35966336727142334,1
0.4115556478500366,1
0.443257600069046,1
0.45209479331970215,1
0.39514127373695374,1
0.3625933825969696,1
0.4617321491241455,1
0.4715034067630768,1
0.5015082359313965,1
0.3443349599838257,1
0.40927931666374207,1
0.4770391881465912,1
0.4585956931114197,1
0.4550338089466095,1
0.45348313450813293,1
0.3476855754852295,1
0.38681119680404663,1
0.4273415505886078,1
0.4838302731513977,1
0.3796079754829407,1
0.3574003279209137,1
0.5044453144073486,1
0.4009556174278259,1
0.4504420757293701,1
0.35989218950271606,1
0.43670564889907837,1
0.4696294665336609,1
0.3406651020050049,1
0.40553605556488037,1
0.37702038884162903,1
0.4687972068786621,1
0.47858133912086487,1
0.3489847779273987,1
0.44928357005119324,1
0.46899187564849854,1
0.3642674684524536,1
0.4333760440349579,1
0.39182984828948975,1
0.4167006015777588,1
0.402091920375824,1
0.4892956614494324,1
0.40149128437042236,1
0.4527914524078369,1
0.4172747731208801,1
0.4750124514102936,1
0.44601473212242126,1
0.4133761525154114,1
0.4993270933628082,1
0.38301795721054077,1
0.3360633850097656,1
0.49065887928009033,1
0.3642541766166687,1
0.3986694812774658,1
0.5091863870620728,1
0.39421898126602173,1
0.45169466733932495,1
0.45378831028938293,1
0.606560468673706,1
0.4787222743034363,1
0.39947667717933655,1
0.39334017038345337,1
0.5195276737213135,1
0.49226999282836914,1
0.49868249893188477,1
0.409672349691391,1
0.39958101511001587,1
0.3554264307022095,1
0.45157623291015625,1
0.4084741175174713,1
0.41736164689064026,1
0.43513593077659607,1
0.43636903166770935,1
0.37949338555336,1
0.42779237031936646,1
0.41166171431541443,1
0.41837701201438904,1
0.508588433265686,1
0.4321395456790924,1
0.4297202229499817,1
0.41467273235321045,1
0.3850436508655548,1
0.5175008177757263,1
0.388893723487854,1
0.36973071098327637,1
0.38355475664138794,1
0.4250877797603607,1
0.4744492769241333,1
0.5246683955192566,1
0.5513411164283752,1
0.37932145595550537,1
0.4006982743740082,1
0.3550181984901428,1
0.4151270389556885,1
0.34109213948249817,1
0.3948496878147125,1
0.36472728848457336,1
0.36208513379096985,1
0.43323129415512085,1
0.3583358824253082,1
0.386843204498291,1
0.42642277479171753,1
0.5163989067077637,1
0.5491601228713989,1
0.44656842947006226,1
0.4156370759010315,1
0.5037811398506165,1
0.4244573712348938,1
0.401610404253006,1
0.4540327787399292,1
0.4722878932952881,1
0.5129760503768921,1
0.39003288745880127,1
0.39271876215934753,1
0.4688945412635803,1
0.3454141318798065,1
0.4534603953361511,1
0.4078211188316345,1
0.38975465297698975,1
0.3998716473579407,1
0.3817775249481201,1
0.45412060618400574,1
0.6088700294494629,1
0.39695581793785095,1
0.4140273928642273,1
0.34130576252937317,1
0.41804808378219604,1
0.3960268795490265,1
0.37520867586135864,1
0.4070974290370941,1
0.41850095987319946,1
0.3546198308467865,1
0.5036356449127197,1
0.4123828709125519,1
0.36445051431655884,1
0.4495748281478882,1
0.40076443552970886,1
0.44464999437332153,1
0.42304527759552,1
0.3913023769855499,1
0.46437275409698486,1
0.5092030167579651,1
0.3828194737434387,1
0.4333187937736511,1
0.4415443241596222,1
0.44009390473365784,1
0.46836525201797485,1
0.3926142454147339,1
0.40989595651626587,1
0.38458460569381714,1
0.4248485267162323,1
0.5108434557914734,1
0.4482019543647766,1
0.3001272976398468,1
0.4124516546726227,1
0.47142884135246277,1
0.39883947372436523,1
0.33676400780677795,1
0.38175350427627563,1
0.4235496520996094,1
0.5085406303405762,1
0.5606645941734314,1
0.4631870687007904,1
0.458202600479126,1
0.3840329647064209,1
0.3688017725944519,1
0.3428126573562622,1
0.41833794116973877,1
0.49536651372909546,1
0.44499170780181885,1
0.42925673723220825,1
0.6171573400497437,1
0.4782516360282898,1
0.40667998790740967,1
0.4665529727935791,1
0.3187940716743469,1
0.4721808433532715,1
0.46109145879745483,1
0.42024269700050354,1
0.3801610767841339,1
0.3801301121711731,1
0.43000105023384094,1
0.378101646900177,1
0.4003453850746155,1
0.4988584816455841,1
0.49966853857040405,1
0.36061644554138184,1
0.4617689549922943,1
0.40618622303009033,1
0.4550992250442505,1
0.395443320274353,1
0.41248464584350586,1
0.4773530960083008,1
0.39444565773010254,1
0.48389944434165955,1
0.3849019408226013,1
0.36216557025909424,1
0.4001811444759369,1
0.401785671710968,1
0.47642916440963745,1
0.5556983351707458,1
0.3436751067638397,1
0.5958544015884399,1
0.45872002840042114,1
0.43291640281677246,1
0.3974388837814331,1
0.3955310881137848,1
0.4345414340496063,1
0.3893852233886719,1
0.4413047432899475,1
0.4902569055557251,1
0.4665590226650238,1
0.4766398072242737,1
0.6113936305046082,1
0.34220024943351746,1
0.5295013189315796,1
0.38296744227409363,1
0.4215925633907318,1
0.5304766297340393,1
0.4078960418701172,1
0.5151762962341309,1
0.40289944410324097,1
0.3302392065525055,1
0.610013484954834,1
0.42505747079849243,1
0.36100155115127563,1
0.42615461349487305,1
0.4339628219604492,1
0.3621980845928192,1
0.3270118832588196,1
0.37482950091362,1
0.5319132804870605,1
0.4748706519603729,1
0.38526687026023865,1
0.5391609072685242,1
0.3771979510784149,1
0.3934088349342346,1
0.41904348134994507,1
0.3296504020690918,1
0.4223150610923767,1
0.37274929881095886,1
0.3953419625759125,1
0.5274118185043335,1
0.48789262771606445,1
0.4531534016132355,1
0.6058759689331055,1
0.5013295412063599,1
0.42330169677734375,1
0.35168692469596863,1
0.41180819272994995,1
0.4408499002456665,1
0.6119625568389893,1
0.4185572862625122,1
0.45708543062210083,1
0.3506433069705963,1
0.5413128137588501,1
0.5105137228965759,1
0.41632455587387085,1
0.37095731496810913,1
0.5457481741905212,1
0.42535439133644104,1
0.4726584255695343,1
0.4436464309692383,1
0.43587353825569153,1
0.4131702780723572,1
0.36946630477905273,1
0.37690579891204834,1
0.481650173664093,1
0.48772573471069336,1
0.4733791947364807,1
0.47881677746772766,1
0.46874359250068665,1
0.4912908971309662,1
0.33574116230010986,1
0.4153929054737091,1
0.38643187284469604,1
0.4858909845352173,1
0.37423667311668396,1
0.3648538291454315,1
0.5807167291641235,1
0.5412923097610474,1
0.42772406339645386,1
0.44453758001327515,1
0.39771461486816406,1
0.40243858098983765,1
0.4136841893196106,1
0.43212372064590454,1
0.5391858220100403,1
0.3830430805683136,1
0.39256179332733154,1
0.4622868299484253,1
0.4978032410144806,1
0.38493457436561584,1
0.3266749978065491,1
0.43217194080352783,1
0.43782687187194824,1
0.4498721957206726,1
0.39223238825798035,1
0.5180529356002808,1
0.3710665702819824,1
0.3608022928237915,1
0.3857675790786743,1
0.43722933530807495,1
0.4045791029930115,1
0.39828920364379883,1
0.4459569454193115,1
0.44529372453689575,1
0.3884102702140808,1
0.39120131731033325,1
0.36917006969451904,1
0.44372594356536865,1
0.3992970883846283,1
0.4208800196647644,1
0.4215173125267029,1
0.46300917863845825,1
0.4775906503200531,1
0.4404144585132599,1
0.38045793771743774,1
0.41781672835350037,1
0.5276808738708496,1
0.4902041256427765,1
0.5327622890472412,1
0.3746189773082733,1
0.4534071683883667,1
0.422061026096344,1
0.5422648191452026,1
0.44525423645973206,1
0.5099740028381348,1
0.465446412563324,1
0.3848615884780884,1
0.5139584541320801,1
0.40319305658340454,1
0.4608645439147949,1
0.46424350142478943,1
0.47044262290000916,1
0.39103323221206665,1
0.38857927918434143,1
0.41259652376174927,1
0.47604405879974365,1
0.37700289487838745,1
0.4725115895271301,1
0.3554905354976654,1
0.3739052414894104,1
0.4209497272968292,1
0.34361496567726135,1
0.33614158630371094,1
0.2861996591091156,1
0.4616010785102844,1
0.470584511756897,1
0.4025779664516449,1
0.3925912380218506,1
0.35799387097358704,1
0.33799779415130615,1
0.33858656883239746,1
0.45046466588974,1
0.36065900325775146,1
0.4925665855407715,1
0.3010990619659424,1
0.44165217876434326,1
0.4054263234138489,1
0.3813445270061493,1
0.5021483302116394,1
0.5300130844116211,1
0.4755391776561737,1
0.38582083582878113,1
0.3600825071334839,1
0.47617965936660767,1
0.432181715965271,1
0.45609793066978455,1
0.38160476088523865,1
0.43641579151153564,1
0.30431926250457764,1
0.47665613889694214,1
0.4039471447467804,1
0.43665528297424316,1
0.41266340017318726,1
0.4311300218105316,1
0.4378564953804016,1
0.4198054373264313,1
0.5047507882118225,1
0.339022696018219,1
0.41666311025619507,1
0.3867652416229248,1
0.44577285647392273,1
0.35909703373908997,1
0.3229639232158661,1
0.5743375420570374,1
0.4730489253997803,1
0.42525091767311096,1
0.46349582076072693,1
0.43477073311805725,1
0.5842717885971069,1
0.3507421016693115,1
0.41494911909103394,1
0.4643207788467407,1
0.4683752954006195,1
0.41445833444595337,1
0.4692920446395874,1
0.4539024829864502,1
0.3481979966163635,1
0.515087902545929,1
0.3715357184410095,1
0.3840303421020508,1
0.43365344405174255,1
0.5869008898735046,1
0.4296095073223114,1
0.3766254484653473,1
0.40981805324554443,1
0.35460934042930603,1
0.4349336624145508,1
0.40501347184181213,1
0.3786923587322235,1
0.4229254722595215,1
0.4094254970550537,1
0.34921109676361084,1
0.40854978561401367,1
0.6007661819458008,1
0.48231372237205505,1
0.47333475947380066,1
0.4025214910507202,1
0.4499828517436981,1
0.37787187099456787,1
0.44552016258239746,1
0.36918312311172485,1
0.45684367418289185,1
0.3886447548866272,1
0.45317479968070984,1
0.31325870752334595,1
0.3971399664878845,1
0.40516018867492676,1
0.45619601011276245,1
0.3267146646976471,1
0.25935375690460205,1
0.3937617540359497,1
0.42693743109703064,1
0.5147414207458496,1
0.3434809744358063,1
0.48921096324920654,1
0.41764238476753235,1
0.3564344644546509,1
0.3763003945350647,1
0.3556286692619324,1
0.4745786488056183,1
0.33693772554397583,1
0.42334407567977905,1
0.42701002955436707,1
0.3233907222747803,1
0.4290803074836731,1
0.5133669376373291,1
0.4164068102836609,1
0.3976817727088928,1
0.355537086725235,1
0.38166743516921997,1
0.3914365768432617,1
0.41399437189102173,1
0.45845896005630493,1
0.393236368894577,1
0.4159625172615051,1
0.5746068954467773,1
0.40857017040252686,1
0.2890712022781372,1
0.3663138747215271,1
0.33852618932724,1
0.31971657276153564,1
0.4869979918003082,1
0.44276952743530273,1
0.3560904264450073,1
0.460164338350296,1
0.34544938802719116,1
0.2721666097640991,1
0.4059736430644989,1
0.3265088200569153,1
0.4800701141357422,1
0.40798574686050415,1
0.45832115411758423,1
0.40788254141807556,1
0.4370097517967224,1
0.49000176787376404,1
0.39313796162605286,1
0.465656042098999,1
0.4128413200378418,1
0.48922812938690186,1
0.49444305896759033,1
0.46704548597335815,1
0.4040015935897827,1
0.4457746148109436,1
0.45371973514556885,1
0.4248679280281067,1
0.4088669419288635,1
0.41760337352752686,1
0.4444269835948944,1
0.4940645396709442,1
0.471108078956604,1
0.3570287227630615,1
0.3624888062477112,1
0.4227127432823181,1
0.5193947553634644,1
0.4550439417362213,1
0.35077568888664246,1
0.39111778140068054,1
0.44838571548461914,1
0.44671428203582764,1
0.3922221064567566,1
0.45253196358680725,1
0.41654884815216064,1
0.42767173051834106,1
0.43478333950042725,1
0.5342337489128113,1
0.4878934621810913,1
0.4445311725139618,1
0.3975483477115631,1
0.45474904775619507,1
0.3866690993309021,1
0.49797767400741577,1
0.3955834209918976,1
0.4757811427116394,1
0.3807312846183777,1
0.43584421277046204,1
0.4345126748085022,1
0.5014504194259644,1
0.3408278822898865,1
0.4115764796733856,1
0.37257272005081177,1
0.46723222732543945,1
0.4215334355831146,1
0.4608175754547119,1
0.46044471859931946,1
0.42652854323387146,1
0.38692212104797363,1
0.45584145188331604,1
0.44741153717041016,1
0.4812098741531372,1
0.3152296245098114,1
0.39311787486076355,1
0.4577045440673828,1
0.36941781640052795,1
0.38167354464530945,1
0.43678510189056396,1
0.3326013684272766,1
0.5072022676467896,1
0.40484389662742615,1
0.4357711970806122,1
0.43605363368988037,1
0.478316068649292,1
0.3500116467475891,1
0.42911264300346375,1
0.4661191701889038,1
0.4040786027908325,1
0.3810379207134247,1
0.4340304136276245,1
0.3628603518009186,1
0.39725857973098755,1
0.3778366446495056,1
0.46800366044044495,1
0.4760845899581909,1
0.3963753283023834,1
0.40244704484939575,1
0.430591344833374,1
0.36270636320114136,1
0.4357088804244995,1
0.34741735458374023,1
0.25177666544914246,1
0.3618174195289612,1
0.38363397121429443,1
0.32402485609054565,1
0.39893901348114014,1
0.3552607297897339,1
0.5459150671958923,1
0.4087556302547455,1
0.44342368841171265,1
0.39769065380096436,1
0.4294707775115967,1
0.42372041940689087,1
0.520089328289032,1
0.4226527214050293,1
0.3820834755897522,1
0.4607275724411011,1
0.38924312591552734,1
0.5263504385948181,1
0.347942590713501,1
0.44505077600479126,1
0.5026715397834778,1
0.5171263813972473,1
0.43276190757751465,1
0.5278029441833496,1
0.514564037322998,1
0.5170672535896301,1
0.5646425485610962,1
0.4836776554584503,1
0.4281536340713501,1
0.5776851177215576,1
0.46127331256866455,1
0.4725770354270935,1
0.4847789406776428,1
0.4497706890106201,1
0.42538076639175415,1
0.3153741955757141,1
0.3690062165260315,1
0.35501354932785034,1
0.43388116359710693,1
0.3060307502746582,1
0.4344334900379181,1
0.40169888734817505,1
0.44237756729125977,1
0.3798205554485321,1
0.465103417634964,1
0.3473985493183136,1
0.3488548994064331,1
0.4245959520339966,1
0.3235696852207184,1
0.4255223870277405,1
0.5154217481613159,1
0.4490612745285034,1
0.382011353969574,1
0.42389893531799316,1
0.4691396653652191,1
0.3695189654827118,1
0.5534120798110962,1
0.3598722517490387,1
0.3824721872806549,1
0.48451152443885803,1
0.4805454909801483,1
0.39866870641708374,1
0.43929213285446167,1
0.3912855386734009,1
0.3807942271232605,1
0.428132027387619,1
0.48102572560310364,1
0.4167020916938782,1
0.3205086588859558,1
0.5158883333206177,1
0.4719989597797394,1
0.33529651165008545,1
0.5307826995849609,1
0.412637859582901,1
0.47780001163482666,1
0.4093385338783264,1
0.4342666268348694,1
0.4529516100883484,1
0.499143123626709,1
0.44698500633239746,1
0.4422891438007355,1
0.3986758291721344,1
0.40544578433036804,1
0.4161573350429535,1
0.49786558747291565,1
0.365418940782547,1
0.36660367250442505,1
0.4429905116558075,1
0.46451401710510254,1
0.4204350411891937,1
0.3295517861843109,1
0.4202832579612732,1
0.4685683846473694,1
0.4071944057941437,1
0.4405192732810974,1
0.4002809524536133,1
0.39837753772735596,1
0.3984625041484833,1
0.3434274196624756,1
0.6042665243148804,1
0.433708518743515,1
0.5301134586334229,1
0.4159744679927826,1
0.44306644797325134,1
0.4735299348831177,1
0.43544232845306396,1
0.45353424549102783,1
0.43206000328063965,1
0.5039651989936829,1
0.520976185798645,1
0.4723066985607147,1
0.39892643690109253,1
0.4890354871749878,1
0.4788500666618347,1
0.4551362991333008,1
0.4262770414352417,1
0.3815430998802185,1
0.3656967878341675,1
0.46047496795654297,1
0.4299044907093048,1
0.46270817518234253,1
0.5269612073898315,1
0.38935548067092896,1
0.41568607091903687,1
0.44533154368400574,1
0.3899797201156616,1
0.4097510576248169,1
0.34647220373153687,1
0.47408372163772583,1
0.4185766577720642,1
0.45269450545310974,1
0.45935654640197754,1
0.5139750838279724,1
0.37596118450164795,1
0.4828323423862457,1
0.4950028657913208,1
0.5241178870201111,1
0.42862164974212646,1
0.38849937915802,1
0.489718496799469,1
0.35206878185272217,1
0.458401083946228,1
0.47048649191856384,1
0.3390963077545166,1
0.4741663932800293,1
0.487398624420166,1
0.39421582221984863,1
0.477944016456604,1
0.3728100061416626,1
0.43419110774993896,1
0.4731988310813904,1
0.40090304613113403,1
0.48659271001815796,1
0.5084054470062256,1
0.3465609550476074,1
0.3416542410850525,1
0.45648398995399475,1
0.40025925636291504,1
0.3159031569957733,1
0.4205124080181122,1
0.5550485849380493,1
0.3699342608451843,1
0.388394832611084,1
0.3127366602420807,1
0.41471022367477417,1
0.46479618549346924,1
0.4350813031196594,1
0.3492443263530731,1
0.36015939712524414,1
0.3816630244255066,1
0.41005152463912964,1
0.5216400623321533,1
0.40746909379959106,1
0.5119916200637817,1
0.4744449257850647,1
0.4063653349876404,1
0.4345766305923462,1
0.45043066143989563,1
0.3897257447242737,1
0.4682212471961975,1
0.4550182819366455,1
0.4271679222583771,1
0.42591699957847595,1
0.3981073200702667,1
0.3517262041568756,1
0.44616037607192993,1
0.40158045291900635,1
0.4226856231689453,1
0.5648363828659058,1
0.4028750956058502,1
0.32804811000823975,1
0.5599692463874817,1
0.42971110343933105,1
0.4623548090457916,1
0.4192078113555908,1
0.3828426003456116,1
0.3956173062324524,1
0.4071119427680969,1
0.4276423454284668,1
0.4009653925895691,1
0.43522462248802185,1
0.39133691787719727,1
0.46630239486694336,1
0.47301405668258667,1
0.4731366038322449,1
0.5078402161598206,1
0.44489753246307373,1
0.41552734375,1
0.4377763867378235,1
0.4648645520210266,1
0.43835410475730896,1
0.4693984091281891,1
0.40605759620666504,1
0.5030796527862549,1
0.3309818506240845,1
0.39702028036117554,1
0.3442029654979706,1
0.4063226282596588,1
0.37438395619392395,1
0.392728328704834,1
0.45474040508270264,1
0.538689374923706,1
0.5074732899665833,1
0.4734755754470825,1
0.43164920806884766,1
0.41852667927742004,1
0.4579080641269684,1
0.4210355877876282,1
0.44342470169067383,1
0.531098484992981,1
0.3602091670036316,1
0.44203656911849976,1
0.43028485774993896,1
0.32040008902549744,1
0.4124909043312073,1
0.39546751976013184,1
0.4677160382270813,1
0.5100662708282471,1
0.5173949599266052,1
0.45762011408805847,1
0.4130602777004242,1
0.40163445472717285,1
0.36268824338912964,1
0.41980281472206116,1
0.4978799819946289,1
0.36756664514541626,1
0.46924251317977905,1
0.5151876211166382,1
0.33017468452453613,1
0.4343721866607666,1
0.4423234462738037,1
0.4955402612686157,1
0.45373040437698364,1
0.43228062987327576,1
0.4330393671989441,1
0.3442097306251526,1
0.4677903354167938,1
0.42489418387413025,1
0.5156484246253967,1
0.4586552381515503,1
0.5670219659805298,1
0.44161105155944824,1
0.39807015657424927,1
0.5011131763458252,1
0.4998461604118347,1
0.4240591526031494,1
0.5023594498634338,1
0.4403555989265442,1
0.37046968936920166,1
0.4060724973678589,1
0.4224153757095337,1
0.4229735732078552,1
0.3849972188472748,1
0.4481879770755768,1
0.451113760471344,1
0.38620468974113464,1
0.45984965562820435,1
0.40784597396850586,1
0.40823695063591003,1
0.3434526026248932,1
0.3714618682861328,1
0.4747507870197296,1
0.44887688755989075,1
0.4954838156700134,1
0.4824816882610321,1
0.3764815926551819,1
0.35270366072654724,1
0.4410935938358307,1
0.5113272070884705,1
0.43133777379989624,1
0.3121127486228943,1
0.34130194783210754,1
0.4372768998146057,1
0.3975200951099396,1
0.6028437614440918,1
0.37944960594177246,1
0.45830345153808594,1
0.339480459690094,1
0.3034411370754242,1
0.411058634519577,1
0.424652099609375,1
0.46726933121681213,1
0.48521482944488525,1
0.4335291087627411,1
0.3494962751865387,1
0.41046595573425293,1
0.40724635124206543,1
0.4057697355747223,1
0.49633681774139404,1
0.3735751509666443,1
0.43011605739593506,1
0.30323654413223267,1
0.475612998008728,1
0.39769476652145386,1
0.5723316073417664,1
0.5024696588516235,1
0.5079922676086426,1
0.3785146474838257,1
0.4558456838130951,1
0.5294629335403442,1
0.3989464044570923,1
0.45804452896118164,1
0.361483097076416,1
0.37892022728919983,1
0.395935595035553,1
0.38555067777633667,1
0.45287275314331055,1
0.43384093046188354,1
0.43422961235046387,1
0.3706188201904297,1
0.4665103554725647,1
0.36437833309173584,1
0.43613603711128235,1
0.44592398405075073,1
0.39264366030693054,1
0.4712378978729248,1
0.47285187244415283,1
0.38982561230659485,1
0.4725777208805084,1
0.32447099685668945,1
0.4493892788887024,1
0.4509057402610779,1
0.37797385454177856,1
0.5354070663452148,1
0.4414384663105011,1
0.47744545340538025,1
0.5482879281044006,1
0.41245824098587036,1
0.44575101137161255,1
0.46748557686805725,1
0.4619690179824829,1
0.33738696575164795,1
0.4391559958457947,1
0.42255187034606934,1
0.45263010263442993,1
0.6185473203659058,1
0.3996090292930603,1
0.4278762936592102,1
0.4058035612106323,1
0.39693915843963623,1
0.4421452581882477,1
0.4987715482711792,1
0.47492626309394836,1
0.49265050888061523,1
0.43349602818489075,1
0.46589839458465576,1
0.41499412059783936,1
0.33787572383880615,1
0.40426573157310486,1
0.43008455634117126,1
0.39247527718544006,1
0.47917279601097107,1
0.441865473985672,1
0.31038641929626465,1
0.4735611379146576,1
0.4650905728340149,1
0.5180847644805908,1
0.40094688534736633,1
0.3854978084564209,1
0.354697048664093,1
0.40923914313316345,1
0.3970998525619507,1
0.4335954189300537,1
0.40735867619514465,1
0.30333107709884644,1
0.41691380739212036,1
0.36727672815322876,1
0.35738834738731384,1
0.45902279019355774,1
0.3358580768108368,1
0.31799793243408203,1
0.4763277769088745,1
0.428902804851532,1
0.3492709994316101,1
0.43019580841064453,1
0.440615713596344,1
0.37387701869010925,1
0.4378345012664795,1
0.4429627060890198,1
0.44529327750205994,1
0.42894604802131653,1
0.5692745447158813,1
0.45916008949279785,1
0.42163193225860596,1
0.43827924132347107,1
0.36735770106315613,1
0.4455658793449402,1
0.361487478017807,1
0.3188675343990326,1
0.3912566900253296,1
0.310994416475296,1
0.46587103605270386,1
0.4908024072647095,1
0.3732285499572754,1
0.3712216019630432,1
0.3695221245288849,1
0.428245484828949,1
0.5145759582519531,1
0.4500395953655243,1
0.49743080139160156,1
0.46464741230010986,1
0.3912963271141052,1
0.41829437017440796,1
0.566825270652771,1
0.40742936730384827,1
0.5024253129959106,1
0.41767776012420654,1
0.5151624083518982,1
0.455839067697525,1
0.5555824041366577,1
0.5429348349571228,1
0.40865254402160645,1
0.40329471230506897,1
0.36752745509147644,1
0.36601585149765015,1
0.41770631074905396,1
0.4501940608024597,1
0.4646799862384796,1
0.3759802281856537,1
0.40814507007598877,1
0.4155706465244293,1
0.32940518856048584,1
0.37897345423698425,1
0.36918097734451294,1
0.36493805050849915,1
0.3742001950740814,1
0.46308833360671997,1
0.365347295999527,1
0.4084957242012024,1
0.39899176359176636,1
0.35203397274017334,1
0.4632871150970459,1
0.4060255289077759,1
0.4747927188873291,1
0.3729982078075409,1
0.3798906207084656,1
0.3929457366466522,1
0.4524911344051361,1
0.5068104863166809,1
0.4575121998786926,1
0.4238226115703583,1
0.4038192629814148,1
0.32894742488861084,1
0.40876808762550354,1
0.3472888469696045,1
0.5530700087547302,1
0.38380253314971924,1
0.4974971115589142,1
0.5017242431640625,1
0.4949498772621155,1
0.3980258107185364,1
0.5632848143577576,1
0.34606611728668213,1
0.5576561689376831,1
0.33787164092063904,1
0.40396830439567566,1
0.4171898066997528,1
0.43682217597961426,1
0.37005650997161865,1
0.3703256845474243,1
0.4592615067958832,1
0.4676874279975891,1
0.4912094473838806,1
0.5091409683227539,1
0.3860247731208801,1
0.4376169741153717,1
0.5192973017692566,1
0.4788273870944977,1
0.3567875027656555,1
0.3882870674133301,1
0.39544519782066345,1
0.43762245774269104,1
0.3663541376590729,1
0.38938280940055847,1
0.4278724193572998,1
0.3940581977367401,1
0.3308458924293518,1
0.47682899236679077,1
0.4053248167037964,1
0.37246331572532654,1
0.42780885100364685,1
0.43173137307167053,1
0.40039196610450745,1
0.4124453663825989,1
0.4450019598007202,1
0.49307382106781006,1
0.4112567901611328,1
0.47558990120887756,1
0.37638235092163086,1
0.40644901990890503,1
0.33981722593307495,1
0.35250401496887207,1
0.39599737524986267,1
0.4642751216888428,1
0.3869904577732086,1
0.46003633737564087,1
0.44785356521606445,1
0.4209442436695099,1
0.3732510805130005,1
0.3176218569278717,1
0.4036879539489746,1
0.3782157897949219,1
0.49970483779907227,1
0.4952920377254486,1
0.4231419563293457,1
0.34976106882095337,1
0.4119642376899719,1
0.4353575110435486,1
0.450893759727478,1
0.4472707211971283,1
0.39314404129981995,1
0.5028631687164307,1
0.4188809394836426,1
0.4245590567588806,1
0.3717130720615387,1
0.34317994117736816,1
0.4657594561576843,1
0.3162270784378052,1
0.5007023215293884,1
0.5600084066390991,1
0.3734418749809265,1
0.45847031474113464,1
0.38661935925483704,1
0.3358675539493561,1
0.35933661460876465,1
0.4838561415672302,1
0.4554632306098938,1
0.4545324444770813,1
0.47716692090034485,1
0.33824998140335083,1
0.49332356452941895,1
0.5579930543899536,1
0.3432063162326813,1
0.5053825378417969,1
0.40192294120788574,1
0.44594818353652954,1
0.3297801613807678,1
0.471170574426651,1
0.5508891940116882,1
0.3294030427932739,1
0.33229219913482666,1
0.3960505723953247,1
0.487456738948822,1
0.46261751651763916,1
0.3743365406990051,1
0.3817281424999237,1
0.47920459508895874,1
0.45302814245224,1
0.3858531415462494,1
0.3451012670993805,1
0.47636106610298157,1
0.3523958623409271,1
0.474904328584671,1
0.37855643033981323,1
0.5239549875259399,1
0.5105054974555969,1
0.520401120185852,1
0.46899059414863586,1
0.48844730854034424,1
0.4529624283313751,1
0.4785328805446625,1
0.4317379593849182,1
0.4746728837490082,1
0.44990792870521545,1
0.44565072655677795,1
0.5285534262657166,1
0.3906215727329254,1
0.5279712677001953,1
0.4085739254951477,1
0.5015731453895569,1
0.49162691831588745,1
0.5545636415481567,1
0.3458918035030365,1
0.36778873205184937,1
0.49658912420272827,1
0.3737819790840149,1
0.41899237036705017,1
0.3899737000465393,1
0.4374176859855652,1
0.47595077753067017,1
0.2797781229019165,1
0.35612592101097107,1
0.5969423055648804,1
0.37909063696861267,1
0.29933375120162964,1
0.46258246898651123,1
0.3931567966938019,1
0.3280903398990631,1
0.4066483676433563,1
0.3799842596054077,1
0.45438626408576965,1
0.40580856800079346,1
0.4854900538921356,1
0.3648999333381653,1
0.4251094162464142,1
0.3693007230758667,1
0.37534135580062866,1
0.441901296377182,1
0.4204431176185608,1
0.44985663890838623,1
0.33290761709213257,1
0.4397181272506714,1
0.45044583082199097,1
0.3929039239883423,1
0.4303334355354309,1
0.5617426633834839,1
0.3667774498462677,1
0.43188196420669556,1
0.4432690441608429,1
0.4508073925971985,1
0.35954275727272034,1
0.3551851212978363,1
0.4119504988193512,1
0.5129424333572388,1
0.3752647638320923,1
0.35426634550094604,1
0.4239427447319031,1
0.4227867126464844,1
0.5696305632591248,1
0.45346638560295105,1
0.48288604617118835,1
0.42908236384391785,1
0.5351186394691467,1
0.4800737202167511,1
0.37521058320999146,1
0.4029809832572937,1
0.5148874521255493,1
0.47919774055480957,1
0.3535579442977905,1
0.5448912382125854,1
0.3863534927368164,1
0.42062801122665405,1
0.390348881483078,1
0.3509329557418823,1
0.36027663946151733,1
0.3645715117454529,1
0.43646007776260376,1
0.3690478801727295,1
0.5595901608467102,1
0.41858065128326416,1
0.4123745560646057,1
0.3610365092754364,1
0.3998047113418579,1
0.3657917380332947,1
0.36014169454574585,1
0.4122656583786011,1
0.4329061210155487,1
0.4821467399597168,1
0.34333449602127075,1
0.5080888271331787,1
0.3617323040962219,1
0.5751290917396545,1
0.5509673357009888,1
0.397256076335907,1
0.4814181327819824,1
0.405742883682251,1
0.4084615409374237,1
0.40672728419303894,1
0.5867468118667603,1
0.5066996216773987,1
0.29526230692863464,1
0.34598076343536377,1
0.413126140832901,1
0.4598572552204132,1
0.5196536779403687,1
0.4304348826408386,1
0.49903830885887146,1
0.38049837946891785,1
0.4036655128002167,1
0.43875694274902344,1
0.348508358001709,1
0.47761839628219604,1
0.517923891544342,1
0.3861638009548187,1
0.45822301506996155,1
0.3545340895652771,1
0.4454104006290436,1
0.4578418731689453,1
0.4342881739139557,1
0.40942761301994324,1
0.4848335385322571,1
0.4653050899505615,1
0.5352375507354736,1
0.35614052414894104,1
0.413718044757843,1
0.424247145652771,1
0.3913502097129822,1
0.5309180617332458,1
0.497307687997818,1
0.4714432954788208,1
0.5403715968132019,1
0.41321516036987305,1
0.3528364896774292,1
0.4253266155719757,1
0.3890775740146637,1
0.40999361872673035,1
0.44539177417755127,1
0.3724420666694641,1
0.45232903957366943,1
0.386452853679657,1
0.411113977432251,1
0.4651476740837097,1
0.3978782892227173,1
0.36448198556900024,1
0.42253637313842773,1
0.46867555379867554,1
0.43142881989479065,1
0.3438333570957184,1
0.5056520700454712,1
0.5373883247375488,1
0.361578106880188,1
0.4630282521247864,1
0.41301092505455017,1
0.4263750910758972,1
0.35751113295555115,1
0.4286624789237976,1
0.36250972747802734,1
0.4284871816635132,1
0.4053310751914978,1
0.2764365077018738,1
0.3970457911491394,1
0.49444589018821716,1
0.5478514432907104,1
0.3056337535381317,1
0.38504093885421753,1
0.3684423565864563,1
0.4159724712371826,1
0.4160405099391937,1
0.5092266798019409,1
0.40416738390922546,1
0.4728849232196808,1
0.5569952130317688,1
0.3894488215446472,1
0.44203513860702515,1
0.4431450366973877,1
0.43694984912872314,1
0.43568724393844604,1
0.42632997035980225,1
0.48704537749290466,1
0.48513922095298767,1
0.40429580211639404,1
0.4046020805835724,1
0.3697718381881714,1
0.5091464519500732,1
0.42818209528923035,1
0.5020925998687744,1
0.415630966424942,1
0.5369654893875122,1
0.47148579359054565,1
0.3131318688392639,1
0.4364781677722931,1
0.4130401015281677,1
0.40474778413772583,1
0.39289966225624084,1
0.410849004983902,1
0.3719498813152313,1
0.4103708863258362,1
0.4939384460449219,1
0.4049660563468933,1
0.3924731910228729,1
0.6123290657997131,1
0.4198015034198761,1
0.3644353449344635,1
0.35855212807655334,1
0.5061638355255127,1
0.4679352939128876,1
0.49831342697143555,1
0.435935914516449,1
0.5595518350601196,1
0.5499177575111389,1
0.3877333104610443,1
0.41656139492988586,1
0.3402625620365143,1
0.42879942059516907,1
0.49167728424072266,1
0.4093855917453766,1
0.43709200620651245,1
0.3324405550956726,1
0.42134690284729004,1
0.3868456482887268,1
0.34260421991348267,1
0.41294485330581665,1
0.3932909071445465,1
0.49513283371925354,1
0.35518473386764526,1
0.382310152053833,1
0.39162012934684753,1
0.561870813369751,1
0.3859580159187317,1
0.48847585916519165,1
0.3602254390716553,1
0.40441054105758667,1
0.5087275505065918,1
0.38979053497314453,1
0.41821226477622986,1
0.39619356393814087,1
0.5164498686790466,1
0.47760719060897827,1
0.5403393507003784,1
0.45166611671447754,1
0.4519217610359192,1
0.4424818456172943,1
0.3176122307777405,1
0.38971298933029175,1
0.3616670072078705,1
0.5411140322685242,1
0.4341910481452942,1
0.4707498550415039,1
0.443916380405426,1
0.35336190462112427,1
0.5019429326057434,1
0.43952569365501404,1
0.40790849924087524,1
0.46434834599494934,1
0.4728080630302429,1
0.40157535672187805,1
0.5180761814117432,1
0.38944393396377563,1
0.5121278762817383,1
0.5523691177368164,1
0.4442400336265564,1
0.4359543025493622,1
0.5125246644020081,1
0.4225544333457947,1
0.4562837481498718,1
0.4777742028236389,1
0.3783104121685028,1
0.3821755051612854,1
0.37993159890174866,1
0.4901670813560486,1
0.3694308400154114,1
0.47069522738456726,1
0.3814913034439087,1
0.408780574798584,1
0.62624192237854,1
0.4341413378715515,1
0.4342821538448334,1
0.39828139543533325,1
0.35147035121917725,1
0.37233343720436096,1
0.48792073130607605,1
0.37455958127975464,1
0.4934989809989929,1
0.41831350326538086,1
0.4481814503669739,1
0.4200857877731323,1
0.41679784655570984,1
0.452152818441391,1
0.4164184033870697,1
0.41755813360214233,1
0.3790321946144104,1
0.5576110482215881,1
0.5433697700500488,1
0.471229612827301,1
0.4472683370113373,1
0.425457239151001,1
0.36777737736701965,1
0.4648157060146332,1
0.3853526711463928,1
0.4711197316646576,1
0.49803635478019714,1
0.5061410665512085,1
0.419158935546875,1
0.3466472625732422,1
0.36495664715766907,1
0.4578641951084137,1
0.5623970031738281,1
0.32784050703048706,1
0.5730265974998474,1
0.4808545708656311,1
0.4881111979484558,1
0.4202576279640198,1
0.35635337233543396,1
0.40263670682907104,1
0.5491054058074951,1
0.47156989574432373,1
0.42504286766052246,1
0.43546560406684875,1
0.43416717648506165,1
0.47281205654144287,1
0.49800625443458557,1
0.365814208984375,1
0.3294028043746948,1
0.5075429677963257,1
0.3853360712528229,1
0.44409728050231934,1
0.4251968264579773,1
0.47341376543045044,1
0.35153770446777344,1
0.4084603786468506,1
0.36710524559020996,1
0.5130078792572021,1
0.3434075117111206,1
0.3549242913722992,1
0.3656984269618988,1
0.5840063095092773,1
0.4401206970214844,1
0.48505377769470215,1
0.4597700238227844,1
0.5631250143051147,1
0.3704379200935364,1
0.41299399733543396,1
0.5640288591384888,1
0.48957109451293945,1
0.3798314034938812,1
0.4518517851829529,1
0.3862046003341675,1
0.4491981267929077,1
0.458545982837677,1
0.4197826087474823,1
0.30487260222435,1
0.45201754570007324,1
0.39616817235946655,1
0.48907920718193054,1
0.3764416575431824,1
0.4319976568222046,1
0.4635423719882965,1
0.3497976064682007,1
0.30552661418914795,1
0.409000039100647,1
0.4003409743309021,1
0.38777926564216614,1
0.5709473490715027,1
0.3753820061683655,1
0.340729296207428,1
0.4099981188774109,1
0.4476993680000305,1
0.4993515610694885,1
0.497336208820343,1
0.3546489179134369,1
0.38049399852752686,1
0.5195389986038208,1
0.4886676073074341,1
0.3787030279636383,1
0.4969351291656494,1
0.3746316730976105,1
0.5314748287200928,1
0.2905856668949127,1
0.4177672863006592,1
0.4062841534614563,1
0.3895828127861023,1
0.3494890332221985,1
0.47877243161201477,1
0.4451552927494049,1
0.5741536021232605,1
0.353188157081604,1
0.38880103826522827,1
0.4351290464401245,1
0.45968201756477356,1
0.3895633816719055,1
0.5702064037322998,1
0.3921755850315094,1
0.4585351347923279,1
0.49179863929748535,1
0.38540488481521606,1
0.5835253000259399,1
0.3835333585739136,1
0.45982933044433594,1
0.38927701115608215,1
0.2744893729686737,1
0.37201279401779175,1
0.37679213285446167,1
0.42610257863998413,1
0.4820898771286011,1
0.46332815289497375,1
0.4517039954662323,1
0.41057276725769043,1
0.4148333668708801,1
0.447698175907135,1
0.5030421018600464,1
0.39092111587524414,1
0.4182932376861572,1
0.46075981855392456,1
0.4771153926849365,1
0.4131004214286804,1
0.48786216974258423,1
0.47124961018562317,1
0.5204452276229858,1
0.35588759183883667,1
0.507228434085846,1
0.4780277609825134,1
0.40568989515304565,1
0.47366172075271606,1
0.36811763048171997,1
0.4890941381454468,1
0.4744718372821808,1
0.3977559506893158,1
0.4074842929840088,1
0.40218377113342285,1
0.3532162010669708,1
0.426848441362381,1
0.3593718409538269,1
0.2973959743976593,1
0.43755072355270386,1
0.393563449382782,1
0.4533936381340027,1
0.3957033157348633,1
0.3639961779117584,1
0.4051704704761505,1
0.42403143644332886,1
0.3932654857635498,1
0.3068948984146118,1
0.31134504079818726,1
0.4487873613834381,1
0.48397183418273926,1
0.47101059556007385,1
0.5710070729255676,1
0.45552682876586914,1
0.3641889691352844,1
0.29197990894317627,1
0.39237499237060547,1
0.4449763596057892,1
0.30865633487701416,1
0.4204239249229431,1
0.41880419850349426,1
0.44291308522224426,1
0.43901148438453674,1
0.45086467266082764,1
0.44558480381965637,1
0.37871211767196655,1
0.6728341579437256,1
0.33158522844314575,1
0.3695664405822754,1
0.49333512783050537,1
0.3953114151954651,1
0.5548579692840576,1
0.38689929246902466,1
0.4151647090911865,1
0.3766390085220337,1
0.3248549997806549,1
0.4946145713329315,1
0.3735584020614624,1
0.33939889073371887,1
0.5401173830032349,1
0.46945878863334656,1
0.5502683520317078,1
0.40417730808258057,1
0.39580684900283813,1
0.37139835953712463,1
0.5024755001068115,1
0.34273457527160645,1
0.3999086022377014,1
0.3673679828643799,1
0.4262602925300598,1
0.3702371120452881,1
0.3679373860359192,1
0.41022050380706787,1
0.3586407005786896,1
0.5715450048446655,1
0.5153368711471558,1
0.3817732036113739,1
0.5060737133026123,1
0.3149562478065491,1
0.37083882093429565,1
0.5547115206718445,1
0.5314558148384094,1
0.4793799817562103,1
0.3615609407424927,1
0.40101274847984314,1
0.3967810571193695,1
0.42531853914260864,1
0.4642539322376251,1
0.3265361785888672,1
0.43301302194595337,1
0.4300660789012909,1
0.30164164304733276,1
0.4489532709121704,1
0.49758654832839966,1
0.3593299090862274,1
0.4082201421260834,1
0.47044268250465393,1
0.501558780670166,1
0.45787978172302246,1
0.40525615215301514,1
0.3479292392730713,1
0.512897253036499,1
0.38079845905303955,1
0.3702341616153717,1
0.5961635708808899,1
0.360481858253479,1
0.42555174231529236,1
0.4660086929798126,1
0.5022631883621216,1
0.45241641998291016,1
0.427102655172348,1
0.442828893661499,1
0.36220255494117737,1
0.32028231024742126,1
0.46715599298477173,1
0.4288003742694855,1
0.3422505259513855,1
0.45353272557258606,1
0.5616570711135864,1
0.437080979347229,1
0.36410367488861084,1
0.2963795065879822,1
0.36425119638442993,1
0.4956677556037903,1
0.6003174185752869,1
0.5579497814178467,1
0.36256134510040283,1
0.346103310585022,1
0.39781972765922546,1
0.4869385063648224,1
0.33886945247650146,1
0.3650573492050171,1
0.43108752369880676,1
0.5340540409088135,1
0.46961748600006104,1
0.5031101107597351,1
0.41068339347839355,1
0.4233505129814148,1
0.39135828614234924,1
0.36947518587112427,1
0.4464445114135742,1
0.4623587131500244,1
0.3362278938293457,1
0.4226466417312622,1
0.435584157705307,1
0.4363412857055664,1
0.4293726980686188,1
0.5025370717048645,1
0.5480405688285828,1
0.5078158378601074,1
0.3928237557411194,1
0.4710500240325928,1
0.4150751829147339,1
0.4460028409957886,1
0.5087895393371582,1
0.4408208429813385,1
0.4863106608390808,1
0.5051537752151489,1
0.32638242840766907,1
0.5105893611907959,1
0.47894027829170227,1
0.4694674611091614,1
0.3815966844558716,1
0.42502930760383606,1
0.3210026025772095,1
0.4218299090862274,1
0.4004961848258972,1
0.42999783158302307,1
0.4394417107105255,1
0.48665258288383484,1
0.5608043670654297,1
0.42673686146736145,1
0.48700636625289917,1
0.4622856378555298,1
0.38117870688438416,1
0.5511030554771423,1
0.39063209295272827,1
0.4092676043510437,1
0.3803868293762207,1
0.5473971962928772,1
0.3485022187232971,1
0.39234068989753723,1
0.3436148464679718,1
0.4566120505332947,1
0.421978235244751,1
0.4835295081138611,1
0.4066053032875061,1
0.4018045663833618,1
0.44674456119537354,1
0.417346328496933,1
0.43106916546821594,1
0.38081619143486023,1
0.38604027032852173,1
0.3717700242996216,1
0.3786279559135437,1
0.4831078052520752,1
0.4688946604728699,1
0.446360319852829,1
0.4743322730064392,1
0.40762859582901,1
0.40527671575546265,1
0.43436160683631897,1
0.394700288772583,1
0.4149540364742279,1
0.3762381076812744,1
0.43215107917785645,1
0.47265172004699707,1
0.39567679166793823,1
0.37682580947875977,1
0.40736123919487,1
0.41671672463417053,1
0.44662731885910034,1
0.4533589780330658,1
0.45333409309387207,1
0.43766114115715027,1
0.3927273452281952,1
0.3889944553375244,1
0.41285479068756104,1
0.39635804295539856,1
0.4360639452934265,1
0.3788280785083771,1
0.393282413482666,1
0.42121854424476624,1
0.37663429975509644,1
0.4146368205547333,1
0.37143704295158386,1
0.48089760541915894,1
0.3579868674278259,1
0.30174461007118225,1
0.42186206579208374,1
0.39803844690322876,1
0.3557544946670532,1
0.3865644633769989,1
0.4443961977958679,1
0.4480774998664856,1
0.37936192750930786,1
0.42195194959640503,1
0.3339051902294159,1
0.46420156955718994,1
0.445487916469574,1
0.4050886034965515,1
0.5009329915046692,1
0.455506831407547,1
0.4300385117530823,1
0.5454734563827515,1
0.3726196587085724,1
0.34653717279434204,1
0.38774803280830383,1
0.4906163811683655,1
0.4458802342414856,1
0.5413097143173218,1
0.5109100341796875,1
0.34539365768432617,1
0.4079177975654602,1
0.460299551486969,1
0.33816784620285034,1
0.36696434020996094,1
0.3987749218940735,1
0.3115156888961792,1
0.40808945894241333,1
0.3925102651119232,1
0.38461974263191223,1
0.3695783019065857,1
0.45396119356155396,1
0.4406248927116394,1
0.38788914680480957,1
0.3692259192466736,1
0.4265294075012207,1
0.4405463933944702,1
0.4342958927154541,1
0.48680830001831055,1
0.4448091983795166,1
0.3580586016178131,1
0.37299469113349915,1
0.42990320920944214,1
0.3892647624015808,1
0.4322659373283386,1
0.531292200088501,1
0.318421334028244,1
0.38764989376068115,1
0.412818968296051,1
0.3157675862312317,1
0.5784400701522827,1
0.5737027525901794,1
0.4336966872215271,1
0.4707411229610443,1
0.5371107459068298,1
0.44044530391693115,1
0.4244208037853241,1
0.4639151096343994,1
0.4790973663330078,1
0.38129425048828125,1
0.43557101488113403,1
0.4295646548271179,1
0.46025192737579346,1
0.529426097869873,1
0.5092701315879822,1
0.34937015175819397,1
0.3755331039428711,1
0.3676643669605255,1
0.5093731880187988,1
0.3984115719795227,1
0.36061611771583557,1
0.4547177255153656,1
0.5022445917129517,1
0.3924939036369324,1
0.4603087604045868,1
0.48007023334503174,1
0.31830263137817383,1
0.4521094858646393,1
0.3190884292125702,1
0.44397103786468506,1
0.4630606770515442,1
0.4646572470664978,1
0.44126102328300476,1
0.39382728934288025,1
0.39085012674331665,1
0.4120972156524658,1
0.4694969058036804,1
0.40896910429000854,1
0.36832356452941895,1
0.4552416503429413,1
0.3993315100669861,1
0.44710201025009155,1
0.45438989996910095,1
0.4253881573677063,1
0.42416128516197205,1
0.45302480459213257,1
0.46032679080963135,1
0.4482904076576233,1
0.3745819926261902,1
0.5533307790756226,1
0.3100833594799042,1
0.3776984214782715,1
0.39525389671325684,1
0.43614161014556885,1
0.36686739325523376,1
0.5201985239982605,1
0.4254278838634491,1
0.41658297181129456,1
0.3677804470062256,1
0.368967205286026,1
0.5006654262542725,1
0.4698539674282074,1
0.40553539991378784,1
0.3467820882797241,1
0.5295760631561279,1
0.5165571570396423,1
0.42832380533218384,1
0.5131299495697021,1
0.32070186734199524,1
0.3897882103919983,1
0.3623737692832947,1
0.29885128140449524,1
0.38488784432411194,1
0.5875465869903564,1
0.3946092128753662,1
0.4731963872909546,1
0.4878802001476288,1
0.42448222637176514,1
0.4109615683555603,1
0.31661927700042725,1
0.4056214690208435,1
0.42592546343803406,1
0.5178937315940857,1
0.5267026424407959,1
0.4155052900314331,1
0.49372240900993347,1
0.45744603872299194,1
0.5075650215148926,1
0.43272918462753296,1
0.4106409549713135,1
0.28780820965766907,1
0.39567020535469055,1
0.3671492636203766,1
0.3442319631576538,1
0.4311533570289612,1
0.43000513315200806,1
0.41919705271720886,1
0.4120039641857147,1
0.5293251276016235,1
0.39037367701530457,1
0.45745378732681274,1
0.3842681050300598,1
0.40914300084114075,1
0.4060390293598175,1
0.43722906708717346,1
0.48926353454589844,1
0.3778042197227478,1
0.45570629835128784,1
0.3620769679546356,1
0.3884602189064026,1
0.37224721908569336,1
0.3669304847717285,1
0.4526185393333435,1
0.4572610855102539,1
0.2615167200565338,1
0.3560144901275635,1
0.3737586736679077,1
0.44248515367507935,1
0.4731663465499878,1
0.39327701926231384,1
0.4329115152359009,1
0.4965181350708008,1
0.44092047214508057,1
0.46270281076431274,1
0.4714144468307495,1
0.32618269324302673,1
0.41389691829681396,1
0.3396046757698059,1
0.3494226038455963,1
0.4351242184638977,1
0.4396694302558899,1
0.5183204412460327,1
0.4768390655517578,1
0.4447285234928131,1
0.5557252168655396,1
0.4154045879840851,1
0.4690175950527191,1
0.38202083110809326,1
0.5418323278427124,1
0.5456512570381165,1
0.543668270111084,1
0.494002103805542,1
0.40580716729164124,1
0.341074675321579,1
0.3424069881439209,1
0.3475404977798462,1
0.5509591102600098,1
0.4016771614551544,1
0.35150402784347534,1
0.30313318967819214,1
0.4274188280105591,1
0.42355072498321533,1
0.40591302514076233,1
0.3918913006782532,1
0.43231090903282166,1
0.35460376739501953,1
0.3766055703163147,1
0.39985391497612,1
0.46974557638168335,1
0.5184091329574585,1
0.6526819467544556,1
0.3634270429611206,1
0.41546469926834106,1
0.47840362787246704,1
0.3518551290035248,1
0.3918159008026123,1
0.384875625371933,1
0.4599689841270447,1
0.458220511674881,1
0.3688565790653229,1
0.4774368405342102,1
0.486871600151062,1
0.37855756282806396,1
0.4600834846496582,1
0.4321037530899048,1
0.4127049446105957,1
0.4541948735713959,1
0.5014211535453796,1
0.5062029957771301,1
0.42234688997268677,1
0.49134624004364014,1
0.4232012629508972,1
0.43974924087524414,1
0.5021520256996155,1
0.41695743799209595,1
0.39873623847961426,1
0.4441229999065399,1
0.37162429094314575,1
0.39716243743896484,1
0.3510526716709137,1
0.38964083790779114,1
0.4896811842918396,1
0.4505176544189453,1
0.36700329184532166,1
0.5291308164596558,1
0.49377065896987915,1
0.4724428355693817,1
0.41157031059265137,1
0.4441826343536377,1
0.47398385405540466,1
0.4825816750526428,1
0.33845847845077515,1
0.411624550819397,1
0.3695327639579773,1
0.37996020913124084,1
0.39034396409988403,1
0.4302745461463928,1
0.3350680470466614,1
0.3884112238883972,1
0.5178362131118774,1
0.48501527309417725,1
0.4571875333786011,1
0.5386245250701904,1
0.31256186962127686,1
0.3937627077102661,1
0.3702435791492462,1
0.4313000440597534,1
0.45702457427978516,1
0.42954710125923157,1
0.4274670481681824,1
0.44386380910873413,1
0.43837684392929077,1
0.40270286798477173,1
0.43502819538116455,1
0.3412977159023285,1
0.37384286522865295,1
0.2750445604324341,1
0.36064475774765015,1
0.41412800550460815,1
0.5422458648681641,1
0.41968050599098206,1
0.47845226526260376,1
0.4649103283882141,1
0.5074548125267029,1
0.385699063539505,1
0.6184584498405457,1
0.3539159297943115,1
0.3784520626068115,1
0.3930717706680298,1
0.4286516606807709,1
0.5451052188873291,1
0.5308085680007935,1
0.4302009344100952,1
0.41030609607696533,1
0.39914390444755554,1
0.3989529013633728,1
0.4199773669242859,1
0.44155293703079224,1
0.34727099537849426,1
0.48030251264572144,1
0.5025801658630371,1
0.38464540243148804,1
0.4092637002468109,1
0.5321624279022217,1
0.36421966552734375,1
0.48272526264190674,1
0.3995325565338135,1
0.44864028692245483,1
0.42182862758636475,1
0.3241702616214752,1
0.35196876525878906,1
0.3515101671218872,1
0.4407777488231659,1
0.33706384897232056,1
0.42376023530960083,1
0.33991652727127075,1
0.4275180399417877,1
0.4709140956401825,1
0.40904730558395386,1
0.3781251013278961,1
0.42308858036994934,1
0.5198365449905396,1
0.37663543224334717,1
0.4783661365509033,1
0.44599854946136475,1
0.39393070340156555,1
0.47645244002342224,1
0.32546675205230713,1
0.42569977045059204,1
0.3620956540107727,1
0.30392715334892273,1
0.48614874482154846,1
0.4696255922317505,1
0.38407477736473083,1
0.3588581383228302,1
0.37270012497901917,1
0.5199693441390991,1
0.38604211807250977,1
0.5109513998031616,1
0.4758540689945221,1
0.4721103310585022,1
0.45135700702667236,1
0.4553956091403961,1
0.5090368986129761,1
0.3858911395072937,1
0.3418106734752655,1
0.3492031693458557,1
0.44205307960510254,1
0.3849388360977173,1
0.340436190366745,1
0.30713510513305664,1
0.43782350420951843,1
0.4835490584373474,1
0.37395498156547546,1
0.5059942007064819,1
0.4407990276813507,1
0.3788355588912964,1
0.43033716082572937,1
0.4908047020435333,1
0.3847668170928955,1
0.4604097604751587,1
0.42030733823776245,1
0.3116033673286438,1
0.4085080921649933,1
0.4303293824195862,1
0.44593530893325806,1
0.4473794102668762,1
0.36550605297088623,1
0.3707055449485779,1
0.35743436217308044,1
0.42828741669654846,1
0.3712306618690491,1
0.4753924310207367,1
0.4083470404148102,1
0.36274856328964233,1
0.3977724313735962,1
0.5165339112281799,1
0.40573495626449585,1
0.3873926103115082,1
0.4448397755622864,1
0.3542230427265167,1
0.4385067820549011,1
0.35218527913093567,1
0.4583970010280609,1
0.3405730426311493,1
0.3461233675479889,1
0.38996756076812744,1
0.4521462321281433,1
0.4418349266052246,1
0.37697452306747437,1
0.36091938614845276,1
0.43440648913383484,1
0.49961572885513306,1
0.6429258584976196,1
0.4807695746421814,1
0.41429704427719116,1
0.38079309463500977,1
0.4621162414550781,1
0.38434356451034546,1
0.43777161836624146,1
0.5125163793563843,1
0.3528308868408203,1
0.43457815051078796,1
0.520775318145752,1
0.38518327474594116,1
0.49991515278816223,1
0.3537004590034485,1
0.49207761883735657,1
0.38476938009262085,1
0.3507813811302185,1
0.5255880355834961,1
0.4472806751728058,1
0.34573009610176086,1
0.3123939037322998,1
0.4545024037361145,1
0.33699169754981995,1
0.3059638738632202,1
0.46133798360824585,1
0.44088661670684814,1
0.30103906989097595,1
0.31301191449165344,1
0.3202801048755646,1
0.42914706468582153,1
0.45682355761528015,1
0.5062621831893921,1
0.4988710880279541,1
0.3830328583717346,1
0.47656524181365967,1
0.3825956881046295,1
0.44356706738471985,1
0.46463942527770996,1
0.3694874346256256,1
0.4966939091682434,1
0.43882668018341064,1
0.3419620990753174,1
0.45781010389328003,1
0.42526233196258545,1
0.29362985491752625,1
0.37219730019569397,1
0.5353336930274963,1
0.3899560272693634,1
0.4601815342903137,1
0.41029369831085205,1
0.3846701383590698,1
0.40814289450645447,1
0.5582093000411987,1
0.39789408445358276,1
0.41300201416015625,1
0.3684644103050232,1
0.3815996050834656,1
0.3972766399383545,1
0.5281663537025452,1
0.4286658763885498,1
0.35657593607902527,1
0.41780543327331543,1
0.35630345344543457,1
0.29730287194252014,1
0.37623631954193115,1
0.4100160300731659,1
0.3846643269062042,1
0.42128562927246094,1
0.33499521017074585,1
0.40213459730148315,1
0.41711872816085815,1
0.3982694447040558,1
0.46625232696533203,1
0.2818862497806549,1
0.4737251400947571,1
0.41559097170829773,1
0.4358883500099182,1
0.3998875916004181,1
0.4374457001686096,1
0.4316626489162445,1
0.36470526456832886,1
0.5345138311386108,1
0.5364024043083191,1
0.5295685529708862,1
0.5171608328819275,1
0.4771084785461426,1
0.526626706123352,1
0.39074447751045227,1
0.440128892660141,1
0.45917314291000366,1
0.27353745698928833,1
0.5331504344940186,1
0.47093459963798523,1
0.494259774684906,1
0.3142411708831787,1
0.4237516522407532,1
0.5183566212654114,1
0.40159958600997925,1
0.4375191032886505,1
0.30065739154815674,1
0.44199851155281067,1
0.48503410816192627,1
0.4434170126914978,1
0.3731945753097534,1
0.43350350856781006,1
0.4044336676597595,1
0.405897855758667,1
0.4537449777126312,1
0.37369608879089355,1
0.5456974506378174,1
0.4858236312866211,1
0.41977816820144653,1
0.4536602199077606,1
0.40252652764320374,1
0.28860098123550415,1
0.4326459467411041,1
0.42502033710479736,1
0.41961899399757385,1
0.42214441299438477,1
0.5105516910552979,1
0.48624134063720703,1
0.4578598737716675,1
0.36171767115592957,1
0.41606757044792175,1
0.46491333842277527,1
0.3433588445186615,1
0.4533024728298187,1
0.44550931453704834,1
0.39655065536499023,1
0.3844452202320099,1
0.3230929374694824,1
0.3942796587944031,1
0.45397335290908813,1
0.44139155745506287,1
0.5176700353622437,1
0.3786699175834656,1
0.5461408495903015,1
0.6113226413726807,1
0.5138331651687622,1
0.4532054364681244,1
0.4484734833240509,1
0.4455028474330902,1
0.4809117317199707,1
0.4221711754798889,1
0.3776390552520752,1
0.34900614619255066,1
0.42510339617729187,1
0.37706005573272705,1
0.3880288898944855,1
0.43383800983428955,1
0.4333092272281647,1
0.29273927211761475,1
0.4089473485946655,1
0.3483070135116577,1
0.4925266206264496,1
0.4832551181316376,1
0.4368199110031128,1
0.5795520544052124,1
0.5047268271446228,1
0.3798632323741913,1
0.37821364402770996,1
0.41371580958366394,1
0.5192030668258667,1
0.3921515941619873,1
0.46891602873802185,1
0.38273587822914124,1
0.5454909801483154,1
0.31443578004837036,1
0.4413803219795227,1
0.48785069584846497,1
0.4335196614265442,1
0.4325580298900604,1
0.32194721698760986,1
0.36440372467041016,1
0.44264736771583557,1
0.474229097366333,1
0.44160327315330505,1
0.37239527702331543,1
0.47172272205352783,1
0.47650280594825745,1
0.522768497467041,1
0.39666736125946045,1
0.47913962602615356,1
0.39383450150489807,1
0.3811808228492737,1
0.3541436195373535,1
0.44299954175949097,1
0.39860308170318604,1
0.43039095401763916,1
0.45379137992858887,1
0.5517112016677856,1
0.41993194818496704,1
0.35505008697509766,1
0.39901670813560486,1
0.5487872362136841,1
0.30849531292915344,1
0.4590025842189789,1
0.41342607140541077,1
0.4400074779987335,1
0.3763689398765564,1
0.4545696973800659,1
0.41783949732780457,1
0.4083916246891022,1
0.43027108907699585,1
0.39267539978027344,1
0.4645824134349823,1
0.3808140754699707,1
0.429007887840271,1
0.36199751496315,1
0.4381943345069885,1
0.46306169033050537,1
0.4120151400566101,1
0.4718160331249237,1
0.39147788286209106,1
0.5071630477905273,1
0.4587559103965759,1
0.34033143520355225,1
0.4481877386569977,1
0.3824878931045532,1
0.45146068930625916,1
0.37759143114089966,1
0.37457579374313354,1
0.48173242807388306,1
0.35499441623687744,1
0.4680870473384857,1
0.5541254281997681,1
0.4237346053123474,1
0.4874735474586487,1
0.4190419316291809,1
0.43035322427749634,1
0.3469480276107788,1
0.5202789306640625,1
0.4382885694503784,1
0.409709632396698,1
0.4121688902378082,1
0.37209174036979675,1
0.5026684999465942,1
0.3755316138267517,1
0.3506069481372833,1
0.4209359586238861,1
0.5500172972679138,1
0.3863658010959625,1
0.4191805124282837,1
0.4748882055282593,1
0.3849325478076935,1
0.4695082902908325,1
0.5290433168411255,1
0.39159515500068665,1
0.3793734908103943,1
0.4878968596458435,1
0.3660144805908203,1
0.47294551134109497,1
0.40562447905540466,1
0.48489415645599365,1
0.46180224418640137,1
0.42488783597946167,1
0.46252232789993286,1
0.48132607340812683,1
0.42020514607429504,1
0.3701578378677368,1
0.47681641578674316,1
0.4352450966835022,1
0.4516747295856476,1
0.40093526244163513,1
0.4362979531288147,1
0.3738042712211609,1
0.39744940400123596,1
0.3947933316230774,1
0.4570910334587097,1
0.48664426803588867,1
0.4394114017486572,1
0.5239678621292114,1
0.34125033020973206,1
0.42631012201309204,1
0.3637717366218567,1
0.4141744375228882,1
0.3944926857948303,1
0.4409817159175873,1
0.3895489573478699,1
0.49492931365966797,1
0.36921927332878113,1
0.4750036597251892,1
0.42183560132980347,1
0.40322932600975037,1
0.48910701274871826,1
0.333908349275589,1
0.4189565181732178,1
0.48024705052375793,1
0.3113088309764862,1
0.45401570200920105,1
0.3542443811893463,1
0.422721803188324,1
0.3594633936882019,1
0.32090938091278076,1
0.436736136674881,1
0.44389820098876953,1
0.460460364818573,1
0.37212055921554565,1
0.4824035167694092,1
0.4388172924518585,1
0.4070439636707306,1
0.45724695920944214,1
0.3946719169616699,1
0.40265679359436035,1
0.5953690409660339,1
0.5297930240631104,1
0.3878495693206787,1
0.44548046588897705,1
0.44810229539871216,1
0.33463719487190247,1
0.340756893157959,1
0.4218573272228241,1
0.40058058500289917,1
0.4911510944366455,1
0.47616124153137207,1
0.485821008682251,1
0.3867267966270447,1
0.43090158700942993,1
0.3538684844970703,1
0.324738085269928,1
0.44503024220466614,1
0.38752713799476624,1
0.4387168288230896,1
0.33766070008277893,1
0.4390193521976471,1
0.3984043598175049,1
0.394960880279541,1
0.4006577134132385,1
0.5219902992248535,1
0.5024564266204834,1
0.5404906272888184,1
0.39273640513420105,1
0.3867053985595703,1
0.640465497970581,1
0.4244784116744995,1
0.3954315781593323,1
0.3071790337562561,1
0.34058016538619995,1
0.3463045656681061,1
0.7493945360183716,1
0.5331202149391174,1
0.3579857349395752,1
0.45248448848724365,1
0.5015968680381775,1
0.4018127918243408,1
0.4270189106464386,1
0.43277204036712646,1
0.383749783039093,1
0.39761143922805786,1
0.47786715626716614,1
0.4366314709186554,1
0.46290504932403564,1
0.37991851568222046,1
0.4545387327671051,1
0.44060367345809937,1
0.4369931221008301,1
0.38183480501174927,1
0.40514153242111206,1
0.4428064227104187,1
0.3825331926345825,1
0.4475547671318054,1
0.49943143129348755,1
0.4399312734603882,1
0.40881142020225525,1
0.43805673718452454,1
0.4223056733608246,1
0.4659472703933716,1
0.5071222186088562,1
0.4756157696247101,1
0.42874258756637573,1
0.46519455313682556,1
0.4295724630355835,1
0.5930343866348267,1
0.3887357711791992,1
0.43692874908447266,1
0.38297560811042786,1
0.3919941782951355,1
0.526376485824585,1
0.3939345180988312,1
0.45995426177978516,1
0.39207762479782104,1
0.3145456314086914,1
0.4117400050163269,1
0.49991631507873535,1
0.3791193962097168,1
0.43344107270240784,1
0.4590831398963928,1
0.3150385022163391,1
0.44006043672561646,1
0.41530588269233704,1
0.46523627638816833,1
0.3174746334552765,1
0.40683531761169434,1
0.4243209958076477,1
0.49230968952178955,1
0.31785452365875244,1
0.3712425231933594,1
0.5139646530151367,1
0.3564191460609436,1
0.2951727509498596,1
0.3952639102935791,1
0.5125564932823181,1
0.49967899918556213,1
0.3930860459804535,1
0.3879363536834717,1
0.421622097492218,1
0.4075206220149994,1
0.36147817969322205,1
0.4412364363670349,1
0.3974440395832062,1
0.3137243986129761,1
0.3523659110069275,1
0.5023026466369629,1
0.35926157236099243,1
0.3802063763141632,1
0.3502599596977234,1
0.43998539447784424,1
0.33564090728759766,1
0.4589865207672119,1
0.45572879910469055,1
0.4665147364139557,1
0.3715015649795532,1
0.4804043769836426,1
0.42699819803237915,1
0.4487011432647705,1
0.4000036120414734,1
0.4630463123321533,1
0.35795748233795166,1
0.5128986835479736,1
0.4864434599876404,1
0.42418432235717773,1
0.4559827744960785,1
0.4544111490249634,1
0.28064996004104614,1
0.47562065720558167,1
0.38773125410079956,1
0.277446985244751,1
0.44530510902404785,1
0.4148489832878113,1
0.35132303833961487,1
0.4727628529071808,1
0.4575842618942261,1
0.5401993989944458,1
0.4230584502220154,1
0.34261012077331543,1
0.3909444212913513,1
0.36547982692718506,1
0.5231342315673828,1
0.49208465218544006,1
0.2894347906112671,1
0.42159488797187805,1
0.4482496976852417,1
0.3970113694667816,1
0.41390249133110046,1
0.4127638638019562,1
0.3956581950187683,1
0.492245078086853,1
0.38608428835868835,1
0.46944335103034973,1
0.4765017628669739,1
0.4501662254333496,1
0.41365355253219604,1
0.3274271488189697,1
0.4575066566467285,1
0.4057576060295105,1
0.34947526454925537,1
0.5031009912490845,1
0.5316771268844604,1
0.40363064408302307,1
0.45166802406311035,1
0.4387923777103424,1
0.40974903106689453,1
0.38442420959472656,1
0.3500143885612488,1
0.4224779009819031,1
0.4429778456687927,1
0.4559289216995239,1
0.4811226725578308,1
0.46393343806266785,1
0.4611445665359497,1
0.34635302424430847,1
0.4251176416873932,1
0.37952011823654175,1
0.4331471621990204,1
0.444726824760437,1
0.4629809260368347,1
0.4678783416748047,1
0.4589904248714447,1
0.2720317840576172,1
0.4719257354736328,1
0.3670157790184021,1
0.46914541721343994,1
0.46623820066452026,1
0.3811658024787903,1
0.45374658703804016,1
0.3938285708427429,1
0.48526424169540405,1
0.48573195934295654,1
0.46769434213638306,1
0.34311917424201965,1
0.6054655313491821,1
0.42043739557266235,1
0.5543459057807922,1
0.4202308654785156,1
0.52747642993927,1
0.5408401489257813,1
0.39397555589675903,1
0.38031789660453796,1
0.4551617503166199,1
0.4276222586631775,1
0.4667411148548126,1
0.4109629690647125,1
0.3626147508621216,1
0.5621742606163025,1
0.4386703073978424,1
0.60507732629776,1
0.4459387958049774,1
0.4291325807571411,1
0.4983922243118286,1
0.39768075942993164,1
0.27621954679489136,1
0.616297721862793,1
0.4418511986732483,1
0.3737044632434845,1
0.4001457989215851,1
0.3741607964038849,1
0.44966810941696167,1
0.3196650445461273,1
0.4945208430290222,1
0.3935117721557617,1
0.4754553437232971,1
0.46745565533638,1
0.5974363684654236,1
0.4153826832771301,1
0.33794623613357544,1
0.48335880041122437,1
0.45309460163116455,1
0.27156496047973633,1
0.3680627644062042,1
0.30591511726379395,1
0.434942364692688,1
0.6433917284011841,1
0.5680100917816162,1
0.3707927465438843,1
0.4053441882133484,1
0.5021375417709351,1
0.47413110733032227,1
0.4485000967979431,1
0.4848272502422333,1
0.4258686900138855,1
0.4364992082118988,1
0.39200809597969055,1
0.3613198399543762,1
0.38305723667144775,1
0.4236268401145935,1
0.3656500577926636,1
0.4514978528022766,1
0.39559847116470337,1
0.45569419860839844,1
0.4199870824813843,1
0.35309022665023804,1
0.587502121925354,1
0.43315961956977844,1
0.400235116481781,1
0.48970070481300354,1
0.47335684299468994,1
0.44989582896232605,1
0.3357428014278412,1
0.307849258184433,1
0.43524327874183655,1
0.38569340109825134,1
0.340591698884964,1
0.36812686920166016,1
0.4095779359340668,1
0.35558634996414185,1
0.42116597294807434,1
0.39518606662750244,1
0.4513566792011261,1
0.3452887237071991,1
0.4594863951206207,1
0.3179019093513489,1
0.4431402087211609,1
0.39198774099349976,1
0.3530779778957367,1
0.39232033491134644,1
0.44888535141944885,1
0.4068659245967865,1
0.5435441732406616,1
0.42731988430023193,1
0.4270686209201813,1
0.37877678871154785,1
0.45531362295150757,1
0.46236148476600647,1
0.4404107332229614,1
0.6334056854248047,1
0.49419358372688293,1
0.3519068658351898,1
0.5465480089187622,1
0.40056276321411133,1
0.4627629518508911,1
0.4174397587776184,1
0.4292720556259155,1
0.40702515840530396,1
0.35960644483566284,1
0.40897658467292786,1
0.4405331015586853,1
0.4379008412361145,1
0.3679266571998596,1
0.3833790421485901,1
0.32381922006607056,1
0.34354904294013977,1
0.4299284815788269,1
0.4508454203605652,1
0.4154033362865448,1
0.4365106225013733,1
0.3661451041698456,1
0.4608374238014221,1
0.4396100640296936,1
0.5603244304656982,1
0.5241243243217468,1
0.36572402715682983,1
0.3234759569168091,1
0.4117022156715393,1
0.45089688897132874,1
0.4496684670448303,1
0.36054709553718567,1
0.4933885335922241,1
0.4555005431175232,1
0.5023953914642334,1
0.4161682426929474,1
0.44921255111694336,1
0.3431619107723236,1
0.4602624773979187,1
0.36147719621658325,1
0.39705413579940796,1
0.4491730034351349,1
0.44387006759643555,1
0.3966212570667267,1
0.4548296332359314,1
0.3729497492313385,1
0.4314625859260559,1
0.41561660170555115,1
0.4296334981918335,1
0.38753217458724976,1
0.4708425998687744,1
0.40514689683914185,1
0.39855313301086426,1
0.40508735179901123,1
0.39006307721138,1
0.5342631340026855,1
0.5194283723831177,1
0.36827635765075684,1
0.48419705033302307,1
0.42587777972221375,1
0.42695483565330505,1
0.37409311532974243,1
0.49595221877098083,1
0.49260154366493225,1
0.36642464995384216,1
0.47919613122940063,1
0.39079251885414124,1
0.33809518814086914,1
0.557671070098877,1
0.4083893597126007,1
0.3952822685241699,1
0.45281416177749634,1
0.5393955707550049,1
0.5146903395652771,1
0.5069631338119507,1
0.4447390139102936,1
0.38832956552505493,1
0.4889281392097473,1
0.39995378255844116,1
0.36872416734695435,1
0.4847385585308075,1
0.5386559367179871,1
0.5435446500778198,1
0.3798263370990753,1
0.4745849072933197,1
0.4221208095550537,1
0.40306633710861206,1
0.4047923684120178,1
0.4189099371433258,1
0.35469698905944824,1
0.5310196876525879,1
0.3574875593185425,1
0.3497512936592102,1
0.3461803197860718,1
0.39946573972702026,1
0.4884469509124756,1
0.4277103841304779,1
0.42790472507476807,1
0.40972742438316345,1
0.4498588442802429,1
0.4515720009803772,1
0.4450061619281769,1
0.3912578523159027,1
0.35510116815567017,1
0.41482821106910706,1
0.4190135598182678,1
0.35601070523262024,1
0.42201077938079834,1
0.3833833634853363,1
0.4082804024219513,1
0.3868216872215271,1
0.43857210874557495,1
0.48292073607444763,1
0.420479953289032,1
0.3981544077396393,1
0.5196317434310913,1
0.38153091073036194,1
0.39206662774086,1
0.5193555355072021,1
0.4307372570037842,1
0.527851939201355,1
0.32579636573791504,1
0.41095221042633057,1
0.3828946352005005,1
0.44059789180755615,1
0.3792800307273865,1
0.3696090579032898,1
0.42700180411338806,1
0.4076237082481384,1
0.3796931505203247,1
0.4942963719367981,1
0.40006840229034424,1
0.3576638400554657,1
0.43872499465942383,1
0.48690325021743774,1
0.42430830001831055,1
0.41147810220718384,1
0.46867769956588745,1
0.2927003502845764,1
0.442577064037323,1
0.38055282831192017,1
0.43329739570617676,1
0.42596274614334106,1
0.38958740234375,1
0.4537946581840515,1
0.3800380527973175,1
0.5498456358909607,1
0.510796070098877,1
0.31024810671806335,1
0.3644425570964813,1
0.3019255995750427,1
0.5401421785354614,1
0.494945228099823,1
0.528827428817749,1
0.433806836605072,1
0.4229596257209778,1
0.4849260449409485,1
0.49677354097366333,1
0.43106740713119507,1
0.4639992415904999,1
0.42272377014160156,1
0.4259220063686371,1
0.38553908467292786,1
0.41836774349212646,1
0.5153712034225464,1
0.44816508889198303,1
0.43818607926368713,1
0.34797829389572144,1
0.47083985805511475,1
0.3378506600856781,1
0.5076615214347839,1
0.44284793734550476,1
0.4058580994606018,1
0.5037285089492798,1
0.37741416692733765,1
0.5250051021575928,1
0.39160168170928955,1
0.49323153495788574,1
0.43603360652923584,1
0.43231627345085144,1
0.4083728492259979,1
0.40788185596466064,1
0.5672702193260193,1
0.37572020292282104,1
0.4007764160633087,1
0.5693750381469727,1
0.3930181860923767,1
0.47647422552108765,1
0.44777509570121765,1
0.5594193935394287,1
0.3973327875137329,1
0.46312758326530457,1
0.41868090629577637,1
0.3630891442298889,1
0.46036821603775024,1
0.45212820172309875,1
0.3785141110420227,1
0.2974972128868103,1
0.5297070145606995,1
0.5696330666542053,1
0.37798139452934265,1
0.427120566368103,1
0.36195215582847595,1
0.2918018400669098,1
0.35470885038375854,1
0.5062791109085083,1
0.5804977416992188,1
0.4241114854812622,1
0.5348901152610779,1
0.5527799725532532,1
0.4204910397529602,1
0.4235892593860626,1
0.517651379108429,1
0.5082534551620483,1
0.4486652910709381,1
0.4303261935710907,1
0.3607040047645569,1
0.3352088928222656,1
0.5823125839233398,1
0.3353855013847351,1
0.41668272018432617,1
0.4937307834625244,1
0.506044328212738,1
0.534407913684845,1
0.3337177336215973,1
0.4512181878089905,1
0.366418719291687,1
0.5017184019088745,1
0.3405669927597046,1
0.3688647449016571,1
0.3659204840660095,1
0.46229055523872375,1
0.40101978182792664,1
0.3723917603492737,1
0.4621843099594116,1
0.48162075877189636,1
0.348832368850708,1
0.5693442225456238,1
0.4364011287689209,1
0.40112701058387756,1
0.5272817611694336,1
0.42645934224128723,1
0.4631037414073944,1
0.41019847989082336,1
0.43922561407089233,1
0.4540712833404541,1
0.4639028012752533,1
0.29425856471061707,1
0.35757434368133545,1
0.5397544503211975,1
0.40839654207229614,1
0.4212566018104553,1
0.432746946811676,1
0.4302133321762085,1
0.40977686643600464,1
0.39551979303359985,1
0.43837034702301025,1
0.4255848228931427,1
0.39086800813674927,1
0.4134189486503601,1
0.4666596055030823,1
0.4494880139827728,1
0.4368913173675537,1
0.452145516872406,1
0.4651471972465515,1
0.39843809604644775,1
0.5642957091331482,1
0.35923323035240173,1
0.3393571078777313,1
0.48248425126075745,1
0.5035602450370789,1
0.41689878702163696,1
0.37262019515037537,1
0.40327000617980957,1
0.42398834228515625,1
0.4226202368736267,1
0.4336153268814087,1
0.3697001338005066,1
0.4124848246574402,1
0.40410879254341125,1
0.46126872301101685,1
0.45082175731658936,1
0.4506879150867462,1
0.5470927953720093,1
0.4289860129356384,1
0.42097094655036926,1
0.4774172604084015,1
0.4680129885673523,1
0.4637218117713928,1
0.4081472158432007,1
0.5052193403244019,1
0.5743751525878906,1
0.675626814365387,1
0.5135473012924194,1
0.47295671701431274,1
0.38548097014427185,1
0.38036903738975525,1
0.59479159116745,1
0.36620646715164185,1
0.42363137006759644,1
0.40080520510673523,1
0.4101777970790863,1
0.42000001668930054,1
0.3882778286933899,1
0.3904280364513397,1
0.47327515482902527,1
0.5105345845222473,1
0.3846158981323242,1
0.4632163643836975,1
0.35319483280181885,1
0.3694499135017395,1
0.37415367364883423,1
0.469892680644989,1
0.42113298177719116,1
0.4671190679073334,1
0.3837563693523407,1
0.4190390706062317,1
0.4213813543319702,1
0.5478732585906982,1
0.44889533519744873,1
0.4261297583580017,1
0.3998105823993683,1
0.3923053741455078,1
0.34190160036087036,1
0.43233853578567505,1
0.40972721576690674,1
0.41143447160720825,1
0.39387989044189453,1
0.4960813522338867,1
0.4120381474494934,1
0.416882187128067,1
0.4515179991722107,1
0.44113069772720337,1
0.449485182762146,1
0.4191957414150238,1
0.3434053659439087,1
0.3590266704559326,1
0.42905405163764954,1
0.4191000163555145,1
0.42247274518013,1
0.39047926664352417,1
0.4360806345939636,1
0.4415076971054077,1
0.4191291332244873,1
0.46884685754776,1
0.44136083126068115,1
0.4632684588432312,1
0.33516597747802734,1
0.6928228735923767,1
0.4063171148300171,1
0.38522860407829285,1
0.49866434931755066,1
0.5719858407974243,1
0.39840394258499146,1
0.30875930190086365,1
0.368195116519928,1
0.3540010452270508,1
0.5850667953491211,1
0.37482643127441406,1
0.47316867113113403,1
0.46265533566474915,1
0.40346062183380127,1
0.3895515203475952,1
0.3646424412727356,1
0.3503298759460449,1
0.5188850164413452,1
0.47813111543655396,1
0.5051718354225159,1
0.4071214497089386,1
0.3575015664100647,1
0.35635489225387573,1
0.3777066469192505,1
0.5993503928184509,1
0.46568238735198975,1
0.4051510691642761,1
0.4199565649032593,1
0.3002733588218689,1
0.49135908484458923,1
0.45411139726638794,1
0.2893930971622467,1
0.38032498955726624,1
0.387043297290802,1
0.37047460675239563,1
0.3838160037994385,1
0.48278069496154785,1
0.3748132586479187,1
0.4112934470176697,1
0.463645339012146,1
0.37687772512435913,1
0.42626428604125977,1
0.38843008875846863,1
0.4543241858482361,1
0.36995166540145874,1
0.4572197198867798,1
0.35947632789611816,1
0.40889251232147217,1
0.40783047676086426,1
0.44879966974258423,1
0.40187108516693115,1
0.6382808685302734,1
0.30975261330604553,1
0.3630080819129944,1
0.37516117095947266,1
0.5243800282478333,1
0.4141462445259094,1
0.39664632081985474,1
0.3861108124256134,1
0.45956215262413025,1
0.548475980758667,1
0.5744954347610474,1
0.4925121068954468,1
0.4783017039299011,1
0.4590250253677368,1
0.45475828647613525,1
0.38027405738830566,1
0.32153820991516113,1
0.40020978450775146,1
0.3831286132335663,1
0.38738974928855896,1
0.6226872801780701,1
0.45452505350112915,1
0.47516894340515137,1
0.41767555475234985,1
0.3878304064273834,1
0.5217528343200684,1
0.389687180519104,1
0.4387865662574768,1
0.5429577827453613,1
0.45297345519065857,1
0.482118159532547,1
0.45393356680870056,1
0.4688601791858673,1
0.323309063911438,1
0.37879857420921326,1
0.33638566732406616,1
0.42210155725479126,1
0.47127363085746765,1
0.4517744481563568,1
0.3939927816390991,1
0.3884776532649994,1
0.5245084762573242,1
0.3926391005516052,1
0.36097049713134766,1
0.3664299249649048,1
0.5083871483802795,1
0.3087579309940338,1
0.4309259057044983,1
0.48211920261383057,1
0.4454074501991272,1
0.397186815738678,1
0.4455074369907379,1
0.4393642544746399,1
0.34990358352661133,1
0.4147142469882965,1
0.5465220808982849,1
0.4531693458557129,1
0.490480899810791,1
0.39624857902526855,1
0.4630487561225891,1
0.3938997983932495,1
0.3693772554397583,1
0.3964795470237732,1
0.5028949975967407,1
0.4131687879562378,1
0.5008426904678345,1
0.5153849124908447,1
0.35257184505462646,1
0.4033350348472595,1
0.6251659393310547,1
0.5378244519233704,1
0.40153375267982483,1
0.397438645362854,1
0.4479224681854248,1
0.48754578828811646,1
0.3635578155517578,1
0.31961047649383545,1
0.39936161041259766,1
0.46896475553512573,1
0.5946046113967896,1
0.5077056288719177,1
0.4903251528739929,1
0.4300834536552429,1
0.4807608127593994,1
0.3635099232196808,1
0.4382079839706421,1
0.4068155884742737,1
0.43168753385543823,1
0.5149664878845215,1
0.40676209330558777,1
0.447306752204895,1
0.38713669776916504,1
0.34801483154296875,1
0.40486958622932434,1
0.4271210730075836,1
0.36467504501342773,1
0.41545042395591736,1
0.47705212235450745,1
0.402598112821579,1
0.37402838468551636,1
0.38150134682655334,1
0.4995433986186981,1
0.46708402037620544,1
0.45007070899009705,1
0.5088950991630554,1
0.427333801984787,1
0.5006651878356934,1
0.4017370045185089,1
0.4535074234008789,1
0.34164977073669434,1
0.4778895974159241,1
0.50901859998703,1
0.41271236538887024,1
0.3660680055618286,1
0.37046486139297485,1
0.5311674475669861,1
0.48944365978240967,1
0.3929721415042877,1
0.4417933225631714,1
0.292558878660202,1
0.4516381323337555,1
0.4791191518306732,1
0.39505934715270996,1
0.42100989818573,1
0.5044475197792053,1
0.45592477917671204,1
0.39012497663497925,1
0.4251250624656677,1
0.40690553188323975,1
0.3462289571762085,1
0.5028235912322998,1
0.4339364767074585,1
0.48351043462753296,1
0.5156389474868774,1
0.5356936454772949,1
0.3101648688316345,1
0.4842202365398407,1
0.42575758695602417,1
0.27722570300102234,1
0.480508029460907,1
0.485321044921875,1
0.40619540214538574,1
0.46123266220092773,1
0.39975666999816895,1
0.44118714332580566,1
0.43756741285324097,1
0.34232035279273987,1
0.3952920436859131,1
0.5328763127326965,1
0.4238477945327759,1
0.48489832878112793,1
0.43877682089805603,1
0.38673731684684753,1
0.5027385354042053,1
0.4415748119354248,1
0.5073870420455933,1
0.46439364552497864,1
0.40540164709091187,1
0.37630003690719604,1
0.4169216752052307,1
0.3758004903793335,1
0.4289452135562897,1
0.4791203737258911,1
0.35196584463119507,1
0.4427011013031006,1
0.42916691303253174,1
0.5095415711402893,1
0.41890454292297363,1
0.38579586148262024,1
0.3906386196613312,1
0.4682847261428833,1
0.3827875256538391,1
0.3928513526916504,1
0.6042602062225342,1
0.3852137625217438,1
0.42266127467155457,1
0.35665565729141235,1
0.37100905179977417,1
0.4199668765068054,1
0.3548682630062103,1
0.3654126226902008,1
0.5299026370048523,1
0.480023592710495,1
0.410431832075119,1
0.49864381551742554,1
0.42752113938331604,1
0.4149075746536255,1
0.3702782690525055,1
0.5148170590400696,1
0.42027145624160767,1
0.6026430726051331,1
0.3310388922691345,1
0.41223257780075073,1
0.4043133854866028,1
0.3838704824447632,1
0.4956715703010559,1
0.5194505453109741,1
0.3931988477706909,1
0.43080249428749084,1
0.3588026165962219,1
0.42805713415145874,1
0.49895185232162476,1
0.42542052268981934,1
0.41455745697021484,1
0.42878082394599915,1
0.432147741317749,1
0.34650281071662903,1
0.39641040563583374,1
0.42245227098464966,1
0.4892270267009735,1
0.42798012495040894,1
0.38314560055732727,1
0.4390733540058136,1
0.3768512010574341,1
0.4120106101036072,1
0.5577428340911865,1
0.4999352693557739,1
0.39321184158325195,1
0.41813910007476807,1
0.43199050426483154,1
0.4135550856590271,1
0.43139249086380005,1
0.42683783173561096,1
0.3879473805427551,1
0.45516079664230347,1
0.5375298857688904,1
0.47346609830856323,1
0.49336203932762146,1
0.39736056327819824,1
0.5121391415596008,1
0.45434725284576416,1
0.486369788646698,1
0.4107491075992584,1
0.44751688838005066,1
0.4703890383243561,1
0.4211019277572632,1
0.45576387643814087,1
0.3713937997817993,1
0.4368675947189331,1
0.4911946654319763,1
0.3177066147327423,1
0.4599401354789734,1
0.45638689398765564,1
0.3488869071006775,1
0.34990525245666504,1
0.4074447453022003,1
0.3714570105075836,1
0.3111209273338318,1
0.42140501737594604,1
0.38676437735557556,1
0.4259401559829712,1
0.5530491471290588,1
0.44059258699417114,1
0.37743788957595825,1
0.3798488676548004,1
0.5390682220458984,1
0.3528909981250763,1
0.4325156509876251,1
0.3596027195453644,1
0.47962117195129395,1
0.40508130192756653,1
0.4844824969768524,1
0.35782212018966675,1
0.370440274477005,1
0.5361509323120117,1
0.4276701807975769,1
0.4955536723136902,1
0.44579029083251953,1
0.4000115394592285,1
0.3787490725517273,1
0.3740984797477722,1
0.573712944984436,1
0.44187280535697937,1
0.5349559783935547,1
0.519906759262085,1
0.4006879925727844,1
0.39570119976997375,1
0.4583284854888916,1
0.4384429454803467,1
0.41798779368400574,1
0.542742133140564,1
0.42173781991004944,1
0.5174541473388672,1
0.3246021866798401,1
0.3797917664051056,1
0.4387555718421936,1
0.4109880328178406,1
0.5057974457740784,1
0.2618623971939087,1
0.5235621929168701,1
0.42927730083465576,1
0.49075591564178467,1
0.4527565538883209,1
0.3660040497779846,1
0.41306599974632263,1
0.46052324771881104,1
0.4086504578590393,1
0.3522052764892578,1
0.465168833732605,1
0.35955309867858887,1
0.36052075028419495,1
0.46370697021484375,1
0.3326188921928406,1
0.38279247283935547,1
0.4128788113594055,1
0.4191376566886902,1
0.366669237613678,1
0.35007795691490173,1
0.41827303171157837,1
0.4982931613922119,1
0.3763742744922638,1
0.4698997139930725,1
0.4710351228713989,1
0.44081857800483704,1
0.3706287145614624,1
0.39906519651412964,1
0.4448062479496002,1
0.4336676001548767,1
0.32528525590896606,1
0.4592043161392212,1
0.4932628273963928,1
0.39185428619384766,1
0.3672037124633789,1
0.38688287138938904,1
0.4182601571083069,1
0.3704942464828491,1
0.5009403228759766,1
0.406843900680542,1
0.4818808436393738,1
0.4703223705291748,1
0.4047110378742218,1
0.6055333614349365,1
0.3613567352294922,1
0.424564003944397,1
0.40079355239868164,1
0.42671430110931396,1
0.5881977081298828,1
0.49423807859420776,1
0.4307873547077179,1
0.36669695377349854,1
0.397544801235199,1
0.48577451705932617,1
0.5569751262664795,1
0.39909785985946655,1
0.4818603992462158,1
0.4582371115684509,1
0.37174543738365173,1
0.4293507933616638,1
0.33659565448760986,1
0.44686102867126465,1
0.483545184135437,1
0.4829142987728119,1
0.5507838129997253,1
0.40650323033332825,1
0.4243498146533966,1
0.4227275848388672,1
0.39268264174461365,1
0.4169282913208008,1
0.45052626729011536,1
0.4060414135456085,1
0.4261724650859833,1
0.4404716193675995,1
0.40246090292930603,1
0.5642236471176147,1
0.43110811710357666,1
0.38732367753982544,1
0.44573354721069336,1
0.39655208587646484,1
0.43967798352241516,1
0.4889829754829407,1
0.38235166668891907,1
0.4733337163925171,1
0.45664429664611816,1
0.4837089776992798,1
0.3105679750442505,1
0.36552250385284424,1
0.5131851434707642,1
0.4914955794811249,1
0.41400080919265747,1
0.3847241699695587,1
0.4153306782245636,1
0.34426233172416687,1
0.5249636173248291,1
0.4019912779331207,1
0.3830941319465637,1
0.4623962342739105,1
0.3959392011165619,1
0.38386809825897217,1
0.4149583876132965,1
0.44413191080093384,1
0.46456682682037354,1
0.4323159158229828,1
0.5175724029541016,1
0.33926743268966675,1
0.45451945066452026,1
0.38732486963272095,1
0.41974517703056335,1
0.518244743347168,1
0.35525429248809814,1
0.5089855194091797,1
0.542797327041626,1
0.3708631098270416,1
0.42954349517822266,1
0.39839476346969604,1
0.3953043520450592,1
0.4244312644004822,1
0.38683801889419556,1
0.40018218755722046,1
0.46720796823501587,1
0.510642945766449,1
0.38278108835220337,1
0.6601988077163696,1
0.45509088039398193,1
0.38604193925857544,1
0.45052865147590637,1
0.32009369134902954,1
0.49161839485168457,1
0.4634425938129425,1
0.4698774218559265,1
0.5284005999565125,1
0.4727025032043457,1
0.28886646032333374,1
0.5098623633384705,1
0.40328526496887207,1
0.3572987914085388,1
0.4472007155418396,1
0.38235798478126526,1
0.4565684199333191,1
0.3236042261123657,1
0.3643418550491333,1
0.3710586428642273,1
0.44610121846199036,1
0.3753620982170105,1
0.4843636453151703,1
0.37235963344573975,1
0.5767342448234558,1
0.4215661883354187,1
0.4577023983001709,1
0.41466647386550903,1
0.4064810574054718,1
0.3838154077529907,1
0.4993363618850708,1
0.4240555763244629,1
0.4271974563598633,1
0.3936617076396942,1
0.43780088424682617,1
0.3869152069091797,1
0.530199408531189,1
0.33485570549964905,1
0.5841480493545532,1
0.48758941888809204,1
0.5366108417510986,1
0.41067269444465637,1
0.4579249322414398,1
0.3784463703632355,1
0.3646756410598755,1
0.4838637113571167,1
0.417783260345459,1
0.4726082682609558,1
0.39167320728302,1
0.4058172106742859,1
0.407220721244812,1
0.4215637445449829,1
0.43631792068481445,1
0.5636788606643677,1
0.2782684564590454,1
0.3602049946784973,1
0.39892810583114624,1
0.5265034437179565,1
0.41182446479797363,1
0.47128307819366455,1
0.3837120831012726,1
0.39496368169784546,1
0.49935784935951233,1
0.3714462220668793,1
0.3321845531463623,1
0.5142489075660706,1
0.3861466944217682,1
0.4856534004211426,1
0.4628448784351349,1
0.4197697639465332,1
0.363855242729187,1
0.6335490345954895,1
0.4451214075088501,1
0.44047480821609497,1
0.4574906527996063,1
0.38513824343681335,1
0.40765541791915894,1
0.49376949667930603,1
0.4230666160583496,1
0.4376407563686371,1
0.4059183895587921,1
0.5713837742805481,1
0.38729938864707947,1
0.3956950604915619,1
0.35208219289779663,1
0.47482243180274963,1
0.4547329843044281,1
0.4172060489654541,1
0.39171141386032104,1
0.3963339924812317,1
0.40823739767074585,1
0.4293256998062134,1
0.3757251799106598,1
0.40374621748924255,1
0.43495774269104004,1
0.3706006407737732,1
0.31216132640838623,1
0.3712367117404938,1
0.36324363946914673,1
0.42406341433525085,1
0.3325576186180115,1
0.41162756085395813,1
0.3520328402519226,1
0.401048481464386,1
0.4735734462738037,1
0.33511701226234436,1
0.41416165232658386,1
0.4746261239051819,1
0.3980881869792938,1
0.3685660660266876,1
0.4792894423007965,1
0.36237138509750366,1
0.37076428532600403,1
0.5906565189361572,1
0.3762052059173584,1
0.46926701068878174,1
0.5110114812850952,1
0.44403234124183655,1
0.41126585006713867,1
0.46500709652900696,1
0.44313180446624756,1
0.5482035875320435,1
0.4126739799976349,1
0.438495010137558,1
0.31173738837242126,1
0.5072431564331055,1
0.3965105414390564,1
0.506852924823761,1
0.34358543157577515,1
0.39982306957244873,1
0.4800102710723877,1
0.4258820116519928,1
0.5156164169311523,1
0.3694005012512207,1
0.5282626152038574,1
0.42050743103027344,1
0.4819764494895935,1
0.4026772081851959,1
0.345733106136322,1
0.48690474033355713,1
0.3890063762664795,1
0.4401199221611023,1
0.46444520354270935,1
0.3571949005126953,1
0.32472679018974304,1
0.40157055854797363,1
0.42561787366867065,1
0.544657826423645,1
0.4274632930755615,1
0.4350631833076477,1
0.3406994044780731,1
0.3539449870586395,1
0.43651196360588074,1
0.5222563743591309,1
0.5413379669189453,1
0.4577035903930664,1
0.3843556046485901,1
0.3576242923736572,1
0.34536412358283997,1
0.4366905689239502,1
0.495269238948822,1
0.34458062052726746,1
0.42649045586586,1
0.4375728964805603,1
0.4181009531021118,1
0.5035539865493774,1
0.34946125745773315,1
0.33162394165992737,1
0.43343019485473633,1
0.5159926414489746,1
0.40532568097114563,1
0.4961927533149719,1
0.41566139459609985,1
0.3694136142730713,1
0.4078882038593292,1
0.45517873764038086,1
0.5102153420448303,1
0.5195164680480957,1
0.3474256992340088,1
0.391071081161499,1
0.6095099449157715,1
0.39260178804397583,1
0.386839359998703,1
0.47986626625061035,1
0.4651600122451782,1
0.4827730655670166,1
0.38590043783187866,1
0.32934409379959106,1
0.40372759103775024,1
0.40702661871910095,1
0.41002577543258667,1
0.3572613596916199,1
0.44296038150787354,1
0.3798714280128479,1
0.3645994961261749,1
0.4043233096599579,1
0.4298074245452881,1
0.3193697929382324,1
0.5336623191833496,1
0.4294499158859253,1
0.4589911103248596,1
0.5063838362693787,1
0.547781765460968,1
0.4322269558906555,1
0.39977267384529114,1
0.46930065751075745,1
0.34674689173698425,1
0.537672221660614,1
0.5000852346420288,1
0.4545052647590637,1
0.4612634479999542,1
0.48672643303871155,1
0.44885459542274475,1
0.5953913927078247,1
0.3735990524291992,1
0.38046133518218994,1
0.460771381855011,1
0.45888596773147583,1
0.5210170745849609,1
0.4185607433319092,1
0.3153854012489319,1
0.4641594886779785,1
0.36746087670326233,1
0.4069097638130188,1
0.35642263293266296,1
0.35457491874694824,1
0.4812009334564209,1
0.4105699062347412,1
0.35942894220352173,1
0.41592177748680115,1
0.4375559985637665,1
0.5210552215576172,1
0.4821968078613281,1
0.44659602642059326,1
0.41406235098838806,1
0.46462756395339966,1
0.40789994597435,1
0.29994475841522217,1
0.38145506381988525,1
0.4631773829460144,1
0.4123881459236145,1
0.43378591537475586,1
0.452897310256958,1
0.44222867488861084,1
0.5073779821395874,1
0.42665722966194153,1
0.4757712185382843,1
0.4707790017127991,1
0.435488224029541,1
0.46445977687835693,1
0.41298457980155945,1
0.4028477668762207,1
0.45856738090515137,1
0.5293379426002502,1
0.4129074811935425,1
0.44962024688720703,1
0.370198130607605,1
0.48178479075431824,1
0.5133348703384399,1
0.38471850752830505,1
0.47060874104499817,1
0.4577813744544983,1
0.470573753118515,1
0.3600464165210724,1
0.3788139522075653,1
0.4322248697280884,1
0.4776543378829956,1
0.5136721730232239,1
0.43316566944122314,1
0.4781140089035034,1
0.5370757579803467,1
0.4837114214897156,1
0.3539765775203705,1
0.3653241991996765,1
0.4423797130584717,1
0.4687015414237976,1
0.4701419472694397,1
0.43223837018013,1
0.385318398475647,1
0.46116387844085693,1
0.3840096890926361,1
0.376517117023468,1
0.4077320694923401,1
0.4732735753059387,1
0.4432763457298279,1
0.4082731604576111,1
0.38154464960098267,1
0.41748684644699097,1
0.3466639220714569,1
0.3793201446533203,1
0.4016188979148865,1
0.4739726781845093,1
0.5118851661682129,1
0.3916233479976654,1
0.3410259485244751,1
0.45273545384407043,1
0.35080838203430176,1
0.3738504648208618,1
0.46222397685050964,1
0.46497610211372375,1
0.3809927701950073,1
0.40992677211761475,1
0.39478224515914917,1
0.44067057967185974,1
0.38331127166748047,1
0.48131585121154785,1
0.49833646416664124,1
0.4500460922718048,1
0.4144164025783539,1
0.33544760942459106,1
0.3778362572193146,1
0.3445872366428375,1
0.3303455710411072,1
0.3729819655418396,1
0.39493176341056824,1
0.43668603897094727,1
0.3519570529460907,1
0.37042081356048584,1
0.3965722322463989,1
0.3703596889972687,1
0.4043756127357483,1
0.4609873592853546,1
0.5132198333740234,1
0.33608806133270264,1
0.4578437805175781,1
0.3647613227367401,1
0.4638836681842804,1
0.42236509919166565,1
0.39649805426597595,1
0.5102016925811768,1
0.35343530774116516,1
0.44245645403862,1
0.50204998254776,1
0.47293975949287415,1
0.45401906967163086,1
0.38980573415756226,1
0.4402673840522766,1
0.44991815090179443,1
0.4099820852279663,1
0.45106297731399536,1
0.44343096017837524,1
0.4109610319137573,1
0.5308123826980591,1
0.399841845035553,1
0.4109005331993103,1
0.3610934317111969,1
0.31637585163116455,1
0.4501923620700836,1
0.4322355389595032,1
0.4206850826740265,1
0.41100287437438965,1
0.45436403155326843,1
0.5535063743591309,1
0.4440627098083496,1
0.431671679019928,1
0.4641079902648926,1
0.3903079628944397,1
0.4633764624595642,1
0.46962666511535645,1
0.4116208553314209,1
0.5118530988693237,1
0.3661001920700073,1
0.5452329516410828,1
0.4293115735054016,1
0.41074246168136597,1
0.5359957218170166,1
0.3518690764904022,1
0.4290826618671417,1
0.4884936213493347,1
0.41077592968940735,1
0.40358754992485046,1
0.47934120893478394,1
0.39100176095962524,1
0.3591925799846649,1
0.4189513921737671,1
0.4616318941116333,1
0.434215784072876,1
0.45618337392807007,1
0.49966710805892944,1
0.3437052071094513,1
0.4403392970561981,1
0.464674174785614,1
0.4199340343475342,1
0.3390651345252991,1
0.4353399872779846,1
0.4605036973953247,1
0.4005497694015503,1
0.3614415228366852,1
0.5564128756523132,1
0.43626299500465393,1
0.39090919494628906,1
0.3730889558792114,1
0.5380810499191284,1
0.3904237151145935,1
0.4616662263870239,1
0.5190165042877197,1
0.3453046679496765,1
0.3774651885032654,1
0.47416654229164124,1
0.5182194709777832,1
0.3601951003074646,1
0.4577619731426239,1
0.46406394243240356,1
0.5493099689483643,1
0.4319988489151001,1
0.5313596129417419,1
0.36391550302505493,1
0.514232873916626,1
0.2772846221923828,1
0.5125830769538879,1
0.3372054696083069,1
0.5494091510772705,1
0.3844412863254547,1
0.5135800838470459,1
0.4356282651424408,1
0.40130090713500977,1
0.486311674118042,1
0.4270947575569153,1
0.40446674823760986,1
0.4467659592628479,1
0.42895251512527466,1
0.38870397210121155,1
0.5493384599685669,1
0.37728339433670044,1
0.43139487504959106,1
0.4662385582923889,1
0.6596475839614868,1
0.5485481023788452,1
0.4286828935146332,1
0.44628942012786865,1
0.46750783920288086,1
0.3743930459022522,1
0.37022706866264343,1
0.4049206078052521,1
0.40313881635665894,1
0.4207354187965393,1
0.549587607383728,1
0.43789565563201904,1
0.45138949155807495,1
0.4705513119697571,1
0.4578644931316376,1
0.430530846118927,1
0.45846977829933167,1
0.43929582834243774,1
0.4853219985961914,1
0.43245184421539307,1
0.407210111618042,1
0.5408955812454224,1
0.5237664580345154,1
0.3339269757270813,1
0.35372841358184814,1
0.42190393805503845,1
0.533856987953186,1
0.7247803211212158,1
0.44232794642448425,1
0.39656782150268555,1
0.45686912536621094,1
0.48125770688056946,1
0.45439958572387695,1
0.34975337982177734,1
0.4276655316352844,1
0.4884379208087921,1
0.3298611640930176,1
0.3254331648349762,1
0.4810703694820404,1
0.4200848639011383,1
0.34994325041770935,1
0.3998613953590393,1
0.36638393998146057,1
0.41761231422424316,1
0.45468372106552124,1
0.4278503358364105,1
0.405720591545105,1
0.428100049495697,1
0.34358838200569153,1
0.39843472838401794,1
0.43699711561203003,1
0.4280620217323303,1
0.5139040350914001,1
0.5154291391372681,1
0.42118239402770996,1
0.33801162242889404,1
0.3675556182861328,1
0.43831688165664673,1
0.38164186477661133,1
0.4764907956123352,1
0.34167343378067017,1
0.44752103090286255,1
0.4244886636734009,1
0.3363218307495117,1
0.35886240005493164,1
0.4744587540626526,1
0.36013445258140564,1
0.35178232192993164,1
0.4155614972114563,1
0.5914081335067749,1
0.43105441331863403,1
0.40659335255622864,1
0.3551703691482544,1
0.36529260873794556,1
0.367593377828598,1
0.4229629635810852,1
0.3756244480609894,1
0.3886110782623291,1
0.5072862505912781,1
0.4157249331474304,1
0.3798450231552124,1
0.27449408173561096,1
0.48799312114715576,1
0.4118770658969879,1
0.437906950712204,1
0.39719998836517334,1
0.4568542540073395,1
0.49399298429489136,1
0.38256004452705383,1
0.4234428405761719,1
0.552402913570404,1
0.45277997851371765,1
0.45985329151153564,1
0.33117419481277466,1
0.3558623790740967,1
0.4048122763633728,1
0.4180842339992523,1
0.4018489122390747,1
0.39124664664268494,1
0.5919435620307922,1
0.42973172664642334,1
0.43648892641067505,1
0.48838865756988525,1
0.3337622284889221,1
0.4114701747894287,1
0.41833412647247314,1
0.5137365460395813,1
0.5399214625358582,1
0.4604351222515106,1
0.4426197409629822,1
0.45854198932647705,1
0.5061265826225281,1
0.42129433155059814,1
0.40762871503829956,1
0.5584750175476074,1
0.43672117590904236,1
0.38847291469573975,1
0.5543599724769592,1
0.43203383684158325,1
0.4838070571422577,1
0.4201105237007141,1
0.35460883378982544,1
0.41041141748428345,1
0.44346147775650024,1
0.41926833987236023,1
0.3894750475883484,1
0.4302591383457184,1
0.40448155999183655,1
0.43998199701309204,1
0.39451897144317627,1
0.3572365641593933,1
0.48788976669311523,1
0.5710945129394531,1
0.36930108070373535,1
0.45712748169898987,1
0.3244120478630066,1
0.4519460201263428,1
0.3840230405330658,1
0.5300958752632141,1
0.34723156690597534,1
0.3993879556655884,1
0.3557680547237396,1
0.46100354194641113,1
0.44039198756217957,1
0.34063225984573364,1
0.45881199836730957,1
0.43042710423469543,1
0.4109399914741516,1
0.503812849521637,1
0.45557987689971924,1
0.4932321310043335,1
0.3953666687011719,1
0.4022780656814575,1
0.39594483375549316,1
0.45085862278938293,1
0.35013294219970703,1
0.5137420892715454,1
0.3965872824192047,1
0.49998363852500916,1
0.4923749566078186,1
0.5290235877037048,1
0.413549542427063,1
0.5077987909317017,1
0.4277662932872772,1
0.3357376158237457,1
0.48441606760025024,1
0.47816598415374756,1
0.5097513198852539,1
0.44285112619400024,1
0.40291285514831543,1
0.5404294729232788,1
0.5050544142723083,1
0.3997398614883423,1
0.33759087324142456,1
0.44235920906066895,1
0.4616447687149048,1
0.6236472725868225,1
0.4020477831363678,1
0.4083351194858551,1
0.5771223306655884,1
0.425626277923584,1
0.4629334807395935,1
0.392705500125885,1
0.5716757774353027,1
0.4372647702693939,1
0.41299405694007874,1
0.32870274782180786,1
0.30095046758651733,1
0.5258945226669312,1
0.4641115069389343,1
0.4081999361515045,1
0.3630797564983368,1
0.41116970777511597,1
0.522296667098999,1
0.3740347921848297,1
0.45555204153060913,1
0.4930964410305023,1
0.4434594511985779,1
0.46617066860198975,1
0.35132190585136414,1
0.4790303409099579,1
0.3911856412887573,1
0.3684404492378235,1
0.3521956503391266,1
0.5781105756759644,1
0.3612532913684845,1
0.38586777448654175,1
0.3776790499687195,1
0.41324400901794434,1
0.356432169675827,1
0.4752049446105957,1
0.4345462918281555,1
0.3732672929763794,1
0.466999351978302,1
0.4264754056930542,1
0.4466019570827484,1
0.5002433061599731,1
0.4296846389770508,1
0.46939295530319214,1
0.4920273423194885,1
0.376648485660553,1
0.44854217767715454,1
0.4830458164215088,1
0.44501328468322754,1
0.3985528349876404,1
0.5130426287651062,1
0.4727124571800232,1
0.39852502942085266,1
0.4660707712173462,1
0.36106038093566895,1
0.6316132545471191,1
0.6306024193763733,1
0.3321531116962433,1
0.3749600052833557,1
0.38634276390075684,1
0.47220084071159363,1
0.4190942049026489,1
0.5217105746269226,1
0.3001047968864441,1
0.41471660137176514,1
0.41015130281448364,1
0.4155793786048889,1
0.45644611120224,1
0.420800119638443,1
0.46018874645233154,1
0.2964787781238556,1
0.3596339821815491,1
0.4477911591529846,1
0.43303173780441284,1
0.4706270694732666,1
0.40190333127975464,1
0.478420615196228,1
0.35928988456726074,1
0.465505450963974,1
0.40370115637779236,1
0.4241552948951721,1
0.37856733798980713,1
0.35997194051742554,1
0.4470028281211853,1
0.33057066798210144,1
0.5097002983093262,1
0.3660587966442108,1
0.45681431889533997,1
0.4010021686553955,1
0.44237929582595825,1
0.5219058394432068,1
0.441456139087677,1
0.36553311347961426,1
0.4083079993724823,1
0.4451292157173157,1
0.4315437376499176,1
0.46269938349723816,1
0.4566214978694916,1
0.4735254645347595,1
0.5189330577850342,1
0.5305105447769165,1
0.42853283882141113,1
0.4697002172470093,1
0.4521035850048065,1
0.4337594509124756,1
0.5227299332618713,1
0.4500611424446106,1
0.3287999927997589,1
0.39545804262161255,1
0.4343574345111847,1
0.3473481237888336,1
0.5716388821601868,1
0.3915567994117737,1
0.40261054039001465,1
0.5526648163795471,1
0.43714362382888794,1
0.47254717350006104,1
0.3583628833293915,1
0.41091787815093994,1
0.4268377721309662,1
0.4564620554447174,1
0.5025449395179749,1
0.41373902559280396,1
0.42320767045021057,1
0.31729692220687866,1
0.3995950222015381,1
0.44191694259643555,1
0.4152730107307434,1
0.499728262424469,1
0.43906736373901367,1
0.3758792281150818,1
0.5090678930282593,1
0.5986647009849548,1
0.4772697687149048,1
0.3918510973453522,1
0.38275808095932007,1
0.387009859085083,1
0.4555543065071106,1
0.45988279581069946,1
0.5172641277313232,1
0.41538727283477783,1
0.44776076078414917,1
0.4272432327270508,1
0.437608003616333,1
0.44527313113212585,1
0.44016528129577637,1
0.38445067405700684,1
0.4125220775604248,1
0.43341049551963806,1
0.4110480546951294,1
0.41805046796798706,1
0.45007508993148804,1
0.490680456161499,1
0.35434889793395996,1
0.47747039794921875,1
0.4820779860019684,1
0.5461218357086182,1
0.4288569688796997,1
0.4561058282852173,1
0.37031564116477966,1
0.37588876485824585,1
0.41012322902679443,1
0.4437626004219055,1
0.342731773853302,1
0.3720829486846924,1
0.4929249584674835,1
0.4896903336048126,1
0.40069153904914856,1
0.5128206610679626,1
0.3951910734176636,1
0.41388535499572754,1
0.35004493594169617,1
0.4372071623802185,1
0.31748682260513306,1
0.3512652516365051,1
0.4061248302459717,1
0.4929966628551483,1
0.5142967700958252,1
0.4268031418323517,1
0.46150872111320496,1
0.42206525802612305,1
0.4294264316558838,1
0.32868894934654236,1
0.43464332818984985,1
0.3844984769821167,1
0.42326807975769043,1
0.3569909930229187,1
0.3989132344722748,1
0.4731123149394989,1
0.34981799125671387,1
0.41199490427970886,1
0.36829841136932373,1
0.4024682641029358,1
0.39295822381973267,1
0.42683860659599304,1
0.4952896237373352,1
0.5392507910728455,1
0.5276841521263123,1
0.5227912664413452,1
0.3617658317089081,1
0.43570056557655334,1
0.3556521236896515,1
0.36442843079566956,1
0.38668185472488403,1
0.3319432735443115,1
0.47532933950424194,1
0.38676542043685913,1
0.5052703619003296,1
0.43253469467163086,1
0.6272827386856079,1
0.4441925585269928,1
0.3348589539527893,1
0.4757169485092163,1
0.4248552620410919,1
0.38141557574272156,1
0.46015119552612305,1
0.4520244598388672,1
0.4913000166416168,1
0.38730859756469727,1
0.5525198578834534,1
0.4956222176551819,1
0.5603814125061035,1
0.3794504404067993,1
0.33971044421195984,1
0.427162766456604,1
0.41570770740509033,1
0.4123627245426178,1
0.4801845848560333,1
0.4031284749507904,1
0.469918429851532,1
0.5017794370651245,1
0.42632830142974854,1
0.3550441265106201,1
0.3920472264289856,1
0.4234161972999573,1
0.38949054479599,1
0.475331574678421,1
0.4978712201118469,1
0.4773698151111603,1
0.36173245310783386,1
0.37211406230926514,1
0.3687707483768463,1
0.33899596333503723,1
0.4535662829875946,1
0.5268367528915405,1
0.4484359622001648,1
0.4401598870754242,1
0.42578616738319397,1
0.37403297424316406,1
0.5127785801887512,1
0.4336007535457611,1
0.44928067922592163,1
0.3496569097042084,1
0.4746558368206024,1
0.4913667142391205,1
0.39812275767326355,1
0.3911510407924652,1
0.3827785551548004,1
0.43543344736099243,1
0.4180234968662262,1
0.3595476448535919,1
0.3780198395252228,1
0.3952837884426117,1
0.4287467896938324,1
0.41892164945602417,1
0.36503201723098755,1
0.3986775279045105,1
0.4008878171443939,1
0.5071046352386475,1
0.5549494624137878,1
0.4630269706249237,1
0.37507164478302,1
0.44662320613861084,1
0.5361717939376831,1
0.43145567178726196,1
0.4521428048610687,1
0.5362791419029236,1
0.485673189163208,1
0.5168359875679016,1
0.4114370346069336,1
0.3775371015071869,1
0.34209173917770386,1
0.41966724395751953,1
0.3940546214580536,1
0.4773217737674713,1
0.4332484304904938,1
0.3682045638561249,1
0.41923561692237854,1
0.4852078855037689,1
0.39558669924736023,1
0.467994749546051,1
0.3631257712841034,1
0.4247437119483948,1
0.4296867549419403,1
0.41093969345092773,1
0.5018348693847656,1
0.38385209441185,1
0.43522560596466064,1
0.46320557594299316,1
0.3862307667732239,1
0.4499371647834778,1
0.3753550052642822,1
0.42574211955070496,1
0.40156328678131104,1
0.4711531698703766,1
0.3638210594654083,1
0.41230353713035583,1
0.3999508023262024,1
0.5585364103317261,1
0.3773748278617859,1
0.38411545753479004,1
0.3352343440055847,1
0.42157045006752014,1
0.5111382007598877,1
0.41029810905456543,1
0.40826985239982605,1
0.47826990485191345,1
0.4048868715763092,1
0.486966073513031,1
0.5048786401748657,1
0.418790340423584,1
0.4908234179019928,1
0.3986787796020508,1
0.2895018458366394,1
0.4208630919456482,1
0.3678429424762726,1
0.41054147481918335,1
0.29639822244644165,1
0.4874367117881775,1
0.4684488773345947,1
0.4353228211402893,1
0.49871745705604553,1
0.4450514316558838,1
0.39843592047691345,1
0.33623215556144714,1
0.3791247010231018,1
0.4021781086921692,1
0.4286760687828064,1
0.5361069440841675,1
0.47985267639160156,1
0.5067755579948425,1
0.46333712339401245,1
0.3968648314476013,1
0.40399405360221863,1
0.4421655535697937,1
0.4360998868942261,1
0.4415045380592346,1
0.5327645540237427,1
0.4658195376396179,1
0.41882389783859253,1
0.5103221535682678,1
0.42272186279296875,1
0.4459083080291748,1
0.43419522047042847,1
0.43273845314979553,1
0.4158529043197632,1
0.4472075402736664,1
0.4609334170818329,1
0.30154699087142944,1
0.3650223910808563,1
0.39413198828697205,1
0.35091739892959595,1
0.4071211814880371,1
0.331625372171402,1
0.44923505187034607,1
0.5208130478858948,1
0.48579174280166626,1
0.5196561813354492,1
0.48877692222595215,1
0.5149595737457275,1
0.31839972734451294,1
0.33709093928337097,1
0.3671451807022095,1
0.4812210202217102,1
0.3654513657093048,1
0.4857012629508972,1
0.47968363761901855,1
0.42345553636550903,1
0.5087972283363342,1
0.48361408710479736,1
0.510465681552887,1
0.4164637327194214,1
0.3891114294528961,1
0.41947484016418457,1
0.349931538105011,1
0.37342900037765503,1
0.46985924243927,1
0.38574832677841187,1
0.43854668736457825,1
0.49529051780700684,1
0.3526470363140106,1
0.40732342004776,1
0.44189128279685974,1
0.49742186069488525,1
0.45105987787246704,1
0.42345795035362244,1
0.4301421642303467,1
0.3231438994407654,1
0.3323931396007538,1
0.3862430453300476,1
0.4115639925003052,1
0.46014535427093506,1
0.4279893636703491,1
0.36928439140319824,1
0.42538318037986755,1
0.4581035375595093,1
0.46795180439949036,1
0.49460369348526,1
0.32059967517852783,1
0.4396650791168213,1
0.5181410312652588,1
0.3097178041934967,1
0.28418639302253723,1
0.42426547408103943,1
0.4124138355255127,1
0.5423805117607117,1
0.4398784637451172,1
0.3709160089492798,1
0.37872278690338135,1
0.47726309299468994,1
0.43060094118118286,1
0.45582008361816406,1
0.47017550468444824,1
0.49395978450775146,1
0.29680490493774414,1
0.41043591499328613,1
0.3708961009979248,1
0.4984474778175354,1
0.34318333864212036,1
0.5571097731590271,1
0.41508424282073975,1
0.5045949816703796,1
0.35468029975891113,1
0.36511123180389404,1
0.44094645977020264,1
0.5410040020942688,1
0.40267279744148254,1
0.3614155054092407,1
0.4211527705192566,1
0.4852083623409271,1
0.36412063241004944,1
0.4243374466896057,1
0.40720024704933167,1
0.4084898829460144,1
0.46882495284080505,1
0.3583812415599823,1
0.42356884479522705,1
0.36298900842666626,1
0.3305809795856476,1
0.40665385127067566,1
0.4799852967262268,1
0.42038047313690186,1
0.34584513306617737,1
0.46512630581855774,1
0.37763142585754395,1
0.37544357776641846,1
0.32219770550727844,1
0.4292781352996826,1
0.39669519662857056,1
0.33758923411369324,1
0.38957250118255615,1
0.47564712166786194,1
0.46780461072921753,1
0.345832884311676,1
0.4405335485935211,1
0.32162392139434814,1
0.4325244128704071,1
0.43740448355674744,1
0.4769480228424072,1
0.3545246124267578,1
0.34718388319015503,1
0.5148113369941711,1
0.4159727096557617,1
0.42904406785964966,1
0.5151437520980835,1
0.3859266936779022,1
0.38024115562438965,1
0.46671515703201294,1
0.4057150185108185,1
0.5363197922706604,1
0.3677588403224945,1
0.3957236409187317,1
0.4714134633541107,1
0.545472264289856,1
0.3605518043041229,1
0.3629803955554962,1
0.5444150567054749,1
0.5289884805679321,1
0.5404955148696899,1
0.4309230446815491,1
0.3913635015487671,1
0.3366696238517761,1
0.45044535398483276,1
0.317891001701355,1
0.3506537079811096,1
0.4297662377357483,1
0.4293844401836395,1
0.42352381348609924,1
0.4809103012084961,1
0.36479097604751587,1
0.45325106382369995,1
0.49220526218414307,1
0.35410207509994507,1
0.4470667839050293,1
0.5095730423927307,1
0.4317188858985901,1
0.39647403359413147,1
0.46715736389160156,1
0.4059497117996216,1
0.3177452087402344,1
0.3817386031150818,1
0.31049680709838867,1
0.45088380575180054,1
0.47673875093460083,1
0.48537957668304443,1
0.44961485266685486,1
0.40910041332244873,1
0.36742907762527466,1
0.5231101512908936,1
0.5063179731369019,1
0.3203551173210144,1
0.3899259865283966,1
0.5114763379096985,1
0.3970262408256531,1
0.476284384727478,1
0.39262789487838745,1
0.4199579954147339,1
0.4713311195373535,1
0.4265664517879486,1
0.4885716140270233,1
0.34587594866752625,1
0.4843466877937317,1
0.3894239664077759,1
0.49012404680252075,1
0.4406565725803375,1
0.4352308511734009,1
0.4928809404373169,1
0.37496012449264526,1
0.5433786511421204,1
0.34704211354255676,1
0.42559659481048584,1
0.4121406376361847,1
0.3582441210746765,1
0.5556460618972778,1
0.4569317698478699,1
0.4396759867668152,1
0.3506579101085663,1
0.4290982484817505,1
0.4178023934364319,1
0.3013409376144409,1
0.33717554807662964,1
0.48387932777404785,1
0.4964667856693268,1
0.46450740098953247,1
0.528242826461792,1
0.4683709740638733,1
0.4847427010536194,1
0.4426853060722351,1
0.4837733507156372,1
0.4034271240234375,1
0.5167365670204163,1
0.35729122161865234,1
0.4602644443511963,1
0.44154489040374756,1
0.4489673674106598,1
0.5290938019752502,1
0.5635291934013367,1
0.4379091262817383,1
0.42222297191619873,1
0.505098283290863,1
0.38682132959365845,1
0.5656034350395203,1
0.36833056807518005,1
0.36629557609558105,1
0.47235557436943054,1
0.4641239643096924,1
0.38922742009162903,1
0.35466134548187256,1
0.41451549530029297,1
0.3253136873245239,1
0.43895846605300903,1
0.4387112855911255,1
0.35890400409698486,1
0.5101046562194824,1
0.412242591381073,1
0.4871739447116852,1
0.48065266013145447,1
0.3885897994041443,1
0.4358958899974823,1
0.43460577726364136,1
0.38013651967048645,1
0.3602743148803711,1
0.45351189374923706,1
0.5416945219039917,1
0.3527122735977173,1
0.4733622968196869,1
0.5056588649749756,1
0.5279357433319092,1
0.44986259937286377,1
0.41400107741355896,1
0.46053996682167053,1
0.3510626256465912,1
0.437644898891449,1
0.4865031838417053,1
0.44814440608024597,1
0.39513346552848816,1
0.43011391162872314,1
0.4461847245693207,1
0.4095509946346283,1
0.48745566606521606,1
0.47273537516593933,1
0.37855207920074463,1
0.41479676961898804,1
0.45626604557037354,1
0.42672133445739746,1
0.3997877836227417,1
0.4029431939125061,1
0.3302278518676758,1
0.5186033844947815,1
0.42028823494911194,1
0.3895093500614166,1
0.3101361095905304,1
0.511807918548584,1
0.47497016191482544,1
0.34239983558654785,1
0.31616008281707764,1
0.47019076347351074,1
0.35105955600738525,1
0.4319087564945221,1
0.5504773259162903,1
0.3832535147666931,1
0.4896639585494995,1
0.4324563443660736,1
0.4663712680339813,1
0.45326149463653564,1
0.3654360771179199,1
0.39741796255111694,1
0.5112324357032776,1
0.32718995213508606,1
0.3682577908039093,1
0.43605291843414307,1
0.3579757809638977,1
0.3667820692062378,1
0.48570647835731506,1
0.40693822503089905,1
0.44614946842193604,1
0.4875468909740448,1
0.5065906047821045,1
0.4422282576560974,1
0.31580084562301636,1
0.3148542046546936,1
0.42565929889678955,1
0.4135867655277252,1
0.5323676466941833,1
0.34780630469322205,1
0.4761343002319336,1
0.4794957637786865,1
0.39586955308914185,1
0.42978984117507935,1
0.39119723439216614,1
0.3338698744773865,1
0.5328257083892822,1
0.356645405292511,1
0.4004521369934082,1
0.5465551614761353,1
0.37809306383132935,1
0.39351195096969604,1
0.3723404109477997,1
0.5125976800918579,1
0.4668583869934082,1
0.4911155700683594,1
0.41872090101242065,1
0.40846771001815796,1
0.5007519721984863,1
0.4235574007034302,1
0.4300680458545685,1
0.43717527389526367,1
0.45678260922431946,1
0.4697432816028595,1
0.37038785219192505,1
0.4526692032814026,1
0.5627345442771912,1
0.44946539402008057,1
0.38799095153808594,1
0.5249477028846741,1
0.5064983367919922,1
0.45625191926956177,1
0.38567274808883667,1
0.4200531840324402,1
0.4556729793548584,1
0.49364688992500305,1
0.37473440170288086,1
0.41459453105926514,1
0.4106064736843109,1
0.47803056240081787,1
0.30784571170806885,1
0.43708932399749756,1
0.454880028963089,1
0.43358272314071655,1
0.3836110830307007,1
0.45286351442337036,1
0.48337364196777344,1
0.45622003078460693,1
0.4519857168197632,1
0.5228578448295593,1
0.4054977297782898,1
0.38348960876464844,1
0.41805821657180786,1
0.5108376741409302,1
0.37654489278793335,1
0.44303005933761597,1
0.40188390016555786,1
0.4613911509513855,1
0.42668795585632324,1
0.4587033987045288,1
0.411584734916687,1
0.4927237629890442,1
0.36026620864868164,1
0.5237964391708374,1
0.4155663251876831,1
0.4622708559036255,1
0.3362019956111908,1
0.37147092819213867,1
0.4577360153198242,1
0.3593190908432007,1
0.5417274236679077,1
0.503587543964386,1
0.45857080817222595,1
0.42860519886016846,1
0.3127298057079315,1
0.4105603098869324,1
0.43014323711395264,1
0.5300631523132324,1
0.4473690092563629,1
0.45088618993759155,1
0.4237816631793976,1
0.4915219843387604,1
0.43006306886672974,1
0.4570314884185791,1
0.49957558512687683,1
0.5292791128158569,1
0.4185502529144287,1
0.4219609200954437,1
0.4206845760345459,1
0.3877221345901489,1
0.4380970001220703,1
0.32728514075279236,1
0.38218551874160767,1
0.4449196457862854,1
0.3146078586578369,1
0.41405215859413147,1
0.32747092843055725,1
0.44365009665489197,1
0.5039922595024109,1
0.44198596477508545,1
0.48159947991371155,1
0.4464991092681885,1
0.42287468910217285,1
0.3649713397026062,1
0.4403174817562103,1
0.42951834201812744,1
0.3557852804660797,1
0.40910035371780396,1
0.5596581697463989,1
0.5116912126541138,1
0.4064328670501709,1
0.33845606446266174,1
0.3583207130432129,1
0.43588873744010925,1
0.4367547631263733,1
0.46459057927131653,1
0.4215954542160034,1
0.29937130212783813,1
0.43177130818367004,1
0.399594247341156,1
0.4083089530467987,1
0.41791921854019165,1
0.354008287191391,1
0.38912293314933777,1
0.28790250420570374,1
0.4052119255065918,1
0.4355185329914093,1
0.44458749890327454,1
0.3855956792831421,1
0.35194388031959534,1
0.4009167551994324,1
0.49467384815216064,1
0.36089393496513367,1
0.5118488073348999,1
0.4723489284515381,1
0.5216225385665894,1
0.4631170630455017,1
0.3559746742248535,1
0.41493746638298035,1
0.3206132650375366,1
0.3561471998691559,1
0.3800835907459259,1
0.3412909507751465,1
0.40687161684036255,1
0.4405316710472107,1
0.39437684416770935,1
0.3783336877822876,1
0.38506656885147095,1
0.3802787661552429,1
0.3520263433456421,1
0.367854505777359,1
0.37975841760635376,1
0.37502604722976685,1
0.4607483148574829,1
0.45826444029808044,1
0.4778379797935486,1
0.3549375534057617,1
0.47789937257766724,1
0.43039965629577637,1
0.34908580780029297,1
0.49264341592788696,1
0.4749392569065094,1
0.4014274477958679,1
0.5500447154045105,1
0.4307757616043091,1
0.38257595896720886,1
0.5283908843994141,1
0.47352826595306396,1
0.45068806409835815,1
0.4576994776725769,1
0.4607382118701935,1
0.578175961971283,1
0.48560965061187744,1
0.41238632798194885,1
0.33182138204574585,1
0.4289368987083435,1
0.49761703610420227,1
0.3381621539592743,1
0.5769209861755371,1
0.35466113686561584,1
0.5804464817047119,1
0.40385398268699646,1
0.4433198571205139,1
0.3865532875061035,1
0.5132073163986206,1
0.42626452445983887,1
0.39529678225517273,1
0.4312940835952759,1
0.5547136664390564,1
0.35033875703811646,1
0.3716725707054138,1
0.45358550548553467,1
0.509007453918457,1
0.5426990985870361,1
0.4478769600391388,1
0.33880186080932617,1
0.45147743821144104,1
0.4811294674873352,1
0.4087696373462677,1
0.3846282660961151,1
0.3013433814048767,1
0.5183002948760986,1
0.4244186282157898,1
0.4019226133823395,1
0.4409513473510742,1
0.4562893211841583,1
0.36191442608833313,1
0.5498687028884888,1
0.38186219334602356,1
0.5714805722236633,1
0.40424126386642456,1
0.3957160711288452,1
0.45026248693466187,1
0.5004165172576904,1
0.4039551913738251,1
0.4664057791233063,1
0.39531081914901733,1
0.3684524595737457,1
0.3569995164871216,1
0.3511176109313965,1
0.4099108576774597,1
0.5743981599807739,1
0.44504043459892273,1
0.41741645336151123,1
0.5910029411315918,1
0.37749016284942627,1
0.4464656710624695,1
0.34927618503570557,1
0.43441227078437805,1
0.44668957591056824,1
0.6006289720535278,1
0.40141209959983826,1
0.4201311469078064,1
0.3810449242591858,1
0.47304874658584595,1
0.4693450331687927,1
0.5289536118507385,1
0.3689171373844147,1
0.5391737222671509,1
0.4274064898490906,1
0.48836392164230347,1
0.3435985743999481,1
0.3040682077407837,1
0.4368601143360138,1
0.41334229707717896,1
0.3306587338447571,1
0.45524531602859497,1
0.5729300379753113,1
0.39800935983657837,1
0.4458029568195343,1
0.3035929501056671,1
0.37066829204559326,1
0.3914299011230469,1
0.37848493456840515,1
0.4099299907684326,1
0.39426669478416443,1
0.41009941697120667,1
0.4465278387069702,1
0.3618864119052887,1
0.40536779165267944,1
0.4269792437553406,1
0.3800729513168335,1
0.3791210651397705,1
0.4725295305252075,1
0.5565880537033081,1
0.52945876121521,1
0.47602352499961853,1
0.4793655574321747,1
0.4074331521987915,1
0.3387972414493561,1
0.45639854669570923,1
0.4861823618412018,1
0.38588839769363403,1
0.4380447268486023,1
0.4384722113609314,1
0.5517222881317139,1
0.43387484550476074,1
0.44411635398864746,1
0.4063568115234375,1
0.5512208938598633,1
0.3410775661468506,1
0.5201692581176758,1
0.3785442113876343,1
0.3679569959640503,1
0.47657889127731323,1
0.5218364000320435,1
0.5198748111724854,1
0.44695690274238586,1
0.4057183861732483,1
0.41452622413635254,1
0.43199414014816284,1
0.4328068494796753,1
0.4263046681880951,1
0.40443697571754456,1
0.455070823431015,1
0.41003620624542236,1
0.46328091621398926,1
0.2947330176830292,1
0.42604613304138184,1
0.3650660216808319,1
0.3921453356742859,1
0.5634812116622925,1
0.3876451849937439,1
0.42266106605529785,1
0.4508235454559326,1
0.46078652143478394,1
0.39561915397644043,1
0.45749229192733765,1
0.5080116987228394,1
0.4206218719482422,1
0.4611595869064331,1
0.40844494104385376,1
0.4287479519844055,1
0.4731672704219818,1
0.365298330783844,1
0.35966968536376953,1
0.3739280104637146,1
0.44439607858657837,1
0.46746116876602173,1
0.4486348628997803,1
0.3340315818786621,1
0.40705573558807373,1
0.4311673045158386,1
0.5310622453689575,1
0.483726441860199,1
0.45346301794052124,1
0.4106486737728119,1
0.5344085097312927,1
0.36829936504364014,1
0.3521919250488281,1
0.4796604812145233,1
0.4559144377708435,1
0.39372238516807556,1
0.4909747242927551,1
0.33008188009262085,1
0.3804619014263153,1
0.4366053342819214,1
0.3480602502822876,1
0.45823541283607483,1
0.3644128441810608,1
0.36720550060272217,1
0.417245090007782,1
0.44991371035575867,1
0.3928465247154236,1
0.5285981893539429,1
0.38845938444137573,1
0.4528697729110718,1
0.3648788332939148,1
0.36776936054229736,1
0.4492509961128235,1
0.4478330910205841,1
0.5434685945510864,1
0.39436793327331543,1
0.4494507312774658,1
0.4781643748283386,1
0.42695826292037964,1
0.4415184557437897,1
0.40637725591659546,1
0.4618644118309021,1
0.4640008211135864,1
0.38647669553756714,1
0.5633659958839417,1
0.5385069847106934,1
0.4942370355129242,1
0.3476209044456482,1
0.35257765650749207,1
0.42869311571121216,1
0.43539780378341675,1
0.39935773611068726,1
0.43962153792381287,1
0.44165629148483276,1
0.37018701434135437,1
0.37361812591552734,1
0.35313189029693604,1
0.5973680019378662,1
0.3855614960193634,1
0.5253335237503052,1
0.38893336057662964,1
0.484831839799881,1
0.334007203578949,1
0.36473920941352844,1
0.43521764874458313,1
0.39529770612716675,1
0.4540179371833801,1
0.32768744230270386,1
0.36271360516548157,1
0.3733742833137512,1
0.30351191759109497,1
0.3844699263572693,1
0.4697152078151703,1
0.4014192819595337,1
0.4064497947692871,1
0.36918413639068604,1
0.4591418206691742,1
0.4382557272911072,1
0.38670364022254944,1
0.37881314754486084,1
0.4772649109363556,1
0.3440340757369995,1
0.3243447542190552,1
0.3978964686393738,1
0.4830676317214966,1
0.3633686304092407,1
0.4769006669521332,1
0.4373381733894348,1
0.4829747974872589,1
0.402560293674469,1
0.5239965319633484,1
0.5413995981216431,1
0.47426924109458923,1
0.3707326650619507,1
0.3429397642612457,1
0.4997943639755249,1
0.3352831304073334,1
0.5633202791213989,1
0.3150407075881958,1
0.5229173302650452,1
0.4909777045249939,1
0.4071958661079407,1
0.5811633467674255,1
0.41893985867500305,1
0.4142149090766907,1
0.3943710923194885,1
0.4560545086860657,1
0.36208367347717285,1
0.5366603136062622,1
0.48394471406936646,1
0.4240873157978058,1
0.40560901165008545,1
0.407770037651062,1
0.4339906573295593,1
0.47939959168434143,1
0.4495203495025635,1
0.559148907661438,1
0.4753406047821045,1
0.4942011833190918,1
0.3713834285736084,1
0.4113081097602844,1
0.44855576753616333,1
0.4867919683456421,1
0.4738512635231018,1
0.453840970993042,1
0.44042837619781494,1
0.32495957612991333,1
0.4767859876155853,1
0.4058590233325958,1
0.5469403266906738,1
0.5038186311721802,1
0.4362153708934784,1
0.3571038246154785,1
0.3652423918247223,1
0.49286124110221863,1
0.38976383209228516,1
0.36553943157196045,1
0.4671834111213684,1
0.48869961500167847,1
0.385671466588974,1
0.3645551800727844,1
0.429592490196228,1
0.5464070439338684,1
0.536067545413971,1
0.47891461849212646,1
0.4440692663192749,1
0.3288120627403259,1
0.34888118505477905,1
0.6285707950592041,1
0.4617164731025696,1
0.42474398016929626,1
0.39281681180000305,1
0.5426400899887085,1
0.33525586128234863,1
0.42628180980682373,1
0.39457088708877563,1
0.4187607169151306,1
0.4446038603782654,1
0.37749624252319336,1
0.3473820090293884,1
0.3436851501464844,1
0.5136988162994385,1
0.4405972957611084,1
0.5035857558250427,1
0.3226551413536072,1
0.2830408215522766,1
0.6297122836112976,1
0.3733994960784912,1
0.4290667176246643,1
0.38690054416656494,1
0.4120508134365082,1
0.3189103603363037,1
0.38693779706954956,1
0.4345013499259949,1
0.4032937288284302,1
0.5959160923957825,1
0.439311146736145,1
0.4006885588169098,1
0.43331044912338257,1
0.41707906126976013,1
0.44294971227645874,1
0.46768927574157715,1
0.4143809676170349,1
0.3761897087097168,1
0.32030296325683594,1
0.48789072036743164,1
0.449016809463501,1
0.5160161256790161,1
0.5019147992134094,1
0.3660573959350586,1
0.3183905780315399,1
0.49674397706985474,1
0.3818191587924957,1
0.4602872133255005,1
0.5479898452758789,1
0.528973400592804,1
0.48068928718566895,1
0.4602620601654053,1
0.44230538606643677,1
0.5079889297485352,1
0.3981800675392151,1
0.41259220242500305,1
0.569150447845459,1
0.4926333725452423,1
0.5118037462234497,1
0.37981468439102173,1
0.5059294700622559,1
0.4454808235168457,1
0.3809766173362732,1
0.41997289657592773,1
0.409091591835022,1
0.5087778568267822,1
0.4612962007522583,1
0.3845837116241455,1
0.40521591901779175,1
0.31636881828308105,1
0.46443337202072144,1
0.4451053738594055,1
0.40878236293792725,1
0.4007803499698639,1
0.2923191785812378,1
0.41573062539100647,1
0.4892027974128723,1
0.37760788202285767,1
0.3418414890766144,1
0.35133257508277893,1
0.468223512172699,1
0.43581917881965637,1
0.51134192943573,1
0.40387576818466187,1
0.4065157175064087,1
0.45964109897613525,1
0.4014590382575989,1
0.4113299250602722,1
0.34273332357406616,1
0.46434736251831055,1
0.47168081998825073,1
0.47832733392715454,1
0.4910264015197754,1
0.3192048668861389,1
0.3531824052333832,1
0.37576648592948914,1
0.48545050621032715,1
0.6089541912078857,1
0.49516579508781433,1
0.41785773634910583,1
0.33227434754371643,1
0.44565093517303467,1
0.39831221103668213,1
0.3721102476119995,1
0.45237997174263,1
0.5681070685386658,1
0.35123804211616516,1
0.4191257953643799,1
0.4589761197566986,1
0.517045795917511,1
0.4542524516582489,1
0.442548930644989,1
0.4470800459384918,1
0.4491122364997864,1
0.432817280292511,1
0.3882790207862854,1
0.39415889978408813,1
0.4082769751548767,1
0.45741626620292664,1
0.4547700583934784,1
0.32533127069473267,1
0.3912101984024048,1
0.4895096719264984,1
0.5266176462173462,1
0.4115540683269501,1
0.3687671422958374,1
0.4074191451072693,1
0.5041399598121643,1
0.3931617736816406,1
0.5068153142929077,1
0.4349161982536316,1
0.5097445249557495,1
0.5544480681419373,1
0.44752517342567444,1
0.43321430683135986,1
0.4463575780391693,1
0.3833431601524353,1
0.3991704285144806,1
0.4427410960197449,1
0.4219334125518799,1
0.36063721776008606,1
0.4288264513015747,1
0.4447370171546936,1
0.3519444465637207,1
0.3893941640853882,1
0.48668819665908813,1
0.3095138669013977,1
0.3543538749217987,1
0.4636755883693695,1
0.3841175138950348,1
0.5407613515853882,1
0.4326830506324768,1
0.4996914863586426,1
0.4066603183746338,1
0.4281027615070343,1
0.4979826807975769,1
0.4255269765853882,1
0.4728265106678009,1
0.49767011404037476,1
0.43616533279418945,1
0.39724934101104736,1
0.39940720796585083,1
0.44028231501579285,1
0.43446651101112366,1
0.4088057279586792,1
0.4322506785392761,1
0.42486363649368286,1
0.34927788376808167,1
0.5189436078071594,1
0.40287330746650696,1
0.6050143837928772,1
0.4055602550506592,1
0.47049176692962646,1
0.38632839918136597,1
0.40160834789276123,1
0.4428732395172119,1
0.4422369599342346,1
0.5253233313560486,1
0.4422212243080139,1
0.5319898128509521,1
0.4685819149017334,1
0.3421766459941864,1
0.3689810335636139,1
0.5270089507102966,1
0.3966260850429535,1
0.4850965440273285,1
0.44757965207099915,1
0.4784427583217621,1
0.48910537362098694,1
0.3842674195766449,1
0.39236047863960266,1
0.38719773292541504,1
0.46889930963516235,1
0.46602070331573486,1
0.3520905375480652,1
0.43445301055908203,1
0.44702279567718506,1
0.4196675419807434,1
0.4330931603908539,1
0.4998338222503662,1
0.47224873304367065,1
0.3927718997001648,1
0.45316973328590393,1
0.4476134777069092,1
0.4557294249534607,1
0.42310789227485657,1
0.42063701152801514,1
0.5009636878967285,1
0.4418841004371643,1
0.4692869186401367,1
0.47862714529037476,1
0.516616940498352,1
0.45886993408203125,1
0.40081650018692017,1
0.47622254490852356,1
0.3601749539375305,1
0.41577014327049255,1
0.41138842701911926,1
0.38122498989105225,1
0.4143241345882416,1
0.4104766845703125,1
0.48250463604927063,1
0.36192238330841064,1
0.5452593564987183,1
0.3720707893371582,1
0.4723191261291504,1
0.5122376084327698,1
0.36963537335395813,1
0.4306238889694214,1
0.39071500301361084,1
0.523419201374054,1
0.49713918566703796,1
0.5129691362380981,1
0.3223835527896881,1
0.4080677330493927,1
0.38330239057540894,1
0.38173311948776245,1
0.3756587505340576,1
0.44703128933906555,1
0.5574914216995239,1
0.31962090730667114,1
0.48682886362075806,1
0.4108303189277649,1
0.4179559648036957,1
0.4095953702926636,1
0.3846108317375183,1
0.468536913394928,1
0.34546607732772827,1
0.42706531286239624,1
0.4302269220352173,1
0.5364682674407959,1
0.43577200174331665,1
0.3981645107269287,1
0.43822044134140015,1
0.4692634046077728,1
0.36936289072036743,1
0.2880759835243225,1
0.4084375202655792,1
0.48898622393608093,1
0.4839136004447937,1
0.3387279212474823,1
0.5062756538391113,1
0.3893985450267792,1
0.3270401358604431,1
0.46493881940841675,1
0.43273329734802246,1
0.4656914472579956,1
0.5080004930496216,1
0.3962865471839905,1
0.3889617919921875,1
0.4430457353591919,1
0.4486071467399597,1
0.5446821451187134,1
0.34976404905319214,1
0.3859902620315552,1
0.4759877920150757,1
0.5433827638626099,1
0.4325566589832306,1
0.48212382197380066,1
0.3636271059513092,1
0.46299511194229126,1
0.4515618085861206,1
0.48332658410072327,1
0.4807625114917755,1
0.4277689754962921,1
0.47235479950904846,1
0.45403292775154114,1
0.49355727434158325,1
0.36142992973327637,1
0.34624630212783813,1
0.42458224296569824,1
0.3413054943084717,1
0.4480360448360443,1
0.3997969627380371,1
0.41809922456741333,1
0.5691018104553223,1
0.28578388690948486,1
0.39785125851631165,1
0.37323933839797974,1
0.40477555990219116,1
0.3941071033477783,1
0.48008033633232117,1
0.4234578013420105,1
0.35031720995903015,1
0.30977776646614075,1
0.47786465287208557,1
0.5057475566864014,1
0.4861912131309509,1
0.38362690806388855,1
0.43135640025138855,1
0.4219661355018616,1
0.46913376450538635,1
0.34729623794555664,1
0.4627038836479187,1
0.45433422923088074,1
0.38105082511901855,1
0.5483453273773193,1
0.4659505784511566,1
0.3958953619003296,1
0.4081975519657135,1
0.4825471043586731,1
0.4721079170703888,1
0.4533481001853943,1
0.43910059332847595,1
0.43841737508773804,1
0.41474252939224243,1
0.5061392784118652,1
0.4222782850265503,1
0.45325732231140137,1
0.35472118854522705,1
0.4605211019515991,1
0.41509634256362915,1
0.3570646643638611,1
0.4760742783546448,1
0.45570746064186096,1
0.5389576554298401,1
0.38458600640296936,1
0.3759673535823822,1
0.4011644721031189,1
0.4187762141227722,1
0.3103330731391907,1
0.414541631937027,1
0.33950075507164,1
0.4515790045261383,1
0.5658425092697144,1
0.40536046028137207,1
0.4577622413635254,1
0.4581206142902374,1
0.3905327320098877,1
0.4468878209590912,1
0.33958354592323303,1
0.5126160979270935,1
0.39373230934143066,1
0.38557079434394836,1
0.44321852922439575,1
0.4271334409713745,1
0.3945896625518799,1
0.33833110332489014,1
0.4754345715045929,1
0.3930162191390991,1
0.36998695135116577,1
0.3636355698108673,1
0.37427082657814026,1
0.4044921398162842,1
0.35700523853302,1
0.3412744998931885,1
0.38009047508239746,1
0.4297792315483093,1
0.3466709554195404,1
0.42606887221336365,1
0.5192399621009827,1
0.3604391813278198,1
0.32043904066085815,1
0.42314743995666504,1
0.532319188117981,1
0.4505234956741333,1
0.4550211429595947,1
0.3756081163883209,1
0.44563955068588257,1
0.47961121797561646,1
0.48947399854660034,1
0.5062501430511475,1
0.4256725311279297,1
0.3864019215106964,1
0.47256770730018616,1
0.5429335236549377,1
0.5087636113166809,1
0.46292755007743835,1
0.4780105650424957,1
0.4599382281303406,1
0.35387879610061646,1
0.5603238344192505,1
0.44560346007347107,1
0.3727712333202362,1
0.32929298281669617,1
0.39831191301345825,1
0.45421409606933594,1
0.4913211166858673,1
0.27660316228866577,1
0.40194958448410034,1
0.4799657166004181,1
0.4389064610004425,1
0.3193797171115875,1
0.395689994096756,1
0.3780336081981659,1
0.46438589692115784,1
0.40039363503456116,1
0.4857962429523468,1
0.4581039547920227,1
0.45268574357032776,1
0.40610232949256897,1
0.4456537067890167,1
0.37964653968811035,1
0.4033415615558624,1
0.49291202425956726,1
0.4267633557319641,1
0.3661256432533264,1
0.41070419549942017,1
0.35790950059890747,1
0.3892039656639099,1
0.4615190923213959,1
0.47594791650772095,1
0.3512594401836395,1
0.33932918310165405,1
0.33757632970809937,1
0.3937755227088928,1
0.4247230291366577,1
0.4384565055370331,1
0.4562346637248993,1
0.3387365937232971,1
0.3388889729976654,1
0.4623873233795166,1
0.5451645851135254,1
0.3739451766014099,1
0.44443416595458984,1
0.43125155568122864,1
0.4473186135292053,1
0.38147130608558655,1
0.35914215445518494,1
0.3916154205799103,1
0.3573307394981384,1
0.37091511487960815,1
0.5518209934234619,1
0.42524752020835876,1
0.4467555582523346,1
0.3514050841331482,1
0.3963586091995239,1
0.48419344425201416,1
0.48405879735946655,1
0.341403603553772,1
0.35831350088119507,1
0.32597967982292175,1
0.4600994884967804,1
0.4012899398803711,1
0.2914256453514099,1
0.3726164698600769,1
0.3216842710971832,1
0.3624742031097412,1
0.38047006726264954,1
0.4616975486278534,1
0.43262553215026855,1
0.38175883889198303,1
0.37618082761764526,1
0.4021029770374298,1
0.3588355779647827,1
0.4227752685546875,1
0.32352232933044434,1
0.4492153525352478,1
0.36205852031707764,1
0.48272621631622314,1
0.3782660663127899,1
0.5562901496887207,1
0.36749452352523804,1
0.4142489433288574,1
0.4085428714752197,1
0.3761542737483978,1
0.36326831579208374,1
0.4656778573989868,1
0.4492458701133728,1
0.4832412302494049,1
0.46892911195755005,1
0.45573848485946655,1
0.4875113368034363,1
0.41533833742141724,1
0.37023669481277466,1
0.3137621283531189,1
0.5063278675079346,1
0.4401553273200989,1
0.393754780292511,1
0.43958431482315063,1
0.3411502242088318,1
0.3682393729686737,1
0.4087224006652832,1
0.49364352226257324,1
0.42348712682724,1
0.40214547514915466,1
0.45655763149261475,1
0.35424432158470154,1
0.4931243062019348,1
0.3999784588813782,1
0.3842099905014038,1
0.4517301321029663,1
0.37938380241394043,1
0.41635555028915405,1
0.41204535961151123,1
0.4074069559574127,1
0.41887402534484863,1
0.4017697274684906,1
0.29767411947250366,1
0.4736471474170685,1
0.4430270791053772,1
0.34221789240837097,1
0.4982362985610962,1
0.33052927255630493,1
0.3508266806602478,1
0.5310848951339722,1
0.33109521865844727,1
0.46606940031051636,1
0.3979809284210205,1
0.4354632794857025,1
0.4466567039489746,1
0.3986951410770416,1
0.4172053337097168,1
0.3978641927242279,1
0.42564767599105835,1
0.4770084619522095,1
0.5653257369995117,1
0.3628377914428711,1
0.37385275959968567,1
0.4311524033546448,1
0.27446553111076355,1
0.4574960470199585,1
0.4095117151737213,1
0.3345180153846741,1
0.3956589102745056,1
0.3681502938270569,1
0.3908262848854065,1
0.4851073622703552,1
0.42831096053123474,1
0.37555044889450073,1
0.42675861716270447,1
0.3752388656139374,1
0.48220497369766235,1
0.5004534125328064,1
0.3035884201526642,1
0.3553242087364197,1
0.37383443117141724,1
0.4670143127441406,1
0.45238953828811646,1
0.3948083221912384,1
0.3649154603481293,1
0.41027817130088806,1
0.448988139629364,1
0.38222795724868774,1
0.3888043761253357,1
0.4412190616130829,1
0.4291308522224426,1
0.44052854180336,1
0.36992618441581726,1
0.38090604543685913,1
0.4672539532184601,1
0.4340493679046631,1
0.3749152421951294,1
0.4142649471759796,1
0.5303728580474854,1
0.4322941303253174,1
0.3795028328895569,1
0.38125061988830566,1
0.38927459716796875,1
0.34106504917144775,1
0.3605530261993408,1
0.48342165350914,1
0.44744884967803955,1
0.5070525407791138,1
0.3788495659828186,1
0.39270302653312683,1
0.48410898447036743,1
0.4093502461910248,1
0.41604551672935486,1
0.491716593503952,1
0.6049262285232544,1
0.37366968393325806,1
0.3289325535297394,1
0.38101619482040405,1
0.3904302418231964,1
0.4471776783466339,1
0.34492388367652893,1
0.470370352268219,1
0.33422431349754333,1
0.3590433597564697,1
0.5113843083381653,1
0.536963701248169,1
0.4566418528556824,1
0.35521262884140015,1
0.45146650075912476,1
0.43540579080581665,1
0.4037458300590515,1
0.39400044083595276,1
0.3807106614112854,1
0.4257550835609436,1
0.4414236545562744,1
0.27962028980255127,1
0.3705843687057495,1
0.3788730502128601,1
0.45670244097709656,1
0.39540359377861023,1
0.34722915291786194,1
0.5340174436569214,1
0.47167760133743286,1
0.3639792799949646,1
0.38170233368873596,1
0.5681921243667603,1
0.5688976049423218,1
0.45548394322395325,1
0.60617995262146,1
0.4424220621585846,1
0.3988766074180603,1
0.47222375869750977,1
0.38048577308654785,1
0.31150904297828674,1
0.4841558337211609,1
0.396524041891098,1
0.4562682509422302,1
0.4622814953327179,1
0.4027599096298218,1
0.40930548310279846,1
0.46738940477371216,1
0.46886157989501953,1
0.427279531955719,1
0.4300140142440796,1
0.40719467401504517,1
0.3785935640335083,1
0.32394713163375854,1
0.5048583745956421,1
0.4988214075565338,1
0.626937985420227,1
0.36336463689804077,1
0.3365463316440582,1
0.46622583270072937,1
0.3645101487636566,1
0.3957940936088562,1
0.4252302348613739,1
0.3719877600669861,1
0.4911797046661377,1
0.3453819453716278,1
0.37874045968055725,1
0.35063403844833374,1
0.5166420340538025,1
0.42442965507507324,1
0.43207359313964844,1
0.504605770111084,1
0.48257511854171753,1
0.36439254879951477,1
0.4491168260574341,1
0.41077423095703125,1
0.5664364099502563,1
0.35180312395095825,1
0.5574475526809692,1
0.40578025579452515,1
0.43889498710632324,1
0.40655213594436646,1
0.3902606964111328,1
0.47559279203414917,1
0.48858746886253357,1
0.44703060388565063,1
0.44989198446273804,1
0.4411732256412506,1
0.5972585082054138,1
0.41727519035339355,1
0.5029656887054443,1
0.4208388924598694,1
0.43265771865844727,1
0.3823740482330322,1
0.4236721694469452,1
0.28040456771850586,1
0.44247716665267944,1
0.41398173570632935,1
0.4144130349159241,1
0.41088324785232544,1
0.40007755160331726,1
0.41188544034957886,1
0.3145650327205658,1
0.4300794005393982,1
0.3934597969055176,1
0.5494276285171509,1
0.3753003180027008,1
0.38854914903640747,1
0.4948897659778595,1
0.41672849655151367,1
0.5065808296203613,1
0.5041553378105164,1
0.3434082269668579,1
0.40189647674560547,1
0.40813273191452026,1
0.4624200761318207,1
0.3312385082244873,1
0.4111354351043701,1
0.47398513555526733,1
0.37917113304138184,1
0.42880409955978394,1
0.4681089222431183,1
0.5089001655578613,1
0.3867309093475342,1
0.32146358489990234,1
0.37618112564086914,1
0.4381018579006195,1
0.474019855260849,1
0.33723199367523193,1
0.5256714820861816,1
0.4572015404701233,1
0.4896151125431061,1
0.3499560058116913,1
0.4395451843738556,1
0.4488978683948517,1
0.5027022361755371,1
0.4819694757461548,1
0.5234805345535278,1
0.42829254269599915,1
0.4313454031944275,1
0.4904313087463379,1
0.47114425897598267,1
0.3503457009792328,1
0.3854783773422241,1
0.5308704972267151,1
0.29892128705978394,1
0.40715599060058594,1
0.3552233874797821,1
0.35807785391807556,1
0.4725548028945923,1
0.37346750497817993,1
0.3739411532878876,1
0.4185847342014313,1
0.4507777988910675,1
0.3949600160121918,1
0.46352800726890564,1
0.40903571248054504,1
0.3986921012401581,1
0.4327383041381836,1
0.4037874639034271,1
0.5250175595283508,1
0.5171509981155396,1
0.34570348262786865,1
0.3647422194480896,1
0.3925240635871887,1
0.3517920672893524,1
0.38886725902557373,1
0.35978221893310547,1
0.4827757179737091,1
0.40676993131637573,1
0.39688053727149963,1
0.38796573877334595,1
0.5722395777702332,1
0.3208245635032654,1
0.42398151755332947,1
0.3414682149887085,1
0.6042830944061279,1
0.4906099736690521,1
0.4512089490890503,1
0.4144212305545807,1
0.35367971658706665,1
0.3323478698730469,1
0.4383057653903961,1
0.3286758363246918,1
0.5656722784042358,1
0.4712626338005066,1
0.47373437881469727,1
0.5604762434959412,1
0.4409474730491638,1
0.35760611295700073,1
0.3729158043861389,1
0.4775374233722687,1
0.3782791793346405,1
0.3415312170982361,1
0.36417824029922485,1
0.33832913637161255,1
0.4598418176174164,1
0.38075101375579834,1
0.46374058723449707,1
0.37174132466316223,1
0.4251929521560669,1
0.3668622374534607,1
0.46148863434791565,1
0.324162095785141,1
0.2737243175506592,1
0.34269607067108154,1
0.3858003318309784,1
0.40831947326660156,1
0.3517749309539795,1
0.4099830985069275,1
0.42219147086143494,1
0.45650625228881836,1
0.40240442752838135,1
0.3490879237651825,1
0.5863522291183472,1
0.42635998129844666,1
0.4455700218677521,1
0.42090174555778503,1
0.43127620220184326,1
0.424197256565094,1
0.408517062664032,1
0.4080871045589447,1
0.4268916845321655,1
0.4008239209651947,1
0.35391443967819214,1
0.5148495435714722,1
0.4130825996398926,1
0.500045657157898,1
0.4541245698928833,1
0.3970646858215332,1
0.3658449649810791,1
0.4288179874420166,1
0.3923060894012451,1
0.4165532886981964,1
0.45141181349754333,1
0.40795662999153137,1
0.3557458221912384,1
0.5923185348510742,1
0.4336647391319275,1
0.40308815240859985,1
0.6562267541885376,1
0.44045189023017883,1
0.4118412733078003,1
0.4487346410751343,1
0.3130083382129669,1
0.31309664249420166,1
0.4203147888183594,1
0.2325236052274704,1
0.5085692405700684,1
0.4574507772922516,1
0.4303339123725891,1
0.4106569290161133,1
0.4483586549758911,1
0.4999617040157318,1
0.4841763377189636,1
0.3703825771808624,1
0.3316875398159027,1
0.4568033218383789,1
0.4448363184928894,1
0.48003262281417847,1
0.39065855741500854,1
0.49798011779785156,1
0.43832090497016907,1
0.30336031317710876,1
0.3994291424751282,1
0.37248098850250244,1
0.4304574131965637,1
0.4072660207748413,1
0.48842787742614746,1
0.48724690079689026,1
0.3725336194038391,1
0.4732109010219574,1
0.531639575958252,1
0.47457295656204224,1
0.40069741010665894,1
0.5027287602424622,1
0.414340078830719,1
0.517548680305481,1
0.4278431236743927,1
0.4143087863922119,1
0.3282315731048584,1
0.39290907979011536,1
0.5220415592193604,1
0.4223468601703644,1
0.624068558216095,1
0.42390385270118713,1
0.5814384818077087,1
0.3144809305667877,1
0.48090416193008423,1
0.515861451625824,1
0.4035835266113281,1
0.5203012228012085,1
0.47329166531562805,1
0.3865656852722168,1
0.39934250712394714,1
0.4451007843017578,1
0.47516584396362305,1
0.4240707457065582,1
0.5062711238861084,1
0.4066779613494873,1
0.4169981777667999,1
0.4056395888328552,1
0.2930713891983032,1
0.3991953730583191,1
0.41353970766067505,1
0.4720333218574524,1
0.48283088207244873,1
0.47312843799591064,1
0.3827838897705078,1
0.3751884698867798,1
0.5295162200927734,1
0.4464421272277832,1
0.454067200422287,1
0.4315910041332245,1
0.3465249538421631,1
0.41368573904037476,1
0.3962615728378296,1
0.3630719482898712,1
0.34360575675964355,1
0.3965838551521301,1
0.4975472688674927,1
0.4978022873401642,1
0.39934036135673523,1
0.42238181829452515,1
0.47080284357070923,1
0.529363214969635,1
0.4696183502674103,1
0.3741757273674011,1
0.45557862520217896,1
0.4549522399902344,1
0.5378149151802063,1
0.5172854065895081,1
0.4439297616481781,1
0.5124711990356445,1
0.4574507772922516,1
0.519883394241333,1
0.4697381854057312,1
0.38993242383003235,1
0.4169015884399414,1
0.29334354400634766,1
0.4666425585746765,1
0.44671180844306946,1
0.43109333515167236,1
0.38950812816619873,1
0.3115282952785492,1
0.4018358588218689,1
0.3663037419319153,1
0.4460069537162781,1
0.3835033178329468,1
0.5148801803588867,1
0.48294955492019653,1
0.455034077167511,1
0.44910505414009094,1
0.4476169943809509,1
0.40593382716178894,1
0.42448335886001587,1
0.3860301077365875,1
0.36101096868515015,1
0.37949883937835693,1
0.3911705017089844,1
0.40246260166168213,1
0.41757917404174805,1
0.4496351182460785,1
0.39497020840644836,1
0.38503003120422363,1
0.5280792117118835,1
0.4647523760795593,1
0.4268554747104645,1
0.5503429174423218,1
0.444700688123703,1
0.3089686930179596,1
0.45686742663383484,1
0.36705249547958374,1
0.37242215871810913,1
0.45672041177749634,1
0.4384534955024719,1
0.5068038702011108,1
0.5295152068138123,1
0.4777730107307434,1
0.44906073808670044,1
0.39739879965782166,1
0.3861379027366638,1
0.4336320757865906,1
0.42714831233024597,1
0.35875824093818665,1
0.3015560209751129,1
0.3913457989692688,1
0.31966036558151245,1
0.36270058155059814,1
0.5163997411727905,1
0.46049147844314575,1
0.3622197210788727,1
0.32764583826065063,1
0.40221381187438965,1
0.4020903706550598,1
0.5562543869018555,1
0.4327196478843689,1
0.4480266571044922,1
0.37933239340782166,1
0.5027753114700317,1
0.4165322780609131,1
0.39523428678512573,1
0.33020496368408203,1
0.49553561210632324,1
0.47435301542282104,1
0.4313466548919678,1
0.4121362268924713,1
0.37484848499298096,1
0.5393317937850952,1
0.40508025884628296,1
0.44087016582489014,1
0.35081982612609863,1
0.3808721601963043,1
0.39985141158103943,1
0.3167937695980072,1
0.3969162106513977,1
0.4158082604408264,1
0.43035879731178284,1
0.3550785183906555,1
0.42329782247543335,1
0.44834640622138977,1
0.3775562047958374,1
0.35531067848205566,1
0.4039513170719147,1
0.43798011541366577,1
0.5026165246963501,1
0.4898107647895813,1
0.33332252502441406,1
0.3686588406562805,1
0.4795665442943573,1
0.3074445128440857,1
0.37601202726364136,1
0.43560707569122314,1
0.4210337996482849,1
0.3259642720222473,1
0.5210180282592773,1
0.4121432900428772,1
0.3524796962738037,1
0.4709320366382599,1
0.523298978805542,1
0.3843867778778076,1
0.36040666699409485,1
0.3122749924659729,1
0.3993106782436371,1
0.38955289125442505,1
0.5620346069335938,1
0.4035351574420929,1
0.48749053478240967,1
0.412985235452652,1
0.3648880124092102,1
0.44694697856903076,1
0.4587002694606781,1
0.34163668751716614,1
0.45654869079589844,1
0.42641961574554443,1
0.4171680212020874,1
0.40300071239471436,1
0.4395793676376343,1
0.42411118745803833,1
0.31634625792503357,1
0.4371161460876465,1
0.5489938259124756,1
0.4477822780609131,1
0.40199923515319824,1
0.3133792281150818,1
0.4803675413131714,1
0.4466238021850586,1
0.4354311525821686,1
0.3883120119571686,1
0.4066945016384125,1
0.3826238512992859,1
0.3979220986366272,1
0.40147843956947327,1
0.4894481897354126,1
0.3258596658706665,1
0.4555398225784302,1
0.39055028557777405,1
0.6127009391784668,1
0.3327125012874603,1
0.477288156747818,1
0.42764154076576233,1
0.3289908766746521,1
0.36998870968818665,1
0.35162392258644104,1
0.44742217659950256,1
0.3941498100757599,1
0.4498814046382904,1
0.5106877088546753,1
0.4033973813056946,1
0.4857918620109558,1
0.28979355096817017,1
0.29755550622940063,1
0.3457881510257721,1
0.3725752532482147,1
0.37441712617874146,1
0.5447615385055542,1
0.3634810447692871,1
0.43812111020088196,1
0.4384723901748657,1
0.34273773431777954,1
0.4736270606517792,1
0.417347252368927,1
0.4485926330089569,1
0.5051249265670776,1
0.3980189859867096,1
0.4407746195793152,1
0.4007355868816376,1
0.3551405668258667,1
0.41905641555786133,1
0.36566346883773804,1
0.5150288939476013,1
0.5138657689094543,1
0.42173469066619873,1
0.32263439893722534,1
0.4313604533672333,1
0.43721818923950195,1
0.45666998624801636,1
0.48099949955940247,1
0.38426607847213745,1
0.45117712020874023,1
0.45871394872665405,1
0.4977334439754486,1
0.3743647336959839,1
0.5388797521591187,1
0.37913891673088074,1
0.35170695185661316,1
0.4788127541542053,1
0.41615551710128784,1
0.363966703414917,1
0.502748429775238,1
0.46986499428749084,1
0.3633154034614563,1
0.4297025799751282,1
0.37523353099823,1
0.3914819359779358,1
0.45309537649154663,1
0.4331338405609131,1
0.39533349871635437,1
0.39008036255836487,1
0.41226664185523987,1
0.4636894464492798,1
0.5109676718711853,1
0.4561351537704468,1
0.4641035795211792,1
0.48376232385635376,1
0.422898530960083,1
0.4192752242088318,1
0.41416361927986145,1
0.4383329153060913,1
0.4075644016265869,1
0.3389819860458374,1
0.3150827884674072,1
0.36948150396347046,1
0.35426798462867737,1
0.57159823179245,1
0.4786895215511322,1
0.41966569423675537,1
0.5315542817115784,1
0.4458037316799164,1
0.440574049949646,1
0.5727477669715881,1
0.6052407622337341,1
0.4612952470779419,1
0.4023101031780243,1
0.46835726499557495,1
0.3670424520969391,1
0.427692711353302,1
0.45619750022888184,1
0.37677204608917236,1
0.4221054017543793,1
0.4556736648082733,1
0.489345520734787,1
0.4928091764450073,1
0.36973583698272705,1
0.41195252537727356,1
0.4102383255958557,1
0.5100428462028503,1
0.3941091299057007,1
0.4095395803451538,1
0.38505664467811584,1
0.3406464457511902,1
0.5138447284698486,1
0.548775851726532,1
0.43586114048957825,1
0.5027368068695068,1
0.3432028889656067,1
0.4932677149772644,1
0.4214390814304352,1
0.4400702118873596,1
0.3137010931968689,1
0.4481533169746399,1
0.45595037937164307,1
0.34887394309043884,1
0.42465460300445557,1
0.4231966435909271,1
0.44086092710494995,1
0.4860367476940155,1
0.5208909511566162,1
0.551487922668457,1
0.5037410259246826,1
0.4910365343093872,1
0.48769327998161316,1
0.38082563877105713,1
0.30224913358688354,1
0.3716430068016052,1
0.46760138869285583,1
0.4237530529499054,1
0.41025400161743164,1
0.4407258927822113,1
0.3717217743396759,1
0.41258445382118225,1
0.4818654954433441,1
0.41869157552719116,1
0.3844662308692932,1
0.39755934476852417,1
0.5366503596305847,1
0.42390215396881104,1
0.38336193561553955,1
0.42302778363227844,1
0.36414268612861633,1
0.4910581111907959,1
0.47036033868789673,1
0.35191869735717773,1
0.38166239857673645,1
0.42215460538864136,1
0.4362500309944153,1
0.4212924838066101,1
0.32391923666000366,1
0.5004833936691284,1
0.47704756259918213,1
0.38862794637680054,1
0.3430301249027252,1
0.45007839798927307,1
0.40911000967025757,1
0.40989989042282104,1
0.3524423837661743,1
0.3379412889480591,1
0.40758204460144043,1
0.38159486651420593,1
0.40796181559562683,1
0.4166279137134552,1
0.45822960138320923,1
0.38719430565834045,1
0.39592665433883667,1
0.41330406069755554,1
0.38716602325439453,1
0.37575626373291016,1
0.4039727747440338,1
0.38325291872024536,1
0.4981716573238373,1
0.40373656153678894,1
0.35750430822372437,1
0.3838399648666382,1
0.3915334939956665,1
0.45756009221076965,1
0.5031722187995911,1
0.33987101912498474,1
0.3587484061717987,1
0.395235538482666,1
0.7204566597938538,1
0.4216386079788208,1
0.4309577941894531,1
0.3895314037799835,1
0.3783220648765564,1
0.32975295186042786,1
0.34009578824043274,1
0.4528561532497406,1
0.45595845580101013,1
0.4162261188030243,1
0.46366462111473083,1
0.38820940256118774,1
0.40299099683761597,1
0.47159427404403687,1
0.445964515209198,1
0.4213342070579529,1
0.45565223693847656,1
0.3742673695087433,1
0.4225001931190491,1
0.4001593291759491,1
0.3815110921859741,1
0.5467759966850281,1
0.4996129274368286,1
0.3638612926006317,1
0.3537936210632324,1
0.4353969693183899,1
0.47548794746398926,1
0.40731081366539,1
0.3701191544532776,1
0.46239712834358215,1
0.43892258405685425,1
0.4585542678833008,1
0.3590851128101349,1
0.4522155523300171,1
0.27099478244781494,1
0.4593976140022278,1
0.43448734283447266,1
0.4910656809806824,1
0.46407055854797363,1
0.554614782333374,1
0.38179081678390503,1
0.5039993524551392,1
0.4439127445220947,1
0.44255414605140686,1
0.5611051321029663,1
0.42715054750442505,1
0.3822781443595886,1
0.4776656925678253,1
0.46461305022239685,1
0.5185627937316895,1
0.398027628660202,1
0.4524233937263489,1
0.39839550852775574,1
0.32887235283851624,1
0.3498188257217407,1
0.3815399408340454,1
0.6018979549407959,1
0.43808242678642273,1
0.46206122636795044,1
0.39339202642440796,1
0.40762558579444885,1
0.36635056138038635,1
0.4701995551586151,1
0.5131712555885315,1
0.43553242087364197,1
0.4038815498352051,1
0.4039143919944763,1
0.43157127499580383,1
0.39997732639312744,1
0.5344938039779663,1
0.3917112946510315,1
0.47397857904434204,1
0.4452928900718689,1
0.47405678033828735,1
0.403329074382782,1
0.44723057746887207,1
0.37467730045318604,1
0.46359971165657043,1
0.49032190442085266,1
0.3707749843597412,1
0.376023530960083,1
0.50792396068573,1
0.5121056437492371,1
0.39256739616394043,1
0.3777961730957031,1
0.4732566773891449,1
0.4799138903617859,1
0.4289575517177582,1
0.4349718987941742,1
0.39072734117507935,1
0.41321492195129395,1
0.4138619601726532,1
0.3621731996536255,1
0.4392961859703064,1
0.3786606192588806,1
0.39495766162872314,1
0.4476884603500366,1
0.4607315957546234,1
0.4476967453956604,1
0.42685502767562866,1
0.4850825071334839,1
0.4755971431732178,1
0.4649270176887512,1
0.35649824142456055,1
0.34580886363983154,1
0.36937808990478516,1
0.40748316049575806,1
0.3740648925304413,1
0.3912903666496277,1
0.5169678330421448,1
0.34735456109046936,1
0.4285699725151062,1
0.4520302414894104,1
0.45553091168403625,1
0.43710801005363464,1
0.4223775267601013,1
0.42463603615760803,1
0.3988504409790039,1
0.38212454319000244,1
0.4749847650527954,1
0.32637643814086914,1
0.3734070658683777,1
0.44131985306739807,1
0.5638355016708374,1
0.5619524717330933,1
0.5279039144515991,1
0.4184696078300476,1
0.3985602855682373,1
0.4116511344909668,1
0.4041837453842163,1
0.5405328273773193,1
0.5321203470230103,1
0.4095514714717865,1
0.45736610889434814,1
0.4840243458747864,1
0.47618699073791504,1
0.3718563914299011,1
0.4793703556060791,1
0.43215471506118774,1
0.36534836888313293,1
0.42584872245788574,1
0.4285733103752136,1
0.336734414100647,1
0.4709983468055725,1
0.33768749237060547,1
0.43131518363952637,1
0.450695276260376,1
0.4328855574131012,1
0.3601537048816681,1
0.5005114078521729,1
0.513285219669342,1
0.37534984946250916,1
0.484619140625,1
0.4075673818588257,1
0.35145506262779236,1
0.4426621198654175,1
0.5096310973167419,1
0.453673779964447,1
0.3915126919746399,1
0.4249952435493469,1
0.4257237911224365,1
0.44338732957839966,1
0.44842320680618286,1
0.4469580054283142,1
0.3106405735015869,1
0.43885141611099243,1
0.42826908826828003,1
0.37588798999786377,1
0.35132071375846863,1
0.4873150587081909,1
0.4314085841178894,1
0.5448111295700073,1
0.4864252209663391,1
0.3936521112918854,1
0.3867591619491577,1
0.4184432625770569,1
0.326068252325058,1
0.48308056592941284,1
0.47284913063049316,1
0.4989783763885498,1
0.36110904812812805,1
0.4114444851875305,1
0.37282127141952515,1
0.3997378349304199,1
0.39536193013191223,1
0.41867130994796753,1
0.42899417877197266,1
0.4170301854610443,1
0.6149560213088989,1
0.5263153314590454,1
0.3945348560810089,1
0.43868082761764526,1
0.3667985200881958,1
0.3911364674568176,1
0.38666027784347534,1
0.502282977104187,1
0.44212570786476135,1
0.5636688470840454,1
0.44895026087760925,1
0.35167422890663147,1
0.40667444467544556,1
0.3911252021789551,1
0.47446295619010925,1
0.4308987855911255,1
0.44429832696914673,1
0.3498130738735199,1
0.5312188863754272,1
0.3151991367340088,1
0.3457852005958557,1
0.3552727699279785,1
0.45686018466949463,1
0.4624727964401245,1
0.4510611891746521,1
0.3919624984264374,1
0.44601744413375854,1
0.3737417459487915,1
0.41595908999443054,1
0.3648596405982971,1
0.39175066351890564,1
0.31270092725753784,1
0.4987788796424866,1
0.36442917585372925,1
0.34177231788635254,1
0.42209649085998535,1
0.4228130877017975,1
0.48777228593826294,1
0.344868540763855,1
0.4320223927497864,1
0.5287016034126282,1
0.37055569887161255,1
0.48483380675315857,1
0.42970091104507446,1
0.39159566164016724,1
0.45983290672302246,1
0.6162666082382202,1
0.45532166957855225,1
0.5988244414329529,1
0.3700196146965027,1
0.4339398741722107,1
0.41654086112976074,1
0.413865327835083,1
0.5032340288162231,1
0.5231990218162537,1
0.42823725938796997,1
0.465986430644989,1
0.6184930205345154,1
0.36074644327163696,1
0.5727376937866211,1
0.39758044481277466,1
0.5075275897979736,1
0.39233800768852234,1
0.41397666931152344,1
0.34481972455978394,1
0.35555875301361084,1
0.5414755344390869,1
0.49168333411216736,1
0.43046772480010986,1
0.437834769487381,1
0.4742819666862488,1
0.46774524450302124,1
0.48492881655693054,1
0.6057906746864319,1
0.33257389068603516,1
0.4370684027671814,1
0.39113980531692505,1
0.44778600335121155,1
0.403747022151947,1
0.3696768879890442,1
0.48473870754241943,1
0.46162253618240356,1
0.43553709983825684,1
0.3851127028465271,1
0.4012470245361328,1
0.3651004433631897,1
0.5124297142028809,1
0.365220844745636,1
0.49092018604278564,1
0.47696447372436523,1
0.47047221660614014,1
0.4548667073249817,1
0.32654714584350586,1
0.453541100025177,1
0.47486597299575806,1
0.46821436285972595,1
0.36170297861099243,1
0.41434329748153687,1
0.37998533248901367,1
0.4478890001773834,1
0.47900980710983276,1
0.4768560230731964,1
0.46489596366882324,1
0.3683348298072815,1
0.42325180768966675,1
0.37759554386138916,1
0.33731842041015625,1
0.4230746030807495,1
0.49940335750579834,1
0.3375566005706787,1
0.36861100792884827,1
0.3614388704299927,1
0.26765379309654236,1
0.37741729617118835,1
0.42045676708221436,1
0.4342038631439209,1
0.2798810601234436,1
0.43998128175735474,1
0.4390198588371277,1
0.44505375623703003,1
0.48180434107780457,1
0.37676483392715454,1
0.42707353830337524,1
0.4439602494239807,1
0.36975058913230896,1
0.468686044216156,1
0.3158048093318939,1
0.4569934606552124,1
0.359416127204895,1
0.3549962639808655,1
0.36985063552856445,1
0.48650482296943665,1
0.42150887846946716,1
0.4321199059486389,1
0.478424072265625,1
0.3951886296272278,1
0.39877405762672424,1
0.49872729182243347,1
0.46282902359962463,1
0.5041388869285583,1
0.40642252564430237,1
0.5116554498672485,1
0.33886057138442993,1
0.3241422772407532,1
0.4061576724052429,1
0.4946293234825134,1
0.4061376750469208,1
0.33450281620025635,1
0.3902544379234314,1
0.566850483417511,1
0.4958077371120453,1
0.5105478167533875,1
0.5213534235954285,1
0.3635503649711609,1
0.3701767921447754,1
0.477064311504364,1
0.499776154756546,1
0.4082464575767517,1
0.5396347045898438,1
0.4753367304801941,1
0.39624184370040894,1
0.544530987739563,1
0.47388842701911926,1
0.4497586488723755,1
0.4642072916030884,1
0.36303162574768066,1
0.3064924478530884,1
0.4284505844116211,1
0.41934269666671753,1
0.37001144886016846,1
0.32767564058303833,1
0.5098739266395569,1
0.3467007875442505,1
0.42240336537361145,1
0.41566070914268494,1
0.3744039535522461,1
0.3570461869239807,1
0.4380060136318207,1
0.41028058528900146,1
0.3911510407924652,1
0.451170414686203,1
0.46584734320640564,1
0.3730026185512543,1
0.4593440890312195,1
0.37873971462249756,1
0.47767892479896545,1
0.4117897152900696,1
0.3495505154132843,1
0.39854666590690613,1
0.43034881353378296,1
0.40819066762924194,1
0.40572023391723633,1
0.48323383927345276,1
0.41475218534469604,1
0.4392370581626892,1
0.44983458518981934,1
0.37367865443229675,1
0.37926602363586426,1
0.3521728515625,1
0.39958831667900085,1
0.4838595688343048,1
0.3761383593082428,1
0.5664776563644409,1
0.39169177412986755,1
0.4229477345943451,1
0.41996681690216064,1
0.4456521272659302,1
0.37409111857414246,1
0.4109119176864624,1
0.40826109051704407,1
0.35042259097099304,1
0.4809644818305969,1
0.5367457866668701,1
0.4486727714538574,1
0.4946608543395996,1
0.4161478579044342,1
0.3568577766418457,1
0.5019258260726929,1
0.4066021144390106,1
0.4272574782371521,1
0.4779527485370636,1
0.40633851289749146,1
0.3930908441543579,1
0.3936953544616699,1
0.43132925033569336,1
0.5016036033630371,1
0.4597557783126831,1
0.3790965676307678,1
0.4920128881931305,1
0.368405818939209,1
0.36386817693710327,1
0.5333214998245239,1
0.46746203303337097,1
0.44644421339035034,1
0.39409250020980835,1
0.44580429792404175,1
0.3637508749961853,1
0.4796612858772278,1
0.43980878591537476,1
0.4347745180130005,1
0.3756551444530487,1
0.5111811757087708,1
0.3619294762611389,1
0.4364614486694336,1
0.4650503396987915,1
0.517951250076294,1
0.4835049510002136,1
0.4487777650356293,1
0.432605117559433,1
0.39508897066116333,1
0.4683884084224701,1
0.45400920510292053,1
0.3868138790130615,1
0.5246989727020264,1
0.32258403301239014,1
0.37357234954833984,1
0.4566705524921417,1
0.5468207597732544,1
0.5017204880714417,1
0.43924960494041443,1
0.3639552593231201,1
0.4955822229385376,1
0.3332047164440155,1
0.44493407011032104,1
0.4554924964904785,1
0.41862761974334717,1
0.4280792772769928,1
0.36777710914611816,1
0.3756318986415863,1
0.33695340156555176,1
0.43946602940559387,1
0.42236781120300293,1
0.5603457689285278,1
0.5094327926635742,1
0.4147474765777588,1
0.4316690266132355,1
0.32252687215805054,1
0.5340558290481567,1
0.5635176301002502,1
0.4859159588813782,1
0.508301317691803,1
0.40272200107574463,1
0.3687198758125305,1
0.4860888421535492,1
0.3835427463054657,1
0.3912578821182251,1
0.4611779451370239,1
0.34907615184783936,1
0.4046981632709503,1
0.47496628761291504,1
0.4122854173183441,1
0.43979892134666443,1
0.49487340450286865,1
0.43112051486968994,1
0.5505788326263428,1
0.41696876287460327,1
0.48509374260902405,1
0.48548996448516846,1
0.46285420656204224,1
0.38753148913383484,1
0.3823835849761963,1
0.45491737127304077,1
0.30304086208343506,1
0.31653040647506714,1
0.44448715448379517,1
0.408012330532074,1
0.5250803232192993,1
0.4611636698246002,1
0.3075655698776245,1
0.39383774995803833,1
0.4581204354763031,1
0.34446588158607483,1
0.35124558210372925,1
0.3941919207572937,1
0.4298802614212036,1
0.3964698910713196,1
0.5592284202575684,1
0.37348484992980957,1
0.45078015327453613,1
0.511032223701477,1
0.4606635868549347,1
0.42227956652641296,1
0.4635469317436218,1
0.40267515182495117,1
0.4306122958660126,1
0.4496805965900421,1
0.35015669465065,1
0.3540109694004059,1
0.5429161787033081,1
0.48661699891090393,1
0.4976995587348938,1
0.3396334946155548,1
0.46040093898773193,1
0.39739900827407837,1
0.4221382141113281,1
0.375682532787323,1
0.42677485942840576,1
0.4149165451526642,1
0.4819411337375641,1
0.45067518949508667,1
0.4212474822998047,1
0.48548272252082825,1
0.389456570148468,1
0.4204373061656952,1
0.3496924340724945,1
0.37248289585113525,1
0.3735966682434082,1
0.4084585905075073,1
0.3471636176109314,1
0.4717250466346741,1
0.4361342191696167,1
0.4428567886352539,1
0.4826483428478241,1
0.4061170220375061,1
0.4398431181907654,1
0.5779672861099243,1
0.4272967576980591,1
0.3785652816295624,1
0.41479432582855225,1
0.47360703349113464,1
0.368694543838501,1
0.423147052526474,1
0.37943536043167114,1
0.5034269690513611,1
0.446697473526001,1
0.47240692377090454,1
0.5069221258163452,1
0.5660253763198853,1
0.46476608514785767,1
0.4675864577293396,1
0.41214337944984436,1
0.4782876968383789,1
0.4066285192966461,1
0.33059123158454895,1
0.3825278580188751,1
0.44858500361442566,1
0.5132260322570801,1
0.3755868673324585,1
0.44284871220588684,1
0.34896522760391235,1
0.42129993438720703,1
0.36124828457832336,1
0.4268485903739929,1
0.5124019384384155,1
0.49257898330688477,1
0.49430984258651733,1
0.40571343898773193,1
0.3968982696533203,1
0.4048929810523987,1
0.42337071895599365,1
0.4761403799057007,1
0.3601115942001343,1
0.4443744719028473,1
0.3182688355445862,1
0.546111524105072,1
0.5402455925941467,1
0.39980262517929077,1
0.507249653339386,1
0.3913824260234833,1
0.3962472379207611,1
0.3744252622127533,1
0.4702425003051758,1
0.4072211980819702,1
0.4733131527900696,1
0.40174609422683716,1
0.512371301651001,1
0.4422380328178406,1
0.3994976878166199,1
0.4393976032733917,1
0.4583372473716736,1
0.4587094485759735,1
0.444677472114563,1
0.38964715600013733,1
0.42243069410324097,1
0.39632609486579895,1
0.3759995698928833,1
0.37385401129722595,1
0.39396020770072937,1
0.4544655382633209,1
0.4095153510570526,1
0.5291528701782227,1
0.3258976340293884,1
0.4012770652770996,1
0.38818812370300293,1
0.32977059483528137,1
0.34108370542526245,1
0.2915107011795044,1
0.5413655638694763,1
0.3716987371444702,1
0.48520177602767944,1
0.4459380507469177,1
0.4474033713340759,1
0.3972795903682709,1
0.41487401723861694,1
0.4130431115627289,1
0.3827078640460968,1
0.309676855802536,1
0.5150136351585388,1
0.4324302077293396,1
0.459414541721344,1
0.4626976251602173,1
0.3717007339000702,1
0.34465497732162476,1
0.45623308420181274,1
0.42154526710510254,1
0.4873167872428894,1
0.3651842772960663,1
0.37357938289642334,1
0.4572305679321289,1
0.34985285997390747,1
0.5523384213447571,1
0.4640030264854431,1
0.3720369338989258,1
0.3714042901992798,1
0.40157949924468994,1
0.31440940499305725,1
0.30689921975135803,1
0.35297924280166626,1
0.3379310965538025,1
0.5170009136199951,1
0.495307981967926,1
0.4556511640548706,1
0.5665945410728455,1
0.4495251178741455,1
0.47636842727661133,1
0.5293846726417542,1
0.4118066430091858,1
0.503494143486023,1
0.3724762499332428,1
0.38788408041000366,1
0.45162397623062134,1
0.4649449288845062,1
0.452719509601593,1
0.3672412037849426,1
0.4633152484893799,1
0.4499959647655487,1
0.4690171778202057,1
0.39810678362846375,1
0.53114914894104,1
0.43078550696372986,1
0.43528318405151367,1
0.3619443476200104,1
0.35112106800079346,1
0.47409293055534363,1
0.3729158341884613,1
0.3986172080039978,1
0.5243959426879883,1
0.33932197093963623,1
0.3695262372493744,1
0.490791380405426,1
0.3512691259384155,1
0.4707098603248596,1
0.38388770818710327,1
0.36515164375305176,1
0.36744266748428345,1
0.405978798866272,1
0.42850634455680847,1
0.4099861979484558,1
0.5382899641990662,1
0.44302329421043396,1
0.4528932571411133,1
0.4048503339290619,1
0.29871636629104614,1
0.3701283633708954,1
0.3947555720806122,1
0.5289148092269897,1
0.4082697331905365,1
0.5323681235313416,1
0.5119308829307556,1
0.4392481744289398,1
0.431795209646225,1
0.3915296494960785,1
0.481525182723999,1
0.36086198687553406,1
0.37421128153800964,1
0.46459367871284485,1
0.3095569610595703,1
0.4919527471065521,1
0.39862507581710815,1
0.4229459762573242,1
0.462321400642395,1
0.3931810259819031,1
0.5130905508995056,1
0.5539049506187439,1
0.5849898457527161,1
0.5462679862976074,1
0.5167243480682373,1
0.3748313784599304,1
0.3985052704811096,1
0.5104641318321228,1
0.3829583525657654,1
0.35089394450187683,1
0.43432873487472534,1
0.4682566821575165,1
0.45185160636901855,1
0.48403918743133545,1
0.3680104911327362,1
0.42880529165267944,1
0.426862895488739,1
0.5295474529266357,1
0.41531074047088623,1
0.4779873192310333,1
0.4814133048057556,1
0.3464210033416748,1
0.42254137992858887,1
0.4229508638381958,1
0.3947848677635193,1
0.543470025062561,1
0.4208354651927948,1
0.42942437529563904,1
0.3492962718009949,1
0.3550553321838379,1
0.48478642106056213,1
0.38242360949516296,1
0.43068236112594604,1
0.334443062543869,1
0.49978119134902954,1
0.4361163377761841,1
0.3932589292526245,1
0.34284108877182007,1
0.476460337638855,1
0.31757938861846924,1
0.3172541558742523,1
0.33201318979263306,1
0.48185086250305176,1
0.4410499930381775,1
0.3507389724254608,1
0.43006905913352966,1
0.515372633934021,1
0.36453527212142944,1
0.48854687809944153,1
0.44269245862960815,1
0.36989864706993103,1
0.41763368248939514,1
0.436000257730484,1
0.34630781412124634,1
0.4391542673110962,1
0.404770165681839,1
0.38037586212158203,1
0.3812163472175598,1
0.4628691077232361,1
0.341717928647995,1
0.4621124565601349,1
0.4912857413291931,1
0.41607022285461426,1
0.4437798261642456,1
0.4991210699081421,1
0.4549722671508789,1
0.44813549518585205,1
0.49190327525138855,1
0.34709060192108154,1
0.39835238456726074,1
0.39632242918014526,1
0.5271565914154053,1
0.40195387601852417,1
0.3806682825088501,1
0.38886746764183044,1
0.410153865814209,1
0.35607457160949707,1
0.4515644609928131,1
0.4709596633911133,1
0.44484955072402954,1
0.37791162729263306,1
0.28778326511383057,1
0.3828445076942444,1
0.5376625657081604,1
0.2822456657886505,1
0.32616323232650757,1
0.4899815618991852,1
0.5338581204414368,1
0.5017807483673096,1
0.3876972496509552,1
0.4355913996696472,1
0.4199199080467224,1
0.42574620246887207,1
0.5434893369674683,1
0.3171854019165039,1
0.3503078818321228,1
0.3818957209587097,1
0.3810245394706726,1
0.43242233991622925,1
0.43346256017684937,1
0.42720556259155273,1
0.5027142763137817,1
0.5141847133636475,1
0.3409377932548523,1
0.37261632084846497,1
0.41112446784973145,1
0.43022477626800537,1
0.514584481716156,1
0.3093589246273041,1
0.4405249357223511,1
0.4712388813495636,1
0.3245495855808258,1
0.3883706033229828,1
0.40627890825271606,1
0.42378589510917664,1
0.4307246804237366,1
0.4153755307197571,1
0.4153743386268616,1
0.36949166655540466,1
0.39244282245635986,1
0.4800283908843994,1
0.4286828637123108,1
0.3839358687400818,1
0.35203850269317627,1
0.5068348050117493,1
0.34530001878738403,1
0.4120287597179413,1
0.39973074197769165,1
0.3659418523311615,1
0.4217675030231476,1
0.33236563205718994,1
0.4062853455543518,1
0.43922311067581177,1
0.32783424854278564,1
0.339758962392807,1
0.4583345353603363,1
0.48454323410987854,1
0.44878333806991577,1
0.3749120533466339,1
0.4470975399017334,1
0.3029114603996277,1
0.4598049223423004,1
0.33827781677246094,1
0.40900957584381104,1
0.4289020299911499,1
0.43304917216300964,1
0.3055315613746643,1
0.4824231266975403,1
0.4310559034347534,1
0.5428853034973145,1
0.35977599024772644,1
0.4236190915107727,1
0.45129454135894775,1
0.49577516317367554,1
0.3563491702079773,1
0.4062967598438263,1
0.45246726274490356,1
0.4331226348876953,1
0.47867828607559204,1
0.3325885236263275,1
0.3970835208892822,1
0.3689865171909332,1
0.47840654850006104,1
0.37127310037612915,1
0.39946040511131287,1
0.4080590307712555,1
0.5154979825019836,1
0.42755675315856934,1
0.37508565187454224,1
0.3000321388244629,1
0.47959309816360474,1
0.4199925363063812,1
0.36731672286987305,1
0.504208505153656,1
0.5668152570724487,1
0.4426829516887665,1
0.39948129653930664,1
0.26721230149269104,1
0.46824052929878235,1
0.47675687074661255,1
0.5351507067680359,1
0.41796112060546875,1
0.40020298957824707,1
0.3428853750228882,1
0.4680718779563904,1
0.44257181882858276,1
0.5326235294342041,1
0.3906775414943695,1
0.41043394804000854,1
0.41003620624542236,1
0.42861005663871765,1
0.2927311956882477,1
0.4468729496002197,1
0.47365689277648926,1
0.6423661112785339,1
0.3959711194038391,1
0.45264583826065063,1
0.4427586793899536,1
0.47111740708351135,1
0.45655444264411926,1
0.5073801279067993,1
0.3039250373840332,1
0.4484860599040985,1
0.49026748538017273,1
0.4515312910079956,1
0.3141682744026184,1
0.42891621589660645,1
0.33343595266342163,1
0.49321848154067993,1
0.45421814918518066,1
0.47538256645202637,1
0.39300334453582764,1
0.4137078523635864,1
0.4025598466396332,1
0.45939645171165466,1
0.4139634370803833,1
0.5408347249031067,1
0.542283296585083,1
0.4637812077999115,1
0.4311595857143402,1
0.38492465019226074,1
0.3780648410320282,1
0.3265823721885681,1
0.44351980090141296,1
0.41443687677383423,1
0.47238749265670776,1
0.3792150616645813,1
0.4987013041973114,1
0.36893367767333984,1
0.3907076120376587,1
0.4247680902481079,1
0.4951373338699341,1
0.3651135563850403,1
0.4149196147918701,1
0.4130710959434509,1
0.4282601773738861,1
0.5090535879135132,1
0.3731834590435028,1
0.5305173397064209,1
0.2912113666534424,1
0.41091278195381165,1
0.5114700794219971,1
0.37465956807136536,1
0.491940975189209,1
0.38637837767601013,1
0.3982261121273041,1
0.30839136242866516,1
0.6037426590919495,1
0.35749703645706177,1
0.4770858883857727,1
0.44818803668022156,1
0.5072431564331055,1
0.4192667603492737,1
0.4847898483276367,1
0.4273022413253784,1
0.4292305111885071,1
0.45608237385749817,1
0.3694673180580139,1
0.396567702293396,1
0.372927188873291,1
0.48828667402267456,1
0.4412707984447479,1
0.2964540719985962,1
0.4550197720527649,1
0.49008095264434814,1
0.38509711623191833,1
0.35903024673461914,1
0.43593454360961914,1
0.45540452003479004,1
0.43473681807518005,1
0.44666802883148193,1
0.44965147972106934,1
0.5218493342399597,1
0.3637092411518097,1
0.4255847930908203,1
0.48253434896469116,1
0.4380669891834259,1
0.49944567680358887,1
0.2993156909942627,1
0.4957793951034546,1
0.5168664455413818,1
0.4162658452987671,1
0.4723779559135437,1
0.4254235625267029,1
0.36888664960861206,1
0.38951683044433594,1
0.40512627363204956,1
0.42244040966033936,1
0.3353651165962219,1
0.46608781814575195,1
0.46779611706733704,1
0.39884501695632935,1
0.31138917803764343,1
0.37879133224487305,1
0.5813489556312561,1
0.49216407537460327,1
0.40222781896591187,1
0.41051363945007324,1
0.41328221559524536,1
0.4365428686141968,1
0.461867094039917,1
0.49065423011779785,1
0.47671404480934143,1
0.3497619926929474,1
0.5693182945251465,1
0.39277946949005127,1
0.4102012813091278,1
0.39662688970565796,1
0.5112849473953247,1
0.466272234916687,1
0.4107940196990967,1
0.3888855576515198,1
0.560229480266571,1
0.5030756592750549,1
0.5325890779495239,1
0.3976271152496338,1
0.5493324995040894,1
0.5505149960517883,1
0.4410778284072876,1
0.409890353679657,1
0.4909040331840515,1
0.48473256826400757,1
0.5425195097923279,1
0.4642469882965088,1
0.48704540729522705,1
0.5465269088745117,1
0.3816578686237335,1
0.44608253240585327,1
0.37096449732780457,1
0.459897518157959,1
0.4252999424934387,1
0.4328828752040863,1
0.48280778527259827,1
0.440871000289917,1
0.430303692817688,1
0.37397274374961853,1
0.38187575340270996,1
0.3437076807022095,1
0.4128882586956024,1
0.4924948513507843,1
0.47771763801574707,1
0.49875837564468384,1
0.368431031703949,1
0.4053610563278198,1
0.3653606176376343,1
0.4281572103500366,1
0.44579213857650757,1
0.4100675880908966,1
0.3855390250682831,1
0.47729963064193726,1
0.39130300283432007,1
0.41390177607536316,1
0.5096232295036316,1
0.438296914100647,1
0.4757114052772522,1
0.4140341877937317,1
0.42834216356277466,1
0.413149356842041,1
0.4823015332221985,1
0.39381250739097595,1
0.40051591396331787,1
0.44214725494384766,1
0.3873418867588043,1
0.6161720752716064,1
0.41984128952026367,1
0.5094568133354187,1
0.4416930377483368,1
0.4754974842071533,1
0.37544992566108704,1
0.4648765027523041,1
0.3901020288467407,1
0.37786054611206055,1
0.5092736482620239,1
0.39824262261390686,1
0.34760260581970215,1
0.425224244594574,1
0.35521119832992554,1
0.43035972118377686,1
0.3194017708301544,1
0.31740686297416687,1
0.35077759623527527,1
0.495456337928772,1
0.44993433356285095,1
0.4752565026283264,1
0.4192270338535309,1
0.48855578899383545,1
0.41630977392196655,1
0.39618968963623047,1
0.43952271342277527,1
0.46630656719207764,1
0.4429093301296234,1
0.4231606125831604,1
0.4239276051521301,1
0.41912272572517395,1
0.3733236491680145,1
0.4803502559661865,1
0.4384201169013977,1
0.48572659492492676,1
0.34314075112342834,1
0.42641526460647583,1
0.4956813156604767,1
0.4869893193244934,1
0.4029950201511383,1
0.36802297830581665,1
0.29860490560531616,1
0.3910973370075226,1
0.5190507769584656,1
0.46582281589508057,1
0.37178170680999756,1
0.42237934470176697,1
0.39206796884536743,1
0.3728298842906952,1
0.5604569315910339,1
0.4671292006969452,1
0.4981307089328766,1
0.3967544436454773,1
0.4656628966331482,1
0.44863662123680115,1
0.36070650815963745,1
0.4930255711078644,1
0.4587875008583069,1
0.3785676956176758,1
0.41707372665405273,1
0.46512463688850403,1
0.3643588423728943,1
0.3631307780742645,1
0.45085859298706055,1
0.41799360513687134,1
0.4266422390937805,1
0.44546571373939514,1
0.32992634177207947,1
0.4809313416481018,1
0.39020490646362305,1
0.5100129246711731,1
0.46782639622688293,1
0.5460507869720459,1
0.3692187964916229,1
0.4937799870967865,1
0.44606494903564453,1
0.4740462303161621,1
0.3925742208957672,1
0.44301116466522217,1
0.5401558876037598,1
0.3619285225868225,1
0.41539058089256287,1
0.3718574643135071,1
0.38334497809410095,1
0.514733076095581,1
0.4674924612045288,1
0.4145500957965851,1
0.4373195767402649,1
0.44172403216362,1
0.37213581800460815,1
0.4246009886264801,1
0.4409092962741852,1
0.4304444193840027,1
0.4444403052330017,1
0.47793474793434143,1
0.45623087882995605,1
0.3637721538543701,1
0.40461960434913635,1
0.5031154155731201,1
0.42752397060394287,1
0.44213730096817017,1
0.3765425980091095,1
0.5345522165298462,1
0.2860165238380432,1
0.39378201961517334,1
0.4352477490901947,1
0.4341976046562195,1
0.39919358491897583,1
0.34826672077178955,1
0.35137131810188293,1
0.4469258189201355,1
0.5333007574081421,1
0.3297426402568817,1
0.4439429044723511,1
0.38298341631889343,1
0.464082270860672,1
0.45502394437789917,1
0.4923818111419678,1
0.43141406774520874,1
0.30538299679756165,1
0.3879728615283966,1
0.5550150871276855,1
0.3964773416519165,1
0.38885214924812317,1
0.4744245409965515,1
0.41076797246932983,1
0.38762229681015015,1
0.3864104151725769,1
0.43245822191238403,1
0.40800315141677856,1
0.36532700061798096,1
0.5677552223205566,1
0.369387149810791,1
0.38083091378211975,1
0.4711727797985077,1
0.4251628518104553,1
0.5560131669044495,1
0.42407894134521484,1
0.4796869158744812,1
0.4174173176288605,1
0.4919360876083374,1
0.34659260511398315,1
0.43908652663230896,1
0.3029661178588867,1
0.45931029319763184,1
0.39766359329223633,1
0.3806803524494171,1
0.3855074644088745,1
0.4158710241317749,1
0.4005580544471741,1
0.34475624561309814,1
0.3552042543888092,1
0.4805818796157837,1
0.30698248744010925,1
0.38858526945114136,1
0.4602140188217163,1
0.4211448132991791,1
0.4701231122016907,1
0.3751288056373596,1
0.284278929233551,1
0.5091106295585632,1
0.3778202533721924,1
0.43902695178985596,1
0.45375505089759827,1
0.5348608493804932,1
0.495547890663147,1
0.3971709907054901,1
0.4061891436576843,1
0.41196560859680176,1
0.4416138231754303,1
0.40837323665618896,1
0.3592044413089752,1
0.46864524483680725,1
0.4601542353630066,1
0.5043027997016907,1
0.3823716640472412,1
0.4248788356781006,1
0.3960818946361542,1
0.4433336555957794,1
0.46643608808517456,1
0.4084533452987671,1
0.4130539298057556,1
0.382953405380249,1
0.4849585294723511,1
0.5005977749824524,1
0.4254688620567322,1
0.5033237934112549,1
0.4604448676109314,1
0.38961637020111084,1
0.4955345392227173,1
0.39541947841644287,1
0.31593579053878784,1
0.4461483955383301,1
0.4531976580619812,1
0.4092147946357727,1
0.45199134945869446,1
0.3348639905452728,1
0.4491349458694458,1
0.3630986511707306,1
0.4460444450378418,1
0.5188966393470764,1
0.38753682374954224,1
0.3772234320640564,1
0.3876211643218994,1
0.4085565507411957,1
0.399416446685791,1
0.5184044241905212,1
0.44085437059402466,1
0.40545010566711426,1
0.4329051673412323,1
0.3716617822647095,1
0.41440537571907043,1
0.46344566345214844,1
0.45876094698905945,1
0.3735048770904541,1
0.4644266963005066,1
0.3552160859107971,1
0.45432907342910767,1
0.5150437355041504,1
0.3868175148963928,1
0.4107588231563568,1
0.42605990171432495,1
0.386809378862381,1
0.35363447666168213,1
0.4783933758735657,1
0.3917404115200043,1
0.38472527265548706,1
0.44405344128608704,1
0.4603368937969208,1
0.40794122219085693,1
0.42859187722206116,1
0.48854777216911316,1
0.33227095007896423,1
0.4286080002784729,1
0.46226364374160767,1
0.3944457769393921,1
0.45598459243774414,1
0.41365793347358704,1
0.4242027699947357,1
0.392841100692749,1
0.4688214361667633,1
0.49000805616378784,1
0.5284175872802734,1
0.49088066816329956,1
0.5404599905014038,1
0.44453462958335876,1
0.308148056268692,1
0.34344482421875,1
0.3690057694911957,1
0.5728299021720886,1
0.545474648475647,1
0.41931962966918945,1
0.4092159867286682,1
0.41852667927742004,1
0.3352612853050232,1
0.44497066736221313,1
0.31484299898147583,1
0.38554006814956665,1
0.38586699962615967,1
0.45256030559539795,1
0.39783650636672974,1
0.38781875371932983,1
0.4081898331642151,1
0.35652536153793335,1
0.4039343297481537,1
0.5313013792037964,1
0.4457840323448181,1
0.38368403911590576,1
0.35047996044158936,1
0.49599191546440125,1
0.40234774351119995,1
0.3602038025856018,1
0.3527928590774536,1
0.38383960723876953,1
0.33555305004119873,1
0.36354005336761475,1
0.444699227809906,1
0.3413490056991577,1
0.4048130214214325,1
0.397186279296875,1
0.5565369129180908,1
0.42031365633010864,1
0.3138953447341919,1
0.4141123294830322,1
0.47210413217544556,1
0.4728342890739441,1
0.46881771087646484,1
0.3958281874656677,1
0.5786461234092712,1
0.5270709991455078,1
0.4605371952056885,1
0.5147202014923096,1
0.5608974695205688,1
0.5048408508300781,1
0.39121106266975403,1
0.35670217871665955,1
0.24840649962425232,1
0.4565944969654083,1
0.43449872732162476,1
0.3879489004611969,1
0.5402674674987793,1
0.4816892743110657,1
0.345918744802475,1
0.4101051390171051,1
0.39781975746154785,1
0.4511661231517792,1
0.3745635449886322,1
0.47590839862823486,1
0.4491010308265686,1
0.40605825185775757,1
0.42364710569381714,1
0.3222626745700836,1
0.4369293451309204,1
0.3940322697162628,1
0.46999841928482056,1
0.4333009123802185,1
0.46419715881347656,1
0.450069785118103,1
0.5312716960906982,1
0.43765848875045776,1
0.525733232498169,1
0.4912896156311035,1
0.5304984450340271,1
0.5379748344421387,1
0.4643068313598633,1
0.32897406816482544,1
0.5057262182235718,1
0.37761449813842773,1
0.4015510678291321,1
0.4683668613433838,1
0.6168531179428101,1
0.3818938732147217,1
0.4259527325630188,1
0.5081754326820374,1
0.4546799957752228,1
0.5301786661148071,1
0.4506719410419464,1
0.4279288947582245,1
0.44418007135391235,1
0.4819958806037903,1
0.44048213958740234,1
0.5111304521560669,1
0.458479106426239,1
0.5446208119392395,1
0.4819292426109314,1
0.42277979850769043,1
0.5470668077468872,1
0.4512202739715576,1
0.46282172203063965,1
0.39077121019363403,1
0.512004554271698,1
0.4904521405696869,1
0.45482397079467773,1
0.4717850983142853,1
0.5227535963058472,1
0.4152030944824219,1
0.45374417304992676,1
0.491931676864624,1
0.3302000164985657,1
0.40763044357299805,1
0.4055422246456146,1
0.3802200257778168,1
0.4844781756401062,1
0.29683583974838257,1
0.3816579282283783,1
0.44800466299057007,1
0.43776386976242065,1
0.4787839651107788,1
0.4614102244377136,1
0.42763692140579224,1
0.4868137240409851,1
0.2999851405620575,1
0.3575572371482849,1
0.4531487226486206,1
0.4293947219848633,1
0.3795884847640991,1
0.4860072135925293,1
0.43316709995269775,1
0.5400516390800476,1
0.5032764077186584,1
0.36572837829589844,1
0.3687823712825775,1
0.32417047023773193,1
0.40262115001678467,1
0.35778623819351196,1
0.4296359717845917,1
0.3558225631713867,1
0.4926149249076843,1
0.5111986398696899,1
0.4368732273578644,1
0.48562341928482056,1
0.3240428566932678,1
0.33901363611221313,1
0.3567327857017517,1
0.3990156650543213,1
0.3886907696723938,1
0.3371933698654175,1
0.4371473491191864,1
0.3511672019958496,1
0.35366007685661316,1
0.4247586727142334,1
0.3571362793445587,1
0.47516313195228577,1
0.41287147998809814,1
0.4105895161628723,1
0.38160213828086853,1
0.39401954412460327,1
0.4487701952457428,1
0.40517154335975647,1
0.3198256194591522,1
0.4380280375480652,1
0.40831685066223145,1
0.40662431716918945,1
0.390471875667572,1
0.3321628272533417,1
0.34029582142829895,1
0.5053756237030029,1
0.4118865728378296,1
0.5907937288284302,1
0.46871432662010193,1
0.3487430214881897,1
0.44084233045578003,1
0.3339318335056305,1
0.5084235668182373,1
0.37877482175827026,1
0.39862287044525146,1
0.3300809860229492,1
0.3894244432449341,1
0.42662328481674194,1
0.43360674381256104,1
0.5012751817703247,1
0.32917940616607666,1
0.36729180812835693,1
0.30477702617645264,1
0.4108361601829529,1
0.4138389229774475,1
0.35130077600479126,1
0.3218877911567688,1
0.45553332567214966,1
0.4207516312599182,1
0.5147016048431396,1
0.4637887477874756,1
0.3517014682292938,1
0.5544283390045166,1
0.42670831084251404,1
0.3351849317550659,1
0.32702603936195374,1
0.45905399322509766,1
0.4578649401664734,1
0.4526215195655823,1
0.4097960293292999,1
0.41170722246170044,1
0.4786674976348877,1
0.4230233430862427,1
0.31263574957847595,1
0.2786041498184204,1
0.38608261942863464,1
0.33848559856414795,1
0.5707370042800903,1
0.40723174810409546,1
0.436212956905365,1
0.4061802625656128,1
0.4298788905143738,1
0.393690824508667,1
0.5620925426483154,1
0.36183562874794006,1
0.44070178270339966,1
0.5067917108535767,1
0.34798818826675415,1
0.408647745847702,1
0.45172709226608276,1
0.2828279733657837,1
0.42538362741470337,1
0.4447908401489258,1
0.45201796293258667,1
0.47729939222335815,1
0.4584110379219055,1
0.33139359951019287,1
0.3611046075820923,1
0.39326828718185425,1
0.36116886138916016,1
0.4908386170864105,1
0.38831859827041626,1
0.41482946276664734,1
0.4517742395401001,1
0.43408453464508057,1
0.40920156240463257,1
0.5754770040512085,1
0.6144816875457764,1
0.4280730187892914,1
0.46185821294784546,1
0.3682774007320404,1
0.4562417268753052,1
0.38162872195243835,1
0.41613131761550903,1
0.5567289590835571,1
0.40577518939971924,1
0.4578072428703308,1
0.41035300493240356,1
0.5012497901916504,1
0.4553462862968445,1
0.5675525665283203,1
0.42729705572128296,1
0.40942463278770447,1
0.34486520290374756,1
0.3517633378505707,1
0.4354056715965271,1
0.46843212842941284,1
0.3832648694515228,1
0.48257458209991455,1
0.5025447607040405,1
0.35389989614486694,1
0.452258825302124,1
0.3636280298233032,1
0.5514988899230957,1
0.40639182925224304,1
0.30938369035720825,1
0.45379912853240967,1
0.40881338715553284,1
0.48362964391708374,1
0.38684147596359253,1
0.4241805076599121,1
0.4141163229942322,1
0.47478124499320984,1
0.36646950244903564,1
0.3193139135837555,1
0.38731449842453003,1
0.5161412954330444,1
0.3941935896873474,1
0.4223262667655945,1
0.5361924767494202,1
0.3443613648414612,1
0.37322497367858887,1
0.4446081519126892,1
0.355884313583374,1
0.35617929697036743,1
0.35169199109077454,1
0.32585036754608154,1
0.4243091344833374,1
0.48690783977508545,1
0.4863770604133606,1
0.3924708962440491,1
0.46778637170791626,1
0.3602558970451355,1
0.404892235994339,1
0.4691724181175232,1
0.5172773599624634,1
0.2816372513771057,1
0.33807533979415894,1
0.5175367593765259,1
0.3742174208164215,1
0.3802066743373871,1
0.4089511036872864,1
0.41488945484161377,1
0.37852925062179565,1
0.3652411103248596,1
0.38200628757476807,1
0.5176291465759277,1
0.4065523147583008,1
0.4315926432609558,1
0.331585556268692,1
0.3916187584400177,1
0.6064662933349609,1
0.46608561277389526,1
0.5019363164901733,1
0.435954749584198,1
0.5403535962104797,1
0.38869327306747437,1
0.4748685956001282,1
0.46815988421440125,1
0.4760124087333679,1
0.402180552482605,1
0.43014293909072876,1
0.4217398166656494,1
0.36903464794158936,1
0.35631394386291504,1
0.4780758023262024,1
0.4018581509590149,1
0.46143102645874023,1
0.3236457109451294,1
0.43425267934799194,1
0.373981773853302,1
0.3761739730834961,1
0.4202335476875305,1
0.4861380457878113,1
0.4132671654224396,1
0.3764294385910034,1
0.4414254128932953,1
0.44053584337234497,1
0.5239842534065247,1
0.361908882856369,1
0.46857935190200806,1
0.4019894003868103,1
0.4097854197025299,1
0.3083333373069763,1
0.3284355401992798,1
0.5557170510292053,1
0.5008918642997742,1
0.4451764225959778,1
0.45451605319976807,1
0.40445804595947266,1
0.4034905433654785,1
0.3308839201927185,1
0.31820571422576904,1
0.41166824102401733,1
0.4276789128780365,1
0.3762858808040619,1
0.4285528361797333,1
0.382605642080307,1
0.47894781827926636,1
0.46379002928733826,1
0.3993667960166931,1
0.41049808263778687,1
0.43984222412109375,1
0.4084154963493347,1
0.45593178272247314,1
0.4939747452735901,1
0.40817826986312866,1
0.46015483140945435,1
0.3218086361885071,1
0.3579232692718506,1
0.32574042677879333,1
0.38211411237716675,1
0.36919334530830383,1
0.34781980514526367,1
0.31802406907081604,1
0.29340577125549316,1
0.4032418727874756,1
0.40155738592147827,1
0.44021302461624146,1
0.45962071418762207,1
0.32023537158966064,1
0.41780608892440796,1
0.4541139006614685,1
0.4399474859237671,1
0.5816418528556824,1
0.4171399474143982,1
0.45727333426475525,1
0.35026490688323975,1
0.43587058782577515,1
0.488158643245697,1
0.5017896294593811,1
0.4653194546699524,1
0.4585843086242676,1
0.3742164075374603,1
0.43429136276245117,1
0.4001196026802063,1
0.4213368594646454,1
0.3785189092159271,1
0.4200538992881775,1
0.35477620363235474,1
0.3592729866504669,1
0.36808595061302185,1
0.41538918018341064,1
0.49506741762161255,1
0.3347490727901459,1
0.2950686812400818,1
0.41562461853027344,1
0.6930024027824402,1
0.3787822425365448,1
0.2949759364128113,1
0.4596572518348694,1
0.408563494682312,1
0.5143777132034302,1
0.36083489656448364,1
0.47775790095329285,1
0.36476004123687744,1
0.27932822704315186,1
0.34030503034591675,1
0.3630523979663849,1
0.44030246138572693,1
0.3936328887939453,1
0.4590856730937958,1
0.3612264394760132,1
0.4447231888771057,1
0.3951287269592285,1
0.3905041813850403,1
0.42115578055381775,1
0.5137643218040466,1
0.4494916796684265,1
0.5000392198562622,1
0.35046330094337463,1
0.5875301957130432,1
0.6179196238517761,1
0.5561488270759583,1
0.4031076431274414,1
0.407326877117157,1
0.4869394302368164,1
0.40980926156044006,1
0.37436896562576294,1
0.5018658638000488,1
0.32056793570518494,1
0.44951000809669495,1
0.47263258695602417,1
0.36702942848205566,1
0.4208550453186035,1
0.3100387156009674,1
0.4344636797904968,1
0.4730701148509979,1
0.4857078194618225,1
0.37332868576049805,1
0.5543360710144043,1
0.38201382756233215,1
0.4751972258090973,1
0.3831859827041626,1
0.38687747716903687,1
0.4484821856021881,1
0.5239615440368652,1
0.39362454414367676,1
0.45500466227531433,1
0.4203459918498993,1
0.3878827691078186,1
0.4273766875267029,1
0.4725773334503174,1
0.41256946325302124,1
0.45571690797805786,1
0.31168487668037415,1
0.465583860874176,1
0.34979867935180664,1
0.38317233324050903,1
0.40110138058662415,1
0.5367648601531982,1
0.3618875741958618,1
0.3321675956249237,1
0.40938544273376465,1
0.3988971412181854,1
0.5442873239517212,1
0.48524168133735657,1
0.3949727416038513,1
0.4093506932258606,1
0.38726410269737244,1
0.47971126437187195,1
0.43134933710098267,1
0.45031875371932983,1
0.40509527921676636,1
0.465722918510437,1
0.3325906991958618,1
0.3149566054344177,1
0.488332062959671,1
0.4319409728050232,1
0.3939303755760193,1
0.46525394916534424,1
0.4875324070453644,1
0.31240159273147583,1
0.3688739240169525,1
0.44865208864212036,1
0.42333561182022095,1
0.5103719830513,1
0.4070987105369568,1
0.35152944922447205,1
0.32072341442108154,1
0.37511181831359863,1
0.41468220949172974,1
0.4419826865196228,1
0.49274325370788574,1
0.4662230610847473,1
0.42991161346435547,1
0.41426390409469604,1
0.4544838070869446,1
0.4576626121997833,1
0.47641491889953613,1
0.407531201839447,1
0.41846948862075806,1
0.420305997133255,1
0.40224790573120117,1
0.40126270055770874,1
0.47899505496025085,1
0.5102784037590027,1
0.44517993927001953,1
0.3539732098579407,1
0.38476651906967163,1
0.36196157336235046,1
0.3155924677848816,1
0.3633381724357605,1
0.4632980227470398,1
0.38079625368118286,1
0.49508923292160034,1
0.3791835606098175,1
0.41975629329681396,1
0.4593732953071594,1
0.4705778956413269,1
0.4171125590801239,1
0.3461794853210449,1
0.35533368587493896,1
0.38224631547927856,1
0.364859014749527,1
0.40900662541389465,1
0.4801361858844757,1
0.4075828194618225,1
0.5091313123703003,1
0.40008190274238586,1
0.34992578625679016,1
0.4622606635093689,1
0.46794581413269043,1
0.48991212248802185,1
0.4642452001571655,1
0.3864426612854004,1
0.36928582191467285,1
0.3496154248714447,1
0.500251293182373,1
0.344330370426178,1
0.5129010677337646,1
0.4177910387516022,1
0.4057159423828125,1
0.4065570533275604,1
0.30987054109573364,1
0.461752712726593,1
0.46854424476623535,1
0.3283400237560272,1
0.3488796055316925,1
0.5250754356384277,1
0.3996826410293579,1
0.4478696286678314,1
0.4123497009277344,1
0.5296866297721863,1
0.4659598469734192,1
0.38692209124565125,1
0.39026743173599243,1
0.5035248398780823,1
0.4652474522590637,1
0.45371460914611816,1
0.40643593668937683,1
0.4778275787830353,1
0.4521617889404297,1
0.3397102653980255,1
0.42539745569229126,1
0.41242122650146484,1
0.45982855558395386,1
0.42504817247390747,1
0.3835422694683075,1
0.5140018463134766,1
0.4172236919403076,1
0.36718159914016724,1
0.4155484735965729,1
0.4144013524055481,1
0.42726045846939087,1
0.45011818408966064,1
0.4180762767791748,1
0.5176277756690979,1
0.3721195161342621,1
0.5198619961738586,1
0.409406840801239,1
0.4039965569972992,1
0.41832461953163147,1
0.39024683833122253,1
0.42270949482917786,1
0.36375510692596436,1
0.4766089916229248,1
0.3907540738582611,1
0.5288326740264893,1
0.46608978509902954,1
0.40178799629211426,1
0.3597241938114166,1
0.34586191177368164,1
0.44841253757476807,1
0.5041707754135132,1
0.38652437925338745,1
0.3378041386604309,1
0.3825891613960266,1
0.41588279604911804,1
0.458268404006958,1
0.5777888298034668,1
0.5065470933914185,1
0.421372652053833,1
0.3852960467338562,1
0.4456666111946106,1
0.37120765447616577,1
0.4178602695465088,1
0.44897744059562683,1
0.33705806732177734,1
0.3765035569667816,1
0.3608770966529846,1
0.43080776929855347,1
0.4087013900279999,1
0.44646576046943665,1
0.5527713298797607,1
0.5553504824638367,1
0.38459816575050354,1
0.38760554790496826,1
0.5381285548210144,1
0.4125569760799408,1
0.3630281984806061,1
0.37283557653427124,1
0.5957589745521545,1
0.39459654688835144,1
0.4543362259864807,1
0.36125582456588745,1
0.40214717388153076,1
0.4213620126247406,1
0.3729515075683594,1
0.5058467388153076,1
0.4552838206291199,1
0.36591705679893494,1
0.42864641547203064,1
0.44258978962898254,1
0.4043689966201782,1
0.33103978633880615,1
0.43842893838882446,1
0.5511467456817627,1
0.4720345139503479,1
0.5045753121376038,1
0.4138127267360687,1
0.41923123598098755,1
0.41761088371276855,1
0.4183543026447296,1
0.39704036712646484,1
0.4261039197444916,1
0.4503535032272339,1
0.3159903287887573,1
0.38729792833328247,1
0.36254072189331055,1
0.4919901490211487,1
0.4676075279712677,1
0.4134671688079834,1
0.44621753692626953,1
0.5117750763893127,1
0.4041862189769745,1
0.39394867420196533,1
0.46056488156318665,1
0.38199281692504883,1
0.4449880123138428,1
0.4521996080875397,1
0.34553614258766174,1
0.518293559551239,1
0.4508662223815918,1
0.35138505697250366,1
0.38256192207336426,1
0.3864554464817047,1
0.4368073046207428,1
0.3624151945114136,1
0.35154396295547485,1
0.4180954098701477,1
0.36485904455184937,1
0.4920433759689331,1
0.343088835477829,1
0.5271713733673096,1
0.35949692130088806,1
0.38589829206466675,1
0.45857828855514526,1
0.42554816603660583,1
0.423660546541214,1
0.4865284860134125,1
0.42203855514526367,1
0.3258330225944519,1
0.4400176405906677,1
0.4045252203941345,1
0.5252861976623535,1
0.36205607652664185,1
0.37547653913497925,1
0.4314371943473816,1
0.4507283568382263,1
0.44187912344932556,1
0.5778671503067017,1
0.4220976233482361,1
0.41088998317718506,1
0.485557496547699,1
0.4886428415775299,1
0.5029399394989014,1
0.40238475799560547,1
0.3080589175224304,1
0.3293036222457886,1
0.4185563027858734,1
0.3493713438510895,1
0.5464880466461182,1
0.46556252241134644,1
0.4773768186569214,1
0.39061254262924194,1
0.27855879068374634,1
0.4437605142593384,1
0.41567903757095337,1
0.39642536640167236,1
0.4172101616859436,1
0.4558985233306885,1
0.5848926305770874,1
0.4146580100059509,1
0.3254939913749695,1
0.4240446388721466,1
0.39844703674316406,1
0.5099365711212158,1
0.38882124423980713,1
0.39159783720970154,1
0.41682642698287964,1
0.36801284551620483,1
0.526299238204956,1
0.4755876064300537,1
0.3680912256240845,1
0.31353920698165894,1
0.4053228497505188,1
0.34757131338119507,1
0.32203245162963867,1
0.41671693325042725,1
0.3389492928981781,1
0.43726447224617004,1
0.38663774728775024,1
0.3920692205429077,1
0.4998242259025574,1
0.4707881808280945,1
0.4342815577983856,1
0.39840415120124817,1
0.4368285834789276,1
0.4214320182800293,1
0.401186466217041,1
0.4859946668148041,1
0.4714502990245819,1
0.3692225217819214,1
0.4311431646347046,1
0.36305248737335205,1
0.5603857040405273,1
0.40467557311058044,1
0.5518997311592102,1
0.3679085373878479,1
0.4020750820636749,1
0.3991141617298126,1
0.4217575192451477,1
0.2948399782180786,1
0.4420730769634247,1
0.48773670196533203,1
0.3587498962879181,1
0.3453245460987091,1
0.3909101188182831,1
0.4192507863044739,1
0.5517936944961548,1
0.3172631561756134,1
0.5718305110931396,1
0.47410282492637634,1
0.4435153305530548,1
0.5090721249580383,1
0.3915291428565979,1
0.4888449013233185,1
0.4663519859313965,1
0.4231191873550415,1
0.3117925226688385,1
0.40394890308380127,1
0.43666326999664307,1
0.41118699312210083,1
0.401364803314209,1
0.4905606806278229,1
0.4442209005355835,1
0.45477938652038574,1
0.5034180879592896,1
0.4206545352935791,1
0.40691888332366943,1
0.42841970920562744,1
0.3801104426383972,1
0.4976944923400879,1
0.42283743619918823,1
0.34072405099868774,1
0.5808730721473694,1
0.4453919529914856,1
0.40517115592956543,1
0.4805288314819336,1
0.3592017889022827,1
0.4510061740875244,1
0.38219740986824036,1
0.43572235107421875,1
0.4017530381679535,1
0.43413689732551575,1
0.3861430287361145,1
0.33764511346817017,1
0.34936046600341797,1
0.37062889337539673,1
0.5111061334609985,1
0.5046045780181885,1
0.34328770637512207,1
0.3463817834854126,1
0.3816647529602051,1
0.4631690979003906,1
0.38868382573127747,1
0.42127957940101624,1
0.41731494665145874,1
0.4907113015651703,1
0.4741613268852234,1
0.40152111649513245,1
0.3303331732749939,1
0.4683534502983093,1
0.3815857470035553,1
0.43521106243133545,1
0.5106887221336365,1
0.41217848658561707,1
0.3559322953224182,1
0.3409343659877777,1
0.4363709092140198,1
0.43480056524276733,1
0.4600030779838562,1
0.3840499818325043,1
0.4756776690483093,1
0.4259456992149353,1
0.3747316598892212,1
0.4076272249221802,1
0.377580851316452,1
0.44262945652008057,1
0.4006224274635315,1
0.46470731496810913,1
0.43826162815093994,1
0.3535444140434265,1
0.4512491822242737,1
0.382009893655777,1
0.4330134391784668,1
0.355044960975647,1
0.37357181310653687,1
0.47861164808273315,1
0.36854732036590576,1
0.3690648376941681,1
0.36032554507255554,1
0.41460856795310974,1
0.47572341561317444,1
0.46867525577545166,1
0.39883071184158325,1
0.4979759454727173,1
0.43004336953163147,1
0.557397723197937,1
0.4178224802017212,1
0.4374912977218628,1
0.4266709089279175,1
0.5169824957847595,1
0.32157379388809204,1
0.4134860336780548,1
0.4397240877151489,1
0.3935410678386688,1
0.483881413936615,1
0.36470121145248413,1
0.45061466097831726,1
0.3702389597892761,1
0.3936297595500946,1
0.37699878215789795,1
0.41908347606658936,1
0.4925834536552429,1
0.46936920285224915,1
0.39698970317840576,1
0.44035574793815613,1
0.36992698907852173,1
0.5258154273033142,1
0.5351961255073547,1
0.38460639119148254,1
0.4283173084259033,1
0.45877647399902344,1
0.46696341037750244,1
0.5076717138290405,1
0.4078015387058258,1
0.5134686231613159,1
0.5059294700622559,1
0.3567522168159485,1
0.3835911750793457,1
0.37970393896102905,1
0.3454604148864746,1
0.4157934784889221,1
0.4779970645904541,1
0.35528364777565,1
0.44028031826019287,1
0.4949406385421753,1
0.36535146832466125,1
0.28277289867401123,1
0.4358205199241638,1
0.35506585240364075,1
0.46645867824554443,1
0.523612916469574,1
0.4167773127555847,1
0.47772228717803955,1
0.3740803301334381,1
0.35346338152885437,1
0.44924232363700867,1
0.38540080189704895,1
0.5059855580329895,1
0.5103306174278259,1
0.3827779293060303,1
0.4562535881996155,1
0.34279781579971313,1
0.3543437421321869,1
0.37126392126083374,1
0.40985915064811707,1
0.3538016080856323,1
0.3167448341846466,1
0.30778929591178894,1
0.36278319358825684,1
0.5251109600067139,1
0.4280563294887543,1
0.4007829427719116,1
0.32712864875793457,1
0.43473875522613525,1
0.42976945638656616,1
0.4069734215736389,1
0.5305713415145874,1
0.4389873743057251,1
0.33916011452674866,1
0.569748044013977,1
0.33430635929107666,1
0.3914045989513397,1
0.3917466998100281,1
0.413917601108551,1
0.4429733455181122,1
0.45401105284690857,1
0.36018985509872437,1
0.3624691665172577,1
0.38662484288215637,1
0.45417600870132446,1
0.5529378056526184,1
0.29781705141067505,1
0.45720118284225464,1
0.4278385043144226,1
0.4424745440483093,1
0.4117791950702667,1
0.4058941900730133,1
0.5466320514678955,1
0.4556642770767212,1
0.491976261138916,1
0.34909534454345703,1
0.30239978432655334,1
0.42029890418052673,1
0.40833282470703125,1
0.4982382357120514,1
0.4534860849380493,1
0.3962310254573822,1
0.3744010627269745,1
0.34653520584106445,1
0.4672825038433075,1
0.5484161972999573,1
0.4601288437843323,1
0.5105680227279663,1
0.4676254987716675,1
0.5354974865913391,1
0.4112448990345001,1
0.3420719504356384,1
0.3994685113430023,1
0.44134101271629333,1
0.4587271809577942,1
0.4870937466621399,1
0.43709874153137207,1
0.4605112671852112,1
0.3617096543312073,1
0.4679727554321289,1
0.3809637129306793,1
0.3858116567134857,1
0.39453059434890747,1
0.400356262922287,1
0.42136847972869873,1
0.507217288017273,1
0.3076939582824707,1
0.3088940382003784,1
0.424100399017334,1
0.41429534554481506,1
0.35143303871154785,1
0.38084226846694946,1
0.3990480303764343,1
0.36323532462120056,1
0.3874398469924927,1
0.47438889741897583,1
0.40091466903686523,1
0.41880229115486145,1
0.37518036365509033,1
0.35863518714904785,1
0.5576183199882507,1
0.44985321164131165,1
0.3842410743236542,1
0.3631592392921448,1
0.3100145161151886,1
0.46658486127853394,1
0.4053833484649658,1
0.4590018391609192,1
0.3557973802089691,1
0.43972766399383545,1
0.3690021336078644,1
0.3962530791759491,1
0.5497103333473206,1
0.41870129108428955,1
0.441754549741745,1
0.4606512784957886,1
0.4736229181289673,1
0.41023188829421997,1
0.3779597580432892,1
0.44534894824028015,1
0.3617158532142639,1
0.40816739201545715,1
0.4660293459892273,1
0.3820686638355255,1
0.45536813139915466,1
0.43401697278022766,1
0.3413804769515991,1
0.4056392312049866,1
0.5465172529220581,1
0.3770895302295685,1
0.389662504196167,1
0.4050537049770355,1
0.41073834896087646,1
0.38361817598342896,1
0.40977680683135986,1
0.36342787742614746,1
0.4093266725540161,1
0.369777649641037,1
0.44628793001174927,1
0.3546491265296936,1
0.3471817076206207,1
0.4491651654243469,1
0.3644216060638428,1
0.3891156315803528,1
0.4468510150909424,1
0.37094205617904663,1
0.38676899671554565,1
0.4277966320514679,1
0.3778649568557739,1
0.40179526805877686,1
0.5889388918876648,1
0.28743264079093933,1
0.3938348889350891,1
0.4549504518508911,1
0.3755059838294983,1
0.3909871578216553,1
0.4758092761039734,1
0.43537890911102295,1
0.3875347971916199,1
0.44679197669029236,1
0.43572089076042175,1
0.3122120797634125,1
0.3951481282711029,1
0.4304201602935791,1
0.42238080501556396,1
0.3691139221191406,1
0.40993213653564453,1
0.5658139586448669,1
0.46376103162765503,1
0.4150252342224121,1
0.3581007122993469,1
0.41080960631370544,1
0.5108519196510315,1
0.43675434589385986,1
0.46795347332954407,1
0.41391006112098694,1
0.5661433935165405,1
0.4159483015537262,1
0.3847717046737671,1
0.3551837205886841,1
0.43042874336242676,1
0.4410249888896942,1
0.3520188629627228,1
0.3233254551887512,1
0.4081847071647644,1
0.37301668524742126,1
0.46521079540252686,1
0.33590924739837646,1
0.3751552999019623,1
0.43606579303741455,1
0.447765588760376,1
0.49138668179512024,1
0.367811918258667,1
0.37858903408050537,1
0.4066808223724365,1
0.48798900842666626,1
0.3937186896800995,1
0.32428789138793945,1
0.31092703342437744,1
0.3731536269187927,1
0.3777886927127838,1
0.45841753482818604,1
0.41355443000793457,1
0.42334043979644775,1
0.40498727560043335,1
0.33544042706489563,1
0.4254249036312103,1
0.35806161165237427,1
0.4121038317680359,1
0.5290004014968872,1
0.47788357734680176,1
0.319623202085495,1
0.4116334319114685,1
0.35182803869247437,1
0.4618043899536133,1
0.38642317056655884,1
0.3516277074813843,1
0.4242536425590515,1
0.4699614346027374,1
0.4565925896167755,1
0.4720383584499359,1
0.43369191884994507,1
0.508542001247406,1
0.4802892804145813,1
0.3581896424293518,1
0.38765236735343933,1
0.6022846698760986,1
0.3323085904121399,1
0.5120363235473633,1
0.4965262711048126,1
0.4323970079421997,1
0.4656180739402771,1
0.38909822702407837,1
0.5392040610313416,1
0.4036603569984436,1
0.48252803087234497,1
0.4370202422142029,1
0.2802172899246216,1
0.36867836117744446,1
0.3588451147079468,1
0.39355984330177307,1
0.4590827524662018,1
0.4091065526008606,1
0.40417951345443726,1
0.40591108798980713,1
0.4780994951725006,1
0.4148038327693939,1
0.33849257230758667,1
0.4684455692768097,1
0.3352431356906891,1
0.4301726520061493,1
0.2750360071659088,1
0.3931277394294739,1
0.35687997937202454,1
0.45071887969970703,1
0.42196837067604065,1
0.4427999258041382,1
0.4012727439403534,1
0.3540443778038025,1
0.41769567131996155,1
0.3823796212673187,1
0.3466036319732666,1
0.37351080775260925,1
0.3381003141403198,1
0.4568557143211365,1
0.49350136518478394,1
0.4537241458892822,1
0.44793716073036194,1
0.31057751178741455,1
0.38535434007644653,1
0.389801561832428,1
0.46979236602783203,1
0.3334004580974579,1
0.39074790477752686,1
0.4292452931404114,1
0.3850034475326538,1
0.4211053252220154,1
0.46528860926628113,1
0.5564814805984497,1
0.46918511390686035,1
0.4561610817909241,1
0.36506617069244385,1
0.46952247619628906,1
0.43235939741134644,1
0.41597792506217957,1
0.3366280496120453,1
0.43936648964881897,1
0.43707263469696045,1
0.5030367374420166,1
0.4125838577747345,1
0.48694196343421936,1
0.38430386781692505,1
0.34101951122283936,1
0.5595340728759766,1
0.4266899526119232,1
0.37707841396331787,1
0.4507398009300232,1
0.3972755968570709,1
0.46276047825813293,1
0.37722691893577576,1
0.3581756353378296,1
0.3586347699165344,1
0.5290454626083374,1
0.4350831210613251,1
0.3906697928905487,1
0.447359561920166,1
0.35916823148727417,1
0.4897577166557312,1
0.5063151121139526,1
0.35187286138534546,1
0.3220776915550232,1
0.47359657287597656,1
0.42186811566352844,1
0.36632126569747925,1
0.33932361006736755,1
0.434366911649704,1
0.5348970890045166,1
0.42761367559432983,1
0.439016729593277,1
0.5044142603874207,1
0.5180738568305969,1
0.33114057779312134,1
0.4342880845069885,1
0.5455259084701538,1
0.5014088153839111,1
0.40342795848846436,1
0.45296981930732727,1
0.2889780104160309,1
0.45759785175323486,1
0.378552109003067,1
0.3689461350440979,1
0.4122229218482971,1
0.4095700681209564,1
0.4595319330692291,1
0.4843451976776123,1
0.3331694006919861,1
0.3978438079357147,1
0.500177800655365,1
0.3493812382221222,1
0.4272992014884949,1
0.3933946192264557,1
0.38476693630218506,1
0.3661983907222748,1
0.5361918210983276,1
0.3635370433330536,1
0.3749643564224243,1
0.4178704023361206,1
0.44511878490448,1
0.3716910779476166,1
0.41549625992774963,1
0.47151926159858704,1
0.5475648641586304,1
0.48075932264328003,1
0.52519690990448,1
0.44440239667892456,1
0.4439488351345062,1
0.4081674814224243,1
0.3671167492866516,1
0.4532524645328522,1
0.3722459375858307,1
0.3416128158569336,1
0.44363346695899963,1
0.4016519784927368,1
0.3742240369319916,1
0.35796812176704407,1
0.3843313455581665,1
0.3461371064186096,1
0.3706734776496887,1
0.4325389862060547,1
0.35076093673706055,1
0.3966408669948578,1
0.4428877830505371,1
0.48820623755455017,1
0.3664836585521698,1
0.4570279121398926,1
0.4849757254123688,1
0.3414667248725891,1
0.4400694966316223,1
0.3651677966117859,1
0.359746515750885,1
0.4129587411880493,1
0.4189940094947815,1
0.4119623601436615,1
0.36310553550720215,1
0.417778342962265,1
0.35853055119514465,1
0.3692714273929596,1
0.37341994047164917,1
0.5378626585006714,1
0.4244433045387268,1
0.4050004482269287,1
0.4667264223098755,1
0.4923561215400696,1
0.5100460052490234,1
0.4001176655292511,1
0.3652375042438507,1
0.3978568911552429,1
0.4324527978897095,1
0.4662141799926758,1
0.46610960364341736,1
0.5208034515380859,1
0.41151487827301025,1
0.37825149297714233,1
0.41299399733543396,1
0.4857631027698517,1
0.4380735456943512,1
0.335232138633728,1
0.5193705558776855,1
0.4241317808628082,1
0.5591030120849609,1
0.5423022508621216,1
0.4164731502532959,1
0.2955029010772705,1
0.41544243693351746,1
0.4093358516693115,1
0.3961973488330841,1
0.4636657238006592,1
0.3746525049209595,1
0.36536741256713867,1
0.317715048789978,1
0.4961474537849426,1
0.5377378463745117,1
0.3700617551803589,1
0.49915811419487,1
0.4707466959953308,1
0.3939986526966095,1
0.38868606090545654,1
0.48891717195510864,1
0.4562673568725586,1
0.5520927309989929,1
0.4157111346721649,1
0.34826478362083435,1
0.32132184505462646,1
0.3981815576553345,1
0.5178892612457275,1
0.4578043222427368,1
0.4521660804748535,1
0.4232441186904907,1
0.4872575104236603,1
0.4479415714740753,1
0.3629850447177887,1
0.4364399313926697,1
0.4568736255168915,1
0.4576779901981354,1
0.41654717922210693,1
0.4015924334526062,1
0.4925159215927124,1
0.32429391145706177,1
0.27576005458831787,1
0.3613414168357849,1
0.4099080562591553,1
0.41837579011917114,1
0.33121898770332336,1
0.35696685314178467,1
0.44426292181015015,1
0.43462902307510376,1
0.4359062612056732,1
0.4304986596107483,1
0.5560604333877563,1
0.4217492938041687,1
0.3798976540565491,1
0.37819361686706543,1
0.3996884226799011,1
0.4025847315788269,1
0.4579949975013733,1
0.46200358867645264,1
0.37926116585731506,1
0.38429802656173706,1
0.5729350447654724,1
0.44925495982170105,1
0.5344105362892151,1
0.37991636991500854,1
0.3982508182525635,1
0.4094388782978058,1
0.38220757246017456,1
0.5404945611953735,1
0.4326266050338745,1
0.33057188987731934,1
0.47679588198661804,1
0.5106126070022583,1
0.40184253454208374,1
0.5162191390991211,1
0.49350330233573914,1
0.45174098014831543,1
0.3136287331581116,1
0.45225176215171814,1
0.3995884954929352,1
0.4722925126552582,1
0.3777078688144684,1
0.41659897565841675,1
0.47008728981018066,1
0.2799034118652344,1
0.3997737765312195,1
0.4831266701221466,1
0.44623205065727234,1
0.40430426597595215,1
0.49929729104042053,1
0.33808714151382446,1
0.38154348731040955,1
0.4812104105949402,1
0.45833873748779297,1
0.4095684289932251,1
0.46759337186813354,1
0.49976998567581177,1
0.4931318461894989,1
0.3497430682182312,1
0.5200552940368652,1
0.4287734031677246,1
0.3345338702201843,1
0.39650699496269226,1
0.5917245149612427,1
0.41068994998931885,1
0.32477158308029175,1
0.4091572165489197,1
0.3598153293132782,1
0.48004603385925293,1
0.37929636240005493,1
0.42174863815307617,1
0.4888983368873596,1
0.3853664696216583,1
0.42035430669784546,1
0.4201523959636688,1
0.46021440625190735,1
0.4250469207763672,1
0.5130519866943359,1
0.4228380024433136,1
0.43426719307899475,1
0.3462536633014679,1
0.39504122734069824,1
0.39290130138397217,1
0.43282198905944824,1
0.43944329023361206,1
0.4584033787250519,1
0.4297022819519043,1
0.3293927311897278,1
0.4389224052429199,1
0.4279578924179077,1
0.4320319890975952,1
0.4552728235721588,1
0.3792746067047119,1
0.4599717855453491,1
0.44694313406944275,1
0.36283162236213684,1
0.4651673138141632,1
0.38833844661712646,1
0.4802834689617157,1
0.3731119632720947,1
0.4235406517982483,1
0.32852500677108765,1
0.5261982679367065,1
0.3557598292827606,1
0.4199206829071045,1
0.4279887080192566,1
0.4338357746601105,1
0.38004255294799805,1
0.5815436244010925,1
0.3960653245449066,1
0.3774773180484772,1
0.4191974401473999,1
0.34270650148391724,1
0.4400254786014557,1
0.46797651052474976,1
0.35861900448799133,1
0.4092424213886261,1
0.41212302446365356,1
0.47602617740631104,1
0.42598193883895874,1
0.4001671373844147,1
0.5022841691970825,1
0.4321073889732361,1
0.4431268572807312,1
0.47894585132598877,1
0.42161786556243896,1
0.5206508636474609,1
0.4800674319267273,1
0.46211740374565125,1
0.4648268222808838,1
0.4207686185836792,1
0.5508300065994263,1
0.3827243447303772,1
0.46329426765441895,1
0.29967808723449707,1
0.45510631799697876,1
0.5586444139480591,1
0.33622950315475464,1
0.4170798361301422,1
0.4203578233718872,1
0.5117321014404297,1
0.31401383876800537,1
0.39780303835868835,1
0.43713051080703735,1
0.45181217789649963,1
0.4590414762496948,1
0.34067302942276,1
0.42030471563339233,1
0.42101001739501953,1
0.49991458654403687,1
0.49451878666877747,1
0.36689493060112,1
0.43409228324890137,1
0.3658082187175751,1
0.3409145176410675,1
0.36628371477127075,1
0.4898291230201721,1
0.49245184659957886,1
0.37473636865615845,1
0.43472620844841003,1
0.3966968357563019,1
0.5152314901351929,1
0.36964932084083557,1
0.453326940536499,1
0.47880953550338745,1
0.4429631233215332,1
0.4804309606552124,1
0.3216724395751953,1
0.6123397350311279,1
0.48627424240112305,1
0.4014580249786377,1
0.4379355013370514,1
0.34864944219589233,1
0.4397766590118408,1
0.4880620241165161,1
0.44032615423202515,1
0.41002532839775085,1
0.35837408900260925,1
0.4541934132575989,1
0.46529942750930786,1
0.46103113889694214,1
0.4901217818260193,1
0.5276598930358887,1
0.441542387008667,1
0.39283472299575806,1
0.47004032135009766,1
0.4952174127101898,1
0.4177420139312744,1
0.40044423937797546,1
0.39633262157440186,1
0.5165859460830688,1
0.3528057634830475,1
0.46802350878715515,1
0.37762343883514404,1
0.4179438352584839,1
0.3862752318382263,1
0.5503369569778442,1
0.40750429034233093,1
0.4506129026412964,1
0.4331997036933899,1
0.43672412633895874,1
0.5082756280899048,1
0.45978957414627075,1
0.46311378479003906,1
0.4997607469558716,1
0.4463561773300171,1
0.4140157103538513,1
0.504688024520874,1
0.28835245966911316,1
0.44279974699020386,1
0.4418705403804779,1
0.3536567687988281,1
0.3755372166633606,1
0.4733571708202362,1
0.4238319993019104,1
0.4232105314731598,1
0.38959455490112305,1
0.36505234241485596,1
0.36279892921447754,1
0.3461941182613373,1
0.42314574122428894,1
0.3849756121635437,1
0.4098089337348938,1
0.37316179275512695,1
0.4329015910625458,1
0.41049423813819885,1
0.5372912883758545,1
0.47458139061927795,1
0.49994975328445435,1
0.3766367733478546,1
0.41133859753608704,1
0.3908842206001282,1
0.44473692774772644,1
0.4944526255130768,1
0.3176043629646301,1
0.4852609634399414,1
0.39549577236175537,1
0.4054523706436157,1
0.46045076847076416,1
0.42967402935028076,1
0.401924729347229,1
0.39818212389945984,1
0.38808223605155945,1
0.4504554569721222,1
0.5131521224975586,1
0.36969220638275146,1
0.44305458664894104,1
0.4649451673030853,1
0.33946502208709717,1
0.3956352770328522,1
0.3936522901058197,1
0.45467010140419006,1
0.5065176486968994,1
0.4640846252441406,1
0.29600611329078674,1
0.43912214040756226,1
0.39939630031585693,1
0.3732514977455139,1
0.4983406662940979,1
0.4537349343299866,1
0.42115873098373413,1
0.3723505437374115,1
0.4176892638206482,1
0.4069688320159912,1
0.4660346210002899,1
0.4285528361797333,1
0.3915577232837677,1
0.3619958460330963,1
0.46229565143585205,1
0.4425175189971924,1
0.4422621726989746,1
0.4182735085487366,1
0.4806895852088928,1
0.43663203716278076,1
0.45048168301582336,1
0.38317424058914185,1
0.410591721534729,1
0.3972349166870117,1
0.3778153657913208,1
0.5346355438232422,1
0.4428483843803406,1
0.4825274646282196,1
0.4400336742401123,1
0.33010175824165344,1
0.3881545960903168,1
0.3764517903327942,1
0.3670516908168793,1
0.4222904443740845,1
0.3772398829460144,1
0.4559934735298157,1
0.43450629711151123,1
0.48149770498275757,1
0.46701470017433167,1
0.4365060031414032,1
0.44209998846054077,1
0.4140123724937439,1
0.3666309714317322,1
0.40582048892974854,1
0.3969019055366516,1
0.46609240770339966,1
0.4053768515586853,1
0.3771807849407196,1
0.5038074851036072,1
0.36406680941581726,1
0.5309810638427734,1
0.3974096179008484,1
0.4327510595321655,1
0.4404984712600708,1
0.397199809551239,1
0.39405810832977295,1
0.4445140063762665,1
0.5598722696304321,1
0.4164966344833374,1
0.3694472312927246,1
0.4736034870147705,1
0.4846899211406708,1
0.4411585330963135,1
0.3477155566215515,1
0.3802809715270996,1
0.5043872594833374,1
0.4139045178890228,1
0.45015233755111694,1
0.40499424934387207,1
0.3574565649032593,1
0.40945637226104736,1
0.4018731713294983,1
0.4631984829902649,1
0.4647583067417145,1
0.4195927083492279,1
0.37375253438949585,1
0.3964632749557495,1
0.4001167416572571,1
0.2862401008605957,1
0.4442269504070282,1
0.4326082766056061,1
0.441814661026001,1
0.6047689914703369,1
0.3745002746582031,1
0.4152946174144745,1
0.5193393230438232,1
0.4033569097518921,1
0.3690059781074524,1
0.48314720392227173,1
0.3641912639141083,1
0.4545277953147888,1
0.5632227063179016,1
0.3679104447364807,1
0.5479543805122375,1
0.43099042773246765,1
0.48464855551719666,1
0.4531297981739044,1
0.3852745294570923,1
0.3839501738548279,1
0.4437061548233032,1
0.5042867064476013,1
0.5256564617156982,1
0.39128202199935913,1
0.4569189250469208,1
0.33609116077423096,1
0.4485852122306824,1
0.4137134552001953,1
0.44794827699661255,1
0.3785790801048279,1
0.4086131453514099,1
0.42529258131980896,1
0.4278776943683624,1
0.5175915956497192,1
0.5421323776245117,1
0.47741276025772095,1
0.40475404262542725,1
0.4598454535007477,1
0.5755834579467773,1
0.28095778822898865,1
0.33913829922676086,1
0.5095837712287903,1
0.5371810793876648,1
0.3689642548561096,1
0.41790005564689636,1
0.4867205321788788,1
0.49892914295196533,1
0.44246235489845276,1
0.32773834466934204,1
0.36488932371139526,1
0.4600023329257965,1
0.41180503368377686,1
0.3306252956390381,1
0.5392200350761414,1
0.4171919822692871,1
0.3710416555404663,1
0.3725971579551697,1
0.5559244155883789,1
0.46020838618278503,1
0.3985481262207031,1
0.4246847331523895,1
0.31842273473739624,1
0.4952182173728943,1
0.5128651857376099,1
0.4388466477394104,1
0.3967745900154114,1
0.4736657440662384,1
0.3920326828956604,1
0.3920215368270874,1
0.5794172883033752,1
0.4503403306007385,1
0.4255715608596802,1
0.38268816471099854,1
0.4277843236923218,1
0.5133908987045288,1
0.40383440256118774,1
0.47287192940711975,1
0.3295907974243164,1
0.4925060272216797,1
0.3885096311569214,1
0.29938986897468567,1
0.32128268480300903,1
0.4535379707813263,1
0.3829711973667145,1
0.3485657572746277,1
0.36217188835144043,1
0.4859875440597534,1
0.34689322113990784,1
0.39330869913101196,1
0.5562105774879456,1
0.5130965709686279,1
0.4239162504673004,1
0.41157248616218567,1
0.5022377967834473,1
0.4176357388496399,1
0.5094565749168396,1
0.46489158272743225,1
0.3709823489189148,1
0.3999091386795044,1
0.475881427526474,1
0.5007191896438599,1
0.36959370970726013,1
0.3750866651535034,1
0.3661636412143707,1
0.4414706826210022,1
0.4375918209552765,1
0.4387398064136505,1
0.4522363543510437,1
0.3961936831474304,1
0.41498348116874695,1
0.43414729833602905,1
0.39237403869628906,1
0.4421294331550598,1
0.37036412954330444,1
0.361713171005249,1
0.3360508978366852,1
0.3049256205558777,1
0.31225061416625977,1
0.40639591217041016,1
0.46359682083129883,1
0.39274805784225464,1
0.38149675726890564,1
0.31695622205734253,1
0.39638441801071167,1
0.4786939024925232,1
0.37635481357574463,1
0.4485394358634949,1
0.4956533908843994,1
0.34888219833374023,1
0.39737340807914734,1
0.42386144399642944,1
0.35335931181907654,1
0.5367202162742615,1
0.33063945174217224,1
0.44682934880256653,1
0.33511313796043396,1
0.3520001173019409,1
0.5366759300231934,1
0.33177319169044495,1
0.44968312978744507,1
0.408987432718277,1
0.41423559188842773,1
0.30486899614334106,1
0.43560075759887695,1
0.40549758076667786,1
0.43311619758605957,1
0.37144142389297485,1
0.41392868757247925,1
0.4783479571342468,1
0.46498796343803406,1
0.4683752954006195,1
0.37014228105545044,1
0.3128655254840851,1
0.37835049629211426,1
0.4421178102493286,1
0.38222479820251465,1
0.4029025137424469,1
0.36147207021713257,1
0.42630714178085327,1
0.43322885036468506,1
0.36389145255088806,1
0.5162856578826904,1
0.3704138696193695,1
0.3381773829460144,1
0.4056982398033142,1
0.3906266987323761,1
0.5766195058822632,1
0.4728698432445526,1
0.407004714012146,1
0.39630794525146484,1
0.4564128816127777,1
0.35325974225997925,1
0.3636043667793274,1
0.3694201707839966,1
0.5079182386398315,1
0.403861939907074,1
0.3865785002708435,1
0.4466564655303955,1
0.4456099271774292,1
0.4514032304286957,1
0.3948849141597748,1
0.535630464553833,1
0.44098132848739624,1
0.3545055389404297,1
0.4375702142715454,1
0.4442721903324127,1
0.3668394088745117,1
0.3636578917503357,1
0.434248685836792,1
0.3578004240989685,1
0.36483895778656006,1
0.3430011570453644,1
0.4005209803581238,1
0.40462005138397217,1
0.47738057374954224,1
0.47633296251296997,1
0.46428462862968445,1
0.4181353449821472,1
0.5006268620491028,1
0.5348865985870361,1
0.5245376825332642,1
0.5349233150482178,1
0.41590577363967896,1
0.406669557094574,1
0.4696718156337738,1
0.4047115445137024,1
0.4259924590587616,1
0.3708682954311371,1
0.40418189764022827,1
0.3881819248199463,1
0.5203284025192261,1
0.39457014203071594,1
0.41017448902130127,1
0.4280807375907898,1
0.37113773822784424,1
0.4526444971561432,1
0.4820890426635742,1
0.33655694127082825,1
0.43315383791923523,1
0.35840070247650146,1
0.40073248744010925,1
0.41347336769104004,1
0.40207692980766296,1
0.4257565140724182,1
0.40557727217674255,1
0.37045812606811523,1
0.483822226524353,1
0.4059319496154785,1
0.4133149981498718,1
0.4948393702507019,1
0.4545184373855591,1
0.3765150010585785,1
0.3951871395111084,1
0.3542211651802063,1
0.3531062602996826,1
0.37545037269592285,1
0.3538489043712616,1
0.38853925466537476,1
0.5169121026992798,1
0.36610090732574463,1
0.46826469898223877,1
0.4658074975013733,1
0.3882717192173004,1
0.4199821949005127,1
0.5750163197517395,1
0.35963109135627747,1
0.362918883562088,1
0.3935488164424896,1
0.45153340697288513,1
0.4987902045249939,1
0.3919137120246887,1
0.39212772250175476,1
0.32270845770835876,1
0.3941078186035156,1
0.48979419469833374,1
0.5408434867858887,1
0.33591294288635254,1
0.489583820104599,1
0.4386342167854309,1
0.4581766128540039,1
0.48071542382240295,1
0.43874692916870117,1
0.3662712574005127,1
0.38501274585723877,1
0.29872792959213257,1
0.4376024901866913,1
0.34759238362312317,1
0.4468967318534851,1
0.5398107171058655,1
0.3898693025112152,1
0.4547300636768341,1
0.479241281747818,1
0.4451642632484436,1
0.2982674241065979,1
0.5386757254600525,1
0.44936391711235046,1
0.44174909591674805,1
0.5110481977462769,1
0.421169638633728,1
0.3139907717704773,1
0.4538862109184265,1
0.3264479637145996,1
0.4265146851539612,1
0.4587266743183136,1
0.4458393454551697,1
0.42396223545074463,1
0.37643855810165405,1
0.4666670262813568,1
0.41575437784194946,1
0.5181890726089478,1
0.4725145399570465,1
0.38999322056770325,1
0.43702659010887146,1
0.45113807916641235,1
0.3828529715538025,1
0.35411643981933594,1
0.5297645330429077,1
0.4871014356613159,1
0.3840516209602356,1
0.4855404794216156,1
0.3823106586933136,1
0.42656588554382324,1
0.3881596624851227,1
0.4116497039794922,1
0.43485671281814575,1
0.504026472568512,1
0.3550957441329956,1
0.36099573969841003,1
0.4384433627128601,1
0.6297620534896851,1
0.4112789034843445,1
0.5368907451629639,1
0.37703371047973633,1
0.5075212121009827,1
0.5850499272346497,1
0.455799400806427,1
0.3021010756492615,1
0.34621167182922363,1
0.44259023666381836,1
0.45164012908935547,1
0.40664607286453247,1
0.4137383699417114,1
0.4166218638420105,1
0.408640593290329,1
0.40553969144821167,1
0.46534502506256104,1
0.4811421036720276,1
0.2935396432876587,1
0.47034502029418945,1
0.4219598174095154,1
0.44611141085624695,1
0.36475205421447754,1
0.41549500823020935,1
0.4169961214065552,1
0.5851024389266968,1
0.4539714455604553,1
0.3775599002838135,1
0.3434015214443207,1
0.5087084770202637,1
0.4280412197113037,1
0.46798086166381836,1
0.384699285030365,1
0.4135189652442932,1
0.39857548475265503,1
0.4972037076950073,1
0.4499977231025696,1
0.3784511089324951,1
0.4156576097011566,1
0.42559298872947693,1
0.4834382236003876,1
0.3461796045303345,1
0.3937843441963196,1
0.43869349360466003,1
0.394382119178772,1
0.32618364691734314,1
0.48723524808883667,1
0.46082159876823425,1
0.487724632024765,1
0.3825588822364807,1
0.4058293104171753,1
0.4475986361503601,1
0.553627610206604,1
0.4676397144794464,1
0.41438981890678406,1
0.4410899579524994,1
0.4094899892807007,1
0.35562336444854736,1
0.477583646774292,1
0.5492696762084961,1
0.4347602427005768,1
0.441058486700058,1
0.42309606075286865,1
0.37887972593307495,1
0.5230717658996582,1
0.4448956251144409,1
0.3907516300678253,1
0.4500674903392792,1
0.44825035333633423,1
0.4738609194755554,1
0.4116368293762207,1
0.33181071281433105,1
0.4440886378288269,1
0.31417015194892883,1
0.30977189540863037,1
0.4551038146018982,1
0.30181896686553955,1
0.4016566276550293,1
0.317886620759964,1
0.37482595443725586,1
0.40854668617248535,1
0.4337758421897888,1
0.39177462458610535,1
0.43757498264312744,1
0.384446918964386,1
0.47178009152412415,1
0.4929656982421875,1
0.3836427330970764,1
0.36942940950393677,1
0.4845167398452759,1
0.43648561835289,1
0.3504346013069153,1
0.3287180960178375,1
0.4862167239189148,1
0.4948927164077759,1
0.405771404504776,1
0.32121312618255615,1
0.35177117586135864,1
0.43264734745025635,1
0.39759960770606995,1
0.39890915155410767,1
0.42763882875442505,1
0.3857129216194153,1
0.4038724899291992,1
0.5215226411819458,1
0.4162451922893524,1
0.3401767611503601,1
0.36636555194854736,1
0.37832698225975037,1
0.2926108241081238,1
0.43508827686309814,1
0.3748582601547241,1
0.4325941205024719,1
0.4001115560531616,1
0.33675235509872437,1
0.3982691168785095,1
0.44853276014328003,1
0.4356921911239624,1
0.38972002267837524,1
0.3707866072654724,1
0.526609480381012,1
0.41782015562057495,1
0.4599016308784485,1
0.44237270951271057,1
0.3868737518787384,1
0.46585363149642944,1
0.4302018880844116,1
0.4323664903640747,1
0.5264249444007874,1
0.400550901889801,1
0.49142447113990784,1
0.47333773970603943,1
0.4089187979698181,1
0.48645251989364624,1
0.4163091778755188,1
0.35668694972991943,1
0.491943359375,1
0.5457651019096375,1
0.3078807592391968,1
0.4662898778915405,1
0.5481487512588501,1
0.42137956619262695,1
0.4349609613418579,1
0.6039577126502991,1
0.4306500554084778,1
0.3525887727737427,1
0.4247511923313141,1
0.36021116375923157,1
0.4751608073711395,1
0.5053137540817261,1
0.46927767992019653,1
0.5178287029266357,1
0.398582398891449,1
0.4386797547340393,1
0.4371752142906189,1
0.2971307635307312,1
0.3630041778087616,1
0.45272117853164673,1
0.4037148654460907,1
0.41359445452690125,1
0.40799883008003235,1
0.41228193044662476,1
0.34630435705184937,1
0.2945004105567932,1
0.4476807713508606,1
0.4863261580467224,1
0.46470004320144653,1
0.45480772852897644,1
0.40956252813339233,1
0.42324432730674744,1
0.45652562379837036,1
0.4295758605003357,1
0.4503958523273468,1
0.5090329051017761,1
0.464735746383667,1
0.46657001972198486,1
0.48948121070861816,1
0.48078304529190063,1
0.5044909715652466,1
0.4256584644317627,1
0.4271741807460785,1
0.4751366078853607,1
0.43944716453552246,1
0.4760112166404724,1
0.33902114629745483,1
0.4741308093070984,1
0.5202152729034424,1
0.5803227424621582,1
0.45665478706359863,1
0.41203248500823975,1
0.40249496698379517,1
0.45030808448791504,1
0.4307216703891754,1
0.4883289933204651,1
0.43077075481414795,1
0.4485110640525818,1
0.46002835035324097,1
0.40650475025177,1
0.32783427834510803,1
0.4860900640487671,1
0.42237576842308044,1
0.38152170181274414,1
0.52362060546875,1
0.4310624897480011,1
0.4044145345687866,1
0.39824968576431274,1
0.3521374762058258,1
0.3305700123310089,1
0.35533660650253296,1
0.3161822259426117,1
0.3572917580604553,1
0.4607733488082886,1
0.3986063301563263,1
0.33492511510849,1
0.555793285369873,1
0.3534056544303894,1
0.4478324055671692,1
0.4290446639060974,1
0.43199634552001953,1
0.41135185956954956,1
0.4451923370361328,1
0.4172324538230896,1
0.356003999710083,1
0.3294292986392975,1
0.40952691435813904,1
0.3923470973968506,1
0.4283297061920166,1
0.431347519159317,1
0.5052883625030518,1
0.43626919388771057,1
0.38817670941352844,1
0.34020867943763733,1
0.3753933310508728,1
0.4589490294456482,1
0.4248259663581848,1
0.32473117113113403,1
0.4096187353134155,1
0.42907893657684326,1
0.37652671337127686,1
0.4716719388961792,1
0.4526021182537079,1
0.30380889773368835,1
0.35818400979042053,1
0.5371923446655273,1
0.4910475015640259,1
0.4101184010505676,1
0.4321572482585907,1
0.38574498891830444,1
0.49225300550460815,1
0.4708298146724701,1
0.4511626362800598,1
0.4031856656074524,1
0.253797709941864,1
0.420550674200058,1
0.4703916907310486,1
0.47909608483314514,1
0.4340181052684784,1
0.36021894216537476,1
0.35100245475769043,1
0.4558168649673462,1
0.3498421609401703,1
0.3282906711101532,1
0.39651602506637573,1
0.3951568305492401,1
0.448001503944397,1
0.44939833879470825,1
0.392722487449646,1
0.5257136821746826,1
0.44023919105529785,1
0.44293200969696045,1
0.41580381989479065,1
0.3357887864112854,1
0.3797118663787842,1
0.5042592883110046,1
0.37567251920700073,1
0.450462281703949,1
0.3975865840911865,1
0.4209076166152954,1
0.34662801027297974,1
0.32900524139404297,1
0.29235750436782837,1
0.514157235622406,1
0.42507731914520264,1
0.5995826721191406,1
0.3432201147079468,1
0.526466965675354,1
0.5175107717514038,1
0.4911043047904968,1
0.43870997428894043,1
0.5165493488311768,1
0.3740077614784241,1
0.3371478021144867,1
0.3691762089729309,1
0.4696303606033325,1
0.4762919843196869,1
0.5200896263122559,1
0.5084910988807678,1
0.29727864265441895,1
0.4365141689777374,1
0.40724706649780273,1
0.3710940480232239,1
0.37055349349975586,1
0.45149728655815125,1
0.3385717570781708,1
0.41594699025154114,1
0.46209293603897095,1
0.39131903648376465,1
0.4840959310531616,1
0.3483642339706421,1
0.4395427107810974,1
0.48870742321014404,1
0.45381149649620056,1
0.4761538505554199,1
0.41405266523361206,1
0.3684641122817993,1
0.3879382312297821,1
0.3601135015487671,1
0.4699293375015259,1
0.5688937902450562,1
0.39548471570014954,1
0.30418142676353455,1
0.49502700567245483,1
0.5115591287612915,1
0.4760001301765442,1
0.4008825421333313,1
0.4939804971218109,1
0.5085175037384033,1
0.44258975982666016,1
0.460116982460022,1
0.4836822748184204,1
0.5763901472091675,1
0.40604496002197266,1
0.5106699466705322,1
0.3894057869911194,1
0.39878228306770325,1
0.3890139162540436,1
0.4883395731449127,1
0.596366286277771,1
0.3821016848087311,1
0.379006952047348,1
0.5512409806251526,1
0.4507308304309845,1
0.3624403476715088,1
0.49461373686790466,1
0.37268444895744324,1
0.394470751285553,1
0.48899465799331665,1
0.45074233412742615,1
0.36007213592529297,1
0.4619157910346985,1
0.5241722464561462,1
0.4150184094905853,1
0.3737185597419739,1
0.351643830537796,1
0.4167404770851135,1
0.4138478934764862,1
0.46102845668792725,1
0.4758288562297821,1
0.4482864737510681,1
0.4041937291622162,1
0.4283871054649353,1
0.5166864395141602,1
0.4674009084701538,1
0.2881457805633545,1
0.5813975930213928,1
0.4599606394767761,1
0.5286534428596497,1
0.4071865677833557,1
0.49634307622909546,1
0.4051359295845032,1
0.4321909248828888,1
0.2938139736652374,1
0.40952983498573303,1
0.4873668849468231,1
0.4461977779865265,1
0.35406142473220825,1
0.3402775526046753,1
0.43975818157196045,1
0.5292103290557861,1
0.5613915324211121,1
0.38485169410705566,1
0.4363594651222229,1
0.383009135723114,1
0.4233223795890808,1
0.4332977533340454,1
0.5048156976699829,1
0.5305433869361877,1
0.3724701404571533,1
0.45119708776474,1
0.3922317624092102,1
0.43437421321868896,1
0.38244345784187317,1
0.4444471597671509,1
0.48817774653434753,1
0.37070244550704956,1
0.45981329679489136,1
0.40705326199531555,1
0.3441528379917145,1
0.42288100719451904,1
0.4353746175765991,1
0.4120140075683594,1
0.338092565536499,1
0.4795818626880646,1
0.47187843918800354,1
0.4367520213127136,1
0.38765373826026917,1
0.34093940258026123,1
0.44235795736312866,1
0.338298499584198,1
0.45044511556625366,1
0.4120471477508545,1
0.4154536724090576,1
0.46621790528297424,1
0.42976731061935425,1
0.40033823251724243,1
0.5756518244743347,1
0.4077199697494507,1
0.5215650796890259,1
0.4256172180175781,1
0.4936491847038269,1
0.49099427461624146,1
0.4831610918045044,1
0.3810824155807495,1
0.37580448389053345,1
0.5263915657997131,1
0.4030178487300873,1
0.5077298879623413,1
0.4878420829772949,1
0.3897170424461365,1
0.3764769434928894,1
0.3950684666633606,1
0.37753576040267944,1
0.4255743622779846,1
0.44362807273864746,1
0.3993995189666748,1
0.4466935992240906,1
0.4296145439147949,1
0.4314994513988495,1
0.519687831401825,1
0.37477391958236694,1
0.5293842554092407,1
0.4291307032108307,1
0.44783928990364075,1
0.44941064715385437,1
0.3768616020679474,1
0.5023155212402344,1
0.4655427932739258,1
0.41319096088409424,1
0.5657898187637329,1
0.4087138772010803,1
0.3119490444660187,1
0.3761964440345764,1
0.4302234649658203,1
0.4184271991252899,1
0.45680510997772217,1
0.4463946521282196,1
0.42808371782302856,1
0.44676002860069275,1
0.4260118901729584,1
0.3936803936958313,1
0.3956519663333893,1
0.5526684522628784,1
0.4538476765155792,1
0.4565761685371399,1
0.4044199287891388,1
0.39415842294692993,1
0.4072847366333008,1
0.43045079708099365,1
0.37156862020492554,1
0.38989466428756714,1
0.36779332160949707,1
0.43946993350982666,1
0.41023457050323486,1
0.4642356336116791,1
0.41738712787628174,1
0.4065457582473755,1
0.4756280779838562,1
0.3859683573246002,1
0.4568157494068146,1
0.5400118827819824,1
0.38156265020370483,1
0.4714610278606415,1
0.5367428660392761,1
0.4475262463092804,1
0.31719863414764404,1
0.3924608528614044,1
0.4694831371307373,1
0.4920955300331116,1
0.36261123418807983,1
0.4836733043193817,1
0.541873037815094,1
0.3902329206466675,1
0.4078131914138794,1
0.45616888999938965,1
0.4177915155887604,1
0.35180753469467163,1
0.31324130296707153,1
0.40862947702407837,1
0.5495568513870239,1
0.4690679609775543,1
0.4187551736831665,1
0.4141119718551636,1
0.3604165315628052,1
0.416577011346817,1
0.3819977343082428,1
0.4235386848449707,1
0.4017331600189209,1
0.4563881456851959,1
0.5025714039802551,1
0.37914618849754333,1
0.4282951354980469,1
0.39807993173599243,1
0.3981732130050659,1
0.3948047161102295,1
0.43410593271255493,1
0.3565668761730194,1
0.39718955755233765,1
0.42916151881217957,1
0.34071600437164307,1
0.43565601110458374,1
0.33155447244644165,1
0.5306958556175232,1
0.3490246534347534,1
0.47624528408050537,1
0.4150635600090027,1
0.37247011065483093,1
0.424104779958725,1
0.5993531346321106,1
0.36520808935165405,1
0.4231734871864319,1
0.3766428828239441,1
0.44290316104888916,1
0.43174105882644653,1
0.3131743371486664,1
0.42867377400398254,1
0.413269579410553,1
0.3145616948604584,1
0.41504040360450745,1
0.3843516409397125,1
0.6023373603820801,1
0.40056920051574707,1
0.4351078271865845,1
0.4714539647102356,1
0.3815760314464569,1
0.44179531931877136,1
0.4591778516769409,1
0.4826597571372986,1
0.44680655002593994,1
0.5069917440414429,1
0.41898712515830994,1
0.31045055389404297,1
0.5201568007469177,1
0.4405776262283325,1
0.6217332482337952,1
0.308601051568985,1
0.42746207118034363,1
0.45711153745651245,1
0.4852038621902466,1
0.386083722114563,1
0.42185986042022705,1
0.42090025544166565,1
0.4142128825187683,1
0.4556179344654083,1
0.6171497106552124,1
0.4511425793170929,1
0.40661683678627014,1
0.42489758133888245,1
0.3306150436401367,1
0.41061943769454956,1
0.389509916305542,1
0.3841422200202942,1
0.44145235419273376,1
0.3735162317752838,1
0.5503601431846619,1
0.4354385733604431,1
0.38904812932014465,1
0.39848512411117554,1
0.4076971411705017,1
0.3834758698940277,1
0.576564610004425,1
0.5257276296615601,1
0.40934455394744873,1
0.36711734533309937,1
0.41046249866485596,1
0.46001750230789185,1
0.3959921598434448,1
0.46502459049224854,1
0.4602307081222534,1
0.5334008932113647,1
0.3487035632133484,1
0.34483951330184937,1
0.4407607913017273,1
0.38761329650878906,1
0.4971761703491211,1
0.4256458282470703,1
0.44985976815223694,1
0.45984065532684326,1
0.4229655861854553,1
0.4236600399017334,1
0.3667805790901184,1
0.4456128478050232,1
0.5470560789108276,1
0.38992583751678467,1
0.3627634048461914,1
0.333992063999176,1
0.47158533334732056,1
0.37886565923690796,1
0.43189120292663574,1
0.5296989679336548,1
0.4504850506782532,1
0.39397162199020386,1
0.4242708683013916,1
0.369299978017807,1
0.46677303314208984,1
0.5048180818557739,1
0.40090739727020264,1
0.3813808262348175,1
0.5039907097816467,1
0.3512710928916931,1
0.4498884379863739,1
0.3898523449897766,1
0.4231671392917633,1
0.3212898075580597,1
0.3940547704696655,1
0.45645126700401306,1
0.38719549775123596,1
0.5335128903388977,1
0.3946044147014618,1
0.4101811349391937,1
0.4712756872177124,1
0.33351024985313416,1
0.42858800292015076,1
0.5290669798851013,1
0.3960269093513489,1
0.4896494746208191,1
0.42543986439704895,1
0.3919881582260132,1
0.3237264156341553,1
0.41773033142089844,1
0.5508701801300049,1
0.4711422026157379,1
0.46598345041275024,1
0.37355124950408936,1
0.4356057047843933,1
0.32276493310928345,1
0.3098137378692627,1
0.3736647367477417,1
0.3112395703792572,1
0.5472627878189087,1
0.39726921916007996,1
0.3609065115451813,1
0.43293213844299316,1
0.36110377311706543,1
0.3913041949272156,1
0.39228081703186035,1
0.4125295877456665,1
0.5342358350753784,1
0.5247151851654053,1
0.40925198793411255,1
0.44121992588043213,1
0.3475845754146576,1
0.34899383783340454,1
0.4284532070159912,1
0.33338338136672974,1
0.30354762077331543,1
0.4165475368499756,1
0.3792616128921509,1
0.4283009171485901,1
0.3847120404243469,1
0.3543703556060791,1
0.4219954013824463,1
0.44660940766334534,1
0.46636486053466797,1
0.49640998244285583,1
0.428230345249176,1
0.44364291429519653,1
0.4553655982017517,1
0.37265318632125854,1
0.47842881083488464,1
0.36672961711883545,1
0.5282928943634033,1
0.39059752225875854,1
0.5265240669250488,1
0.44143813848495483,1
0.3666091859340668,1
0.41305068135261536,1
0.4572020471096039,1
0.4376225769519806,1
0.3925905227661133,1
0.391268253326416,1
0.4260622262954712,1
0.4907647967338562,1
0.37060028314590454,1
0.39257967472076416,1
0.43083274364471436,1
0.464611679315567,1
0.47359350323677063,1
0.3797382414340973,1
0.3796200752258301,1
0.4380945563316345,1
0.4335203170776367,1
0.40297603607177734,1
0.4850287437438965,1
0.32952880859375,1
0.4133538007736206,1
0.40465831756591797,1
0.4795795977115631,1
0.5598602294921875,1
0.3697829842567444,1
0.39492741227149963,1
0.36728230118751526,1
0.5273306369781494,1
0.42668893933296204,1
0.4254584312438965,1
0.39982935786247253,1
0.43778353929519653,1
0.44868528842926025,1
0.436748743057251,1
0.6170642375946045,1
0.39071357250213623,1
0.3687063455581665,1
0.4114534258842468,1
0.39715099334716797,1
0.3569348454475403,1
0.39107975363731384,1
0.42979708313941956,1
0.3503420352935791,1
0.4908613860607147,1
0.4260057806968689,1
0.5188995599746704,1
0.41330698132514954,1
0.35062679648399353,1
0.38920140266418457,1
0.4110274016857147,1
0.49440282583236694,1
0.443464994430542,1
0.4285746216773987,1
0.4491267204284668,1
0.42091816663742065,1
0.4014923572540283,1
0.48052388429641724,1
0.4449411928653717,1
0.3789301812648773,1
0.37246090173721313,1
0.42205309867858887,1
0.3657776713371277,1
0.401187539100647,1
0.374325692653656,1
0.41237056255340576,1
0.375958651304245,1
0.37281209230422974,1
0.3368541896343231,1
0.3602222204208374,1
0.4466651678085327,1
0.4385753273963928,1
0.43571609258651733,1
0.42432814836502075,1
0.4195743799209595,1
0.3181052505970001,1
0.463708758354187,1
0.45479869842529297,1
0.5000872611999512,1
0.5344286561012268,1
0.4044122099876404,1
0.3905932307243347,1
0.5832958221435547,1
0.5019420385360718,1
0.3419845700263977,1
0.32123738527297974,1
0.4398386478424072,1
0.5347675085067749,1
0.4255203306674957,1
0.4413769245147705,1
0.546938955783844,1
0.5284202694892883,1
0.45202529430389404,1
0.3931107521057129,1
0.4820469617843628,1
0.33887121081352234,1
0.4624060392379761,1
0.29469454288482666,1
0.514924943447113,1
0.31384211778640747,1
0.44147491455078125,1
0.5030079483985901,1
0.543346643447876,1
0.45753347873687744,1
0.3096708059310913,1
0.3952402174472809,1
0.4431954324245453,1
0.3480062484741211,1
0.47442808747291565,1
0.426576167345047,1
0.4005047380924225,1
0.47052255272865295,1
0.3632587790489197,1
0.3710242211818695,1
0.46845543384552,1
0.4196588397026062,1
0.5652937293052673,1
0.535445511341095,1
0.5098089575767517,1
0.4177623987197876,1
0.4509725272655487,1
0.34998786449432373,1
0.5092042088508606,1
0.5591007471084595,1
0.3890424072742462,1
0.5405199527740479,1
0.43869924545288086,1
0.25684666633605957,1
0.39656221866607666,1
0.3448008894920349,1
0.4384188652038574,1
0.48401057720184326,1
0.5831927061080933,1
0.3274971544742584,1
0.37944501638412476,1
0.3784790635108948,1
0.3266363739967346,1
0.3731142580509186,1
0.40555283427238464,1
0.3733847439289093,1
0.46054312586784363,1
0.49413347244262695,1
0.4061046540737152,1
0.4155998229980469,1
0.4634694457054138,1
0.37538862228393555,1
0.3775872588157654,1
0.452783465385437,1
0.31160226464271545,1
0.40632665157318115,1
0.3936153054237366,1
0.3476647734642029,1
0.37278100848197937,1
0.35105758905410767,1
0.5631789565086365,1
0.3107244372367859,1
0.34053632616996765,1
0.2840317487716675,1
0.43595677614212036,1
0.39832615852355957,1
0.35617879033088684,1
0.3501339554786682,1
0.33900830149650574,1
0.42199912667274475,1
0.42342323064804077,1
0.45199546217918396,1
0.33906757831573486,1
0.36293837428092957,1
0.515749454498291,1
0.33488792181015015,1
0.4181196093559265,1
0.36157169938087463,1
0.5030097961425781,1
0.30967065691947937,1
0.40212464332580566,1
0.4258106052875519,1
0.37849509716033936,1
0.3540523052215576,1
0.33651578426361084,1
0.5369090437889099,1
0.46993303298950195,1
0.5526261925697327,1
0.6112483739852905,1
0.5243588089942932,1
0.43034613132476807,1
0.5170064568519592,1
0.3434496819972992,1
0.493230938911438,1
0.47048699855804443,1
0.4295532703399658,1
0.4232974350452423,1
0.3678915798664093,1
0.42041483521461487,1
0.3206633925437927,1
0.39146745204925537,1
0.4540727734565735,1
0.3714830279350281,1
0.3618896007537842,1
0.3690105080604553,1
0.3100157380104065,1
0.3574473559856415,1
0.2661885619163513,1
0.43347281217575073,1
0.5483189821243286,1
0.35394009947776794,1
0.44309002161026,1
0.4518359899520874,1
0.3908339738845825,1
0.3974670171737671,1
0.41353780031204224,1
0.27914851903915405,1
0.4342338740825653,1
0.3841756284236908,1
0.34630143642425537,1
0.4472612738609314,1
0.4372884929180145,1
0.30940958857536316,1
0.4222610294818878,1
0.4019344449043274,1
0.5483741164207458,1
0.534615695476532,1
0.408352792263031,1
0.4756397008895874,1
0.3631783127784729,1
0.42151516675949097,1
0.37385672330856323,1
0.350429892539978,1
0.4285268783569336,1
0.36485111713409424,1
0.48818889260292053,1
0.44897225499153137,1
0.4821804463863373,1
0.42953336238861084,1
0.5316333174705505,1
0.5086318850517273,1
0.4055943787097931,1
0.46441346406936646,1
0.37036022543907166,1
0.3444429039955139,1
0.5204697847366333,1
0.4033151865005493,1
0.44424259662628174,1
0.3888995349407196,1
0.5154883861541748,1
0.3779758810997009,1
0.38224542140960693,1
0.4156474471092224,1
0.48726701736450195,1
0.45419958233833313,1
0.38146036863327026,1
0.38598310947418213,1
0.4534611105918884,1
0.3691989779472351,1
0.39098700881004333,1
0.5103375315666199,1
0.42456722259521484,1
0.35816025733947754,1
0.4231468439102173,1
0.32895389199256897,1
0.617936372756958,1
0.47493985295295715,1
0.4693816006183624,1
0.35770168900489807,1
0.4300055503845215,1
0.3828108608722687,1
0.480392187833786,1
0.370766282081604,1
0.5323142409324646,1
0.45080360770225525,1
0.44306325912475586,1
0.4624564051628113,1
0.5497117638587952,1
0.5621716976165771,1
0.38798248767852783,1
0.40579789876937866,1
0.516692578792572,1
0.5140562057495117,1
0.4105640947818756,1
0.3894556760787964,1
0.5312576293945313,1
0.3893139660358429,1
0.39831826090812683,1
0.4408770203590393,1
0.4230708181858063,1
0.3690508008003235,1
0.36765289306640625,1
0.445019394159317,1
0.4820198714733124,1
0.3235808312892914,1
0.4321715831756592,1
0.47459685802459717,1
0.41047123074531555,1
0.39155155420303345,1
0.31521737575531006,1
0.4033111035823822,1
0.39061564207077026,1
0.40348294377326965,1
0.3771585524082184,1
0.3373991549015045,1
0.310000479221344,1
0.3982791304588318,1
0.41435807943344116,1
0.3373842239379883,1
0.45154571533203125,1
0.48965948820114136,1
0.4676249623298645,1
0.6639882922172546,1
0.5002899169921875,1
0.3846997022628784,1
0.4508279263973236,1
0.4075837731361389,1
0.47547030448913574,1
0.44755131006240845,1
0.31878507137298584,1
0.49069610238075256,1
0.3455830216407776,1
0.4136037230491638,1
0.5802313685417175,1
0.38219553232192993,1
0.367611825466156,1
0.378373384475708,1
0.4567667245864868,1
0.3983508348464966,1
0.4461797773838043,1
0.45835357904434204,1
0.36212050914764404,1
0.4363757371902466,1
0.3962591588497162,1
0.47585341334342957,1
0.4338897168636322,1
0.34559863805770874,1
0.5374653339385986,1
0.30434542894363403,1
0.3682096600532532,1
0.3729093074798584,1
0.3226137161254883,1
0.3603875935077667,1
0.4044053256511688,1
0.44066745042800903,1
0.3658367395401001,1
0.36424964666366577,1
0.4186449646949768,1
0.445385217666626,1
0.44815683364868164,1
0.4002877473831177,1
0.5605614185333252,1
0.4698365032672882,1
0.4019022583961487,1
0.5458511710166931,1
0.5262555480003357,1
0.3336353600025177,1
0.4966908097267151,1
0.5283017158508301,1
0.33067530393600464,1
0.4477161765098572,1
0.43887680768966675,1
0.37605053186416626,1
0.44756320118904114,1
0.4532357156276703,1
0.43406131863594055,1
0.4681592583656311,1
0.388541042804718,1
0.5053576231002808,1
0.3950505256652832,1
0.4371792674064636,1
0.4913864731788635,1
0.38275840878486633,1
0.4473392963409424,1
0.5232782363891602,1
0.4145246744155884,1
0.35804814100265503,1
0.5035156011581421,1
0.3821435570716858,1
0.3685629069805145,1
0.5879735946655273,1
0.3688049018383026,1
0.4430667757987976,1
0.3646477460861206,1
0.395087867975235,1
0.3375524580478668,1
0.48053139448165894,1
0.4160367548465729,1
0.3368836045265198,1
0.4558961093425751,1
0.4868668019771576,1
0.3681395649909973,1
0.44914233684539795,1
0.3950708210468292,1
0.43554744124412537,1
0.43562689423561096,1
0.4257277846336365,1
0.510610044002533,1
0.4558349549770355,1
0.34141525626182556,1
0.48282843828201294,1
0.4374619126319885,1
0.5479153394699097,1
0.3898642659187317,1
0.5105980634689331,1
0.5307484269142151,1
0.3766394853591919,1
0.43565911054611206,1
0.4414766728878021,1
0.3985675871372223,1
0.5038257241249084,1
0.3947076201438904,1
0.3761445879936218,1
0.4166477620601654,1
0.44375115633010864,1
0.3838922381401062,1
0.3633335828781128,1
0.49919071793556213,1
0.4472329020500183,1
0.49800562858581543,1
0.399426132440567,1
0.37137964367866516,1
0.4378283619880676,1
0.41664788126945496,1
0.4012267291545868,1
0.41756534576416016,1
0.5087619423866272,1
0.47288060188293457,1
0.511543333530426,1
0.44384050369262695,1
0.478555828332901,1
0.3404461741447449,1
0.43821531534194946,1
0.35715430974960327,1
0.46755626797676086,1
0.433198481798172,1
0.2735077738761902,1
0.4481925368309021,1
0.35724765062332153,1
0.44773992896080017,1
0.34821444749832153,1
0.5248721241950989,1
0.4505268335342407,1
0.36691656708717346,1
0.4312223196029663,1
0.34996160864830017,1
0.3989681303501129,1
0.43939733505249023,1
0.4166690707206726,1
0.3934251368045807,1
0.4373539686203003,1
0.40011245012283325,1
0.4024176001548767,1
0.38018035888671875,1
0.3718010187149048,1
0.47571149468421936,1
0.45997339487075806,1
0.49565833806991577,1
0.41934749484062195,1
0.4320904016494751,1
0.40553373098373413,1
0.47009938955307007,1
0.4103430211544037,1
0.4169808626174927,1
0.3997306227684021,1
0.4439958333969116,1
0.44397640228271484,1
0.503903865814209,1
0.47366154193878174,1
0.4712423086166382,1
0.3715793788433075,1
0.31267213821411133,1
0.45314204692840576,1
0.407701313495636,1
0.5678188800811768,1
0.40868863463401794,1
0.43908870220184326,1
0.4028133153915405,1
0.36862754821777344,1
0.3789712190628052,1
0.3850751519203186,1
0.3823930621147156,1
0.4388258755207062,1
0.4243651032447815,1
0.5085019469261169,1
0.4095993638038635,1
0.41296836733818054,1
0.49545109272003174,1
0.4372379183769226,1
0.44023287296295166,1
0.4335176944732666,1
0.3891260623931885,1
0.3530915677547455,1
0.4228295087814331,1
0.46605372428894043,1
0.32994210720062256,1
0.39742010831832886,1
0.39192646741867065,1
0.3660774827003479,1
0.4212307035923004,1
0.38054949045181274,1
0.33751559257507324,1
0.3520849645137787,1
0.40261271595954895,1
0.534561812877655,1
0.41631191968917847,1
0.39960944652557373,1
0.40304869413375854,1
0.4365669786930084,1
0.48164665699005127,1
0.4256897270679474,1
0.4506893754005432,1
0.40821146965026855,1
0.4020536541938782,1
0.40516775846481323,1
0.4211277365684509,1
0.5396276116371155,1
0.41041597723960876,1
0.4079560935497284,1
0.38905805349349976,1
0.38973191380500793,1
0.40196266770362854,1
0.42874133586883545,1
0.41209903359413147,1
0.3952517509460449,1
0.4694364070892334,1
0.29682278633117676,1
0.41176092624664307,1
0.403403639793396,1
0.4615595042705536,1
0.40964218974113464,1
0.37808361649513245,1
0.3970029354095459,1
0.37268590927124023,1
0.3851320147514343,1
0.46103769540786743,1
0.41536346077919006,1
0.39858561754226685,1
0.5060901641845703,1
0.4047672748565674,1
0.36124128103256226,1
0.45026856660842896,1
0.3972911536693573,1
0.36580890417099,1
0.38398486375808716,1
0.4070775508880615,1
0.43957629799842834,1
0.5434163808822632,1
0.3783041834831238,1
0.32562118768692017,1
0.44273442029953003,1
0.3662819266319275,1
0.4586295485496521,1
0.5186556577682495,1
0.4424946904182434,1
0.40727096796035767,1
0.4925220012664795,1
0.42811769247055054,1
0.3806845545768738,1
0.47371047735214233,1
0.35067614912986755,1
0.3757428526878357,1
0.3720811903476715,1
0.4847790598869324,1
0.5090230703353882,1
0.47672539949417114,1
0.4379124641418457,1
0.38413864374160767,1
0.3623368442058563,1
0.39659860730171204,1
0.41383519768714905,1
0.44493046402931213,1
0.5556046366691589,1
0.3540656864643097,1
0.47226428985595703,1
0.4475202262401581,1
0.3169749677181244,1
0.4301178753376007,1
0.5133539438247681,1
0.5036419034004211,1
0.43929892778396606,1
0.3326200246810913,1
0.37915921211242676,1
0.4724256992340088,1
0.3224843442440033,1
0.4497065842151642,1
0.3695334494113922,1
0.3284638822078705,1
0.2757225036621094,1
0.3487546443939209,1
0.44954806566238403,1
0.47313231229782104,1
0.4891257584095001,1
0.3898417055606842,1
0.3423824906349182,1
0.4575740694999695,1
0.47300195693969727,1
0.5453698635101318,1
0.3735480010509491,1
0.31429168581962585,1
0.48742935061454773,1
0.44338417053222656,1
0.3253939747810364,1
0.38826245069503784,1
0.45209231972694397,1
0.47271639108657837,1
0.42530274391174316,1
0.42779165506362915,1
0.4432794451713562,1
0.4566207826137543,1
0.3245011568069458,1
0.4267798662185669,1
0.4358941316604614,1
0.42908474802970886,1
0.5047411322593689,1
0.34069204330444336,1
0.5079418420791626,1
0.360836386680603,1
0.4163109064102173,1
0.35311686992645264,1
0.4246356189250946,1
0.49587711691856384,1
0.402202308177948,1
0.4146212041378021,1
0.5309216380119324,1
0.44093337655067444,1
0.4411965310573578,1
0.5189111232757568,1
0.5194657444953918,1
0.47027575969696045,1
0.6257073879241943,1
0.36535096168518066,1
0.44872429966926575,1
0.39086222648620605,1
0.47256067395210266,1
0.4405016303062439,1
0.44586652517318726,1
0.4688825011253357,1
0.4311301112174988,1
0.36903268098831177,1
0.4105413258075714,1
0.4146006107330322,1
0.47853392362594604,1
0.5856346487998962,1
0.44440606236457825,1
0.48208221793174744,1
0.4140731394290924,1
0.44550758600234985,1
0.550564169883728,1
0.34595558047294617,1
0.4210490882396698,1
0.413421630859375,1
0.3685656487941742,1
0.37397757172584534,1
0.48726028203964233,1
0.3776315748691559,1
0.42585289478302,1
0.5554724335670471,1
0.3841477632522583,1
0.3603746294975281,1
0.4040321707725525,1
0.43706977367401123,1
0.41423535346984863,1
0.40634530782699585,1
0.42472589015960693,1
0.5539806485176086,1
0.4146385192871094,1
0.34166690707206726,1
0.5080723762512207,1
0.46953240036964417,1
0.4545131027698517,1
0.615104615688324,1
0.4297707676887512,1
0.5680516958236694,1
0.38634032011032104,1
0.4324645400047302,1
0.45977169275283813,1
0.41655057668685913,1
0.4760485887527466,1
0.43644794821739197,1
0.43940722942352295,1
0.45823878049850464,1
0.5303667783737183,1
0.3257564306259155,1
0.44171199202537537,1
0.38002943992614746,1
0.40543287992477417,1
0.5411407351493835,1
0.5085616707801819,1
0.40095242857933044,1
0.5234925150871277,1
0.41572925448417664,1
0.387873113155365,1
0.42367690801620483,1
0.5799657702445984,1
0.43917638063430786,1
0.38365286588668823,1
0.43989890813827515,1
0.5275824666023254,1
0.4091610908508301,1
0.384254515171051,1
0.4027835726737976,1
0.37242335081100464,1
0.42381325364112854,1
0.33989378809928894,1
0.40374061465263367,1
0.4700934886932373,1
0.4157339930534363,1
0.3627423942089081,1
0.44748541712760925,1
0.5220918655395508,1
0.4174655079841614,1
0.3559451699256897,1
0.44987064599990845,1
0.4350550174713135,1
0.42390671372413635,1
0.44789671897888184,1
0.44008684158325195,1
0.3314501941204071,1
0.41228437423706055,1
0.3013477623462677,1
0.36565178632736206,1
0.5607749223709106,1
0.3158215582370758,1
0.4174645245075226,1
0.5180221199989319,1
0.3854764699935913,1
0.3615528345108032,1
0.4313080608844757,1
0.47088679671287537,1
0.4910896420478821,1
0.44758495688438416,1
0.4475238025188446,1
0.37089329957962036,1
0.45727217197418213,1
0.4441356956958771,1
0.33437201380729675,1
0.33482271432876587,1
0.41848400235176086,1
0.39177626371383667,1
0.5273228287696838,1
0.4400758445262909,1
0.4377823770046234,1
0.39898866415023804,1
0.3713267743587494,1
0.5452995896339417,1
0.37142491340637207,1
0.41351133584976196,1
0.36407923698425293,1
0.43247556686401367,1
0.5134409070014954,1
0.3915214240550995,1
0.45316267013549805,1
0.5191458463668823,1
0.32798758149147034,1
0.4004933834075928,1
0.3970646262168884,1
0.3044622540473938,1
0.4437468647956848,1
0.4573041796684265,1
0.3964729309082031,1
0.3705993890762329,1
0.4890177547931671,1
0.5322538614273071,1
0.439541757106781,1
0.4355924725532532,1
0.4500744640827179,1
0.5606919527053833,1
0.5109366774559021,1
0.47828638553619385,1
0.33296024799346924,1
0.5139861106872559,1
0.48646700382232666,1
0.3792239725589752,1
0.4182034730911255,1
0.4283219277858734,1
0.40248048305511475,1
0.43611428141593933,1
0.47732532024383545,1
0.40491995215415955,1
0.42552661895751953,1
0.4290390908718109,1
0.392220139503479,1
0.443689227104187,1
0.3623957633972168,1
0.416242778301239,1
0.4230651259422302,1
0.43256404995918274,1
0.43800196051597595,1
0.43087074160575867,1
0.5059225559234619,1
0.4065539538860321,1
0.30111679434776306,1
0.5771549940109253,1
0.4521105885505676,1
0.33770522475242615,1
0.41219362616539,1
0.3692220449447632,1
0.44489309191703796,1
0.4060252606868744,1
0.32803526520729065,1
0.3927976191043854,1
0.382030725479126,1
0.41455021500587463,1
0.4942660927772522,1
0.3183101415634155,1
0.3089105486869812,1
0.3110772669315338,1
0.3905506730079651,1
0.5178588628768921,1
0.4750422239303589,1
0.41657474637031555,1
0.45159631967544556,1
0.3993738293647766,1
0.4288904070854187,1
0.45615941286087036,1
0.4199869930744171,1
0.4143476188182831,1
0.42805445194244385,1
0.5312200784683228,1
0.47332310676574707,1
0.3183644413948059,1
0.3386871814727783,1
0.38340234756469727,1
0.49624258279800415,1
0.41503095626831055,1
0.33744075894355774,1
0.30136609077453613,1
0.4365944266319275,1
0.369596004486084,1
0.4331507980823517,1
0.3374529182910919,1
0.4994295835494995,1
0.45522287487983704,1
0.41930413246154785,1
0.34937337040901184,1
0.4155455231666565,1
0.46702441573143005,1
0.43625128269195557,1
0.31501176953315735,1
0.37807518243789673,1
0.29043132066726685,1
0.3630874752998352,1
0.5737677216529846,1
0.39428818225860596,1
0.45700061321258545,1
0.5829280018806458,1
0.40784335136413574,1
0.3793953061103821,1
0.42473140358924866,1
0.451659619808197,1
0.3978903591632843,1
0.4677414298057556,1
0.3375844657421112,1
0.5312178730964661,1
0.34640857577323914,1
0.4335869550704956,1
0.3939052224159241,1
0.4172997772693634,1
0.44517332315444946,1
0.4223449230194092,1
0.47998279333114624,1
0.3465309739112854,1
0.3635826110839844,1
0.433449923992157,1
0.5406739711761475,1
0.4964330792427063,1
0.4233081340789795,1
0.30850422382354736,1
0.39321959018707275,1
0.30313870310783386,1
0.4524221122264862,1
0.4700579345226288,1
0.38561487197875977,1
0.4559110701084137,1
0.3283997178077698,1
0.4387111961841583,1
0.4548261761665344,1
0.3915095329284668,1
0.35447269678115845,1
0.4244281053543091,1
0.3904748558998108,1
0.3726608455181122,1
0.37976425886154175,1
0.4200271666049957,1
0.4815444350242615,1
0.42287588119506836,1
0.41749829053878784,1
0.3562357425689697,1
0.3355700373649597,1
0.4867432415485382,1
0.3974260091781616,1
0.4128517210483551,1
0.41597700119018555,1
0.4092947244644165,1
0.3661629557609558,1
0.42187076807022095,1
0.48577094078063965,1
0.4497199058532715,1
0.686829686164856,1
0.4305504858493805,1
0.3237776756286621,1
0.4146244525909424,1
0.3323764204978943,1
0.5002988576889038,1
0.3412829637527466,1
0.5003052353858948,1
0.46136415004730225,1
0.4021909832954407,1
0.3863403797149658,1
0.43611738085746765,1
0.4773244857788086,1
0.4415936768054962,1
0.3412964642047882,1
0.48068028688430786,1
0.38052013516426086,1
0.36275428533554077,1
0.36020269989967346,1
0.3779788613319397,1
0.40467554330825806,1
0.5096385478973389,1
0.4361390769481659,1
0.44088879227638245,1
0.4012182950973511,1
0.4821386933326721,1
0.5919559597969055,1
0.5033388137817383,1
0.36841660737991333,1
0.4338129758834839,1
0.49652814865112305,1
0.40875524282455444,1
0.3705424666404724,1
0.3601658344268799,1
0.4305417239665985,1
0.4470750093460083,1
0.4512515664100647,1
0.44501301646232605,1
0.435874342918396,1
0.4350590705871582,1
0.4071314334869385,1
0.4884399175643921,1
0.4408836364746094,1
0.419653058052063,1
0.45460712909698486,1
0.35522130131721497,1
0.5862946510314941,1
0.39827463030815125,1
0.35570472478866577,1
0.45632219314575195,1
0.38946956396102905,1
0.5454072952270508,1
0.37973248958587646,1
0.41932356357574463,1
0.44418108463287354,1
0.4076367914676666,1
0.45521360635757446,1
0.5360713601112366,1
0.4290226697921753,1
0.4296845495700836,1
0.4201793074607849,1
0.5263650417327881,1
0.40370434522628784,1
0.49770551919937134,1
0.4526427984237671,1
0.4641963839530945,1
0.5149292945861816,1
0.4097088873386383,1
0.5580390691757202,1
0.38475099205970764,1
0.4383907616138458,1
0.36965692043304443,1
0.39230772852897644,1
0.5593299865722656,1
0.377505898475647,1
0.44476383924484253,1
0.3195144534111023,1
0.34311002492904663,1
0.40858012437820435,1
0.4117174446582794,1
0.3402746021747589,1
0.4676884710788727,1
0.40142834186553955,1
0.4794124960899353,1
0.4408113956451416,1
0.45309436321258545,1
0.4369821548461914,1
0.3451678454875946,1
0.6191120743751526,1
0.5393079519271851,1
0.44166263937950134,1
0.3927907347679138,1
0.48904651403427124,1
0.3982725739479065,1
0.44793951511383057,1
0.4666389524936676,1
0.3510040044784546,1
0.5702052712440491,1
0.4048413038253784,1
0.3742997646331787,1
0.4024011194705963,1
0.4330008625984192,1
0.31183120608329773,1
0.34384268522262573,1
0.3934664726257324,1
0.32324033975601196,1
0.4230610132217407,1
0.316357284784317,1
0.34488731622695923,1
0.47508829832077026,1
0.522091269493103,1
0.45603203773498535,1
0.4664797782897949,1
0.4062468707561493,1
0.4184595048427582,1
0.5168442726135254,1
0.4679875373840332,1
0.38291487097740173,1
0.4122799038887024,1
0.5460121631622314,1
0.4181802272796631,1
0.4499772787094116,1
0.4114084839820862,1
0.34073787927627563,1
0.3860481083393097,1
0.4151897430419922,1
0.42163339257240295,1
0.35744377970695496,1
0.291772723197937,1
0.48704928159713745,1
0.42108607292175293,1
0.385684609413147,1
0.3721427321434021,1
0.45320236682891846,1
0.3767852783203125,1
0.4168463945388794,1
0.4929937422275543,1
0.39228957891464233,1
0.41319358348846436,1
0.36724212765693665,1
0.5093117952346802,1
0.5048936605453491,1
0.47888749837875366,1
0.5238969326019287,1
0.526093602180481,1
0.365230530500412,1
0.47835245728492737,1
0.3718401789665222,1
0.2902429699897766,1
0.33365195989608765,1
0.34928926825523376,1
0.508333683013916,1
0.3675307035446167,1
0.4208802580833435,1
0.45077648758888245,1
0.49081742763519287,1
0.567895770072937,1
0.33251407742500305,1
0.40436503291130066,1
0.3792795240879059,1
0.4721066355705261,1
0.3339272737503052,1
0.5046895146369934,1
0.3992643356323242,1
0.38902708888053894,1
0.4432532787322998,1
0.3750929534435272,1
0.5004887580871582,1
0.45178496837615967,1
0.4392944574356079,1
0.3378220796585083,1
0.5147504210472107,1
0.38871684670448303,1
0.3804261386394501,1
0.38103920221328735,1
0.38666394352912903,1
0.3886967897415161,1
0.47100791335105896,1
0.4816087484359741,1
0.47065234184265137,1
0.3958296775817871,1
0.42733702063560486,1
0.4378204941749573,1
0.3348716199398041,1
0.6284810900688171,1
0.4172559082508087,1
0.38892337679862976,1
0.36283671855926514,1
0.3360162377357483,1
0.34013572335243225,1
0.5376909971237183,1
0.5059406757354736,1
0.4436013996601105,1
0.470129132270813,1
0.5048409700393677,1
0.39825713634490967,1
0.34885016083717346,1
0.42937740683555603,1
0.5045601725578308,1
0.449269562959671,1
0.3868250250816345,1
0.4679095447063446,1
0.45653149485588074,1
0.42047640681266785,1
0.4514683783054352,1
0.45107948780059814,1
0.4608744978904724,1
0.4840390086174011,1
0.4404088258743286,1
0.4541369676589966,1
0.37743765115737915,1
0.4700094759464264,1
0.3950865864753723,1
0.49727970361709595,1
0.38010287284851074,1
0.3667938709259033,1
0.49452993273735046,1
0.4268949627876282,1
0.3425882160663605,1
0.4953939914703369,1
0.4497000575065613,1
0.398578941822052,1
0.4446226954460144,1
0.4617612063884735,1
0.3164351284503937,1
0.3964141607284546,1
0.4998180568218231,1
0.4598965048789978,1
0.32515767216682434,1
0.34583401679992676,1
0.4215424060821533,1
0.5364061594009399,1
0.5426704287528992,1
0.3146163821220398,1
0.4561256170272827,1
0.5542160272598267,1
0.5390948057174683,1
0.4019346237182617,1
0.4253058433532715,1
0.36190471053123474,1
0.3603670001029968,1
0.4289562404155731,1
0.46165931224823,1
0.5387896299362183,1
0.49523138999938965,1
0.4888283610343933,1
0.4226434826850891,1
0.3802986741065979,1
0.4039947986602783,1
0.4243568480014801,1
0.4342401921749115,1
0.3983907103538513,1
0.39075249433517456,1
0.4249618649482727,1
0.46942025423049927,1
0.32432886958122253,1
0.4489433765411377,1
0.4607725143432617,1
0.538720965385437,1
0.32586246728897095,1
0.32607996463775635,1
0.40378326177597046,1
0.48581942915916443,1
0.3889680802822113,1
0.4597785472869873,1
0.4580748677253723,1
0.46027350425720215,1
0.4274623990058899,1
0.415128618478775,1
0.4261694848537445,1
0.511147141456604,1
0.28963083028793335,1
0.4015679657459259,1
0.32801634073257446,1
0.32409781217575073,1
0.41481247544288635,1
0.42777353525161743,1
0.436252623796463,1
0.4468042850494385,1
0.4198230504989624,1
0.36511749029159546,1
0.4469703435897827,1
0.4965605139732361,1
0.38285359740257263,1
0.385841429233551,1
0.42261555790901184,1
0.3948688507080078,1
0.40499740839004517,1
0.3116970658302307,1
0.3452499508857727,1
0.45190614461898804,1
0.4915744662284851,1
0.36450788378715515,1
0.5462331175804138,1
0.4579048454761505,1
0.40752974152565,1
0.39472532272338867,1
0.43195563554763794,1
0.43521779775619507,1
0.3331339955329895,1
0.4014336168766022,1
0.34711772203445435,1
0.3969241976737976,1
0.3904508948326111,1
0.36813029646873474,1
0.41438645124435425,1
0.5392622351646423,1
0.47234469652175903,1
0.5116562247276306,1
0.3967338800430298,1
0.48644784092903137,1
0.3670627176761627,1
0.3728305399417877,1
0.3392697870731354,1
0.373695969581604,1
0.4172995686531067,1
0.4316830337047577,1
0.41271644830703735,1
0.4135647416114807,1
0.4320869445800781,1
0.4797658324241638,1
0.4188903272151947,1
0.3638870120048523,1
0.517731785774231,1
0.4228258430957794,1
0.3955714702606201,1
0.45072314143180847,1
0.4507666826248169,1
0.41587692499160767,1
0.43113166093826294,1
0.378673255443573,1
0.5305595993995667,1
0.41584256291389465,1
0.336412638425827,1
0.372089147567749,1
0.4085838794708252,1
0.43890580534935,1
0.45496416091918945,1
0.4163154363632202,1
0.5302331447601318,1
0.38601142168045044,1
0.374064564704895,1
0.4718579947948456,1
0.40692901611328125,1
0.45814383029937744,1
0.44134074449539185,1
0.3293440341949463,1
0.531399130821228,1
0.4602403938770294,1
0.49216321110725403,1
0.45063239336013794,1
0.4752406179904938,1
0.3608304262161255,1
0.402031272649765,1
0.3549240827560425,1
0.37248697876930237,1
0.3990546464920044,1
0.35107776522636414,1
0.40820133686065674,1
0.4260338544845581,1
0.33296114206314087,1
0.49834367632865906,1
0.41964855790138245,1
0.3463452160358429,1
0.5005152225494385,1
0.4274134337902069,1
0.4518852233886719,1
0.5266168117523193,1
0.4263732433319092,1
0.40310049057006836,1
0.42894431948661804,1
0.32127535343170166,1
0.44462108612060547,1
0.5496798753738403,1
0.3840460777282715,1
0.42909544706344604,1
0.46001750230789185,1
0.4078816771507263,1
0.40223732590675354,1
0.4815390110015869,1
0.4865550994873047,1
0.44265255331993103,1
0.3113236427307129,1
0.35032033920288086,1
0.3780721127986908,1
0.3532978892326355,1
0.42224687337875366,1
0.4093899428844452,1
0.4702925682067871,1
0.3678205609321594,1
0.4511076509952545,1
0.547277569770813,1
0.40757596492767334,1
0.4439883828163147,1
0.5005455017089844,1
0.38009804487228394,1
0.5228148698806763,1
0.4302288293838501,1
0.426481157541275,1
0.43039315938949585,1
0.5325170755386353,1
0.4584224820137024,1
0.45187702775001526,1
0.39926478266716003,1
0.39072275161743164,1
0.5120265483856201,1
0.42489922046661377,1
0.4048972725868225,1
0.33679863810539246,1
0.5759093165397644,1
0.420847624540329,1
0.5470297336578369,1
0.4697703719139099,1
0.35644420981407166,1
0.3062756061553955,1
0.3955821990966797,1
0.41390374302864075,1
0.43888065218925476,1
0.34620773792266846,1
0.354620099067688,1
0.41243404150009155,1
0.3319022059440613,1
0.422794371843338,1
0.4034654498100281,1
0.41590356826782227,1
0.4708786904811859,1
0.382568895816803,1
0.4339917302131653,1
0.44277557730674744,1
0.43314945697784424,1
0.38788890838623047,1
0.43737441301345825,1
0.2669823467731476,1
0.4435645639896393,1
0.39168956875801086,1
0.5199820399284363,1
0.2861449718475342,1
0.31669169664382935,1
0.3584652245044708,1
0.32422757148742676,1
0.46432438492774963,1
0.498185396194458,1
0.36966902017593384,1
0.4454968571662903,1
0.3700839579105377,1
0.43719786405563354,1
0.3561147153377533,1
0.4398084580898285,1
0.48817336559295654,1
0.38549375534057617,1
0.4327228367328644,1
0.37635648250579834,1
0.39361563324928284,1
0.4994497001171112,1
0.4956578314304352,1
0.4261712431907654,1
0.30901581048965454,1
0.4364873170852661,1
0.3682669997215271,1
0.4003750681877136,1
0.447429895401001,1
0.4107944369316101,1
0.4016439914703369,1
0.5243117809295654,1
0.4536650776863098,1
0.38237762451171875,1
0.3314906060695648,1
0.5293295979499817,1
0.4686257243156433,1
0.44226428866386414,1
0.42942219972610474,1
0.4957571029663086,1
0.44788604974746704,1
0.49399492144584656,1
0.32072657346725464,1
0.3497486114501953,1
0.41062045097351074,1
0.4383355975151062,1
0.4552793502807617,1
0.469738632440567,1
0.3185949921607971,1
0.367658793926239,1
0.44328442215919495,1
0.38207292556762695,1
0.3891192376613617,1
0.5137851238250732,1
0.47887659072875977,1
0.43991637229919434,1
0.4380628764629364,1
0.4910252094268799,1
0.43817728757858276,1
0.39552271366119385,1
0.3647196888923645,1
0.5034632682800293,1
0.34624427556991577,1
0.3988588750362396,1
0.5117374658584595,1
0.32599982619285583,1
0.49061524868011475,1
0.40416035056114197,1
0.34840425848960876,1
0.3734976053237915,1
0.3808027505874634,1
0.489797443151474,1
0.3740386962890625,1
0.525058388710022,1
0.3927419185638428,1
0.3537343144416809,1
0.4870307743549347,1
0.36259520053863525,1
0.4666692614555359,1
0.4594666659832001,1
0.40982869267463684,1
0.43291714787483215,1
0.4437899589538574,1
0.4977719783782959,1
0.4304368793964386,1
0.36188721656799316,1
0.3231104016304016,1
0.43148553371429443,1
0.44243884086608887,1
0.42042210698127747,1
0.466829776763916,1
0.37906819581985474,1
0.34578120708465576,1
0.42157119512557983,1
0.36831820011138916,1
0.45850902795791626,1
0.38004496693611145,1
0.4008828103542328,1
0.4641522467136383,1
0.38774389028549194,1
0.47988593578338623,1
0.38567569851875305,1
0.3541111946105957,1
0.4299604296684265,1
0.43409717082977295,1
0.4115423560142517,1
0.364809513092041,1
0.47169435024261475,1
0.5207952857017517,1
0.38526591658592224,1
0.33903640508651733,1
0.4755253791809082,1
0.4384670555591583,1
0.4705080986022949,1
0.40395233035087585,1
0.48716074228286743,1
0.5328400731086731,1
0.3686360716819763,1
0.49018174409866333,1
0.4286806285381317,1
0.4898609220981598,1
0.3692781329154968,1
0.4452638030052185,1
0.41797763109207153,1
0.3488330841064453,1
0.3965459167957306,1
0.30622127652168274,1
0.360159695148468,1
0.3312305212020874,1
0.41489750146865845,1
0.44575828313827515,1
0.46452659368515015,1
0.43737149238586426,1
0.32250460982322693,1
0.4381052851676941,1
0.42334282398223877,1
0.3717806935310364,1
0.4762715995311737,1
0.3496388792991638,1
0.5348217487335205,1
0.4101964831352234,1
0.50330650806427,1
0.48247241973876953,1
0.36699992418289185,1
0.42073580622673035,1
0.4625502824783325,1
0.599584698677063,1
0.37266403436660767,1
0.40713801980018616,1
0.3627307713031769,1
0.44920483231544495,1
0.3472653925418854,1
0.3806515336036682,1
0.47694873809814453,1
0.34550774097442627,1
0.32735002040863037,1
0.39581266045570374,1
0.3281388282775879,1
0.41531407833099365,1
0.4273158609867096,1
0.5103687047958374,1
0.44901084899902344,1
0.4068392515182495,1
0.5218652486801147,1
0.4718409776687622,1
0.43705400824546814,1
0.3894064128398895,1
0.37259262800216675,1
0.5016972422599792,1
0.39574551582336426,1
0.5044711828231812,1
0.3757334053516388,1
0.5297704935073853,1
0.3633967638015747,1
0.43753260374069214,1
0.4737468957901001,1
0.4266161322593689,1
0.3826642632484436,1
0.3906109035015106,1
0.3954842686653137,1
0.3394670784473419,1
0.28253060579299927,1
0.3585062026977539,1
0.4373740553855896,1
0.5238877534866333,1
0.46370136737823486,1
0.5405519008636475,1
0.4152304232120514,1
0.35083550214767456,1
0.6249877214431763,1
0.48085853457450867,1
0.45024576783180237,1
0.4618849754333496,1
0.37888312339782715,1
0.43912914395332336,1
0.4880482852458954,1
0.39835548400878906,1
0.4385485053062439,1
0.39864683151245117,1
0.4670642018318176,1
0.3440013527870178,1
0.36586493253707886,1
0.44830408692359924,1
0.4759158492088318,1
0.46841898560523987,1
0.42878881096839905,1
0.5172697305679321,1
0.560138463973999,1
0.3735044002532959,1
0.32372310757637024,1
0.42454585433006287,1
0.4546959400177002,1
0.3643724322319031,1
0.5143656134605408,1
0.3320958912372589,1
0.4146868586540222,1
0.5753445625305176,1
0.35268235206604004,1
0.5310672521591187,1
0.45259028673171997,1
0.3839075267314911,1
0.46888968348503113,1
0.31690189242362976,1
0.5134254693984985,1
0.5217975974082947,1
0.452522873878479,1
0.3842533230781555,1
0.4538678526878357,1
0.47210294008255005,1
0.41440415382385254,1
0.4700723886489868,1
0.37685659527778625,1
0.39615246653556824,1
0.41721969842910767,1
0.46964460611343384,1
0.3731697201728821,1
0.33398544788360596,1
0.38152116537094116,1
0.42635560035705566,1
0.41756731271743774,1
0.4205780029296875,1
0.43086621165275574,1
0.5381512641906738,1
0.4773472547531128,1
0.3861921429634094,1
0.546403706073761,1
0.37623330950737,1
0.42384272813796997,1
0.35805055499076843,1
0.514842689037323,1
0.4657393991947174,1
0.2902093529701233,1
0.5220705270767212,1
0.34921571612358093,1
0.37377142906188965,1
0.4371289610862732,1
0.46735209226608276,1
0.43116241693496704,1
0.5000839233398438,1
0.4034404158592224,1
0.4399712085723877,1
0.38239797949790955,1
0.5034186244010925,1
0.5275063514709473,1
0.45031100511550903,1
0.43121522665023804,1
0.5416964888572693,1
0.48987847566604614,1
0.4256066679954529,1
0.5532772541046143,1
0.3182607591152191,1
0.33124661445617676,1
0.4312135577201843,1
0.5009782314300537,1
0.3892773985862732,1
0.37487030029296875,1
0.345673531293869,1
0.39517107605934143,1
0.38166677951812744,1
0.48101669549942017,1
0.4553963541984558,1
0.4178158640861511,1
0.39596912264823914,1
0.35409173369407654,1
0.4002494513988495,1
0.4325965940952301,1
0.30645349621772766,1
0.5046658515930176,1
0.3681595027446747,1
0.5154770612716675,1
0.4831439256668091,1
0.4376581609249115,1
0.3710448741912842,1
0.30168798565864563,1
0.33542996644973755,1
0.30208832025527954,1
0.45178255438804626,1
0.4501989483833313,1
0.5097872614860535,1
0.3969982862472534,1
0.4354180693626404,1
0.4839801788330078,1
0.4220472574234009,1
0.3900042176246643,1
0.4112321734428406,1
0.43911415338516235,1
0.4407435357570648,1
0.4240892827510834,1
0.43070483207702637,1
0.42373862862586975,1
0.5057464241981506,1
0.5156264305114746,1
0.37187880277633667,1
0.45907357335090637,1
0.46685802936553955,1
0.35275179147720337,1
0.509281575679779,1
0.5067169666290283,1
0.4002283811569214,1
0.42294812202453613,1
0.3508474826812744,1
0.39769965410232544,1
0.5116181373596191,1
0.4655846357345581,1
0.33912205696105957,1
0.39713507890701294,1
0.43015798926353455,1
0.34374380111694336,1
0.3234729766845703,1
0.42080867290496826,1
0.5107215642929077,1
0.3678947687149048,1
0.45092907547950745,1
0.44244885444641113,1
0.5194709897041321,1
0.37226855754852295,1
0.43131589889526367,1
0.28586864471435547,1
0.39671456813812256,1
0.47175332903862,1
0.45635074377059937,1
0.39162978529930115,1
0.35179683566093445,1
0.3810228705406189,1
0.35052937269210815,1
0.41112276911735535,1
0.4586153030395508,1
0.40628287196159363,1
0.29491156339645386,1
0.46464669704437256,1
0.47443458437919617,1
0.5637935996055603,1
0.5197238326072693,1
0.3564225733280182,1
0.37362533807754517,1
0.4845426678657532,1
0.5244747996330261,1
0.5203982591629028,1
0.37492096424102783,1
0.3371424674987793,1
0.48190754652023315,1
0.35753223299980164,1
0.41976290941238403,1
0.4007982313632965,1
0.3552519679069519,1
0.4557042419910431,1
0.4459133744239807,1
0.30382561683654785,1
0.41990041732788086,1
0.4855853319168091,1
0.38313955068588257,1
0.5091522336006165,1
0.4801986813545227,1
0.3847700357437134,1
0.3006577491760254,1
0.3218715786933899,1
0.4243813753128052,1
0.43534648418426514,1
0.4853332042694092,1
0.35337337851524353,1
0.5217095613479614,1
0.4919237494468689,1
0.48270732164382935,1
0.3909342885017395,1
0.5550081729888916,1
0.49720335006713867,1
0.39013364911079407,1
0.36027899384498596,1
0.3551952838897705,1
0.3325575292110443,1
0.3779301047325134,1
0.45048508048057556,1
0.4781162738800049,1
0.4097171425819397,1
0.442075252532959,1
0.28948840498924255,1
0.3654797077178955,1
0.43287402391433716,1
0.4427541196346283,1
0.36010774970054626,1
0.3544924259185791,1
0.41289159655570984,1
0.4833641052246094,1
0.4433843195438385,1
0.3942662477493286,1
0.4149308204650879,1
0.541733980178833,1
0.34184157848358154,1
0.3875332474708557,1
0.47858551144599915,1
0.47806084156036377,1
0.4593676030635834,1
0.5514769554138184,1
0.3151476979255676,1
0.3992766737937927,1
0.39455145597457886,1
0.3784496486186981,1
0.47643619775772095,1
0.33261364698410034,1
0.37433499097824097,1
0.4573008418083191,1
0.5254793167114258,1
0.42377644777297974,1
0.464630126953125,1
0.4023721218109131,1
0.48044902086257935,1
0.4218382239341736,1
0.30363598465919495,1
0.4325884282588959,1
0.37565624713897705,1
0.4984886646270752,1
0.49642670154571533,1
0.3144620358943939,1
0.37233203649520874,1
0.41583308577537537,1
0.5448968410491943,1
0.3746199309825897,1
0.42735517024993896,1
0.3706817626953125,1
0.5376871824264526,1
0.5141723155975342,1
0.3613547086715698,1
0.3731904625892639,1
0.3914547562599182,1
0.2673439383506775,1
0.514755129814148,1
0.45680803060531616,1
0.3821154236793518,1
0.49692264199256897,1
0.4100068211555481,1
0.38477617502212524,1
0.3807714283466339,1
0.3500756025314331,1
0.3318423628807068,1
0.5365309715270996,1
0.6006618738174438,1
0.4644280970096588,1
0.30856260657310486,1
0.33556604385375977,1
0.417125403881073,1
0.4519048035144806,1
0.29243895411491394,1
0.4585304260253906,1
0.41911184787750244,1
0.6115339994430542,1
0.37782585620880127,1
0.4625788927078247,1
0.4200589060783386,1
0.40724122524261475,1
0.3598656952381134,1
0.34307724237442017,1
0.45345598459243774,1
0.484661340713501,1
0.4568384289741516,1
0.6107367277145386,1
0.42326539754867554,1
0.3884148597717285,1
0.46796488761901855,1
0.37995803356170654,1
0.44197213649749756,1
0.2904008626937866,1
0.4426999092102051,1
0.43658769130706787,1
0.36241114139556885,1
0.4259774088859558,1
0.44264325499534607,1
0.4344058036804199,1
0.3632410764694214,1
0.39041078090667725,1
0.4047423005104065,1
0.44687360525131226,1
0.37055671215057373,1
0.39248931407928467,1
0.3984680473804474,1
0.3337516486644745,1
0.3864220678806305,1
0.4582681953907013,1
0.44519588351249695,1
0.38295799493789673,1
0.40095046162605286,1
0.41400477290153503,1
0.40280425548553467,1
0.449815034866333,1
0.4176550507545471,1
0.34499120712280273,1
0.38026368618011475,1
0.3511661887168884,1
0.3760155439376831,1
0.3951197862625122,1
0.2880678176879883,1
0.34772440791130066,1
0.37503916025161743,1
0.5168505907058716,1
0.4134562015533447,1
0.3590596616268158,1
0.43353748321533203,1
0.36896246671676636,1
0.41765278577804565,1
0.4130379557609558,1
0.33153897523880005,1
0.40547415614128113,1
0.34929341077804565,1
0.40390515327453613,1
0.5565261244773865,1
0.23704743385314941,1
0.26125001907348633,1
0.44395968317985535,1
0.45696428418159485,1
0.41559356451034546,1
0.3529631495475769,1
0.3518139123916626,1
0.4592496156692505,1
0.43138763308525085,1
0.3772696256637573,1
0.4115228056907654,1
0.5323112607002258,1
0.43346908688545227,1
0.38325655460357666,1
0.48371127247810364,1
0.4925081133842468,1
0.27401620149612427,1
0.4048301577568054,1
0.5435131788253784,1
0.500536322593689,1
0.549253523349762,1
0.37954676151275635,1
0.36541882157325745,1
0.495137482881546,1
0.5057056546211243,1
0.4471000134944916,1
0.39280420541763306,1
0.4650675058364868,1
0.44719380140304565,1
0.34455224871635437,1
0.4763834774494171,1
0.4673974812030792,1
0.4118853211402893,1
0.4272705614566803,1
0.37847602367401123,1
0.3018264174461365,1
0.3881029188632965,1
0.42758452892303467,1
0.44174879789352417,1
0.5560092926025391,1
0.3946937322616577,1
0.35810568928718567,1
0.35518625378608704,1
0.4972447156906128,1
0.3464493751525879,1
0.3505689799785614,1
0.42960935831069946,1
0.42214250564575195,1
0.48514917492866516,1
0.43012118339538574,1
0.47318530082702637,1
0.343945175409317,1
0.42686763405799866,1
0.3784344792366028,1
0.518667459487915,1
0.3885022699832916,1
0.5539866089820862,1
0.48426076769828796,1
0.475821316242218,1
0.44903963804244995,1
0.46478453278541565,1
0.4841538667678833,1
0.3923952877521515,1
0.39043349027633667,1
0.34379756450653076,1
0.44750797748565674,1
0.34232866764068604,1
0.41420310735702515,1
0.35097911953926086,1
0.35426777601242065,1
0.3827642798423767,1
0.3873279392719269,1
0.34230443835258484,1
0.4702821373939514,1
0.38108840584754944,1
0.3560393452644348,1
0.39391204714775085,1
0.37341055274009705,1
0.3781142234802246,1
0.5204306244850159,1
0.272311806678772,1
0.5108864307403564,1
0.40137243270874023,1
0.5189756155014038,1
0.47830602526664734,1
0.4284823536872864,1
0.42361006140708923,1
0.3868940770626068,1
0.31698256731033325,1
0.41253238916397095,1
0.4547468423843384,1
0.35099202394485474,1
0.42231065034866333,1
0.36556389927864075,1
0.4048087000846863,1
0.4631558656692505,1
0.381094753742218,1
0.595044732093811,1
0.48235994577407837,1
0.3254857063293457,1
0.3697536587715149,1
0.40271392464637756,1
0.4137647747993469,1
0.4523027539253235,1
0.42390093207359314,1
0.49013638496398926,1
0.3341744840145111,1
0.37647849321365356,1
0.4837546944618225,1
0.4896485507488251,1
0.32561996579170227,1
0.5325899124145508,1
0.49940967559814453,1
0.4815981090068817,1
0.39317792654037476,1
0.4200259745121002,1
0.43193185329437256,1
0.4347218871116638,1
0.32691270112991333,1
0.42775267362594604,1
0.3787381052970886,1
0.45374518632888794,1
0.4514480233192444,1
0.3923914432525635,1
0.44499048590660095,1
0.48179587721824646,1
0.41160619258880615,1
0.36140164732933044,1
0.3190547823905945,1
0.4336625933647156,1
0.4573877453804016,1
0.2936687469482422,1
0.39408448338508606,1
0.4262373149394989,1
0.5147325992584229,1
0.4805012345314026,1
0.3080165982246399,1
0.45731809735298157,1
0.4476984143257141,1
0.3990057706832886,1
0.42430976033210754,1
0.47917744517326355,1
0.47380125522613525,1
0.34677544236183167,1
0.4913933277130127,1
0.4555560350418091,1
0.3758936822414398,1
0.42701464891433716,1
0.3916987180709839,1
0.32147347927093506,1
0.45750486850738525,1
0.47045081853866577,1
0.5002733469009399,1
0.6063753962516785,1
0.4896009564399719,1
0.3258439600467682,1
0.40146541595458984,1
0.35827070474624634,1
0.4521329998970032,1
0.45153552293777466,1
0.5119998455047607,1
0.5204295516014099,1
0.4038957953453064,1
0.45720458030700684,1
0.4735928475856781,1
0.4543839693069458,1
0.35957473516464233,1
0.3678531050682068,1
0.49023181200027466,1
0.506675660610199,1
0.4369320869445801,1
0.5211576819419861,1
0.5381209850311279,1
0.4160473942756653,1
0.40624791383743286,1
0.42047131061553955,1
0.43021517992019653,1
0.48912763595581055,1
0.37873575091362,1
0.35002970695495605,1
0.4439544379711151,1
0.4131335914134979,1
0.3570133447647095,1
0.3642772138118744,1
0.554324746131897,1
0.42102983593940735,1
0.3736386299133301,1
0.37118977308273315,1
0.45228564739227295,1
0.4427654445171356,1
0.4313236474990845,1
0.33852165937423706,1
0.4487498104572296,1
0.5155187249183655,1
0.3953101933002472,1
0.3898545205593109,1
0.3191000521183014,1
0.4543575942516327,1
0.4526224136352539,1
0.4221774637699127,1
0.4271101653575897,1
0.3827805519104004,1
0.541210412979126,1
0.4435045123100281,1
0.4993056058883667,1
0.37257012724876404,1
0.46837207674980164,1
0.4210827052593231,1
0.45681774616241455,1
0.3786830008029938,1
0.29937899112701416,1
0.48780789971351624,1
0.5232574343681335,1
0.49699467420578003,1
0.43320775032043457,1
0.4583173096179962,1
0.4669005870819092,1
0.36629825830459595,1
0.28445637226104736,1
0.44382354617118835,1
0.4177282452583313,1
0.434376984834671,1
0.45049765706062317,1
0.4023033380508423,1
0.44964665174484253,1
0.48277294635772705,1
0.5108252763748169,1
0.30764153599739075,1
0.3985004425048828,1
0.24411740899085999,1
0.5799655914306641,1
0.4120925962924957,1
0.40206289291381836,1
0.4486751854419708,1
0.40712857246398926,1
0.3719160556793213,1
0.37831664085388184,1
0.4835931956768036,1
0.4299777150154114,1
0.4682157039642334,1
0.3602294325828552,1
0.3962373435497284,1
0.3844401240348816,1
0.31916821002960205,1
0.4378741979598999,1
0.44124066829681396,1
0.45244544744491577,1
0.38745802640914917,1
0.5692694783210754,1
0.38512319326400757,1
0.4269351363182068,1
0.4086626172065735,1
0.4212092161178589,1
0.4157940745353699,1
0.399635910987854,1
0.45088911056518555,1
0.48688414692878723,1
0.4138796925544739,1
0.5010172128677368,1
0.3948817551136017,1
0.3450705409049988,1
0.4816843867301941,1
0.5389621257781982,1
0.5431053638458252,1
0.487781286239624,1
0.37077176570892334,1
0.38665270805358887,1
0.3883887529373169,1
0.45509088039398193,1
0.34242239594459534,1
0.38522881269454956,1
0.4332144260406494,1
0.45862406492233276,1
0.539069414138794,1
0.32278552651405334,1
0.5034735202789307,1
0.3084336519241333,1
0.4231569170951843,1
0.46868014335632324,1
0.359970360994339,1
0.3747939169406891,1
0.4221503436565399,1
0.5214018225669861,1
0.6135028600692749,1
0.3950994908809662,1
0.41334068775177,1
0.39459213614463806,1
0.5631842613220215,1
0.35290780663490295,1
0.38715511560440063,1
0.4879274368286133,1
0.5191839933395386,1
0.43665677309036255,1
0.54579097032547,1
0.42991551756858826,1
0.35604873299598694,1
0.3768528699874878,1
0.32702404260635376,1
0.46998247504234314,1
0.49939778447151184,1
0.4702524244785309,1
0.5635794401168823,1
0.4627612829208374,1
0.3670024871826172,1
0.4668683409690857,1
0.4820714592933655,1
0.3250284790992737,1
0.4589827358722687,1
0.4158390760421753,1
0.40817075967788696,1
0.4177371859550476,1
0.3854266405105591,1
0.45864391326904297,1
0.35541433095932007,1
0.32679224014282227,1
0.36661237478256226,1
0.5027098655700684,1
0.3738711178302765,1
0.5313758254051208,1
0.42785319685935974,1
0.46671175956726074,1
0.3972015678882599,1
0.40685683488845825,1
0.5204336643218994,1
0.38747328519821167,1
0.38495299220085144,1
0.43792062997817993,1
0.3752842843532562,1
0.3728073835372925,1
0.44910168647766113,1
0.3602641820907593,1
0.39387696981430054,1
0.3956877589225769,1
0.4476553797721863,1
0.41010016202926636,1
0.39833498001098633,1
0.4318486452102661,1
0.4115350842475891,1
0.4090205430984497,1
0.5686076283454895,1
0.4273110628128052,1
0.3428783714771271,1
0.4655190110206604,1
0.34989333152770996,1
0.5635851621627808,1
0.5323876142501831,1
0.41010338068008423,1
0.4328227639198303,1
0.4650607407093048,1
0.41791969537734985,1
0.39374077320098877,1
0.39966532588005066,1
0.41312384605407715,1
0.4618489444255829,1
0.48917222023010254,1
0.34601840376853943,1
0.3035377562046051,1
0.38732436299324036,1
0.4664267301559448,1
0.5050367116928101,1
0.334811806678772,1
0.5038434267044067,1
0.5321862697601318,1
0.2739582061767578,1
0.5116416215896606,1
0.34515368938446045,1
0.38805219531059265,1
0.4362803101539612,1
0.4407334327697754,1
0.40443193912506104,1
0.37518471479415894,1
0.3931373357772827,1
0.4542369246482849,1
0.4021143317222595,1
0.3853190243244171,1
0.3297913670539856,1
0.29629233479499817,1
0.473173052072525,1
0.5334640741348267,1
0.4147759675979614,1
0.34761181473731995,1
0.3571805953979492,1
0.37293314933776855,1
0.34686461091041565,1
0.40264007449150085,1
0.43097299337387085,1
0.4579561948776245,1
0.4712398052215576,1
0.4531262218952179,1
0.43840888142585754,1
0.36258766055107117,1
0.34568989276885986,1
0.3692930340766907,1
0.44864600896835327,1
0.5441703796386719,1
0.3962886929512024,1
0.40904855728149414,1
0.40931132435798645,1
0.41933947801589966,1
0.451459676027298,1
0.5314407348632813,1
0.41102927923202515,1
0.3827820122241974,1
0.35046786069869995,1
0.3844738304615021,1
0.39271870255470276,1
0.28078433871269226,1
0.35961514711380005,1
0.38755372166633606,1
0.5248071551322937,1
0.5355868935585022,1
0.38904544711112976,1
0.4969029426574707,1
0.3920081555843353,1
0.44152170419692993,1
0.40168899297714233,1
0.5055249929428101,1
0.41827332973480225,1
0.4734582006931305,1
0.41599148511886597,1
0.4141486883163452,1
0.3954269587993622,1
0.33940422534942627,1
0.4025338292121887,1
0.4372539520263672,1
0.512600839138031,1
0.45015108585357666,1
0.4588857889175415,1
0.43165916204452515,1
0.477306991815567,1
0.330361008644104,1
0.4060869812965393,1
0.32147860527038574,1
0.5998285412788391,1
0.5339212417602539,1
0.42429816722869873,1
0.30110278725624084,1
0.3609597086906433,1
0.38701191544532776,1
0.3565610945224762,1
0.45837536454200745,1
0.39218059182167053,1
0.45940834283828735,1
0.36540213227272034,1
0.5594450235366821,1
0.3631436228752136,1
0.3778366446495056,1
0.5178349614143372,1
0.35923606157302856,1
0.48391667008399963,1
0.4082663357257843,1
0.34811127185821533,1
0.383606493473053,1
0.5006059408187866,1
0.46759918332099915,1
0.35385215282440186,1
0.4423721432685852,1
0.4508863687515259,1
0.33617103099823,1
0.4693155288696289,1
0.5485343337059021,1
0.4603004455566406,1
0.44452574849128723,1
0.5291031002998352,1
0.38486891984939575,1
0.3347371220588684,1
0.4258526861667633,1
0.4101778268814087,1
0.3627999424934387,1
0.41524696350097656,1
0.3606046736240387,1
0.41703903675079346,1
0.5716630220413208,1
0.33672893047332764,1
0.4144483208656311,1
0.3679221272468567,1
0.5318368673324585,1
0.4640471935272217,1
0.4007693827152252,1
0.36194130778312683,1
0.5239116549491882,1
0.35363489389419556,1
0.5427409410476685,1
0.3992311954498291,1
0.48724162578582764,1
0.3926600217819214,1
0.43324705958366394,1
0.5214663743972778,1
0.5593857765197754,1
0.36157822608947754,1
0.39488324522972107,1
0.49392926692962646,1
0.4289819598197937,1
0.38477984070777893,1
0.4708794951438904,1
0.5270258784294128,1
0.328789085149765,1
0.3253117501735687,1
0.3270062804222107,1
0.3346380591392517,1
0.4228091835975647,1
0.3700130581855774,1
0.5074896216392517,1
0.4253676235675812,1
0.3520638346672058,1
0.3888206481933594,1
0.3863530158996582,1
0.3993517756462097,1
0.43641185760498047,1
0.4473746120929718,1
0.345309317111969,1
0.41988682746887207,1
0.4703926146030426,1
0.5874651074409485,1
0.3806712329387665,1
0.4390624165534973,1
0.3414149284362793,1
0.32129746675491333,1
0.41764095425605774,1
0.3914363384246826,1
0.37276819348335266,1
0.40746960043907166,1
0.45561766624450684,1
0.5482580065727234,1
0.43702512979507446,1
0.4740862548351288,1
0.3086056113243103,1
0.42393749952316284,1
0.4527692496776581,1
0.44426000118255615,1
0.5522850155830383,1
0.3602117598056793,1
0.43381285667419434,1
0.3811839818954468,1
0.39272719621658325,1
0.38543999195098877,1
0.5438538193702698,1
0.4964832067489624,1
0.35200560092926025,1
0.32392454147338867,1
0.4074706435203552,1
0.41855132579803467,1
0.3661205768585205,1
0.361928254365921,1
0.3823670744895935,1
0.3987784683704376,1
0.43316370248794556,1
0.5183905363082886,1
0.411740779876709,1
0.4640868902206421,1
0.44902533292770386,1
0.3207312822341919,1
0.32674887776374817,1
0.49272429943084717,1
0.3960186839103699,1
0.4749014377593994,1
0.4047822952270508,1
0.40712836384773254,1
0.3006856441497803,1
0.41923245787620544,1
0.37482017278671265,1
0.41547656059265137,1
0.4311802387237549,1
0.40136075019836426,1
0.45599156618118286,1
0.3470204472541809,1
0.4364190995693207,1
0.3820541501045227,1
0.4770545959472656,1
0.41768062114715576,1
0.44759076833724976,1
0.40368711948394775,1
0.3944588005542755,1
0.3949011564254761,1
0.4740886688232422,1
0.48503053188323975,1
0.5523095726966858,1
0.4195958375930786,1
0.4223276376724243,1
0.3994036316871643,1
0.4289163649082184,1
0.4268587827682495,1
0.3218042850494385,1
0.4961298108100891,1
0.4274195730686188,1
0.34079688787460327,1
0.38215386867523193,1
0.3543476462364197,1
0.4508931040763855,1
0.3814724087715149,1
0.4325295090675354,1
0.3943279981613159,1
0.43863165378570557,1
0.4780162274837494,1
0.38378143310546875,1
0.3301492929458618,1
0.4473446309566498,1
0.4357665181159973,1
0.3676159381866455,1
0.4162329435348511,1
0.487702339887619,1
0.43799978494644165,1
0.46293917298316956,1
0.32651323080062866,1
0.7107828855514526,1
0.3426360487937927,1
0.4085201919078827,1
0.4175657331943512,1
0.4056112766265869,1
0.4268079698085785,1
0.46849387884140015,1
0.35245153307914734,1
0.5061252117156982,1
0.297508180141449,1
0.6210005879402161,1
0.4663498103618622,1
0.5198174118995667,1
0.40785670280456543,1
0.4640963077545166,1
0.44017258286476135,1
0.4422547519207001,1
0.31977027654647827,1
0.46213534474372864,1
0.4723045229911804,1
0.44511523842811584,1
0.4025529623031616,1
0.5085701942443848,1
0.3765600919723511,1
0.36798426508903503,1
0.3922405540943146,1
0.359286367893219,1
0.4065406918525696,1
0.30471909046173096,1
0.4544430673122406,1
0.4481387734413147,1
0.4440036416053772,1
0.3854643702507019,1
0.5622555613517761,1
0.4980328381061554,1
0.42318281531333923,1
0.3835912048816681,1
0.3548363745212555,1
0.36531776189804077,1
0.45513397455215454,1
0.4111434519290924,1
0.3284335434436798,1
0.5503994822502136,1
0.36969202756881714,1
0.4330431818962097,1
0.47161614894866943,1
0.5563614368438721,1
0.42137613892555237,1
0.4781474769115448,1
0.41495755314826965,1
0.5244649052619934,1
0.4236912131309509,1
0.4736233949661255,1
0.46769845485687256,1
0.38561195135116577,1
0.5173701643943787,1
0.4703733026981354,1
0.4386327266693115,1
0.4352250099182129,1
0.5140114426612854,1
0.44176265597343445,1
0.47566890716552734,1
0.3028775453567505,1
0.3977653384208679,1
0.45161592960357666,1
0.4118039608001709,1
0.40478137135505676,1
0.579649806022644,1
0.3473126292228699,1
0.346699982881546,1
0.4588701128959656,1
0.571295976638794,1
0.44501709938049316,1
0.45454856753349304,1
0.3865886926651001,1
0.438528448343277,1
0.3801603317260742,1
0.35668274760246277,1
0.4242627024650574,1
0.37958142161369324,1
0.45148056745529175,1
0.34405314922332764,1
0.34131094813346863,1
0.33770424127578735,1
0.3821597993373871,1
0.46364885568618774,1
0.49470576643943787,1
0.49821561574935913,1
0.3897456228733063,1
0.4031844735145569,1
0.35645174980163574,1
0.4321439266204834,1
0.5587238669395447,1
0.4185362160205841,1
0.47900331020355225,1
0.4177800416946411,1
0.45679736137390137,1
0.43250590562820435,1
0.409544974565506,1
0.3385756313800812,1
0.4557568430900574,1
0.43095988035202026,1
0.45612964034080505,1
0.3359362781047821,1
0.3626789152622223,1
0.33727437257766724,1
0.34653040766716003,1
0.39701956510543823,1
0.38095614314079285,1
0.4736957550048828,1
0.35427623987197876,1
0.46517980098724365,1
0.44223517179489136,1
0.3953682780265808,1
0.4424038827419281,1
0.47987422347068787,1
0.4613550305366516,1
0.4253546893596649,1
0.43957123160362244,1
0.43454959988594055,1
0.3830828368663788,1
0.34222280979156494,1
0.4261453151702881,1
0.340437650680542,1
0.36625581979751587,1
0.41182297468185425,1
0.42336004972457886,1
0.5446863770484924,1
0.38177818059921265,1
0.48717784881591797,1
0.46447303891181946,1
0.38279271125793457,1
0.3879428505897522,1
0.5184856653213501,1
0.4232887029647827,1
0.4531393349170685,1
0.4570271372795105,1
0.4424855709075928,1
0.3884470462799072,1
0.37653419375419617,1
0.48917871713638306,1
0.45521220564842224,1
0.43324095010757446,1
0.6497933864593506,1
0.3619903028011322,1
0.36984196305274963,1
0.49294543266296387,1
0.4359782934188843,1
0.47656112909317017,1
0.4750065207481384,1
0.4365949034690857,1
0.45121657848358154,1
0.4317419230937958,1
0.4382489025592804,1
0.403670996427536,1
0.41300880908966064,1
0.3869147002696991,1
0.47315025329589844,1
0.5286315679550171,1
0.4501301646232605,1
0.44867998361587524,1
0.4452815055847168,1
0.47174161672592163,1
0.3984059691429138,1
0.4192189574241638,1
0.45490777492523193,1
0.39465516805648804,1
0.47063106298446655,1
0.4177106022834778,1
0.4636669158935547,1
0.4073292016983032,1
0.4474242627620697,1
0.3338031470775604,1
0.45974794030189514,1
0.3623850345611572,1
0.4477207064628601,1
0.45660334825515747,1
0.3803647458553314,1
0.3686082363128662,1
0.5032012462615967,1
0.4704446494579315,1
0.43699347972869873,1
0.4255942404270172,1
0.406851589679718,1
0.42993468046188354,1
0.4106254577636719,1
0.4589850902557373,1
0.4443584680557251,1
0.5499558448791504,1
0.4556960165500641,1
0.4263395667076111,1
0.4045773148536682,1
0.446487694978714,1
0.4970226287841797,1
0.4416317641735077,1
0.3481796383857727,1
0.4505555033683777,1
0.43784868717193604,1
0.3622159957885742,1
0.6202365159988403,1
0.4616461396217346,1
0.5494099855422974,1
0.4616510272026062,1
0.4079826772212982,1
0.46857166290283203,1
0.39472803473472595,1
0.4081876277923584,1
0.3755652904510498,1
0.4305688142776489,1
0.5263622403144836,1
0.38403552770614624,1
0.4355775713920593,1
0.3523716926574707,1
0.4923020005226135,1
0.41857579350471497,1
0.43712615966796875,1
0.47426390647888184,1
0.383742094039917,1
0.45800021290779114,1
0.4079544246196747,1
0.46395641565322876,1
0.3082890510559082,1
0.4805569350719452,1
0.3394848704338074,1
0.4750024080276489,1
0.4057042598724365,1
0.4791744351387024,1
0.3599744439125061,1
0.49498096108436584,1
0.3987899422645569,1
0.46888718008995056,1
0.41232189536094666,1
0.34885871410369873,1
0.4950258135795593,1
0.4659373164176941,1
0.4995217025279999,1
0.39045023918151855,1
0.3201766312122345,1
0.47443634271621704,1
0.5077436566352844,1
0.44402769207954407,1
0.37346503138542175,1
0.37574467062950134,1
0.5488641262054443,1
0.504320502281189,1
0.40503859519958496,1
0.4918007254600525,1
0.44244998693466187,1
0.5283055305480957,1
0.48305603861808777,1
0.4299717843532562,1
0.4301466941833496,1
0.4214423596858978,1
0.403974711894989,1
0.3786677122116089,1
0.41405996680259705,1
0.48636797070503235,1
0.384740948677063,1
0.45702821016311646,1
0.41203808784484863,1
0.4314061999320984,1
0.4480065703392029,1
0.39895644783973694,1
0.3810386657714844,1
0.34631428122520447,1
0.3783922791481018,1
0.5147207975387573,1
0.5008931756019592,1
0.3869621753692627,1
0.39581435918807983,1
0.31242141127586365,1
0.3258821666240692,1
0.39970746636390686,1
0.4992820918560028,1
0.40751153230667114,1
0.38395243883132935,1
0.31488075852394104,1
0.4034537672996521,1
0.4670904874801636,1
0.3694661855697632,1
0.46392443776130676,1
0.4921211004257202,1
0.4249277710914612,1
0.4816766083240509,1
0.39915359020233154,1
0.3819150924682617,1
0.4512826204299927,1
0.41547831892967224,1
0.40466952323913574,1
0.3349345028400421,1
0.5317711234092712,1
0.2941194176673889,1
0.4394671618938446,1
0.5047544240951538,1
0.41142144799232483,1
0.2926338016986847,1
0.3281802535057068,1
0.4195277690887451,1
0.2913016378879547,1
0.41195809841156006,1
0.440258264541626,1
0.4004906117916107,1
0.39721471071243286,1
0.37367910146713257,1
0.3964200019836426,1
0.41427329182624817,1
0.41861122846603394,1
0.3733189105987549,1
0.3941459059715271,1
0.5395729541778564,1
0.3991760015487671,1
0.37194955348968506,1
0.43428611755371094,1
0.43562015891075134,1
0.37442702054977417,1
0.27796804904937744,1
0.44614315032958984,1
0.4712322950363159,1
0.4234652519226074,1
0.5064952373504639,1
0.3743152916431427,1
0.3505703806877136,1
0.41417330503463745,1
0.5168293118476868,1
0.5366666913032532,1
0.28909677267074585,1
0.5223479866981506,1
0.42208701372146606,1
0.49796709418296814,1
0.38633057475090027,1
0.39183059334754944,1
0.4226817190647125,1
0.4595903754234314,1
0.3117416501045227,1
0.31845057010650635,1
0.37115198373794556,1
0.3415350317955017,1
0.415534108877182,1
0.35663682222366333,1
0.320331871509552,1
0.44469720125198364,1
0.4926042854785919,1
0.34342077374458313,1
0.564316987991333,1
0.39813902974128723,1
0.39383208751678467,1
0.4513768255710602,1
0.43888673186302185,1
0.2919914424419403,1
0.5201800465583801,1
0.3978252112865448,1
0.43487510085105896,1
0.4965522885322571,1
0.46212852001190186,1
0.36302319169044495,1
0.48314762115478516,1
0.354667603969574,1
0.4209910035133362,1
0.4886060953140259,1
0.40036696195602417,1
0.4063929319381714,1
0.560899019241333,1
0.3887235224246979,1
0.45208027958869934,1
0.4840291738510132,1
0.35148024559020996,1
0.3729018270969391,1
0.4744008183479309,1
0.4767471253871918,1
0.2769052982330322,1
0.35059624910354614,1
0.345844030380249,1
0.48557785153388977,1
0.3749648332595825,1
0.29986414313316345,1
0.3044283390045166,1
0.5731819272041321,1
0.375022292137146,1
0.41048938035964966,1
0.41016772389411926,1
0.43926918506622314,1
0.34545356035232544,1
0.46396511793136597,1
0.44922322034835815,1
0.39403021335601807,1
0.4487707018852234,1
0.41370534896850586,1
0.4307710528373718,1
0.48845067620277405,1
0.30575960874557495,1
0.4674854278564453,1
0.37407028675079346,1
0.3998252749443054,1
0.38132405281066895,1
0.4520872235298157,1
0.42606401443481445,1
0.45477741956710815,1
0.4579329490661621,1
0.34713053703308105,1
0.3877447247505188,1
0.3525468111038208,1
0.37205103039741516,1
0.4592971205711365,1
0.4834764003753662,1
0.40533334016799927,1
0.396528422832489,1
0.4083455801010132,1
0.3758106529712677,1
0.34913507103919983,1
0.450910359621048,1
0.3557926416397095,1
0.45462554693222046,1
0.4100603461265564,1
0.391358882188797,1
0.3556514084339142,1
0.4333205223083496,1
0.44446998834609985,1
0.3387502133846283,1
0.4118767976760864,1
0.38555848598480225,1
0.33460140228271484,1
0.47091004252433777,1
0.37961065769195557,1
0.42404013872146606,1
0.5137849450111389,1
0.39711642265319824,1
0.3611332178115845,1
0.5262776613235474,1
0.45680198073387146,1
0.433795303106308,1
0.3092207610607147,1
0.4470255672931671,1
0.41256070137023926,1
0.41980689764022827,1
0.3598369061946869,1
0.4162941575050354,1
0.38568222522735596,1
0.5849113464355469,1
0.4677491784095764,1
0.34817513823509216,1
0.4672918915748596,1
0.4618004560470581,1
0.4776057302951813,1
0.4148526191711426,1
0.3478553295135498,1
0.4449188709259033,1
0.4020310044288635,1
0.5086259841918945,1
0.3918817341327667,1
0.37607812881469727,1
0.3861931562423706,1
0.5460624694824219,1
0.3680482804775238,1
0.40523847937583923,1
0.48844489455223083,1
0.37940073013305664,1
0.44989466667175293,1
0.3635161519050598,1
0.46672654151916504,1
0.44541001319885254,1
0.3889217972755432,1
0.4569316506385803,1
0.44081082940101624,1
0.4767056703567505,1
0.5129883289337158,1
0.4148205518722534,1
0.47752344608306885,1
0.4494972825050354,1
0.4272071421146393,1
0.3470061123371124,1
0.45287224650382996,1
0.6222881078720093,1
0.45432204008102417,1
0.36521220207214355,1
0.43707168102264404,1
0.35285407304763794,1
0.377786785364151,1
0.40741080045700073,1
0.3350621163845062,1
0.3540303111076355,1
0.4171901345252991,1
0.4346620440483093,1
0.37780728936195374,1
0.41796696186065674,1
0.47551774978637695,1
0.5372698903083801,1
0.508075475692749,1
0.3499259650707245,1
0.5220316052436829,1
0.3834669291973114,1
0.4848703444004059,1
0.35162943601608276,1
0.2978152632713318,1
0.4466339349746704,1
0.3530661463737488,1
0.38467156887054443,1
0.3899243474006653,1
0.45636022090911865,1
0.37017011642456055,1
0.3983292281627655,1
0.4584936499595642,1
0.4887261390686035,1
0.41868215799331665,1
0.45130306482315063,1
0.4588175117969513,1
0.3491288721561432,1
0.45587724447250366,1
0.45560166239738464,1
0.40355241298675537,1
0.38634955883026123,1
0.444865345954895,1
0.44191640615463257,1
0.3672710955142975,1
0.4596852958202362,1
0.42703503370285034,1
0.3674980103969574,1
0.3758019208908081,1
0.5915209054946899,1
0.5318384170532227,1
0.45759379863739014,1
0.4762767255306244,1
0.4776040017604828,1
0.4455595314502716,1
0.3613121509552002,1
0.4793581962585449,1
0.40294450521469116,1
0.4195324182510376,1
0.4032895565032959,1
0.3794904947280884,1
0.36859452724456787,1
0.5203205943107605,1
0.5670664310455322,1
0.461844265460968,1
0.3900456726551056,1
0.3870791792869568,1
0.5029081702232361,1
0.35097193717956543,1
0.4131597876548767,1
0.3317456841468811,1
0.433427631855011,1
0.3877519965171814,1
0.43538206815719604,1
0.4425807297229767,1
0.4204448461532593,1
0.3473530113697052,1
0.3339169919490814,1
0.5387001037597656,1
0.4264354109764099,1
0.37280571460723877,1
0.47817203402519226,1
0.32319897413253784,1
0.4186071753501892,1
0.31590956449508667,1
0.3713303208351135,1
0.4183764159679413,1
0.46925878524780273,1
0.42073196172714233,1
0.42014288902282715,1
0.47684168815612793,1
0.4893130660057068,1
0.39807459712028503,1
0.4880829453468323,1
0.411298930644989,1
0.5105172395706177,1
0.38551634550094604,1
0.4061952233314514,1
0.4206032156944275,1
0.38790076971054077,1
0.4322381019592285,1
0.4072455167770386,1
0.33367496728897095,1
0.39613184332847595,1
0.5232067704200745,1
0.45718854665756226,1
0.4705180823802948,1
0.40769365429878235,1
0.3747422397136688,1
0.3955603241920471,1
0.5156716108322144,1
0.38782864809036255,1
0.3289252817630768,1
0.43611225485801697,1
0.4329174757003784,1
0.5092960596084595,1
0.4061267673969269,1
0.35294994711875916,1
0.4798293709754944,1
0.43500828742980957,1
0.37041476368904114,1
0.47466781735420227,1
0.3719370365142822,1
0.4891686737537384,1
0.3894180357456207,1
0.5113745927810669,1
0.4137917459011078,1
0.3363865315914154,1
0.30772876739501953,1
0.5149953365325928,1
0.44917699694633484,1
0.4183740019798279,1
0.5508071184158325,1
0.41205257177352905,1
0.4302835762500763,1
0.4162099361419678,1
0.40317243337631226,1
0.5063475370407104,1
0.43074607849121094,1
0.42858850955963135,1
0.4423556327819824,1
0.3801492750644684,1
0.47485285997390747,1
0.41574546694755554,1
0.35743072628974915,1
0.4042096436023712,1
0.44497713446617126,1
0.41542333364486694,1
0.4116887152194977,1
0.4117799997329712,1
0.3224804103374481,1
0.29708898067474365,1
0.448459267616272,1
0.37987735867500305,1
0.446128249168396,1
0.49844980239868164,1
0.3684576749801636,1
0.3459874987602234,1
0.50675368309021,1
0.467604398727417,1
0.405414879322052,1
0.41392865777015686,1
0.48645132780075073,1
0.4048709273338318,1
0.3922189474105835,1
0.39842844009399414,1
0.4511246085166931,1
0.3478683829307556,1
0.38687533140182495,1
0.41785579919815063,1
0.3613753914833069,1
0.38363730907440186,1
0.42401188611984253,1
0.40279027819633484,1
0.3810366690158844,1
0.5254426002502441,1
0.4891720414161682,1
0.3788904547691345,1
0.49136728048324585,1
0.4069724977016449,1
0.5115588903427124,1
0.4396684765815735,1
0.36237257719039917,1
0.4417121112346649,1
0.3861338496208191,1
0.42589789628982544,1
0.4085038900375366,1
0.53342604637146,1
0.44418901205062866,1
0.37123632431030273,1
0.33066320419311523,1
0.3227202594280243,1
0.42186591029167175,1
0.45303797721862793,1
0.37636950612068176,1
0.45121434330940247,1
0.3186870217323303,1
0.49083614349365234,1
0.380546510219574,1
0.3120117485523224,1
0.38078200817108154,1
0.45300236344337463,1
0.33229881525039673,1
0.3741719126701355,1
0.3593778610229492,1
0.45789581537246704,1
0.39024442434310913,1
0.39553529024124146,1
0.3831746578216553,1
0.5125606656074524,1
0.3260818123817444,1
0.3905281722545624,1
0.3774026036262512,1
0.3986359238624573,1
0.4227772355079651,1
0.4533647298812866,1
0.40282952785491943,1
0.542935311794281,1
0.31641697883605957,1
0.3696577548980713,1
0.5460214614868164,1
0.3348935842514038,1
0.42219626903533936,1
0.4503694772720337,1
0.35578984022140503,1
0.3298952877521515,1
0.4212372303009033,1
0.40456467866897583,1
0.3795568346977234,1
0.48527735471725464,1
0.3833838999271393,1
0.5001434683799744,1
0.36397427320480347,1
0.386616587638855,1
0.523258626461029,1
0.4499267637729645,1
0.43090423941612244,1
0.43752217292785645,1
0.5061931610107422,1
0.47684741020202637,1
0.3944149613380432,1
0.3198692202568054,1
0.4143783450126648,1
0.47519493103027344,1
0.3955526351928711,1
0.37555867433547974,1
0.42891842126846313,1
0.4361051917076111,1
0.35833677649497986,1
0.37571170926094055,1
0.40094810724258423,1
0.45831093192100525,1
0.4753543436527252,1
0.3629540205001831,1
0.3394734561443329,1
0.4296730160713196,1
0.37577351927757263,1
0.4365083575248718,1
0.3424191474914551,1
0.3428000211715698,1
0.35161685943603516,1
0.43270933628082275,1
0.293623149394989,1
0.486655056476593,1
0.44364893436431885,1
0.37466511130332947,1
0.4840227961540222,1
0.35235270857810974,1
0.4773491621017456,1
0.47258618474006653,1
0.40802648663520813,1
0.42905861139297485,1
0.4937576949596405,1
0.34964102506637573,1
0.44723716378211975,1
0.37144067883491516,1
0.3828365206718445,1
0.4314669966697693,1
0.32847461104393005,1
0.48857685923576355,1
0.3685912489891052,1
0.5024551153182983,1
0.42987972497940063,1
0.3769165575504303,1
0.5070235729217529,1
0.41041865944862366,1
0.36346298456192017,1
0.35913294553756714,1
0.40972357988357544,1
0.42803630232810974,1
0.3619701564311981,1
0.4372878074645996,1
0.41193100810050964,1
0.3542519211769104,1
0.4381539225578308,1
0.48530712723731995,1
0.4041517376899719,1
0.3708021640777588,1
0.39300477504730225,1
0.4363933503627777,1
0.4080057144165039,1
0.46921178698539734,1
0.39591115713119507,1
0.3857741355895996,1
0.4741438031196594,1
0.37079423666000366,1
0.45502424240112305,1
0.5050863027572632,1
0.3982664942741394,1
0.37538665533065796,1
0.42811790108680725,1
0.42699718475341797,1
0.50834059715271,1
0.39467543363571167,1
0.5117625594139099,1
0.3942836821079254,1
0.39517152309417725,1
0.3959754705429077,1
0.5006669759750366,1
0.4111488461494446,1
0.36158287525177,1
0.49228209257125854,1
0.42108720541000366,1
0.30566316843032837,1
0.3590853810310364,1
0.3619247376918793,1
0.4036934971809387,1
0.3108849823474884,1
0.4854159355163574,1
0.567833662033081,1
0.32472938299179077,1
0.395597368478775,1
0.3250599503517151,1
0.4236032962799072,1
0.45484134554862976,1
0.4855376183986664,1
0.3986278772354126,1
0.44699627161026,1
0.36287757754325867,1
0.47278282046318054,1
0.4782714247703552,1
0.45949307084083557,1
0.41365090012550354,1
0.4826319217681885,1
0.5102337598800659,1
0.40806248784065247,1
0.3852986991405487,1
0.4629859924316406,1
0.404962956905365,1
0.3498896658420563,1
0.4796457588672638,1
0.4306785464286804,1
0.4507325291633606,1
0.4207683503627777,1
0.4191948175430298,1
0.39806199073791504,1
0.5579246878623962,1
0.48311948776245117,1
0.445896178483963,1
0.5364153385162354,1
0.460709810256958,1
0.34649842977523804,1
0.44914963841438293,1
0.46968501806259155,1
0.3552502989768982,1
0.38683557510375977,1
0.45017167925834656,1
0.5345830917358398,1
0.4135987162590027,1
0.3974446952342987,1
0.2651732563972473,1
0.36204007267951965,1
0.3391232192516327,1
0.6149616241455078,1
0.45195072889328003,1
0.3494771420955658,1
0.5214511156082153,1
0.454278826713562,1
0.4552212357521057,1
0.37777507305145264,1
0.44872283935546875,1
0.362762451171875,1
0.42338627576828003,1
0.47365471720695496,1
0.40024372935295105,1
0.3734217584133148,1
0.40742817521095276,1
0.34422457218170166,1
0.36832550168037415,1
0.4531177580356598,1
0.5268179178237915,1
0.4129959046840668,1
0.46630215644836426,1
0.5603384971618652,1
0.4005492329597473,1
0.44811010360717773,1
0.4206370711326599,1
0.4395909905433655,1
0.4151707887649536,1
0.48058921098709106,1
0.3402610719203949,1
0.35184383392333984,1
0.42179185152053833,1
0.38815346360206604,1
0.36986860632896423,1
0.4240742623806,1
0.5609251856803894,1
0.44819164276123047,1
0.38531652092933655,1
0.2835921347141266,1
0.4809168875217438,1
0.2908811569213867,1
0.4738137722015381,1
0.45025548338890076,1
0.5507883429527283,1
0.4887630045413971,1
0.5341495871543884,1
0.39467763900756836,1
0.3734644651412964,1
0.3390412926673889,1
0.341195672750473,1
0.6925393342971802,1
0.4103858768939972,1
0.3405888080596924,1
0.38003814220428467,1
0.41509613394737244,1
0.5364622473716736,1
0.3814941644668579,1
0.4059006869792938,1
0.3957456350326538,1
0.5364632606506348,1
0.37897762656211853,1
0.4788832664489746,1
0.3241969347000122,1
0.30440962314605713,1
0.49208492040634155,1
0.35432371497154236,1
0.44231313467025757,1
0.4355526566505432,1
0.46737778186798096,1
0.40881192684173584,1
0.4674721360206604,1
0.4140893816947937,1
0.5023915767669678,1
0.6387454867362976,1
0.3491503596305847,1
0.3459588587284088,1
0.5744935274124146,1
0.5062669515609741,1
0.5359727144241333,1
0.4683859348297119,1
0.4187996983528137,1
0.5262367725372314,1
0.3804290294647217,1
0.4354906678199768,1
0.3110656440258026,1
0.42872899770736694,1
0.3772709369659424,1
0.47458475828170776,1
0.4261264503002167,1
0.4500661790370941,1
0.4211341142654419,1
0.4522172808647156,1
0.45171040296554565,1
0.3348497748374939,1
0.39880919456481934,1
0.47329890727996826,1
0.43971559405326843,1
0.36080536246299744,1
0.4049089848995209,1
0.45524778962135315,1
0.2905883491039276,1
0.4537651538848877,1
0.3563094437122345,1
0.4465042054653168,1
0.31308090686798096,1
0.3738916218280792,1
0.40061837434768677,1
0.40377670526504517,1
0.3547334671020508,1
0.45092689990997314,1
0.41404223442077637,1
0.36352136731147766,1
0.4244695007801056,1
0.41035768389701843,1
0.42493465542793274,1
0.44927769899368286,1
0.32019537687301636,1
0.49100133776664734,1
0.36180299520492554,1
0.37081629037857056,1
0.420202374458313,1
0.4429769814014435,1
0.39832833409309387,1
0.3666251599788666,1
0.40005967020988464,1
0.4111362397670746,1
0.37841087579727173,1
0.5362659096717834,1
0.4214676022529602,1
0.4328792095184326,1
0.40147238969802856,1
0.49357616901397705,1
0.4591359794139862,1
0.31131303310394287,1
0.4821522831916809,1
0.42159515619277954,1
0.37947672605514526,1
0.49389126896858215,1
0.4075486958026886,1
0.4458990693092346,1
0.4027024209499359,1
0.38034969568252563,1
0.3630896508693695,1
0.36797425150871277,1
0.4838330149650574,1
0.39217856526374817,1
0.46419185400009155,1
0.5268256664276123,1
0.40062782168388367,1
0.3092336654663086,1
0.3940231204032898,1
0.3801579773426056,1
0.6920447945594788,1
0.3768886625766754,1
0.337438702583313,1
0.34339022636413574,1
0.4701874852180481,1
0.5533803105354309,1
0.4421999454498291,1
0.4197441637516022,1
0.462885320186615,1
0.43068727850914,1
0.500911295413971,1
0.4450242221355438,1
0.2886558175086975,1
0.49804556369781494,1
0.43024498224258423,1
0.4266640543937683,1
0.26203691959381104,1
0.39900654554367065,1
0.35258007049560547,1
0.41231948137283325,1
0.48908936977386475,1
0.4706372916698456,1
0.37694501876831055,1
0.44864949584007263,1
0.5408616662025452,1
0.4658573269844055,1
0.43707889318466187,1
0.46523475646972656,1
0.4117271602153778,1
0.39860689640045166,1
0.410307914018631,1
0.3438882529735565,1
0.46408402919769287,1
0.5343703031539917,1
0.43543291091918945,1
0.3578943610191345,1
0.4604846239089966,1
0.3874794840812683,1
0.3076988160610199,1
0.36702919006347656,1
0.386659175157547,1
0.3900562822818756,1
0.489043653011322,1
0.48549288511276245,1
0.4086267054080963,1
0.36040598154067993,1
0.38077986240386963,1
0.48763805627822876,1
0.37339654564857483,1
0.43015047907829285,1
0.40929779410362244,1
0.40677374601364136,1
0.3564474582672119,1
0.5071519017219543,1
0.41211390495300293,1
0.42509016394615173,1
0.4736442267894745,1
0.36959972977638245,1
0.5078643560409546,1
0.31784963607788086,1
0.3638065755367279,1
0.449155330657959,1
0.3481718897819519,1
0.43576666712760925,1
0.4450775384902954,1
0.3492257595062256,1
0.44711971282958984,1
0.27748265862464905,1
0.35859236121177673,1
0.4235612154006958,1
0.486468642950058,1
0.40296247601509094,1
0.5597705841064453,1
0.41861408948898315,1
0.3473880887031555,1
0.43100419640541077,1
0.38808101415634155,1
0.40618449449539185,1
0.4824119508266449,1
0.3724079728126526,1
0.395397812128067,1
0.4196370840072632,1
0.38578134775161743,1
0.39935651421546936,1
0.42698532342910767,1
0.45370644330978394,1
0.3844820261001587,1
0.47145482897758484,1
0.41602176427841187,1
0.34662342071533203,1
0.39970046281814575,1
0.4171764850616455,1
0.5144123435020447,1
0.4721566140651703,1
0.4098963141441345,1
0.41618043184280396,1
0.40645331144332886,1
0.4649454355239868,1
0.44229012727737427,1
0.4741136133670807,1
0.47900986671447754,1
0.4432026445865631,1
0.39019760489463806,1
0.30696752667427063,1
0.43326279520988464,1
0.37588435411453247,1
0.43784016370773315,1
0.4387272000312805,1
0.3960093855857849,1
0.33794617652893066,1
0.470539391040802,1
0.5879652500152588,1
0.3680826425552368,1
0.542553186416626,1
0.3236364722251892,1
0.567905604839325,1
0.5204333066940308,1
0.3791535496711731,1
0.43707528710365295,1
0.5287123918533325,1
0.5240341424942017,1
0.4454789161682129,1
0.3457636833190918,1
0.3827037513256073,1
0.4357066750526428,1
0.40792596340179443,1
0.42064544558525085,1
0.39991816878318787,1
0.43013471364974976,1
0.3555251657962799,1
0.37474605441093445,1
0.549521267414093,1
0.4305186867713928,1
0.3763042390346527,1
0.39198043942451477,1
0.4199327826499939,1
0.4023837447166443,1
0.41392993927001953,1
0.36980774998664856,1
0.40735045075416565,1
0.4514160752296448,1
0.41517144441604614,1
0.3948858380317688,1
0.3250874876976013,1
0.4039902091026306,1
0.3851602077484131,1
0.3001796007156372,1
0.3920997381210327,1
0.5473150014877319,1
0.36803650856018066,1
0.4374726414680481,1
0.4739825129508972,1
0.3984260857105255,1
0.48708099126815796,1
0.41206347942352295,1
0.38992536067962646,1
0.388163298368454,1
0.3857085704803467,1
0.42626500129699707,1
0.4942857027053833,1
0.3895966410636902,1
0.5493179559707642,1
0.3810099959373474,1
0.4203833341598511,1
0.44037193059921265,1
0.4950202405452728,1
0.37285009026527405,1
0.40530142188072205,1
0.45440924167633057,1
0.36344113945961,1
0.45898059010505676,1
0.44807255268096924,1
0.36011576652526855,1
0.45483481884002686,1
0.38646942377090454,1
0.4095780849456787,1
0.4334098994731903,1
0.4288807213306427,1
0.4709394574165344,1
0.39887845516204834,1
0.4770371615886688,1
0.435594379901886,1
0.48342931270599365,1
0.4829813241958618,1
0.35290002822875977,1
0.5317667722702026,1
0.4331279397010803,1
0.6081539392471313,1
0.46783971786499023,1
0.46571701765060425,1
0.3593582212924957,1
0.3607653081417084,1
0.4340513348579407,1
0.4521077275276184,1
0.4512740671634674,1
0.45633697509765625,1
0.4657493829727173,1
0.4462019205093384,1
0.4471626281738281,1
0.409587025642395,1
0.5160812139511108,1
0.42189931869506836,1
0.480665922164917,1
0.5058853626251221,1
0.3908993601799011,1
0.4812687933444977,1
0.3919374644756317,1
0.41242286562919617,1
0.45008420944213867,1
0.3903472125530243,1
0.3724469244480133,1
0.49385520815849304,1
0.3092345595359802,1
0.4211999475955963,1
0.465082585811615,1
0.3508025109767914,1
0.5084354281425476,1
0.458659827709198,1
0.5465511083602905,1
0.3547283411026001,1
0.33041566610336304,1
0.49743813276290894,1
0.5369009375572205,1
0.38759326934814453,1
0.4627796709537506,1
0.41645485162734985,1
0.2947169840335846,1
0.34790927171707153,1
0.4372209310531616,1
0.3689231872558594,1
0.49392056465148926,1
0.45986610651016235,1
0.3751293420791626,1
0.38946792483329773,1
0.40110939741134644,1
0.44396620988845825,1
0.47550496459007263,1
0.4856976270675659,1
0.4262837767601013,1
0.4454646706581116,1
0.4545024633407593,1
0.47183674573898315,1
0.3934803009033203,1
0.38032791018486023,1
0.5425043702125549,1
0.3843920826911926,1
0.4981619715690613,1
0.3572985529899597,1
0.4525141716003418,1
0.3799830675125122,1
0.304110050201416,1
0.37211012840270996,1
0.4630988538265228,1
0.4316282868385315,1
0.4117352366447449,1
0.41154026985168457,1
0.3611694276332855,1
0.3531229496002197,1
0.4230270981788635,1
0.4334612488746643,1
0.37216758728027344,1
0.44433116912841797,1
0.5213589072227478,1
0.36626288294792175,1
0.46864551305770874,1
0.2491523027420044,1
0.35285162925720215,1
0.49294811487197876,1
0.38328003883361816,1
0.39054352045059204,1
0.41358497738838196,1
0.40194615721702576,1
0.5011612176895142,1
0.4489752948284149,1
0.35533612966537476,1
0.39564013481140137,1
0.33885976672172546,1
0.46929454803466797,1
0.4589456617832184,1
0.4552471339702606,1
0.36885493993759155,1
0.49397018551826477,1
0.5119373798370361,1
0.4780450463294983,1
0.3686562776565552,1
0.4782038927078247,1
0.38939762115478516,1
0.4537297487258911,1
0.5111023783683777,1
0.5283398032188416,1
0.39437007904052734,1
0.46717900037765503,1
0.40372276306152344,1
0.49978107213974,1
0.4107119143009186,1
0.4177420139312744,1
0.4077860116958618,1
0.4727027416229248,1
0.45082736015319824,1
0.5379809141159058,1
0.4047664403915405,1
0.5022604465484619,1
0.5435843467712402,1
0.36239734292030334,1
0.4730227589607239,1
0.45794397592544556,1
0.4012550711631775,1
0.33763471245765686,1
0.38315609097480774,1
0.3644710183143616,1
0.3794337809085846,1
0.34737876057624817,1
0.3886473774909973,1
0.3700299561023712,1
0.45021313428878784,1
0.3656100332736969,1
0.3945562243461609,1
0.5734392404556274,1
0.4740806818008423,1
0.45623862743377686,1
0.4468272626399994,1
0.4434310793876648,1
0.4289829730987549,1
0.4729804992675781,1
0.4774131178855896,1
0.4963325262069702,1
0.4826030135154724,1
0.30033546686172485,1
0.5159913301467896,1
0.41176584362983704,1
0.43813589215278625,1
0.45136040449142456,1
0.41203969717025757,1
0.40146109461784363,1
0.4239780306816101,1
0.4581466317176819,1
0.4751962125301361,1
0.45783984661102295,1
0.38563963770866394,1
0.4035056531429291,1
0.39852142333984375,1
0.38247671723365784,1
0.37409332394599915,1
0.5204020738601685,1
0.35560858249664307,1
0.4663447439670563,1
0.48362717032432556,1
0.3111892342567444,1
0.4352439045906067,1
0.37101510167121887,1
0.4100680947303772,1
0.44146013259887695,1
0.5534804463386536,1
0.41273191571235657,1
0.3577645421028137,1
0.49808934330940247,1
0.47793519496917725,1
0.42815911769866943,1
0.3391852378845215,1
0.3208332359790802,1
0.45411062240600586,1
0.45178067684173584,1
0.33300304412841797,1
0.40220674872398376,1
0.3787466883659363,1
0.3759150207042694,1
0.4242222309112549,1
0.41515710949897766,1
0.39326298236846924,1
0.44374480843544006,1
0.29896703362464905,1
0.47022008895874023,1
0.4180970788002014,1
0.4034794270992279,1
0.4240601658821106,1
0.4115826487541199,1
0.40412408113479614,1
0.37748318910598755,1
0.3602108359336853,1
0.4206790626049042,1
0.4136524796485901,1
0.44535917043685913,1
0.4603867530822754,1
0.479496568441391,1
0.5022063255310059,1
0.5014448165893555,1
0.46384891867637634,1
0.3694134056568146,1
0.3380796015262604,1
0.5770478248596191,1
0.45667120814323425,1
0.6005243062973022,1
0.3437156081199646,1
0.4853282570838928,1
0.4235467314720154,1
0.4478020966053009,1
0.4810040295124054,1
0.5019800662994385,1
0.4388263523578644,1
0.34484243392944336,1
0.414466917514801,1
0.3484041094779968,1
0.4394649863243103,1
0.4926221966743469,1
0.4895797371864319,1
0.5316004753112793,1
0.4933646023273468,1
0.4732907712459564,1
0.5090017318725586,1
0.4438527226448059,1
0.34888362884521484,1
0.4215119183063507,1
0.4281625747680664,1
0.40617603063583374,1
0.4451700448989868,1
0.5128437280654907,1
0.397682785987854,1
0.4426758587360382,1
0.5015804171562195,1
0.3860761523246765,1
0.3655119240283966,1
0.44300585985183716,1
0.4064391255378723,1
0.36242395639419556,1
0.37295132875442505,1
0.5040910840034485,1
0.3927275836467743,1
0.41960757970809937,1
0.4097180962562561,1
0.4272468090057373,1
0.4154300391674042,1
0.4342272877693176,1
0.38089972734451294,1
0.4309937357902527,1
0.3493576645851135,1
0.3071482479572296,1
0.4635280966758728,1
0.4152279794216156,1
0.3294083774089813,1
0.44182446599006653,1
0.32351166009902954,1
0.5919968485832214,1
0.3492111563682556,1
0.3041154146194458,1
0.4512909948825836,1
0.4163455367088318,1
0.49476784467697144,1
0.4311438202857971,1
0.44629594683647156,1
0.5015417337417603,1
0.36660686135292053,1
0.3573712408542633,1
0.35470202565193176,1
0.4634847939014435,1
0.5286666750907898,1
0.4215739667415619,1
0.483055055141449,1
0.3896481990814209,1
0.42334985733032227,1
0.4511663615703583,1
0.39034169912338257,1
0.41161713004112244,1
0.427506685256958,1
0.48689591884613037,1
0.4633411169052124,1
0.47208401560783386,1
0.4297387897968292,1
0.45348846912384033,1
0.4485953152179718,1
0.4090273678302765,1
0.4261533319950104,1
0.43397167325019836,1
0.4535360634326935,1
0.43429601192474365,1
0.3451066017150879,1
0.4007349908351898,1
0.4310392141342163,1
0.48317036032676697,1
0.5019830465316772,1
0.43716344237327576,1
0.4484896659851074,1
0.3633768856525421,1
0.45690426230430603,1
0.34619033336639404,1
0.5135499835014343,1
0.36228740215301514,1
0.5217885375022888,1
0.3719511926174164,1
0.475888729095459,1
0.3026837706565857,1
0.4583406150341034,1
0.47757187485694885,1
0.5039083361625671,1
0.47118067741394043,1
0.4631364941596985,1
0.4420771598815918,1
0.4396740794181824,1
0.35558977723121643,1
0.41316232085227966,1
0.4607182741165161,1
0.3199784755706787,1
0.4855748414993286,1
0.3559001088142395,1
0.3777165412902832,1
0.42578941583633423,1
0.455346941947937,1
0.37433019280433655,1
0.45424437522888184,1
0.384874165058136,1
0.5557809472084045,1
0.297433078289032,1
0.41894567012786865,1
0.49602559208869934,1
0.6037123203277588,1
0.44930142164230347,1
0.49274253845214844,1
0.3167939782142639,1
0.4437579810619354,1
0.44532519578933716,1
0.4148595929145813,1
0.4821579158306122,1
0.350291907787323,1
0.3283878266811371,1
0.47504422068595886,1
0.36691176891326904,1
0.39638814330101013,1
0.5006369352340698,1
0.45067352056503296,1
0.41050007939338684,1
0.47365880012512207,1
0.4430527985095978,1
0.36575445532798767,1
0.3543000817298889,1
0.3857525587081909,1
0.3240307867527008,1
0.3835875391960144,1
0.4508276581764221,1
0.4357229173183441,1
0.44739705324172974,1
0.4568784832954407,1
0.41711264848709106,1
0.425717294216156,1
0.4369036555290222,1
0.3953525424003601,1
0.4162939190864563,1
0.36225607991218567,1
0.40429791808128357,1
0.324703574180603,1
0.35694366693496704,1
0.4398075044155121,1
0.4199051856994629,1
0.4552643895149231,1
0.38060668110847473,1
0.44264695048332214,1
0.4910070598125458,1
0.40919169783592224,1
0.5028706789016724,1
0.3760421872138977,1
0.2819055914878845,1
0.4393154978752136,1
0.49173760414123535,1
0.40747013688087463,1
0.38573014736175537,1
0.36313265562057495,1
0.531559407711029,1
0.4713570475578308,1
0.4175981283187866,1
0.3171303868293762,1
0.4107027053833008,1
0.3510149121284485,1
0.33824002742767334,1
0.5158951282501221,1
0.397533118724823,1
0.47141706943511963,1
0.4134759306907654,1
0.529464066028595,1
0.4506025016307831,1
0.36899682879447937,1
0.370647668838501,1
0.47912123799324036,1
0.3266516923904419,1
0.3331890404224396,1
0.40140342712402344,1
0.36598479747772217,1
0.49575352668762207,1
0.3910631835460663,1
0.4475548565387726,1
0.3375881314277649,1
0.43902844190597534,1
0.3729248046875,1
0.36708489060401917,1
0.4800034761428833,1
0.42875736951828003,1
0.5347418785095215,1
0.5232040882110596,1
0.2929654121398926,1
0.4386301338672638,1
0.467795729637146,1
0.41333556175231934,1
0.3870057463645935,1
0.3736869692802429,1
0.38546374440193176,1
0.4257161021232605,1
0.5295230150222778,1
0.414140522480011,1
0.5284740328788757,1
0.49559539556503296,1
0.4144536852836609,1
0.5131738185882568,1
0.47403648495674133,1
0.3758489191532135,1
0.4925983250141144,1
0.4257412552833557,1
0.35209113359451294,1
0.43818169832229614,1
0.5089931488037109,1
0.4795205295085907,1
0.3340798616409302,1
0.38023626804351807,1
0.42380788922309875,1
0.43481773138046265,1
0.5145406126976013,1
0.4317789077758789,1
0.3535691499710083,1
0.4822351336479187,1
0.3359842002391815,1
0.3457977771759033,1
0.4208279550075531,1
0.46709877252578735,1
0.47027331590652466,1
0.5233066082000732,1
0.39185571670532227,1
0.3831771910190582,1
0.3450385630130768,1
0.3558458685874939,1
0.36637192964553833,1
0.41425269842147827,1
0.46963998675346375,1
0.36167028546333313,1
0.4522492289543152,1
0.3821732699871063,1
0.3719419240951538,1
0.47738197445869446,1
0.30552321672439575,1
0.569430947303772,1
0.4283958673477173,1
0.43465346097946167,1
0.3904586136341095,1
0.5436595678329468,1
0.46772998571395874,1
0.37623631954193115,1
0.47478926181793213,1
0.4131237268447876,1
0.42787766456604004,1
0.47342342138290405,1
0.3522835969924927,1
0.48374032974243164,1
0.33515363931655884,1
0.37812376022338867,1
0.606739342212677,1
0.4761415123939514,1
0.4192694425582886,1
0.3815790116786957,1
0.6257435083389282,1
0.4892457127571106,1
0.39996880292892456,1
0.43435683846473694,1
0.46067383885383606,1
0.5043200254440308,1
0.36142823100090027,1
0.4087729752063751,1
0.4748639762401581,1
0.38704627752304077,1
0.521737277507782,1
0.5005584359169006,1
0.5018869638442993,1
0.4131670594215393,1
0.4211389422416687,1
0.5547499656677246,1
0.438081830739975,1
0.4076635241508484,1
0.5586007237434387,1
0.485883891582489,1
0.3773093819618225,1
0.31939971446990967,1
0.33328408002853394,1
0.4411958158016205,1
0.44004833698272705,1
0.394907146692276,1
0.3298240602016449,1
0.44342052936553955,1
0.4779915511608124,1
0.4520726203918457,1
0.3783528804779053,1
0.3780750632286072,1
0.3201937675476074,1
0.4453551173210144,1
0.3301061987876892,1
0.46002042293548584,1
0.5511348247528076,1
0.4483301639556885,1
0.3062804937362671,1
0.2987934648990631,1
0.4025286138057709,1
0.40911057591438293,1
0.28311532735824585,1
0.33646032214164734,1
0.494712769985199,1
0.38598519563674927,1
0.41208577156066895,1
0.44004184007644653,1
0.37304630875587463,1
0.5253573656082153,1
0.4103749394416809,1
0.5615333914756775,1
0.2984238266944885,1
0.41937965154647827,1
0.27461764216423035,1
0.4304007291793823,1
0.5078327655792236,1
0.3838687241077423,1
0.3822556138038635,1
0.4321754574775696,1
0.40517204999923706,1
0.49946194887161255,1
0.4497138261795044,1
0.4947342276573181,1
0.4165493845939636,1
0.4060570001602173,1
0.4095723032951355,1
0.4278534948825836,1
0.4245692193508148,1
0.5267817974090576,1
0.5117884874343872,1
0.44455522298812866,1
0.33880341053009033,1
0.4654483199119568,1
0.5488123893737793,1
0.4813869297504425,1
0.39967286586761475,1
0.4823857247829437,1
0.3248835504055023,1
0.47453922033309937,1
0.5943979024887085,1
0.46128442883491516,1
0.3580048084259033,1
0.3930217921733856,1
0.4931693375110626,1
0.3893730640411377,1
0.43409061431884766,1
0.41608649492263794,1
0.4135317802429199,1
0.29789209365844727,1
0.4651748239994049,1
0.42597028613090515,1
0.4658122658729553,1
0.39332959055900574,1
0.36260056495666504,1
0.6127474308013916,1
0.45989173650741577,1
0.3740615248680115,1
0.4487094283103943,1
0.47854095697402954,1
0.38333621621131897,1
0.4025164246559143,1
0.3783268332481384,1
0.3889700174331665,1
0.4078547954559326,1
0.3463142216205597,1
0.3688814640045166,1
0.48328453302383423,1
0.4692666232585907,1
0.4205555319786072,1
0.34292110800743103,1
0.4097128212451935,1
0.4526989459991455,1
0.38032957911491394,1
0.44926390051841736,1
0.41346675157546997,1
0.38207027316093445,1
0.4052083492279053,1
0.4580788016319275,1
0.3978748619556427,1
0.4092360734939575,1
0.4510648846626282,1
0.46566396951675415,1
0.45282983779907227,1
0.3680441379547119,1
0.45466089248657227,1
0.46119067072868347,1
0.43004706501960754,1
0.4443119466304779,1
0.29470670223236084,1
0.3398728668689728,1
0.48450472950935364,1
0.4445156455039978,1
0.41665366291999817,1
0.5031042695045471,1
0.3951079249382019,1
0.3753752112388611,1
0.45906007289886475,1
0.425047367811203,1
0.43388664722442627,1
0.39917394518852234,1
0.495231568813324,1
0.3402663469314575,1
0.4842558205127716,1
0.47761210799217224,1
0.30291613936424255,1
0.46259748935699463,1
0.39644157886505127,1
0.4187474846839905,1
0.3993644416332245,1
0.45295390486717224,1
0.44197794795036316,1
0.33564889430999756,1
0.42217448353767395,1
0.4273097813129425,1
0.3956243693828583,1
0.5049274563789368,1
0.43567055463790894,1
0.4298890233039856,1
0.5004028081893921,1
0.3754357099533081,1
0.33742064237594604,1
0.5642926692962646,1
0.599743127822876,1
0.35413411259651184,1
0.35068726539611816,1
0.39545440673828125,1
0.5082805752754211,1
0.4043641686439514,1
0.42372992634773254,1
0.4079250693321228,1
0.5695656538009644,1
0.3080670237541199,1
0.3653225302696228,1
0.3449380397796631,1
0.37903764843940735,1
0.4922551214694977,1
0.33555328845977783,1
0.510168731212616,1
0.4113081693649292,1
0.5704473853111267,1
0.45549476146698,1
0.4729228913784027,1
0.4040868878364563,1
0.38926929235458374,1
0.4056248068809509,1
0.43855956196784973,1
0.34343042969703674,1
0.2783395051956177,1
0.38327035307884216,1
0.42212343215942383,1
0.4778529405593872,1
0.42022088170051575,1
0.3884892463684082,1
0.3992069363594055,1
0.3627055883407593,1
0.4523009657859802,1
0.43276447057724,1
0.49138835072517395,1
0.38381296396255493,1
0.40716850757598877,1
0.4406818151473999,1
0.3316166400909424,1
0.449752539396286,1
0.369925320148468,1
0.5590545535087585,1
0.33472755551338196,1
0.32966095209121704,1
0.3775874972343445,1
0.4669925570487976,1
0.43766868114471436,1
0.4361976981163025,1
0.47973155975341797,1
0.4732367694377899,1
0.49668532609939575,1
0.3253011107444763,1
0.4477269649505615,1
0.4629598557949066,1
0.5065692067146301,1
0.3933831453323364,1
0.4337525963783264,1
0.4668266773223877,1
0.39621394872665405,1
0.49575960636138916,1
0.3604968786239624,1
0.27573323249816895,1
0.3096895217895508,1
0.3583701550960541,1
0.29222139716148376,1
0.3708969056606293,1
0.31486132740974426,1
0.4178052544593811,1
0.3948657512664795,1
0.4210403561592102,1
0.49250006675720215,1
0.3502166271209717,1
0.38091886043548584,1
0.451607882976532,1
0.4447370767593384,1
0.3334099352359772,1
0.3847988545894623,1
0.3713921904563904,1
0.3555973470211029,1
0.45285606384277344,1
0.42750436067581177,1
0.45659708976745605,1
0.32958468794822693,1
0.3435080051422119,1
0.368967741727829,1
0.36093398928642273,1
0.4680418372154236,1
0.42538997530937195,1
0.391557514667511,1
0.44007447361946106,1
0.4793776571750641,1
0.4966282248497009,1
0.33719390630722046,1
0.5269263386726379,1
0.4408237636089325,1
0.3931848108768463,1
0.4847690165042877,1
0.3549940586090088,1
0.4171599745750427,1
0.5448072552680969,1
0.35489290952682495,1
0.3142392933368683,1
0.4411379098892212,1
0.47983643412590027,1
0.5019267201423645,1
0.51967853307724,1
0.4582650661468506,1
0.4067576229572296,1
0.3945910334587097,1
0.39186638593673706,1
0.42113804817199707,1
0.42783722281455994,1
0.39996546506881714,1
0.45605066418647766,1
0.39239799976348877,1
0.4167804419994354,1
0.4429498016834259,1
0.4468814730644226,1
0.421822726726532,1
0.41254836320877075,1
0.41284769773483276,1
0.3662666082382202,1
0.3949466943740845,1
0.3653385639190674,1
0.43571197986602783,1
0.4524077773094177,1
0.4435533881187439,1
0.4746326804161072,1
0.37248051166534424,1
0.5008217096328735,1
0.4088476300239563,1
0.41800451278686523,1
0.3575248122215271,1
0.414714515209198,1
0.4484196901321411,1
0.4140367805957794,1
0.38759467005729675,1
0.4682497978210449,1
0.3981221318244934,1
0.4522080421447754,1
0.44301775097846985,1
0.34834736585617065,1
0.42389795184135437,1
0.4228421747684479,1
0.3773128092288971,1
0.576788067817688,1
0.43045997619628906,1
0.3179950714111328,1
0.4812927842140198,1
0.5509845018386841,1
0.49749913811683655,1
0.47044602036476135,1
0.5186508893966675,1
0.40508025884628296,1
0.48463037610054016,1
0.35122424364089966,1
0.39160898327827454,1
0.506263256072998,1
0.43125325441360474,1
0.34305545687675476,1
0.39817532896995544,1
0.49191686511039734,1
0.41829174757003784,1
0.34415262937545776,1
0.45456069707870483,1
0.3858787417411804,1
0.412221759557724,1
0.41108521819114685,1
0.4242066740989685,1
0.43445146083831787,1
0.3355400264263153,1
0.3792122006416321,1
0.4768211245536804,1
0.5091609954833984,1
0.3837132453918457,1
0.46133679151535034,1
0.429101824760437,1
0.3436180353164673,1
0.4272511601448059,1
0.36292552947998047,1
0.37529805302619934,1
0.28807032108306885,1
0.39277616143226624,1
0.47448331117630005,1
0.44686123728752136,1
0.4212894141674042,1
0.41207730770111084,1
0.4338992238044739,1
0.5496653318405151,1
0.4000282883644104,1
0.4997561275959015,1
0.428475558757782,1
0.5256519317626953,1
0.4326303005218506,1
0.35200780630111694,1
0.3721163272857666,1
0.4600391685962677,1
0.5055242776870728,1
0.3764844834804535,1
0.3899964392185211,1
0.5292874574661255,1
0.45337510108947754,1
0.5443404316902161,1
0.5130784511566162,1
0.48364338278770447,1
0.4089645743370056,1
0.5402119755744934,1
0.27415746450424194,1
0.34846267104148865,1
0.42325296998023987,1
0.47143736481666565,1
0.42251908779144287,1
0.42336323857307434,1
0.4002268314361572,1
0.4098677337169647,1
0.4723544120788574,1
0.3066217601299286,1
0.44226184487342834,1
0.4238625466823578,1
0.4636383056640625,1
0.36627790331840515,1
0.5203313827514648,1
0.5081055760383606,1
0.5045456886291504,1
0.3387482762336731,1
0.4220276176929474,1
0.42556166648864746,1
0.41251879930496216,1
0.38839536905288696,1
0.5411433577537537,1
0.3858303427696228,1
0.5146259069442749,1
0.5205187201499939,1
0.40063002705574036,1
0.4207349419593811,1
0.41385582089424133,1
0.5484842658042908,1
0.5841426849365234,1
0.45089253783226013,1
0.4241642951965332,1
0.3977583944797516,1
0.3644668161869049,1
0.35751163959503174,1
0.32979825139045715,1
0.4022091031074524,1
0.41694405674934387,1
0.5751653909683228,1
0.48093336820602417,1
0.3215932250022888,1
0.45381322503089905,1
0.4105950891971588,1
0.4228874444961548,1
0.4090298116207123,1
0.39136838912963867,1
0.531707763671875,1
0.3941546082496643,1
0.4809376895427704,1
0.45254504680633545,1
0.42029139399528503,1
0.45828330516815186,1
0.47980523109436035,1
0.3874838054180145,1
0.45685049891471863,1
0.5248746871948242,1
0.3720766007900238,1
0.46408119797706604,1
0.47856980562210083,1
0.4139613211154938,1
0.27565449476242065,1
0.41681066155433655,1
0.5096863508224487,1
0.38445210456848145,1
0.37757688760757446,1
0.4289248585700989,1
0.48237332701683044,1
0.40523672103881836,1
0.472417950630188,1
0.4264686405658722,1
0.3625181317329407,1
0.5439401268959045,1
0.36654263734817505,1
0.5476208329200745,1
0.4344678521156311,1
0.5018923282623291,1
0.36919596791267395,1
0.45924124121665955,1
0.34749463200569153,1
0.3228626251220703,1
0.5414455533027649,1
0.3760719299316406,1
0.602367639541626,1
0.45348984003067017,1
0.3736304044723511,1
0.4371565878391266,1
0.39905697107315063,1
0.3954803943634033,1
0.3807533383369446,1
0.4985463619232178,1
0.4691006541252136,1
0.503427267074585,1
0.4560842216014862,1
0.42623791098594666,1
0.35411757230758667,1
0.43929851055145264,1
0.5056637525558472,1
0.40142807364463806,1
0.39719516038894653,1
0.34795185923576355,1
0.4380767047405243,1
0.41004419326782227,1
0.4093819856643677,1
0.39265620708465576,1
0.3323419690132141,1
0.4732342064380646,1
0.45266878604888916,1
0.4213670492172241,1
0.3699589967727661,1
0.3843175172805786,1
0.42706984281539917,1
0.44581475853919983,1
0.32623615860939026,1
0.3335295021533966,1
0.3822493553161621,1
0.42561808228492737,1
0.36496710777282715,1
0.3672747015953064,1
0.4151194095611572,1
0.42565757036209106,1
0.4599570631980896,1
0.5498062372207642,1
0.38979703187942505,1
0.34140169620513916,1
0.4287177622318268,1
0.362713098526001,1
0.44663166999816895,1
0.5001920461654663,1
0.36264413595199585,1
0.36234864592552185,1
0.4381648898124695,1
0.5804510116577148,1
0.36879462003707886,1
0.5578305721282959,1
0.3384753465652466,1
0.4251730442047119,1
0.39846330881118774,1
0.41785696148872375,1
0.5005189776420593,1
0.4305368959903717,1
0.47726649045944214,1
0.42326685786247253,1
0.41920626163482666,1
0.37469279766082764,1
0.37969470024108887,1
0.35698992013931274,1
0.513573408126831,1
0.42753690481185913,1
0.4704383909702301,1
0.48974257707595825,1
0.40134626626968384,1
0.4252210557460785,1
0.5087569355964661,1
0.4712877571582794,1
0.5359833240509033,1
0.4809877872467041,1
0.4727568030357361,1
0.45529812574386597,1
0.37332528829574585,1
0.4000384211540222,1
0.40690475702285767,1
0.45633846521377563,1
0.4198130965232849,1
0.460809588432312,1
0.4015561640262604,1
0.30927610397338867,1
0.4811915457248688,1
0.5501226186752319,1
0.535081148147583,1
0.4055705964565277,1
0.4301114082336426,1
0.40959078073501587,1
0.3636336326599121,1
0.34185969829559326,1
0.3842526376247406,1
0.42090466618537903,1
0.4643137753009796,1
0.4984816908836365,1
0.43821918964385986,1
0.4202502965927124,1
0.42427271604537964,1
0.45190662145614624,1
0.5010231733322144,1
0.324232280254364,1
0.4725154638290405,1
0.45293694734573364,1
0.3415762484073639,1
0.4778771996498108,1
0.5966647267341614,1
0.4062545895576477,1
0.4040473401546478,1
0.3892565965652466,1
0.5494077205657959,1
0.43952178955078125,1
0.34259551763534546,1
0.5634561777114868,1
0.4882390797138214,1
0.39914023876190186,1
0.3947904706001282,1
0.5582863092422485,1
0.39685091376304626,1
0.3591550290584564,1
0.2999606728553772,1
0.40710315108299255,1
0.42375773191452026,1
0.4147798418998718,1
0.5002140998840332,1
0.3868089020252228,1
0.6013059616088867,1
0.5027464628219604,1
0.4420319199562073,1
0.38402700424194336,1
0.3615153431892395,1
0.4454551339149475,1
0.5587444305419922,1
0.43757444620132446,1
0.553814172744751,1
0.37351715564727783,1
0.37478959560394287,1
0.454758882522583,1
0.45290663838386536,1
0.4485372304916382,1
0.40989813208580017,1
0.28931403160095215,1
0.4475705921649933,1
0.41164201498031616,1
0.3999912142753601,1
0.46640926599502563,1
0.4570380747318268,1
0.42100459337234497,1
0.39521095156669617,1
0.39528316259384155,1
0.3742590546607971,1
0.38642674684524536,1
0.4302312135696411,1
0.329104483127594,1
0.3336178958415985,1
0.518527626991272,1
0.37535005807876587,1
0.5291573405265808,1
0.33680295944213867,1
0.4480307102203369,1
0.4065525531768799,1
0.4011788070201874,1
0.346619188785553,1
0.44883453845977783,1
0.4247317314147949,1
0.4452837109565735,1
0.35434532165527344,1
0.33644360303878784,1
0.30425792932510376,1
0.40703198313713074,1
0.3323203921318054,1
0.45700210332870483,1
0.5211527347564697,1
0.46269333362579346,1
0.3556567430496216,1
0.4500303864479065,1
0.5141481757164001,1
0.44290292263031006,1
0.4163709878921509,1
0.41842907667160034,1
0.41453611850738525,1
0.37957334518432617,1
0.37056878209114075,1
0.288027822971344,1
0.4341835081577301,1
0.34573715925216675,1
0.5610632300376892,1
0.507483720779419,1
0.4580066204071045,1
0.5108140707015991,1
0.40601688623428345,1
0.5550022125244141,1
0.45703691244125366,1
0.4108348786830902,1
0.4670618772506714,1
0.3917854428291321,1
0.39197924733161926,1
0.37589672207832336,1
0.44454899430274963,1
0.29392051696777344,1
0.3490889072418213,1
0.33584386110305786,1
0.4166743755340576,1
0.4318203926086426,1
0.324359267950058,1
0.4891185164451599,1
0.41389134526252747,1
0.41680777072906494,1
0.3720249831676483,1
0.4296879768371582,1
0.4425753355026245,1
0.3695981502532959,1
0.34051406383514404,1
0.34831392765045166,1
0.39931029081344604,1
0.4800577759742737,1
0.3939957618713379,1
0.2969478368759155,1
0.4717652201652527,1
0.35825467109680176,1
0.4655146598815918,1
0.43316251039505005,1
0.38491091132164,1
0.33389413356781006,1
0.4202306568622589,1
0.4584598243236542,1
0.39988023042678833,1
0.48499834537506104,1
0.37857764959335327,1
0.39772170782089233,1
0.3251118063926697,1
0.45934686064720154,1
0.428674578666687,1
0.48771095275878906,1
0.40485119819641113,1
0.41038838028907776,1
0.3591989278793335,1
0.4675668179988861,1
0.49244558811187744,1
0.4151228666305542,1
0.44189003109931946,1
0.3351556062698364,1
0.4248571991920471,1
0.3830103874206543,1
0.4038534462451935,1
0.5082501173019409,1
0.5316012501716614,1
0.36515021324157715,1
0.3983275592327118,1
0.30912673473358154,1
0.3234861493110657,1
0.3121715188026428,1
0.3592144548892975,1
0.327038049697876,1
0.3483617603778839,1
0.5109107494354248,1
0.39108696579933167,1
0.4182235300540924,1
0.5299690961837769,1
0.5197025537490845,1
0.37993907928466797,1
0.4891144335269928,1
0.48430106043815613,1
0.47012948989868164,1
0.4277564287185669,1
0.349711537361145,1
0.4894397258758545,1
0.3513756990432739,1
0.4572502672672272,1
0.42412158846855164,1
0.35357436537742615,1
0.5354354381561279,1
0.43586987257003784,1
0.4170122444629669,1
0.3719499707221985,1
0.3172129690647125,1
0.4450730085372925,1
0.38932332396507263,1
0.3737533688545227,1
0.4377448558807373,1
0.3865525424480438,1
0.5412369966506958,1
0.3946366310119629,1
0.41910138726234436,1
0.38924556970596313,1
0.312369167804718,1
0.5494899153709412,1
0.5149176716804504,1
0.41474875807762146,1
0.3779435455799103,1
0.3603714108467102,1
0.46854880452156067,1
0.3735065460205078,1
0.44279471039772034,1
0.3926053047180176,1
0.46817970275878906,1
0.4053741991519928,1
0.29845693707466125,1
0.4639427363872528,1
0.4503752887248993,1
0.33422839641571045,1
0.5265008807182312,1
0.2481130063533783,1
0.4397273063659668,1
0.31204625964164734,1
0.41901135444641113,1
0.4155932068824768,1
0.37671083211898804,1
0.4178731441497803,1
0.3692139983177185,1
0.40563297271728516,1
0.3920249342918396,1
0.4055211544036865,1
0.3922063708305359,1
0.5007184743881226,1
0.4411093294620514,1
0.5472456216812134,1
0.4493418335914612,1
0.4324702024459839,1
0.3459087312221527,1
0.28836944699287415,1
0.37389108538627625,1
0.39465218782424927,1
0.4654780626296997,1
0.4267899990081787,1
0.33417999744415283,1
0.34077316522598267,1
0.30166441202163696,1
0.3322862386703491,1
0.5369572639465332,1
0.4648689925670624,1
0.5610288381576538,1
0.36629408597946167,1
0.48717474937438965,1
0.5081242918968201,1
0.38957077264785767,1
0.33700090646743774,1
0.35011163353919983,1
0.3685774505138397,1
0.6435475945472717,1
0.39066314697265625,1
0.3924459218978882,1
0.49699750542640686,1
0.3684273362159729,1
0.39095228910446167,1
0.4506000876426697,1
0.328225702047348,1
0.5315874814987183,1
0.35978394746780396,1
0.40147385001182556,1
0.4717290997505188,1
0.39022761583328247,1
0.47576040029525757,1
0.36223548650741577,1
0.3559875190258026,1
0.4135991632938385,1
0.4437876343727112,1
0.3872165381908417,1
0.4611809253692627,1
0.524539589881897,1
0.4202357530593872,1
0.4058268964290619,1
0.26921647787094116,1
0.6228681206703186,1
0.46903911232948303,1
0.4185384511947632,1
0.5406292676925659,1
0.424922376871109,1
0.3917164206504822,1
0.5380114912986755,1
0.3035739064216614,1
0.42143356800079346,1
0.3873702883720398,1
0.38969123363494873,1
0.4600660800933838,1
0.47645312547683716,1
0.5107315182685852,1
0.4661373496055603,1
0.41721072793006897,1
0.3563987612724304,1
0.3261791169643402,1
0.4265027642250061,1
0.4674046039581299,1
0.511207103729248,1
0.43167644739151,1
0.43160733580589294,1
0.3396908640861511,1
0.34185758233070374,1
0.5292248725891113,1
0.5487837791442871,1
0.46892160177230835,1
0.28077244758605957,1
0.5131819248199463,1
0.3696534037590027,1
0.46203726530075073,1
0.47211194038391113,1
0.4234520196914673,1
0.31378406286239624,1
0.347287118434906,1
0.48604774475097656,1
0.4044087827205658,1
0.4273363947868347,1
0.32236388325691223,1
0.41204607486724854,1
0.47654157876968384,1
0.45559221506118774,1
0.4195496141910553,1
0.3522145748138428,1
0.37048661708831787,1
0.4696637988090515,1
0.3678666949272156,1
0.2856523096561432,1
0.4985910654067993,1
0.4805682599544525,1
0.3729263246059418,1
0.42196202278137207,1
0.3948989808559418,1
0.49467146396636963,1
0.4429020881652832,1
0.39567285776138306,1
0.3507331609725952,1
0.5542809963226318,1
0.4378754496574402,1
0.34300583600997925,1
0.38835251331329346,1
0.4751448333263397,1
0.3182872533798218,1
0.4000278115272522,1
0.3696063160896301,1
0.5650530457496643,1
0.5144833326339722,1
0.5400290489196777,1
0.40386202931404114,1
0.4991549253463745,1
0.409542441368103,1
0.39175671339035034,1
0.3718079924583435,1
0.44822198152542114,1
0.49032652378082275,1
0.4118608236312866,1
0.44622281193733215,1
0.3537149429321289,1
0.389056533575058,1
0.35140249133110046,1
0.36993587017059326,1
0.5209496021270752,1
0.35800060629844666,1
0.346529483795166,1
0.3882448077201843,1
0.4545741081237793,1
0.4131627082824707,1
0.32022735476493835,1
0.49045640230178833,1
0.330905556678772,1
0.377225399017334,1
0.3004705309867859,1
0.552578330039978,1
0.4298710823059082,1
0.4667009115219116,1
0.48011863231658936,1
0.40214717388153076,1
0.4165216088294983,1
0.36300069093704224,1
0.4003608822822571,1
0.35360997915267944,1
0.3604110777378082,1
0.26789355278015137,1
0.3807932436466217,1
0.4306778311729431,1
0.536285400390625,1
0.3947291970252991,1
0.4094414710998535,1
0.39573389291763306,1
0.353485643863678,1
0.4152337610721588,1
0.3875429630279541,1
0.4906471073627472,1
0.35362696647644043,1
0.4255596995353699,1
0.34863710403442383,1
0.5441153645515442,1
0.3509462773799896,1
0.385708749294281,1
0.3813709020614624,1
0.3942963778972626,1
0.4060685932636261,1
0.41056424379348755,1
0.49959439039230347,1
0.360152006149292,1
0.4096550941467285,1
0.5075168013572693,1
0.44864967465400696,1
0.3250157833099365,1
0.34016087651252747,1
0.5147066116333008,1
0.3958660364151001,1
0.44828903675079346,1
0.474789559841156,1
0.3590337932109833,1
0.45964309573173523,1
0.43652260303497314,1
0.3782065212726593,1
0.3986160457134247,1
0.5721665620803833,1
0.3810065984725952,1
0.4087514877319336,1
0.36266207695007324,1
0.3830741047859192,1
0.43475544452667236,1
0.3710319995880127,1
0.3751060962677002,1
0.4431929588317871,1
0.4131568968296051,1
0.44734400510787964,1
0.48581862449645996,1
0.3204823434352875,1
0.5228903293609619,1
0.47533345222473145,1
0.45847463607788086,1
0.3933596909046173,1
0.40661412477493286,1
0.5333454608917236,1
0.45178619027137756,1
0.46943289041519165,1
0.3979182839393616,1
0.44916558265686035,1
0.42374804615974426,1
0.4499526619911194,1
0.3384171724319458,1
0.44748422503471375,1
0.43223416805267334,1
0.5683069229125977,1
0.459097683429718,1
0.36500975489616394,1
0.4107961654663086,1
0.32968026399612427,1
0.3290252983570099,1
0.4664946496486664,1
0.3666912615299225,1
0.4247402548789978,1
0.3497734069824219,1
0.4563644826412201,1
0.3319242596626282,1
0.4842759668827057,1
0.5174710750579834,1
0.34102874994277954,1
0.3620970845222473,1
0.41455763578414917,1
0.31180113554000854,1
0.5001686215400696,1
0.46129006147384644,1
0.4835701286792755,1
0.4013499617576599,1
0.5403347015380859,1
0.48763108253479004,1
0.4534321427345276,1
0.4768383502960205,1
0.36528822779655457,1
0.46343690156936646,1
0.533169150352478,1
0.4688011109828949,1
0.45010191202163696,1
0.37203067541122437,1
0.43145838379859924,1
0.4483059048652649,1
0.41231632232666016,1
0.47762972116470337,1
0.3982887268066406,1
0.4370587468147278,1
0.5330853462219238,1
0.3281107544898987,1
0.5421964526176453,1
0.38236257433891296,1
0.4184463918209076,1
0.4462028443813324,1
0.5161124467849731,1
0.3902685046195984,1
0.45491743087768555,1
0.4163390100002289,1
0.35644450783729553,1
0.4111745357513428,1
0.36635661125183105,1
0.47418147325515747,1
0.4184805750846863,1
0.392683207988739,1
0.511378288269043,1
0.43693000078201294,1
0.48925721645355225,1
0.31320086121559143,1
0.46309638023376465,1
0.4279859662055969,1
0.40033408999443054,1
0.43476855754852295,1
0.4692103862762451,1
0.365824818611145,1
0.42428338527679443,1
0.4771615266799927,1
0.36145180463790894,1
0.41129636764526367,1
0.40909236669540405,1
0.41701123118400574,1
0.40387845039367676,1
0.5224814414978027,1
0.5748870372772217,1
0.47409021854400635,1
0.3441890478134155,1
0.3798653781414032,1
0.46410953998565674,1
0.40487611293792725,1
0.3508714437484741,1
0.36423230171203613,1
0.5464605093002319,1
0.3732466399669647,1
0.46001067757606506,1
0.40566956996917725,1
0.42661070823669434,1
0.3903213441371918,1
0.44440364837646484,1
0.4483404755592346,1
0.4044061303138733,1
0.4231640696525574,1
0.3837583661079407,1
0.5626484751701355,1
0.4907701015472412,1
0.4394274652004242,1
0.5117745399475098,1
0.42680227756500244,1
0.367687851190567,1
0.4958384037017822,1
0.42870068550109863,1
0.4104727506637573,1
0.5254924297332764,1
0.43222036957740784,1
0.3933073878288269,1
0.4228828251361847,1
0.40836745500564575,1
0.4092252850532532,1
0.4337425231933594,1
0.37329965829849243,1
0.46189039945602417,1
0.4831065237522125,1
0.4077480733394623,1
0.5667887926101685,1
0.45171889662742615,1
0.33473360538482666,1
0.4545220732688904,1
0.3865036368370056,1
0.4621869623661041,1
0.46287280321121216,1
0.45759230852127075,1
0.38014256954193115,1
0.4068136215209961,1
0.4444255232810974,1
0.4198876619338989,1
0.4636458158493042,1
0.43209388852119446,1
0.4083336889743805,1
0.46576905250549316,1
0.3732881546020508,1
0.42862191796302795,1
0.5165156126022339,1
0.5144170522689819,1
0.40029335021972656,1
0.47544753551483154,1
0.344185471534729,1
0.37921229004859924,1
0.44993436336517334,1
0.46787577867507935,1
0.38135817646980286,1
0.5102777481079102,1
0.4181283414363861,1
0.3258073329925537,1
0.38056689500808716,1
0.38764023780822754,1
0.32307660579681396,1
0.40812045335769653,1
0.46086451411247253,1
0.4498371481895447,1
0.3809455633163452,1
0.5130050778388977,1
0.47078976035118103,1
0.3211551010608673,1
0.32993584871292114,1
0.4108480215072632,1
0.41308751702308655,1
0.35063302516937256,1
0.4289856255054474,1
0.3594285249710083,1
0.41127318143844604,1
0.40882235765457153,1
0.42914339900016785,1
0.502956748008728,1
0.3650708794593811,1
0.3926964998245239,1
0.31575047969818115,1
0.4411078989505768,1
0.5131479501724243,1
0.45464831590652466,1
0.34517836570739746,1
0.5789103507995605,1
0.49222373962402344,1
0.4544430375099182,1
0.3547423183917999,1
0.4760230779647827,1
0.5257989168167114,1
0.5960241556167603,1
0.4953072667121887,1
0.3723561465740204,1
0.48865461349487305,1
0.3634994626045227,1
0.3755943775177002,1
0.3383423388004303,1
0.4179108440876007,1
0.41056525707244873,1
0.412842720746994,1
0.3686663508415222,1
0.3952469229698181,1
0.36435645818710327,1
0.43954193592071533,1
0.3818289041519165,1
0.4351975619792938,1
0.341179758310318,1
0.4009494185447693,1
0.3687845468521118,1
0.4193567633628845,1
0.5712558627128601,1
0.4499165713787079,1
0.3946346044540405,1
0.4485090374946594,1
0.519830584526062,1
0.38540634512901306,1
0.5271615386009216,1
0.3233446478843689,1
0.4033757448196411,1
0.4582225978374481,1
0.40743833780288696,1
0.39456620812416077,1
0.6116552948951721,1
0.4080948233604431,1
0.37889188528060913,1
0.5062525272369385,1
0.28792232275009155,1
0.44635576009750366,1
0.4728567600250244,1
0.3550140857696533,1
0.4701734781265259,1
0.40240907669067383,1
0.37720543146133423,1
0.364898681640625,1
0.37544378638267517,1
0.36513620615005493,1
0.32772237062454224,1
0.4169720709323883,1
0.40288257598876953,1
0.3997945189476013,1
0.3864738941192627,1
0.47952407598495483,1
0.40210703015327454,1
0.4195311963558197,1
0.46736207604408264,1
0.39348089694976807,1
0.3543134033679962,1
0.42455193400382996,1
0.35489916801452637,1
0.3770596981048584,1
0.4787564277648926,1
0.4116169214248657,1
0.3783568739891052,1
0.389234721660614,1
0.4248185157775879,1
0.4959349036216736,1
0.4575677812099457,1
0.3601498007774353,1
0.3048049807548523,1
0.4694744050502777,1
0.531283974647522,1
0.37472087144851685,1
0.3668031692504883,1
0.4366072416305542,1
0.4256356656551361,1
0.47278910875320435,1
0.42177146673202515,1
0.4775569438934326,1
0.36783403158187866,1
0.41947847604751587,1
0.3956148028373718,1
0.4058891236782074,1
0.42462894320487976,1
0.41105398535728455,1
0.370270311832428,1
0.4532760977745056,1
0.3634832799434662,1
0.39721253514289856,1
0.37581393122673035,1
0.4250543415546417,1
0.351676881313324,1
0.3814498484134674,1
0.41428884863853455,1
0.4092232584953308,1
0.38982582092285156,1
0.3141462206840515,1
0.4045007824897766,1
0.5543513298034668,1
0.49176278710365295,1
0.4806768596172333,1
0.36484572291374207,1
0.425337016582489,1
0.3265039622783661,1
0.45600759983062744,1
0.40834689140319824,1
0.47961026430130005,1
0.42691320180892944,1
0.39185529947280884,1
0.5140701532363892,1
0.42180800437927246,1
0.40512675046920776,1
0.37410980463027954,1
0.4405618906021118,1
0.34797340631484985,1
0.43810325860977173,1
0.43131253123283386,1
0.42403578758239746,1
0.43809202313423157,1
0.2966461181640625,1
0.4844486713409424,1
0.48814404010772705,1
0.36195361614227295,1
0.42467808723449707,1
0.3166792392730713,1
0.40056896209716797,1
0.3585410714149475,1
0.4023761749267578,1
0.5976265668869019,1
0.5102511644363403,1
0.35445910692214966,1
0.4676108658313751,1
0.5764194130897522,1
0.3051576614379883,1
0.41301125288009644,1
0.5237972736358643,1
0.43124958872795105,1
0.38039058446884155,1
0.43223971128463745,1
0.3534140884876251,1
0.40148764848709106,1
0.46945691108703613,1
0.42243891954421997,1
0.4640142321586609,1
0.4321753978729248,1
0.36876073479652405,1
0.3517044186592102,1
0.4348145127296448,1
0.44167959690093994,1
0.5058515071868896,1
0.5252289175987244,1
0.3792189061641693,1
0.37937700748443604,1
0.43190014362335205,1
0.43460121750831604,1
0.33041685819625854,1
0.4173537492752075,1
0.38960692286491394,1
0.3474533259868622,1
0.563772439956665,1
0.4028072953224182,1
0.36624062061309814,1
0.283559113740921,1
0.42063164710998535,1
0.4187352657318115,1
0.5576419830322266,1
0.35549166798591614,1
0.4347129166126251,1
0.48791080713272095,1
0.3092811107635498,1
0.37398725748062134,1
0.5023741722106934,1
0.300420880317688,1
0.5627158880233765,1
0.32990968227386475,1
0.4600062966346741,1
0.4020383059978485,1
0.463392972946167,1
0.46716782450675964,1
0.3923660218715668,1
0.3646385073661804,1
0.584362804889679,1
0.46148890256881714,1
0.43412134051322937,1
0.3506644368171692,1
0.4114047586917877,1
0.3507102131843567,1
0.3235274851322174,1
0.45904284715652466,1
0.3438410758972168,1
0.48007088899612427,1
0.3697611689567566,1
0.4565063416957855,1
0.5136547684669495,1
0.39206111431121826,1
0.4724588394165039,1
0.42522281408309937,1
0.4304589629173279,1
0.4015344977378845,1
0.4224596619606018,1
0.46899181604385376,1
0.3480986952781677,1
0.4264030456542969,1
0.3757673501968384,1
0.3604605793952942,1
0.4685613512992859,1
0.38376525044441223,1
0.5997051000595093,1
0.4200276732444763,1
0.3694373369216919,1
0.3516652286052704,1
0.4561977684497833,1
0.3612698018550873,1
0.4662884473800659,1
0.43452757596969604,1
0.41581061482429504,1
0.5423679947853088,1
0.3889859914779663,1
0.4149894714355469,1
0.3730655610561371,1
0.36090797185897827,1
0.3879009485244751,1
0.5056238770484924,1
0.46844878792762756,1
0.4728311002254486,1
0.38514259457588196,1
0.5044841766357422,1
0.3811030983924866,1
0.41312676668167114,1
0.541438102722168,1
0.3811442255973816,1
0.44112861156463623,1
0.39108771085739136,1
0.37756454944610596,1
0.4765055775642395,1
0.4124649167060852,1
0.4439656734466553,1
0.3556785583496094,1
0.45019397139549255,1
0.40559232234954834,1
0.4457744359970093,1
0.4630729556083679,1
0.38793426752090454,1
0.40827131271362305,1
0.5641553401947021,1
0.3675838112831116,1
0.4131585955619812,1
0.32742708921432495,1
0.4522804617881775,1
0.42162421345710754,1
0.41438421607017517,1
0.3885328769683838,1
0.3535131514072418,1
0.2327376902103424,1
0.3592813014984131,1
0.34656214714050293,1
0.3412163555622101,1
0.39675164222717285,1
0.47973111271858215,1
0.38015758991241455,1
0.34933632612228394,1
0.526962399482727,1
0.3873346149921417,1
0.5321215391159058,1
0.40832412242889404,1
0.3734011650085449,1
0.39297646284103394,1
0.3953380286693573,1
0.3235461711883545,1
0.5706509351730347,1
0.37147822976112366,1
0.4271538257598877,1
0.4730830192565918,1
0.3860241770744324,1
0.4481082558631897,1
0.35626789927482605,1
0.49883440136909485,1
0.41198018193244934,1
0.4413911700248718,1
0.5442628860473633,1
0.4603007435798645,1
0.3808472156524658,1
0.46570339798927307,1
0.49121156334877014,1
0.40860000252723694,1
0.3300062417984009,1
0.3754732012748718,1
0.4414159059524536,1
0.4053250849246979,1
0.4052794575691223,1
0.4374704360961914,1
0.4788435101509094,1
0.4379923343658447,1
0.3340860605239868,1
0.40704891085624695,1
0.35291552543640137,1
0.4078379273414612,1
0.37399032711982727,1
0.3673103451728821,1
0.40421152114868164,1
0.36657094955444336,1
0.47083723545074463,1
0.40807247161865234,1
0.32580244541168213,1
0.39017921686172485,1
0.46063700318336487,1
0.37279507517814636,1
0.44294679164886475,1
0.40928441286087036,1
0.4162476062774658,1
0.4435519874095917,1
0.3599957227706909,1
0.47916293144226074,1
0.4310808777809143,1
0.25335991382598877,1
0.40074723958969116,1
0.45388007164001465,1
0.47542670369148254,1
0.4491220712661743,1
0.36291009187698364,1
0.3363545536994934,1
0.4100911021232605,1
0.40961796045303345,1
0.39663165807724,1
0.4091513752937317,1
0.4829150438308716,1
0.4687822461128235,1
0.4678632915019989,1
0.35194578766822815,1
0.36070895195007324,1
0.4064265489578247,1
0.3186066150665283,1
0.4169277846813202,1
0.3105342388153076,1
0.4409921169281006,1
0.46908843517303467,1
0.5097424387931824,1
0.4415416419506073,1
0.34921568632125854,1
0.5516386032104492,1
0.5521479845046997,1
0.3827415108680725,1
0.4097847044467926,1
0.38117673993110657,1
0.4257442355155945,1
0.5555881857872009,1
0.4929070472717285,1
0.4155329763889313,1
0.49239131808280945,1
0.47449707984924316,1
0.3677981495857239,1
0.44931483268737793,1
0.4012155532836914,1
0.4948849081993103,1
0.36624816060066223,1
0.5664699673652649,1
0.33156096935272217,1
0.44721657037734985,1
0.361032634973526,1
0.4123339056968689,1
0.3815791606903076,1
0.39041396975517273,1
0.5307106971740723,1
0.33566224575042725,1
0.4879114627838135,1
0.5636776089668274,1
0.37651294469833374,1
0.39657944440841675,1
0.5374513864517212,1
0.563421368598938,1
0.35442543029785156,1
0.39761918783187866,1
0.43011176586151123,1
0.4546877145767212,1
0.5194571018218994,1
0.41239118576049805,1
0.2953900098800659,1
0.46890079975128174,1
0.44183453917503357,1
0.3709082007408142,1
0.4840649366378784,1
0.4691862463951111,1
0.3825899362564087,1
0.32730886340141296,1
0.524495005607605,1
0.43342453241348267,1
0.49633097648620605,1
0.4471784830093384,1
0.5377475023269653,1
0.41446173191070557,1
0.41835129261016846,1
0.4283328056335449,1
0.3408523201942444,1
0.48582547903060913,1
0.35620635747909546,1
0.4908994734287262,1
0.4067944884300232,1
0.56862473487854,1
0.4009295701980591,1
0.44874656200408936,1
0.5489175319671631,1
0.4248584508895874,1
0.45433127880096436,1
0.42425358295440674,1
0.3924756646156311,1
0.35866475105285645,1
0.3932269513607025,1
0.467151939868927,1
0.4153880476951599,1
0.44179797172546387,1
0.45392274856567383,1
0.4101950526237488,1
0.33855926990509033,1
0.3365212380886078,1
0.4226517677307129,1
0.42116236686706543,1
0.4500465989112854,1
0.33599305152893066,1
0.3626716136932373,1
0.39000314474105835,1
0.4715001881122589,1
0.5887225866317749,1
0.38777995109558105,1
0.4133829176425934,1
0.3562343418598175,1
0.42102599143981934,1
0.5807989835739136,1
0.42994290590286255,1
0.3992597162723541,1
0.37129712104797363,1
0.48352348804473877,1
0.42676711082458496,1
0.424929678440094,1
0.3518470227718353,1
0.49527591466903687,1
0.42132994532585144,1
0.4907498359680176,1
0.5045750141143799,1
0.4354512393474579,1
0.3388000726699829,1
0.41244709491729736,1
0.5556162595748901,1
0.5049038529396057,1
0.4573579728603363,1
0.41709384322166443,1
0.41777846217155457,1
0.4725050926208496,1
0.36823850870132446,1
0.3760198652744293,1
0.45643502473831177,1
0.4040288031101227,1
0.3210923373699188,1
0.4123629033565521,1
0.49724525213241577,1
0.3808998763561249,1
0.5320940613746643,1
0.47847598791122437,1
0.399578332901001,1
0.4240497946739197,1
0.4110783338546753,1
0.44201523065567017,1
0.4052327275276184,1
0.49188315868377686,1
0.5727748870849609,1
0.4105496406555176,1
0.4316811263561249,1
0.44583243131637573,1
0.4587470293045044,1
0.39365845918655396,1
0.3691813349723816,1
0.297188401222229,1
0.5367063879966736,1
0.3878254294395447,1
0.41296446323394775,1
0.3912601172924042,1
0.39752107858657837,1
0.4527673125267029,1
0.5028786659240723,1
0.47139957547187805,1
0.4564867317676544,1
0.44642505049705505,1
0.4006280303001404,1
0.34142786264419556,1
0.5210683345794678,1
0.40721267461776733,1
0.4103794991970062,1
0.5015486478805542,1
0.49796658754348755,1
0.39801687002182007,1
0.4198530912399292,1
0.356545627117157,1
0.31030309200286865,1
0.44538187980651855,1
0.3549724221229553,1
0.5147855281829834,1
0.4195508658885956,1
0.40699702501296997,1
0.3761554956436157,1
0.42522352933883667,1
0.3907194435596466,1
0.39759641885757446,1
0.37985897064208984,1
0.39161062240600586,1
0.36979666352272034,1
0.42841359972953796,1
0.4202892482280731,1
0.34224921464920044,1
0.37888482213020325,1
0.4372899532318115,1
0.5234922170639038,1
0.38935714960098267,1
0.394087553024292,1
0.43074604868888855,1
0.5365827679634094,1
0.36138373613357544,1
0.381334125995636,1
0.3595374524593353,1
0.542192280292511,1
0.38845938444137573,1
0.3770900368690491,1
0.35516130924224854,1
0.4534419775009155,1
0.3831574618816376,1
0.44411104917526245,1
0.34226250648498535,1
0.47187644243240356,1
0.43232467770576477,1
0.36367088556289673,1
0.38877561688423157,1
0.4826131761074066,1
0.37115105986595154,1
0.45776018500328064,1
0.39432287216186523,1
0.35954615473747253,1
0.4345510005950928,1
0.3720695972442627,1
0.421677827835083,1
0.3353824317455292,1
0.4352174997329712,1
0.4007526636123657,1
0.4215450882911682,1
0.36063021421432495,1
0.43123120069503784,1
0.4543498158454895,1
0.4046805500984192,1
0.46743810176849365,1
0.44952821731567383,1
0.3697412312030792,1
0.44392651319503784,1
0.4085550606250763,1
0.40735554695129395,1
0.5032356977462769,1
0.456597238779068,1
0.5139602422714233,1
0.3761162757873535,1
0.38392502069473267,1
0.46017688512802124,1
0.24161185324192047,1
0.41228631138801575,1
0.4885607063770294,1
0.38634976744651794,1
0.6067535281181335,1
0.35648825764656067,1
0.38461679220199585,1
0.4044126868247986,1
0.4050922989845276,1
0.3622916340827942,1
0.5281543731689453,1
0.45424237847328186,1
0.3930606245994568,1
0.44638076424598694,1
0.47796422243118286,1
0.4496457278728485,1
0.59160315990448,1
0.3276176452636719,1
0.4054325819015503,1
0.4733074903488159,1
0.35381776094436646,1
0.370804101228714,1
0.4449092447757721,1
0.3705862760543823,1
0.38074153661727905,1
0.4470667541027069,1
0.47429078817367554,1
0.371864378452301,1
0.5080634355545044,1
0.49733230471611023,1
0.43341922760009766,1
0.38387155532836914,1
0.3689281642436981,1
0.35712170600891113,1
0.5016818642616272,1
0.4288029372692108,1
0.5734979510307312,1
0.38387221097946167,1
0.422153502702713,1
0.39060670137405396,1
0.41422778367996216,1
0.4293855130672455,1
0.35463255643844604,1
0.4674321115016937,1
0.3495202958583832,1
0.36793434619903564,1
0.43929970264434814,1
0.3187793493270874,1
0.5277014970779419,1
0.37882059812545776,1
0.3920029103755951,1
0.45480090379714966,1
0.3935915231704712,1
0.39427685737609863,1
0.35393521189689636,1
0.47260040044784546,1
0.563900351524353,1
0.4522712826728821,1
0.3207312822341919,1
0.43698441982269287,1
0.4363165497779846,1
0.5557223558425903,1
0.38089320063591003,1
0.4188470244407654,1
0.3914059102535248,1
0.3877307176589966,1
0.4190681576728821,1
0.2947969436645508,1
0.4525936543941498,1
0.3870766758918762,1
0.46759533882141113,1
0.4784252643585205,1
0.40648090839385986,1
0.4497185945510864,1
0.44065606594085693,1
0.294971764087677,1
0.4280936121940613,1
0.42342257499694824,1
0.43375164270401,1
0.5039461851119995,1
0.4091179072856903,1
0.4809547960758209,1
0.3653700351715088,1
0.41267767548561096,1
0.31261229515075684,1
0.3753301203250885,1
0.5351415872573853,1
0.33086973428726196,1
0.5079373717308044,1
0.48666954040527344,1
0.2959715723991394,1
0.49342554807662964,1
0.40795764327049255,1
0.4645713269710541,1
0.4194587469100952,1
0.4876021146774292,1
0.35964298248291016,1
0.3843274414539337,1
0.37165671586990356,1
0.42932674288749695,1
0.36884015798568726,1
0.35215461254119873,1
0.4802660644054413,1
0.43700432777404785,1
0.48979395627975464,1
0.4493703544139862,1
0.6141475439071655,1
0.3547588884830475,1
0.49291497468948364,1
0.3852490782737732,1
0.4535275101661682,1
0.2811241149902344,1
0.39010488986968994,1
0.47099095582962036,1
0.46735215187072754,1
0.4335370659828186,1
0.3490055799484253,1
0.46026647090911865,1
0.4328933656215668,1
0.4693447947502136,1
0.48856356739997864,1
0.4364357888698578,1
0.5003247261047363,1
0.4577851891517639,1
0.438309907913208,1
0.4240197539329529,1
0.4591883718967438,1
0.4014163613319397,1
0.4629198908805847,1
0.5068055987358093,1
0.4066765308380127,1
0.45756661891937256,1
0.3566381335258484,1
0.5099530220031738,1
0.39378705620765686,1
0.36415350437164307,1
0.40714073181152344,1
0.4386866092681885,1
0.45549529790878296,1
0.4071969985961914,1
0.3201169967651367,1
0.43985915184020996,1
0.4358379542827606,1
0.4546748697757721,1
0.47015178203582764,1
0.5114400386810303,1
0.49971672892570496,1
0.5097664594650269,1
0.4569969177246094,1
0.46350178122520447,1
0.5184733867645264,1
0.45404839515686035,1
0.49913448095321655,1
0.4692915081977844,1
0.48337626457214355,1
0.45395711064338684,1
0.3867163062095642,1
0.33957841992378235,1
0.5211974382400513,1
0.46907490491867065,1
0.3430013656616211,1
0.45063698291778564,1
0.39173609018325806,1
0.418663889169693,1
0.4874950647354126,1
0.4353429079055786,1
0.4611625373363495,1
0.43212854862213135,1
0.43555647134780884,1
0.3811001181602478,1
0.33121994137763977,1
0.37679794430732727,1
0.38948893547058105,1
0.3821331858634949,1
0.4058123230934143,1
0.3676818907260895,1
0.35279160737991333,1
0.32252582907676697,1
0.3951183557510376,1
0.48163479566574097,1
0.28685861825942993,1
0.36917799711227417,1
0.5531842708587646,1
0.33699458837509155,1
0.4230920672416687,1
0.3489350378513336,1
0.3916592299938202,1
0.4774910509586334,1
0.4113951623439789,1
0.3856242895126343,1
0.48858124017715454,1
0.3126852810382843,1
0.40389421582221985,1
0.456455796957016,1
0.4247349798679352,1
0.36322155594825745,1
0.5581215023994446,1
0.4213868975639343,1
0.42925405502319336,1
0.5338749289512634,1
0.4806165099143982,1
0.37472429871559143,1
0.469508558511734,1
0.41974344849586487,1
0.3408304452896118,1
0.4613710641860962,1
0.43151888251304626,1
0.4639842212200165,1
0.4210272431373596,1
0.39978134632110596,1
0.3909246027469635,1
0.4629073143005371,1
0.3089868128299713,1
0.36285388469696045,1
0.4702981412410736,1
0.3970450758934021,1
0.3816840648651123,1
0.34254205226898193,1
0.3378491997718811,1
0.3858709931373596,1
0.3754625916481018,1
0.35938239097595215,1
0.38192275166511536,1
0.3909148871898651,1
0.2867656350135803,1
0.35754188895225525,1
0.3035828769207001,1
0.33418887853622437,1
0.3120638132095337,1
0.4490622878074646,1
0.4730525612831116,1
0.40854665637016296,1
0.5282714366912842,1
0.39803409576416016,1
0.31254124641418457,1
0.33968648314476013,1
0.4440978765487671,1
0.4198395609855652,1
0.40950635075569153,1
0.3785768747329712,1
0.33430376648902893,1
0.41210728883743286,1
0.3313983082771301,1
0.4229821562767029,1
0.5609509944915771,1
0.4436042904853821,1
0.5110324621200562,1
0.34212997555732727,1
0.3977307081222534,1
0.40656453371047974,1
0.34952512383461,1
0.43933141231536865,1
0.379411906003952,1
0.39682984352111816,1
0.4400089979171753,1
0.33725929260253906,1
0.3987712264060974,1
0.4894305467605591,1
0.3974153697490692,1
0.356904000043869,1
0.41908666491508484,1
0.33612772822380066,1
0.3938446342945099,1
0.46432575583457947,1
0.3576822876930237,1
0.37101542949676514,1
0.4694235622882843,1
0.36954987049102783,1
0.4019888937473297,1
0.4000895321369171,1
0.5294874906539917,1
0.4304613471031189,1
0.44138190150260925,1
0.32871103286743164,1
0.5711196064949036,1
0.42427587509155273,1
0.3834254741668701,1
0.3364039659500122,1
0.4196450412273407,1
0.37115949392318726,1
0.5184352397918701,1
0.40030771493911743,1
0.38090163469314575,1
0.4281689524650574,1
0.4723462164402008,1
0.4897884130477905,1
0.41972115635871887,1
0.4098168909549713,1
0.29969221353530884,1
0.4777160882949829,1
0.35650089383125305,1
0.5399069786071777,1
0.5024183988571167,1
0.3809610605239868,1
0.4008013904094696,1
0.4943901300430298,1
0.37583714723587036,1
0.5792986154556274,1
0.425428181886673,1
0.3998192846775055,1
0.3928442597389221,1
0.3284819424152374,1
0.4240955412387848,1
0.42136916518211365,1
0.5457496643066406,1
0.4688858985900879,1
0.4731297791004181,1
0.4916398823261261,1
0.42678672075271606,1
0.36692026257514954,1
0.4033053517341614,1
0.41815072298049927,1
0.379510760307312,1
0.495447039604187,1
0.40792906284332275,1
0.5333108901977539,1
0.46525654196739197,1
0.5101443529129028,1
0.3095453381538391,1
0.2840609848499298,1
0.4452524781227112,1
0.3473535478115082,1
0.3763442933559418,1
0.5488040447235107,1
0.4630228281021118,1
0.42814144492149353,1
0.44332537055015564,1
0.42721810936927795,1
0.40897420048713684,1
0.39625027775764465,1
0.3644513487815857,1
0.47013553977012634,1
0.47428691387176514,1
0.4165624976158142,1
0.35489189624786377,1
0.43675142526626587,1
0.4269214868545532,1
0.37347930669784546,1
0.4515836536884308,1
0.4247889518737793,1
0.4719396233558655,1
0.37803491950035095,1
0.4823588728904724,1
0.4027484655380249,1
0.4742712676525116,1
0.5031885504722595,1
0.37748008966445923,1
0.4050326943397522,1
0.3918243944644928,1
0.34670490026474,1
0.41491585969924927,1
0.4746764600276947,1
0.3802756071090698,1
0.4125817120075226,1
0.37609076499938965,1
0.5022299289703369,1
0.43005967140197754,1
0.4678300619125366,1
0.47974103689193726,1
0.43242785334587097,1
0.5590904951095581,1
0.4671569764614105,1
0.5325673818588257,1
0.5152636170387268,1
0.445640504360199,1
0.42821642756462097,1
0.472419798374176,1
0.40637660026550293,1
0.44226354360580444,1
0.4295652508735657,1
0.33311012387275696,1
0.4447108507156372,1
0.35235506296157837,1
0.48509353399276733,1
0.40451592206954956,1
0.43935835361480713,1
0.37970811128616333,1
0.4742119610309601,1
0.39438551664352417,1
0.4586305022239685,1
0.3650600016117096,1
0.3867826461791992,1
0.4520931839942932,1
0.39425379037857056,1
0.41160616278648376,1
0.5568397045135498,1
0.484707236289978,1
0.3840632438659668,1
0.42720162868499756,1
0.3275766372680664,1
0.492364764213562,1
0.42736804485321045,1
0.4034132659435272,1
0.36661654710769653,1
0.45026230812072754,1
0.3908710479736328,1
0.3672172427177429,1
0.45549601316452026,1
0.3279588520526886,1
0.3848932385444641,1
0.4166205823421478,1
0.3360138535499573,1
0.43534794449806213,1
0.4464516043663025,1
0.344049870967865,1
0.4830095171928406,1
0.37437915802001953,1
0.4234873652458191,1
0.43132397532463074,1
0.4287499785423279,1
0.44463497400283813,1
0.5460258722305298,1
0.37324556708335876,1
0.3750331699848175,1
0.3919987380504608,1
0.40287965536117554,1
0.4631000757217407,1
0.4975590705871582,1
0.503416121006012,1
0.41084492206573486,1
0.4443552494049072,1
0.46028220653533936,1
0.5255849361419678,1
0.33770614862442017,1
0.4715312421321869,1
0.4808698892593384,1
0.41096004843711853,1
0.4200323820114136,1
0.4378848373889923,1
0.418112576007843,1
0.29088109731674194,1
0.3975295424461365,1
0.46985098719596863,1
0.39482179284095764,1
0.4100043475627899,1
0.3902500867843628,1
0.44574299454689026,1
0.43219590187072754,1
0.4177873134613037,1
0.48634612560272217,1
0.3884647488594055,1
0.4314745366573334,1
0.46248242259025574,1
0.4922794997692108,1
0.30966758728027344,1
0.3377987742424011,1
0.5319766998291016,1
0.34784993529319763,1
0.3479624092578888,1
0.40046313405036926,1
0.4403573274612427,1
0.4532039165496826,1
0.4790281653404236,1
0.4449010491371155,1
0.3740471303462982,1
0.4363848865032196,1
0.3300371766090393,1
0.4493160843849182,1
0.38767164945602417,1
0.34583932161331177,1
0.3645654022693634,1
0.42752012610435486,1
0.34433218836784363,1
0.3922266364097595,1
0.32592105865478516,1
0.4958464503288269,1
0.43626609444618225,1
0.4157755374908447,1
0.45846986770629883,1
0.33427920937538147,1
0.4602593183517456,1
0.4123421311378479,1
0.4215582013130188,1
0.37580758333206177,1
0.413375586271286,1
0.5620253086090088,1
0.4050583839416504,1
0.3752518594264984,1
0.3676765561103821,1
0.34185272455215454,1
0.49957162141799927,1
0.4781206548213959,1
0.4997673034667969,1
0.5057181715965271,1
0.5188445448875427,1
0.4369582235813141,1
0.44543537497520447,1
0.3436662554740906,1
0.4991374909877777,1
0.3398056924343109,1
0.4167245924472809,1
0.40182992815971375,1
0.4986046254634857,1
0.3900195360183716,1
0.48450738191604614,1
0.38104626536369324,1
0.3941541910171509,1
0.2952008843421936,1
0.42187684774398804,1
0.44312748312950134,1
0.3825654089450836,1
0.43247848749160767,1
0.39424335956573486,1
0.5258343815803528,1
0.33768346905708313,1
0.4514695703983307,1
0.357478529214859,1
0.4008029103279114,1
0.43247541785240173,1
0.43272215127944946,1
0.41382500529289246,1
0.5047392845153809,1
0.4055684804916382,1
0.451554536819458,1
0.5046964883804321,1
0.45697319507598877,1
0.4193201959133148,1
0.38041096925735474,1
0.36746954917907715,1
0.4736316502094269,1
0.49265211820602417,1
0.4808391034603119,1
0.4233284592628479,1
0.5054688453674316,1
0.3899551033973694,1
0.456903874874115,1
0.31776005029678345,1
0.42010393738746643,1
0.4845254123210907,1
0.3183390200138092,1
0.35369032621383667,1
0.4829767346382141,1
0.40399911999702454,1
0.4374379515647888,1
0.42180904746055603,1
0.3827211558818817,1
0.41006696224212646,1
0.5026329755783081,1
0.43375253677368164,1
0.37545180320739746,1
0.43455830216407776,1
0.43071410059928894,1
0.3408568203449249,1
0.44155260920524597,1
0.5092028379440308,1
0.3675110340118408,1
0.4329392910003662,1
0.3757641017436981,1
0.43485188484191895,1
0.43664297461509705,1
0.41540592908859253,1
0.4766613841056824,1
0.49637529253959656,1
0.32979440689086914,1
0.44684693217277527,1
0.38326501846313477,1
0.409282386302948,1
0.44162243604660034,1
0.4262274503707886,1
0.32726359367370605,1
0.37538763880729675,1
0.46498504281044006,1
0.39025765657424927,1
0.38669687509536743,1
0.38753411173820496,1
0.4068482518196106,1
0.37827134132385254,1
0.40871381759643555,1
0.43771907687187195,1
0.3867483139038086,1
0.508417546749115,1
0.410528302192688,1
0.4844832718372345,1
0.5344523787498474,1
0.472439169883728,1
0.49198541045188904,1
0.4853484332561493,1
0.417377233505249,1
0.4147125482559204,1
0.3704068064689636,1
0.42824599146842957,1
0.39032381772994995,1
0.38494056463241577,1
0.36976954340934753,1
0.4514907896518707,1
0.39540258049964905,1
0.3612314462661743,1
0.47698891162872314,1
0.29620474576950073,1
0.4448012411594391,1
0.3562990427017212,1
0.3393166959285736,1
0.5743694305419922,1
0.39697182178497314,1
0.39790087938308716,1
0.4871980547904968,1
0.5162671804428101,1
0.3185417056083679,1
0.41320139169692993,1
0.43287280201911926,1
0.4775381088256836,1
0.3669080138206482,1
0.3809901773929596,1
0.4126182794570923,1
0.2952403426170349,1
0.3985168933868408,1
0.3248901963233948,1
0.3950965404510498,1
0.38362443447113037,1
0.3943549692630768,1
0.37072309851646423,1
0.36037808656692505,1
0.4968465566635132,1
0.4162801504135132,1
0.46402832865715027,1
0.42325273156166077,1
0.3525793254375458,1
0.4723738431930542,1
0.44790464639663696,1
0.40280622243881226,1
0.48013585805892944,1
0.42643052339553833,1
0.35602718591690063,1
0.2842964828014374,1
0.4008387625217438,1
0.49545228481292725,1
0.3467017412185669,1
0.41017815470695496,1
0.5319408774375916,1
0.5778776407241821,1
0.40736767649650574,1
0.3564249277114868,1
0.33961743116378784,1
0.3858485221862793,1
0.403644323348999,1
0.4272127151489258,1
0.4336912930011749,1
0.4041861593723297,1
0.3396792709827423,1
0.44874560832977295,1
0.46086087822914124,1
0.3906870484352112,1
0.3559533357620239,1
0.375514954328537,1
0.3646693825721741,1
0.4221931993961334,1
0.4242013692855835,1
0.37848326563835144,1
0.4109995365142822,1
0.41734007000923157,1
0.4330780506134033,1
0.42730554938316345,1
0.34485185146331787,1
0.3356103301048279,1
0.38389480113983154,1
0.3077179789543152,1
0.3645969033241272,1
0.4258531332015991,1
0.522024929523468,1
0.5142579078674316,1
0.4472337067127228,1
0.4931309223175049,1
0.3969429135322571,1
0.4868662357330322,1
0.3058822751045227,1
0.29109883308410645,1
0.5598016977310181,1
0.4759407937526703,1
0.3984890580177307,1
0.3934275209903717,1
0.4557894468307495,1
0.4513826072216034,1
0.3557179570198059,1
0.48772287368774414,1
0.5045332312583923,1
0.5450368523597717,1
0.44244685769081116,1
0.5388457179069519,1
0.4192546010017395,1
0.5223665833473206,1
0.481564998626709,1
0.33445098996162415,1
0.3655826151371002,1
0.43330109119415283,1
0.49950915575027466,1
0.4008520841598511,1
0.3657662272453308,1
0.4518865942955017,1
0.3049817979335785,1
0.4377047121524811,1
0.36088332533836365,1
0.3407905697822571,1
0.46001332998275757,1
0.48745155334472656,1
0.45193052291870117,1
0.4634132981300354,1
0.5029263496398926,1
0.348520964384079,1
0.40088510513305664,1
0.5241178274154663,1
0.35216420888900757,1
0.4868985712528229,1
0.4417884349822998,1
0.48223578929901123,1
0.2939436435699463,1
0.5093285441398621,1
0.43930840492248535,1
0.4780067801475525,1
0.4357285499572754,1
0.4332216680049896,1
0.48285770416259766,1
0.3919880986213684,1
0.4413812458515167,1
0.5013236403465271,1
0.3116391599178314,1
0.3493150770664215,1
0.4804205596446991,1
0.363818883895874,1
0.4816054403781891,1
0.38409489393234253,1
0.5188218951225281,1
0.3660409152507782,1
0.4165344536304474,1
0.537755012512207,1
0.6552943587303162,1
0.36124753952026367,1
0.4619438350200653,1
0.40865540504455566,1
0.37368398904800415,1
0.3876558542251587,1
0.45920687913894653,1
0.41665539145469666,1
0.3928643465042114,1
0.4251701533794403,1
0.4714336693286896,1
0.5062116384506226,1
0.4724545478820801,1
0.3527991771697998,1
0.4675544202327728,1
0.3811916708946228,1
0.43778976798057556,1
0.38693767786026,1
0.4066261649131775,1
0.3868454098701477,1
0.42057961225509644,1
0.4547601044178009,1
0.4343891143798828,1
0.36580169200897217,1
0.4506988227367401,1
0.4845310151576996,1
0.5014746189117432,1
0.3836658000946045,1
0.47182369232177734,1
0.38806048035621643,1
0.4262702167034149,1
0.392098069190979,1
0.48794373869895935,1
0.33659863471984863,1
0.4706465005874634,1
0.3873085081577301,1
0.3447366952896118,1
0.5434991717338562,1
0.5040739178657532,1
0.3947097063064575,1
0.5305898785591125,1
0.3766785264015198,1
0.43862760066986084,1
0.44095543026924133,1
0.4284239113330841,1
0.3774758577346802,1
0.45129525661468506,1
0.48956990242004395,1
0.3552652895450592,1
0.4565598964691162,1
0.38546639680862427,1
0.4771212935447693,1
0.4732443392276764,1
0.5160237550735474,1
0.3620733916759491,1
0.4706771969795227,1
0.3973643183708191,1
0.43768101930618286,1
0.35399848222732544,1
0.42645856738090515,1
0.44211146235466003,1
0.37036406993865967,1
0.5016900897026062,1
0.3988838195800781,1
0.3449628949165344,1
0.5106568336486816,1
0.45521456003189087,1
0.5631347894668579,1
0.32170629501342773,1
0.3399701714515686,1
0.46358567476272583,1
0.43471279740333557,1
0.5097646117210388,1
0.427664577960968,1
0.41627904772758484,1
0.4699055254459381,1
0.4296194911003113,1
0.4694063663482666,1
0.4084133505821228,1
0.5313622951507568,1
0.5327260494232178,1
0.38049614429473877,1
0.5231794118881226,1
0.39002251625061035,1
0.49195313453674316,1
0.3913038969039917,1
0.3401917815208435,1
0.5228962898254395,1
0.39484450221061707,1
0.34273725748062134,1
0.36676517128944397,1
0.3821563124656677,1
0.4411841630935669,1
0.4255780577659607,1
0.5023058652877808,1
0.3566662669181824,1
0.3600425720214844,1
0.3412327468395233,1
0.3900076150894165,1
0.4424600899219513,1
0.4580029249191284,1
0.4087945818901062,1
0.38705873489379883,1
0.5390583276748657,1
0.3393409550189972,1
0.4193679392337799,1
0.52663254737854,1
0.30765748023986816,1
0.426215797662735,1
0.41386497020721436,1
0.3694174885749817,1
0.3921634554862976,1
0.4124132990837097,1
0.37616321444511414,1
0.3491426706314087,1
0.3842458128929138,1
0.3495757281780243,1
0.4863629937171936,1
0.41820359230041504,1
0.4916822910308838,1
0.49462977051734924,1
0.33899742364883423,1
0.4275144636631012,1
0.43109822273254395,1
0.42861756682395935,1
0.5233259201049805,1
0.40307682752609253,1
0.3763471841812134,1
0.3012996017932892,1
0.385235071182251,1
0.4433481693267822,1
0.49157363176345825,1
0.5595605373382568,1
0.4060148000717163,1
0.4570007622241974,1
0.4182072877883911,1
0.38767576217651367,1
0.35914427042007446,1
0.42304205894470215,1
0.4710649251937866,1
0.3133680820465088,1
0.30140119791030884,1
0.3785889446735382,1
0.46146106719970703,1
0.3746943175792694,1
0.38102972507476807,1
0.4603497385978699,1
0.5254828333854675,1
0.37631332874298096,1
0.3128148913383484,1
0.45006024837493896,1
0.30974826216697693,1
0.4215835928916931,1
0.4888526201248169,1
0.43814194202423096,1
0.3254316449165344,1
0.46341848373413086,1
0.39306893944740295,1
0.3598405718803406,1
0.4348906874656677,1
0.45197829604148865,1
0.36251580715179443,1
0.48917490243911743,1
0.48923274874687195,1
0.3476029336452484,1
0.45648807287216187,1
0.45012331008911133,1
0.4554234743118286,1
0.44272381067276,1
0.3051844537258148,1
0.3213542103767395,1
0.45693784952163696,1
0.47461286187171936,1
0.4198583960533142,1
0.5479053258895874,1
0.33338692784309387,1
0.4078699052333832,1
0.3795490562915802,1
0.44198131561279297,1
0.3992147743701935,1
0.3869676887989044,1
0.3449724316596985,1
0.37680259346961975,1
0.43257153034210205,1
0.36283159255981445,1
0.30501416325569153,1
0.3905644416809082,1
0.32393357157707214,1
0.3437107801437378,1
0.3815573751926422,1
0.3840970993041992,1
0.42279598116874695,1
0.37838757038116455,1
0.4486861228942871,1
0.406513512134552,1
0.6946476101875305,1
0.40395593643188477,1
0.35120606422424316,1
0.35955435037612915,1
0.40882495045661926,1
0.39629819989204407,1
0.47355425357818604,1
0.5254656076431274,1
0.5644344687461853,1
0.3902358412742615,1
0.4365687072277069,1
0.37154608964920044,1
0.44541606307029724,1
0.49280881881713867,1
0.5138459205627441,1
0.3635411858558655,1
0.463163822889328,1
0.459549218416214,1
0.40664854645729065,1
0.3927619159221649,1
0.44623446464538574,1
0.33213233947753906,1
0.41419342160224915,1
0.4998488426208496,1
0.4744062125682831,1
0.5023675560951233,1
0.42454615235328674,1
0.4593546390533447,1
0.395231693983078,1
0.43970078229904175,1
0.4848443269729614,1
0.43437471985816956,1
0.42290961742401123,1
0.41179531812667847,1
0.5100319385528564,1
0.31626516580581665,1
0.47226887941360474,1
0.3646929860115051,1
0.43257105350494385,1
0.38959479331970215,1
0.5094881057739258,1
0.43413251638412476,1
0.4822607636451721,1
0.40262332558631897,1
0.4459908902645111,1
0.5294058918952942,1
0.3736761212348938,1
0.3862314224243164,1
0.4669164717197418,1
0.45385536551475525,1
0.37664592266082764,1
0.4364223778247833,1
0.4099040925502777,1
0.44978952407836914,1
0.4198974668979645,1
0.47309383749961853,1
0.45199212431907654,1
0.4251105487346649,1
0.33821576833724976,1
0.4680246114730835,1
0.6621571779251099,1
0.3343328833580017,1
0.4994894862174988,1
0.5037200450897217,1
0.44191139936447144,1
0.44694310426712036,1
0.4391099810600281,1
0.4968494176864624,1
0.5979138016700745,1
0.4887012541294098,1
0.40241682529449463,1
0.3795464038848877,1
0.4137169122695923,1
0.45161640644073486,1
0.4970848262310028,1
0.45300549268722534,1
0.43948888778686523,1
0.4070274233818054,1
0.4044892191886902,1
0.4614786207675934,1
0.3668367266654968,1
0.35695162415504456,1
0.34802040457725525,1
0.4008704125881195,1
0.4248676002025604,1
0.3673264682292938,1
0.4693475663661957,1
0.40312695503234863,1
0.3850696086883545,1
0.4487532377243042,1
0.409586101770401,1
0.4323149025440216,1
0.4353649616241455,1
0.44301244616508484,1
0.4954398274421692,1
0.38348788022994995,1
0.4768202006816864,1
0.4056825041770935,1
0.3687328100204468,1
0.37266743183135986,1
0.41063204407691956,1
0.45055145025253296,1
0.42832809686660767,1
0.3625657260417938,1
0.36458125710487366,1
0.38475340604782104,1
0.48599475622177124,1
0.4985894560813904,1
0.43572860956192017,1
0.4085594117641449,1
0.4312233328819275,1
0.5180697441101074,1
0.40201807022094727,1
0.4665610194206238,1
0.4119910001754761,1
0.39426910877227783,1
0.35094118118286133,1
0.3905791640281677,1
0.38554900884628296,1
0.4149545431137085,1
0.34160298109054565,1
0.3454738259315491,1
0.3225935697555542,1
0.3474248945713043,1
0.4549015760421753,1
0.3984561562538147,1
0.4920080304145813,1
0.4348509609699249,1
0.3396347761154175,1
0.5352311134338379,1
0.3462705612182617,1
0.43333572149276733,1
0.4763329029083252,1
0.3075926601886749,1
0.548072874546051,1
0.43161875009536743,1
0.408221960067749,1
0.3815910816192627,1
0.41254380345344543,1
0.4111804962158203,1
0.42673754692077637,1
0.4985140860080719,1
0.3685672879219055,1
0.38665854930877686,1
0.427185982465744,1
0.489077627658844,1
0.4540824890136719,1
0.3825186491012573,1
0.4156653881072998,1
0.3651202619075775,1
0.5453086495399475,1
0.5234445929527283,1
0.3387746810913086,1
0.5152276754379272,1
0.48992007970809937,1
0.4346599578857422,1
0.44747811555862427,1
0.4466412663459778,1
0.37123310565948486,1
0.35750532150268555,1
0.5058189630508423,1
0.3729402720928192,1
0.3893868327140808,1
0.390677273273468,1
0.4445647895336151,1
0.47319650650024414,1
0.39488685131073,1
0.5003355741500854,1
0.3853321075439453,1
0.5930020213127136,1
0.47398900985717773,1
0.37396520376205444,1
0.3969622850418091,1
0.41372978687286377,1
0.31946247816085815,1
0.36874470114707947,1
0.42708122730255127,1
0.3561554551124573,1
0.4259086549282074,1
0.5020955204963684,1
0.48453289270401,1
0.4965437948703766,1
0.3038522005081177,1
0.47031810879707336,1
0.33382242918014526,1
0.33332037925720215,1
0.4184369146823883,1
0.3914286494255066,1
0.45015352964401245,1
0.4069872498512268,1
0.6677063703536987,1
0.300272136926651,1
0.3854576349258423,1
0.31868037581443787,1
0.4785577058792114,1
0.4545614719390869,1
0.3966793417930603,1
0.5066292881965637,1
0.4301886558532715,1
0.37838560342788696,1
0.38516077399253845,1
0.3893791139125824,1
0.45316559076309204,1
0.3703201413154602,1
0.42989271879196167,1
0.4903324246406555,1
0.47689828276634216,1
0.43206530809402466,1
0.5069402456283569,1
0.4833267331123352,1
0.389778196811676,1
0.3519514203071594,1
0.523086428642273,1
0.4252561926841736,1
0.38715654611587524,1
0.46560782194137573,1
0.408977746963501,1
0.38260746002197266,1
0.40285658836364746,1
0.562809944152832,1
0.39255186915397644,1
0.3158177137374878,1
0.45374539494514465,1
0.33999544382095337,1
0.38370174169540405,1
0.4002894461154938,1
0.3534068167209625,1
0.4899023771286011,1
0.3951512575149536,1
0.36676907539367676,1
0.3720126748085022,1
0.32092350721359253,1
0.4897262752056122,1
0.4203944802284241,1
0.42686212062835693,1
0.3548773527145386,1
0.4188707172870636,1
0.35279732942581177,1
0.3772222101688385,1
0.4995931088924408,1
0.4121420979499817,1
0.3573414981365204,1
0.4336194097995758,1
0.42417991161346436,1
0.4446035325527191,1
0.4775213599205017,1
0.4686107039451599,1
0.4019169211387634,1
0.45468494296073914,1
0.3349773585796356,1
0.378298282623291,1
0.4139622747898102,1
0.3699944019317627,1
0.4651258885860443,1
0.4600549638271332,1
0.3539954423904419,1
0.38746657967567444,1
0.2742975950241089,1
0.42595118284225464,1
0.3175768256187439,1
0.3296119272708893,1
0.3457971215248108,1
0.40806448459625244,1
0.36446690559387207,1
0.5072851181030273,1
0.38463926315307617,1
0.4967396557331085,1
0.3641459345817566,1
0.40225648880004883,1
0.5217512845993042,1
0.4194211959838867,1
0.3332739770412445,1
0.43288081884384155,1
0.35768550634384155,1
0.4205915331840515,1
0.44906044006347656,1
0.4575292766094208,1
0.48599231243133545,1
0.364154577255249,1
0.48753052949905396,1
0.3996362090110779,1
0.5261082053184509,1
0.5130625367164612,1
0.34630030393600464,1
0.38293468952178955,1
0.49663805961608887,1
0.3847780227661133,1
0.44193315505981445,1
0.5192134976387024,1
0.40018796920776367,1
0.3483681082725525,1
0.4228898584842682,1
0.4393312931060791,1
0.40191084146499634,1
0.4368284344673157,1
0.40431755781173706,1
0.3799944221973419,1
0.3991686701774597,1
0.4220632314682007,1
0.3727432191371918,1
0.4599340558052063,1
0.48497599363327026,1
0.3952067792415619,1
0.4864746630191803,1
0.42307019233703613,1
0.4064968228340149,1
0.4428466558456421,1
0.5149734616279602,1
0.3623020052909851,1
0.347057580947876,1
0.4418405294418335,1
0.3527945280075073,1
0.3970263600349426,1
0.39681535959243774,1
0.45064836740493774,1
0.4199890196323395,1
0.4544181823730469,1
0.4698013663291931,1
0.40519028902053833,1
0.3340173363685608,1
0.43584513664245605,1
0.4019485414028168,1
0.30793556571006775,1
0.5474299788475037,1
0.44218188524246216,1
0.49655115604400635,1
0.32297205924987793,1
0.4532129466533661,1
0.490276962518692,1
0.34911680221557617,1
0.3462413549423218,1
0.4327890872955322,1
0.4938608407974243,1
0.409671425819397,1
0.41463738679885864,1
0.39012017846107483,1
0.534465491771698,1
0.35368895530700684,1
0.3976851999759674,1
0.4229809045791626,1
0.42042991518974304,1
0.43960633873939514,1
0.4053652584552765,1
0.4278411269187927,1
0.4455163776874542,1
0.3675878643989563,1
0.4453653395175934,1
0.4209233820438385,1
0.4635603725910187,1
0.3300165832042694,1
0.3228572905063629,1
0.4798348546028137,1
0.3724372982978821,1
0.4252600371837616,1
0.4459340572357178,1
0.4262540936470032,1
0.3857572674751282,1
0.47874078154563904,1
0.44701069593429565,1
0.41538354754447937,1
0.44310635328292847,1
0.4190904498100281,1
0.3960370719432831,1
0.4076312780380249,1
0.5581472516059875,1
0.39399778842926025,1
0.46693894267082214,1
0.4343627095222473,1
0.4033266305923462,1
0.4730379581451416,1
0.4696347117424011,1
0.42217740416526794,1
0.45061299204826355,1
0.3818078637123108,1
0.2941172122955322,1
0.5260534286499023,1
0.47719573974609375,1
0.4473489224910736,1
0.4425118565559387,1
0.37293124198913574,1
0.45972707867622375,1
0.37199336290359497,1
0.4839605689048767,1
0.3641073703765869,1
0.3474552631378174,1
0.38983654975891113,1
0.3180708885192871,1
0.42839401960372925,1
0.5582587122917175,1
0.34513208270072937,1
0.43243274092674255,1
0.38847261667251587,1
0.4561620056629181,1
0.38815006613731384,1
0.3935520648956299,1
0.5164200067520142,1
0.38518550992012024,1
0.5019267797470093,1
0.36380016803741455,1
0.44735461473464966,1
0.3169775903224945,1
0.46443355083465576,1
0.42012646794319153,1
0.4466995596885681,1
0.5622009038925171,1
0.45966142416000366,1
0.43745341897010803,1
0.48478618264198303,1
0.3695189952850342,1
0.4739775061607361,1
0.4636545181274414,1
0.4935973286628723,1
0.3570646345615387,1
0.4134536385536194,1
0.43461039662361145,1
0.3265681862831116,1
0.4735512137413025,1
0.2966582775115967,1
0.42727231979370117,1
0.5462895035743713,1
0.4554513692855835,1
0.5186079740524292,1
0.38176682591438293,1
0.3521568775177002,1
0.4932473301887512,1
0.3705880343914032,1
0.3848907947540283,1
0.4047531485557556,1
0.46791601181030273,1
0.29226675629615784,1
0.3865596652030945,1
0.4344620108604431,1
0.5144824981689453,1
0.3478991389274597,1
0.39835792779922485,1
0.39726829528808594,1
0.5500668287277222,1
0.45503199100494385,1
0.332745224237442,1
0.3374265730381012,1
0.5935403108596802,1
0.4947473108768463,1
0.4274352490901947,1
0.4590722322463989,1
0.5112465023994446,1
0.3123297691345215,1
0.48256269097328186,1
0.3974314033985138,1
0.35368043184280396,1
0.3916296064853668,1
0.37177079916000366,1
0.40851524472236633,1
0.46204596757888794,1
0.5390695929527283,1
0.45275649428367615,1
0.43427008390426636,1
0.4329923987388611,1
0.4406965970993042,1
0.40348827838897705,1
0.4066625237464905,1
0.31875038146972656,1
0.42522555589675903,1
0.41484883427619934,1
0.3088327646255493,1
0.483226478099823,1
0.3383040428161621,1
0.43184441328048706,1
0.34991776943206787,1
0.4407767057418823,1
0.4297735393047333,1
0.4995045065879822,1
0.35760825872421265,1
0.5280268788337708,1
0.5141152143478394,1
0.3571697771549225,1
0.42033490538597107,1
0.4601069986820221,1
0.34287136793136597,1
0.38989007472991943,1
0.4224453866481781,1
0.5371987819671631,1
0.3805176317691803,1
0.4676862359046936,1
0.38260266184806824,1
0.4481576979160309,1
0.4153520166873932,1
0.40291500091552734,1
0.5016149282455444,1
0.36932578682899475,1
0.40163010358810425,1
0.4717293679714203,1
0.4255804419517517,1
0.39643144607543945,1
0.4794022738933563,1
0.3986762464046478,1
0.5579053163528442,1
0.3571358323097229,1
0.3266517221927643,1
0.3571030795574188,1
0.3774698078632355,1
0.4334675371646881,1
0.3652726709842682,1
0.33671239018440247,1
0.33132869005203247,1
0.35740897059440613,1
0.382011353969574,1
0.42285841703414917,1
0.42268264293670654,1
0.5176161527633667,1
0.43975576758384705,1
0.35169917345046997,1
0.3369885981082916,1
0.38949018716812134,1
0.4531703293323517,1
0.5013599395751953,1
0.3882642388343811,1
0.37403079867362976,1
0.3838861882686615,1
0.4151008725166321,1
0.41618600487709045,1
0.4162973165512085,1
0.36712366342544556,1
0.5167906284332275,1
0.42430993914604187,1
0.4816475510597229,1
0.4492475688457489,1
0.47523483633995056,1
0.43284422159194946,1
0.38131293654441833,1
0.34120404720306396,1
0.38408344984054565,1
0.3067917823791504,1
0.3154856562614441,1
0.3331843912601471,1
0.38761088252067566,1
0.4314742088317871,1
0.4441891610622406,1
0.425558865070343,1
0.5287508964538574,1
0.4873688519001007,1
0.4526139497756958,1
0.4271233081817627,1
0.405453622341156,1
0.4853055477142334,1
0.35583817958831787,1
0.3514590859413147,1
0.4715087413787842,1
0.3955049514770508,1
0.3638087511062622,1
0.4871138036251068,1
0.4899161756038666,1
0.4570281505584717,1
0.44991713762283325,1
0.3850853741168976,1
0.33928167819976807,1
0.4563899338245392,1
0.34920528531074524,1
0.42496323585510254,1
0.4325220584869385,1
0.5149297118186951,1
0.4091595411300659,1
0.43081462383270264,1
0.47375547885894775,1
0.44120967388153076,1
0.4022601544857025,1
0.6598145961761475,1
0.46153125166893005,1
0.40382128953933716,1
0.35152530670166016,1
0.4015180170536041,1
0.4643072187900543,1
0.3990074396133423,1
0.42865246534347534,1
0.46223118901252747,1
0.4702788293361664,1
0.44319504499435425,1
0.39571475982666016,1
0.4761522710323334,1
0.4301806092262268,1
0.5075088143348694,1
0.4391315281391144,1
0.40478476881980896,1
0.4456624686717987,1
0.4384334087371826,1
0.4405380189418793,1
0.44685184955596924,1
0.4161701798439026,1
0.39936238527297974,1
0.373479962348938,1
0.4075966477394104,1
0.4182312786579132,1
0.2932071089744568,1
0.43339696526527405,1
0.3857608735561371,1
0.39083579182624817,1
0.3910040259361267,1
0.3659628629684448,1
0.47623157501220703,1
0.4548904299736023,1
0.3437425196170807,1
0.47894054651260376,1
0.45891836285591125,1
0.4442325234413147,1
0.3549882769584656,1
0.4874890446662903,1
0.3913872241973877,1
0.2663452923297882,1
0.3892582654953003,1
0.34747159481048584,1
0.4012783467769623,1
0.4485352039337158,1
0.43112003803253174,1
0.48577243089675903,1
0.49535468220710754,1
0.33143940567970276,1
0.5567458868026733,1
0.4484903812408447,1
0.3924589157104492,1
0.4502400755882263,1
0.4728569984436035,1
0.5116484761238098,1
0.4956033229827881,1
0.3586607277393341,1
0.41080743074417114,1
0.32976704835891724,1
0.3645004630088806,1
0.5319047570228577,1
0.4230671525001526,1
0.3881925642490387,1
0.5447613000869751,1
0.4596427381038666,1
0.39891719818115234,1
0.5054327845573425,1
0.41065552830696106,1
0.43089205026626587,1
0.442183256149292,1
0.5127865672111511,1
0.5185558199882507,1
0.3950376510620117,1
0.45751750469207764,1
0.3774106204509735,1
0.4849701225757599,1
0.4856713116168976,1
0.4364834427833557,1
0.3836599886417389,1
0.3232575058937073,1
0.4046054780483246,1
0.44763684272766113,1
0.39386695623397827,1
0.41364312171936035,1
0.4659254848957062,1
0.36944884061813354,1
0.41219308972358704,1
0.40526270866394043,1
0.4237673878669739,1
0.46889644861221313,1
0.49651217460632324,1
0.4244425296783447,1
0.446805477142334,1
0.3839571177959442,1
0.3927965760231018,1
0.42623862624168396,1
0.4137687385082245,1
0.4073255658149719,1
0.3861333727836609,1
0.4403373599052429,1
0.35950666666030884,1
0.4759264588356018,1
0.4062035083770752,1
0.36177510023117065,1
0.39517223834991455,1
0.38360050320625305,1
0.41297024488449097,1
0.4693307876586914,1
0.31164175271987915,1
0.402363657951355,1
0.381394624710083,1
0.49391117691993713,1
0.4383280277252197,1
0.3462807536125183,1
0.4682067632675171,1
0.39532214403152466,1
0.40586912631988525,1
0.3933946192264557,1
0.4083862006664276,1
0.40541309118270874,1
0.4576588571071625,1
0.38712650537490845,1
0.4288700520992279,1
0.4539974629878998,1
0.2791457772254944,1
0.3255394399166107,1
0.3270070552825928,1
0.4344000816345215,1
0.405055433511734,1
0.4012572169303894,1
0.4644799530506134,1
0.5078388452529907,1
0.4509367048740387,1
0.4039455056190491,1
0.39796358346939087,1
0.4056021571159363,1
0.35550248622894287,1
0.3907417058944702,1
0.43089520931243896,1
0.40296638011932373,1
0.38139793276786804,1
0.49289730191230774,1
0.39403674006462097,1
0.3768818974494934,1
0.39862141013145447,1
0.34293293952941895,1
0.342471182346344,1
0.4652627110481262,1
0.32300060987472534,1
0.47970449924468994,1
0.4442868232727051,1
0.46814781427383423,1
0.4118284285068512,1
0.44312143325805664,1
0.3337230980396271,1
0.3538615107536316,1
0.35810959339141846,1
0.3863881826400757,1
0.37202224135398865,1
0.4465687870979309,1
0.4488455057144165,1
0.38513660430908203,1
0.4894470274448395,1
0.44385769963264465,1
0.40735170245170593,1
0.4178174138069153,1
0.45693784952163696,1
0.36982569098472595,1
0.45454493165016174,1
0.39916276931762695,1
0.4106718897819519,1
0.4174433648586273,1
0.38986992835998535,1
0.4820540249347687,1
0.4457017183303833,1
0.42931321263313293,1
0.2950356900691986,1
0.3783484995365143,1
0.4843529462814331,1
0.4093568027019501,1
0.35486412048339844,1
0.4315054416656494,1
0.42825350165367126,1
0.39506131410598755,1
0.4313422441482544,1
0.5012113451957703,1
0.4463231563568115,1
0.3733478784561157,1
0.5736613869667053,1
0.4215606451034546,1
0.41363221406936646,1
0.3345907926559448,1
0.3630613684654236,1
0.38962554931640625,1
0.520115852355957,1
0.3549533188343048,1
0.360541969537735,1
0.3779180645942688,1
0.38658037781715393,1
0.39219552278518677,1
0.4166707694530487,1
0.4159005582332611,1
0.3427852690219879,1
0.5138627886772156,1
0.35489243268966675,1
0.504639208316803,1
0.3522672653198242,1
0.3274654746055603,1
0.4098603129386902,1
0.39160361886024475,1
0.43959248065948486,1
0.3566419780254364,1
0.48036280274391174,1
0.40806257724761963,1
0.4416397213935852,1
0.36030587553977966,1
0.4446576237678528,1
0.37331056594848633,1
0.3917151093482971,1
0.3822864294052124,1
0.45482540130615234,1
0.45754188299179077,1
0.4879649877548218,1
0.4822767376899719,1
0.40756383538246155,1
0.4173218607902527,1
0.4261457920074463,1
0.48120802640914917,1
0.31607115268707275,1
0.4354240596294403,1
0.4246029257774353,1
0.4364030957221985,1
0.4138094484806061,1
0.4890140891075134,1
0.41662439703941345,1
0.5755314230918884,1
0.3640938997268677,1
0.3989138603210449,1
0.33995741605758667,1
0.31081122159957886,1
0.49045005440711975,1
0.40532028675079346,1
0.40561622381210327,1
0.44878751039505005,1
0.44219332933425903,1
0.4703831970691681,1
0.5612026453018188,1
0.4215456247329712,1
0.4321593642234802,1
0.4492231011390686,1
0.5022944211959839,1
0.44712576270103455,1
0.46065884828567505,1
0.3284779489040375,1
0.481802761554718,1
0.5042687654495239,1
0.4981391131877899,1
0.3824801445007324,1
0.49178025126457214,1
0.37265539169311523,1
0.48512762784957886,1
0.39614954590797424,1
0.496521919965744,1
0.37880590558052063,1
0.41246944665908813,1
0.39208969473838806,1
0.33721455931663513,1
0.43889129161834717,1
0.41814136505126953,1
0.4785364270210266,1
0.31697240471839905,1
0.4306163489818573,1
0.4613727629184723,1
0.4488429129123688,1
0.5656428337097168,1
0.37924522161483765,1
0.4460732340812683,1
0.3324452340602875,1
0.3939484655857086,1
0.4503631889820099,1
0.4070746600627899,1
0.41930320858955383,1
0.4247782826423645,1
0.32443010807037354,1
0.44808149337768555,1
0.3586075007915497,1
0.39183178544044495,1
0.4501854181289673,1
0.5416027903556824,1
0.510445237159729,1
0.4212341904640198,1
0.4393334984779358,1
0.43597474694252014,1
0.4979305863380432,1
0.3643494248390198,1
0.5094704627990723,1
0.3082308769226074,1
0.3531750738620758,1
0.3285442590713501,1
0.4695225656032562,1
0.5317901372909546,1
0.41405534744262695,1
0.40477946400642395,1
0.2970302999019623,1
0.4496278464794159,1
0.3881877660751343,1
0.38698986172676086,1
0.4012112021446228,1
0.43718504905700684,1
0.5015081167221069,1
0.3608517646789551,1
0.4123131334781647,1
0.3428526520729065,1
0.4183887839317322,1
0.42256754636764526,1
0.49009740352630615,1
0.3516627848148346,1
0.4566199779510498,1
0.3627249002456665,1
0.32956767082214355,1
0.4685690999031067,1
0.48275047540664673,1
0.5057491064071655,1
0.4642525911331177,1
0.3625008463859558,1
0.4128621816635132,1
0.4174685776233673,1
0.42938780784606934,1
0.48859649896621704,1
0.37655776739120483,1
0.39835184812545776,1
0.4256277084350586,1
0.4062807559967041,1
0.3127710223197937,1
0.5247976183891296,1
0.3496972918510437,1
0.3597187399864197,1
0.37453049421310425,1
0.4131614863872528,1
0.4842941164970398,1
0.4028978943824768,1
0.44304823875427246,1
0.44722333550453186,1
0.4569181203842163,1
0.43525993824005127,1
0.3386353850364685,1
0.4556412696838379,1
0.30567067861557007,1
0.49913424253463745,1
0.3718684911727905,1
0.352338969707489,1
0.4544053375720978,1
0.37929099798202515,1
0.4052576720714569,1
0.39915287494659424,1
0.38593149185180664,1
0.330683171749115,1
0.4418836832046509,1
0.34233811497688293,1
0.3410037159919739,1
0.4126673936843872,1
0.4669683575630188,1
0.4859846234321594,1
0.4861238896846771,1
0.4435402750968933,1
0.5281918048858643,1
0.4229932427406311,1
0.5021824836730957,1
0.46436840295791626,1
0.4095901846885681,1
0.44767746329307556,1
0.4049367308616638,1
0.3380339741706848,1
0.4061625599861145,1
0.39559412002563477,1
0.43016645312309265,1
0.4598630666732788,1
0.457332581281662,1
0.4701306223869324,1
0.5144516229629517,1
0.48594290018081665,1
0.3775576651096344,1
0.35288870334625244,1
0.3649524450302124,1
0.311700701713562,1
0.424077570438385,1
0.3700418770313263,1
0.3981705904006958,1
0.38714319467544556,1
0.49544045329093933,1
0.4570436179637909,1
0.4235967993736267,1
0.419425368309021,1
0.3567070960998535,1
0.3715857267379761,1
0.4992893636226654,1
0.3970406651496887,1
0.37689512968063354,1
0.4716683030128479,1
0.38005608320236206,1
0.3898388147354126,1
0.47736799716949463,1
0.39286381006240845,1
0.4108436107635498,1
0.4130876362323761,1
0.47746285796165466,1
0.3108844459056854,1
0.5789522528648376,1
0.5294672250747681,1
0.36410820484161377,1
0.5239757299423218,1
0.437546044588089,1
0.38601458072662354,1
0.46385955810546875,1
0.42325159907341003,1
0.36143016815185547,1
0.4598750174045563,1
0.4637559950351715,1
0.3950609564781189,1
0.37239697575569153,1
0.44972389936447144,1
0.41739189624786377,1
0.41897034645080566,1
0.4046745300292969,1
0.36924949288368225,1
0.28199923038482666,1
0.45405638217926025,1
0.44624796509742737,1
0.3053363859653473,1
0.39966920018196106,1
0.49202224612236023,1
0.33177706599235535,1
0.5216957330703735,1
0.3654216527938843,1
0.42567673325538635,1
0.3524225652217865,1
0.42046329379081726,1
0.44423386454582214,1
0.31104180216789246,1
0.35091444849967957,1
0.3466527462005615,1
0.4360669255256653,1
0.4184063971042633,1
0.36448848247528076,1
0.35970574617385864,1
0.5407923460006714,1
0.4025837779045105,1
0.6380149722099304,1
0.41803911328315735,1
0.36466389894485474,1
0.41552621126174927,1
0.49904489517211914,1
0.5652519464492798,1
0.42759618163108826,1
0.2867410182952881,1
0.5390172004699707,1
0.5261220335960388,1
0.364854633808136,1
0.4962060749530792,1
0.3876025378704071,1
0.4338080883026123,1
0.373673677444458,1
0.4341285824775696,1
0.5284494757652283,1
0.4266032576560974,1
0.39229485392570496,1
0.43727028369903564,1
0.4157012104988098,1
0.43607181310653687,1
0.5775212049484253,1
0.4315657615661621,1
0.5148847699165344,1
0.37942513823509216,1
0.30492591857910156,1
0.41500231623649597,1
0.4716593325138092,1
0.42908328771591187,1
0.3738863468170166,1
0.4424312114715576,1
0.40281155705451965,1
0.36404088139533997,1
0.3422371745109558,1
0.36725786328315735,1
0.3828887343406677,1
0.40402305126190186,1
0.4005524218082428,1
0.46033352613449097,1
0.4656246304512024,1
0.45667922496795654,1
0.39048099517822266,1
0.3834438621997833,1
0.46701982617378235,1
0.3508334755897522,1
0.47668027877807617,1
0.4642169177532196,1
0.48736336827278137,1
0.35893088579177856,1
0.4084058105945587,1
0.38431763648986816,1
0.3980275094509125,1
0.4495922327041626,1
0.44205108284950256,1
0.472395122051239,1
0.5550450682640076,1
0.4386446177959442,1
0.4396176338195801,1
0.47746172547340393,1
0.39814192056655884,1
0.35100454092025757,1
0.4370735287666321,1
0.36545228958129883,1
0.3598089814186096,1
0.4041202664375305,1
0.45140916109085083,1
0.4088127911090851,1
0.30131325125694275,1
0.4832656979560852,1
0.3734237849712372,1
0.4985705018043518,1
0.4024556279182434,1
0.4561445116996765,1
0.3327675461769104,1
0.3852244019508362,1
0.3808431923389435,1
0.37729722261428833,1
0.4257873296737671,1
0.40437036752700806,1
0.4939437508583069,1
0.4863852262496948,1
0.3450843095779419,1
0.3288003206253052,1
0.4047168493270874,1
0.37330496311187744,1
0.39280059933662415,1
0.3800472021102905,1
0.6077544689178467,1
0.38654524087905884,1
0.35704663395881653,1
0.4116176962852478,1
0.4999229907989502,1
0.36439329385757446,1
0.44837796688079834,1
0.342833548784256,1
0.3417920470237732,1
0.38046494126319885,1
0.4850049614906311,1
0.3388538360595703,1
0.5351065397262573,1
0.3569779098033905,1
0.31289172172546387,1
0.45183753967285156,1
0.40706929564476013,1
0.5038477778434753,1
0.4091193675994873,1
0.38026511669158936,1
0.49532389640808105,1
0.41385316848754883,1
0.4924614727497101,1
0.4868473410606384,1
0.4272463321685791,1
0.3901894986629486,1
0.4684983491897583,1
0.3419319987297058,1
0.4624631106853485,1
0.2920370399951935,1
0.40800389647483826,1
0.4559885263442993,1
0.3826003968715668,1
0.5346901416778564,1
0.3645455241203308,1
0.3800407946109772,1
0.36661475896835327,1
0.407650887966156,1
0.3436602056026459,1
0.40365856885910034,1
0.47310933470726013,1
0.47271692752838135,1
0.37645474076271057,1
0.36897391080856323,1
0.3741474747657776,1
0.38787907361984253,1
0.4487172067165375,1
0.41739916801452637,1
0.41352301836013794,1
0.513059139251709,1
0.41974860429763794,1
0.4037339985370636,1
0.3028901219367981,1
0.3621702492237091,1
0.4811914563179016,1
0.4140399098396301,1
0.3701851963996887,1
0.4540610909461975,1
0.38050025701522827,1
0.3697102963924408,1
0.4154388904571533,1
0.44479596614837646,1
0.4331692159175873,1
0.49077388644218445,1
0.36885809898376465,1
0.3876790404319763,1
0.44125115871429443,1
0.42013224959373474,1
0.39664754271507263,1
0.4421488642692566,1
0.4216105341911316,1
0.4721844494342804,1
0.4983164966106415,1
0.4632778763771057,1
0.32539576292037964,1
0.42239952087402344,1
0.4401554465293884,1
0.3136269748210907,1
0.38440489768981934,1
0.3961060345172882,1
0.5044744610786438,1
0.46789878606796265,1
0.42454612255096436,1
0.34673982858657837,1
0.3811750113964081,1
0.4164731204509735,1
0.4258711040019989,1
0.5102226734161377,1
0.42457279562950134,1
0.49223050475120544,1
0.3460901975631714,1
0.4614836275577545,1
0.5245200395584106,1
0.4786275029182434,1
0.49092718958854675,1
0.4137447476387024,1
0.34893083572387695,1
0.3388243019580841,1
0.5423780679702759,1
0.412333607673645,1
0.4311785101890564,1
0.4782920479774475,1
0.5118081569671631,1
0.4235270023345947,1
0.4224907457828522,1
0.461786687374115,1
0.4162162244319916,1
0.41394108533859253,1
0.4000392556190491,1
0.4767948389053345,1
0.3579038679599762,1
0.440102756023407,1
0.43064725399017334,1
0.3706669211387634,1
0.4871417284011841,1
0.4363977015018463,1
0.455028235912323,1
0.4039100408554077,1
0.36486655473709106,1
0.48363831639289856,1
0.3667983412742615,1
0.3301317095756531,1
0.3590402603149414,1
0.3482629656791687,1
0.3202803432941437,1
0.3814932107925415,1
0.3845270276069641,1
0.5020081400871277,1
0.4232909083366394,1
0.40692463517189026,1
0.4936808943748474,1
0.4264087975025177,1
0.3082634508609772,1
0.28329378366470337,1
0.558189868927002,1
0.3544851541519165,1
0.47440505027770996,1
0.4465256631374359,1
0.3753888010978699,1
0.452665776014328,1
0.4284248650074005,1
0.3360147476196289,1
0.3673594295978546,1
0.4697094261646271,1
0.4011952579021454,1
0.4053880572319031,1
0.43678611516952515,1
0.46030986309051514,1
0.3662527799606323,1
0.3855549097061157,1
0.5222718715667725,1
0.39796608686447144,1
0.3660386800765991,1
0.3812340795993805,1
0.4657164514064789,1
0.31906819343566895,1
0.3544985055923462,1
0.5085318684577942,1
0.3393879532814026,1
0.3862980008125305,1
0.3288904130458832,1
0.41713058948516846,1
0.4491078853607178,1
0.4220982491970062,1
0.45410072803497314,1
0.36733758449554443,1
0.47467923164367676,1
0.44147923588752747,1
0.4626420736312866,1
0.46833735704421997,1
0.46413227915763855,1
0.4055819511413574,1
0.4112911820411682,1
0.43381738662719727,1
0.4388287663459778,1
0.3117464780807495,1
0.426631897687912,1
0.48339858651161194,1
0.4251481294631958,1
0.4787154495716095,1
0.40149903297424316,1
0.3689544200897217,1
0.35287636518478394,1
0.43287530541419983,1
0.4385799467563629,1
0.45949873328208923,1
0.36413776874542236,1
0.33909422159194946,1
0.3954768776893616,1
0.4312841296195984,1
0.4618893265724182,1
0.34653353691101074,1
0.40531253814697266,1
0.5526311993598938,1
0.5034272074699402,1
0.4450250566005707,1
0.34660255908966064,1
0.4998248815536499,1
0.4305289387702942,1
0.4819488823413849,1
0.35658252239227295,1
0.536996603012085,1
0.4057851731777191,1
0.3839159607887268,1
0.4888104498386383,1
0.425234317779541,1
0.31333890557289124,1
0.35920679569244385,1
0.43627265095710754,1
0.42445695400238037,1
0.4570211172103882,1
0.3969622850418091,1
0.4842206835746765,1
0.3966721296310425,1
0.4708041846752167,1
0.4711540639400482,1
0.4962077736854553,1
0.48148447275161743,1
0.45443880558013916,1
0.41049203276634216,1
0.38017359375953674,1
0.3773864507675171,1
0.34999534487724304,1
0.4954324960708618,1
0.5148165225982666,1
0.47677427530288696,1
0.3691311180591583,1
0.3722516894340515,1
0.32378143072128296,1
0.37480998039245605,1
0.3304922580718994,1
0.4307313859462738,1
0.40765562653541565,1
0.4619045555591583,1
0.5557513236999512,1
0.3648160994052887,1
0.32282349467277527,1
0.3789607882499695,1
0.4522695541381836,1
0.4711224436759949,1
0.45073121786117554,1
0.47481054067611694,1
0.42030906677246094,1
0.3160862326622009,1
0.38632380962371826,1
0.47810932993888855,1
0.3847247064113617,1
0.4636180102825165,1
0.4744856357574463,1
0.3609452545642853,1
0.3885250985622406,1
0.44488996267318726,1
0.3485754728317261,1
0.4669055938720703,1
0.4470757246017456,1
0.4286401569843292,1
0.40953201055526733,1
0.4912257194519043,1
0.4713831841945648,1
0.4131704866886139,1
0.471635639667511,1
0.4418819546699524,1
0.6066112518310547,1
0.5246113538742065,1
0.41345474123954773,1
0.3978617787361145,1
0.4852468967437744,1
0.2682534158229828,1
0.4896993637084961,1
0.4490514397621155,1
0.5248183608055115,1
0.47291892766952515,1
0.41378527879714966,1
0.3665946125984192,1
0.37584584951400757,1
0.40963730216026306,1
0.4698535203933716,1
0.5088319778442383,1
0.5100449323654175,1
0.48701587319374084,1
0.38253170251846313,1
0.4796099364757538,1
0.47760021686553955,1
0.42406725883483887,1
0.4633893370628357,1
0.48351335525512695,1
0.39666426181793213,1
0.40112370252609253,1
0.3945642411708832,1
0.4078475832939148,1
0.4352380037307739,1
0.44705089926719666,1
0.41703617572784424,1
0.42814645171165466,1
0.5117076635360718,1
0.5084295272827148,1
0.3929358124732971,1
0.465477854013443,1
0.4228762984275818,1
0.4702306389808655,1
0.30105823278427124,1
0.4908614158630371,1
0.3453068733215332,1
0.35300809144973755,1
0.37023013830184937,1
0.4230306148529053,1
0.3823968768119812,1
0.6201817989349365,1
0.5144728422164917,1
0.3804698586463928,1
0.3828687071800232,1
0.41632339358329773,1
0.40239474177360535,1
0.37736043334007263,1
0.4069352149963379,1
0.4692269563674927,1
0.3525809049606323,1
0.36505502462387085,1
0.47798705101013184,1
0.41248100996017456,1
0.48353034257888794,1
0.49690836668014526,1
0.404150128364563,1
0.4634973704814911,1
0.4318457543849945,1
0.4467196762561798,1
0.36795175075531006,1
0.37716299295425415,1
0.37159663438796997,1
0.5119893550872803,1
0.39963048696517944,1
0.48442405462265015,1
0.46758049726486206,1
0.3875918686389923,1
0.3703875243663788,1
0.30359384417533875,1
0.3670145869255066,1
0.3971633315086365,1
0.41022366285324097,1
0.4736143946647644,1
0.45857226848602295,1
0.3215509057044983,1
0.438382625579834,1
0.5070192217826843,1
0.5184308290481567,1
0.396580308675766,1
0.48786836862564087,1
0.40537336468696594,1
0.47056815028190613,1
0.44006431102752686,1
0.3735826909542084,1
0.38630861043930054,1
0.42923063039779663,1
0.3603275418281555,1
0.4733242392539978,1
0.4505388140678406,1
0.390212744474411,1
0.3864328861236572,1
0.4194033443927765,1
0.36337557435035706,1
0.4097573161125183,1
0.5496116876602173,1
0.2743804454803467,1
0.3879266381263733,1
0.41226571798324585,1
0.4285656809806824,1
0.3223668932914734,1
0.41518229246139526,1
0.464267373085022,1
0.4697490334510803,1
0.35802990198135376,1
0.3535040020942688,1
0.4002217650413513,1
0.4933096766471863,1
0.4245109260082245,1
0.4988848567008972,1
0.46271461248397827,1
0.36076152324676514,1
0.44333845376968384,1
0.3619157075881958,1
0.5058166980743408,1
0.40270423889160156,1
0.4399770200252533,1
0.45910924673080444,1
0.363155335187912,1
0.41865959763526917,1
0.3793242871761322,1
0.36894842982292175,1
0.3553255796432495,1
0.33544257283210754,1
0.37683913111686707,1
0.3666716516017914,1
0.4358360767364502,1
0.4284267723560333,1
0.359975665807724,1
0.4222782850265503,1
0.5501347780227661,1
0.38028663396835327,1
0.3664245903491974,1
0.40256649255752563,1
0.4103420078754425,1
0.4528745710849762,1
0.45074406266212463,1
0.36766955256462097,1
0.4207344651222229,1
0.4302852749824524,1
0.481203556060791,1
0.536037802696228,1
0.3953920006752014,1
0.411171555519104,1
0.39182209968566895,1
0.4665946960449219,1
0.41565948724746704,1
0.3832986354827881,1
0.36927735805511475,1
0.497650682926178,1
0.49869242310523987,1
0.42902082204818726,1
0.39086681604385376,1
0.4461509585380554,1
0.45296791195869446,1
0.43655237555503845,1
0.3601209819316864,1
0.48019111156463623,1
0.4411013722419739,1
0.535749077796936,1
0.4279431998729706,1
0.38246822357177734,1
0.4642888903617859,1
0.42147505283355713,1
0.446522980928421,1
0.38893717527389526,1
0.34646835923194885,1
0.40598198771476746,1
0.40621522068977356,1
0.388407826423645,1
0.3784867823123932,1
0.4113926291465759,1
0.42584139108657837,1
0.3418431878089905,1
0.4308696687221527,1
0.3265741467475891,1
0.3349843919277191,1
0.4111933708190918,1
0.537246823310852,1
0.369118332862854,1
0.3757666051387787,1
0.528084397315979,1
0.3597608506679535,1
0.38509249687194824,1
0.35916054248809814,1
0.5588902235031128,1
0.39813709259033203,1
0.40334832668304443,1
0.4170764088630676,1
0.42848628759384155,1
0.34635189175605774,1
0.4136233329772949,1
0.4818626642227173,1
0.3045405149459839,1
0.3656526803970337,1
0.4483126401901245,1
0.4046786427497864,1
0.5392502546310425,1
0.5594358444213867,1
0.4231231212615967,1
0.3562626242637634,1
0.35904350876808167,1
0.3791666030883789,1
0.3936011791229248,1
0.5007854104042053,1
0.5145798921585083,1
0.4500494599342346,1
0.34142300486564636,1
0.5152775049209595,1
0.4771377742290497,1
0.40595772862434387,1
0.458030641078949,1
0.44423145055770874,1
0.5699699521064758,1
0.4397580027580261,1
0.48212742805480957,1
0.36980026960372925,1
0.410063236951828,1
0.38888517022132874,1
0.4989044666290283,1
0.4801698327064514,1
0.5005745887756348,1
0.40650197863578796,1
0.3968859314918518,1
0.42286747694015503,1
0.3472774028778076,1
0.3393246531486511,1
0.38658833503723145,1
0.3080853819847107,1
0.4091811180114746,1
0.5160340070724487,1
0.4435429573059082,1
0.399798721075058,1
0.47118085622787476,1
0.4933933913707733,1
0.4134947657585144,1
0.39804747700691223,1
0.42916208505630493,1
0.35901519656181335,1
0.40622058510780334,1
0.48467186093330383,1
0.32013002038002014,1
0.604939341545105,1
0.3806511163711548,1
0.43737271428108215,1
0.510933518409729,1
0.49633312225341797,1
0.3520565629005432,1
0.37223589420318604,1
0.3570670485496521,1
0.48344895243644714,1
0.4265846014022827,1
0.38933804631233215,1
0.43622317910194397,1
0.4585319757461548,1
0.5758670568466187,1
0.38502758741378784,1
0.453180193901062,1
0.31464123725891113,1
0.4211920499801636,1
0.37787216901779175,1
0.3481862545013428,1
0.5299675464630127,1
0.4866262972354889,1
0.48877573013305664,1
0.4638301134109497,1
0.4354219436645508,1
0.4201796352863312,1
0.3518575429916382,1
0.4641508162021637,1
0.3659903407096863,1
0.4036276340484619,1
0.44373518228530884,1
0.41294097900390625,1
0.4349788427352905,1
0.4759357273578644,1
0.38973844051361084,1
0.4369713366031647,1
0.381597638130188,1
0.3398386240005493,1
0.5701693296432495,1
0.46060818433761597,1
0.4581730365753174,1
0.5272061824798584,1
0.3434585928916931,1
0.3880189061164856,1
0.5379728078842163,1
0.34689438343048096,1
0.43288126587867737,1
0.5323432683944702,1
0.4165324568748474,1
0.40471622347831726,1
0.3944284915924072,1
0.353629469871521,1
0.5546175241470337,1
0.5352976322174072,1
0.49507924914360046,1
0.5191535949707031,1
0.4068056643009186,1
0.4109899699687958,1
0.3087071180343628,1
0.39836442470550537,1
0.3645209074020386,1
0.5403542518615723,1
0.3730093836784363,1
0.399768203496933,1
0.4342629313468933,1
0.34776055812835693,1
0.3975457549095154,1
0.4187197685241699,1
0.40640443563461304,1
0.5210402011871338,1
0.35576584935188293,1
0.4643334746360779,1
0.5470423698425293,1
0.3909669518470764,1
0.437177836894989,1
0.4768778681755066,1
0.4756056070327759,1
0.48324310779571533,1
0.4006390869617462,1
0.41224825382232666,1
0.31289157271385193,1
0.5053331851959229,1
0.4475328326225281,1
0.4067060351371765,1
0.4671421945095062,1
0.41288596391677856,1
0.4460449516773224,1
0.3361688554286957,1
0.4267489016056061,1
0.4118337333202362,1
0.40944647789001465,1
0.38599541783332825,1
0.47118067741394043,1
0.4557689428329468,1
0.4066174626350403,1
0.46680086851119995,1
0.43771892786026,1
0.44511064887046814,1
0.4352005124092102,1
0.4966992735862732,1
0.4577227532863617,1
0.3929588794708252,1
0.46079471707344055,1
0.38314294815063477,1
0.3828461170196533,1
0.3882855772972107,1
0.3684445023536682,1
0.45664286613464355,1
0.3987363576889038,1
0.427487313747406,1
0.47575682401657104,1
0.48900526762008667,1
0.35025933384895325,1
0.43094268441200256,1
0.44241058826446533,1
0.4438909590244293,1
0.49531662464141846,1
0.37694424390792847,1
0.41217759251594543,1
0.40609800815582275,1
0.3994709849357605,1
0.3594774901866913,1
0.46285486221313477,1
0.4135187864303589,1
0.38093847036361694,1
0.37959569692611694,1
0.49547648429870605,1
0.4468953013420105,1
0.3501701056957245,1
0.42965734004974365,1
0.38060641288757324,1
0.3387335538864136,1
0.4232693910598755,1
0.3732379674911499,1
0.6861584186553955,1
0.3953481912612915,1
0.44124001264572144,1
0.40962255001068115,1
0.4390418231487274,1
0.44709956645965576,1
0.29814743995666504,1
0.4150695204734802,1
0.31317493319511414,1
0.5146124958992004,1
0.46090346574783325,1
0.4829152226448059,1
0.4270326495170593,1
0.42749640345573425,1
0.3093886375427246,1
0.3483142852783203,1
0.36847347021102905,1
0.4858735203742981,1
0.43451982736587524,1
0.43072572350502014,1
0.2991787791252136,1
0.37569665908813477,1
0.4849510192871094,1
0.45487987995147705,1
0.40117597579956055,1
0.43921878933906555,1
0.4432247281074524,1
0.4155261516571045,1
0.4310486912727356,1
0.4604768753051758,1
0.3648459017276764,1
0.4423522651195526,1
0.3809923529624939,1
0.39186280965805054,1
0.4495152235031128,1
0.3612709045410156,1
0.5859901905059814,1
0.3993893563747406,1
0.5128853917121887,1
0.42368200421333313,1
0.39725565910339355,1
0.5060321092605591,1
0.4150644540786743,1
0.34134766459465027,1
0.3414226174354553,1
0.38685569167137146,1
0.3833732008934021,1
0.2980128824710846,1
0.37240636348724365,1
0.45331957936286926,1
0.4703022837638855,1
0.4678078293800354,1
0.5015110969543457,1
0.5499023795127869,1
0.4325157105922699,1
0.4066760241985321,1
0.510295033454895,1
0.4256696403026581,1
0.41955816745758057,1
0.4410369396209717,1
0.4711548089981079,1
0.5053733587265015,1
0.3810043931007385,1
0.46067672967910767,1
0.4885021150112152,1
0.33161020278930664,1
0.5193722248077393,1
0.350780189037323,1
0.5291697382926941,1
0.35540029406547546,1
0.4374837577342987,1
0.4580206871032715,1
0.4054996967315674,1
0.39183858036994934,1
0.41805654764175415,1
0.42165717482566833,1
0.4163222908973694,1
0.42857998609542847,1
0.3271386921405792,1
0.32742831110954285,1
0.31786030530929565,1
0.389533668756485,1
0.4306260049343109,1
0.37751784920692444,1
0.41681021451950073,1
0.2742891311645508,1
0.41001176834106445,1
0.3709011673927307,1
0.4539600908756256,1
0.47591888904571533,1
0.5279473066329956,1
0.3893582224845886,1
0.4611549377441406,1
0.463021457195282,1
0.44252994656562805,1
0.37063029408454895,1
0.43823879957199097,1
0.4405200481414795,1
0.48433440923690796,1
0.40741729736328125,1
0.49204209446907043,1
0.41590994596481323,1
0.4686136245727539,1
0.45824363827705383,1
0.40490129590034485,1
0.3969026207923889,1
0.4366121292114258,1
0.43443986773490906,1
0.4366491436958313,1
0.44347643852233887,1
0.3340480327606201,1
0.42685288190841675,1
0.3205000162124634,1
0.38129207491874695,1
0.4080483317375183,1
0.44715800881385803,1
0.30044251680374146,1
0.5322690010070801,1
0.35098594427108765,1
0.4055396616458893,1
0.489989697933197,1
0.4599495530128479,1
0.4183115065097809,1
0.3797778785228729,1
0.4629937708377838,1
0.3660028278827667,1
0.4344020485877991,1
0.43910902738571167,1
0.43129831552505493,1
0.38055163621902466,1
0.37135961651802063,1
0.517542839050293,1
0.4517062306404114,1
0.45634159445762634,1
0.41678541898727417,1
0.359019935131073,1
0.4521644115447998,1
0.4135143458843231,1
0.42774510383605957,1
0.5305941104888916,1
0.4459412395954132,1
0.4204486608505249,1
0.4784611165523529,1
0.4340689182281494,1
0.4343422055244446,1
0.3446049988269806,1
0.3880842626094818,1
0.4220891296863556,1
0.42879369854927063,1
0.4945243000984192,1
0.3266422748565674,1
0.40687263011932373,1
0.4356880486011505,1
0.36402031779289246,1
0.3540598452091217,1
0.3776179850101471,1
0.40585654973983765,1
0.5504355430603027,1
0.4025780260562897,1
0.4689980149269104,1
0.4126071333885193,1
0.43646135926246643,1
0.5012204647064209,1
0.474964439868927,1
0.4974222779273987,1
0.481479287147522,1
0.29670849442481995,1
0.35858580470085144,1
0.42471542954444885,1
0.44515669345855713,1
0.3487966060638428,1
0.3903394937515259,1
0.30077624320983887,1
0.3815382122993469,1
0.4472791254520416,1
0.33890679478645325,1
0.40716689825057983,1
0.4362208843231201,1
0.5320432782173157,1
0.3802914619445801,1
0.4059106111526489,1
0.3648252487182617,1
0.4324900507926941,1
0.46384793519973755,1
0.49742814898490906,1
0.5165323615074158,1
0.4259595274925232,1
0.501117467880249,1
0.43273621797561646,1
0.3985317051410675,1
0.42633867263793945,1
0.47903284430503845,1
0.3956843614578247,1
0.3949187994003296,1
0.4336317181587219,1
0.4446684420108795,1
0.4378628134727478,1
0.47700706124305725,1
0.3866463303565979,1
0.352253794670105,1
0.3966865539550781,1
0.3992665112018585,1
0.5032760500907898,1
0.40350815653800964,1
0.3742055296897888,1
0.35966289043426514,1
0.3937583565711975,1
0.4730709493160248,1
0.40836238861083984,1
0.33160632848739624,1
0.3492110073566437,1
0.33993950486183167,1
0.4601401686668396,1
0.39108651876449585,1
0.42083340883255005,1
0.4347999393939972,1
0.358253538608551,1
0.39635539054870605,1
0.42631179094314575,1
0.4530324935913086,1
0.45268669724464417,1
0.3536609411239624,1
0.4056559205055237,1
0.3728179633617401,1
0.28837475180625916,1
0.3674784302711487,1
0.4787328839302063,1
0.31639930605888367,1
0.34764692187309265,1
0.3387303948402405,1
0.3635762929916382,1
0.45102378726005554,1
0.38917186856269836,1
0.39078450202941895,1
0.41069889068603516,1
0.3307434916496277,1
0.45928147435188293,1
0.34121429920196533,1
0.3887336254119873,1
0.3542822003364563,1
0.4194331467151642,1
0.4247933626174927,1
0.39640846848487854,1
0.3868480920791626,1
0.41767653822898865,1
0.4228397607803345,1
0.5078315734863281,1
0.49192604422569275,1
0.43539294600486755,1
0.5451676845550537,1
0.39871275424957275,1
0.423322468996048,1
0.37261447310447693,1
0.493743360042572,1
0.44878363609313965,1
0.3093372881412506,1
0.4563070833683014,1
0.34892937541007996,1
0.5142635107040405,1
0.43754667043685913,1
0.4564247131347656,1
0.4458214044570923,1
0.47954314947128296,1
0.42114219069480896,1
0.39214983582496643,1
0.4902540445327759,1
0.45547279715538025,1
0.4324899911880493,1
0.3795905113220215,1
0.4218246042728424,1
0.36615657806396484,1
0.4272383451461792,1
0.37965965270996094,1
0.4358721375465393,1
0.3974396884441376,1
0.39459139108657837,1
0.4503639340400696,1
0.6244910955429077,1
0.390533983707428,1
0.4815644919872284,1
0.430061936378479,1
0.4536096751689911,1
0.4219096899032593,1
0.4537295699119568,1
0.37143829464912415,1
0.36036574840545654,1
0.33149513602256775,1
0.5022985935211182,1
0.31424570083618164,1
0.4398736357688904,1
0.37275269627571106,1
0.5419213175773621,1
0.31750959157943726,1
0.43455761671066284,1
0.3998338580131531,1
0.43459007143974304,1
0.3332003355026245,1
0.5187069177627563,1
0.42717444896698,1
0.3149558901786804,1
0.33744674921035767,1
0.3994913101196289,1
0.38108959794044495,1
0.4895508587360382,1
0.4420861601829529,1
0.3595737814903259,1
0.4555322229862213,1
0.4721675217151642,1
0.5476611852645874,1
0.38083624839782715,1
0.3644554316997528,1
0.4518527090549469,1
0.4770749807357788,1
0.3956749737262726,1
0.3569336533546448,1
0.4694797396659851,1
0.342098206281662,1
0.3973925709724426,1
0.3745039403438568,1
0.3622433543205261,1
0.28956449031829834,1
0.44954121112823486,1
0.35967883467674255,1
0.47280365228652954,1
0.4558354914188385,1
0.4500860571861267,1
0.4257221221923828,1
0.3809257745742798,1
0.36806386709213257,1
0.41650280356407166,1
0.49821069836616516,1
0.29694050550460815,1
0.37265461683273315,1
0.2821308672428131,1
0.3507494032382965,1
0.43266862630844116,1
0.4115060865879059,1
0.4278797507286072,1
0.313968300819397,1
0.5023555755615234,1
0.3968082070350647,1
0.44368383288383484,1
0.46475696563720703,1
0.5019615888595581,1
0.543846607208252,1
0.474823534488678,1
0.3920154869556427,1
0.4099552631378174,1
0.3934152126312256,1
0.4627477526664734,1
0.33403900265693665,1
0.3628458082675934,1
0.36435434222221375,1
0.4901784658432007,1
0.42643821239471436,1
0.40715736150741577,1
0.49600645899772644,1
0.42414456605911255,1
0.43190696835517883,1
0.4286632537841797,1
0.3942064642906189,1
0.4775586724281311,1
0.3347020149230957,1
0.3513776659965515,1
0.34935814142227173,1
0.42371320724487305,1
0.33471712470054626,1
0.33971911668777466,1
0.3706042170524597,1
0.3472587466239929,1
0.27465111017227173,1
0.40170782804489136,1
0.4392455220222473,1
0.48571842908859253,1
0.4461224377155304,1
0.3964965343475342,1
0.3598167598247528,1
0.39965295791625977,1
0.4293745160102844,1
0.32718780636787415,1
0.3554452061653137,1
0.38680607080459595,1
0.44194793701171875,1
0.46613478660583496,1
0.4286231994628906,1
0.38870537281036377,1
0.4095489978790283,1
0.4384121596813202,1
0.4532521069049835,1
0.38956978917121887,1
0.5517582893371582,1
0.5085123777389526,1
0.4639706611633301,1
0.396699994802475,1
0.379692941904068,1
0.4077827036380768,1
0.4793524444103241,1
0.41098254919052124,1
0.3072609007358551,1
0.5020524859428406,1
0.48334068059921265,1
0.4374626874923706,1
0.46121856570243835,1
0.47468411922454834,1
0.5051289200782776,1
0.44812658429145813,1
0.3864884078502655,1
0.3258301019668579,1
0.45132213830947876,1
0.3899828791618347,1
0.438484787940979,1
0.31840652227401733,1
0.2984360456466675,1
0.4497458338737488,1
0.34559908509254456,1
0.4988296329975128,1
0.41775667667388916,1
0.37490934133529663,1
0.32952991127967834,1
0.34239956736564636,1
0.363642156124115,1
0.3933330178260803,1
0.3533816337585449,1
0.3711073398590088,1
0.4101690649986267,1
0.4972017705440521,1
0.3682553768157959,1
0.4207756221294403,1
0.38177692890167236,1
0.3700539767742157,1
0.3827030658721924,1
0.4340607225894928,1
0.46242696046829224,1
0.3492460548877716,1
0.4094119369983673,1
0.4042619466781616,1
0.450961172580719,1
0.48696082830429077,1
0.5277456641197205,1
0.4172886312007904,1
0.4163455069065094,1
0.40359678864479065,1
0.3503252863883972,1
0.4312761723995209,1
0.45880040526390076,1
0.3651989698410034,1
0.3782595694065094,1
0.4373374283313751,1
0.4413355886936188,1
0.399819552898407,1
0.4027341604232788,1
0.5115336775779724,1
0.42685386538505554,1
0.3266642689704895,1
0.35410410165786743,1
0.3658105731010437,1
0.523020327091217,1
0.46107733249664307,1
0.46611183881759644,1
0.522790789604187,1
0.45864439010620117,1
0.5372225642204285,1
0.3400861322879791,1
0.4435117840766907,1
0.5766386985778809,1
0.4372636675834656,1
0.42430537939071655,1
0.44163262844085693,1
0.45902809500694275,1
0.48384323716163635,1
0.28806689381599426,1
0.35988953709602356,1
0.43592479825019836,1
0.4441574811935425,1
0.478789359331131,1
0.4288930296897888,1
0.5064774751663208,1
0.4704310894012451,1
0.42069709300994873,1
0.2647815942764282,1
0.3288830518722534,1
0.3832915723323822,1
0.4532070457935333,1
0.3972492516040802,1
0.4572390913963318,1
0.4672294557094574,1
0.3152020573616028,1
0.5449722409248352,1
0.38347727060317993,1
0.4447571635246277,1
0.5881648659706116,1
0.5022112727165222,1
0.4792749285697937,1
0.3659651279449463,1
0.46493297815322876,1
0.3290903568267822,1
0.3440677523612976,1
0.45315420627593994,1
0.4062168300151825,1
0.508549690246582,1
0.4090964198112488,1
0.43717554211616516,1
0.443544864654541,1
0.34114402532577515,1
0.4665374457836151,1
0.39750733971595764,1
0.32386136054992676,1
0.5658247470855713,1
0.39740753173828125,1
0.43596264719963074,1
0.4721534252166748,1
0.5128904581069946,1
0.31375420093536377,1
0.3724234402179718,1
0.4131796061992645,1
0.4294978380203247,1
0.5861135125160217,1
0.5090917348861694,1
0.5186342000961304,1
0.47239676117897034,1
0.4668980836868286,1
0.4442576467990875,1
0.5202638506889343,1
0.41027215123176575,1
0.40437573194503784,1
0.4676767587661743,1
0.41671615839004517,1
0.4395744800567627,1
0.35868436098098755,1
0.5163849592208862,1
0.4422471225261688,1
0.3619381785392761,1
0.37804096937179565,1
0.49905121326446533,1
0.40271151065826416,1
0.4046604335308075,1
0.4393164813518524,1
0.3820255398750305,1
0.5018491148948669,1
0.43386659026145935,1
0.4391823410987854,1
0.41455078125,1
0.39214885234832764,1
0.4784347116947174,1
0.5351659059524536,1
0.3102387487888336,1
0.47841015458106995,1
0.5172035694122314,1
0.47325998544692993,1
0.46564048528671265,1
0.4365348517894745,1
0.3354160785675049,1
0.4417973756790161,1
0.4758884906768799,1
0.5236504673957825,1
0.41261425614356995,1
0.3510507643222809,1
0.3988519608974457,1
0.34829002618789673,1
0.401711642742157,1
0.5513706207275391,1
0.42871975898742676,1
0.5359894037246704,1
0.5030757188796997,1
0.4002091884613037,1
0.5107223391532898,1
0.42826181650161743,1
0.45677798986434937,1
0.4024401307106018,1
0.4046943783760071,1
0.45888033509254456,1
0.37503623962402344,1
0.40247607231140137,1
0.40808892250061035,1
0.4307255744934082,1
0.3683226406574249,1
0.34097999334335327,1
0.4122757911682129,1
0.3052250146865845,1
0.478532075881958,1
0.4586561620235443,1
0.47003859281539917,1
0.41964221000671387,1
0.5209282040596008,1
0.41378575563430786,1
0.41040685772895813,1
0.44023609161376953,1
0.369009792804718,1
0.4443749785423279,1
0.4018520712852478,1
0.35355573892593384,1
0.42670685052871704,1
0.458084374666214,1
0.3067479133605957,1
0.45955267548561096,1
0.36998865008354187,1
0.44061538577079773,1
0.4542791247367859,1
0.3842708468437195,1
0.5048027038574219,1
0.3822373151779175,1
0.37998807430267334,1
0.27688202261924744,1
0.4155919849872589,1
0.5101430416107178,1
0.3518887460231781,1
0.39746254682540894,1
0.29488351941108704,1
0.38566121459007263,1
0.5596451759338379,1
0.3224893808364868,1
0.340015172958374,1
0.5422585606575012,1
0.35849982500076294,1
0.40096065402030945,1
0.4161497950553894,1
0.38629019260406494,1
0.42585015296936035,1
0.4578782320022583,1
0.5521188974380493,1
0.35634028911590576,1
0.43263185024261475,1
0.4593340754508972,1
0.4268046021461487,1
0.3971604108810425,1
0.3793821930885315,1
0.4558846950531006,1
0.4178647994995117,1
0.48741644620895386,1
0.3960185945034027,1
0.34690964221954346,1
0.3623398542404175,1
0.41595888137817383,1
0.40134719014167786,1
0.43802183866500854,1
0.4663059711456299,1
0.37107428908348083,1
0.3982892334461212,1
0.3458919823169708,1
0.4510416090488434,1
0.43067362904548645,1
0.3508778214454651,1
0.4057503938674927,1
0.41866084933280945,1
0.3980671167373657,1
0.41098105907440186,1
0.47767409682273865,1
0.4282211363315582,1
0.4651183485984802,1
0.4824327230453491,1
0.503763735294342,1
0.4774819016456604,1
0.5569083094596863,1
0.34074217081069946,1
0.309503436088562,1
0.37835440039634705,1
0.3926420211791992,1
0.32426679134368896,1
0.44377362728118896,1
0.4809768795967102,1
0.4737103283405304,1
0.32427477836608887,1
0.42735421657562256,1
0.3532688617706299,1
0.47580674290657043,1
0.44856417179107666,1
0.4294910430908203,1
0.4434052109718323,1
0.4040529727935791,1
0.4377342462539673,1
0.43956005573272705,1
0.4304913282394409,1
0.41993141174316406,1
0.34700652956962585,1
0.402392715215683,1
0.4889811873435974,1
0.3115444481372833,1
0.4068095088005066,1
0.4177461862564087,1
0.40063098073005676,1
0.5667087435722351,1
0.4103657603263855,1
0.33618229627609253,1
0.42531484365463257,1
0.45854946970939636,1
0.4554558992385864,1
0.5154370665550232,1
0.3721153140068054,1
0.4548059105873108,1
0.3878750801086426,1
0.3892781734466553,1
0.543331503868103,1
0.4978744387626648,1
0.44440126419067383,1
0.426988422870636,1
0.45039695501327515,1
0.40903669595718384,1
0.4231688380241394,1
0.5220203399658203,1
0.349409282207489,1
0.5093320608139038,1
0.3823535442352295,1
0.41197469830513,1
0.5448747277259827,1
0.44215959310531616,1
0.49320027232170105,1
0.40062934160232544,1
0.3749658465385437,1
0.41863569617271423,1
0.36907821893692017,1
0.3973011374473572,1
0.5107322931289673,1
0.482361376285553,1
0.32904505729675293,1
0.46287840604782104,1
0.43439483642578125,1
0.4510205090045929,1
0.5313843488693237,1
0.4047255516052246,1
0.4638962745666504,1
0.44659969210624695,1
0.5209589004516602,1
0.4564764201641083,1
0.321734219789505,1
0.42975348234176636,1
0.42370903491973877,1
0.516156792640686,1
0.2775672972202301,1
0.4082164466381073,1
0.47118550539016724,1
0.3739311099052429,1
0.4353755712509155,1
0.43497440218925476,1
0.5316744446754456,1
0.4308488965034485,1
0.41449856758117676,1
0.36790236830711365,1
0.4095691740512848,1
0.40032392740249634,1
0.4653003215789795,1
0.4376402497291565,1
0.36482301354408264,1
0.3762300908565521,1
0.39877793192863464,1
0.4602249264717102,1
0.47844257950782776,1
0.4176754951477051,1
0.38415950536727905,1
0.45292335748672485,1
0.33756566047668457,1
0.4344205856323242,1
0.41715681552886963,1
0.41357576847076416,1
0.35317397117614746,1
0.42365318536758423,1
0.438224196434021,1
0.4244667887687683,1
0.4714435338973999,1
0.45381081104278564,1
0.432822048664093,1
0.36104267835617065,1
0.3455165922641754,1
0.5932943224906921,1
0.36194926500320435,1
0.4330926537513733,1
0.39373350143432617,1
0.34327390789985657,1
0.3662129342556,1
0.42595604062080383,1
0.5006298422813416,1
0.4190962016582489,1
0.2793247401714325,1
0.3737649917602539,1
0.3973710536956787,1
0.3993425965309143,1
0.4695786237716675,1
0.44015955924987793,1
0.36313167214393616,1
0.3876346945762634,1
0.4728114604949951,1
0.4470631778240204,1
0.39723849296569824,1
0.6633875370025635,1
0.4053771197795868,1
0.4704846143722534,1
0.4053753912448883,1
0.44875645637512207,1
0.44091880321502686,1
0.40322619676589966,1
0.48553943634033203,1
0.3656036853790283,1
0.34380361437797546,1
0.398533433675766,1
0.45032835006713867,1
0.4051150381565094,1
0.4301888346672058,1
0.4040989875793457,1
0.42395809292793274,1
0.38714438676834106,1
0.5255879163742065,1
0.3298664093017578,1
0.4798588156700134,1
0.33284792304039,1
0.47676604986190796,1
0.37086060643196106,1
0.31855297088623047,1
0.46094998717308044,1
0.36712121963500977,1
0.43256860971450806,1
0.5052430033683777,1
0.4245559573173523,1
0.4166012704372406,1
0.34552618861198425,1
0.46109336614608765,1
0.29960429668426514,1
0.39584919810295105,1
0.5534911751747131,1
0.36180394887924194,1
0.46110183000564575,1
0.4075866937637329,1
0.4066653847694397,1
0.4145570695400238,1
0.4101373255252838,1
0.38794809579849243,1
0.4180273413658142,1
0.43144410848617554,1
0.47404590249061584,1
0.32103055715560913,1
0.3817509412765503,1
0.5148820877075195,1
0.4682524502277374,1
0.38942593336105347,1
0.49218347668647766,1
0.41343820095062256,1
0.47659096121788025,1
0.312725305557251,1
0.39007994532585144,1
0.3877975642681122,1
0.48913103342056274,1
0.4755229949951172,1
0.4632560610771179,1
0.4545198976993561,1
0.514206051826477,1
0.4087863266468048,1
0.41950035095214844,1
0.42574551701545715,1
0.34641674160957336,1
0.42761293053627014,1
0.40723752975463867,1
0.44822245836257935,1
0.3763875365257263,1
0.36425209045410156,1
0.44877803325653076,1
0.43224021792411804,1
0.38178661465644836,1
0.38933265209198,1
0.33109724521636963,1
0.5128747224807739,1
0.44181665778160095,1
0.3460536003112793,1
0.41555818915367126,1
0.4242839515209198,1
0.36230677366256714,1
0.4501124620437622,1
0.3911302387714386,1
0.40766164660453796,1
0.3844458758831024,1
0.4995698034763336,1
0.41297733783721924,1
0.39160236716270447,1
0.40862220525741577,1
0.4233075976371765,1
0.508619487285614,1
0.42258691787719727,1
0.33997321128845215,1
0.3945871591567993,1
0.47840195894241333,1
0.551835298538208,1
0.3388199806213379,1
0.5354712009429932,1
0.3354887068271637,1
0.44695666432380676,1
0.32056552171707153,1
0.37521296739578247,1
0.3696889579296112,1
0.40900737047195435,1
0.4325645864009857,1
0.4133012592792511,1
0.3663690686225891,1
0.471664160490036,1
0.41129446029663086,1
0.45033279061317444,1
0.457309365272522,1
0.3757152855396271,1
0.49379071593284607,1
0.4262961745262146,1
0.3563276529312134,1
0.46332642436027527,1
0.3777204751968384,1
0.3867114186286926,1
0.36755263805389404,1
0.5423882007598877,1
0.36960458755493164,1
0.46705082058906555,1
0.5090525150299072,1
0.41675782203674316,1
0.4212539792060852,1
0.4459904730319977,1
0.40664345026016235,1
0.42256319522857666,1
0.35294103622436523,1
0.3772682845592499,1
0.5894507765769958,1
0.4074037969112396,1
0.4499553143978119,1
0.45775899291038513,1
0.5988944172859192,1
0.325030654668808,1
0.43133825063705444,1
0.4376983046531677,1
0.4207075238227844,1
0.46218013763427734,1
0.49679064750671387,1
0.3372094929218292,1
0.419414758682251,1
0.545674741268158,1
0.4839879870414734,1
0.4878174066543579,1
0.4218451678752899,1
0.446524977684021,1
0.41370466351509094,1
0.377957820892334,1
0.5047158002853394,1
0.31083613634109497,1
0.37340012192726135,1
0.31567904353141785,1
0.5214309692382813,1
0.42996370792388916,1
0.5561974048614502,1
0.4973858594894409,1
0.45603787899017334,1
0.35485172271728516,1
0.5095106959342957,1
0.33836686611175537,1
0.40979915857315063,1
0.39054006338119507,1
0.5052132606506348,1
0.37337803840637207,1
0.3991602659225464,1
0.40241849422454834,1
0.42395228147506714,1
0.3285475969314575,1
0.5126556158065796,1
0.6020295023918152,1
0.37033891677856445,1
0.3943977355957031,1
0.3596131205558777,1
0.3710431456565857,1
0.4221702814102173,1
0.3939365744590759,1
0.37265723943710327,1
0.46580034494400024,1
0.44674548506736755,1
0.4504357576370239,1
0.5068979263305664,1
0.39476120471954346,1
0.4238016605377197,1
0.4399828314781189,1
0.5255880951881409,1
0.45843780040740967,1
0.33210933208465576,1
0.4084584712982178,1
0.5496516227722168,1
0.318422794342041,1
0.4592062830924988,1
0.4057858884334564,1
0.4298575520515442,1
0.31546080112457275,1
0.2919805347919464,1
0.40436434745788574,1
0.36085766553878784,1
0.4017036259174347,1
0.39429134130477905,1
0.3575053811073303,1
0.52379310131073,1
0.4730410575866699,1
0.4228579103946686,1
0.48824089765548706,1
0.39868661761283875,1
0.43049943447113037,1
0.34196820855140686,1
0.3495505452156067,1
0.37290915846824646,1
0.33858340978622437,1
0.4296970069408417,1
0.45208263397216797,1
0.4982686936855316,1
0.4327564239501953,1
0.4359244108200073,1
0.43285706639289856,1
0.49980780482292175,1
0.3931718170642853,1
0.36535075306892395,1
0.39850565791130066,1
0.37924402952194214,1
0.4831472337245941,1
0.5070423483848572,1
0.3924180865287781,1
0.31034332513809204,1
0.35603415966033936,1
0.39641186594963074,1
0.4121518135070801,1
0.3346739411354065,1
0.4187659025192261,1
0.384941041469574,1
0.4367148280143738,1
0.48308196663856506,1
0.25636017322540283,1
0.31391292810440063,1
0.40116405487060547,1
0.46368518471717834,1
0.43835997581481934,1
0.46914881467819214,1
0.4450089633464813,1
0.3025486171245575,1
0.39936771988868713,1
0.41565459966659546,1
0.42634785175323486,1
0.3624802231788635,1
0.41822776198387146,1
0.35040411353111267,1
0.41187381744384766,1
0.3273255228996277,1
0.42892056703567505,1
0.4418105185031891,1
0.48496392369270325,1
0.3330536484718323,1
0.4054439067840576,1
0.5412028431892395,1
0.4827954173088074,1
0.44432324171066284,1
0.4492211937904358,1
0.35531318187713623,1
0.3529157042503357,1
0.44208014011383057,1
0.41062629222869873,1
0.4424743056297302,1
0.45666295289993286,1
0.4182456433773041,1
0.5141208171844482,1
0.2888340353965759,1
0.5414302349090576,1
0.41447654366493225,1
0.5176074504852295,1
0.40219205617904663,1
0.4180024266242981,1
0.3721632659435272,1
0.3902773857116699,1
0.3596571087837219,1
0.36092913150787354,1
0.3148590624332428,1
0.3498345613479614,1
0.4062768220901489,1
0.4123085141181946,1
0.4524661898612976,1
0.31588777899742126,1
0.4428699016571045,1
0.4551316499710083,1
0.3746846318244934,1
0.3387089967727661,1
0.39336246252059937,1
0.43001261353492737,1
0.4862724542617798,1
0.46466517448425293,1
0.46591418981552124,1
0.4186156094074249,1
0.40423280000686646,1
0.47119712829589844,1
0.40522217750549316,1
0.44257065653800964,1
0.38619333505630493,1
0.4382874071598053,1
0.3891485333442688,1
0.4005385935306549,1
0.38296544551849365,1
0.45990097522735596,1
0.46696779131889343,1
0.4805894196033478,1
0.3934657871723175,1
0.445917546749115,1
0.5325115323066711,1
0.45882850885391235,1
0.5400393009185791,1
0.4771369695663452,1
0.3214624524116516,1
0.374382346868515,1
0.38347846269607544,1
0.3892222046852112,1
0.2935214042663574,1
0.5252181887626648,1
0.45584869384765625,1
0.5218941569328308,1
0.35627466440200806,1
0.4568053185939789,1
0.3119440972805023,1
0.4010113477706909,1
0.34580737352371216,1
0.40983062982559204,1
0.2661195695400238,1
0.442909300327301,1
0.39588069915771484,1
0.427345335483551,1
0.36035627126693726,1
0.404273122549057,1
0.4707285165786743,1
0.34798258543014526,1
0.4258154034614563,1
0.4542574882507324,1
0.497173547744751,1
0.3135589063167572,1
0.44771522283554077,1
0.445243239402771,1
0.3845381736755371,1
0.5350496768951416,1
0.4636375904083252,1
0.42079418897628784,1
0.3038175404071808,1
0.335453063249588,1
0.4834761917591095,1
0.5572735071182251,1
0.37624314427375793,1
0.37705695629119873,1
0.4278469979763031,1
0.4332251250743866,1
0.5103656053543091,1
0.3812890350818634,1
0.5847204923629761,1
0.43810516595840454,1
0.4394555687904358,1
0.4772506356239319,1
0.4877874255180359,1
0.35107922554016113,1
0.4297381043434143,1
0.4291622042655945,1
0.39736807346343994,1
0.42518794536590576,1
0.3197545111179352,1
0.3151658773422241,1
0.4542083442211151,1
0.2886756956577301,1
0.46578192710876465,1
0.4341246783733368,1
0.336578369140625,1
0.48232340812683105,1
0.5938440561294556,1
0.4205043911933899,1
0.4470679759979248,1
0.4147666096687317,1
0.5786367058753967,1
0.49723708629608154,1
0.37002798914909363,1
0.37821218371391296,1
0.46443039178848267,1
0.44266074895858765,1
0.45937663316726685,1
0.45662376284599304,1
0.4726303219795227,1
0.36921751499176025,1
0.39420074224472046,1
0.3602568507194519,1
0.4077567756175995,1
0.6227211952209473,1
0.31624531745910645,1
0.3736116290092468,1
0.4610775411128998,1
0.42990753054618835,1
0.3479621708393097,1
0.41195952892303467,1
0.5110988616943359,1
0.42638081312179565,1
0.3634974956512451,1
0.3713870048522949,1
0.3704090714454651,1
0.4130810797214508,1
0.3432999551296234,1
0.37568899989128113,1
0.4882832169532776,1
0.372051477432251,1
0.33719882369041443,1
0.39403629302978516,1
0.4543316662311554,1
0.4168475270271301,1
0.4154970645904541,1
0.44734856486320496,1
0.24858810007572174,1
0.4176293611526489,1
0.3751842975616455,1
0.4191141128540039,1
0.49075761437416077,1
0.5372912883758545,1
0.35017603635787964,1
0.5192619562149048,1
0.4329673945903778,1
0.47241103649139404,1
0.5394284129142761,1
0.3724778890609741,1
0.41036486625671387,1
0.32492795586586,1
0.3895804286003113,1
0.4607868194580078,1
0.3296931982040405,1
0.40107494592666626,1
0.4224758744239807,1
0.4844484329223633,1
0.37759244441986084,1
0.29782021045684814,1
0.3570389151573181,1
0.31822967529296875,1
0.4057449996471405,1
0.34980642795562744,1
0.4924713373184204,1
0.44244542717933655,1
0.4203804135322571,1
0.3374565839767456,1
0.5362677574157715,1
0.3713539242744446,1
0.43422645330429077,1
0.42461299896240234,1
0.4081791341304779,1
0.4798318147659302,1
0.45187947154045105,1
0.4879010319709778,1
0.3149288296699524,1
0.4841286540031433,1
0.37351441383361816,1
0.4138222634792328,1
0.4129481613636017,1
0.33691084384918213,1
0.362912118434906,1
0.3579373061656952,1
0.5143111944198608,1
0.4001431465148926,1
0.3446970582008362,1
0.41706204414367676,1
0.28823864459991455,1
0.3669520616531372,1
0.4834469258785248,1
0.3633190393447876,1
0.3497832417488098,1
0.555882453918457,1
0.34146976470947266,1
0.45738452672958374,1
0.5181113481521606,1
0.47507941722869873,1
0.47991251945495605,1
0.5512417554855347,1
0.4202513098716736,1
0.39555075764656067,1
0.3790323734283447,1
0.38630086183547974,1
0.43036678433418274,1
0.405090868473053,1
0.4170553982257843,1
0.48242074251174927,1
0.4297427237033844,1
0.4584236145019531,1
0.31525298953056335,1
0.4551689028739929,1
0.3911030888557434,1
0.4344867765903473,1
0.33018022775650024,1
0.49795830249786377,1
0.5110905170440674,1
0.3902286887168884,1
0.3735198974609375,1
0.34146806597709656,1
0.3880046010017395,1
0.46249914169311523,1
0.34528595209121704,1
0.3736724853515625,1
0.43433868885040283,1
0.46275797486305237,1
0.36539918184280396,1
0.46599772572517395,1
0.420465886592865,1
0.3852073550224304,1
0.4040856659412384,1
0.43056240677833557,1
0.29629939794540405,1
0.5276151895523071,1
0.42623910307884216,1
0.40116775035858154,1
0.3270173668861389,1
0.4298843443393707,1
0.39628109335899353,1
0.45219454169273376,1
0.32633906602859497,1
0.5554344058036804,1
0.3814485967159271,1
0.38402968645095825,1
0.5078684091567993,1
0.4548109769821167,1
0.39647743105888367,1
0.49477434158325195,1
0.3956723213195801,1
0.34403324127197266,1
0.4170871675014496,1
0.3729749321937561,1
0.4279978275299072,1
0.3632163107395172,1
0.379840224981308,1
0.39705488085746765,1
0.36443567276000977,1
0.3782389461994171,1
0.3846631944179535,1
0.2701795697212219,1
0.42164236307144165,1
0.41606926918029785,1
0.3765680193901062,1
0.41507038474082947,1
0.4338756799697876,1
0.4662327468395233,1
0.3643569350242615,1
0.46658605337142944,1
0.2836168110370636,1
0.4010751247406006,1
0.36574316024780273,1
0.38872724771499634,1
0.4632336497306824,1
0.5078872442245483,1
0.43322789669036865,1
0.5203399658203125,1
0.3744122087955475,1
0.44693994522094727,1
0.46864455938339233,1
0.3916507363319397,1
0.5385513305664063,1
0.5187139511108398,1
0.5022233128547668,1
0.4038451015949249,1
0.42571496963500977,1
0.40882670879364014,1
0.33413416147232056,1
0.5119718313217163,1
0.4167085886001587,1
0.4252450466156006,1
0.3443746864795685,1
0.28648775815963745,1
0.4790768027305603,1
0.39244961738586426,1
0.45202237367630005,1
0.4352792501449585,1
0.5456771850585938,1
0.5168639421463013,1
0.508507490158081,1
0.3078850507736206,1
0.43696630001068115,1
0.39575129747390747,1
0.39007696509361267,1
0.39249828457832336,1
0.34547334909439087,1
0.46427738666534424,1
0.3440636992454529,1
0.4048687219619751,1
0.4266398847103119,1
0.515627920627594,1
0.3116321265697479,1
0.41845470666885376,1
0.4387087821960449,1
0.4001504182815552,1
0.406044602394104,1
0.4622810482978821,1
0.4609246850013733,1
0.3514549732208252,1
0.4349789023399353,1
0.4195331335067749,1
0.3435673713684082,1
0.4554619789123535,1
0.4295099079608917,1
0.38582682609558105,1
0.41519203782081604,1
0.5146687030792236,1
0.43029534816741943,1
0.367337167263031,1
0.3931829333305359,1
0.3945032060146332,1
0.3734555244445801,1
0.35441485047340393,1
0.3314800262451172,1
0.4433472454547882,1
0.3172183930873871,1
0.43285033106803894,1
0.31622451543807983,1
0.4055238664150238,1
0.3709299564361572,1
0.3995063900947571,1
0.4119952917098999,1
0.4091121554374695,1
0.3371801972389221,1
0.34993964433670044,1
0.3677544891834259,1
0.3771635591983795,1
0.4371119737625122,1
0.36584359407424927,1
0.4420821964740753,1
0.42767202854156494,1
0.4812690019607544,1
0.35237979888916016,1
0.4744780659675598,1
0.5248751640319824,1
0.4698994755744934,1
0.4892542362213135,1
0.4301205277442932,1
0.49458515644073486,1
0.32387974858283997,1
0.4259786009788513,1
0.5086459517478943,1
0.38252580165863037,1
0.3595360219478607,1
0.4590194821357727,1
0.41587045788764954,1
0.4113612473011017,1
0.4052415192127228,1
0.3875548839569092,1
0.4556416869163513,1
0.39633673429489136,1
0.4440584182739258,1
0.45366424322128296,1
0.37584540247917175,1
0.3745848834514618,1
0.43181005120277405,1
0.4184967577457428,1
0.4255818724632263,1
0.4456315338611603,1
0.45719918608665466,1
0.3235257565975189,1
0.43053191900253296,1
0.5733022093772888,1
0.4799758791923523,1
0.42628204822540283,1
0.35952675342559814,1
0.41743558645248413,1
0.33870816230773926,1
0.356812059879303,1
0.4339919686317444,1
0.4249822497367859,1
0.462524950504303,1
0.3006793260574341,1
0.4640410542488098,1
0.3502940237522125,1
0.33024924993515015,1
0.5289319157600403,1
0.3815373182296753,1
0.3771958649158478,1
0.329195499420166,1
0.33947163820266724,1
0.38403335213661194,1
0.4410995841026306,1
0.4578821063041687,1
0.3418927788734436,1
0.41572386026382446,1
0.4387432038784027,1
0.3857590854167938,1
0.3838232159614563,1
0.47649043798446655,1
0.40902286767959595,1
0.43682995438575745,1
0.40724247694015503,1
0.4949513077735901,1
0.3923908472061157,1
0.381530225276947,1
0.3865780830383301,1
0.34255707263946533,1
0.3731299638748169,1
0.33863383531570435,1
0.4271296262741089,1
0.5015917420387268,1
0.3858051300048828,1
0.42168304324150085,1
0.3769327402114868,1
0.3962220549583435,1
0.4268162250518799,1
0.5210534930229187,1
0.36464226245880127,1
0.4036210775375366,1
0.4357824921607971,1
0.3910647928714752,1
0.46882423758506775,1
0.3721388578414917,1
0.3666112422943115,1
0.4201368987560272,1
0.45890843868255615,1
0.2712051272392273,1
0.3520700931549072,1
0.6685951948165894,1
0.28761550784111023,1
0.3836926221847534,1
0.39790940284729004,1
0.4167380928993225,1
0.37118402123451233,1
0.3335893452167511,1
0.3758202791213989,1
0.4666704833507538,1
0.38073819875717163,1
0.47970646619796753,1
0.48600274324417114,1
0.40570732951164246,1
0.3627147972583771,1
0.3913704752922058,1
0.344674676656723,1
0.3839666247367859,1
0.4776345193386078,1
0.44072648882865906,1
0.3388715386390686,1
0.4458765983581543,1
0.471397340297699,1
0.4176194369792938,1
0.5395039916038513,1
0.4972635805606842,1
0.2530940771102905,1
0.4598948657512665,1
0.3248911499977112,1
0.39989393949508667,1
0.36474525928497314,1
0.3858402967453003,1
0.4122425615787506,1
0.4154791831970215,1
0.4762870669364929,1
0.3179748058319092,1
0.3071393370628357,1
0.4092165231704712,1
0.45187637209892273,1
0.3856792151927948,1
0.5393753051757813,1
0.3495972752571106,1
0.504807710647583,1
0.34898480772972107,1
0.3858983516693115,1
0.5116404891014099,1
0.4408929944038391,1
0.44918709993362427,1
0.5280880928039551,1
0.5680937767028809,1
0.4152199923992157,1
0.3401604890823364,1
0.5400208234786987,1
0.3885481357574463,1
0.4463624358177185,1
0.4236457645893097,1
0.4078197479248047,1
0.4082251191139221,1
0.35181504487991333,1
0.3766510486602783,1
0.4937317371368408,1
0.43302375078201294,1
0.43904075026512146,1
0.4112212061882019,1
0.2782984972000122,1
0.5041818618774414,1
0.442557156085968,1
0.48301759362220764,1
0.35639089345932007,1
0.4164949357509613,1
0.33662810921669006,1
0.41279876232147217,1
0.3835265338420868,1
0.38475286960601807,1
0.6006355881690979,1
0.3398445248603821,1
0.396439790725708,1
0.5439253449440002,1
0.49268174171447754,1
0.40791088342666626,1
0.4692056477069855,1
0.4515664875507355,1
0.38180404901504517,1
0.3752526044845581,1
0.3909822106361389,1
0.4088330864906311,1
0.39604759216308594,1
0.44448643922805786,1
0.395515501499176,1
0.40538695454597473,1
0.4654961824417114,1
0.4704764485359192,1
0.4668635129928589,1
0.38890546560287476,1
0.47762995958328247,1
0.39471447467803955,1
0.2966926395893097,1
0.44698816537857056,1
0.4796188175678253,1
0.744712233543396,1
0.5178965330123901,1
0.32556644082069397,1
0.43832194805145264,1
0.44954854249954224,1
0.4752974212169647,1
0.44493362307548523,1
0.4842788279056549,1
0.41339927911758423,1
0.36844107508659363,1
0.5853055715560913,1
0.37386608123779297,1
0.3421398401260376,1
0.3945077061653137,1
0.3748253881931305,1
0.41416215896606445,1
0.4347454905509949,1
0.3621578812599182,1
0.47683805227279663,1
0.43243539333343506,1
0.47267547249794006,1
0.44704657793045044,1
0.3964627981185913,1
0.3152028024196625,1
0.43535497784614563,1
0.29798421263694763,1
0.3746146857738495,1
0.33920812606811523,1
0.4539072513580322,1
0.39043888449668884,1
0.3940662145614624,1
0.3998270630836487,1
0.3716614246368408,1
0.38461047410964966,1
0.409697562456131,1
0.38717561960220337,1
0.4093013405799866,1
0.3835495412349701,1
0.3628486394882202,1
0.41694220900535583,1
0.41013622283935547,1
0.4559147357940674,1
0.31476354598999023,1
0.4714198112487793,1
0.4161810874938965,1
0.39201462268829346,1
0.39878958463668823,1
0.4535345435142517,1
0.4443509876728058,1
0.49144309759140015,1
0.41938942670822144,1
0.45975154638290405,1
0.42709317803382874,1
0.4086453318595886,1
0.3995535373687744,1
0.40906840562820435,1
0.46804773807525635,1
0.4428209066390991,1
0.4623185992240906,1
0.3834369480609894,1
0.4361651837825775,1
0.4907301664352417,1
0.4235609769821167,1
0.4007985591888428,1
0.5518585443496704,1
0.3482387661933899,1
0.4505787789821625,1
0.37289589643478394,1
0.537114143371582,1
0.4573643207550049,1
0.3865610957145691,1
0.44551706314086914,1
0.35013434290885925,1
0.45650842785835266,1
0.35467278957366943,1
0.47865134477615356,1
0.3945639729499817,1
0.29837989807128906,1
0.3772646188735962,1
0.3699077367782593,1
0.43368569016456604,1
0.44571736454963684,1
0.3565472364425659,1
0.5164015293121338,1
0.3841931223869324,1
0.3533239960670471,1
0.39421671628952026,1
0.42491117119789124,1
0.4888961613178253,1
0.31062591075897217,1
0.42767494916915894,1
0.29394495487213135,1
0.4413442015647888,1
0.41552942991256714,1
0.4070954918861389,1
0.3936278820037842,1
0.42373886704444885,1
0.3720940947532654,1
0.508709192276001,1
0.3692432940006256,1
0.382734477519989,1
0.4801904559135437,1
0.48065125942230225,1
0.42511019110679626,1
0.4700390100479126,1
0.39351731538772583,1
0.4496769905090332,1
0.42369702458381653,1
0.42419955134391785,1
0.41491198539733887,1
0.42139357328414917,1
0.41983792185783386,1
0.4676564633846283,1
0.4431133270263672,1
0.6058265566825867,1
0.377794086933136,1
0.4370681643486023,1
0.424501895904541,1
0.43923693895339966,1
0.46382126212120056,1
0.47908416390419006,1
0.32490837574005127,1
0.3816601037979126,1
0.3326120972633362,1
0.37328311800956726,1
0.38379013538360596,1
0.30887168645858765,1
0.3604036867618561,1
0.5157976150512695,1
0.5076978206634521,1
0.3632051348686218,1
0.40803027153015137,1
0.5200247168540955,1
0.5434796810150146,1
0.34214648604393005,1
0.42353206872940063,1
0.4460955560207367,1
0.33987945318222046,1
0.3557590842247009,1
0.39490577578544617,1
0.4531341791152954,1
0.47019457817077637,1
0.3878282904624939,1
0.3188369572162628,1
0.3967497944831848,1
0.4372926354408264,1
0.40330255031585693,1
0.3087729811668396,1
0.36202752590179443,1
0.35703304409980774,1
0.37138649821281433,1
0.3776818513870239,1
0.5106427669525146,1
0.4575807452201843,1
0.46812111139297485,1
0.3845529556274414,1
0.4857493042945862,1
0.4530869126319885,1
0.4859044551849365,1
0.4697082042694092,1
0.3924216628074646,1
0.4601762890815735,1
0.4157959520816803,1
0.35979485511779785,1
0.48198169469833374,1
0.3081246614456177,1
0.5179555416107178,1
0.3645752966403961,1
0.4099290072917938,1
0.4277888536453247,1
0.44101059436798096,1
0.36737343668937683,1
0.3754871189594269,1
0.3811511993408203,1
0.4170864522457123,1
0.4712356925010681,1
0.3310689330101013,1
0.4606974720954895,1
0.41816675662994385,1
0.40830564498901367,1
0.3939061164855957,1
0.402646541595459,1
0.4083772599697113,1
0.4456974267959595,1
0.37536025047302246,1
0.4372103214263916,1
0.3885434567928314,1
0.4211224615573883,1
0.39111417531967163,1
0.42428308725357056,1
0.42067524790763855,1
0.5680607557296753,1
0.4393935203552246,1
0.41432255506515503,1
0.4631092846393585,1
0.42423906922340393,1
0.4451182186603546,1
0.28607243299484253,1
0.5135677456855774,1
0.42658859491348267,1
0.6523604393005371,1
0.3902539610862732,1
0.44932273030281067,1
0.4856263995170593,1
0.4778733253479004,1
0.36033695936203003,1
0.46867918968200684,1
0.4095972776412964,1
0.5127581357955933,1
0.5340479612350464,1
0.4526559114456177,1
0.3337460160255432,1
0.4528271555900574,1
0.44543084502220154,1
0.40368515253067017,1
0.32493776082992554,1
0.46140432357788086,1
0.3366435766220093,1
0.30596113204956055,1
0.4886084496974945,1
0.425906777381897,1
0.4290214776992798,1
0.4554010331630707,1
0.4059586822986603,1
0.4266367554664612,1
0.48293131589889526,1
0.39391064643859863,1
0.4115760326385498,1
0.39160338044166565,1
0.5111013650894165,1
0.44786757230758667,1
0.3301733732223511,1
0.5368395447731018,1
0.47028645873069763,1
0.37453243136405945,1
0.2964782118797302,1
0.4014589190483093,1
0.4962610602378845,1
0.3553369641304016,1
0.30635881423950195,1
0.389570951461792,1
0.37917360663414,1
0.43891915678977966,1
0.41325318813323975,1
0.4187256097793579,1
0.44201570749282837,1
0.46690964698791504,1
0.3766826093196869,1
0.3711244463920593,1
0.5460920333862305,1
0.41778796911239624,1
0.5537487268447876,1
0.413336843252182,1
0.4367135465145111,1
0.3960856795310974,1
0.619394838809967,1
0.3105781674385071,1
0.5530495643615723,1
0.36071574687957764,1
0.4704700708389282,1
0.47783389687538147,1
0.41245201230049133,1
0.33020737767219543,1
0.3837357461452484,1
0.4092976450920105,1
0.3362642526626587,1
0.4260305166244507,1
0.4733389914035797,1
0.456216961145401,1
0.4084632098674774,1
0.3646647036075592,1
0.38130247592926025,1
0.40578532218933105,1
0.3500896394252777,1
0.4902380704879761,1
0.3866931200027466,1
0.42289337515830994,1
0.47677379846572876,1
0.43567919731140137,1
0.32132959365844727,1
0.4703499674797058,1
0.40166646242141724,1
0.43385326862335205,1
0.38419413566589355,1
0.35094910860061646,1
0.5238415002822876,1
0.3595331907272339,1
0.40959447622299194,1
0.4734356999397278,1
0.43735837936401367,1
0.48141396045684814,1
0.47374629974365234,1
0.3811107277870178,1
0.404524564743042,1
0.4344673752784729,1
0.37708666920661926,1
0.33837735652923584,1
0.29356443881988525,1
0.41972655057907104,1
0.4203351140022278,1
0.46138280630111694,1
0.4244586229324341,1
0.47618842124938965,1
0.44041189551353455,1
0.3786948323249817,1
0.45346906781196594,1
0.42069241404533386,1
0.4555007219314575,1
0.35831218957901,1
0.3699650764465332,1
0.36872050166130066,1
0.374941349029541,1
0.360568106174469,1
0.41666939854621887,1
0.321109801530838,1
0.49362143874168396,1
0.4988829493522644,1
0.4586637616157532,1
0.5792179107666016,1
0.3988175392150879,1
0.3302447497844696,1
0.3496040999889374,1
0.6000309586524963,1
0.530803918838501,1
0.4098961651325226,1
0.3812287151813507,1
0.36425578594207764,1
0.34315818548202515,1
0.4986318349838257,1
0.357716828584671,1
0.42104029655456543,1
0.38704127073287964,1
0.2816174328327179,1
0.45452260971069336,1
0.40863239765167236,1
0.30670201778411865,1
0.34577077627182007,1
0.4408853054046631,1
0.2862006723880768,1
0.3301628828048706,1
0.4140303432941437,1
0.331412136554718,1
0.4591673016548157,1
0.4125761091709137,1
0.4624723792076111,1
0.7138099670410156,1
0.4842795729637146,1
0.4341772198677063,1
0.5618399381637573,1
0.3781035244464874,1
0.4348323345184326,1
0.3086216449737549,1
0.41733676195144653,1
0.3715205192565918,1
0.47981828451156616,1
0.3877788484096527,1
0.5009232759475708,1
0.45098307728767395,1
0.46044716238975525,1
0.450263112783432,1
0.4596274495124817,1
0.3605137765407562,1
0.4687018394470215,1
0.42203474044799805,1
0.4634944796562195,1
0.41635003685951233,1
0.4012582302093506,1
0.45051753520965576,1
0.5526033639907837,1
0.3401584327220917,1
0.47293537855148315,1
0.40576061606407166,1
0.4323270916938782,1
0.35322362184524536,1
0.5184417366981506,1
0.5305773019790649,1
0.35198813676834106,1
0.2949286997318268,1
0.3701869249343872,1
0.46430009603500366,1
0.3733334541320801,1
0.4142988920211792,1
0.4511517882347107,1
0.5682076811790466,1
0.49032536149024963,1
0.2711234986782074,1
0.42863816022872925,1
0.4854620695114136,1
0.3366534411907196,1
0.3619195818901062,1
0.4347567558288574,1
0.4118198752403259,1
0.42556217312812805,1
0.4140549302101135,1
0.25139930844306946,1
0.40155690908432007,1
0.4736872911453247,1
0.3371245861053467,1
0.3900716304779053,1
0.4125693440437317,1
0.4324781000614166,1
0.3629727065563202,1
0.5277485847473145,1
0.4094317555427551,1
0.5058475732803345,1
0.5201820135116577,1
0.3732646703720093,1
0.31078094244003296,1
0.46241283416748047,1
0.5935632586479187,1
0.4392297863960266,1
0.40348413586616516,1
0.4331393837928772,1
0.386445015668869,1
0.39745625853538513,1
0.37585899233818054,1
0.3882545530796051,1
0.5345367193222046,1
0.4275206923484802,1
0.4485923945903778,1
0.4756462574005127,1
0.42977404594421387,1
0.42187318205833435,1
0.42310333251953125,1
0.48213839530944824,1
0.35399213433265686,1
0.39476561546325684,1
0.4069420397281647,1
0.435360848903656,1
0.4490503668785095,1
0.5000762939453125,1
0.3710615038871765,1
0.3386538028717041,1
0.5062158703804016,1
0.48573577404022217,1
0.47740453481674194,1
0.34574583172798157,1
0.3804134428501129,1
0.42928850650787354,1
0.34177958965301514,1
0.47438541054725647,1
0.38019102811813354,1
0.47848254442214966,1
0.2683345675468445,1
0.41463297605514526,1
0.4105567932128906,1
0.40779462456703186,1
0.4093528687953949,1
0.4299425482749939,1
0.2594398856163025,1
0.3861999213695526,1
0.36229759454727173,1
0.4458155930042267,1
0.47835052013397217,1
0.4306691288948059,1
0.3807721734046936,1
0.4387221038341522,1
0.33311906456947327,1
0.4680987596511841,1
0.4186440110206604,1
0.42872145771980286,1
0.4669436812400818,1
0.44732946157455444,1
0.38100719451904297,1
0.43301665782928467,1
0.35406139492988586,1
0.36555400490760803,1
0.3639824688434601,1
0.4098507761955261,1
0.5372896790504456,1
0.39497384428977966,1
0.39822107553482056,1
0.42153990268707275,1
0.41711533069610596,1
0.427741676568985,1
0.3654060363769531,1
0.40376871824264526,1
0.33096063137054443,1
0.401730477809906,1
0.4466903805732727,1
0.36389318108558655,1
0.39103877544403076,1
0.42591771483421326,1
0.3304811120033264,1
0.33837568759918213,1
0.3436048626899719,1
0.5589013695716858,1
0.3695962727069855,1
0.27598682045936584,1
0.4581470489501953,1
0.3977920114994049,1
0.42676565051078796,1
0.4791381359100342,1
0.37178921699523926,1
0.34582531452178955,1
0.3425034284591675,1
0.45058512687683105,1
0.402864009141922,1
0.4983412027359009,1
0.4621649980545044,1
0.3551405668258667,1
0.4602125585079193,1
0.31380900740623474,1
0.43649378418922424,1
0.3303319215774536,1
0.4060472548007965,1
0.45773041248321533,1
0.4578559994697571,1
0.47234439849853516,1
0.40464186668395996,1
0.4504215121269226,1
0.49875563383102417,1
0.3674987554550171,1
0.5594216585159302,1
0.3606756329536438,1
0.3687083125114441,1
0.3846226632595062,1
0.47926634550094604,1
0.33338379859924316,1
0.44420135021209717,1
0.4803431034088135,1
0.4088432788848877,1
0.4276176691055298,1
0.462202787399292,1
0.5339826941490173,1
0.4777352809906006,1
0.4737565219402313,1
0.4522143602371216,1
0.4979437291622162,1
0.37010642886161804,1
0.4867497980594635,1
0.4651873707771301,1
0.4430316388607025,1
0.3654443621635437,1
0.41767609119415283,1
0.3458189070224762,1
0.3964117765426636,1
0.39378947019577026,1
0.3986304998397827,1
0.4370627999305725,1
0.4235363006591797,1
0.40102139115333557,1
0.5546302795410156,1
0.38697803020477295,1
0.4857122302055359,1
0.4530993103981018,1
0.5848031640052795,1
0.45142486691474915,1
0.34795624017715454,1
0.3920055329799652,1
0.46237242221832275,1
0.3842538595199585,1
0.44855964183807373,1
0.5112217664718628,1
0.4845207929611206,1
0.47356629371643066,1
0.4097524881362915,1
0.4454413652420044,1
0.37871214747428894,1
0.4824516177177429,1
0.4321315884590149,1
0.3787779211997986,1
0.40523797273635864,1
0.4106132686138153,1
0.5449995398521423,1
0.4584300220012665,1
0.5434268712997437,1
0.37331101298332214,1
0.4742767810821533,1
0.48555490374565125,1
0.47288915514945984,1
0.3892345726490021,1
0.41668248176574707,1
0.39757928252220154,1
0.3447292447090149,1
0.4996422529220581,1
0.46607911586761475,1
0.514906644821167,1
0.4841483235359192,1
0.43988236784935,1
0.491029292345047,1
0.37844330072402954,1
0.48331642150878906,1
0.45021283626556396,1
0.4520607888698578,1
0.41028594970703125,1
0.43672293424606323,1
0.4425148367881775,1
0.4312739968299866,1
0.4999525249004364,1
0.4683084189891815,1
0.512897789478302,1
0.39746588468551636,1
0.43350160121917725,1
0.5514858365058899,1
0.35923531651496887,1
0.3587200343608856,1
0.4341140389442444,1
0.4675607681274414,1
0.4796457886695862,1
0.400106817483902,1
0.42187362909317017,1
0.38654714822769165,1
0.45668941736221313,1
0.40268537402153015,1
0.3747449517250061,1
0.30889463424682617,1
0.4683762490749359,1
0.39164626598358154,1
0.5250465273857117,1
0.3967767655849457,1
0.43772023916244507,1
0.44348567724227905,1
0.34512877464294434,1
0.4377377927303314,1
0.36771923303604126,1
0.3762064576148987,1
0.3205914795398712,1
0.37966999411582947,1
0.43227964639663696,1
0.4077613949775696,1
0.3655589818954468,1
0.3928939700126648,1
0.5076647996902466,1
0.3824510872364044,1
0.43941229581832886,1
0.3968838155269623,1
0.5185480117797852,1
0.41725480556488037,1
0.4217173159122467,1
0.44549107551574707,1
0.36908823251724243,1
0.40985196828842163,1
0.4523872137069702,1
0.47091376781463623,1
0.4117421805858612,1
0.4779481589794159,1
0.524564802646637,1
0.3554414212703705,1
0.4284519553184509,1
0.4465599060058594,1
0.34343892335891724,1
0.37442469596862793,1
0.5786522030830383,1
0.39731842279434204,1
0.35861197113990784,1
0.43435877561569214,1
0.5542036890983582,1
0.512900710105896,1
0.5683234930038452,1
0.49464359879493713,1
0.3646366000175476,1
0.3214590549468994,1
0.35182273387908936,1
0.3414740264415741,1
0.3775956928730011,1
0.4261719286441803,1
0.44832295179367065,1
0.3946302533149719,1
0.354969322681427,1
0.44865673780441284,1
0.39741548895835876,1
0.43757593631744385,1
0.3129819929599762,1
0.3454012870788574,1
0.4058665931224823,1
0.3558191657066345,1
0.32269710302352905,1
0.3903149664402008,1
0.3424423336982727,1
0.4838641285896301,1
0.46873408555984497,1
0.49991375207901,1
0.3682941198348999,1
0.3721180558204651,1
0.27526843547821045,1
0.4429515600204468,1
0.23361371457576752,1
0.4029874801635742,1
0.4562641382217407,1
0.29699623584747314,1
0.542543888092041,1
0.41226595640182495,1
0.3856777250766754,1
0.4120284616947174,1
0.3708815276622772,1
0.48419874906539917,1
0.40720102190971375,1
0.3818787932395935,1
0.4396270513534546,1
0.3300701677799225,1
0.4549086391925812,1
0.40358206629753113,1
0.4406532049179077,1
0.6595181822776794,1
0.33524858951568604,1
0.3809554874897003,1
0.40636909008026123,1
0.4460790157318115,1
0.5384624600410461,1
0.36852967739105225,1
0.30041202902793884,1
0.45755380392074585,1
0.40368518233299255,1
0.444426566362381,1
0.4219917058944702,1
0.3819422721862793,1
0.3431880474090576,1
0.37099310755729675,1
0.2580287754535675,1
0.3526611030101776,1
0.3712767958641052,1
0.41510438919067383,1
0.4996182918548584,1
0.3879147171974182,1
0.48268237709999084,1
0.43960267305374146,1
0.3454433083534241,1
0.43939271569252014,1
0.4331263303756714,1
0.39071914553642273,1
0.3699711561203003,1
0.4038926959037781,1
0.5416648983955383,1
0.4926740229129791,1
0.3823756277561188,1
0.4124813973903656,1
0.40457576513290405,1
0.32725560665130615,1
0.348188191652298,1
0.3220464289188385,1
0.3981526792049408,1
0.37209373712539673,1
0.4767584204673767,1
0.4545815587043762,1
0.42381975054740906,1
0.32726356387138367,1
0.40587908029556274,1
0.3724479377269745,1
0.4047853946685791,1
0.3632087707519531,1
0.4499953091144562,1
0.4025101065635681,1
0.35640576481819153,1
0.4252181351184845,1
0.379643976688385,1
0.31484460830688477,1
0.35269445180892944,1
0.4282350242137909,1
0.41250884532928467,1
0.3364475965499878,1
0.35045313835144043,1
0.430977463722229,1
0.48806557059288025,1
0.33419257402420044,1
0.44121310114860535,1
0.404590368270874,1
0.38628801703453064,1
0.2897142767906189,1
0.46919047832489014,1
0.44783762097358704,1
0.4647561311721802,1
0.4323957562446594,1
0.4278572201728821,1
0.44539812207221985,1
0.3953416347503662,1
0.3832184076309204,1
0.4084336757659912,1
0.3753448724746704,1
0.5352592468261719,1
0.32187849283218384,1
0.38915717601776123,1
0.36565256118774414,1
0.37715208530426025,1
0.48809897899627686,1
0.5104008913040161,1
0.4169045686721802,1
0.4007405638694763,1
0.395844966173172,1
0.36139070987701416,1
0.3386598229408264,1
0.5748376250267029,1
0.484890341758728,1
0.4148528277873993,1
0.4168434739112854,1
0.35293781757354736,1
0.3691575229167938,1
0.45990997552871704,1
0.44411519169807434,1
0.37767285108566284,1
0.36470043659210205,1
0.4014386832714081,1
0.4786848723888397,1
0.47216367721557617,1
0.5324272513389587,1
0.40216028690338135,1
0.54298996925354,1
0.4088042974472046,1
0.3559267818927765,1
0.5350539088249207,1
0.4963991641998291,1
0.45767465233802795,1
0.42922937870025635,1
0.40178582072257996,1
0.4872902035713196,1
0.5631896257400513,1
0.46216773986816406,1
0.3478737473487854,1
0.3914152979850769,1
0.418295681476593,1
0.35213345289230347,1
0.5038792490959167,1
0.4025222063064575,1
0.3753661513328552,1
0.4148101210594177,1
0.47452718019485474,1
0.3244440257549286,1
0.3979606330394745,1
0.44183018803596497,1
0.3305996060371399,1
0.5672754049301147,1
0.43982937932014465,1
0.4419756531715393,1
0.37447410821914673,1
0.357987642288208,1
0.3932241201400757,1
0.3396889269351959,1
0.3635275661945343,1
0.46091461181640625,1
0.5009655952453613,1
0.5027316808700562,1
0.4868033528327942,1
0.29820168018341064,1
0.51329505443573,1
0.3103850483894348,1
0.48965218663215637,1
0.42867058515548706,1
0.40309056639671326,1
0.2835967540740967,1
0.5452451705932617,1
0.527039647102356,1
0.442169189453125,1
0.4415056109428406,1
0.36812877655029297,1
0.3792981505393982,1
0.44400009512901306,1
0.451751172542572,1
0.5831639170646667,1
0.4895511269569397,1
0.35517942905426025,1
0.624482274055481,1
0.4653283357620239,1
0.40880849957466125,1
0.2931557893753052,1
0.539849579334259,1
0.42161697149276733,1
0.42064976692199707,1
0.3793276846408844,1
0.38937151432037354,1
0.5130264759063721,1
0.5190407037734985,1
0.5737397074699402,1
0.28246304392814636,1
0.37060433626174927,1
0.3552963137626648,1
0.3998674154281616,1
0.3758566379547119,1
0.42494022846221924,1
0.40086841583251953,1
0.4736214578151703,1
0.3638025224208832,1
0.3869816064834595,1
0.5060818195343018,1
0.33951449394226074,1
0.3059663772583008,1
0.43602192401885986,1
0.34597402811050415,1
0.3552020788192749,1
0.44334036111831665,1
0.39517420530319214,1
0.368625283241272,1
0.4242859482765198,1
0.3949505090713501,1
0.40062522888183594,1
0.3906637132167816,1
0.2331400364637375,1
0.5366470217704773,1
0.3899802267551422,1
0.4596750736236572,1
0.3783595561981201,1
0.3807041049003601,1
0.4272785782814026,1
0.3841157555580139,1
0.44407394528388977,1
0.43640565872192383,1
0.44657132029533386,1
0.4624245762825012,1
0.3211793601512909,1
0.3878169059753418,1
0.3758848309516907,1
0.49907368421554565,1
0.42548564076423645,1
0.4180823862552643,1
0.35696834325790405,1
0.4718741774559021,1
0.4986242353916168,1
0.44896745681762695,1
0.39500901103019714,1
0.35364335775375366,1
0.42254671454429626,1
0.4439486265182495,1
0.3765019476413727,1
0.4448484182357788,1
0.3433302640914917,1
0.35767170786857605,1
0.31862133741378784,1
0.35311514139175415,1
0.36522436141967773,1
0.43453723192214966,1
0.4211297035217285,1
0.4501928687095642,1
0.3703382611274719,1
0.45138609409332275,1
0.3998880386352539,1
0.48654136061668396,1
0.3952586352825165,1
0.43079113960266113,1
0.5031746625900269,1
0.3546707034111023,1
0.31186291575431824,1
0.39158761501312256,1
0.5005362033843994,1
0.3888823688030243,1
0.4886307716369629,1
0.3955569863319397,1
0.26940685510635376,1
0.48175227642059326,1
0.4479275047779083,1
0.4221250116825104,1
0.3854772448539734,1
0.37703555822372437,1
0.4290546178817749,1
0.43614745140075684,1
0.5084253549575806,1
0.39031317830085754,1
0.2988327443599701,1
0.41170501708984375,1
0.442613422870636,1
0.28001105785369873,1
0.5931581258773804,1
0.34688490629196167,1
0.5280984044075012,1
0.47105732560157776,1
0.26579922437667847,1
0.4944743514060974,1
0.4500465393066406,1
0.2944643795490265,1
0.435380220413208,1
0.4826415479183197,1
0.41468381881713867,1
0.41827553510665894,1
0.2958381772041321,1
0.3427841067314148,1
0.32227766513824463,1
0.40253716707229614,1
0.38634610176086426,1
0.5052309036254883,1
0.47208383679389954,1
0.5324079990386963,1
0.4304945468902588,1
0.37986981868743896,1
0.392902135848999,1
0.3213830590248108,1
0.3624906837940216,1
0.2929522395133972,1
0.4712926745414734,1
0.5228819251060486,1
0.41774117946624756,1
0.5192652940750122,1
0.4240197241306305,1
0.5055973529815674,1
0.3876309394836426,1
0.43594780564308167,1
0.4072154462337494,1
0.3364083170890808,1
0.4672614336013794,1
0.41434043645858765,1
0.3514277935028076,1
0.4298630952835083,1
0.41029977798461914,1
0.44980597496032715,1
0.44505900144577026,1
0.3243597149848938,1
0.38934624195098877,1
0.43405720591545105,1
0.49278193712234497,1
0.3204130232334137,1
0.40391093492507935,1
0.42170798778533936,1
0.3578798770904541,1
0.5219578742980957,1
0.3729568421840668,1
0.39181360602378845,1
0.4849066734313965,1
0.441037118434906,1
0.263147234916687,1
0.37845122814178467,1
0.4392571449279785,1
0.4278414249420166,1
0.33323508501052856,1
0.5086937546730042,1
0.30492573976516724,1
0.39623215794563293,1
0.6032052040100098,1
0.34050410985946655,1
0.47838664054870605,1
0.2786695957183838,1
0.3252524733543396,1
0.4270642101764679,1
0.43326079845428467,1
0.4033103287220001,1
0.4499285817146301,1
0.2726549506187439,1
0.42231887578964233,1
0.4329099953174591,1
0.3845459818840027,1
0.463081419467926,1
0.33399316668510437,1
0.5134682059288025,1
0.3883945345878601,1
0.3285480737686157,1
0.46778324246406555,1
0.3233063220977783,1
0.4360511898994446,1
0.40712079405784607,1
0.3798370957374573,1
0.38130083680152893,1
0.4154329299926758,1
0.3641955554485321,1
0.39432770013809204,1
0.4010246992111206,1
0.3301028311252594,1
0.44256827235221863,1
0.3741515874862671,1
0.48580819368362427,1
0.47493159770965576,1
0.4610763490200043,1
0.548480212688446,1
0.4636526107788086,1
0.4124043583869934,1
0.488055944442749,1
0.43331894278526306,1
0.4400247037410736,1
0.436095654964447,1
0.4748814105987549,1
0.31530123949050903,1
0.4034816026687622,1
0.389751136302948,1
0.4236203730106354,1
0.40259385108947754,1
0.5298717617988586,1
0.4863183796405792,1
0.3506827652454376,1
0.3860154151916504,1
0.37441936135292053,1
0.4663858115673065,1
0.3625272512435913,1
0.4503213167190552,1
0.4573631286621094,1
0.4303681552410126,1
0.3743937909603119,1
0.3984411358833313,1
0.387824147939682,1
0.4121358394622803,1
0.3652249276638031,1
0.3643138110637665,1
0.42672833800315857,1
0.5823313593864441,1
0.4329829812049866,1
0.47307729721069336,1
0.3108408749103546,1
0.4940847158432007,1
0.459089070558548,1
0.4436149299144745,1
0.40818870067596436,1
0.35497504472732544,1
0.46013331413269043,1
0.403016597032547,1
0.36164480447769165,1
0.30642586946487427,1
0.31027597188949585,1
0.4218983054161072,1
0.4304455518722534,1
0.4975825250148773,1
0.5372804403305054,1
0.4470454156398773,1
0.40194275975227356,1
0.38798120617866516,1
0.40252798795700073,1
0.33134880661964417,1
0.4835737347602844,1
0.3949326276779175,1
0.42469921708106995,1
0.5011821389198303,1
0.4289853572845459,1
0.38267937302589417,1
0.45511487126350403,1
0.3968995213508606,1
0.5163568258285522,1
0.5631718039512634,1
0.44790855050086975,1
0.5224953889846802,1
0.4222473204135895,1
0.5015998482704163,1
0.4213811457157135,1
0.4821641445159912,1
0.400722473859787,1
